{"type": "FeatureCollection", "features": [{"type": "Feature", "geometry": {"type": "Polygon", "coordinates": [[[113.99087432323753, 4.79987833083248], [114.00141535063145, 4.814948646469581], [114.01321500290268, 4.843499337079565], [114.021559315033, 4.872050027689548], [114.02114715044655, 4.900600718299532], [114.0176339258642, 4.929151408909515], [114.00989179317823, 4.9577020995195], [113.99087432323753, 4.979677262670713], [113.98412733466566, 4.986252790129483], [113.95994870461905, 5.005127370426504], [113.9435933424098, 4.986252790129483], [113.93703270091237, 4.9577020995195], [113.934730668042, 4.929151408909515], [113.93409625170585, 4.900600718299532], [113.93450919907208, 4.872050027689548], [113.93611624014542, 4.843499337079565], [113.95994870461905, 4.821497082959639], [113.98033329584365, 4.814948646469581], [113.99087432323753, 4.79987833083248]]]}, "properties": {"fillColor": "#8A2BE2", "fillOpacity": 0.7, "color": "#000000", "weight": 0.2, "stroke": false}}, {"type": "Feature", "geometry": {"type": "Polygon", "coordinates": [[[114.98049411902925, 4.896984309497853], [115.01141973764774, 4.887145934603094], [115.04234535626624, 4.873450429479085], [115.07327097488472, 4.8890243705620815], [115.10419659350322, 4.8995154067630695], [115.10584425170518, 4.900600718299532], [115.12490504805683, 4.929151408909515], [115.12442969164522, 4.9577020995195], [115.11233701262175, 4.986252790129483], [115.10419659350322, 4.9930183869777744], [115.07327097488472, 4.998593831805293], [115.04234535626622, 4.99865132871779], [115.01141973764774, 4.990172048970871], [115.00666415669707, 4.986252790129483], [114.98051677094952, 4.9577020995195], [114.98049411902926, 4.957642694213231], [114.97058977092321, 4.929151408909515], [114.97696421349575, 4.900600718299532], [114.98049411902925, 4.896984309497853]]]}, "properties": {"fillColor": "#8A2BE2", "fillOpacity": 0.7, "color": "#000000", "weight": 0.2, "stroke": false}}, {"type": "Feature", "geometry": {"type": "Polygon", "coordinates": [[[114.64031231422584, 4.909243567526685], [114.67123793284435, 4.905100398310554], [114.70216355146283, 4.90668478482471], [114.73308917008133, 4.913192569708315], [114.75039006509658, 4.929151408909515], [114.76401478869981, 4.93474219091746], [114.79494040731831, 4.944726084782655], [114.80899580403083, 4.9577020995195], [114.82586602593682, 4.966832871619582], [114.85169093044736, 4.986252790129482], [114.85679164455527, 4.990717631333039], [114.88035314035676, 5.014803480739467], [114.88771726317378, 5.026626469127046], [114.90319636680668, 5.04335417134945], [114.91781077571439, 5.071904861959434], [114.91864288179227, 5.073410514454137], [114.94291325342304, 5.100455552569418], [114.94956850041078, 5.1097204142610675], [114.96940470012463, 5.1290062431794015], [114.98049411902926, 5.138465974452595], [115.000330762121, 5.157556933789385], [115.01141973764774, 5.169419441481746], [115.02801280396585, 5.1861076243993685], [115.04234535626625, 5.207265801849109], [115.05035279979008, 5.214658315009352], [115.07327097488472, 5.239301813185109], [115.07845309108188, 5.243209005619336], [115.10419659350322, 5.2558776981052375], [115.12643308100843, 5.271759696229319], [115.13512221212171, 5.274663546877514], [115.1660478307402, 5.2992326463898305], [115.16741933760517, 5.300310386839303], [115.1969734493587, 5.310509357333422], [115.21611460654665, 5.328861077449287], [115.22789906797718, 5.340303910031661], [115.24579116029301, 5.35741176805927], [115.25882468659567, 5.380172199487855], [115.26509659607738, 5.385962458669254], [115.28465722503915, 5.414513149279237], [115.28975030521417, 5.431306987420605], [115.30149986283647, 5.443063839889222], [115.31134191767252, 5.471614530499205], [115.3126663135576, 5.500165221109189], [115.30981743485523, 5.528715911719172], [115.2989327210492, 5.557266602329156], [115.28975030521417, 5.569826606389933], [115.28407218354087, 5.58581729293914], [115.26843335328127, 5.614367983549123], [115.25882468659566, 5.631858123373934], [115.25642804801026, 5.642918674159107], [115.24872098165446, 5.671469364769091], [115.23558668207241, 5.700020055379074], [115.22789906797718, 5.713915724232445], [115.22503003482055, 5.728570745989058], [115.21811198810616, 5.757121436599041], [115.1969734493587, 5.7841499908802385], [115.1963406756706, 5.7856721272090255], [115.19258694042685, 5.814222817819009], [115.1969734493587, 5.837989245092925], [115.20046577504507, 5.8427735084289925], [115.2124494497711, 5.871324199038976], [115.21836240612552, 5.8998748896489595], [115.22646350941585, 5.928425580258944], [115.22789906797718, 5.951225486868249], [115.22912837004438, 5.956976270868927], [115.22789906797718, 5.965874439051252], [115.22669604904043, 5.985526961478911], [115.22012312286626, 6.014077652088894], [115.22789906797718, 6.038554961842553], [115.22966884758296, 6.042628342698878], [115.22866424463331, 6.071179033308862], [115.25882468659567, 6.094273588870289], [115.26433170704932, 6.099729723918845], [115.28700229577427, 6.128280414528829], [115.28975030521417, 6.137039099294913], [115.29757738910588, 6.156831105138813], [115.29547309931208, 6.185381795748796], [115.28975030521417, 6.194674052240135], [115.28097594152663, 6.213932486358781], [115.25882468659567, 6.2325281874401055], [115.22789906797718, 6.241989199726916], [115.1969734493587, 6.241424928937577], [115.1660478307402, 6.232288527841817], [115.15124059734977, 6.213932486358781], [115.14814348147512, 6.185381795748796], [115.16319873607104, 6.156831105138812], [115.16604783074018, 6.154200806245807], [115.18008316863892, 6.128280414528829], [115.1969734493587, 6.108752342786433], [115.21089830269993, 6.099729723918845], [115.22722895103372, 6.071179033308863], [115.2146376418149, 6.042628342698878], [115.1969734493587, 6.040649865971735], [115.16604783074018, 6.03032715016743], [115.13512221212171, 6.025443795452567], [115.10419659350322, 6.041537515090733], [115.10349856734892, 6.042628342698878], [115.09193070583382, 6.071179033308862], [115.07327097488472, 6.090891674542371], [115.06913280868477, 6.099729723918845], [115.05591001539003, 6.128280414528829], [115.04734854269803, 6.156831105138813], [115.05992638293412, 6.185381795748796], [115.07144424191958, 6.213932486358781], [115.07327097488472, 6.219566415160515], [115.0911869604945, 6.242483176968763], [115.10419659350322, 6.264069750569188], [115.11137922983167, 6.271033867578748], [115.13512221212171, 6.289647510548587], [115.1458858517727, 6.29958455818873], [115.1660478307402, 6.327774154684703], [115.16643896169418, 6.328135248798715], [115.19155023017353, 6.356685939408698], [115.1969734493587, 6.3692646655374965], [115.21091777055106, 6.385236630018682], [115.22226634648472, 6.413787320628666], [115.22789906797718, 6.427535221680252], [115.24393319585963, 6.4423380112386495], [115.25744414854722, 6.470888701848633], [115.25882468659567, 6.475846976249652], [115.27626042849548, 6.4994393924586165], [115.2861362804004, 6.5279900830686], [115.2887824941855, 6.556540773678584], [115.28975030521417, 6.564844971509859], [115.30027021014229, 6.585091464288567], [115.30223417592227, 6.613642154898551], [115.30065955675605, 6.642192845508535], [115.29652890161893, 6.670743536118518], [115.29008759206309, 6.699294226728503], [115.28975030521417, 6.7009584315444055], [115.2853439837242, 6.727844917338485], [115.28134760326483, 6.75639560794847], [115.27819993409634, 6.784946298558452], [115.27540572816079, 6.813496989168437], [115.27469675596325, 6.84204767977842], [115.28975030521417, 6.8612940695036775], [115.29577398966275, 6.870598370388404], [115.29878761852802, 6.899149060998388], [115.31370521158136, 6.927699751608371], [115.30544507379275, 6.956250442218355], [115.29192173065734, 6.984801132828339], [115.28975030521417, 6.988549442491248], [115.2666440785532, 7.013351823438322], [115.25882468659567, 7.019363061175989], [115.22789906797718, 7.023353430586562], [115.1969734493587, 7.0193488458150135], [115.1660478307402, 7.015843226145061], [115.13512221212171, 7.016749018906768], [115.10419659350322, 7.020124265768164], [115.07327097488474, 7.026306567474377], [115.04234535626622, 7.0226072783592945], [115.01850514434105, 7.013351823438322], [115.01141973764774, 7.010348740836956], [114.98415663698074, 6.984801132828339], [114.98049411902926, 6.98126538858034], [114.94956850041075, 6.976705390018167], [114.9428393076458, 6.984801132828339], [114.91864288179227, 7.009950237718982], [114.91724475446382, 7.013351823438322], [114.90829880270707, 7.0419025140483065], [114.89747881198574, 7.070453204658289], [114.88771726317378, 7.080600948892217], [114.86433230532184, 7.099003895268274], [114.85679164455529, 7.104931132879839], [114.82586602593682, 7.107561163414729], [114.80850794575139, 7.0990038952682735], [114.79494040731831, 7.093822100236906], [114.77355925554727, 7.099003895268273], [114.76401478869981, 7.10271358089919], [114.75411977503776, 7.127554585878257], [114.73308917008133, 7.151946958731066], [114.73085698596391, 7.1561052764882405], [114.71116203124691, 7.184655967098225], [114.70216355146283, 7.194274446219674], [114.68998629963872, 7.2132066577082075], [114.67123793284435, 7.230669170871092], [114.66229537390369, 7.241757348318192], [114.64031231422585, 7.268049241200547], [114.6390055706582, 7.270308038928175], [114.63343948948891, 7.298858729538159], [114.64031231422587, 7.309941704465658], [114.65643799379544, 7.327409420148142], [114.67123793284435, 7.337096659436094], [114.6904578796229, 7.355960110758126], [114.70216355146283, 7.36391469505733], [114.73060739755019, 7.38451080136811], [114.73308917008133, 7.386058315865691], [114.76358666158295, 7.413061491978093], [114.76401478869981, 7.4133195589945355], [114.79494040731831, 7.416280844991226], [114.80221296750621, 7.413061491978093], [114.8258660259368, 7.393318406214579], [114.837205668802, 7.38451080136811], [114.85679164455529, 7.367996202433667], [114.88771726317378, 7.357288419954073], [114.88998455326674, 7.355960110758126], [114.91864288179227, 7.334070670868501], [114.93207345731074, 7.3274094201481415], [114.94956850041076, 7.313258610440682], [114.97795158641415, 7.298858729538159], [114.98049411902926, 7.296511450314567], [115.01141973764774, 7.286439089208896], [115.04234535626622, 7.288793252607505], [115.06065715570134, 7.298858729538159], [115.07327097488472, 7.305333956045014], [115.09435562433376, 7.327409420148142], [115.10419659350322, 7.346394773305746], [115.11189305876975, 7.355960110758126], [115.12011857302764, 7.38451080136811], [115.11789419736908, 7.413061491978093], [115.11004844683427, 7.441612182588077], [115.10419659350322, 7.4488657066532005], [115.09177277842659, 7.470162873198061], [115.07327097488472, 7.486964809234446], [115.06411800735872, 7.498713563808044], [115.04234535626624, 7.517342945850546], [115.03233025688314, 7.527264254418029], [115.01141973764774, 7.545982764914366], [114.99670420771565, 7.555814945028011], [114.98049411902926, 7.570926096401507], [114.94956850041076, 7.583594631998081], [114.94691335516768, 7.584365635637996], [114.91864288179227, 7.599714515063239], [114.90972789624769, 7.61291632624798], [114.89481024363212, 7.641467016857962], [114.88771726317378, 7.650040739314738], [114.88314691884642, 7.670017707467947], [114.86128872977231, 7.69856839807793], [114.85679164455529, 7.702979150650094], [114.846553485633, 7.727119088687914], [114.8258660259368, 7.74841101551792], [114.82380660185574, 7.7556697792978975], [114.82380534673163, 7.784220469907881], [114.8258660259368, 7.791762776472875], [114.8478207990288, 7.812771160517864], [114.85360015643587, 7.841321851127848], [114.85679164455529, 7.8548446334009565], [114.87292426492922, 7.869872541737832], [114.8797448463545, 7.898423232347815], [114.88386228264146, 7.926973922957799], [114.88352212001955, 7.955524613567783], [114.8793357986469, 7.984075304177766], [114.8652185710796, 8.01262599478775], [114.85679164455529, 8.020405776817556], [114.82692729348611, 8.041176685397733], [114.82586602593682, 8.042156453072817], [114.79494040731831, 8.052531504503916], [114.76401478869981, 8.059174783180172], [114.73727737874486, 8.069727376007716], [114.73308917008134, 8.074539581530194], [114.71928050478232, 8.098278066617702], [114.71102486989457, 8.126828757227685], [114.70917791040723, 8.155379447837667], [114.7103105438044, 8.183930138447652], [114.7111779179302, 8.212480829057636], [114.70969908130645, 8.241031519667619], [114.70651185967782, 8.269582210277603], [114.70216355146283, 8.291369295978805], [114.7009087436983, 8.298132900887587], [114.69453658054161, 8.32668359149757], [114.67987772487379, 8.355234282107554], [114.67123793284435, 8.362766099810523], [114.64031231422585, 8.37426343502815], [114.60938669560736, 8.359319434156559], [114.60131687152658, 8.355234282107554], [114.57846107698887, 8.347741683759402], [114.55636996461527, 8.32668359149757], [114.54753545837039, 8.318522096537233], [114.52820429058795, 8.298132900887587], [114.51660983975188, 8.283023450099128], [114.50228129302963, 8.269582210277601], [114.4856842211334, 8.258609901069445], [114.46458691103471, 8.241031519667619], [114.4547586025149, 8.235041562838921], [114.42383298389643, 8.219516915960764], [114.41621161518401, 8.212480829057636], [114.39290736527792, 8.190680186139252], [114.38559582933581, 8.183930138447652], [114.36546769646522, 8.155379447837667], [114.36198174665942, 8.151012890548587], [114.34104992888788, 8.126828757227685], [114.33105612804094, 8.116437157465514], [114.30311813379546, 8.098278066617702], [114.30013050942244, 8.09528029063888], [114.27722806948863, 8.069727376007718], [114.26920489080396, 8.05867433317777], [114.25532720875287, 8.041176685397733], [114.24301749603025, 8.01262599478775], [114.23827927218547, 8.001182307163589], [114.22822455795641, 7.984075304177766], [114.21798052407186, 7.955524613567783], [114.20901900782312, 7.926973922957799], [114.20735365356697, 7.921678313441375], [114.19527937277948, 7.898423232347815], [114.18281417611237, 7.869872541737832], [114.17642803494849, 7.851627984065511], [114.16955861495966, 7.841321851127848], [114.15368833941443, 7.812771160517864], [114.14596292120285, 7.784220469907881], [114.14550241632999, 7.783020306162518], [114.12544637240546, 7.755669779297897], [114.1155957890642, 7.727119088687914], [114.1145767977115, 7.72443108638701], [114.09617038806115, 7.69856839807793], [114.08485180202233, 7.670017707467947], [114.08365117909301, 7.66706692229095], [114.06270429229738, 7.641467016857963], [114.05408038118107, 7.612916326247979], [114.05272556047451, 7.608368984913527], [114.03557203780247, 7.584365635637996], [114.02734930375473, 7.555814945028011], [114.0222632873461, 7.527264254418029], [114.02179994185602, 7.525172236389061], [114.00388652844842, 7.498713563808044], [113.99741041231013, 7.470162873198061], [113.99229319781831, 7.441612182588077], [113.99087432323753, 7.432722525775015], [113.98215176957106, 7.413061491978093], [113.98744893320514, 7.38451080136811], [113.99087432323753, 7.376228275480295], [113.9918132020529, 7.355960110758126], [113.99134454658943, 7.327409420148142], [113.99168625933277, 7.298858729538159], [113.99180744515053, 7.270308038928175], [113.9909252140732, 7.241757348318192], [113.99087432323753, 7.240809349802322], [113.96948873430253, 7.2132066577082075], [113.96483372225596, 7.184655967098225], [113.96379975874835, 7.1561052764882405], [113.95994870461905, 7.134569480009462], [113.93321954030222, 7.127554585878258], [113.92902308600056, 7.12643217329471], [113.89809746738206, 7.118644365681691], [113.86938227605417, 7.0990038952682735], [113.86717184876358, 7.097887558638112], [113.83624623014508, 7.088554080705791], [113.81168505959883, 7.070453204658289], [113.80532061152658, 7.063165345654839], [113.79217536339807, 7.0419025140483065], [113.78371299281788, 7.013351823438322], [113.7743949929081, 6.994947000282584], [113.76810960257609, 6.984801132828339], [113.76498346240757, 6.956250442218355], [113.7622779605142, 6.927699751608372], [113.76131522627858, 6.899149060998388], [113.76100982934432, 6.870598370388404], [113.76134107835941, 6.84204767977842], [113.7626907702276, 6.813496989168437], [113.76588652758001, 6.784946298558453], [113.7743949929081, 6.770684277700558], [113.78067856377646, 6.75639560794847], [113.78838463167165, 6.727844917338485], [113.8053206115266, 6.70791923385903], [113.8088618935233, 6.699294226728503], [113.81610200228457, 6.670743536118518], [113.83340055435534, 6.642192845508535], [113.83624623014508, 6.639565702942644], [113.86017692044958, 6.613642154898551], [113.86717184876358, 6.605024094708264], [113.88155490225094, 6.585091464288567], [113.86717184876358, 6.575968020030056], [113.83624623014506, 6.574220945278303], [113.8053206115266, 6.569524968585664], [113.79179205101337, 6.556540773678584], [113.77824848213501, 6.5279900830686], [113.77570652006666, 6.4994393924586165], [113.77499564240841, 6.470888701848633], [113.77473893376153, 6.4423380112386495], [113.77462913910871, 6.413787320628666], [113.8053206115266, 6.385452794998714], [113.80546711636832, 6.385236630018682], [113.80544523546202, 6.356685939408698], [113.80543314192175, 6.328135248798715], [113.80542613843231, 6.299584558188731], [113.80542243547124, 6.271033867578748], [113.8054213629211, 6.242483176968763], [113.80542244381684, 6.213932486358781], [113.80542516051841, 6.185381795748796], [113.80542906477021, 6.156831105138813], [113.80543395258998, 6.128280414528829], [113.80543993408254, 6.099729723918845], [113.83624623014508, 6.071289192507929], [113.8363527082583, 6.071179033308862], [113.83636131992881, 6.042628342698878], [113.83637146030483, 6.014077652088894], [113.8363833667713, 5.985526961478911], [113.83639685378557, 5.956976270868927], [113.83641234636825, 5.928425580258944], [113.83643158799008, 5.8998748896489595], [113.8364584604807, 5.871324199038976], [113.83650018493313, 5.8427735084289925], [113.83656967856874, 5.814222817819009], [113.83669128739481, 5.7856721272090255], [113.86717184876358, 5.7575323157474205], [113.86769648861714, 5.757121436599041], [113.86804035962568, 5.728570745989058], [113.86866585514909, 5.700020055379074], [113.86975648609193, 5.671469364769091], [113.87146184603498, 5.642918674159107], [113.8738085957845, 5.614367983549124], [113.87651901304888, 5.58581729293914], [113.87954805924426, 5.557266602329156], [113.88364741764565, 5.528715911719172], [113.89068209814977, 5.500165221109189], [113.89809746738206, 5.492902955027196], [113.92562977365365, 5.471614530499204], [113.92902308600056, 5.468453582216779], [113.95994870461905, 5.4495899755719845], [113.98292946535038, 5.443063839889222], [113.99087432323753, 5.440814920610047], [114.02179994185603, 5.429707410275647], [114.05272556047451, 5.431357983941792], [114.08365117909302, 5.4341944224842464], [114.1145767977115, 5.437730354757253], [114.1201007364233, 5.443063839889221], [114.14550241632999, 5.459137274286011], [114.17642803494849, 5.462500596623785], [114.20735365356697, 5.469290417295408], [114.21119957905469, 5.471614530499205], [114.23827927218547, 5.48435234391943], [114.26920489080396, 5.491778730360343], [114.2976515788066, 5.500165221109189], [114.30013050942244, 5.500810004401791], [114.33105612804094, 5.513179921129055], [114.34684698857947, 5.528715911719172], [114.36198174665941, 5.548133618038267], [114.36999020558713, 5.557266602329156], [114.38215054552178, 5.58581729293914], [114.39290736527792, 5.607887469359742], [114.39571374973526, 5.614367983549124], [114.39290736527792, 5.620974862807097], [114.3838275573372, 5.642918674159107], [114.39290736527792, 5.648286613183958], [114.40997291976466, 5.671469364769091], [114.42383298389642, 5.679660792405311], [114.44788477339355, 5.700020055379074], [114.45475860251489, 5.703200703273303], [114.48554673321875, 5.728570745989058], [114.4856842211334, 5.728626980770965], [114.51660983975188, 5.740939946742048], [114.53387288009347, 5.757121436599041], [114.54753545837039, 5.779661132704773], [114.55383640587056, 5.7856721272090255], [114.57735920373094, 5.814222817819009], [114.57846107698887, 5.815922589195161], [114.6080445097324, 5.8427735084289925], [114.60938669560736, 5.844552830515424], [114.64008174641646, 5.871324199038976], [114.64031231422585, 5.871443224318218], [114.67123793284435, 5.878824693169105], [114.70216355146283, 5.8858408617731195], [114.72572556882778, 5.871324199038976], [114.73308917008133, 5.8645260843833285], [114.74036453559302, 5.8427735084289925], [114.76401478869981, 5.81726452845075], [114.7656992296604, 5.814222817819009], [114.79494040731831, 5.7857393224540035], [114.79504021088091, 5.7856721272090255], [114.82586602593679, 5.760705095241018], [114.85679164455529, 5.758047009274968], [114.86280296186261, 5.757121436599041], [114.88771726317378, 5.738295855135208], [114.91864288179227, 5.733243903834055], [114.94956850041076, 5.73162741998165], [114.98049411902926, 5.729163560431554], [114.9825980884521, 5.728570745989058], [114.98506281496195, 5.700020055379074], [114.98049411902926, 5.688497727443765], [114.96627822099563, 5.671469364769091], [114.9558828563187, 5.642918674159107], [114.94956850041076, 5.616348443730829], [114.94829825935565, 5.614367983549124], [114.93679253310113, 5.58581729293914], [114.93691335400766, 5.557266602329156], [114.94956850041078, 5.541229147707032], [114.9581563149341, 5.528715911719172], [114.98049411902926, 5.509736976636967], [114.98954814950761, 5.500165221109189], [114.99610727268761, 5.471614530499205], [114.99349717087097, 5.443063839889222], [114.98284749704067, 5.414513149279237], [114.98049411902926, 5.403629144594873], [114.9721446994709, 5.385962458669255], [114.95411260688307, 5.35741176805927], [114.94956850041076, 5.3543148419974615], [114.91864288179227, 5.347415226988854], [114.88771726317378, 5.340311857077208], [114.86629497569754, 5.328861077449287], [114.85679164455529, 5.326523928682575], [114.8258660259368, 5.312904743960175], [114.80863916069514, 5.300310386839303], [114.79494040731831, 5.292216933972391], [114.76973631694469, 5.271759696229319], [114.76401478869981, 5.2669101332185555], [114.74015656673562, 5.243209005619336], [114.73308917008133, 5.234854791138892], [114.71326984598193, 5.214658315009352], [114.70216355146283, 5.19519346243282], [114.69449545864002, 5.1861076243993685], [114.67744634902054, 5.157556933789385], [114.67123793284435, 5.1420710436445125], [114.65977266083388, 5.1290062431794015], [114.64878425970937, 5.100455552569418], [114.64249448441842, 5.071904861959434], [114.64031231422585, 5.0646678216693735], [114.6243484623486, 5.04335417134945], [114.61676390925851, 5.014803480739467], [114.61113421820087, 4.986252790129482], [114.61211113055661, 4.9577020995195], [114.61960777235093, 4.929151408909515], [114.64031231422584, 4.909243567526685]]]}, "properties": {"fillColor": "#8A2BE2", "fillOpacity": 0.7, "color": "#000000", "weight": 0.2, "stroke": false}}, {"type": "Feature", "geometry": {"type": "Polygon", "coordinates": [[[114.25957708105537, 5.728570745989058], [114.23827927218548, 5.740231631430639], [114.2211704522234, 5.757121436599041], [114.20854877623061, 5.7856721272090255], [114.20735365356695, 5.790437588967013], [114.17642803494849, 5.8096622691792055], [114.14550241632999, 5.793859778061902], [114.12948912369092, 5.7856721272090255], [114.1145767977115, 5.778055433677605], [114.08365117909301, 5.7678802795336015], [114.0527255604745, 5.768486082724159], [114.02179994185603, 5.780395653484994], [114.01349361987705, 5.7856721272090255], [113.99087432323753, 5.806589966328409], [113.98362752331613, 5.814222817819009], [113.9689891179572, 5.8427735084289925], [113.96399893856088, 5.871324199038976], [113.96516704181415, 5.8998748896489595], [113.96528837834413, 5.928425580258944], [113.95994870461905, 5.9355119000192476], [113.92902308600056, 5.946349162474014], [113.91873482962222, 5.956976270868927], [113.89809746738206, 5.972662320450043], [113.88858658634595, 5.985526961478911], [113.87007086751696, 6.014077652088894], [113.86717184876358, 6.019391616385205], [113.86513376586292, 6.042628342698878], [113.86297223656535, 6.071179033308862], [113.83624623014508, 6.098828992274431], [113.83527057306927, 6.099729723918845], [113.83376921843652, 6.128280414528829], [113.83254237567387, 6.156831105138812], [113.83156240847117, 6.185381795748796], [113.83088051637823, 6.213932486358781], [113.83060921154862, 6.242483176968763], [113.83087842163232, 6.271033867578748], [113.83180786485838, 6.299584558188731], [113.8335657407129, 6.328135248798715], [113.83624623014508, 6.353636431824445], [113.83782280894796, 6.356685939408698], [113.8665594541873, 6.385236630018682], [113.86717184876358, 6.385584012733601], [113.89809746738206, 6.38862522021582], [113.91141584592543, 6.385236630018682], [113.92902308600054, 6.380157191590359], [113.95994870461905, 6.367295999963403], [113.98818605511032, 6.356685939408698], [113.99087432323753, 6.353703142471452], [113.99646456578465, 6.356685939408698], [114.02179994185605, 6.377199357231924], [114.02306453722521, 6.385236630018682], [114.02858949555794, 6.413787320628666], [114.03279678800224, 6.44233801123865], [114.03772731379397, 6.470888701848633], [114.04508344150327, 6.4994393924586165], [114.05272556047453, 6.522642720357377], [114.05384816119764, 6.5279900830686], [114.05978437989016, 6.556540773678584], [114.06555628501224, 6.585091464288567], [114.07081813101314, 6.613642154898551], [114.07372795399046, 6.642192845508534], [114.07386398543746, 6.670743536118518], [114.0722600990415, 6.699294226728503], [114.06976978653748, 6.727844917338485], [114.06680128130091, 6.75639560794847], [114.06392738609787, 6.784946298558453], [114.06201098787875, 6.813496989168437], [114.06160820063194, 6.842047679778421], [114.06240194933898, 6.870598370388404], [114.0635964530698, 6.899149060998388], [114.06405298780551, 6.9276997516083725], [114.06348230738064, 6.956250442218355], [114.06178092293584, 6.9848011328283395], [114.05919136327962, 7.013351823438322], [114.05644119418778, 7.0419025140483065], [114.0541647540258, 7.070453204658289], [114.05272556047451, 7.0866589460784795], [114.05046659853086, 7.0990038952682735], [114.04344155597195, 7.127554585878257], [114.03753731702594, 7.1561052764882405], [114.0351039440022, 7.184655967098226], [114.0361187283055, 7.2132066577082075], [114.0395209337999, 7.241757348318192], [114.04641175127941, 7.2703080389281745], [114.05272556047451, 7.286354990585149], [114.05510988917464, 7.298858729538159], [114.06646912982075, 7.3274094201481415], [114.08365117909301, 7.347727509027688], [114.0917332934437, 7.355960110758126], [114.11457679771152, 7.375650068975778], [114.13175336379348, 7.38451080136811], [114.14550241632999, 7.3954577346366275], [114.17642803494847, 7.410828845076578], [114.18299443092225, 7.413061491978093], [114.20735365356697, 7.431072144930613], [114.23392677422927, 7.441612182588077], [114.23827927218547, 7.445524672107613], [114.26920489080398, 7.4604168144283], [114.30013050942244, 7.466432047683087], [114.33105612804094, 7.470035809642636], [114.33245580456676, 7.470162873198061], [114.36198174665942, 7.480073225515648], [114.39290736527792, 7.4929809503754985], [114.39992597615185, 7.498713563808044], [114.40242240636468, 7.527264254418029], [114.39290736527792, 7.540353416052804], [114.36198174665942, 7.548864772682649], [114.33105612804096, 7.545531175181896], [114.30013050942244, 7.54458468348099], [114.28579052714389, 7.555814945028011], [114.2887330543451, 7.584365635637996], [114.30013050942244, 7.601549400822144], [114.31200132694809, 7.612916326247978], [114.33105612804096, 7.625406885283273], [114.36198174665942, 7.638541758672469], [114.37742334469428, 7.641467016857963], [114.39290736527792, 7.644643787131061], [114.42383298389643, 7.6497087478977335], [114.45347988877916, 7.670017707467947], [114.4547586025149, 7.670669508777038], [114.4856842211334, 7.6985530309859955], [114.48569599527193, 7.69856839807793], [114.51660983975188, 7.723890985941727], [114.51988738404955, 7.727119088687914], [114.54753545837038, 7.746875080337478], [114.55783494850806, 7.755669779297897], [114.57846107698887, 7.770777219479801], [114.59381474566334, 7.784220469907881], [114.60938669560736, 7.797682679533639], [114.62459008545142, 7.812771160517864], [114.64031231422585, 7.8290730542511735], [114.65228505796625, 7.841321851127848], [114.67123793284435, 7.860100810381976], [114.68826232971529, 7.869872541737832], [114.70216355146283, 7.876519914879214], [114.71163892431633, 7.869872541737832], [114.71314192150774, 7.841321851127848], [114.70323137577708, 7.8127711605178645], [114.70216355146283, 7.810520814539091], [114.68561718310066, 7.784220469907881], [114.6734333308385, 7.755669779297898], [114.67123793284435, 7.749699708741], [114.65970487221708, 7.727119088687914], [114.64986561569913, 7.69856839807793], [114.64098812488456, 7.670017707467947], [114.64031231422585, 7.667200387931006], [114.63054408424107, 7.641467016857963], [114.62165364012094, 7.61291632624798], [114.61322702351129, 7.584365635637996], [114.60938669560736, 7.575058585223738], [114.60050730506568, 7.555814945028011], [114.58487724532502, 7.527264254418029], [114.57846107698887, 7.518084896642364], [114.56796664922311, 7.498713563808044], [114.55024201854094, 7.470162873198061], [114.54753545837038, 7.467075933131919], [114.52484516457464, 7.441612182588077], [114.51660983975188, 7.434599819488992], [114.48801406559032, 7.413061491978093], [114.4856842211334, 7.411383221736685], [114.45787454086789, 7.38451080136811], [114.4547586025149, 7.380996337220493], [114.4449330743654, 7.355960110758126], [114.43703526421528, 7.3274094201481415], [114.43483505078461, 7.298858729538159], [114.44247195651421, 7.270308038928175], [114.45410125800215, 7.241757348318192], [114.45475860251489, 7.240473265518568], [114.47471266658316, 7.2132066577082075], [114.4856842211334, 7.196026744603881], [114.49872876793623, 7.184655967098225], [114.51660983975188, 7.171478036633307], [114.54517048852536, 7.1561052764882405], [114.54753545837036, 7.15510464986985], [114.57846107698887, 7.137704323321865], [114.59222031318436, 7.127554585878257], [114.60938669560736, 7.1154006838404555], [114.6282381930643, 7.0990038952682735], [114.64031231422585, 7.088181681468315], [114.65756437188584, 7.070453204658289], [114.67123793284435, 7.055220720088616], [114.68169100877219, 7.0419025140483065], [114.69971798390303, 7.013351823438322], [114.70216355146283, 7.00872847035276], [114.71468500215198, 6.984801132828339], [114.72408857755049, 6.956250442218355], [114.7293924558132, 6.927699751608372], [114.73148747955696, 6.899149060998388], [114.73073409730331, 6.870598370388405], [114.72722085846765, 6.84204767977842], [114.72077975937974, 6.813496989168437], [114.71115469867738, 6.784946298558454], [114.70216355146283, 6.763622339136359], [114.70038379013202, 6.756395607948471], [114.69583262731892, 6.727844917338485], [114.69291961586075, 6.699294226728503], [114.69187636479352, 6.670743536118518], [114.69372091391405, 6.642192845508535], [114.6993241366183, 6.613642154898551], [114.70216355146283, 6.604946619779705], [114.71169219240832, 6.585091464288567], [114.72472917003638, 6.556540773678584], [114.73308917008133, 6.536128603672561], [114.73717934919425, 6.5279900830686], [114.74948679261078, 6.4994393924586165], [114.75864106013549, 6.470888701848633], [114.7640147886998, 6.449175739692572], [114.76674646876748, 6.4423380112386495], [114.7746890749658, 6.413787320628666], [114.77786538738562, 6.385236630018682], [114.77537343459255, 6.356685939408698], [114.76675331544266, 6.328135248798715], [114.76401478869982, 6.320926849694063], [114.75712147677599, 6.299584558188731], [114.74746514530943, 6.271033867578748], [114.73776383484804, 6.242483176968763], [114.73308917008131, 6.222825097815344], [114.72985339817308, 6.213932486358781], [114.73308917008133, 6.1998920722366435], [114.74052424802322, 6.185381795748796], [114.76401478869981, 6.17955802624628], [114.79494040731831, 6.175784289518624], [114.8258660259368, 6.1714574581281125], [114.85679164455529, 6.161135324953717], [114.86339363284115, 6.156831105138813], [114.88771726317378, 6.137896986552037], [114.89702101845647, 6.128280414528829], [114.91864288179227, 6.105704248127836], [114.92350709734264, 6.099729723918845], [114.94775138195433, 6.071179033308863], [114.94956850041076, 6.069244508561583], [114.9703383881958, 6.042628342698878], [114.98049411902926, 6.029529730729321], [114.99124293186108, 6.014077652088894], [115.0066392350003, 5.985526961478911], [115.01141973764774, 5.97112584650182], [115.01669774903151, 5.956976270868927], [115.01773075251467, 5.928425580258944], [115.01141973764774, 5.910473472504066], [115.00672751953172, 5.8998748896489595], [114.98641852019017, 5.871324199038977], [114.98049411902926, 5.864478813273541], [114.96519547317166, 5.8427735084289925], [114.94956850041078, 5.832223888019268], [114.91864288179227, 5.8278395470644275], [114.88771726317378, 5.837914420998627], [114.87999747182677, 5.8427735084289925], [114.8567916445553, 5.861032335848323], [114.8469974178973, 5.871324199038976], [114.83040262652382, 5.89987488964896], [114.82586602593682, 5.9122176869694485], [114.81902643799887, 5.928425580258944], [114.80833169464842, 5.956976270868927], [114.79494040731831, 5.980561426620584], [114.78842195978928, 5.985526961478911], [114.76401478869981, 5.994732908528472], [114.73308917008133, 5.9929318839845145], [114.70216355146283, 5.986387305941365], [114.69950836527022, 5.985526961478912], [114.67123793284435, 5.9740978290953715], [114.64031231422585, 5.961959206697604], [114.62937833427534, 5.956976270868927], [114.60938669560736, 5.944424519204892], [114.59284958292443, 5.928425580258944], [114.57846107698887, 5.914084895114598], [114.57138713954514, 5.8998748896489595], [114.54800161969263, 5.871324199038976], [114.54753545837038, 5.870813873861213], [114.52678989137195, 5.8427735084289925], [114.51660983975188, 5.832735785285031], [114.49553155345265, 5.814222817819009], [114.4856842211334, 5.805721640993783], [114.45475860251491, 5.7872351925153875], [114.45119958499153, 5.7856721272090255], [114.42383298389643, 5.767297958062995], [114.39979305743967, 5.757121436599041], [114.39290736527792, 5.752451080922862], [114.36198174665942, 5.736546038574013], [114.33233306789296, 5.728570745989058], [114.33105612804094, 5.727982160030935], [114.30013050942244, 5.721731118693688], [114.26920489080396, 5.72479060790278], [114.25957708105537, 5.728570745989058]]]}, "properties": {"fillColor": "#8A2BE2", "fillOpacity": 0.7, "color": "#000000", "weight": 0.2, "stroke": false}}, {"type": "Feature", "geometry": {"type": "Polygon", "coordinates": [[[114.8233824512148, 6.585091464288567], [114.82029820048693, 6.613642154898551], [114.81586607949778, 6.642192845508534], [114.80416060734026, 6.670743536118518], [114.79494040731831, 6.681507400988725], [114.7861647070608, 6.699294226728503], [114.78759850995806, 6.727844917338485], [114.79163092343634, 6.75639560794847], [114.79494040731831, 6.783470644834345], [114.79653881013483, 6.784946298558453], [114.81500557801041, 6.813496989168437], [114.81911404747544, 6.84204767977842], [114.81971708281837, 6.870598370388404], [114.82493860681004, 6.899149060998388], [114.8258660259368, 6.90230046684225], [114.83670547510316, 6.899149060998388], [114.85679164455529, 6.893655842186632], [114.87890680595359, 6.870598370388404], [114.88771726317378, 6.8557881106075325], [114.89752798312549, 6.842047679778419], [114.90612677646496, 6.813496989168437], [114.89859597478932, 6.784946298558453], [114.88771726317378, 6.761766289873901], [114.88483191083438, 6.756395607948471], [114.8749749577218, 6.727844917338485], [114.87260696922388, 6.699294226728503], [114.88771726317378, 6.678484834316714], [114.89435261527643, 6.670743536118518], [114.91864288179227, 6.647309294135011], [114.92260438617988, 6.642192845508535], [114.91864288179227, 6.634548676049206], [114.90743226407207, 6.613642154898551], [114.88771726317378, 6.600617042342863], [114.87286458250034, 6.585091464288567], [114.85679164455529, 6.5701362245752115], [114.8258660259368, 6.5588364010387], [114.8233824512148, 6.585091464288567]]]}, "properties": {"fillColor": "#8A2BE2", "fillOpacity": 0.7, "color": "#000000", "weight": 0.2, "stroke": false}}, {"type": "Feature", "geometry": {"type": "Polygon", "coordinates": [[[115.19086241987864, 6.899149060998388], [115.17736655049072, 6.927699751608372], [115.17962134598548, 6.956250442218355], [115.1969734493587, 6.971669611954692], [115.211861823612, 6.956250442218355], [115.22789906797718, 6.935239844466337], [115.23255803705487, 6.927699751608372], [115.22903853457012, 6.899149060998388], [115.22789906797718, 6.897498554813708], [115.1969734493587, 6.889199612537245], [115.19086241987864, 6.899149060998388]]]}, "properties": {"fillColor": "#8A2BE2", "fillOpacity": 0.7, "color": "#000000", "weight": 0.2, "stroke": false}}, {"type": "Feature", "geometry": {"type": "Polygon", "coordinates": [[[124.6292871279985, 6.010718846689792], [124.66021274661699, 6.004495474606713], [124.69113836523547, 6.011581007021393], [124.72206398385397, 5.997302864068891], [124.75298960247245, 5.992102790935258], [124.78391522109095, 5.985674857011125], [124.80189423197805, 6.014077652088894], [124.80373770921679, 6.042628342698878], [124.80270741962218, 6.071179033308862], [124.79633509543673, 6.099729723918845], [124.78391522109095, 6.1176010854697935], [124.78370340855604, 6.128280414528829], [124.78336968409145, 6.156831105138813], [124.78311904371942, 6.185381795748796], [124.78242796961837, 6.213932486358781], [124.78012618189152, 6.242483176968763], [124.76715210514061, 6.271033867578748], [124.75298960247245, 6.284108763086239], [124.72206398385397, 6.298890273281998], [124.71393166000232, 6.299584558188731], [124.69113836523547, 6.313343156155716], [124.66021274661699, 6.3191071770815395], [124.6292871279985, 6.320732496483181], [124.59836150938, 6.3190754901667185], [124.56743589076152, 6.313113271263015], [124.54251467527303, 6.299584558188731], [124.53651027214302, 6.298851981634218], [124.50558465352452, 6.28074909337364], [124.49618303952437, 6.271033867578748], [124.48066765687088, 6.242483176968763], [124.47721062437145, 6.213932486358781], [124.47604117315402, 6.185381795748796], [124.4759727463019, 6.156831105138813], [124.47775761090513, 6.128280414528829], [124.49330681613637, 6.099729723918845], [124.50558465352452, 6.087734630263103], [124.50656338944202, 6.071179033308862], [124.51827016402196, 6.042628342698878], [124.53651027214302, 6.025788980806684], [124.56743589076152, 6.015495394901952], [124.59836150938, 6.0145302475893825], [124.62385604391913, 6.014077652088894], [124.6292871279985, 6.010718846689792]]]}, "properties": {"fillColor": "#8A2BE2", "fillOpacity": 0.7, "color": "#000000", "weight": 0.2, "stroke": false}}, {"type": "Feature", "geometry": {"type": "Polygon", "coordinates": [[[124.58888180598257, 6.071179033308862], [124.56743589076152, 6.078567053187157], [124.54701130732917, 6.099729723918845], [124.53776615652855, 6.128280414528829], [124.53651027214302, 6.144918790925013], [124.53397196488582, 6.156831105138813], [124.53651027214302, 6.171402570270727], [124.5375198192618, 6.185381795748796], [124.54753358341173, 6.213932486358781], [124.56743589076152, 6.234508236647958], [124.58239647554643, 6.242483176968763], [124.59836150938, 6.2517849503688705], [124.62928712799848, 6.257690373318795], [124.66021274661699, 6.254686188623609], [124.68381998808158, 6.242483176968763], [124.69113836523547, 6.2392576986468455], [124.71642595642803, 6.213932486358781], [124.72206398385399, 6.199686781800862], [124.72998360205128, 6.185381795748796], [124.73577459193339, 6.156831105138813], [124.73385839199925, 6.128280414528829], [124.72206398385396, 6.106198875633531], [124.71938937934414, 6.099729723918845], [124.69113836523547, 6.075099132608324], [124.67576091575299, 6.071179033308862], [124.66021274661699, 6.064895692749451], [124.6292871279985, 6.061975977877203], [124.59836150938, 6.066594501261669], [124.58888180598257, 6.071179033308862]]]}, "properties": {"fillColor": "#8A2BE2", "fillOpacity": 0.7, "color": "#000000", "weight": 0.2, "stroke": false}}, {"type": "Feature", "geometry": {"type": "Polygon", "coordinates": [[[125.18594826313134, 7.409679603142741], [125.1876546538875, 7.413061491978093], [125.18594826313134, 7.415555421572039], [125.18424187237515, 7.413061491978093], [125.18594826313134, 7.409679603142741]]]}, "properties": {"fillColor": "#8A2BE2", "fillOpacity": 0.7, "color": "#000000", "weight": 0.2, "stroke": false}}, {"type": "Feature", "geometry": {"type": "Polygon", "coordinates": [[[124.84576645832792, 7.626495147809687], [124.87669207694643, 7.6162825338072375], [124.90761769556491, 7.615685807184313], [124.9385433141834, 7.618799481719051], [124.9694689328019, 7.6251554461313], [125.00039455142038, 7.634138048282619], [125.00975908947738, 7.641467016857963], [125.01496571130076, 7.670017707467947], [125.0061231100909, 7.69856839807793], [125.0003945514204, 7.704376961760685], [124.97757371059701, 7.727119088687914], [124.9694689328019, 7.732945232320421], [124.9385433141834, 7.750340484928987], [124.90779585575389, 7.755669779297898], [124.9385433141834, 7.7573943072209595], [124.96946893280189, 7.774018915468346], [124.98127726850097, 7.784220469907881], [125.00039455142038, 7.789027083184315], [125.02865782109629, 7.8127711605178645], [125.03132017003888, 7.815402523664133], [125.05621225835284, 7.841321851127848], [125.06039937979435, 7.869872541737832], [125.06133953693954, 7.898423232347815], [125.06163130937374, 7.926973922957799], [125.06169859172532, 7.955524613567783], [125.06162948044839, 7.984075304177766], [125.06135044075361, 8.01262599478775], [125.06035990376364, 8.041176685397733], [125.05514265189578, 8.069727376007718], [125.0313201700389, 8.094087780940258], [125.00039455142038, 8.097497351637433], [124.9694689328019, 8.09763141697787], [124.9385433141834, 8.097532607504956], [124.90761769556491, 8.096893969191918], [124.87669207694643, 8.094132100798143], [124.84576645832793, 8.083343756477367], [124.81484083970945, 8.087810486671804], [124.78391522109095, 8.086027159126298], [124.76273532983348, 8.069727376007718], [124.75298960247247, 8.059643885939066], [124.73625470414967, 8.041176685397733], [124.7296692330136, 8.01262599478775], [124.72206398385396, 8.000039924298846], [124.7047713810235, 7.984075304177766], [124.69819071624718, 7.955524613567783], [124.69690724041932, 7.926973922957799], [124.69770549148916, 7.898423232347815], [124.70029140708532, 7.869872541737832], [124.7057564738798, 7.841321851127848], [124.71670924733638, 7.812771160517865], [124.72206398385397, 7.80418467876339], [124.72826844880134, 7.784220469907881], [124.75298960247245, 7.760464583015535], [124.78313479376497, 7.7556697792978975], [124.78391522109095, 7.755383266508444], [124.7842286377112, 7.7556697792978975], [124.81484083970945, 7.757197483676249], [124.84576645832793, 7.756685233726013], [124.87669207694643, 7.7562623274362155], [124.90748057276699, 7.7556697792978975], [124.87669207694643, 7.7490746331036195], [124.84782028341682, 7.727119088687914], [124.84576645832793, 7.724784283820467], [124.82921569572497, 7.69856839807793], [124.82804952180578, 7.670017707467947], [124.83380755158913, 7.641467016857963], [124.84576645832792, 7.626495147809687]]]}, "properties": {"fillColor": "#8A2BE2", "fillOpacity": 0.7, "color": "#000000", "weight": 0.2, "stroke": false}}, {"type": "Feature", "geometry": {"type": "Polygon", "coordinates": [[[124.81419296793013, 7.841321851127848], [124.79651989136717, 7.869872541737832], [124.79088093422025, 7.898423232347815], [124.78904884127029, 7.926973922957799], [124.79065384620415, 7.955524613567782], [124.79809738506273, 7.984075304177766], [124.81484083970945, 8.006053508891322], [124.8194629176742, 8.01262599478775], [124.84576645832793, 8.033012265051372], [124.87669207694643, 8.04015971591529], [124.88712674953146, 8.041176685397733], [124.90761769556491, 8.047944997080979], [124.93854331418339, 8.048693124601371], [124.95991463181602, 8.041176685397733], [124.9694689328019, 8.039211503993595], [124.99923079996495, 8.01262599478775], [125.00039455142038, 8.009381673396101], [125.01349596046475, 7.984075304177766], [125.01726103575015, 7.955524613567783], [125.01528725728583, 7.926973922957799], [125.00638552297693, 7.898423232347815], [125.00039455142038, 7.888894505214905], [124.99255847137762, 7.869872541737832], [124.9694689328019, 7.847695443901701], [124.95762465230302, 7.841321851127849], [124.93854331418342, 7.829339185946351], [124.90761769556491, 7.820565960057307], [124.87669207694641, 7.817568363895939], [124.84576645832792, 7.8200381417375695], [124.81484083970945, 7.840633907395619], [124.81419296793013, 7.841321851127848]]]}, "properties": {"fillColor": "#8A2BE2", "fillOpacity": 0.7, "color": "#000000", "weight": 0.2, "stroke": false}}, {"type": "Feature", "geometry": {"type": "Polygon", "coordinates": [[[114.91864288179227, 8.148258486890732], [114.92657796427355, 8.155379447837667], [114.91864288179227, 8.17775664330144], [114.90237801279196, 8.155379447837667], [114.91864288179227, 8.148258486890732]]]}, "properties": {"fillColor": "#8A2BE2", "fillOpacity": 0.7, "color": "#000000", "weight": 0.2, "stroke": false}}, {"type": "Feature", "geometry": {"type": "Polygon", "coordinates": [[[126.0518655844491, 8.28678424370636], [126.08279120306759, 8.275370922943084], [126.11371682168607, 8.272974153480833], [126.14464244030457, 8.272470099413741], [126.17556805892305, 8.273007537228423], [126.20649367754154, 8.275501062150417], [126.23741929616003, 8.286149076045241], [126.25287258251504, 8.298132900887587], [126.26834491477852, 8.303883112304858], [126.29381246863073, 8.32668359149757], [126.29927053339702, 8.331036598609362], [126.32473581219983, 8.355234282107554], [126.3301961520155, 8.358728176216227], [126.36112177063399, 8.37146978802862], [126.38037117600123, 8.383784972717539], [126.3920473892525, 8.385605236737403], [126.42297300787098, 8.38852315719274], [126.45389862648948, 8.385293210508403], [126.46027839082538, 8.383784972717539], [126.48482424510796, 8.363257505068791], [126.51574986372646, 8.356648148718355], [126.54222381249805, 8.355234282107554], [126.54667548234497, 8.352719043667621], [126.57760110096345, 8.345674149646248], [126.60852671958193, 8.347811048163175], [126.62781661141216, 8.355234282107554], [126.63945233820041, 8.355687934703385], [126.67037795681891, 8.3581294496404], [126.70130357543741, 8.363744256191668], [126.73222919405589, 8.369965152952012], [126.76315481267437, 8.367933165909069], [126.79408043129288, 8.36929562909307], [126.81190021903602, 8.383784972717539], [126.82500604991137, 8.39001942540913], [126.85593166852985, 8.40046090712584], [126.87970261304159, 8.412335663327521], [126.88685728714836, 8.413536450061954], [126.91778290576684, 8.421098914258593], [126.94870852438532, 8.424364993940143], [126.97963414300382, 8.423794636072762], [127.01055976162232, 8.421356398674664], [127.0414853802408, 8.419405490954752], [127.0724109988593, 8.41345319937677], [127.08982389143873, 8.412335663327521], [127.10333661747778, 8.409070924209818], [127.13426223609628, 8.406819812315238], [127.16518785471477, 8.406569045822035], [127.19611347333326, 8.407934685634725], [127.22703909195175, 8.411081702978207], [127.23508705092274, 8.412335663327521], [127.25796471057025, 8.41387858847204], [127.28889032918873, 8.417242516298455], [127.31981594780723, 8.42251776774411], [127.34834741045195, 8.440886353937504], [127.35074156642571, 8.442121054842591], [127.38166718504422, 8.448160875387426], [127.4125928036627, 8.454403660031826], [127.44351842228119, 8.46610729254161], [127.44980859731535, 8.469437044547488], [127.4744440408997, 8.477107352584397], [127.50536965951818, 8.479929815980762], [127.53629527813666, 8.483786849858554], [127.55879543339657, 8.497987735157473], [127.56722089675516, 8.501152938217425], [127.59814651537364, 8.505859308930864], [127.62907213399214, 8.514057537497049], [127.6468247086616, 8.526538425767455], [127.65999775261062, 8.531758100942787], [127.69092337122913, 8.542813626449348], [127.70885193419886, 8.55508911637744], [127.72184898984762, 8.560039089901359], [127.7527746084661, 8.57705594521658], [127.76250002150198, 8.583639806987424], [127.7837002270846, 8.591508656504335], [127.8087063900382, 8.612190497597407], [127.81462584570309, 8.615950480641263], [127.84352610654572, 8.64074118820739], [127.84555146432157, 8.64221276289338], [127.87647708294007, 8.655805201463899], [127.89111850969032, 8.669291878817374], [127.90740270155855, 8.684848526218522], [127.92098806944384, 8.697842569427358], [127.93832832017705, 8.717659180350289], [127.94722505328704, 8.72639326003734], [127.96925393879552, 8.754352814470446], [127.96984739143669, 8.754943950647325], [127.9956506578726, 8.78349464125731], [128.00017955741404, 8.791190841645681], [128.0153457208978, 8.812045331867292], [128.02026218524668, 8.840596022477277], [128.01865501429887, 8.869146713087261], [128.00017955741404, 8.896844458450355], [127.99924500473445, 8.897697403697244], [127.96925393879553, 8.919228850368517], [127.93832832017705, 8.917474695100092], [127.90740270155855, 8.898840623042027], [127.90574676881539, 8.897697403697244], [127.87647708294007, 8.880159713202318], [127.86518006640868, 8.869146713087261], [127.84555146432157, 8.846904916994959], [127.83918328531101, 8.840596022477277], [127.8146258457031, 8.816647247082248], [127.80998893373476, 8.812045331867292], [127.7837002270846, 8.790619419624832], [127.7716577844882, 8.78349464125731], [127.7527746084661, 8.775771045611336], [127.72442458649418, 8.754943950647325], [127.72184898984762, 8.753556881601602], [127.6909233712291, 8.741521990032961], [127.66722303934887, 8.72639326003734], [127.65999775261062, 8.723389682368373], [127.62907213399215, 8.709756941049385], [127.60662021925847, 8.697842569427358], [127.59814651537364, 8.695100089147456], [127.56722089675517, 8.687653198522105], [127.5387567654638, 8.669291878817374], [127.53629527813666, 8.668252294807623], [127.50536965951818, 8.663286245915016], [127.47444404089968, 8.654782085500035], [127.44977044627105, 8.64074118820739], [127.44351842228119, 8.638455649884117], [127.4125928036627, 8.634961735610208], [127.38166718504421, 8.63206198474918], [127.35074156642571, 8.630419665237348], [127.31981594780723, 8.63060768486866], [127.28889032918872, 8.632864603491651], [127.25796471057025, 8.637907848335482], [127.2521302096209, 8.64074118820739], [127.22703909195175, 8.658175843624413], [127.19611347333326, 8.667546148904318], [127.19266263219612, 8.669291878817374], [127.16518785471479, 8.687982004426253], [127.14424876609708, 8.697842569427358], [127.13426223609628, 8.707062185430434], [127.11217723548556, 8.72639326003734], [127.1033366174778, 8.734554964178326], [127.09632536088384, 8.754943950647325], [127.0968398908162, 8.78349464125731], [127.10333661747781, 8.802358003756968], [127.11379321177267, 8.812045331867292], [127.13426223609628, 8.828564460549583], [127.14739932560153, 8.840596022477277], [127.16518785471477, 8.853977413350005], [127.18123347268988, 8.869146713087261], [127.19611347333327, 8.884201727055428], [127.2097640943276, 8.897697403697244], [127.22651933461583, 8.926248094307226], [127.22703909195175, 8.927066213202924], [127.25409457240927, 8.95479878491721], [127.25796471057023, 8.96404259967738], [127.27530349731498, 8.983349475527195], [127.28520928952757, 9.011900166137178], [127.28889032918875, 9.028714971507512], [127.29874041692963, 9.040450856747162], [127.30903458550249, 9.069001547357146], [127.31283801473667, 9.097552237967129], [127.31559625984457, 9.126102928577112], [127.31747317315747, 9.154653619187096], [127.31824079581297, 9.18320430979708], [127.31943097754768, 9.211755000407063], [127.31981594780723, 9.219221544451909], [127.32706536023966, 9.240305691017047], [127.33253870062649, 9.268856381627032], [127.33893856695306, 9.297407072237014], [127.33904296895228, 9.325957762846999], [127.32146933492383, 9.354508453456983], [127.31981594780723, 9.356513718589834], [127.30596663888022, 9.383059144066966], [127.28889032918873, 9.398072441337973], [127.25796471057023, 9.403124722138148], [127.22703909195175, 9.399284687317868], [127.20333801457846, 9.383059144066966], [127.19611347333326, 9.380437703364992], [127.16628238018698, 9.354508453456983], [127.16518785471477, 9.35386236591729], [127.13426223609628, 9.328919980629665], [127.12985725365749, 9.325957762847], [127.1033366174778, 9.323103736683148], [127.0724109988593, 9.320507649289933], [127.0414853802408, 9.32225423128061], [127.03598702535297, 9.325957762846999], [127.02333993410166, 9.354508453456983], [127.01533036497071, 9.383059144066966], [127.01684161478957, 9.411609834676948], [127.03319964948821, 9.440160525286933], [127.0414853802408, 9.460388072665099], [127.04876492887092, 9.468711215896917], [127.06905105668847, 9.4972619065069], [127.07241099885931, 9.504240330218405], [127.0930173863101, 9.525812597116884], [127.10156328560255, 9.554363287726868], [127.1033366174778, 9.560322460996046], [127.12361515882594, 9.582913978336851], [127.12982633891654, 9.611464668946834], [127.1332900560999, 9.640015359556818], [127.13426223609629, 9.66472832958928], [127.13535151801263, 9.6685660501668], [127.13426223609628, 9.674224243064733], [127.1332918324298, 9.697116740776785], [127.12533367512134, 9.72566743138677], [127.1033366174778, 9.748600440948545], [127.08722735718098, 9.754218121996754], [127.07241099885928, 9.761797284583771], [127.0414853802408, 9.75851622344389], [127.03283185050319, 9.754218121996754], [127.01055976162232, 9.749065773543535], [126.9987880440303, 9.754218121996754], [126.98752663545838, 9.782768812606736], [126.9796341430038, 9.792702549606165], [126.94870852438532, 9.801309499574515], [126.91778290576684, 9.794401582148119], [126.90459761245742, 9.782768812606736], [126.88685728714836, 9.770090337309501], [126.8681719988954, 9.754218121996754], [126.85593166852986, 9.745686794303603], [126.82977026757428, 9.72566743138677], [126.82500604991137, 9.721760786943893], [126.79845058121973, 9.697116740776785], [126.79408043129288, 9.69325569852739], [126.76315481267437, 9.678437926433379], [126.73538002965314, 9.697116740776785], [126.73408442994875, 9.72566743138677], [126.73222919405589, 9.727597446500905], [126.70130357543741, 9.72811002093874], [126.69868114950958, 9.72566743138677], [126.67691445040118, 9.697116740776785], [126.67983415656587, 9.668566050166802], [126.70130357543741, 9.650098549800408], [126.71386055202231, 9.640015359556818], [126.72858955858908, 9.611464668946835], [126.73222919405589, 9.602767023485457], [126.73730097841626, 9.582913978336851], [126.75164418917424, 9.554363287726868], [126.76315481267437, 9.538790624448131], [126.79408043129288, 9.526673606092634], [126.82500604991137, 9.527439854029955], [126.85593166852986, 9.541364388486768], [126.8798689574007, 9.554363287726868], [126.88685728714836, 9.558109457563605], [126.88881429402993, 9.554363287726868], [126.88899952441855, 9.525812597116884], [126.88685728714835, 9.514554975956557], [126.87442512570946, 9.4972619065069], [126.85593166852985, 9.485507361693942], [126.82500604991137, 9.47392729089005], [126.81291288909162, 9.468711215896917], [126.79408043129288, 9.465495393249444], [126.7631548126744, 9.457126638354747], [126.73222919405589, 9.450069371917758], [126.71614923341127, 9.440160525286933], [126.70130357543741, 9.43314980081217], [126.6739390719169, 9.411609834676948], [126.67037795681891, 9.408203609950599], [126.63945233820041, 9.387752772986813], [126.62690447759803, 9.383059144066966], [126.60852671958193, 9.377417923984861], [126.57760110096342, 9.364091341196572], [126.57113486597159, 9.354508453456983], [126.56864608696345, 9.325957762846999], [126.57374583543024, 9.297407072237014], [126.57760110096342, 9.292003586349457], [126.59380855328727, 9.268856381627032], [126.60852671958193, 9.254960441297925], [126.61766101101298, 9.240305691017047], [126.62330089534566, 9.211755000407063], [126.62413524382762, 9.18320430979708], [126.62654819751302, 9.154653619187096], [126.63656090665509, 9.126102928577112], [126.63945233820041, 9.123118476825937], [126.6703779568189, 9.119938388123147], [126.67712616983489, 9.126102928577112], [126.70130357543741, 9.145842154880267], [126.71084176995299, 9.154653619187096], [126.73222919405589, 9.174545823949284], [126.74156187703841, 9.18320430979708], [126.76315481267437, 9.206165896368201], [126.76899145512996, 9.211755000407063], [126.79363457019625, 9.240305691017047], [126.79408043129288, 9.240550943657729], [126.82500604991137, 9.25172602825257], [126.84655165795817, 9.268856381627032], [126.85593166852986, 9.272685342091615], [126.88685728714835, 9.274417845615186], [126.89612917513091, 9.268856381627032], [126.91778290576684, 9.247412534122942], [126.92077288031898, 9.240305691017047], [126.91861344217203, 9.211755000407063], [126.91778290576684, 9.207589798826163], [126.89742690545685, 9.18320430979708], [126.8880218916369, 9.154653619187096], [126.88685728714835, 9.1513012680172], [126.86043299967488, 9.126102928577112], [126.85593166852986, 9.116636314778566], [126.83539909776917, 9.097552237967129], [126.82500604991137, 9.08499572711194], [126.80760435689584, 9.069001547357146], [126.79408043129288, 9.055500423159831], [126.77791128395697, 9.040450856747162], [126.76315481267439, 9.023786212812567], [126.75049722988088, 9.011900166137178], [126.73222919405589, 8.995147624776514], [126.71962851653956, 8.983349475527195], [126.70130357543741, 8.971570271211485], [126.6806081802871, 8.95479878491721], [126.67037795681891, 8.951399333884122], [126.64222849751863, 8.926248094307226], [126.63945233820041, 8.924249701831666], [126.61086599294573, 8.897697403697244], [126.60852671958193, 8.895009221662844], [126.58146675197432, 8.869146713087261], [126.57760110096343, 8.86265496489547], [126.55100160304201, 8.840596022477277], [126.54667548234495, 8.839215057034947], [126.53906017513874, 8.840596022477277], [126.51574986372646, 8.856893372211541], [126.48482424510796, 8.865043061364723], [126.45389862648948, 8.866582818034829], [126.42297300787098, 8.867040084718132], [126.3920473892525, 8.867161796951068], [126.361121770634, 8.868428311933659], [126.35822014866432, 8.869146713087261], [126.3301961520155, 8.894368752765098], [126.32598116326236, 8.897697403697244], [126.29927053339702, 8.922146549746353], [126.289046954001, 8.926248094307226], [126.26834491477854, 8.941437652589993], [126.23741929616003, 8.94917502472233], [126.20649367754154, 8.953526796082599], [126.18747569971922, 8.95479878491721], [126.17556805892305, 8.96108698174292], [126.14464244030457, 8.975284852309107], [126.132145090688, 8.983349475527195], [126.11371682168607, 8.998958471135513], [126.09498438752766, 9.011900166137178], [126.08279120306759, 9.018484177605902], [126.06584744207055, 9.011900166137178], [126.06447091466117, 8.983349475527195], [126.08279120306759, 8.970862138925417], [126.09412593002719, 8.95479878491721], [126.08279120306759, 8.95443519333276], [126.05186558444909, 8.95362062050282], [126.02093996583059, 8.953516571567869], [125.99001434721211, 8.948494168599701], [125.95982552878016, 8.926248094307226], [125.95908872859361, 8.92589865494314], [125.92816310997512, 8.918874147727353], [125.89723749135663, 8.917793430297227], [125.86631187273814, 8.915915017374152], [125.83538625411964, 8.900891576061905], [125.83200260121595, 8.897697403697244], [125.80519910519895, 8.869146713087261], [125.80446063550116, 8.868382151199379], [125.78149739169521, 8.840596022477277], [125.77353501688266, 8.819994158286123], [125.76781247088752, 8.812045331867292], [125.74623781234803, 8.78349464125731], [125.74260939826418, 8.778790510422771], [125.71884867516943, 8.754943950647325], [125.71168377964568, 8.74787205932984], [125.6807581610272, 8.728159260560359], [125.67914833495985, 8.72639326003734], [125.66405993244962, 8.697842569427358], [125.64996283460086, 8.669291878817374], [125.6498325424087, 8.667001407123495], [125.64732081286486, 8.64074118820739], [125.6498325424087, 8.61656167192432], [125.65009634411346, 8.612190497597407], [125.65411482579412, 8.583639806987424], [125.66091065761032, 8.55508911637744], [125.67805050665304, 8.526538425767455], [125.6807581610272, 8.523839628270785], [125.70562410216348, 8.497987735157473], [125.71168377964568, 8.492598120345924], [125.74260939826418, 8.477495454239506], [125.77353501688268, 8.472500302558615], [125.78024949432651, 8.469437044547488], [125.80446063550116, 8.452546295643426], [125.81414738039271, 8.440886353937504], [125.8261925752696, 8.412335663327521], [125.83538625411964, 8.40303015529113], [125.85181215020773, 8.383784972717539], [125.86631187273815, 8.371127343335987], [125.89723749135663, 8.367212134779221], [125.92816310997512, 8.374951557389132], [125.93773131402583, 8.383784972717539], [125.95908872859361, 8.394339167401917], [125.98846505007945, 8.383784972717539], [125.9900143472121, 8.382354653614053], [125.99411935577068, 8.355234282107554], [126.00492038921413, 8.32668359149757], [126.02093996583059, 8.311894235742983], [126.03957291354271, 8.298132900887587], [126.0518655844491, 8.28678424370636]]]}, "properties": {"fillColor": "#8A2BE2", "fillOpacity": 0.7, "color": "#000000", "weight": 0.2, "stroke": false}}, {"type": "Feature", "geometry": {"type": "Polygon", "coordinates": [[[126.13871387993328, 8.355234282107554], [126.11371682168608, 8.359949657792626], [126.08279120306759, 8.381841352028331], [126.08087791730452, 8.383784972717539], [126.06051748650074, 8.412335663327521], [126.05264643295368, 8.440886353937504], [126.0518655844491, 8.447624423865085], [126.04658806114142, 8.469437044547488], [126.04012049311362, 8.497987735157473], [126.02326226351829, 8.526538425767455], [126.02093996583059, 8.52870397078475], [125.99001434721211, 8.55079082542364], [125.98427085891839, 8.55508911637744], [125.96599744158878, 8.583639806987424], [125.96508731875893, 8.612190497597407], [125.9727015525732, 8.64074118820739], [125.97965560111314, 8.669291878817374], [125.97785965132627, 8.697842569427358], [125.97352195939547, 8.72639326003734], [125.97101760209691, 8.754943950647325], [125.97275390328842, 8.78349464125731], [125.98064295456206, 8.812045331867292], [125.9900143472121, 8.828033594959148], [125.99620962061934, 8.840596022477277], [126.02093996583059, 8.865265283902392], [126.02807016421269, 8.869146713087261], [126.05186558444909, 8.882126109565306], [126.08279120306757, 8.887752268845984], [126.11371682168607, 8.89053293815288], [126.14464244030457, 8.891129031912588], [126.17556805892305, 8.88388058532869], [126.20192903381503, 8.869146713087261], [126.20649367754154, 8.867423297445015], [126.23741929616003, 8.85507002516825], [126.25741331155787, 8.840596022477277], [126.26834491477852, 8.83401789252623], [126.29355158333864, 8.812045331867292], [126.29927053339702, 8.806914830019869], [126.3301961520155, 8.786889577906637], [126.35689615458207, 8.78349464125731], [126.361121770634, 8.78321825293194], [126.3638120907388, 8.78349464125731], [126.3920473892525, 8.78838471691341], [126.42297300787098, 8.791061172446714], [126.45389862648948, 8.786546782131444], [126.46102997458152, 8.78349464125731], [126.48482424510796, 8.776399716127466], [126.51574986372646, 8.756612146530525], [126.51835299455098, 8.754943950647325], [126.54667548234497, 8.737084114357556], [126.56895833001926, 8.72639326003734], [126.57760110096343, 8.71752834665394], [126.59525469014963, 8.72639326003734], [126.60852671958193, 8.737497891671358], [126.6120780305892, 8.754943950647325], [126.6225760506264, 8.78349464125731], [126.63945233820041, 8.807880669904147], [126.64177108115402, 8.812045331867292], [126.66441306118556, 8.840596022477277], [126.6703779568189, 8.846642148565016], [126.69496696447338, 8.869146713087261], [126.70130357543741, 8.874515384233694], [126.73222919405589, 8.89510810560983], [126.73732941088292, 8.897697403697244], [126.76315481267439, 8.914360502286739], [126.78313111090817, 8.926248094307226], [126.79408043129288, 8.934554716338889], [126.81794001448276, 8.95479878491721], [126.82500604991137, 8.961514316573812], [126.84427364783991, 8.983349475527195], [126.85593166852986, 8.996001047710168], [126.86755965571794, 9.011900166137178], [126.88685728714836, 9.035120394693921], [126.89024909654249, 9.040450856747162], [126.90952438372207, 9.069001547357146], [126.91778290576684, 9.079262912970442], [126.92829235404413, 9.097552237967129], [126.94870852438532, 9.125564255934343], [126.94906617472992, 9.126102928577112], [126.96888227768724, 9.154653619187096], [126.97963414300382, 9.166932237607714], [126.99707158407475, 9.18320430979708], [127.01055976162232, 9.195354361944169], [127.04148538024081, 9.209956446546121], [127.0566898515186, 9.211755000407063], [127.0724109988593, 9.214474822858238], [127.08864086760913, 9.211755000407063], [127.1033366174778, 9.209063416988299], [127.13426223609628, 9.198695227756115], [127.16518785471477, 9.185978810577279], [127.16827576320256, 9.18320430979708], [127.18431464755726, 9.154653619187096], [127.18865519077175, 9.126102928577112], [127.18686378888543, 9.097552237967129], [127.18022907259963, 9.069001547357146], [127.16766241853131, 9.040450856747162], [127.16518785471477, 9.036566955196074], [127.14691364884544, 9.011900166137178], [127.13426223609628, 8.999068167125891], [127.11250850201012, 8.983349475527195], [127.1033366174778, 8.977067731636138], [127.07241099885928, 8.959917118655197], [127.0640566221889, 8.95479878491721], [127.0414853802408, 8.939501187456614], [127.02672008191946, 8.926248094307226], [127.01055976162232, 8.9084582215393], [127.00338196815196, 8.897697403697244], [126.98982365827754, 8.869146713087261], [126.98038689855284, 8.840596022477277], [126.97963414300382, 8.837190162916], [126.97568688479605, 8.812045331867292], [126.97270118677505, 8.78349464125731], [126.97011021331735, 8.754943950647325], [126.96711533907828, 8.72639326003734], [126.9631323766385, 8.697842569427358], [126.95714186477181, 8.669291878817374], [126.94870852438531, 8.646589093722604], [126.94622175155591, 8.64074118820739], [126.92618915471886, 8.612190497597407], [126.91778290576684, 8.605018639690924], [126.8941380914843, 8.583639806987424], [126.88685728714835, 8.578699151845836], [126.85629184501313, 8.55508911637744], [126.85593166852986, 8.554852458991597], [126.82500604991137, 8.533913891728321], [126.81251772971197, 8.526538425767455], [126.79408043129288, 8.515829951914592], [126.77620848266494, 8.497987735157473], [126.76315481267439, 8.486780938864602], [126.73222919405589, 8.481366150920755], [126.70130357543741, 8.48344835557793], [126.67037795681891, 8.4808362077216], [126.65394777547905, 8.469437044547488], [126.63945233820041, 8.459432476388768], [126.61373198734103, 8.440886353937504], [126.60852671958193, 8.438050285887991], [126.57760110096342, 8.427782642891627], [126.54667548234497, 8.424594990516828], [126.51574986372646, 8.427796167814625], [126.49222878800087, 8.440886353937504], [126.48482424510797, 8.443809726408878], [126.45389862648949, 8.458226872659104], [126.43161981590312, 8.469437044547488], [126.42297300787098, 8.472348760552523], [126.39204738925251, 8.477974343718685], [126.36112177063399, 8.475914048694959], [126.34304951846336, 8.469437044547488], [126.3301961520155, 8.462581631861774], [126.29927053339702, 8.443186937201373], [126.29612979792125, 8.440886353937504], [126.26834491477854, 8.418589959058682], [126.26145617866176, 8.412335663327521], [126.23741929616003, 8.390646437436285], [126.22890142942089, 8.383784972717539], [126.20649367754153, 8.366586116915869], [126.17556805892303, 8.356122037461489], [126.15998102311401, 8.355234282107554], [126.14464244030457, 8.353516016188212], [126.13871387993328, 8.355234282107554]]]}, "properties": {"fillColor": "#8A2BE2", "fillOpacity": 0.7, "color": "#000000", "weight": 0.2, "stroke": false}}, {"type": "Feature", "geometry": {"type": "Polygon", "coordinates": [[[136.25731972855118, 8.524034200426476], [136.28824534716966, 8.507846061493991], [136.31917096578815, 8.51766120720545], [136.32910643520455, 8.526538425767455], [136.34507676265326, 8.55508911637744], [136.34350699797724, 8.583639806987424], [136.31917096578815, 8.60863102033618], [136.313222890047, 8.612190497597407], [136.28824534716966, 8.62778837037914], [136.25731972855118, 8.628449590983415], [136.23736006215069, 8.612190497597407], [136.22639410993267, 8.596582772837094], [136.2188483053774, 8.583639806987424], [136.22639410993267, 8.569279171888997], [136.23132301376893, 8.55508911637744], [136.25470449585274, 8.526538425767455], [136.25731972855118, 8.524034200426476]]]}, "properties": {"fillColor": "#8A2BE2", "fillOpacity": 0.7, "color": "#000000", "weight": 0.2, "stroke": false}}, {"type": "Feature", "geometry": {"type": "Polygon", "coordinates": [[[138.36026179460856, 8.538773952493784], [138.39118741322704, 8.531936877768436], [138.42211303184556, 8.53071352413754], [138.45303865046404, 8.532249668881791], [138.48396426908255, 8.533831402299908], [138.51488988770103, 8.532621060079359], [138.5458155063195, 8.533039907602248], [138.576741124938, 8.538165551578624], [138.60178716868194, 8.55508911637744], [138.6076667435565, 8.55775904366519], [138.63401566467044, 8.583639806987424], [138.638592362175, 8.606323130929946], [138.64259826404384, 8.612190497597407], [138.65076123207115, 8.64074118820739], [138.64698014754202, 8.669291878817374], [138.638592362175, 8.677971053809062], [138.6361787754108, 8.697842569427358], [138.62921249687443, 8.72639326003734], [138.6076667435565, 8.747366667618694], [138.60272263781616, 8.754943950647325], [138.576741124938, 8.779149116913308], [138.5756681099447, 8.78349464125731], [138.57342405474918, 8.812045331867292], [138.55672425953588, 8.840596022477277], [138.5458155063195, 8.850667039709418], [138.52456866187322, 8.869146713087261], [138.51488988770103, 8.878082207322091], [138.48396426908255, 8.895738170753145], [138.4623250479877, 8.897697403697244], [138.45303865046404, 8.905529445814738], [138.42211303184556, 8.921625529135804], [138.39118741322704, 8.924075963882375], [138.36026179460856, 8.924564856397387], [138.32933617599008, 8.924152698561166], [138.2984105573716, 8.922992802362495], [138.26748493875309, 8.921065703295389], [138.2365593201346, 8.914568775631526], [138.2141707503809, 8.897697403697244], [138.20563370151612, 8.89378102403428], [138.1796408930354, 8.869146713087261], [138.1747080828976, 8.864652245921864], [138.1497810792034, 8.840596022477277], [138.14378246427913, 8.814337828697248], [138.1421167844215, 8.812045331867292], [138.1345284080718, 8.78349464125731], [138.13437658329258, 8.754943950647325], [138.13641122832468, 8.72639326003734], [138.13711621854725, 8.697842569427358], [138.13736522789438, 8.669291878817374], [138.1292679316829, 8.64074118820739], [138.14378246427913, 8.61802358004691], [138.1561375898779, 8.612190497597407], [138.1747080828976, 8.606418962373118], [138.20563370151612, 8.588822717632063], [138.2365593201346, 8.584592830160993], [138.26748493875309, 8.5839587980934], [138.2736546149492, 8.583639806987424], [138.2984105573716, 8.564174909837368], [138.32933617599008, 8.555897177172609], [138.3351954299011, 8.55508911637744], [138.36026179460856, 8.538773952493784]]]}, "properties": {"fillColor": "#8A2BE2", "fillOpacity": 0.7, "color": "#000000", "weight": 0.2, "stroke": false}}, {"type": "Feature", "geometry": {"type": "Polygon", "coordinates": [[[138.370357605994, 8.612190497597407], [138.36026179460856, 8.612696320290716], [138.32933617599008, 8.615566159825086], [138.2984105573716, 8.620873010581207], [138.26748493875309, 8.632548661996186], [138.2545647857186, 8.64074118820739], [138.2365593201346, 8.65322608498629], [138.22162738528124, 8.669291878817374], [138.2100306800771, 8.697842569427358], [138.20758423157278, 8.72639326003734], [138.21015963628537, 8.754943950647325], [138.2237349050754, 8.78349464125731], [138.2365593201346, 8.796251125783467], [138.25750354488537, 8.812045331867292], [138.26748493875309, 8.819360661140479], [138.2984105573716, 8.83663813124354], [138.3110334384417, 8.840596022477277], [138.32933617599008, 8.850985359614986], [138.36026179460856, 8.85885767911137], [138.39118741322704, 8.859794800918957], [138.42211303184556, 8.855202207703293], [138.45284769254417, 8.840596022477277], [138.45303865046404, 8.840539626591678], [138.48396426908255, 8.824446460077953], [138.49741067068499, 8.812045331867292], [138.51240448175952, 8.78349464125731], [138.51488988770103, 8.772487735472641], [138.52298804841934, 8.754943950647325], [138.534708963719, 8.72639326003734], [138.54413952458643, 8.697842569427358], [138.5458155063195, 8.687799393081395], [138.5517500084403, 8.669291878817374], [138.5458155063195, 8.648903893485135], [138.543271846222, 8.64074118820739], [138.51488988770103, 8.620412056895871], [138.48396426908255, 8.61662614745245], [138.45303865046404, 8.614404104774975], [138.43433399418973, 8.612190497597407], [138.42211303184556, 8.609252693737515], [138.39118741322704, 8.608265836273596], [138.370357605994, 8.612190497597407]]]}, "properties": {"fillColor": "#8A2BE2", "fillOpacity": 0.7, "color": "#000000", "weight": 0.2, "stroke": false}}, {"type": "Feature", "geometry": {"type": "Polygon", "coordinates": [[[126.60852671958193, 8.636414240110657], [126.61502661010772, 8.64074118820739], [126.62408922767305, 8.669291878817374], [126.60852671958193, 8.689348941875211], [126.59744347322163, 8.669291878817374], [126.59477788563504, 8.64074118820739], [126.60852671958193, 8.636414240110657]]]}, "properties": {"fillColor": "#8A2BE2", "fillOpacity": 0.7, "color": "#000000", "weight": 0.2, "stroke": false}}, {"type": "Feature", "geometry": {"type": "Polygon", "coordinates": [[[135.4532536444704, 8.6837441035252], [135.4841792630889, 8.674343111212423], [135.51510488170737, 8.674569467242783], [135.54603050032588, 8.681628655968783], [135.5670896774759, 8.697842569427358], [135.57695611894437, 8.700977111805962], [135.60788173756285, 8.722954611762564], [135.612307486907, 8.72639326003734], [135.63880735618136, 8.74011687998025], [135.6546068450018, 8.754943950647325], [135.66884702272452, 8.78349464125731], [135.66973297479984, 8.787253356607541], [135.68712032197232, 8.812045331867292], [135.69486902941182, 8.840596022477277], [135.70065859341832, 8.862502324568496], [135.70651157213334, 8.869146713087261], [135.7303111176229, 8.897697403697244], [135.7315842120368, 8.900256386318134], [135.75090636726125, 8.926248094307226], [135.75512758264665, 8.95479878491721], [135.75456437890355, 8.983349475527195], [135.741998030726, 9.011900166137178], [135.7315842120368, 9.024332060560244], [135.72518183033225, 9.040450856747162], [135.70065859341832, 9.064194588089846], [135.69393549797786, 9.069001547357146], [135.66973297479984, 9.08920963152162], [135.65351826552495, 9.097552237967129], [135.63880735618136, 9.109860728463202], [135.60788173756285, 9.122836143087023], [135.58878850194466, 9.126102928577112], [135.57695611894437, 9.132729413705626], [135.54603050032588, 9.148973375576274], [135.51510488170737, 9.15236948227507], [135.4841792630889, 9.153203389540346], [135.4532536444704, 9.15196524238439], [135.4223280258519, 9.145473911390797], [135.3978875118629, 9.126102928577112], [135.39140240723341, 9.12279401506624], [135.3635808446736, 9.097552237967129], [135.36047678861493, 9.095183610508238], [135.32955116999642, 9.072791190800801], [135.32508173286305, 9.069001547357146], [135.29862555137794, 9.064038860949186], [135.26769993275946, 9.057365317691835], [135.23949363981373, 9.040450856747162], [135.23677431414097, 9.039378433770054], [135.20937040172112, 9.011900166137178], [135.20584869552243, 8.995940902728215], [135.1975946250717, 8.983349475527195], [135.19394733668966, 8.95479878491721], [135.20584869552246, 8.939077697990077], [135.20655074886432, 8.926248094307226], [135.20765216206985, 8.897697403697244], [135.20965159777208, 8.869146713087261], [135.22644288840195, 8.840596022477277], [135.23677431414097, 8.830551898487261], [135.2418774686778, 8.812045331867292], [135.26769993275946, 8.7871822681822], [135.27163486668434, 8.78349464125731], [135.29862555137794, 8.758993361550928], [135.31009263580967, 8.754943950647325], [135.32955116999642, 8.738623177248629], [135.36047678861493, 8.726978687792457], [135.36276866512364, 8.72639326003734], [135.39140240723341, 8.703221092891873], [135.4223280258519, 8.698329821246185], [135.42861398873436, 8.697842569427358], [135.4532536444704, 8.6837441035252]]]}, "properties": {"fillColor": "#8A2BE2", "fillOpacity": 0.7, "color": "#000000", "weight": 0.2, "stroke": false}}, {"type": "Feature", "geometry": {"type": "Polygon", "coordinates": [[[135.39856284393542, 8.78349464125731], [135.39140240723341, 8.785293782792222], [135.36047678861493, 8.798922972262734], [135.34297648724237, 8.812045331867292], [135.32955116999642, 8.822050565516648], [135.31001494155484, 8.840596022477277], [135.29862555137794, 8.858552464114322], [135.29058719520037, 8.869146713087261], [135.28055067379216, 8.897697403697244], [135.28203124508326, 8.926248094307226], [135.29862555137794, 8.953240157326638], [135.30003280879936, 8.95479878491721], [135.32955116999642, 8.974296088582909], [135.36047678861493, 8.980170628823004], [135.39140240723341, 8.981051250514083], [135.4223280258519, 8.979325229875396], [135.4532536444704, 8.974966412155137], [135.4841792630889, 8.964877525551847], [135.49984013169453, 8.95479878491721], [135.51510488170737, 8.9470617254439], [135.54144613596648, 8.926248094307226], [135.54603050032588, 8.921617917537949], [135.5682432903347, 8.897697403697244], [135.57695611894437, 8.873482946853075], [135.5789892899905, 8.869146713087261], [135.57695611894437, 8.857807480704428], [135.57520176711458, 8.840596022477277], [135.5619598541433, 8.812045331867292], [135.54603050032588, 8.795234856452414], [135.53010839362435, 8.78349464125731], [135.51510488170737, 8.773573738924236], [135.4841792630889, 8.76829142625044], [135.4532536444704, 8.768075460978483], [135.4223280258519, 8.773171767135771], [135.39856284393542, 8.78349464125731]]]}, "properties": {"fillColor": "#8A2BE2", "fillOpacity": 0.7, "color": "#000000", "weight": 0.2, "stroke": false}}, {"type": "Feature", "geometry": {"type": "Polygon", "coordinates": [[[134.89659250933755, 8.95004995499727], [134.92751812795603, 8.939496062200003], [134.95844374657455, 8.937989805826273], [134.98936936519303, 8.944449800411638], [135.00579242128697, 8.95479878491721], [135.02029498381154, 8.95600027828667], [135.05122060243002, 8.960710258682642], [135.0821462210485, 8.972285648757866], [135.09681971226362, 8.983349475527195], [135.113071839667, 8.994874044530214], [135.12880274555266, 9.011900166137178], [135.14162941803008, 9.040450856747162], [135.1439974582855, 9.052108473359503], [135.15693722734335, 9.069001547357146], [135.1632273602669, 9.097552237967129], [135.16356884423806, 9.126102928577112], [135.15803428900736, 9.154653619187096], [135.1439974582855, 9.17266871372792], [135.14053744975638, 9.18320430979708], [135.113071839667, 9.210090728300068], [135.1095121387716, 9.211755000407063], [135.0821462210485, 9.230238758478796], [135.05122060243002, 9.235729350194966], [135.02029498381154, 9.237527529644883], [134.98936936519303, 9.238212220833521], [134.95844374657455, 9.238422749734655], [134.92751812795603, 9.23807743663838], [134.89659250933755, 9.23654218958349], [134.86566689071907, 9.231183596933521], [134.8403234101694, 9.211755000407063], [134.8347412721006, 9.210428411420747], [134.80381565348205, 9.195845399173727], [134.78965166868093, 9.18320430979708], [134.77519403311373, 9.154653619187096], [134.7730341106922, 9.126102928577112], [134.7728900348636, 9.118833277355826], [134.7662979953929, 9.097552237967129], [134.77221690238437, 9.069001547357146], [134.7728900348636, 9.06788887147693], [134.774720907483, 9.040450856747162], [134.78650496968567, 9.011900166137178], [134.80381565348208, 8.995110722656012], [134.82114782353156, 8.983349475527195], [134.8347412721006, 8.972077980022878], [134.86566689071907, 8.957383713816023], [134.88956156342525, 8.95479878491721], [134.89659250933755, 8.95004995499727]]]}, "properties": {"fillColor": "#8A2BE2", "fillOpacity": 0.7, "color": "#000000", "weight": 0.2, "stroke": false}}, {"type": "Feature", "geometry": {"type": "Polygon", "coordinates": [[[134.87731121175625, 9.040450856747162], [134.86566689071907, 9.051740904070643], [134.85175930679753, 9.069001547357146], [134.84580095117713, 9.097552237967129], [134.85590803332528, 9.126102928577112], [134.86566689071907, 9.13643679896491], [134.89513650822016, 9.154653619187096], [134.89659250933755, 9.155503022480259], [134.92751812795603, 9.166828791276178], [134.95844374657455, 9.168393814769702], [134.98936936519303, 9.158787568656141], [134.998808483068, 9.154653619187096], [135.02029498381154, 9.143440229957687], [135.03853327775104, 9.126102928577112], [135.04603922059053, 9.097552237967129], [135.03853537495306, 9.069001547357146], [135.02029498381154, 9.048565638055424], [135.01351739728457, 9.040450856747162], [134.98936936519303, 9.023875487001682], [134.95844374657455, 9.016720370792566], [134.92751812795603, 9.018019436093113], [134.89659250933755, 9.027114606328489], [134.87731121175625, 9.040450856747162]]]}, "properties": {"fillColor": "#8A2BE2", "fillOpacity": 0.7, "color": "#000000", "weight": 0.2, "stroke": false}}, {"type": "Feature", "geometry": {"type": "Polygon", "coordinates": [[[127.69092337122912, 9.011743425684722], [127.72184898984762, 8.998951256562902], [127.7527746084661, 9.002880231722378], [127.76254484679366, 9.011900166137178], [127.78243070737794, 9.040450856747162], [127.78370022708458, 9.047369933573592], [127.789863409243, 9.069001547357146], [127.79252353144972, 9.097552237967129], [127.79346880210403, 9.126102928577112], [127.79264585218218, 9.154653619187096], [127.78939128923614, 9.18320430979708], [127.78370022708461, 9.20559785160873], [127.78337123488159, 9.211755000407063], [127.78050284194615, 9.240305691017047], [127.77278752932888, 9.268856381627032], [127.76296366800241, 9.297407072237014], [127.7527746084661, 9.323294735680577], [127.75228676896086, 9.325957762846999], [127.75153363135011, 9.354508453456983], [127.7527746084661, 9.360878429395022], [127.76176639882095, 9.383059144066966], [127.78370022708461, 9.398987890955805], [127.8146258457031, 9.40804659422078], [127.83214720835454, 9.411609834676948], [127.84555146432157, 9.412408582072983], [127.87647708294007, 9.41548702039746], [127.90740270155854, 9.422457919200646], [127.93053037609766, 9.440160525286933], [127.93832832017705, 9.444765998051615], [127.9630640251943, 9.468711215896917], [127.96925393879553, 9.48088636642698], [127.98204867346196, 9.4972619065069], [127.9821208189714, 9.525812597116884], [127.96925393879553, 9.54702478709865], [127.96535816223911, 9.554363287726868], [127.93832832017705, 9.577624128297312], [127.91704203378112, 9.582913978336851], [127.90740270155855, 9.587189460641445], [127.87647708294007, 9.58961156117559], [127.84555146432157, 9.584553117370746], [127.84172731311318, 9.582913978336851], [127.81462584570309, 9.577302670171562], [127.78432078220608, 9.554363287726868], [127.7837002270846, 9.553936318239073], [127.7527746084661, 9.527013408558258], [127.75180060990293, 9.525812597116884], [127.73232188046777, 9.4972619065069], [127.72184898984762, 9.474794852467621], [127.71657830961156, 9.468711215896917], [127.7037022949201, 9.440160525286933], [127.6909233712291, 9.4227030138411], [127.67502206116737, 9.411609834676948], [127.65999775261062, 9.404395134231237], [127.63702292011206, 9.383059144066966], [127.62907213399214, 9.375606847619654], [127.60850777498698, 9.354508453456983], [127.59814651537364, 9.338137891180075], [127.58931267229714, 9.325957762846999], [127.57532123243917, 9.297407072237014], [127.56850675577748, 9.268856381627032], [127.56826756314022, 9.240305691017047], [127.57100143003754, 9.211755000407063], [127.58084120053405, 9.18320430979708], [127.59779355048052, 9.154653619187098], [127.59814651537364, 9.154277086831616], [127.61118525282257, 9.126102928577112], [127.62907213399214, 9.10919170920074], [127.63675063850914, 9.097552237967129], [127.64823013940256, 9.069001547357146], [127.65999775261062, 9.058137626151028], [127.67360124379525, 9.040450856747162], [127.69075359265806, 9.011900166137178], [127.69092337122912, 9.011743425684722]]]}, "properties": {"fillColor": "#8A2BE2", "fillOpacity": 0.7, "color": "#000000", "weight": 0.2, "stroke": false}}, {"type": "Feature", "geometry": {"type": "Polygon", "coordinates": [[[118.87712206495914, 9.268341226829191], [118.87941402932643, 9.268856381627032], [118.90804768357764, 9.272337986367678], [118.93897330219612, 9.28153040643179], [118.96989892081461, 9.286510645080385], [118.9961852187304, 9.297407072237014], [119.0008245394331, 9.298522912970547], [119.03175015805161, 9.308761611071281], [119.06267577667009, 9.321167099162315], [119.07226359887954, 9.325957762846997], [119.09360139528857, 9.332300376739568], [119.11910399900803, 9.354508453456983], [119.12452701390708, 9.359656559525632], [119.15368758709464, 9.383059144066966], [119.15422588093156, 9.411609834676948], [119.15098853835195, 9.440160525286933], [119.151685468609, 9.468711215896917], [119.15545263252557, 9.472873890267245], [119.17875883678443, 9.4972619065069], [119.18637825114405, 9.501811268334547], [119.21324792053018, 9.525812597116884], [119.21730386976255, 9.529614369875723], [119.24129924599615, 9.554363287726868], [119.24822948838103, 9.565107167488012], [119.26420563986146, 9.582913978336851], [119.27233039624858, 9.611464668946834], [119.27800838080755, 9.640015359556818], [119.27695982410916, 9.668566050166802], [119.27295383642658, 9.697116740776785], [119.26829903057804, 9.72566743138677], [119.27139152761991, 9.754218121996754], [119.27477196039187, 9.782768812606736], [119.2747226586755, 9.81131950321672], [119.27225445789878, 9.839870193826705], [119.25945078218614, 9.868420884436688], [119.24822948838104, 9.879474700656207], [119.24208017368863, 9.89697157504667], [119.21730386976255, 9.923852159414396], [119.21504394457499, 9.925522265656655], [119.18637825114405, 9.948612224229262], [119.15545263252557, 9.953139117125561], [119.14972554692389, 9.95407295626664], [119.12452701390707, 9.969018887044715], [119.09360139528857, 9.97439603095059], [119.06267577667009, 9.975108542519473], [119.03175015805158, 9.972715754700191], [119.0008245394331, 9.96866420359985], [118.96989892081461, 9.966391902516074], [118.96616248982843, 9.982623646876622], [118.96989892081461, 9.985084052715171], [119.0008245394331, 9.998072503275868], [119.01934906516482, 10.011174337486606], [119.0317501580516, 10.016120521731557], [119.06267577667009, 10.0313217475275], [119.07668740880037, 10.03972502809659], [119.09360139528857, 10.043868059486922], [119.12452701390708, 10.047167664516452], [119.15545263252557, 10.051942750449765], [119.18637825114405, 10.066379312419507], [119.18843240592372, 10.068275718706573], [119.21730386976255, 10.07628982958778], [119.24822948838103, 10.082206738781547], [119.26978651087475, 10.096826409316556], [119.27915510699953, 10.098528760471297], [119.31008072561802, 10.101568881805456], [119.3410063442365, 10.102796972771609], [119.371931962855, 10.1032195397644], [119.40285758147348, 10.097979316061625], [119.41020379206547, 10.096826409316556], [119.43378320009198, 10.085343461018745], [119.46470881871048, 10.072087835376081], [119.49563443732896, 10.069982129777369], [119.52279592119145, 10.068275718706573], [119.52656005594746, 10.067287516396826], [119.55748567456595, 10.058213601599373], [119.58841129318444, 10.054753543586045], [119.61933691180293, 10.04288945484775], [119.62536766741806, 10.03972502809659], [119.6502625304214, 10.021701308637162], [119.68025186101673, 10.011174337486606], [119.68118814903991, 10.010309951554621], [119.7121137676584, 9.992740225061501], [119.74303938627688, 9.988785205938017], [119.77396500489539, 9.988371324020957], [119.80489062351387, 9.9904872530777], [119.83581624213238, 9.998177180422692], [119.85801906958235, 10.011174337486606], [119.86674186075086, 10.013362266279847], [119.89766747936935, 10.01583772606736], [119.90434618527146, 10.011174337486606], [119.92551110768339, 9.982623646876622], [119.92859309798783, 9.976432749453146], [119.93863851116163, 9.95407295626664], [119.95951871660633, 9.941115450598048], [119.99044433522482, 9.927399368298435], [119.99740519336252, 9.925522265656655], [120.02136995384332, 9.914995473714697], [120.0522955724618, 9.904024504401633], [120.0832211910803, 9.903648474776684], [120.11351253399981, 9.925522265656655], [120.11414680969878, 9.925892347321527], [120.14507242831728, 9.944099403185255], [120.1547653273598, 9.95407295626664], [120.17023863768252, 9.982623646876622], [120.17263211537201, 10.011174337486606], [120.17120958402022, 10.03972502809659], [120.16606404344894, 10.068275718706573], [120.1465459752975, 10.096826409316556], [120.14507242831728, 10.098271796017855], [120.12688392142283, 10.125377099926538], [120.11414680969878, 10.13983414959457], [120.10561124902065, 10.153927790536525], [120.0832211910803, 10.175840056647207], [120.07675520020075, 10.182478481146507], [120.0522955724618, 10.2044459291596], [120.04383568509562, 10.211029171756492], [120.0213699538433, 10.227652788144646], [119.99044433522482, 10.239254577357785], [119.98942257508683, 10.239579862366476], [119.95951871660631, 10.257413517028528], [119.92859309798784, 10.266041889736673], [119.91720745090376, 10.268130552976459], [119.89766747936935, 10.277843888063376], [119.86674186075086, 10.283521211677204], [119.83581624213237, 10.292339308358086], [119.80489062351387, 10.293755919495794], [119.77396500489539, 10.294280774332876], [119.74303938627689, 10.294818736829288], [119.7121137676584, 10.296084654278292], [119.70452956701583, 10.296681243586441], [119.68118814903991, 10.307181555165233], [119.65026253042141, 10.313893676455365], [119.61933691180295, 10.318180459791172], [119.58841129318444, 10.320546774690461], [119.55748567456595, 10.324144957567565], [119.53961993564766, 10.325231934196427], [119.52656005594746, 10.330508822690042], [119.49563443732896, 10.334904366989205], [119.46470881871048, 10.33433142416134], [119.43378320009198, 10.329396789040196], [119.42057943136591, 10.325231934196427], [119.40285758147348, 10.324354121238887], [119.371931962855, 10.321880800572954], [119.3410063442365, 10.316896384750695], [119.31373048737868, 10.296681243586441], [119.31008072561802, 10.29590486080706], [119.27915510699953, 10.291468391396304], [119.24822948838103, 10.286783611453865], [119.21730386976255, 10.279796327873116], [119.18637825114405, 10.274144747859351], [119.15545263252558, 10.270570048435584], [119.14136236676212, 10.268130552976459], [119.12452701390707, 10.266503789378195], [119.09360139528857, 10.26117486375173], [119.06267577667008, 10.243075433894852], [119.05636273473999, 10.239579862366476], [119.0317501580516, 10.230243787920925], [119.00674743734552, 10.211029171756492], [119.0008245394331, 10.208103778716566], [118.96989892081461, 10.197751713630701], [118.95211706858342, 10.182478481146507], [118.93897330219612, 10.173332288756871], [118.91643794816233, 10.153927790536525], [118.90804768357764, 10.135738549882346], [118.90140249578715, 10.12537709992654], [118.88292716147576, 10.096826409316556], [118.87712206495914, 10.086647826241737], [118.86232690795805, 10.068275718706573], [118.84619644634066, 10.046524516633019], [118.83933022426132, 10.03972502809659], [118.81559786584737, 10.011174337486606], [118.81527082772216, 10.010791909647374], [118.79391907058897, 9.982623646876622], [118.78549199344702, 9.95407295626664], [118.78434520910366, 9.952315231380297], [118.76624461448165, 9.925522265656655], [118.76613259241746, 9.89697157504667], [118.771629873493, 9.868420884436688], [118.78434520910366, 9.842713319861652], [118.7861902674912, 9.839870193826705], [118.79704151018407, 9.81131950321672], [118.79447153700039, 9.782768812606736], [118.78980145682182, 9.754218121996754], [118.78434520910368, 9.725678382388448], [118.78433772027968, 9.72566743138677], [118.78434520910366, 9.725596600105991], [118.78529586926908, 9.697116740776785], [118.79217656756072, 9.668566050166802], [118.80567457608511, 9.640015359556818], [118.81527082772216, 9.628079522478139], [118.823364973772, 9.611464668946834], [118.83593861390119, 9.582913978336851], [118.84619644634066, 9.555203268888588], [118.84635478797932, 9.554363287726868], [118.84983528684482, 9.525812597116884], [118.85450063932917, 9.4972619065069], [118.87275820102367, 9.468711215896917], [118.87712206495914, 9.460403852197967], [118.88501684893703, 9.440160525286933], [118.88996768570155, 9.411609834676948], [118.88260309895657, 9.383059144066966], [118.87712206495914, 9.374935673007462], [118.86077825095822, 9.354508453456983], [118.85767930715885, 9.325957762846999], [118.84619644634066, 9.29781850146925], [118.84580386944866, 9.297407072237014], [118.84619644634066, 9.29704464322558], [118.87656405811353, 9.268856381627032], [118.87712206495914, 9.268341226829191]]]}, "properties": {"fillColor": "#8A2BE2", "fillOpacity": 0.7, "color": "#000000", "weight": 0.2, "stroke": false}}, {"type": "Feature", "geometry": {"type": "Polygon", "coordinates": [[[133.25753472255752, 9.375984686505255], [133.288460341176, 9.374303294639859], [133.31560664292778, 9.383059144066966], [133.31938595979452, 9.383238029821975], [133.350311578413, 9.389029552451849], [133.37876430466557, 9.411609834676948], [133.38123719703148, 9.413443787916659], [133.40755630600012, 9.440160525286933], [133.41216281565, 9.464537493088702], [133.41518382776277, 9.468711215896917], [133.42883263868575, 9.4972619065069], [133.4325727197104, 9.525812597116884], [133.43225860639777, 9.554363287726868], [133.4279613339856, 9.582913978336851], [133.41506830354348, 9.611464668946834], [133.41216281565, 9.616023177944042], [133.40958070515438, 9.640015359556818], [133.40033078595064, 9.668566050166802], [133.38123719703148, 9.69242521497828], [133.37970296497215, 9.697116740776785], [133.37571827020167, 9.72566743138677], [133.38123719703148, 9.731438264131421], [133.41216281565, 9.737373904250973], [133.44308843426847, 9.737407237283689], [133.47401405288696, 9.738833423784055], [133.50493967150547, 9.744773902169364], [133.53586529012395, 9.75364173426377], [133.56679090874243, 9.749967541022391], [133.59771652736094, 9.73805437717446], [133.62864214597943, 9.729345704969557], [133.65691005758802, 9.72566743138677], [133.6595677645979, 9.724325127831552], [133.6904933832164, 9.725535759979904], [133.6906470083066, 9.725667431386768], [133.7214190018349, 9.733404032208785], [133.75169130919767, 9.754218121996754], [133.75234462045339, 9.754884535134687], [133.77376817488806, 9.782768812606736], [133.77740494623941, 9.81131950321672], [133.7764964975244, 9.839870193826705], [133.76837534034894, 9.868420884436688], [133.75234462045339, 9.883220527723985], [133.74333424824292, 9.89697157504667], [133.7214190018349, 9.919101327158359], [133.71528713454904, 9.925522265656655], [133.6904933832164, 9.949770235448085], [133.68600585031453, 9.95407295626664], [133.6595677645979, 9.979281580668728], [133.65584063560928, 9.982623646876622], [133.62864214597943, 10.00779609016781], [133.62396431539213, 10.011174337486608], [133.59771652736094, 10.030727811952582], [133.5785273813828, 10.03972502809659], [133.56679090874243, 10.050560200169972], [133.53586529012395, 10.060986025349514], [133.50493967150547, 10.063322588720167], [133.47401405288696, 10.06702545305302], [133.44308843426847, 10.063287282327831], [133.41216281565, 10.062089285970309], [133.38123719703148, 10.06041075032492], [133.350311578413, 10.058722371377312], [133.31938595979452, 10.057644265153419], [133.288460341176, 10.057701065951477], [133.25753472255752, 10.059756136493066], [133.22660910393904, 10.061913779441033], [133.19568348532056, 10.063348658095183], [133.16475786670205, 10.064227126812991], [133.13383224808356, 10.065995490101322], [133.1209721055972, 10.068275718706573], [133.10290662946508, 10.080566800882824], [133.07198101084657, 10.082582036071706], [133.0410553922281, 10.081096842204975], [133.0101297736096, 10.077435635579265], [132.9792041549911, 10.069907652729112], [132.97739451618432, 10.068275718706571], [132.9482785363726, 10.043246502148408], [132.94454661409537, 10.03972502809659], [132.93929131418014, 10.011174337486606], [132.94563527117444, 9.982623646876622], [132.9482785363726, 9.980183370812824], [132.9792041549911, 9.968068063206779], [133.00132244165076, 9.95407295626664], [133.0101297736096, 9.946989803057237], [133.0410553922281, 9.938460710023339], [133.07198101084657, 9.928600676266562], [133.0787526110702, 9.925522265656655], [133.10290662946508, 9.909912408360807], [133.13383224808356, 9.897251516829927], [133.13417848904038, 9.89697157504667], [133.16207878371026, 9.868420884436688], [133.16475786670205, 9.865947541201098], [133.17142390479114, 9.839870193826705], [133.17317948135704, 9.81131950321672], [133.17358646289955, 9.782768812606736], [133.17075776393742, 9.754218121996754], [133.16475786670205, 9.736370759168512], [133.15482308963928, 9.72566743138677], [133.13592271828043, 9.697116740776785], [133.13383224808356, 9.694721474650839], [133.1066632809976, 9.668566050166802], [133.10290662946508, 9.662679989083918], [133.08232192333705, 9.640015359556818], [133.07273552386744, 9.611464668946834], [133.07198101084657, 9.608049642362847], [133.0530744543235, 9.582913978336851], [133.04905093378937, 9.554363287726868], [133.04925042377306, 9.525812597116884], [133.05455013823183, 9.4972619065069], [133.07198101084657, 9.475852141842061], [133.07460532292666, 9.468711215896917], [133.10290662946508, 9.441272406614715], [133.10427767823393, 9.440160525286935], [133.13383224808356, 9.415648334380759], [133.14649608443716, 9.411609834676948], [133.16475786670205, 9.39759464843966], [133.19568348532056, 9.387626489095176], [133.22660910393904, 9.383617425725706], [133.24031949000772, 9.383059144066966], [133.25753472255752, 9.375984686505255]]]}, "properties": {"fillColor": "#8A2BE2", "fillOpacity": 0.7, "color": "#000000", "weight": 0.2, "stroke": false}}, {"type": "Feature", "geometry": {"type": "Polygon", "coordinates": [[[133.212107832455, 9.468711215896917], [133.19568348532056, 9.476544659556708], [133.17220883854037, 9.4972619065069], [133.16475786670205, 9.51104840887561], [133.1556536274629, 9.525812597116884], [133.1528332811411, 9.554363287726868], [133.16450635905227, 9.582913978336851], [133.16475786670205, 9.583254226342389], [133.1843568538992, 9.611464668946834], [133.19568348532056, 9.622209221390806], [133.2245594745342, 9.640015359556818], [133.22660910393904, 9.64149487120816], [133.25753472255752, 9.649563454598436], [133.28019243653475, 9.640015359556818], [133.288460341176, 9.637305885180973], [133.31552683922874, 9.611464668946834], [133.31938595979452, 9.605810339092782], [133.3340814155022, 9.582913978336851], [133.34163079517367, 9.554363287726868], [133.34094383780015, 9.525812597116884], [133.3294722348422, 9.4972619065069], [133.31938595979452, 9.485539680287044], [133.29762888423565, 9.468711215896917], [133.288460341176, 9.462842137524511], [133.25753472255752, 9.455760547096649], [133.22660910393904, 9.461034318877338], [133.212107832455, 9.468711215896917]]]}, "properties": {"fillColor": "#8A2BE2", "fillOpacity": 0.7, "color": "#000000", "weight": 0.2, "stroke": false}}, {"type": "Feature", "geometry": {"type": "Polygon", "coordinates": [[[122.18616325713768, 9.546779880892114], [122.21708887575619, 9.532988530553375], [122.24801449437467, 9.54080681465835], [122.27894011299317, 9.548920234477983], [122.29045061862624, 9.554363287726868], [122.30986573161167, 9.558483645511773], [122.34079135023015, 9.571049165865375], [122.35805652494409, 9.582913978336851], [122.37171696884865, 9.588575103903038], [122.39940028952304, 9.611464668946834], [122.40264258746713, 9.614657831776723], [122.42521553834003, 9.640015359556818], [122.43356820608561, 9.655856422514406], [122.4441631608837, 9.668566050166802], [122.44720295656298, 9.697116740776785], [122.43449263197596, 9.72566743138677], [122.43356820608564, 9.72652086613651], [122.40264258746713, 9.74717352606774], [122.39320288842882, 9.754218121996754], [122.40264258746713, 9.758803082185793], [122.42745352514244, 9.782768812606736], [122.43356820608562, 9.78933883069424], [122.45342867763355, 9.81131950321672], [122.46221208087755, 9.839870193826705], [122.4644938247041, 9.856596712636257], [122.47379295760248, 9.868420884436688], [122.48399793271051, 9.89697157504667], [122.48770764367353, 9.925522265656655], [122.48916446613818, 9.95407295626664], [122.48896768379332, 9.982623646876622], [122.4954194433226, 9.986570514280828], [122.50682500288553, 9.982623646876622], [122.5263450619411, 9.964602627680243], [122.55727068055958, 9.959112738265667], [122.58819629917808, 9.95820813488663], [122.61912191779658, 9.959432471760985], [122.65004753641506, 9.965185945780092], [122.67641316600998, 9.982623646876622], [122.68097315503356, 9.98395308397791], [122.71084497876704, 10.011174337486606], [122.71189877365204, 10.014144261530397], [122.7315765459769, 10.03972502809659], [122.73858577184218, 10.068275718706573], [122.7393420180994, 10.096826409316556], [122.73850498691479, 10.12537709992654], [122.73466551685534, 10.153927790536525], [122.71803400583232, 10.182478481146507], [122.71189877365204, 10.188142559138301], [122.70266417135973, 10.211029171756492], [122.68097315503356, 10.231054429901999], [122.6600457597248, 10.239579862366476], [122.65004753641506, 10.248810273692671], [122.61912191779658, 10.257424705307573], [122.58819629917808, 10.25733129920965], [122.55727068055958, 10.249355204009682], [122.54092058949621, 10.239579862366476], [122.5263450619411, 10.238430293935737], [122.49541944332259, 10.231091416523608], [122.47157756144397, 10.211029171756492], [122.4644938247041, 10.205682903766146], [122.4412725127687, 10.182478481146507], [122.4364013762977, 10.153927790536525], [122.43442718629314, 10.12537709992654], [122.43356820608562, 10.122262601952412], [122.42943449746426, 10.12537709992654], [122.40264258746714, 10.147393169485902], [122.37171696884865, 10.150246995922993], [122.34079135023015, 10.150188989277645], [122.30986573161167, 10.148501234279674], [122.27894011299317, 10.131714078824112], [122.27207600608743, 10.12537709992654], [122.24801449437467, 10.123279612282639], [122.21708887575619, 10.117849053841915], [122.18739443764085, 10.096826409316556], [122.1861632571377, 10.096245676918748], [122.15600127794197, 10.068275718706573], [122.1552376385192, 10.066754215210565], [122.13312734764341, 10.03972502809659], [122.12589597216748, 10.011174337486604], [122.12431201990071, 9.995490373544879], [122.11550602540314, 9.982623646876622], [122.10569392605683, 9.95407295626664], [122.10652879849252, 9.925522265656655], [122.1185570240558, 9.896971575046672], [122.12068109340663, 9.868420884436688], [122.09338640128223, 9.849099128071888], [122.08321756484987, 9.839870193826705], [122.07259011281454, 9.81131950321672], [122.07328510759788, 9.782768812606736], [122.08659709314863, 9.754218121996754], [122.09338640128222, 9.74793597183355], [122.12431201990071, 9.732693572166664], [122.1552376385192, 9.72684778790078], [122.18616325713768, 9.732672234064571], [122.21708887575619, 9.737650814570756], [122.24801449437467, 9.738195917181528], [122.27894011299317, 9.726946404514763], [122.28082300109813, 9.72566743138677], [122.27894011299317, 9.725034118360362], [122.24801449437467, 9.707531005055099], [122.23717024892707, 9.697116740776785], [122.21708887575619, 9.671709628791083], [122.21392682356134, 9.668566050166802], [122.18966170030349, 9.640015359556818], [122.1861632571377, 9.634314112221732], [122.16622450686373, 9.611464668946834], [122.1552376385192, 9.584179152150819], [122.15426047400585, 9.582913978336851], [122.15523763851918, 9.580698078209654], [122.17123876114206, 9.554363287726868], [122.18616325713768, 9.546779880892114]]]}, "properties": {"fillColor": "#8A2BE2", "fillOpacity": 0.7, "color": "#000000", "weight": 0.2, "stroke": false}}, {"type": "Feature", "geometry": {"type": "Polygon", "coordinates": [[[122.24124885939182, 9.839870193826705], [122.21708887575619, 9.863522360575002], [122.21336274371295, 9.868420884436688], [122.19918775420646, 9.89697157504667], [122.19367649182203, 9.925522265656655], [122.19384115613832, 9.95407295626664], [122.20210838029533, 9.982623646876622], [122.21708887575619, 10.00470171072696], [122.22079482862765, 10.011174337486606], [122.24801449437467, 10.038395497802227], [122.25016924405942, 10.03972502809659], [122.27894011299318, 10.05843135070661], [122.30986573161167, 10.065676791357784], [122.34079135023016, 10.0656754144375], [122.37171696884866, 10.051461395588948], [122.38289288790202, 10.03972502809659], [122.39677288471245, 10.011174337486606], [122.40078310560227, 9.982623646876622], [122.40092709028136, 9.954072956266641], [122.39833111029796, 9.925522265656655], [122.39183452191642, 9.89697157504667], [122.37646935352248, 9.868420884436688], [122.37171696884865, 9.862531532176199], [122.3487996725482, 9.839870193826705], [122.34079135023015, 9.83389088373378], [122.30986573161167, 9.822941045051408], [122.27894011299315, 9.82359685400942], [122.24801449437467, 9.83510468028233], [122.24124885939182, 9.839870193826705]]]}, "properties": {"fillColor": "#8A2BE2", "fillOpacity": 0.7, "color": "#000000", "weight": 0.2, "stroke": false}}, {"type": "Feature", "geometry": {"type": "Polygon", "coordinates": [[[122.51913877484827, 10.068275718706573], [122.50689796924621, 10.096826409316556], [122.50887370295652, 10.12537709992654], [122.5263450619411, 10.150802048143111], [122.5294819824656, 10.153927790536525], [122.5572706805596, 10.171598466918514], [122.58819629917808, 10.17514460561902], [122.61912191779658, 10.168456740817852], [122.6382213443494, 10.153927790536525], [122.65004753641506, 10.136821487114656], [122.6568751665458, 10.12537709992654], [122.6573467401575, 10.096826409316556], [122.65004753641506, 10.083264126082181], [122.64160912172365, 10.068275718706573], [122.61912191779658, 10.049060135247398], [122.5881962991781, 10.040479306155566], [122.55727068055958, 10.042316100814881], [122.5263450619411, 10.060188287617455], [122.51913877484827, 10.068275718706573]]]}, "properties": {"fillColor": "#8A2BE2", "fillOpacity": 0.7, "color": "#000000", "weight": 0.2, "stroke": false}}, {"type": "Feature", "geometry": {"type": "Polygon", "coordinates": [[[140.98893937718032, 9.637683133363941], [141.0198649957988, 9.633628911281223], [141.0507906144173, 9.632470759857735], [141.08171623303582, 9.630976326563873], [141.11264185165427, 9.628369180080828], [141.14356747027279, 9.62578955269855], [141.17449308889127, 9.62433121444095], [141.20541870750975, 9.624653960404387], [141.23634432612823, 9.628007600611356], [141.26726994474674, 9.639157931550036], [141.26819869606462, 9.64001535955682], [141.29819556336523, 9.643219158781156], [141.3291211819837, 9.645144880775616], [141.36004680060222, 9.648382984031027], [141.3909724192207, 9.659705635841123], [141.40478595716348, 9.668566050166802], [141.42189803783918, 9.672007474034157], [141.4528236564577, 9.682327461388054], [141.47564369897697, 9.697116740776785], [141.48374927507618, 9.69908254936004], [141.51467489369466, 9.707796894379356], [141.54560051231317, 9.722219870965173], [141.54937402383862, 9.72566743138677], [141.57652613093165, 9.730834034665381], [141.60745174955014, 9.734459077934261], [141.63837736816862, 9.742141546145366], [141.65990496857154, 9.754218121996754], [141.66930298678713, 9.756443775149203], [141.70022860540564, 9.77386382509997], [141.70987433521296, 9.782768812606736], [141.7311542240241, 9.807411563961677], [141.73538723683058, 9.81131950321672], [141.74930539264898, 9.839870193826705], [141.75239648985368, 9.868420884436688], [141.75086617652306, 9.89697157504667], [141.7413132788033, 9.925522265656653], [141.73115422402407, 9.934901157424958], [141.71684560718882, 9.95407295626664], [141.7002286054056, 9.969413858016434], [141.66930298678713, 9.979069956091022], [141.65918545837923, 9.982623646876622], [141.63837736816862, 10.00015558108694], [141.60745174955014, 10.006893323083311], [141.59650241668948, 10.011174337486606], [141.58278827318583, 10.03972502809659], [141.5769247315593, 10.068275718706573], [141.57652613093165, 10.069774316953431], [141.5727857776509, 10.096826409316556], [141.54858238633162, 10.12537709992654], [141.54560051231317, 10.128129981399628], [141.51467489369466, 10.142575014011797], [141.48374927507618, 10.147832190042127], [141.4528236564577, 10.150287656116998], [141.42189803783918, 10.151099993173888], [141.3909724192207, 10.150252397531382], [141.36004680060222, 10.145877367451117], [141.3291211819837, 10.136131903473725], [141.3139907065373, 10.12537709992654], [141.29819556336523, 10.122359419433703], [141.26726994474674, 10.11486067140254], [141.24568001794538, 10.096826409316556], [141.23634432612823, 10.094329119683023], [141.20541870750975, 10.088719619045946], [141.17449308889127, 10.06994991316683], [141.17267963015297, 10.068275718706573], [141.14356747027279, 10.062505764205085], [141.11264185165427, 10.04946517333147], [141.10209149331314, 10.03972502809659], [141.0817162330358, 10.032613210375283], [141.05302680520154, 10.011174337486606], [141.0507906144173, 10.01036727099526], [141.0198649957988, 10.002437015725226], [140.99243468228426, 9.982623646876622], [140.98893937718032, 9.981819547339994], [140.95801375856183, 9.975472737861931], [140.9284445614322, 9.95407295626664], [140.92708813994332, 9.953740963030615], [140.89616252132484, 9.946256023437751], [140.8674961828199, 9.925522265656655], [140.86523690270636, 9.924861707634689], [140.83431128408785, 9.911767438685473], [140.81828465824276, 9.89697157504667], [140.80338566546936, 9.883585418590378], [140.78695970204274, 9.868420884436688], [140.77306094947517, 9.839870193826705], [140.77246004685088, 9.837164262641977], [140.75499096917486, 9.81131950321672], [140.7509038214301, 9.782768812606736], [140.75157670025072, 9.754218121996754], [140.75738764109198, 9.725667431386771], [140.77246004685088, 9.708305720974968], [140.7797351162081, 9.697116740776785], [140.80338566546936, 9.67582255731094], [140.83431128408785, 9.668658441793616], [140.83491981088474, 9.668566050166802], [140.86523690270636, 9.652994572631187], [140.89616252132484, 9.646865657695162], [140.92708813994332, 9.64294795157725], [140.95801375856183, 9.640846492345853], [140.98189853159823, 9.640015359556818], [140.98893937718032, 9.637683133363941]]]}, "properties": {"fillColor": "#8A2BE2", "fillOpacity": 0.7, "color": "#000000", "weight": 0.2, "stroke": false}}, {"type": "Feature", "geometry": {"type": "Polygon", "coordinates": [[[140.8997699378157, 9.754218121996754], [140.89616252132484, 9.757398569852281], [140.87758595116912, 9.782768812606736], [140.8795903413698, 9.81131950321672], [140.89616252132484, 9.833035524374159], [140.90217198196265, 9.839870193826705], [140.92708813994332, 9.857398227122548], [140.9527238642795, 9.868420884436688], [140.95801375856183, 9.871128636170587], [140.98893937718032, 9.88334077260242], [141.0198649957988, 9.891879889378872], [141.04240635827787, 9.89697157504667], [141.0507906144173, 9.899767870339918], [141.0817162330358, 9.907963259992687], [141.11264185165427, 9.915403918728622], [141.14356747027279, 9.924609706574683], [141.14625658791297, 9.925522265656655], [141.17449308889127, 9.937464501334574], [141.20541870750975, 9.953078489451325], [141.20732135865285, 9.954072956266641], [141.23634432612823, 9.965137710647515], [141.26726994474672, 9.973513198780111], [141.29819556336523, 9.97592430126314], [141.3291211819837, 9.967800931818061], [141.34582764743942, 9.95407295626664], [141.35424079435163, 9.925522265656655], [141.36004680060222, 9.911532363253144], [141.38290492364865, 9.89697157504667], [141.3909724192207, 9.893840931899128], [141.42189803783918, 9.88329811573122], [141.4528236564577, 9.869559883003758], [141.45482889943736, 9.868420884436688], [141.4528236564577, 9.867202037742057], [141.42189803783918, 9.849774397063035], [141.40579060029577, 9.839870193826705], [141.3909724192207, 9.835724683520393], [141.36004680060222, 9.82179987481612], [141.35026856939618, 9.81131950321672], [141.3291211819837, 9.797142858442534], [141.3139559167442, 9.782768812606736], [141.29819556336523, 9.773920640305219], [141.26726994474674, 9.758551886426499], [141.2555161749188, 9.754218121996754], [141.23634432612823, 9.749120363525098], [141.20541870750975, 9.744792271750136], [141.17449308889127, 9.743349996222038], [141.14356747027279, 9.743092883878397], [141.11264185165427, 9.741922456032436], [141.08171623303576, 9.739209545594482], [141.0507906144173, 9.735974757324875], [141.0198649957988, 9.733294083082427], [140.98893937718032, 9.732157306391526], [140.95801375856183, 9.733589435331512], [140.9270881399433, 9.73985873116725], [140.8997699378157, 9.754218121996754]]]}, "properties": {"fillColor": "#8A2BE2", "fillOpacity": 0.7, "color": "#000000", "weight": 0.2, "stroke": false}}, {"type": "Feature", "geometry": {"type": "Polygon", "coordinates": [[[121.28932031720144, 9.694949075816803], [121.32024593581994, 9.69426553555962], [121.35117155443844, 9.695669749970698], [121.36444506736454, 9.697116740776785], [121.38209717305692, 9.698178915588153], [121.41302279167542, 9.700950021078238], [121.4439484102939, 9.70480396057644], [121.47487402891241, 9.710283074343907], [121.5057996475309, 9.71882455091334], [121.51283963182622, 9.72566743138677], [121.51559985941155, 9.754218121996754], [121.50579964753089, 9.780657044823924], [121.50465802714463, 9.782768812606736], [121.4748740289124, 9.810716749302497], [121.47424455216361, 9.81131950321672], [121.4439484102939, 9.832581688739168], [121.4258048390401, 9.839870193826705], [121.41302279167542, 9.845755506335308], [121.38209717305692, 9.860394207955647], [121.35117155443845, 9.863880428332573], [121.33430004057283, 9.868420884436688], [121.32024593581994, 9.875617082377499], [121.28932031720144, 9.883637533844475], [121.25839469858295, 9.885037050091091], [121.22746907996446, 9.885689927233607], [121.20263770387689, 9.89697157504667], [121.19654346134598, 9.902597811182765], [121.16561784272747, 9.922608290815104], [121.1621228250068, 9.925522265656655], [121.13493838951572, 9.95407295626664], [121.13469222410899, 9.954306966250499], [121.1037666054905, 9.97513245887324], [121.07284098687201, 9.967039251256262], [121.06050334387021, 9.95407295626664], [121.0475919344305, 9.925522265656655], [121.04549634252747, 9.89697157504667], [121.04191536825353, 9.885138562366963], [121.03439285764097, 9.868420884436688], [121.02568010528431, 9.839870193826705], [121.01490347333896, 9.81131950321672], [121.01098974963503, 9.803072868191965], [120.99494719898482, 9.782768812606736], [120.98006413101655, 9.766242443470624], [120.96475206718222, 9.754218121996754], [120.94913851239805, 9.739300559025445], [120.92816537486522, 9.72566743138677], [120.94913851239804, 9.717075571532419], [120.98006413101653, 9.717626260920355], [120.98948417443322, 9.72566743138677], [121.01098974963503, 9.74183350903695], [121.04191536825353, 9.74178419505661], [121.072840986872, 9.741479197588752], [121.1037666054905, 9.740528930517367], [121.13469222410899, 9.734878225013546], [121.15662306518364, 9.72566743138677], [121.16561784272749, 9.720330089490762], [121.19654346134598, 9.714765619521751], [121.22746907996446, 9.704619353214193], [121.25839469858296, 9.697665503313127], [121.26698705433611, 9.697116740776785], [121.28932031720144, 9.694949075816803]]]}, "properties": {"fillColor": "#8A2BE2", "fillOpacity": 0.7, "color": "#000000", "weight": 0.2, "stroke": false}}, {"type": "Feature", "geometry": {"type": "Polygon", "coordinates": [[[131.52570007992202, 9.79068410027525], [131.55662569854053, 9.783159446548163], [131.587551317159, 9.783443768439946], [131.6184769357775, 9.783202608805869], [131.64940255439598, 9.783152456705741], [131.6803281730145, 9.783200212952734], [131.71125379163297, 9.78336502293745], [131.74217941025145, 9.783718378866709], [131.77310502886996, 9.784584500792434], [131.80403064748845, 9.787389589978996], [131.83495626610693, 9.801492632689676], [131.8456005637978, 9.811319503216723], [131.8658818847254, 9.81870217677779], [131.88881071790524, 9.839870193826705], [131.89680750334392, 9.84231121254613], [131.9277331219624, 9.84634184638438], [131.9586587405809, 9.848611534516486], [131.9895843591994, 9.850678693785532], [132.02050997781788, 9.849169627001842], [132.05143559643636, 9.848530888559962], [132.08236121505487, 9.850010450497399], [132.11328683367336, 9.85757895618487], [132.12503062449036, 9.868420884436688], [132.14421245229184, 9.877141987914328], [132.165691521131, 9.89697157504667], [132.17513807091035, 9.906434637213199], [132.19581346281723, 9.925522265656655], [132.20606368952883, 9.93484004635583], [132.23195830476672, 9.95407295626664], [132.23698930814732, 9.955148477774292], [132.2679149267658, 9.957151396977753], [132.2988405453843, 9.957595719660858], [132.3297661640028, 9.958514760393616], [132.36069178262127, 9.960864490628815], [132.39161740123978, 9.968906757499784], [132.40737240645637, 9.982623646876622], [132.42254301985827, 9.984584396230789], [132.45346863847675, 9.989506190783976], [132.47868255291797, 10.011174337486606], [132.48439425709526, 10.01350315839142], [132.51531987571374, 10.032392530791958], [132.52333642395098, 10.03972502809659], [132.54612847107052, 10.068275718706573], [132.54624549433223, 10.068493727465603], [132.5717669384386, 10.096826409316556], [132.57717111295074, 10.12174485103385], [132.58062567373352, 10.12537709992654], [132.5949788750296, 10.153927790536525], [132.59678062348553, 10.182478481146507], [132.58894836840952, 10.211029171756492], [132.57717111295074, 10.224779919081715], [132.57525439450424, 10.239579862366476], [132.56080603376984, 10.268130552976459], [132.54624549433223, 10.281572918082407], [132.54247749397496, 10.296681243586441], [132.52098341621473, 10.325231934196427], [132.51531987571374, 10.33046054399712], [132.5068919127774, 10.35378262480641], [132.48439425709526, 10.374552576565666], [132.45346863847675, 10.382143008094497], [132.45214009176865, 10.382333315416393], [132.42254301985827, 10.404749972211308], [132.39161740123978, 10.408825347978345], [132.38810643792792, 10.410884006026377], [132.38800192282133, 10.439434696636361], [132.3828364665497, 10.467985387246344], [132.36069178262127, 10.492032042594639], [132.35077511012653, 10.496536077856328], [132.3297661640028, 10.51081658606292], [132.2988405453843, 10.521715498384747], [132.27966396969742, 10.525086768466313], [132.2679149267658, 10.53425481986947], [132.23698930814732, 10.54796682448847], [132.20606368952883, 10.552350610270006], [132.18799813763042, 10.553637459076295], [132.17513807091035, 10.55951177510472], [132.14421245229184, 10.566763160611437], [132.11328683367336, 10.569979130528317], [132.08236121505487, 10.57212020229614], [132.05143559643636, 10.57637274049129], [132.02050997781788, 10.577273708642375], [131.9895843591994, 10.577799206704725], [131.9586587405809, 10.577807014276846], [131.9277331219624, 10.576943580990594], [131.89680750334392, 10.574468526095123], [131.8658818847254, 10.568525832330906], [131.84730477694876, 10.553637459076295], [131.83495626610693, 10.545474135119722], [131.814354073232, 10.525086768466313], [131.80403064748845, 10.50561256984317], [131.7965042009626, 10.496536077856328], [131.79194297086647, 10.467985387246344], [131.79051753336714, 10.439434696636361], [131.78978397480637, 10.410884006026377], [131.7891311766606, 10.382333315416393], [131.7922694516222, 10.35378262480641], [131.80403064748845, 10.33625564458052], [131.8059588741841, 10.325231934196427], [131.82498806838373, 10.296681243586441], [131.82020819562237, 10.268130552976459], [131.80403064748845, 10.26683895848504], [131.77310502886996, 10.267791933382219], [131.7453501108679, 10.268130552976459], [131.74217941025142, 10.268813907461633], [131.74088000729768, 10.268130552976459], [131.71125379163297, 10.266678916455762], [131.6803281730145, 10.262322058790998], [131.64940255439598, 10.248393301561357], [131.63875381481174, 10.239579862366476], [131.6184769357775, 10.22004009285846], [131.6094196200571, 10.211029171756492], [131.59343780749597, 10.182478481146507], [131.58968419960559, 10.153927790536525], [131.587551317159, 10.13636380035375], [131.5791738145306, 10.12537709992654], [131.57289969047625, 10.096826409316556], [131.587551317159, 10.077118261690163], [131.58909973700398, 10.068275718706573], [131.58784858138637, 10.03972502809659], [131.587551317159, 10.039465234720067], [131.55782733613333, 10.011174337486606], [131.55662569854053, 10.008911971918158], [131.52815063552157, 9.982623646876622], [131.52620520897656, 9.95407295626664], [131.52570007992202, 9.949809253030267], [131.49939283155564, 9.925522265656655], [131.4963793615196, 9.89697157504667], [131.4961744941925, 9.868420884436688], [131.49722372070042, 9.839870193826705], [131.50334816521269, 9.81131950321672], [131.52570007992202, 9.79068410027525]]]}, "properties": {"fillColor": "#8A2BE2", "fillOpacity": 0.7, "color": "#000000", "weight": 0.2, "stroke": false}}, {"type": "Feature", "geometry": {"type": "Polygon", "coordinates": [[[131.59097334924718, 9.839870193826705], [131.587551317159, 9.841806314009256], [131.56330248008146, 9.868420884436688], [131.55907691053545, 9.89697157504667], [131.56188555279675, 9.925522265656655], [131.57268239424843, 9.95407295626664], [131.587551317159, 9.971940999131977], [131.59461795614595, 9.982623646876622], [131.6184769357775, 10.005429236747743], [131.62703981834397, 10.011174337486606], [131.64940255439598, 10.02928367505988], [131.6664571472598, 10.03972502809659], [131.68032817301446, 10.055641117060063], [131.6892896761339, 10.068275718706573], [131.6973799475654, 10.096826409316556], [131.7067935113644, 10.12537709992654], [131.71125379163297, 10.13295538545015], [131.72323188210885, 10.153927790536525], [131.74217941025148, 10.170580430338621], [131.76694617698047, 10.182478481146507], [131.77310502886996, 10.185198018152203], [131.80403064748845, 10.194987167424788], [131.83495626610693, 10.202429235743733], [131.86399052354312, 10.211029171756492], [131.8658818847254, 10.211946039593249], [131.89680750334392, 10.232488956511895], [131.90492239068618, 10.239579862366476], [131.9210205716041, 10.268130552976459], [131.92091197969435, 10.296681243586441], [131.91254065820303, 10.325231934196427], [131.90927064750667, 10.35378262480641], [131.91967891063175, 10.382333315416393], [131.9277331219624, 10.39382504537799], [131.94102965442832, 10.410884006026377], [131.9586587405809, 10.42802753027976], [131.9781627047651, 10.439434696636361], [131.9895843591994, 10.445730129656521], [132.02050997781788, 10.455557807116756], [132.05143559643636, 10.459876338740562], [132.08236121505487, 10.461330522903667], [132.11328683367336, 10.460734155506385], [132.14421245229187, 10.458023488736423], [132.17513807091035, 10.453003948227753], [132.20606368952883, 10.444635558234948], [132.219204793759, 10.439434696636361], [132.23698930814732, 10.43109074657897], [132.26194163861084, 10.410884006026377], [132.2679149267658, 10.406534105620057], [132.29122532144288, 10.382333315416393], [132.2988405453843, 10.380175872479532], [132.3297661640028, 10.371394597013415], [132.36069178262127, 10.361740976603931], [132.37898393645503, 10.35378262480641], [132.39161740123978, 10.351360125210118], [132.42254301985827, 10.339605986941411], [132.4409075387421, 10.325231934196427], [132.45346863847675, 10.312839296061846], [132.46821206384556, 10.296681243586441], [132.48266097756374, 10.268130552976459], [132.48439425709526, 10.263123543773549], [132.49961841803324, 10.239579862366476], [132.50842161677576, 10.211029171756492], [132.51008368434668, 10.182478481146507], [132.50386572762324, 10.153927790536525], [132.48479319292562, 10.12537709992654], [132.48439425709526, 10.124911234319361], [132.46022493645637, 10.096826409316556], [132.45346863847675, 10.09071534005897], [132.42254301985827, 10.069616069008305], [132.41951056873822, 10.068275718706573], [132.39161740123978, 10.053039726073477], [132.36069178262127, 10.045042506469139], [132.3297661640028, 10.041358862522095], [132.2988405453843, 10.039861544780015], [132.2679149267658, 10.040785214697555], [132.23698930814732, 10.045563965288443], [132.20606368952883, 10.0519672187865], [132.17513807091035, 10.047284206476546], [132.16911514577436, 10.03972502809659], [132.14421245229184, 10.018245095534354], [132.1395699461801, 10.011174337486606], [132.11328683367336, 9.985975094850161], [132.10907522163563, 9.982623646876622], [132.08236121505487, 9.961665540827928], [132.06090643966994, 9.95407295626664], [132.05143559643636, 9.94936953992905], [132.02050997781788, 9.93955154667397], [131.9895843591994, 9.934709374151817], [131.9586587405809, 9.928433365780034], [131.93890251625055, 9.925522265656655], [131.9277331219624, 9.922301609544498], [131.89680750334392, 9.916438724668971], [131.8658818847254, 9.904228281213458], [131.8501343535264, 9.89697157504667], [131.83495626610693, 9.887000836810559], [131.80403064748845, 9.869921269974768], [131.8010128177228, 9.868420884436688], [131.77310502886996, 9.850425558835905], [131.74217941025145, 9.840960263366329], [131.73692887951347, 9.839870193826705], [131.71125379163297, 9.828954512172192], [131.68032817301452, 9.822622917104086], [131.64940255439598, 9.82128852797667], [131.6184769357775, 9.825343701627947], [131.59097334924718, 9.839870193826705]]]}, "properties": {"fillColor": "#8A2BE2", "fillOpacity": 0.7, "color": "#000000", "weight": 0.2, "stroke": false}}, {"type": "Feature", "geometry": {"type": "Polygon", "coordinates": [[[131.40199760544806, 9.831375277067472], [131.42226850265894, 9.839870193826705], [131.43292322406654, 9.844578885323166], [131.4557248286905, 9.868420884436688], [131.4535162321069, 9.89697157504667], [131.43292322406654, 9.915973593953979], [131.40199760544806, 9.915802815590286], [131.37991728305883, 9.89697157504667], [131.37107198682958, 9.883254482121686], [131.35896085847017, 9.868420884436688], [131.37107198682958, 9.855683958961356], [131.39019406592652, 9.839870193826705], [131.40199760544806, 9.831375277067472]]]}, "properties": {"fillColor": "#8A2BE2", "fillOpacity": 0.7, "color": "#000000", "weight": 0.2, "stroke": false}}, {"type": "Feature", "geometry": {"type": "Polygon", "coordinates": [[[120.29970052140973, 9.86683264460635], [120.30179915681225, 9.868420884436688], [120.3056007575018, 9.89697157504667], [120.29970052140973, 9.901687220171816], [120.28527911925978, 9.89697157504667], [120.29548744971406, 9.868420884436688], [120.29970052140973, 9.86683264460635]]]}, "properties": {"fillColor": "#8A2BE2", "fillOpacity": 0.7, "color": "#000000", "weight": 0.2, "stroke": false}}, {"type": "Feature", "geometry": {"type": "Polygon", "coordinates": [[[120.54710547035766, 9.969628961721387], [120.57803108897616, 9.95948242443259], [120.60895670759464, 9.955522588361996], [120.63988232621314, 9.956861655570806], [120.67080794483164, 9.964968214399368], [120.69464749071182, 9.982623646876622], [120.70173356345012, 9.98539234046366], [120.73096641933218, 10.011174337486606], [120.7326591820686, 10.011558353192054], [120.74600486209359, 10.011174337486606], [120.76358480068708, 10.003896312689559], [120.7945104193056, 9.984519521503687], [120.82543603792408, 9.983865198891637], [120.84066463388466, 9.982623646876622], [120.85636165654257, 9.968132074600163], [120.88728727516107, 9.965775308974655], [120.91821289377955, 9.971810672776982], [120.93564213177586, 9.982623646876622], [120.94913851239805, 9.983232691103696], [120.98006413101653, 9.985343056552123], [121.01098974963503, 9.989583316711705], [121.04191536825354, 10.006969396555009], [121.04694631095438, 10.011174337486606], [121.07284098687201, 10.01472766036162], [121.1037666054905, 10.038629201191045], [121.10495358640861, 10.03972502809659], [121.13387214833938, 10.068275718706573], [121.13469222410899, 10.069864625652588], [121.15901286481751, 10.096826409316556], [121.16409132744771, 10.12537709992654], [121.16561784272749, 10.146282157072129], [121.17146785941704, 10.153927790536525], [121.17887676956191, 10.182478481146507], [121.17470963191485, 10.211029171756492], [121.1656178427275, 10.226613623546463], [121.1643821921361, 10.239579862366476], [121.15413065643126, 10.268130552976459], [121.13469222410899, 10.287095698339689], [121.11504835213772, 10.296681243586441], [121.1037666054905, 10.30524549710898], [121.07284098687201, 10.316218799967357], [121.04191536825353, 10.31746879916427], [121.01098974963503, 10.308969940042147], [120.99767884430182, 10.296681243586441], [120.98006413101653, 10.295982111780166], [120.94913851239805, 10.295357434096248], [120.91821289377955, 10.294565877092587], [120.88728727516107, 10.294898639959118], [120.85636165654257, 10.29607147575392], [120.84210778734321, 10.296681243586441], [120.82543603792408, 10.307668522720135], [120.7945104193056, 10.311011671569329], [120.76358480068708, 10.306650755335582], [120.74319417233323, 10.296681243586441], [120.7326591820686, 10.296357673077186], [120.70173356345012, 10.294428311849442], [120.67080794483162, 10.290089424808569], [120.63988232621314, 10.270479247644404], [120.6368265095038, 10.268130552976459], [120.60895670759464, 10.253445940033803], [120.59548394953629, 10.239579862366476], [120.58335264184167, 10.211029171756492], [120.57962064440305, 10.182478481146507], [120.57803108897616, 10.179464454340154], [120.54710547035766, 10.155669065679776], [120.5451129903751, 10.153927790536525], [120.51725087232084, 10.12537709992654], [120.51617985173917, 10.122229083578455], [120.49507486522307, 10.096826409316556], [120.49200535554044, 10.068275718706573], [120.49386768546782, 10.03972502809659], [120.50796731475636, 10.011174337486606], [120.51617985173917, 10.00359248098725], [120.53302985016802, 9.982623646876622], [120.54710547035766, 9.969628961721387]]]}, "properties": {"fillColor": "#8A2BE2", "fillOpacity": 0.7, "color": "#000000", "weight": 0.2, "stroke": false}}, {"type": "Feature", "geometry": {"type": "Polygon", "coordinates": [[[120.77589033319168, 10.068275718706573], [120.7635848006871, 10.070429077353445], [120.7326591820686, 10.075890808361041], [120.70173356345012, 10.084455237252149], [120.67718511452213, 10.096826409316556], [120.67080794483162, 10.107064565083245], [120.66237999527596, 10.12537709992654], [120.66524641542448, 10.153927790536525], [120.67080794483162, 10.165648176142497], [120.67552603385438, 10.182478481146507], [120.70120480225728, 10.211029171756492], [120.70173356345012, 10.211460005712096], [120.7326591820686, 10.231192999925078], [120.7635848006871, 10.237657633492454], [120.7945104193056, 10.2390245533398], [120.82543603792408, 10.236844986328647], [120.85636165654257, 10.231675216580392], [120.88728727516107, 10.225969281483522], [120.91821289377955, 10.226732273193132], [120.94913851239805, 10.234275349165387], [120.9740554450448, 10.239579862366476], [120.98006413101653, 10.242024483384323], [121.01098974963503, 10.245834048094952], [121.03563375299227, 10.239579862366476], [121.04191536825351, 10.238540289908226], [121.072840986872, 10.219349644196395], [121.08056136968763, 10.211029171756492], [121.0932888624035, 10.182478481146507], [121.09307295008387, 10.153927790536525], [121.08167341230174, 10.12537709992654], [121.07284098687202, 10.114459712067363], [121.06126076035841, 10.096826409316556], [121.04191536825351, 10.07840855746971], [121.02147255784156, 10.068275718706573], [121.01098974963503, 10.062304217262389], [120.98006413101653, 10.054029156488912], [120.94913851239804, 10.04807421137541], [120.91821289377955, 10.043013328899791], [120.88728727516107, 10.040815219705742], [120.85636165654257, 10.04326712803726], [120.82543603792408, 10.04995995675124], [120.7945104193056, 10.060827084036283], [120.77589033319168, 10.068275718706573]]]}, "properties": {"fillColor": "#8A2BE2", "fillOpacity": 0.7, "color": "#000000", "weight": 0.2, "stroke": false}}, {"type": "Feature", "geometry": {"type": "Polygon", "coordinates": [[[133.81419585769038, 10.028239057397467], [133.84512147630886, 10.01813546223445], [133.87604709492734, 10.016881626335012], [133.90697271354583, 10.019012280041418], [133.93789833216434, 10.024016139555593], [133.96882395078282, 10.035716497180497], [133.97367592408972, 10.03972502809659], [133.99974956940133, 10.043463884200628], [134.0306751880198, 10.049342786640715], [134.05996269749852, 10.068275718706573], [134.0616008066383, 10.068525104674949], [134.09252642525678, 10.073794923249453], [134.1234520438753, 10.084318159180246], [134.1406431454298, 10.096826409316556], [134.15437766249377, 10.102535034755956], [134.1795921055515, 10.12537709992654], [134.18530328111225, 10.135699734885947], [134.20074233397133, 10.153927790536525], [134.21129910965496, 10.182478481146507], [134.21439684556753, 10.211029171756492], [134.21440285142415, 10.239579862366476], [134.20909348412036, 10.268130552976459], [134.19441695743782, 10.296681243586441], [134.18530328111225, 10.306983895515437], [134.17036136171106, 10.325231934196427], [134.15437766249377, 10.339170773010302], [134.1234520438753, 10.353090231628153], [134.12205821266548, 10.35378262480641], [134.09252642525678, 10.377257335765515], [134.0791779544949, 10.382333315416393], [134.0616008066383, 10.396849201022556], [134.04290549394997, 10.410884006026377], [134.0306751880198, 10.422493486797139], [133.99974956940133, 10.438712721996053], [133.99763072767828, 10.439434696636361], [133.96882395078282, 10.461474978825482], [133.94031082915873, 10.467985387246344], [133.93789833216434, 10.46982464482817], [133.90697271354583, 10.49129411087849], [133.87604709492734, 10.496063346167183], [133.86816460736165, 10.496536077856328], [133.84512147630886, 10.50526208317372], [133.81419585769038, 10.507141126138938], [133.78327023907187, 10.49994729406182], [133.7768278493333, 10.496536077856328], [133.75234462045339, 10.493223895044313], [133.7214190018349, 10.469796933576731], [133.71880731894385, 10.467985387246344], [133.6904933832164, 10.460510699671373], [133.6595677645979, 10.457435707613152], [133.62864214597943, 10.464552530863417], [133.60673377050276, 10.467985387246344], [133.59771652736094, 10.47286610869607], [133.56679090874243, 10.49067761070637], [133.53586529012395, 10.496096833349498], [133.5343114550421, 10.496536077856328], [133.50493967150547, 10.516616892910243], [133.47401405288696, 10.523767221276485], [133.47082739918488, 10.525086768466313], [133.44308843426847, 10.545586374495286], [133.4273623012301, 10.553637459076295], [133.41216281565, 10.566119938245688], [133.39670442145405, 10.582188149686278], [133.38123719703148, 10.596637462078448], [133.36700411543353, 10.610738840296262], [133.350311578413, 10.625939379816346], [133.3248158981236, 10.639289530906245], [133.31938595979452, 10.64391060932112], [133.288460341176, 10.64966043915979], [133.275489225147, 10.639289530906247], [133.25753472255752, 10.627128349127608], [133.22660910393904, 10.611771705424664], [133.2256036646785, 10.610738840296262], [133.2149613941337, 10.582188149686278], [133.19568348532056, 10.559653783935744], [133.1892475065227, 10.553637459076295], [133.17023943149698, 10.525086768466313], [133.1682836204725, 10.496536077856328], [133.16959824249832, 10.467985387246344], [133.172055126215, 10.439434696636361], [133.17387045086974, 10.410884006026377], [133.17468516282236, 10.382333315416393], [133.18485567169586, 10.35378262480641], [133.19222770872398, 10.325231934196426], [133.19568348532056, 10.319697685885842], [133.21245505526906, 10.296681243586441], [133.22660910393904, 10.28272663787816], [133.24209471065973, 10.268130552976459], [133.25753472255752, 10.255243299116422], [133.288460341176, 10.255760149337124], [133.30881149251513, 10.268130552976459], [133.31938595979452, 10.272758766698773], [133.35031157841303, 10.28352804373544], [133.38123719703148, 10.29076984612939], [133.41216281565, 10.277433392306078], [133.43669312137743, 10.268130552976457], [133.44308843426847, 10.264313470508815], [133.47401405288696, 10.241012383565904], [133.47586455984495, 10.239579862366476], [133.50493967150547, 10.214747069038477], [133.5127102798854, 10.211029171756492], [133.53586529012395, 10.195940639178755], [133.55863518028283, 10.182478481146507], [133.56679090874243, 10.175121965037], [133.59771652736094, 10.158510958778187], [133.61119992344055, 10.153927790536525], [133.62864214597943, 10.14228302892531], [133.6595677645979, 10.128772709324044], [133.66564360561662, 10.12537709992654], [133.6904933832164, 10.105115048658398], [133.7002961877252, 10.096826409316556], [133.7214190018349, 10.077594725546698], [133.73329156407283, 10.068275718706573], [133.75234462045339, 10.051671687052895], [133.78327023907187, 10.041549545611812], [133.79239098101206, 10.03972502809659], [133.81419585769038, 10.028239057397467]]]}, "properties": {"fillColor": "#8A2BE2", "fillOpacity": 0.7, "color": "#000000", "weight": 0.2, "stroke": false}}, {"type": "Feature", "geometry": {"type": "Polygon", "coordinates": [[[133.89786909969442, 10.153927790536525], [133.87903643324591, 10.182478481146507], [133.87604709492734, 10.209823677242563], [133.8758534760456, 10.211029171756492], [133.87485217683331, 10.239579862366476], [133.86649720696948, 10.268130552976459], [133.85023880638937, 10.296681243586441], [133.84512147630886, 10.30627832684399], [133.83192252584988, 10.325231934196427], [133.83270291862038, 10.35378262480641], [133.84512147630886, 10.364194616706895], [133.87604709492734, 10.369461763611156], [133.90697271354583, 10.364418951664607], [133.93789833216434, 10.355079586913558], [133.94072560673504, 10.35378262480641], [133.96882395078282, 10.343991845671054], [133.99974956940133, 10.330210885340621], [134.00783295605015, 10.325231934196427], [134.0306751880198, 10.315066552381321], [134.0565905237587, 10.296681243586441], [134.0616008066383, 10.293048726245027], [134.08673499241408, 10.268130552976459], [134.09252642525678, 10.256966951633682], [134.10302439253925, 10.239579862366476], [134.10584687392532, 10.211029171756492], [134.09252642525678, 10.18459510173658], [134.09147291184533, 10.182478481146507], [134.0616008066383, 10.157717535050965], [134.0531843571527, 10.153927790536525], [134.0306751880198, 10.142914400767395], [133.99974956940133, 10.135476232962864], [133.96882395078282, 10.132983678397121], [133.93789833216434, 10.1357586071372], [133.90697271354583, 10.147828903504262], [133.89786909969442, 10.153927790536525]]]}, "properties": {"fillColor": "#8A2BE2", "fillOpacity": 0.7, "color": "#000000", "weight": 0.2, "stroke": false}}, {"type": "Feature", "geometry": {"type": "Polygon", "coordinates": [[[138.6076667435565, 10.165828066720438], [138.638592362175, 10.159844134408866], [138.66951798079347, 10.158145767449431], [138.70044359941198, 10.158456012599578], [138.73136921803047, 10.162021873529415], [138.76229483664895, 10.181791155124595], [138.7630393364129, 10.182478481146507], [138.78828219844317, 10.211029171756492], [138.79322045526743, 10.21667885985454], [138.81864827891386, 10.239579862366476], [138.82414607388594, 10.244682981521095], [138.85297645201317, 10.268130552976459], [138.85507169250442, 10.269155963901508], [138.8859973111229, 10.279699254785763], [138.90642732651872, 10.296681243586441], [138.91692292974142, 10.303774848462757], [138.93982571118875, 10.325231934196427], [138.9478485483599, 10.339119000485088], [138.96053963859399, 10.35378262480641], [138.97632896807843, 10.382333315416393], [138.97877416697838, 10.38485445273978], [139.00751646064612, 10.410884006026377], [139.0096997855969, 10.41209354777408], [139.04062540421538, 10.437190561310368], [139.04305621312884, 10.439434696636361], [139.07155102283386, 10.45330777483164], [139.08802401021921, 10.467985387246344], [139.1001912720309, 10.496536077856328], [139.1023411917359, 10.525086768466313], [139.1024607402727, 10.553637459076295], [139.10001559370818, 10.582188149686278], [139.08581171095506, 10.610738840296262], [139.07155102283386, 10.630518898247352], [139.06941966921616, 10.639289530906247], [139.0685265301683, 10.66784022151623], [139.06508092098395, 10.696390912126216], [139.0437851236296, 10.724941602736198], [139.04062540421538, 10.72785867199592], [139.0096997855969, 10.751275478682086], [139.0011990309271, 10.75349229334618], [138.97877416697838, 10.764159723155926], [138.9478485483599, 10.767841345697185], [138.91692292974142, 10.773265672748792], [138.89510566655343, 10.782042983956163], [138.8859973111229, 10.789926256991723], [138.87189106316418, 10.81059367456615], [138.85507169250442, 10.826630050973632], [138.84519407359926, 10.839144365176132], [138.82414607388594, 10.858952282226506], [138.81348634715152, 10.867695055786115], [138.79322045526743, 10.88621011349292], [138.77651281761075, 10.896245746396097], [138.76229483664895, 10.908927887090982], [138.73136921803047, 10.921716200414146], [138.72709136568236, 10.924796437006083], [138.70044359941198, 10.950312492736629], [138.69721784861582, 10.953347127616066], [138.68511999266872, 10.98189781822605], [138.66951798079347, 10.999898045601135], [138.66001001077882, 11.010448508836035], [138.638592362175, 11.03138749024552], [138.62316834319645, 11.038999199446017], [138.6076667435565, 11.048212076821315], [138.576741124938, 11.048454020324947], [138.55968590792475, 11.038999199446017], [138.5458155063195, 11.033375436402814], [138.51488988770103, 11.025963156833166], [138.49259144593904, 11.010448508836035], [138.48396426908255, 11.00500203128847], [138.45303865046404, 10.995455679287184], [138.43778252193567, 10.98189781822605], [138.42211303184553, 10.964357667933783], [138.4143298007584, 10.953347127616066], [138.4034396610584, 10.924796437006083], [138.39118741322704, 10.903190687594197], [138.3872145291679, 10.896245746396099], [138.37698748626858, 10.867695055786115], [138.36026179460856, 10.849482441567172], [138.34227198614428, 10.839144365176132], [138.32933617599008, 10.827446720234175], [138.31319636007976, 10.81059367456615], [138.32933617599008, 10.803410470416559], [138.36026179460856, 10.801574654153715], [138.39118741322704, 10.7983346111643], [138.4137904045395, 10.782042983956163], [138.42211303184556, 10.775533583126565], [138.453038650464, 10.772356382447041], [138.48396426908255, 10.771649998217793], [138.51488988770103, 10.767568127338299], [138.5458155063195, 10.755029613526204], [138.5466959230343, 10.75349229334618], [138.55782384831406, 10.724941602736198], [138.56825239152215, 10.696390912126214], [138.576741124938, 10.685654223935307], [138.57936032261648, 10.66784022151623], [138.58314039852786, 10.639289530906247], [138.58980657451139, 10.610738840296262], [138.6076667435565, 10.586356378375644], [138.60827187513698, 10.582188149686278], [138.61251043298589, 10.553637459076295], [138.6294289307742, 10.525086768466313], [138.638592362175, 10.515823578072375], [138.64975177788315, 10.496536077856328], [138.66951798079347, 10.477489522267764], [138.67616138126624, 10.467985387246344], [138.68726877493808, 10.439434696636361], [138.67473664193156, 10.410884006026377], [138.66951798079347, 10.409025501880645], [138.638592362175, 10.40438043432886], [138.6076667435565, 10.393420848207539], [138.59419064534714, 10.382333315416393], [138.576741124938, 10.370137585518368], [138.55958350345296, 10.35378262480641], [138.54871459097836, 10.325231934196427], [138.5458155063195, 10.301560785072455], [138.54268735441238, 10.29668124358644], [138.52871907385503, 10.268130552976459], [138.54371522395226, 10.239579862366476], [138.5458155063195, 10.236051513474418], [138.55080694884404, 10.211029171756492], [138.576741124938, 10.186513128459866], [138.58416321696063, 10.182478481146507], [138.6076667435565, 10.165828066720438]]]}, "properties": {"fillColor": "#8A2BE2", "fillOpacity": 0.7, "color": "#000000", "weight": 0.2, "stroke": false}}, {"type": "Feature", "geometry": {"type": "Polygon", "coordinates": [[[138.81611403691153, 10.496536077856328], [138.79322045526743, 10.509816081545363], [138.77419018898226, 10.525086768466313], [138.76229483664895, 10.533801334043455], [138.7409798355135, 10.553637459076295], [138.73136921803047, 10.565308560181954], [138.71835764778666, 10.582188149686278], [138.70619419970336, 10.610738840296262], [138.70188417202942, 10.639289530906247], [138.7056938288006, 10.667840221516231], [138.72114848153407, 10.696390912126214], [138.73136921803047, 10.708350289012515], [138.76229483664895, 10.721501560549822], [138.79322045526743, 10.715858727975423], [138.82414607388594, 10.70206945065698], [138.83355150862823, 10.696390912126214], [138.85507169250442, 10.687329044836266], [138.8859973111229, 10.6698379022886], [138.88899466415506, 10.66784022151623], [138.91692292974142, 10.651132984361684], [138.93148543714665, 10.639289530906247], [138.9478485483599, 10.62378796249619], [138.96009844973133, 10.610738840296262], [138.97877416697838, 10.586818681793325], [138.98268446406394, 10.582188149686278], [139.00046710786532, 10.553637459076295], [139.00047160860788, 10.525086768466313], [138.97877416697838, 10.502844539691631], [138.96441702450312, 10.49653607785633], [138.9478485483599, 10.488258503476581], [138.91692292974142, 10.478272301946387], [138.88599731112288, 10.47192810102357], [138.85507169250442, 10.473760580588554], [138.82414607388594, 10.489439374902737], [138.81611403691153, 10.496536077856328]]]}, "properties": {"fillColor": "#8A2BE2", "fillOpacity": 0.7, "color": "#000000", "weight": 0.2, "stroke": false}}, {"type": "Feature", "geometry": {"type": "Polygon", "coordinates": [[[134.64918756038963, 10.227961117824492], [134.68011317900812, 10.217783239524563], [134.7110387976266, 10.215879993294777], [134.7419644162451, 10.215955130317608], [134.7728900348636, 10.217564615073254], [134.80381565348208, 10.22256213196442], [134.8251781912923, 10.239579862366476], [134.8347412721006, 10.242722713567256], [134.86215022235768, 10.268130552976459], [134.86566689071907, 10.276411809274189], [134.88504018591448, 10.296681243586441], [134.89018803816325, 10.325231934196427], [134.89137555355558, 10.35378262480641], [134.89066511565923, 10.382333315416393], [134.88655204390642, 10.410884006026377], [134.86566689071907, 10.436587487946117], [134.86496902493383, 10.439434696636361], [134.85314226335834, 10.467985387246344], [134.8347412721006, 10.48371912678689], [134.80381565348208, 10.494928809053668], [134.79621500841102, 10.496536077856328], [134.7728900348636, 10.515000648873418], [134.7419644162451, 10.522808992125778], [134.7110387976266, 10.524445779607031], [134.69557690813218, 10.525086768466313], [134.68011317900812, 10.539362962949099], [134.64918756038963, 10.551787440389555], [134.61826194177115, 10.55291101096893], [134.58733632315264, 10.553228160986755], [134.5690285201041, 10.553637459076295], [134.55641070453416, 10.563241667927835], [134.52548508591568, 10.56243844224166], [134.51094509807984, 10.553637459076295], [134.49455946729717, 10.550534012730285], [134.4672605298904, 10.525086768466313], [134.46371720185672, 10.496536077856328], [134.46363384867868, 10.488863122589823], [134.46043540638888, 10.467985387246344], [134.46363384867868, 10.4606824882595], [134.46389325351637, 10.439434696636361], [134.46455108184801, 10.410884006026377], [134.46527677187555, 10.382333315416393], [134.46847374109197, 10.35378262480641], [134.49417591923066, 10.325231934196426], [134.49455946729714, 10.324877840643248], [134.50508351974435, 10.296681243586441], [134.52548508591568, 10.277846412474355], [134.55641070453416, 10.268266274737003], [134.55708572798713, 10.268130552976459], [134.58733632315264, 10.245470914324224], [134.61826194177115, 10.241087911079498], [134.63611750234926, 10.239579862366476], [134.64918756038963, 10.227961117824492]]]}, "properties": {"fillColor": "#8A2BE2", "fillOpacity": 0.7, "color": "#000000", "weight": 0.2, "stroke": false}}, {"type": "Feature", "geometry": {"type": "Polygon", "coordinates": [[[134.6459511280706, 10.296681243586441], [134.61826194177115, 10.30216281393918], [134.58733632315264, 10.316119758812293], [134.57503331918326, 10.325231934196427], [134.55641070453416, 10.339004481524885], [134.54217223613045, 10.35378262480641], [134.52807640712098, 10.382333315416393], [134.52548508591568, 10.396762725379364], [134.51952319037343, 10.410884006026377], [134.51911501890862, 10.439434696636361], [134.52548508591568, 10.453970798093192], [134.52946449714602, 10.467985387246342], [134.55641070453416, 10.493833764090605], [134.56551940021188, 10.496536077856328], [134.58733632315264, 10.50535910745943], [134.61826194177115, 10.505754631633305], [134.64697457767386, 10.496536077856328], [134.64918756038963, 10.49625387281693], [134.68011317900812, 10.488770965183976], [134.7110387976266, 10.471637353169253], [134.71658164591437, 10.467985387246344], [134.74196441624514, 10.454142437341364], [134.76080873394193, 10.439434696636361], [134.7728900348636, 10.426787381322615], [134.78765890966622, 10.410884006026377], [134.79936595444983, 10.382333315416393], [134.80059139653503, 10.35378262480641], [134.79081814397608, 10.325231934196427], [134.7728900348636, 10.307448171426563], [134.75072643846562, 10.296681243586441], [134.7419644162451, 10.292352065519383], [134.7110387976266, 10.285785128867154], [134.68011317900812, 10.286946308712917], [134.64918756038963, 10.295221489793283], [134.6459511280706, 10.296681243586441]]]}, "properties": {"fillColor": "#8A2BE2", "fillOpacity": 0.7, "color": "#000000", "weight": 0.2, "stroke": false}}, {"type": "Feature", "geometry": {"type": "Polygon", "coordinates": [[[140.49412947928445, 10.232588420743038], [140.52505509790296, 10.230448121463342], [140.55598071652145, 10.236179449250658], [140.5662989217068, 10.239579862366476], [140.58690633513993, 10.240070046831022], [140.6178319537584, 10.241062560464114], [140.64875757237692, 10.241833453888253], [140.6796831909954, 10.243275856038647], [140.7106088096139, 10.249855310722051], [140.73040423872771, 10.268130552976459], [140.7415344282324, 10.279090951624296], [140.76058793093188, 10.296681243586441], [140.76859956560938, 10.325231934196427], [140.77246004685088, 10.328901134373437], [140.80338566546936, 10.329459372269291], [140.83431128408785, 10.328947600636646], [140.86523690270636, 10.335988523728], [140.8840435926874, 10.35378262480641], [140.89611528965767, 10.382333315416393], [140.89616252132484, 10.38253285759204], [140.91014049536182, 10.410884006026377], [140.9130633323819, 10.439434696636361], [140.90876083263637, 10.467985387246344], [140.89616252132484, 10.487117645817364], [140.89435583876926, 10.496536077856328], [140.8806204643053, 10.525086768466313], [140.86523690270636, 10.539288951876447], [140.85721059390448, 10.553637459076295], [140.83431128408785, 10.57735164223378], [140.83139652570753, 10.582188149686278], [140.8212910909738, 10.610738840296262], [140.80338566546936, 10.634783191901864], [140.80200031471566, 10.639289530906247], [140.7955441751791, 10.66784022151623], [140.77246004685088, 10.696087466964451], [140.7722860597333, 10.696390912126214], [140.74606249686738, 10.724941602736198], [140.7415344282324, 10.732000188064708], [140.7352629996885, 10.75349229334618], [140.7415344282324, 10.757386230889253], [140.77246004685088, 10.761773553928569], [140.7934849642776, 10.75349229334618], [140.8031265178644, 10.724941602736198], [140.80338566546936, 10.724563756106756], [140.81360871207067, 10.696390912126214], [140.83431128408785, 10.677017758650567], [140.86523690270636, 10.669063987003526], [140.89616252132484, 10.668615875948422], [140.92708813994332, 10.673579949028841], [140.95801375856183, 10.680023743425068], [140.98164976445446, 10.696390912126216], [140.98893937718032, 10.700787609244605], [141.01042526165458, 10.724941602736198], [141.01927237467305, 10.75349229334618], [141.01894906087816, 10.782042983956163], [141.01001394527535, 10.81059367456615], [140.98893937718032, 10.831139434759029], [140.98150811089135, 10.839144365176132], [140.95801375856183, 10.860993849956763], [140.9436017651384, 10.867695055786115], [140.9270881399433, 10.881865380339695], [140.91458458484823, 10.896245746396099], [140.89616252132484, 10.914040280018366], [140.88683222652992, 10.924796437006083], [140.86523690270636, 10.945178965660869], [140.85235928902537, 10.953347127616066], [140.83431128408785, 10.969113875316708], [140.80338566546936, 10.978800976591714], [140.77246004685088, 10.981731160604031], [140.76766446917955, 10.98189781822605], [140.7415344282324, 10.986448229335492], [140.7106088096139, 10.98809854518889], [140.6796831909954, 10.993360689591468], [140.64875757237692, 11.00508030669319], [140.63792380330747, 11.010448508836035], [140.6178319537584, 11.0281662362181], [140.6046727432671, 11.038999199446017], [140.58690633513993, 11.055901933310299], [140.55598071652145, 11.067221632946058], [140.55262966277468, 11.067549890056], [140.52505509790296, 11.074868650473535], [140.49412947928445, 11.076760887708122], [140.46320386066597, 11.078217660896371], [140.43227824204746, 11.080041132234673], [140.40135262342898, 11.088219809415163], [140.39558393317046, 11.096100580665986], [140.40135262342898, 11.111530551909905], [140.40812987471116, 11.124651271275969], [140.4199132275716, 11.153201961885951], [140.4280433234405, 11.181752652495936], [140.43227824204746, 11.207073563150404], [140.43491982575648, 11.21030334310592], [140.4498769842656, 11.238854033715903], [140.45406849588232, 11.267404724325885], [140.45419065241728, 11.295955414935872], [140.45039631051873, 11.324506105545854], [140.4379736508002, 11.353056796155837], [140.43227824204746, 11.359825223603425], [140.40135262342898, 11.377400511946119], [140.3704270048105, 11.378859222365735], [140.339501386192, 11.373646156415411], [140.3085757675735, 11.36337653955919], [140.29739759843244, 11.353056796155837], [140.27765014895502, 11.34896502273011], [140.24672453033654, 11.33888602141987], [140.2311484519796, 11.324506105545854], [140.21579891171803, 11.3159314346971], [140.19088072528797, 11.295955414935872], [140.18487329309954, 11.282619820986213], [140.17279550056077, 11.267404724325885], [140.16184290202747, 11.238854033715903], [140.15651629612694, 11.21030334310592], [140.15394767448106, 11.187943665933503], [140.12302205586258, 11.207051368570387], [140.12095627952834, 11.21030334310592], [140.09209643724407, 11.237297782078578], [140.0897894953749, 11.238854033715903], [140.06117081862558, 11.259000794430767], [140.0302452000071, 11.265018964382735], [139.9993195813886, 11.267400647303853], [139.9992401582738, 11.267404724325885], [139.9683939627701, 11.281927282494413], [139.93746834415163, 11.285071383142746], [139.90654272553311, 11.2831794181962], [139.87561710691463, 11.271308703131352], [139.87018923323922, 11.267404724325885], [139.84469148829615, 11.266364792583367], [139.81376586967764, 11.264919739367725], [139.78284025105916, 11.26231795802303], [139.75191463244067, 11.256117568637642], [139.7209890138222, 11.244529773956547], [139.7104843153934, 11.238854033715903], [139.69006339520368, 11.237967402940518], [139.6591377765852, 11.234487225861614], [139.62821215796671, 11.227724127720109], [139.5972865393482, 11.214508361374715], [139.58979329086438, 11.21030334310592], [139.57275545735874, 11.181752652495936], [139.57477922132148, 11.153201961885951], [139.5705053228538, 11.124651271275969], [139.56636092072972, 11.1213134112622], [139.53543530211124, 11.117977856627991], [139.50450968349276, 11.112484926012893], [139.48121092289801, 11.096100580665983], [139.47358406487425, 11.093647470344312], [139.44520145084658, 11.067549890056], [139.44265844625576, 11.056702164947836], [139.43007812343689, 11.038999199446017], [139.42344247127483, 11.010448508836035], [139.42468762286825, 10.98189781822605], [139.43885918440418, 10.953347127616066], [139.44265844625576, 10.949839629479698], [139.44718376599832, 10.924796437006083], [139.47158678903284, 10.896245746396099], [139.47358406487425, 10.894401851038198], [139.50450968349276, 10.87133270397841], [139.52101018802864, 10.867695055786115], [139.53543530211124, 10.85437771606635], [139.56636092072972, 10.842422013255648], [139.57485594702817, 10.839144365176132], [139.5972865393482, 10.818436326658663], [139.60168140386256, 10.81059367456615], [139.62821215796671, 10.786100345542698], [139.63256640745732, 10.782042983956163], [139.6591377765852, 10.757512158933286], [139.67825430806792, 10.75349229334618], [139.69006339520368, 10.742590083196102], [139.7209890138222, 10.726515182372983], [139.7509381080868, 10.724941602736198], [139.75191463244067, 10.724040070416219], [139.78284025105916, 10.699620180579354], [139.81376586967764, 10.69705894381374], [139.82167801037926, 10.696390912126214], [139.84469148829615, 10.676466262728448], [139.87561710691463, 10.671713199944588], [139.90654272553311, 10.67110549586962], [139.93746834415163, 10.671852475892354], [139.95775671852442, 10.66784022151623], [139.9683939627701, 10.660341147391119], [139.9993195813886, 10.64754748918795], [140.0302452000071, 10.6397027064925], [140.0306611929539, 10.639289530906247], [140.0521658902044, 10.61073884029626], [140.06117081862558, 10.601714157938154], [140.07163507401958, 10.582188149686278], [140.09209643724407, 10.562134420459127], [140.09815117910853, 10.553637459076295], [140.09209643724407, 10.533044568966845], [140.06117081862556, 10.538219048758204], [140.0302452000071, 10.53684365556136], [139.9993195813886, 10.526288923135773], [139.99801742805943, 10.525086768466313], [139.9993195813886, 10.523745652005978], [140.01830123590395, 10.496536077856328], [140.0302452000071, 10.484055666637772], [140.05071078880738, 10.467985387246344], [140.06117081862558, 10.460100769568054], [140.09209643724407, 10.449008570381558], [140.10976307560816, 10.439434696636361], [140.12302205586258, 10.433007609227062], [140.1321640771613, 10.439434696636361], [140.13423275157513, 10.467985387246344], [140.12302205586258, 10.482834865656422], [140.11603950443498, 10.496536077856328], [140.11077996123828, 10.525086768466313], [140.12302205586258, 10.526744505797362], [140.12426699624638, 10.525086768466313], [140.14053759471022, 10.496536077856328], [140.15394767448106, 10.488354121267015], [140.16097168257076, 10.467985387246344], [140.18487329309954, 10.447041208854616], [140.18993257231767, 10.439434696636361], [140.21579891171803, 10.41487784589409], [140.22196933278641, 10.410884006026377], [140.24672453033654, 10.39080265655251], [140.2715526546443, 10.382333315416393], [140.27765014895502, 10.377085405195103], [140.3085757675735, 10.36069657372306], [140.339501386192, 10.356608011396856], [140.36394562904087, 10.35378262480641], [140.3704270048105, 10.345595287890545], [140.3737275596795, 10.325231934196427], [140.38269524988112, 10.296681243586441], [140.40135262342898, 10.276627861891425], [140.4111868337635, 10.268130552976459], [140.43227824204746, 10.251565560029364], [140.46320386066597, 10.240779961214525], [140.47819091857525, 10.239579862366476], [140.49412947928445, 10.232588420743038]]]}, "properties": {"fillColor": "#8A2BE2", "fillOpacity": 0.7, "color": "#000000", "weight": 0.2, "stroke": false}}, {"type": "Feature", "geometry": {"type": "Polygon", "coordinates": [[[140.56680412177442, 10.35378262480641], [140.55598071652145, 10.356486381589235], [140.52505509790296, 10.37515716060264], [140.51682852068075, 10.382333315416393], [140.49412947928445, 10.389175793450626], [140.46320386066597, 10.396582286075372], [140.43227824204746, 10.405025244569066], [140.41496952821035, 10.410884006026379], [140.40135262342898, 10.412785387764284], [140.3704270048105, 10.418730146158305], [140.339501386192, 10.429679757586207], [140.32282606558692, 10.439434696636361], [140.3085757675735, 10.446282669375474], [140.28226679518824, 10.467985387246344], [140.27765014895502, 10.473373236404957], [140.25732802678266, 10.496536077856328], [140.24672453033654, 10.51950759232845], [140.24276425488068, 10.525086768466313], [140.22999271279684, 10.553637459076295], [140.22463816586807, 10.582188149686278], [140.22643317869674, 10.610738840296262], [140.24672453033654, 10.634842411405415], [140.27765014895502, 10.63646295440972], [140.3085757675735, 10.6341237933808], [140.339501386192, 10.632555050603969], [140.3704270048105, 10.630340011046707], [140.40135262342898, 10.626368312881603], [140.43227824204746, 10.620520314950829], [140.46320386066597, 10.613355500586419], [140.47544117726312, 10.610738840296262], [140.49412947928445, 10.608868607626103], [140.52505509790296, 10.605446012459701], [140.55598071652145, 10.600671910306577], [140.58690633513993, 10.592526984307954], [140.6141005277969, 10.582188149686278], [140.6178319537584, 10.581308080554608], [140.64875757237692, 10.573828904432332], [140.6796831909954, 10.558139531265537], [140.6860130195394, 10.553637459076295], [140.7106088096139, 10.527337086308611], [140.71264415226867, 10.525086768466313], [140.73941435805364, 10.496536077856328], [140.7415344282324, 10.494793722051682], [140.76249741245428, 10.467985387246344], [140.75437719835014, 10.439434696636361], [140.7415344282324, 10.428622491327548], [140.71327026150635, 10.410884006026377], [140.7106088096139, 10.409077837344178], [140.6796831909954, 10.386539813807978], [140.67105218946693, 10.382333315416393], [140.64875757237692, 10.363445975173757], [140.62624255139372, 10.35378262480641], [140.6178319537584, 10.34967370511515], [140.58690633513993, 10.34781363582896], [140.56680412177442, 10.35378262480641]]]}, "properties": {"fillColor": "#8A2BE2", "fillOpacity": 0.7, "color": "#000000", "weight": 0.2, "stroke": false}}, {"type": "Feature", "geometry": {"type": "Polygon", "coordinates": [[[139.79712858578358, 10.75349229334618], [139.78284025105916, 10.75573393136726], [139.75191463244067, 10.764650444261118], [139.7246513671348, 10.782042983956163], [139.7209890138222, 10.78380994760992], [139.69006339520368, 10.805879216679864], [139.68472384356076, 10.81059367456615], [139.65974372128517, 10.839144365176132], [139.6591377765852, 10.84009769682013], [139.63408082494345, 10.867695055786115], [139.62821215796671, 10.874051128035534], [139.60031046605067, 10.896245746396099], [139.5972865393482, 10.89815796751799], [139.56636092072972, 10.91614629624762], [139.55443463683883, 10.924796437006083], [139.53543530211124, 10.942295259660249], [139.52524352079632, 10.953347127616066], [139.5146596731891, 10.98189781822605], [139.52002228374064, 11.010448508836035], [139.53543530211124, 11.027419307495688], [139.5538999697796, 11.038999199446017], [139.56636092072972, 11.045699018245584], [139.5972865393482, 11.058507597951493], [139.6133943925224, 11.067549890056], [139.62821215796671, 11.081239378492146], [139.63668554773622, 11.096100580665984], [139.65595097958524, 11.124651271275969], [139.6591377765852, 11.12857042518135], [139.6799831650399, 11.153201961885951], [139.69006339520368, 11.161583672071778], [139.7209890138222, 11.177326165295872], [139.73959098136976, 11.181752652495936], [139.75191463244067, 11.186714165559918], [139.78284025105916, 11.195300425731233], [139.81376586967764, 11.20163641895805], [139.84469148829615, 11.206364906360943], [139.87561710691463, 11.209103961783919], [139.90654272553311, 11.20976207901306], [139.93746834415163, 11.207674373477017], [139.9683939627701, 11.200148431906685], [139.99707477965072, 11.181752652495936], [139.9993195813886, 11.179910545547202], [140.02438512782888, 11.153201961885951], [140.03024520000707, 11.139086271960206], [140.0384257840679, 11.124651271275969], [140.04511560623263, 11.096100580665984], [140.04174630431817, 11.067549890056], [140.0302452000071, 11.044875304049306], [140.02809683889024, 11.038999199446017], [140.00964674128335, 11.010448508836035], [139.9993195813886, 10.99834368993896], [139.98649048525675, 10.98189781822605], [139.9683939627701, 10.959251672571195], [139.96424770024583, 10.953347127616066], [139.94454842628153, 10.924796437006083], [139.93746834415163, 10.911412079025038], [139.9333997059303, 10.896245746396099], [139.93381889473739, 10.867695055786115], [139.93122141606173, 10.839144365176132], [139.9232202246298, 10.81059367456615], [139.90654272553311, 10.784917306005394], [139.90509233877967, 10.782042983956163], [139.87561710691463, 10.755537883081969], [139.8682480464115, 10.75349229334618], [139.84469148829615, 10.745364920118607], [139.81376586967764, 10.74676751881351], [139.79712858578358, 10.75349229334618]]]}, "properties": {"fillColor": "#8A2BE2", "fillOpacity": 0.7, "color": "#000000", "weight": 0.2, "stroke": false}}, {"type": "Feature", "geometry": {"type": "Polygon", "coordinates": [[[140.13758858674657, 10.839144365176132], [140.12302205586258, 10.84855484721068], [140.10421932447787, 10.867695055786115], [140.0920964372441, 10.879443922560764], [140.0759343994965, 10.896245746396097], [140.06879604649166, 10.924796437006083], [140.08920487835866, 10.953347127616066], [140.09209643724407, 10.957689532158994], [140.1167532360099, 10.98189781822605], [140.12302205586258, 10.992446549379853], [140.1409753042102, 11.010448508836035], [140.15138244197078, 11.038999199446017], [140.15394767448106, 11.060514427088657], [140.15806548883162, 11.067549890056], [140.16573097459275, 11.096100580665986], [140.18487329309954, 11.124001921232413], [140.21579891171803, 11.102708851785126], [140.24672453033654, 11.096883765079378], [140.2496304689065, 11.096100580665984], [140.27765014895502, 11.07450429699672], [140.3085757675735, 11.071393008066599], [140.339501386192, 11.067860142584479], [140.34087516553558, 11.067549890056], [140.339501386192, 11.066759845708564], [140.3181437809443, 11.038999199446017], [140.3085757675735, 11.033213673201404], [140.2835306187654, 11.010448508836035], [140.27765014895502, 11.005457458051664], [140.2520471320929, 10.98189781822605], [140.24672453033654, 10.976176848369324], [140.22290353585572, 10.953347127616066], [140.21579891171803, 10.939418537486084], [140.2032557715985, 10.924796437006083], [140.19488973478664, 10.896245746396099], [140.18789636081735, 10.867695055786115], [140.18487329309954, 10.859264403347924], [140.16751308928232, 10.839144365176132], [140.15394767448106, 10.832408109334018], [140.13758858674657, 10.839144365176132]]]}, "properties": {"fillColor": "#8A2BE2", "fillOpacity": 0.7, "color": "#000000", "weight": 0.2, "stroke": false}}, {"type": "Feature", "geometry": {"type": "Polygon", "coordinates": [[[140.29997391069682, 11.238854033715903], [140.3085757675735, 11.245401251188694], [140.3190680826878, 11.238854033715903], [140.3085757675735, 11.224825610008647], [140.29997391069682, 11.238854033715903]]]}, "properties": {"fillColor": "#8A2BE2", "fillOpacity": 0.7, "color": "#000000", "weight": 0.2, "stroke": false}}, {"type": "Feature", "geometry": {"type": "Polygon", "coordinates": [[[133.59771652736094, 10.573757120521257], [133.62864214597943, 10.566149459693086], [133.6595677645979, 10.563734496138956], [133.6904933832164, 10.564563092383441], [133.7214190018349, 10.571599788551172], [133.73465507376113, 10.582188149686278], [133.75234462045339, 10.593028924907173], [133.7705488328363, 10.610738840296262], [133.77876657408865, 10.639289530906247], [133.78327023907187, 10.655980848734604], [133.7938832169083, 10.66784022151623], [133.8000825735303, 10.696390912126214], [133.799739329699, 10.724941602736198], [133.78909585594144, 10.75349229334618], [133.78327023907187, 10.759524086751792], [133.76808834703547, 10.782042983956163], [133.75234462045339, 10.797179738366559], [133.73860875783572, 10.81059367456615], [133.7214190018349, 10.827354772512582], [133.7101834389349, 10.839144365176132], [133.6904933832164, 10.854882803574894], [133.66587089408443, 10.867695055786115], [133.6595677645979, 10.873514137436988], [133.62864214597943, 10.887933399788306], [133.59771652736094, 10.889915599559988], [133.56679090874243, 10.88870010031148], [133.53586529012395, 10.882746593828802], [133.50493967150547, 10.869489360207076], [133.49552530776344, 10.867695055786115], [133.47401405288696, 10.864685585542738], [133.44308843426847, 10.863164874479743], [133.42421853506713, 10.839144365176132], [133.4315748652807, 10.81059367456615], [133.43491112023366, 10.782042983956163], [133.44308843426847, 10.759810596193956], [133.44383398924265, 10.75349229334618], [133.45164829384862, 10.724941602736198], [133.46102989460434, 10.696390912126214], [133.47401405288696, 10.684403870232838], [133.48193683144785, 10.66784022151623], [133.50448860004377, 10.639289530906247], [133.50493967150547, 10.638873099406378], [133.53121824013212, 10.610738840296262], [133.53586529012395, 10.606448659776275], [133.56679090874243, 10.588062794245023], [133.58701706171962, 10.582188149686278], [133.59771652736094, 10.573757120521257]]]}, "properties": {"fillColor": "#8A2BE2", "fillOpacity": 0.7, "color": "#000000", "weight": 0.2, "stroke": false}}, {"type": "Feature", "geometry": {"type": "Polygon", "coordinates": [[[134.98936936519303, 10.686113930243797], [135.02029498381154, 10.682310784784072], [135.04890500893643, 10.696390912126214], [135.05122060243002, 10.696615137147527], [135.0821462210485, 10.711534322007633], [135.09666875768994, 10.724941602736198], [135.1088160031799, 10.75349229334618], [135.11177498471852, 10.782042983956163], [135.11305541663768, 10.81059367456615], [135.113071839667, 10.81101436563993], [135.12526213760856, 10.839144365176132], [135.13074182185028, 10.867695055786115], [135.13377004250495, 10.896245746396099], [135.13623543960574, 10.924796437006083], [135.1384880334091, 10.953347127616066], [135.14324799883704, 10.98189781822605], [135.1439974582855, 10.992329898540383], [135.15152952605942, 11.010448508836035], [135.14869487367596, 11.038999199446017], [135.1439974582855, 11.047199241574251], [135.13923900036198, 11.067549890056], [135.113071839667, 11.093068035974095], [135.10850414335903, 11.096100580665984], [135.0821462210485, 11.113982735133142], [135.05122060243002, 11.120492432177086], [135.04431205715022, 11.124651271275969], [135.04226260395586, 11.153201961885951], [135.05122060243002, 11.163620584212488], [135.0821462210485, 11.169158397834506], [135.113071839667, 11.166512625270464], [135.1439974582855, 11.16271408319868], [135.17492307690398, 11.16242812164635], [135.20584869552246, 11.17226444642177], [135.22007639944897, 11.181752652495938], [135.23677431414097, 11.18748358153885], [135.25986928728906, 11.21030334310592], [135.2661104507134, 11.238854033715903], [135.2673282045123, 11.267404724325885], [135.26629078071247, 11.295955414935872], [135.2594848114935, 11.324506105545854], [135.23677431414097, 11.347057707224357], [135.22813670591813, 11.353056796155837], [135.20584869552246, 11.369677904367945], [135.17492307690398, 11.377884589194256], [135.1439974582855, 11.380750987491764], [135.113071839667, 11.371794128787204], [135.09213633502029, 11.353056796155837], [135.0821462210485, 11.34220001133738], [135.06483715971905, 11.324506105545854], [135.05122060243002, 11.305916417104603], [135.02558913533926, 11.295955414935872], [135.02029498381154, 11.295004819520898], [134.98936936519303, 11.288216679013662], [134.95844374657455, 11.287077023305397], [134.92751812795603, 11.283142947462427], [134.90007923011242, 11.267404724325885], [134.89659250933755, 11.26622210963723], [134.86566689071907, 11.242136257280674], [134.86211164242152, 11.238854033715903], [134.8398426703019, 11.21030334310592], [134.8347412721006, 11.184952845248745], [134.83286812554744, 11.181752652495934], [134.81492294502726, 11.153201961885951], [134.80381565348208, 11.145401565216467], [134.77628547350818, 11.124651271275969], [134.7728900348636, 11.123401198033733], [134.7657798869547, 11.124651271275969], [134.7419644162451, 11.139699170211852], [134.72164347982132, 11.153201961885951], [134.7110387976266, 11.162689943053254], [134.68011317900812, 11.176550932426926], [134.6716744515731, 11.181752652495936], [134.64918756038963, 11.202849692598468], [134.6376336969086, 11.21030334310592], [134.61826194177115, 11.228714899498636], [134.60167869975822, 11.238854033715903], [134.58733632315264, 11.24766626309171], [134.55641070453416, 11.245456986960125], [134.54650319701528, 11.238854033715903], [134.5344268335905, 11.21030334310592], [134.53293000418836, 11.181752652495938], [134.53940291211634, 11.153201961885951], [134.55586749612246, 11.124651271275969], [134.55641070453416, 11.12072845070351], [134.55772396137397, 11.096100580665984], [134.5589670106476, 11.067549890056], [134.56170116169136, 11.038999199446017], [134.57140005018096, 11.010448508836035], [134.58733632315264, 10.992062890143018], [134.59393380245984, 10.98189781822605], [134.61826194177115, 10.957086108026154], [134.62164000630966, 10.953347127616066], [134.64918756038963, 10.929087725430026], [134.65536945196047, 10.924796437006083], [134.68011317900812, 10.909613813226173], [134.69740184155302, 10.896245746396099], [134.7110387976266, 10.88365603821524], [134.7419644162451, 10.870643758259515], [134.7512862917487, 10.867695055786115], [134.7728900348636, 10.851079721685306], [134.80381565348208, 10.845556958239056], [134.8347412721006, 10.842939695550365], [134.84477976022052, 10.839144365176132], [134.86566689071907, 10.81986125857279], [134.86774065818082, 10.81059367456615], [134.8711143740008, 10.782042983956163], [134.8901720173918, 10.75349229334618], [134.89659250933755, 10.747564862067643], [134.90767980464904, 10.724941602736198], [134.92751812795603, 10.70662676034139], [134.95844374657455, 10.69857876537219], [134.97757444734526, 10.696390912126214], [134.98936936519303, 10.686113930243797]]]}, "properties": {"fillColor": "#8A2BE2", "fillOpacity": 0.7, "color": "#000000", "weight": 0.2, "stroke": false}}, {"type": "Feature", "geometry": {"type": "Polygon", "coordinates": [[[134.98039259872596, 10.782042983956163], [134.95844374657455, 10.800484851929268], [134.95177320600277, 10.81059367456615], [134.94259920558216, 10.839144365176132], [134.93605906439115, 10.867695055786115], [134.92751812795603, 10.889722718635033], [134.92361004165727, 10.896245746396099], [134.89763449609524, 10.924796437006083], [134.89659250933755, 10.925614323760026], [134.86566689071907, 10.942447586710912], [134.84625217494855, 10.953347127616066], [134.8347412721006, 10.964818414842302], [134.82189318270832, 10.98189781822605], [134.82494148985296, 11.010448508836035], [134.8347412721006, 11.02388428365569], [134.8461572322914, 11.038999199446017], [134.86566689071907, 11.0548895123103], [134.89659250933755, 11.066176902787346], [134.92751812795603, 11.063058477807864], [134.95844374657455, 11.046182543121109], [134.96779843226992, 11.038999199446017], [134.98936936519303, 11.01936535882999], [134.99807991351898, 11.010448508836035], [135.0149247302171, 10.98189781822605], [135.02029498381154, 10.963819345784692], [135.02317501516987, 10.953347127616066], [135.02672894678898, 10.924796437006083], [135.02717110752488, 10.8962457463961], [135.02736036566392, 10.867695055786115], [135.02962066642914, 10.839144365176132], [135.02886247212354, 10.81059367456615], [135.02029498381154, 10.792809027703647], [135.00452835395077, 10.782042983956163], [134.98936936519303, 10.776683909462891], [134.98039259872596, 10.782042983956163]]]}, "properties": {"fillColor": "#8A2BE2", "fillOpacity": 0.7, "color": "#000000", "weight": 0.2, "stroke": false}}, {"type": "Feature", "geometry": {"type": "Polygon", "coordinates": [[[143.89594752731847, 10.709809516112552], [143.92687314593698, 10.704978856719226], [143.95779876455546, 10.719120790341126], [143.96426099667337, 10.724941602736198], [143.9831222528747, 10.75349229334618], [143.9853928924639, 10.782042983956163], [143.9826432682149, 10.81059367456615], [143.9766072202562, 10.839144365176132], [143.97246638755587, 10.867695055786115], [143.98872438317397, 10.870790501707823], [144.01965000179246, 10.871304961890623], [144.05057562041094, 10.872113544288908], [144.08150123902942, 10.891624830467716], [144.08650653594574, 10.896245746396099], [144.1104006296878, 10.924796437006083], [144.11242685764793, 10.925656839659341], [144.14335247626641, 10.926186607975737], [144.1742780948849, 10.925357456491072], [144.2052037135034, 10.925375387364776], [144.2361293321219, 10.926921472756343], [144.26705495074037, 10.933535161327452], [144.29798056935886, 10.942501807868538], [144.31490750521138, 10.953347127616066], [144.32890618797737, 10.955528882376306], [144.35983180659585, 10.964092704246237], [144.38461047666232, 10.98189781822605], [144.39075742521436, 10.983565422708923], [144.42168304383284, 10.998680535861652], [144.43442991041798, 11.010448508836035], [144.45260866245133, 11.018359217182397], [144.47856058644692, 11.038999199446017], [144.4835342810698, 11.042371274831876], [144.51261777536504, 11.067549890056], [144.5144598996883, 11.069637872434098], [144.54118659351684, 11.096100580665984], [144.5453855183068, 11.11048612052678], [144.55518226816494, 11.124651271275969], [144.5691548188204, 11.153201961885951], [144.57592860423412, 11.181752652495936], [144.57631113692528, 11.191976625404386], [144.57961021198244, 11.21030334310592], [144.57631113692528, 11.21733106960244], [144.57233996941022, 11.238854033715903], [144.5453855183068, 11.266893559694969], [144.5444700206317, 11.267404724325885], [144.5144598996883, 11.284458919974192], [144.4835342810698, 11.28878853708213], [144.45260866245133, 11.29030368540811], [144.42168304383284, 11.291043301031362], [144.39075742521436, 11.292132734214864], [144.35983180659588, 11.294574126413975], [144.33832811981836, 11.295955414935872], [144.32890618797737, 11.301196680783038], [144.29798056935886, 11.30945933205335], [144.26705495074037, 11.311579731142638], [144.2361293321219, 11.31116386988915], [144.2052037135034, 11.311744592918778], [144.1742780948849, 11.317339646198526], [144.14757004609118, 11.324506105545854], [144.14335247626641, 11.328189963019543], [144.11242685764793, 11.34477116922808], [144.08150123902942, 11.350729353975238], [144.0642104795145, 11.353056796155837], [144.05057562041094, 11.362537150686121], [144.01965000179246, 11.374103574094356], [143.98872438317397, 11.380951703811462], [143.98366124145332, 11.381607486765821], [143.95779876455546, 11.396209327615427], [143.92687314593698, 11.399852063846097], [143.89594752731847, 11.401055088873886], [143.8650219087, 11.396986877979401], [143.8340962900815, 11.384331297568705], [143.80317067146302, 11.389625319177167], [143.7722450528445, 11.397474869279108], [143.74131943422606, 11.394804510658577], [143.72294075620547, 11.381607486765821], [143.71039381560755, 11.379034445607168], [143.67946819698903, 11.362817741537395], [143.6682711848103, 11.353056796155837], [143.64854257837055, 11.34347107187916], [143.6278383672879, 11.324506105545854], [143.61761695975207, 11.316977204781821], [143.5953105546737, 11.295955414935872], [143.58682367889156, 11.267404724325885], [143.5866913411336, 11.267025945717497], [143.56006688469392, 11.238854033715903], [143.5565651017829, 11.21030334310592], [143.55576572251508, 11.192787884916655], [143.54807590672607, 11.181752652495938], [143.53566458902452, 11.153201961885951], [143.53019171944507, 11.124651271275969], [143.5281195195794, 11.096100580665984], [143.52785535671046, 11.067549890056], [143.52960420425615, 11.038999199446017], [143.5428438085831, 11.010448508836035], [143.55576572251508, 10.99851893124818], [143.5570383432404, 10.98189781822605], [143.57065566407465, 10.953347127616066], [143.5866913411336, 10.938542907849975], [143.59550060343034, 10.924796437006083], [143.61761695975207, 10.904378502782942], [143.62203216173896, 10.896245746396099], [143.64854257837055, 10.87047719469977], [143.6511869065941, 10.867695055786115], [143.67946819698903, 10.842743216651632], [143.69085293132346, 10.839144365176132], [143.71039381560755, 10.82110412002137], [143.73538027886357, 10.81059367456615], [143.74131943422603, 10.805107806754275], [143.7722450528445, 10.784040788728733], [143.77570402994897, 10.782042983956163], [143.80317067146302, 10.756823608589979], [143.80925522328258, 10.75349229334618], [143.8340962900815, 10.731385150690985], [143.8650219087, 10.72498148746269], [143.86532212759775, 10.724941602736198], [143.89594752731847, 10.709809516112552]]]}, "properties": {"fillColor": "#8A2BE2", "fillOpacity": 0.7, "color": "#000000", "weight": 0.2, "stroke": false}}, {"type": "Feature", "geometry": {"type": "Polygon", "coordinates": [[[143.7134887497126, 10.896245746396099], [143.71039381560755, 10.897503942877822], [143.67946819698903, 10.92031628044937], [143.67478234680047, 10.924796437006083], [143.64854257837055, 10.9511922571982], [143.64632452217245, 10.953347127616066], [143.62063929187374, 10.981897818226049], [143.61761695975207, 10.987452153146751], [143.6005894512603, 11.010448508836035], [143.59185751226488, 11.038999199446016], [143.58894848517602, 11.067549890056], [143.589278097587, 11.096100580665984], [143.59211277655876, 11.124651271275969], [143.59792719971085, 11.153201961885951], [143.60987947681912, 11.181752652495936], [143.61761695975207, 11.193873290132831], [143.62607445822164, 11.21030334310592], [143.64854257837055, 11.23546978764557], [143.65260921120176, 11.238854033715903], [143.67946819698903, 11.260996077973678], [143.69122675229463, 11.267404724325885], [143.71039381560755, 11.280565887584501], [143.74131943422603, 11.29338053056529], [143.75924094273353, 11.295955414935872], [143.7722450528445, 11.299625027734491], [143.80317067146302, 11.296081927784202], [143.80344977513542, 11.295955414935872], [143.8340962900815, 11.287357826889156], [143.86416650724152, 11.267404724325885], [143.8650219087, 11.266810706632564], [143.89594752731847, 11.262504713238837], [143.90575180620314, 11.267404724325885], [143.92687314593698, 11.280708794394979], [143.95779876455546, 11.28586670521918], [143.98872438317397, 11.274850453032949], [144.01606510961972, 11.267404724325885], [144.01965000179246, 11.266861291588928], [144.05057562041094, 11.261612638341902], [144.08150123902942, 11.25031749875153], [144.10257628861, 11.238854033715903], [144.11242685764793, 11.23505314287471], [144.14335247626641, 11.22525722280007], [144.1742780948849, 11.218371875104229], [144.2052037135034, 11.213816705051777], [144.2336672801232, 11.21030334310592], [144.2361293321219, 11.210097592108102], [144.26705495074037, 11.20690139004974], [144.29798056935886, 11.201867666849356], [144.32890618797737, 11.194625351992254], [144.35983180659585, 11.184850109240495], [144.36797207640166, 11.181752652495936], [144.39075742521436, 11.16819135095038], [144.40567910856322, 11.153201961885951], [144.40366589312427, 11.124651271275969], [144.39075742521436, 11.108659175838493], [144.38067631737113, 11.096100580665984], [144.35983180659585, 11.08067614371379], [144.3371447438135, 11.067549890056], [144.32890618797737, 11.063130201046999], [144.29798056935886, 11.050352810946755], [144.26705495074037, 11.040874777059043], [144.26076454992676, 11.038999199446017], [144.2361293321219, 11.03017423088359], [144.2052037135034, 11.020362177863149], [144.1742780948849, 11.012425625529795], [144.16678957062294, 11.010448508836035], [144.14335247626641, 11.001768620130068], [144.11242685764793, 10.991782846976614], [144.08150123902942, 10.983192346210233], [144.07805357400753, 10.98189781822605], [144.05057562041094, 10.964273463571008], [144.01965000179246, 10.953747843196155], [144.01765291276476, 10.953347127616066], [143.98872438317397, 10.942276502378238], [143.95779876455546, 10.934285228321427], [143.92687314593698, 10.927871089851745], [143.91304407277386, 10.924796437006083], [143.89594752731847, 10.915938295467427], [143.8650219087, 10.900659954916447], [143.8540405487837, 10.896245746396099], [143.8340962900815, 10.881869957019164], [143.80317067146302, 10.873403581039847], [143.7722450528445, 10.873376505551743], [143.74131943422603, 10.879878745601665], [143.7134887497126, 10.896245746396099]]]}, "properties": {"fillColor": "#8A2BE2", "fillOpacity": 0.7, "color": "#000000", "weight": 0.2, "stroke": false}}, {"type": "Feature", "geometry": {"type": "Polygon", "coordinates": [[[134.7110387976266, 11.233280483450617], [134.7419644162451, 11.225597392130005], [134.7728900348636, 11.227738856405432], [134.7858002134358, 11.238854033715903], [134.80381565348208, 11.250306953232801], [134.82282492391494, 11.267404724325885], [134.8347412721006, 11.279227191919727], [134.85283099774784, 11.295955414935872], [134.86566689071907, 11.310544307675194], [134.8802923198286, 11.324506105545854], [134.89659250933755, 11.345144811184284], [134.90484657485175, 11.353056796155837], [134.92751812795603, 11.372292723249304], [134.93820755935403, 11.381607486765821], [134.95844374657455, 11.387343242907967], [134.98936936519303, 11.392881325610912], [135.02029498381154, 11.400459826543303], [135.04363006850232, 11.410158177375806], [135.05122060243002, 11.411028097612604], [135.0821462210485, 11.419000517662028], [135.1031719848663, 11.438708867985788], [135.113071839667, 11.46396302825959], [135.11543155614575, 11.467259558595773], [135.12421691144496, 11.495810249205757], [135.13052262756221, 11.52436093981574], [135.1439974582855, 11.531963931980613], [135.1593533900334, 11.52436093981574], [135.17492307690398, 11.512143633729282], [135.20584869552246, 11.498818621981163], [135.2156862420128, 11.495810249205757], [135.23677431414097, 11.480254427555447], [135.26769993275946, 11.471977666257894], [135.29862555137794, 11.467687072951819], [135.3108510181903, 11.467259558595773], [135.32955116999642, 11.461321087106379], [135.3504517583163, 11.467259558595773], [135.36047678861493, 11.467485329206701], [135.39140240723341, 11.470000863772015], [135.4223280258519, 11.474672569476455], [135.44891710872997, 11.495810249205757], [135.4532536444704, 11.497032916503661], [135.4841792630889, 11.514652151353365], [135.49469565631162, 11.52436093981574], [135.51510488170737, 11.535699959985516], [135.5337482680651, 11.552911630425722], [135.54603050032588, 11.555366572588008], [135.5769561189444, 11.57059185725302], [135.58873081895922, 11.581462321035707], [135.60788173756285, 11.581855210671058], [135.63880735618136, 11.58247969883503], [135.66973297479984, 11.584716215618004], [135.70065859341832, 11.599793107868104], [135.7315842120368, 11.589916196068447], [135.74275984081532, 11.581462321035707], [135.76250983065532, 11.56322902855327], [135.78583405737956, 11.552911630425722], [135.7934354492738, 11.545893986224154], [135.82436106789228, 11.528614583878799], [135.8552866865108, 11.526310584172581], [135.88621230512928, 11.52606080546212], [135.91713792374776, 11.526854418709197], [135.94806354236624, 11.534217091683953], [135.96901685737106, 11.552911630425722], [135.97898916098475, 11.56049245069532], [136.0025706727737, 11.581462321035707], [136.00991477960324, 11.58694550603862], [136.03537231711746, 11.610013011645691], [136.04084039822175, 11.613800147738607], [136.07176601684023, 11.624764752493398], [136.1026916354587, 11.63055463118679], [136.1336172540772, 11.627938811451214], [136.1645428726957, 11.626093025733418], [136.17842605239485, 11.638563702255674], [136.18955884337882, 11.667114392865658], [136.1954684913142, 11.674135032612593], [136.22639410993267, 11.681217590815486], [136.25731972855118, 11.68758281568372], [136.27077388343847, 11.695665083475642], [136.28824534716966, 11.69740784997246], [136.31917096578815, 11.706219504899753], [136.34276778234354, 11.724215774085625], [136.35009658440663, 11.726733670834792], [136.38102220302514, 11.747213060652133], [136.38703755508192, 11.752766464695608], [136.41194782164362, 11.767134519942388], [136.42731020913325, 11.781317155305594], [136.4428734402621, 11.7950755577638], [136.45889619320093, 11.809867845915576], [136.47379905888062, 11.836847973914253], [136.47550026537672, 11.838418536525559], [136.49293464961522, 11.866969227135543], [136.49660306070356, 11.895519917745528], [136.49647839095985, 11.92407060835551], [136.49240748901497, 11.952621298965495], [136.4755644091936, 11.98117198957548], [136.47379905888062, 11.98285352267295], [136.45579127517885, 12.009722680185462], [136.4428734402621, 12.021660703671248], [136.41826552472153, 12.038273370795444], [136.41194782164362, 12.044010810421758], [136.38102220302514, 12.060020647764595], [136.36876944933135, 12.066824061405429], [136.35009658440663, 12.084637212267115], [136.33778325886516, 12.095374752015413], [136.3266556607083, 12.123925442625394], [136.31917096578815, 12.130331004663379], [136.28824534716966, 12.143261873624557], [136.27134440663664, 12.152476133235382], [136.25731972855118, 12.16157554544703], [136.22639410993267, 12.16261818185955], [136.1954684913142, 12.167419470304123], [136.17466074876887, 12.181026823845365], [136.16454287269573, 12.190100192416505], [136.1336172540772, 12.203470903809313], [136.1026916354587, 12.207471537644988], [136.07176601684023, 12.20891762952226], [136.04084039822175, 12.209072288735168], [136.00991477960324, 12.207826329111128], [135.97898916098475, 12.202905577412448], [135.94835684370517, 12.181026823845365], [135.94806354236624, 12.180956484646853], [135.91713792374776, 12.172624102228163], [135.8862252033537, 12.15247613323538], [135.88621230512928, 12.152474004865669], [135.88617381815806, 12.15247613323538], [135.8552866865108, 12.164195057004758], [135.82436106789228, 12.170079911458876], [135.7934354492738, 12.174514092902276], [135.76250983065532, 12.179170396308907], [135.7315842120368, 12.180336442923576], [135.7092654268339, 12.181026823845365], [135.70065859341832, 12.182514691009102], [135.66973297479984, 12.186405522004904], [135.66301543609868, 12.181026823845365], [135.63880735618136, 12.154764030696295], [135.637155360448, 12.15247613323538], [135.63128386312925, 12.123925442625398], [135.62964890110908, 12.095374752015413], [135.6264175586496, 12.066824061405427], [135.6216871726339, 12.038273370795444], [135.618874987015, 12.009722680185462], [135.6181874516979, 11.98117198957548], [135.61925797693934, 11.952621298965495], [135.624413017206, 11.92407060835551], [135.63880735618136, 11.906747457344192], [135.6392090636829, 11.895519917745528], [135.64032303769255, 11.866969227135543], [135.6424382541142, 11.838418536525559], [135.63880735618136, 11.836981437684475], [135.60788173756285, 11.836990526536926], [135.57695611894437, 11.836649423185163], [135.54603050032588, 11.835378508744512], [135.51510488170737, 11.830488783327171], [135.48875457785132, 11.809867845915576], [135.4841792630889, 11.809199636632325], [135.4532536444704, 11.802431213703732], [135.42925420689912, 11.781317155305594], [135.4223280258519, 11.778051316401772], [135.3941168496093, 11.752766464695608], [135.39140240723341, 11.75177256718486], [135.36047678861493, 11.746798935243513], [135.32955116999642, 11.729322552602717], [135.29862555137794, 11.734619781125586], [135.26769993275946, 11.74595315732429], [135.23677431414097, 11.745100515257736], [135.20584869552246, 11.730987184799641], [135.19813766226966, 11.724215774085625], [135.1759324012087, 11.695665083475642], [135.17492307690398, 11.693056386865463], [135.15444314765762, 11.667114392865658], [135.1439974582855, 11.660409671855213], [135.1189999070366, 11.638563702255674], [135.113071839667, 11.630428540384392], [135.0821462210485, 11.612854399444828], [135.05122060243002, 11.623652681963083], [135.02029498381154, 11.62754591944134], [134.98936936519303, 11.625615635552663], [134.96058203252002, 11.610013011645691], [134.95844374657455, 11.609692308705744], [134.92751812795603, 11.600184856928776], [134.9031703783933, 11.581462321035707], [134.89659250933755, 11.577239122162347], [134.8705723765481, 11.552911630425722], [134.86566689071907, 11.547432513619786], [134.84158409722684, 11.52436093981574], [134.8347412721006, 11.517437673520718], [134.81174188862676, 11.495810249205757], [134.80381565348208, 11.489420149635746], [134.78051071168537, 11.467259558595774], [134.7728900348636, 11.460866192628211], [134.75004025807493, 11.438708867985788], [134.7419644162451, 11.429877915970096], [134.72060433345922, 11.410158177375806], [134.7110387976266, 11.398178781056888], [134.69308905573556, 11.381607486765821], [134.68011317900812, 11.36431407999057], [134.66791948214424, 11.353056796155837], [134.65136985362903, 11.324506105545854], [134.64918756038963, 11.307251782002822], [134.6460688235779, 11.295955414935872], [134.64918756038963, 11.285485358270975], [134.65369598225172, 11.267404724325885], [134.68011317900812, 11.251877588227433], [134.70476930252073, 11.238854033715903], [134.7110387976266, 11.233280483450617]]]}, "properties": {"fillColor": "#8A2BE2", "fillOpacity": 0.7, "color": "#000000", "weight": 0.2, "stroke": false}}, {"type": "Feature", "geometry": {"type": "Polygon", "coordinates": [[[135.32709111885757, 11.581462321035707], [135.32627817003151, 11.610013011645691], [135.32955116999642, 11.614144883104043], [135.34332736117491, 11.638563702255674], [135.36047678861493, 11.653102206464784], [135.3784243743143, 11.667114392865658], [135.39140240723341, 11.67589778065642], [135.4223280258519, 11.693321097009296], [135.42582611959543, 11.695665083475642], [135.4532536444704, 11.714939096130795], [135.4651394262803, 11.724215774085625], [135.4841792630889, 11.738713766785182], [135.50921564924974, 11.752766464695608], [135.51510488170737, 11.756595571980926], [135.54603050032588, 11.769990458824287], [135.57695611894437, 11.77422000302801], [135.60788173756285, 11.77277353282902], [135.63880735618136, 11.763926101410512], [135.65850255496963, 11.752766464695608], [135.66973297479984, 11.740472985286099], [135.68350512603996, 11.724215774085625], [135.68025504367924, 11.695665083475642], [135.66973297479984, 11.68281343569124], [135.66354798455785, 11.66711439286566], [135.63880735618136, 11.643022179074238], [135.6338267600512, 11.638563702255674], [135.60788173756285, 11.621077268317634], [135.57695611894437, 11.615351351445957], [135.54603050032588, 11.61597507800622], [135.51510488170737, 11.612309891303374], [135.50652968637021, 11.610013011645691], [135.4841792630889, 11.599512055019481], [135.4532536444704, 11.58426820567859], [135.44726011699774, 11.581462321035707], [135.4223280258519, 11.567360269225748], [135.39140240723341, 11.55862851352104], [135.36047678861493, 11.558767655481624], [135.32955116999642, 11.578807519184132], [135.32709111885757, 11.581462321035707]]]}, "properties": {"fillColor": "#8A2BE2", "fillOpacity": 0.7, "color": "#000000", "weight": 0.2, "stroke": false}}, {"type": "Feature", "geometry": {"type": "Polygon", "coordinates": [[[135.84794455986489, 11.610013011645691], [135.82436106789228, 11.61655159900461], [135.79545162581024, 11.638563702255672], [135.7934354492738, 11.640518976013844], [135.77061229497596, 11.66711439286566], [135.76250983065532, 11.686073624435263], [135.75534966520524, 11.695665083475642], [135.7446707680546, 11.724215774085625], [135.74330200978125, 11.752766464695608], [135.74205241451907, 11.781317155305594], [135.7366729489915, 11.809867845915576], [135.7315842120368, 11.826697808073387], [135.72554560349036, 11.838418536525559], [135.70916901666908, 11.866969227135543], [135.70065859341832, 11.89338399265145], [135.69945604843895, 11.895519917745528], [135.69714372580248, 11.92407060835551], [135.70065859341832, 11.94464454431775], [135.70131706119415, 11.952621298965495], [135.7032789994778, 11.98117198957548], [135.7090934595033, 12.009722680185462], [135.72313155344565, 12.038273370795444], [135.7315842120368, 12.049106984613726], [135.74907745288948, 12.066824061405429], [135.76250983065532, 12.07640500538775], [135.7934354492738, 12.088109811729495], [135.82436106789228, 12.08883277691774], [135.8552866865108, 12.083031946515487], [135.88621230512928, 12.08178085060141], [135.91713792374776, 12.084798118657785], [135.94806354236624, 12.089813309382443], [135.97898916098475, 12.094271103478173], [136.00991477960324, 12.093723760660922], [136.04084039822175, 12.071780430081379], [136.04413663960952, 12.066824061405429], [136.06819715780458, 12.038273370795444], [136.07176601684023, 12.036089742765858], [136.1025027081256, 12.009722680185462], [136.10269163545868, 12.009621373554829], [136.1336172540772, 11.998863889479361], [136.1645428726957, 11.991598988647521], [136.1954684913142, 11.989846529285748], [136.22639410993267, 11.990767492974605], [136.25731972855118, 11.985805430404024], [136.26881047785378, 11.98117198957548], [136.28824534716966, 11.97525402365348], [136.31917096578815, 11.956888073262968], [136.32535931039473, 11.952621298965493], [136.35009658440663, 11.928247445269722], [136.35386898467766, 11.92407060835551], [136.36403622710546, 11.895519917745528], [136.35782736306803, 11.866969227135543], [136.35009658440663, 11.855832631657503], [136.34139594633518, 11.838418536525559], [136.31917096578815, 11.816101193992706], [136.3136846440914, 11.809867845915578], [136.28824534716966, 11.789628361052078], [136.26860854853823, 11.781317155305594], [136.25731972855118, 11.775034276130336], [136.22639410993267, 11.765548371892582], [136.1954684913142, 11.762676441930871], [136.1645428726957, 11.762510838679217], [136.1336172540772, 11.760937286454213], [136.1026916354587, 11.753484087577903], [136.1012078976653, 11.752766464695608], [136.07176601684023, 11.732990336042272], [136.0536082206389, 11.724215774085625], [136.04084039822175, 11.716777409921715], [136.00991477960324, 11.701936220511211], [135.99918770415337, 11.695665083475642], [135.97898916098472, 11.679150399692574], [135.965119183112, 11.66711439286566], [135.94806354236624, 11.651848716218982], [135.93081265133534, 11.638563702255674], [135.91713792374776, 11.627659053157336], [135.88621230512928, 11.610711280183256], [135.87840783507446, 11.610013011645691], [135.8552866865108, 11.607032888853771], [135.84794455986489, 11.610013011645691]]]}, "properties": {"fillColor": "#8A2BE2", "fillOpacity": 0.7, "color": "#000000", "weight": 0.2, "stroke": false}}, {"type": "Feature", "geometry": {"type": "Polygon", "coordinates": [[[144.91649294172868, 11.3515710360787], [144.9474185603472, 11.33310943219963], [144.97834417896567, 11.330279532717263], [145.00926979758418, 11.331640134742997], [145.04019541620266, 11.335395017731974], [145.07037675045916, 11.353056796155837], [145.07112103482115, 11.353152270478796], [145.10204665343963, 11.357966603729164], [145.13297227205814, 11.372636191783915], [145.14268982498584, 11.381607486765821], [145.16389789067662, 11.38869402392318], [145.1873935208203, 11.410158177375806], [145.1948235092951, 11.414055557229867], [145.22574912791362, 11.429905823032847], [145.2348491186263, 11.438708867985788], [145.25523310119542, 11.467259558595773], [145.2566747465321, 11.470118963662198], [145.27995525267497, 11.495810249205757], [145.2831210790839, 11.52436093981574], [145.2830614469371, 11.552911630425722], [145.27845113342192, 11.581462321035707], [145.2566747465321, 11.604150319019856], [145.25029830509547, 11.610013011645691], [145.22574912791362, 11.630086368338965], [145.1948235092951, 11.636320900811784], [145.17445896846868, 11.638563702255674], [145.16389789067662, 11.644933913659575], [145.13297227205814, 11.647949920542258], [145.10204665343963, 11.642661736268014], [145.09376426358853, 11.638563702255674], [145.07112103482115, 11.637536752248424], [145.04019541620266, 11.637842263050624], [145.00926979758418, 11.637247654016065], [144.97834417896567, 11.634339587089237], [144.9474185603472, 11.621529955215557], [144.92979090241022, 11.610013011645691], [144.91649294172868, 11.60462017533352], [144.89149898782415, 11.581462321035707], [144.8855673231102, 11.571775893573843], [144.87000987127908, 11.552911630425722], [144.86115334828798, 11.52436093981574], [144.856122305243, 11.495810249205757], [144.85482592248596, 11.467259558595773], [144.8584293325764, 11.438708867985788], [144.86339519552604, 11.410158177375806], [144.88507995937053, 11.381607486765821], [144.8855673231102, 11.381105125411347], [144.91467315637712, 11.353056796155837], [144.91649294172868, 11.3515710360787]]]}, "properties": {"fillColor": "#8A2BE2", "fillOpacity": 0.7, "color": "#000000", "weight": 0.2, "stroke": false}}, {"type": "Feature", "geometry": {"type": "Polygon", "coordinates": [[[144.99059751712173, 11.467259558595773], [144.99082515837668, 11.495810249205757], [145.00926979758418, 11.514304214014253], [145.02832627788922, 11.52436093981574], [145.04019541620266, 11.528985140102662], [145.07112103482115, 11.533784295028887], [145.10204665343963, 11.5334836498071], [145.13297227205814, 11.526293594788083], [145.13602596284636, 11.52436093981574], [145.13297227205814, 11.506729323234154], [145.13139963889265, 11.495810249205759], [145.10204665343963, 11.474358476868819], [145.08955502578124, 11.467259558595774], [145.07112103482115, 11.458183929137451], [145.04019541620266, 11.450562646393607], [145.00926979758418, 11.453440634448489], [144.99059751712173, 11.467259558595773]]]}, "properties": {"fillColor": "#8A2BE2", "fillOpacity": 0.7, "color": "#000000", "weight": 0.2, "stroke": false}}, {"type": "Feature", "geometry": {"type": "Polygon", "coordinates": [[[140.06117081862556, 11.402148448446656], [140.09209643724407, 11.396967366755458], [140.12302205586258, 11.393244145935242], [140.15394767448106, 11.38984911114987], [140.18487329309954, 11.388082428517961], [140.21579891171803, 11.389841831044754], [140.24672453033654, 11.403216655156196], [140.2549275033221, 11.410158177375806], [140.27765014895502, 11.432746689982455], [140.28346346401716, 11.438708867985788], [140.29705947633875, 11.467259558595773], [140.29816432060016, 11.495810249205757], [140.2882833437225, 11.52436093981574], [140.27765014895502, 11.543511636942352], [140.27346566339708, 11.552911630425722], [140.24672453033654, 11.575561478996551], [140.21990066324898, 11.581462321035707], [140.21579891171803, 11.58299193990161], [140.18487329309954, 11.58783587797717], [140.15394767448106, 11.585965571863754], [140.13878355347242, 11.581462321035707], [140.12302205586258, 11.57934944137387], [140.09209643724407, 11.566587578629772], [140.06117081862558, 11.557884553296624], [140.0511293120658, 11.552911630425722], [140.0302452000071, 11.545944616003897], [139.9993195813886, 11.532421533095295], [139.98525898687424, 11.52436093981574], [139.9683939627701, 11.510321161249227], [139.95414644577122, 11.495810249205757], [139.95215495949168, 11.467259558595773], [139.9683939627701, 11.448120785642683], [139.97811571611533, 11.438708867985788], [139.9993195813886, 11.42708944021366], [140.0302452000071, 11.419774539911772], [140.05133529122844, 11.410158177375806], [140.06117081862556, 11.402148448446656]]]}, "properties": {"fillColor": "#8A2BE2", "fillOpacity": 0.7, "color": "#000000", "weight": 0.2, "stroke": false}}, {"type": "Feature", "geometry": {"type": "Polygon", "coordinates": [[[143.5866913411336, 11.428007472387648], [143.5960134573313, 11.438708867985788], [143.61249512036485, 11.467259558595773], [143.61761695975207, 11.47355765252998], [143.62792431243136, 11.495810249205757], [143.61761695975207, 11.521490042258613], [143.5866913411336, 11.501282788634741], [143.58068999221533, 11.495810249205757], [143.56559186630025, 11.467259558595773], [143.56678721153884, 11.438708867985788], [143.5866913411336, 11.428007472387648]]]}, "properties": {"fillColor": "#8A2BE2", "fillOpacity": 0.7, "color": "#000000", "weight": 0.2, "stroke": false}}, {"type": "Feature", "geometry": {"type": "Polygon", "coordinates": [[[139.13340226007085, 11.453907951229741], [139.16432787868933, 11.445798763583426], [139.19525349730782, 11.445878647222964], [139.22617911592633, 11.456863906275267], [139.23675930340227, 11.467259558595774], [139.25291252058906, 11.495810249205757], [139.2571047345448, 11.513957278200412], [139.26632710793513, 11.524360939815741], [139.2664181161892, 11.552911630425722], [139.2571047345448, 11.570375581428543], [139.2564311670251, 11.581462321035707], [139.2533594253391, 11.610013011645691], [139.25129267739936, 11.638563702255674], [139.2494934303391, 11.667114392865658], [139.24377542920092, 11.695665083475642], [139.22617911592633, 11.715840846109744], [139.22132474397114, 11.724215774085625], [139.19525349730782, 11.747636958651828], [139.17636227376494, 11.752766464695608], [139.16432787868933, 11.760425462758672], [139.13340226007085, 11.762553745039135], [139.10247664145237, 11.75334825547909], [139.10171719564073, 11.752766464695608], [139.07155102283386, 11.747313345149298], [139.04463903148613, 11.724215774085625], [139.04062540421538, 11.721078143500531], [139.0144355218381, 11.695665083475642], [139.01025371684165, 11.667114392865658], [139.0096997855969, 11.653949129378207], [139.00351992527555, 11.638563702255674], [139.00842073984566, 11.61001301164569], [139.0096997855969, 11.608048529015784], [139.01182897738943, 11.581462321035707], [139.0184883021383, 11.552911630425722], [139.03719875034744, 11.52436093981574], [139.04062540421538, 11.521197435291615], [139.0581242971108, 11.495810249205757], [139.07155102283386, 11.483414626768793], [139.10247664145237, 11.470813312407914], [139.11894002786127, 11.467259558595773], [139.13340226007085, 11.453907951229741]]]}, "properties": {"fillColor": "#8A2BE2", "fillOpacity": 0.7, "color": "#000000", "weight": 0.2, "stroke": false}}, {"type": "Feature", "geometry": {"type": "Polygon", "coordinates": [[[148.22553413390725, 11.545305485413898], [148.25645975252573, 11.540650286000012], [148.28738537114424, 11.540919043530515], [148.31831098976272, 11.547012541467096], [148.3313281537949, 11.552911630425722], [148.3492366083812, 11.5543018429484], [148.3801622269997, 11.558990778348331], [148.4110878456182, 11.560264656968233], [148.44201346423668, 11.555994996547799], [148.45922955034808, 11.552911630425722], [148.4729390828552, 11.54371586772954], [148.50386470147367, 11.538180931815212], [148.53479032009216, 11.546387801762322], [148.54698772711566, 11.552911630425722], [148.56571593871064, 11.556824727344502], [148.5927522514746, 11.581462321035705], [148.59664155732915, 11.585586479762982], [148.61824204107444, 11.610013011645691], [148.62401647130739, 11.638563702255674], [148.62550019488498, 11.667114392865658], [148.62604198893067, 11.695665083475642], [148.62624443233943, 11.724215774085625], [148.62628331153135, 11.752766464695608], [148.626176348025, 11.781317155305594], [148.62587837298457, 11.809867845915576], [148.62534890464212, 11.838418536525559], [148.62756717594763, 11.84315377739517], [148.65336366283333, 11.866969227135543], [148.64728748431605, 11.895519917745528], [148.62756717594763, 11.91567650115634], [148.59664155732915, 11.92045131807361], [148.56571593871064, 11.922104940196396], [148.53479032009216, 11.919751407193283], [148.5048395482762, 11.895519917745528], [148.50386470147367, 11.895229971273283], [148.4729390828552, 11.890010084143697], [148.44201346423668, 11.888273212485007], [148.4110878456182, 11.881727161080299], [148.3920896651009, 11.866969227135543], [148.3801622269997, 11.865240553403241], [148.3492366083812, 11.860942904287326], [148.31831098976272, 11.842940110966847], [148.30800921233433, 11.866969227135543], [148.31831098976272, 11.875233672740544], [148.3492366083812, 11.884452958705936], [148.36197387486953, 11.895519917745528], [148.3801622269997, 11.915809241381707], [148.38826653159802, 11.924070608355512], [148.3952909663798, 11.952621298965495], [148.38769709394177, 11.98117198957548], [148.3801622269997, 11.987886186105705], [148.3492366083812, 12.000110151419776], [148.31831098976272, 12.004998749961253], [148.28738537114424, 12.002087652485288], [148.25645975252573, 12.001619668806779], [148.22553413390725, 11.992199724892604], [148.20303338112876, 11.98117198957548], [148.19460851528876, 11.979399893532735], [148.16368289667025, 11.968087361083672], [148.13547877989146, 11.952621298965493], [148.13275727805177, 11.951694051733927], [148.1018316594333, 11.936323815371829], [148.08834254668483, 11.92407060835551], [148.0709060408148, 11.913810203354], [148.0399804221963, 11.89778759939343], [148.0375241083106, 11.895519917745528], [148.0190993605471, 11.866969227135543], [148.00905480357784, 11.85056468242469], [147.99646095458814, 11.838418536525559], [147.9929842329759, 11.809867845915576], [148.0013129549256, 11.781317155305594], [148.0090548035778, 11.77517579768471], [148.03998042219632, 11.767389571217095], [148.0709060408148, 11.765201669695017], [148.1018316594333, 11.766195542995996], [148.13275727805177, 11.778313139928972], [148.13869898560932, 11.781317155305594], [148.16368289667025, 11.786122646797919], [148.19460851528876, 11.800247094733319], [148.20566179205568, 11.809867845915576], [148.22553413390725, 11.818609207476072], [148.25645975252573, 11.825392595052977], [148.26346954375816, 11.809867845915576], [148.25645975252576, 11.806317753754417], [148.22796636548338, 11.781317155305594], [148.22553413390725, 11.779420931583463], [148.19460851528876, 11.754683773920215], [148.1926581400141, 11.752766464695608], [148.16368289667025, 11.736436370732783], [148.1504457558822, 11.724215774085625], [148.13275727805177, 11.7100518006844], [148.11717383260563, 11.695665083475642], [148.1018316594333, 11.671090558922959], [148.09752474452424, 11.667114392865658], [148.09091235136566, 11.638563702255674], [148.1018316594333, 11.626246757182358], [148.10758089340982, 11.610013011645691], [148.12101827957486, 11.581462321035708], [148.13275727805177, 11.571704551509642], [148.16368289667025, 11.55911700280107], [148.19460851528876, 11.553985982815714], [148.20583582121577, 11.552911630425722], [148.22553413390725, 11.545305485413898]]]}, "properties": {"fillColor": "#8A2BE2", "fillOpacity": 0.7, "color": "#000000", "weight": 0.2, "stroke": false}}, {"type": "Feature", "geometry": {"type": "Polygon", "coordinates": [[[148.31108228957282, 11.695665083475642], [148.31831098976272, 11.71383665964727], [148.32162817182666, 11.724215774085625], [148.3492366083812, 11.750431662352804], [148.3521243470106, 11.752766464695608], [148.3801622269997, 11.768188638362219], [148.4110878456182, 11.777227702661257], [148.44201346423668, 11.779592588948232], [148.4729390828552, 11.771092124017585], [148.49277295421348, 11.752766464695608], [148.49298408446228, 11.724215774085625], [148.4729390828552, 11.699605725291379], [148.46640599372353, 11.695665083475642], [148.44201346423668, 11.68729755202018], [148.41108784561823, 11.679788442869175], [148.3801622269997, 11.67388583544499], [148.3492366083812, 11.67196171006071], [148.31831098976272, 11.685157513623576], [148.31108228957282, 11.695665083475642]]]}, "properties": {"fillColor": "#8A2BE2", "fillOpacity": 0.7, "color": "#000000", "weight": 0.2, "stroke": false}}, {"type": "Feature", "geometry": {"type": "Polygon", "coordinates": [[[148.26704328205588, 11.838418536525559], [148.28738537114424, 11.847917687098324], [148.31340581474947, 11.838418536525559], [148.28738537114424, 11.829254710897018], [148.26704328205588, 11.838418536525559]]]}, "properties": {"fillColor": "#8A2BE2", "fillOpacity": 0.7, "color": "#000000", "weight": 0.2, "stroke": false}}, {"type": "Feature", "geometry": {"type": "Polygon", "coordinates": [[[138.638592362175, 11.935213742636883], [138.66951798079347, 11.931854262326786], [138.70044359941198, 11.931686122625154], [138.73136921803047, 11.93474699437278], [138.7534501685688, 11.952621298965495], [138.76229483664895, 11.959161372111526], [138.78496007258715, 11.98117198957548], [138.79322045526743, 11.995804697248449], [138.80608345334224, 12.009722680185462], [138.81337540406884, 12.038273370795444], [138.8186818950746, 12.066824061405429], [138.82414607388594, 12.083680715275392], [138.83362254273598, 12.095374752015413], [138.84059545333008, 12.123925442625396], [138.8491075360705, 12.15247613323538], [138.85507169250442, 12.165710533116862], [138.8652577110374, 12.181026823845363], [138.8670996569794, 12.209577514455347], [138.86292598858498, 12.238128205065331], [138.8550716925044, 12.24937209328021], [138.82414607388594, 12.256762113451348], [138.79322045526743, 12.253920797399754], [138.76229483664895, 12.243604773833436], [138.741341958821, 12.238128205065331], [138.73136921803047, 12.236566627299473], [138.70044359941198, 12.225220799427785], [138.68116123878235, 12.209577514455347], [138.66951798079347, 12.203578455082324], [138.638592362175, 12.187576365733335], [138.63046806756697, 12.181026823845365], [138.6076667435565, 12.159412278445643], [138.60062113273497, 12.15247613323538], [138.58467487169466, 12.123925442625396], [138.57913751842568, 12.095374752015413], [138.576741124938, 12.088457135198885], [138.55936800172975, 12.066824061405429], [138.55763036299595, 12.038273370795444], [138.5615262404042, 12.009722680185462], [138.576741124938, 11.99050716096682], [138.58132766486528, 11.98117198957548], [138.6076667435565, 11.955039176064872], [138.61129146954235, 11.952621298965495], [138.638592362175, 11.935213742636883]]]}, "properties": {"fillColor": "#8A2BE2", "fillOpacity": 0.7, "color": "#000000", "weight": 0.2, "stroke": false}}, {"type": "Feature", "geometry": {"type": "Polygon", "coordinates": [[[139.07155102283386, 12.150955255685805], [139.10247664145237, 12.132739121889868], [139.13340226007085, 12.129069116607557], [139.16432787868933, 12.128263861656274], [139.19525349730782, 12.12929453323497], [139.22617911592633, 12.134161841116367], [139.25345299286585, 12.15247613323538], [139.2571047345448, 12.154051184181395], [139.28204119629328, 12.181026823845365], [139.2880303531633, 12.204673194317744], [139.2932781461562, 12.209577514455349], [139.303248462498, 12.238128205065333], [139.30473321577674, 12.266678895675314], [139.29966904166417, 12.295229586285298], [139.2880303531633, 12.314388601817953], [139.28698345487547, 12.323780276895281], [139.27213219341678, 12.352330967505265], [139.2571047345448, 12.366204395041224], [139.22617911592633, 12.377472981981253], [139.19525349730782, 12.379293189563496], [139.16432787868933, 12.379608346776891], [139.13340226007085, 12.379205344284781], [139.10247664145237, 12.37749394094292], [139.07155102283386, 12.367087282039606], [139.05517316220582, 12.352330967505265], [139.04062540421538, 12.330672741474187], [139.03370813472586, 12.323780276895281], [139.01751095847632, 12.295229586285298], [139.01421312512883, 12.266678895675314], [139.0140363416342, 12.238128205065331], [139.0167622137082, 12.209577514455347], [139.03251548447847, 12.181026823845365], [139.04062540421535, 12.173539704116699], [139.06990363434485, 12.15247613323538], [139.07155102283386, 12.150955255685805]]]}, "properties": {"fillColor": "#8A2BE2", "fillOpacity": 0.7, "color": "#000000", "weight": 0.2, "stroke": false}}, {"type": "Feature", "geometry": {"type": "Polygon", "coordinates": [[[139.1239608709908, 12.238128205065333], [139.116865574626, 12.266678895675316], [139.13340226007085, 12.291785870694003], [139.13911891047974, 12.295229586285298], [139.16432787868933, 12.303456344319725], [139.19044444645792, 12.295229586285298], [139.19525349730782, 12.2928757187673], [139.2115640164501, 12.266678895675314], [139.20583617649368, 12.238128205065331], [139.19525349730782, 12.227300108462469], [139.16432787868933, 12.219498660678141], [139.13340226007085, 12.22955245538123], [139.1239608709908, 12.238128205065333]]]}, "properties": {"fillColor": "#8A2BE2", "fillOpacity": 0.7, "color": "#000000", "weight": 0.2, "stroke": false}}, {"type": "Feature", "geometry": {"type": "Polygon", "coordinates": [[[129.886642293142, 12.174191663708402], [129.91756791176047, 12.16019470342693], [129.94849353037898, 12.157790463388633], [129.97941914899747, 12.15871439950032], [130.01034476761595, 12.16518351397485], [130.03264434696658, 12.181026823845365], [130.04127038623446, 12.181532789269468], [130.07219600485294, 12.18439048461859], [130.10312162347142, 12.203882765103005], [130.10929007834366, 12.209577514455349], [130.13157492695746, 12.238128205065331], [130.13404724208993, 12.264000601253862], [130.1363967665117, 12.266678895675316], [130.15095196391005, 12.295229586285298], [130.15501963578333, 12.323780276895281], [130.15553796511304, 12.352330967505265], [130.15270807574882, 12.38088165811525], [130.14102912002681, 12.409432348725232], [130.13404724208993, 12.418084104894998], [130.12902247407837, 12.437983039335217], [130.10312162347142, 12.461484846484943], [130.08604059705422, 12.4665337299452], [130.07219600485294, 12.477262016880285], [130.04127038623446, 12.487463379477024], [130.01034476761595, 12.490075270476709], [129.97941914899747, 12.490094603201346], [129.94849353037898, 12.487420598329646], [129.91756791176044, 12.47495332668792], [129.90806010155907, 12.466533729945201], [129.886642293142, 12.457732846365236], [129.86564705333214, 12.437983039335217], [129.85766749100236, 12.409432348725232], [129.85646128822322, 12.38088165811525], [129.85611215819324, 12.352330967505265], [129.85600867598964, 12.323780276895281], [129.85604701528342, 12.295229586285298], [129.85624099770152, 12.266678895675314], [129.8568219700548, 12.238128205065331], [129.85919784671887, 12.209577514455347], [129.87923856485816, 12.181026823845365], [129.886642293142, 12.174191663708402]]]}, "properties": {"fillColor": "#8A2BE2", "fillOpacity": 0.7, "color": "#000000", "weight": 0.2, "stroke": false}}, {"type": "Feature", "geometry": {"type": "Polygon", "coordinates": [[[129.93233904405486, 12.238128205065331], [129.91756791176047, 12.249020007409253], [129.90329145808738, 12.266678895675314], [129.8937294813045, 12.295229586285298], [129.89236869743996, 12.323780276895281], [129.89660082004625, 12.352330967505265], [129.91185990927278, 12.38088165811525], [129.91756791176047, 12.387659531440406], [129.94771564986968, 12.409432348725232], [129.94849353037898, 12.409968160068228], [129.97941914899747, 12.421541283564016], [130.01034476761595, 12.420924976500327], [130.03830064366176, 12.409432348725232], [130.04127038623446, 12.408666540557185], [130.07219600485294, 12.38241911323004], [130.0734928597996, 12.38088165811525], [130.08906027408534, 12.352330967505265], [130.09208328262105, 12.323780276895281], [130.0879082565129, 12.295229586285298], [130.07219600485294, 12.269681426829234], [130.0708864878936, 12.266678895675314], [130.04127038623446, 12.239867467015209], [130.0360824093016, 12.238128205065333], [130.01034476761595, 12.224954863870254], [129.97941914899747, 12.221449185314079], [129.94849353037898, 12.227403882739077], [129.93233904405486, 12.238128205065331]]]}, "properties": {"fillColor": "#8A2BE2", "fillOpacity": 0.7, "color": "#000000", "weight": 0.2, "stroke": false}}, {"type": "Feature", "geometry": {"type": "Polygon", "coordinates": [[[147.94720356634082, 12.223735248659189], [147.9781291849593, 12.217303341661571], [148.0090548035778, 12.214052382610769], [148.0399804221963, 12.213698349531208], [148.0709060408148, 12.217217188367783], [148.1018316594333, 12.22722697237138], [148.13275727805177, 12.232024202677323], [148.14620900908284, 12.238128205065331], [148.16368289667025, 12.241805441252184], [148.19460851528876, 12.248434409372592], [148.22553413390725, 12.250065549879302], [148.25645975252573, 12.250191377732925], [148.28738537114424, 12.250522462381289], [148.31831098976272, 12.250910599511446], [148.3492366083812, 12.251917873029821], [148.37503617428195, 12.266678895675314], [148.3801622269997, 12.269382715872018], [148.40450744891274, 12.295229586285298], [148.40529432611248, 12.323780276895281], [148.4027666806349, 12.352330967505267], [148.39256830634332, 12.38088165811525], [148.3801622269997, 12.399220672185065], [148.3744792001366, 12.409432348725232], [148.3492366083812, 12.433079817902119], [148.3408788903943, 12.437983039335217], [148.31831098976272, 12.4543043214675], [148.28738537114424, 12.463845340272602], [148.2713381642686, 12.4665337299452], [148.25645975252573, 12.470745001233492], [148.22553413390725, 12.475795967160781], [148.19460851528876, 12.47816939188698], [148.16368289667025, 12.47884009653761], [148.13275727805177, 12.478533420742492], [148.1018316594333, 12.477552957356195], [148.07458878495086, 12.4665337299452], [148.0709060408148, 12.465613292873927], [148.0399804221963, 12.458858519406185], [148.0090548035778, 12.442556477480688], [148.00372729273224, 12.437983039335217], [147.9781291849593, 12.417544720926509], [147.96933104174337, 12.409432348725232], [147.9529285782486, 12.38088165811525], [147.94720356634082, 12.36997781652823], [147.9327031750194, 12.352330967505267], [147.92337598245206, 12.323780276895281], [147.9193248161589, 12.295229586285298], [147.9178805860398, 12.266678895675314], [147.9220377666861, 12.238128205065331], [147.94720356634082, 12.223735248659189]]]}, "properties": {"fillColor": "#8A2BE2", "fillOpacity": 0.7, "color": "#000000", "weight": 0.2, "stroke": false}}, {"type": "Feature", "geometry": {"type": "Polygon", "coordinates": [[[122.55727068055958, 12.33676940465556], [122.58819629917808, 12.331221740114191], [122.61912191779658, 12.335578812843515], [122.63845671958053, 12.352330967505265], [122.64610742308602, 12.38088165811525], [122.64427786976799, 12.409432348725232], [122.63375473515754, 12.437983039335219], [122.61912191779658, 12.451492131792804], [122.61513265331098, 12.4665337299452], [122.60281908568095, 12.495084420555184], [122.5881962991781, 12.508584252472835], [122.5604026302911, 12.523635111165168], [122.55727068055958, 12.526526543310593], [122.5263450619411, 12.525919506734786], [122.52106493648351, 12.523635111165168], [122.4954194433226, 12.521702816408565], [122.4644938247041, 12.507784569079519], [122.44698651777576, 12.495084420555184], [122.43792629333662, 12.4665337299452], [122.45140314891486, 12.437983039335217], [122.4644938247041, 12.425699139752258], [122.47080748801177, 12.409432348725232], [122.4954194433226, 12.384193205239573], [122.49844911442217, 12.38088165811525], [122.5263450619411, 12.356106332372482], [122.5366239152127, 12.352330967505267], [122.55727068055958, 12.33676940465556]]]}, "properties": {"fillColor": "#8A2BE2", "fillOpacity": 0.7, "color": "#000000", "weight": 0.2, "stroke": false}}, {"type": "Feature", "geometry": {"type": "Polygon", "coordinates": [[[146.2153689237053, 12.344864575611794], [146.22594920415497, 12.352330967505265], [146.24629454232382, 12.3733283379358], [146.24958671111466, 12.380881658115252], [146.24629454232382, 12.385311868985763], [146.2153689237053, 12.388154494861332], [146.1972288837404, 12.38088165811525], [146.20798725132883, 12.352330967505265], [146.2153689237053, 12.344864575611794]]]}, "properties": {"fillColor": "#8A2BE2", "fillOpacity": 0.7, "color": "#000000", "weight": 0.2, "stroke": false}}, {"type": "Feature", "geometry": {"type": "Polygon", "coordinates": [[[144.35983180659582, 12.52076953962719], [144.37408472814303, 12.523635111165168], [144.39075742521436, 12.524401854513378], [144.42168304383284, 12.535219186171588], [144.44700896203153, 12.55218580177515], [144.45260866245133, 12.554185468908747], [144.4835342810698, 12.56970474970122], [144.49548367562565, 12.580736492385135], [144.5144598996883, 12.584896614177525], [144.5453855183068, 12.588720483657983], [144.57631113692528, 12.602825166080654], [144.58331068286736, 12.609287182995118], [144.6072367555438, 12.611030811270854], [144.63816237416228, 12.61185670016069], [144.66908799278076, 12.611807486580567], [144.70001361139924, 12.613710963883904], [144.73093923001775, 12.618112330615647], [144.76186484863626, 12.633285123426118], [144.76723818866532, 12.637837873605102], [144.79279046725472, 12.653647091205581], [144.80631947246903, 12.666388564215087], [144.8210254415205, 12.69493925482507], [144.82371608587323, 12.720926212487758], [144.82532485853642, 12.723489945435054], [144.8305184588115, 12.752040636045034], [144.82371608587323, 12.770058623810957], [144.82307158121395, 12.78059132665502], [144.81479520869686, 12.809142017265003], [144.79279046725472, 12.830838818460583], [144.7827470899745, 12.837692707874988], [144.76186484863624, 12.853636204845724], [144.73093923001775, 12.862245888758274], [144.70001361139924, 12.864413726241684], [144.66908799278076, 12.86509365513143], [144.63816237416228, 12.865216576073259], [144.6072367555438, 12.864921793463346], [144.57631113692526, 12.86376907720807], [144.5453855183068, 12.857866051403443], [144.51715653899183, 12.837692707874988], [144.5144598996883, 12.83737720079823], [144.4835342810698, 12.835153831515504], [144.45260866245133, 12.818981365247067], [144.44032224215, 12.809142017265003], [144.42168304383284, 12.800332350167764], [144.40010046396728, 12.78059132665502], [144.39075742521436, 12.767805680881434], [144.3756571675375, 12.752040636045036], [144.36005565852898, 12.723489945435054], [144.35983180659585, 12.723137234049092], [144.3309595848258, 12.69493925482507], [144.32890618797737, 12.692421054700954], [144.30155422861543, 12.666388564215087], [144.29798056935886, 12.661269008149112], [144.27494883697767, 12.637837873605102], [144.26782300330805, 12.609287182995118], [144.26705495074037, 12.59214914365022], [144.2649961627576, 12.580736492385135], [144.26705495074037, 12.575793718062979], [144.2723420477054, 12.55218580177515], [144.29798056935886, 12.532017059003635], [144.32890618797737, 12.524987930465477], [144.34917197697288, 12.523635111165168], [144.35983180659582, 12.52076953962719]]]}, "properties": {"fillColor": "#8A2BE2", "fillOpacity": 0.7, "color": "#000000", "weight": 0.2, "stroke": false}}, {"type": "Feature", "geometry": {"type": "Polygon", "coordinates": [[[144.51578110853555, 12.69493925482507], [144.5144598996883, 12.696041392721321], [144.5021247086392, 12.723489945435054], [144.5144598996883, 12.740381545973904], [144.52183481661314, 12.752040636045036], [144.5453855183068, 12.76846196649188], [144.56903085889124, 12.78059132665502], [144.57631113692528, 12.784123789951655], [144.6072367555438, 12.79467810623537], [144.63816237416228, 12.797808099337226], [144.66908799278076, 12.79279285466518], [144.69286205390227, 12.78059132665502], [144.70001361139924, 12.774087927391662], [144.71685105411538, 12.752040636045034], [144.71323342484334, 12.723489945435054], [144.70001361139924, 12.710462759274117], [144.66908799278076, 12.695193696947689], [144.6678295802213, 12.69493925482507], [144.63816237416228, 12.688900740938626], [144.6072367555438, 12.686891575081969], [144.57631113692528, 12.686427917064515], [144.5453855183068, 12.687775455269213], [144.51578110853555, 12.69493925482507]]]}, "properties": {"fillColor": "#8A2BE2", "fillOpacity": 0.7, "color": "#000000", "weight": 0.2, "stroke": false}}, {"type": "Feature", "geometry": {"type": "Polygon", "coordinates": [[[120.70173356345012, 12.620286615694933], [120.7326591820686, 12.616162788936613], [120.7635848006871, 12.61608187725249], [120.7945104193056, 12.61856739557081], [120.82543603792408, 12.624005408371854], [120.85636165654257, 12.636553417210983], [120.8577764446183, 12.637837873605104], [120.88728727516107, 12.645251000304082], [120.91821289377955, 12.650539106060995], [120.94866399845225, 12.666388564215087], [120.94913851239805, 12.666434514210415], [120.98006413101653, 12.669362786280846], [121.01098974963503, 12.671402681863265], [121.04191536825351, 12.679203435405789], [121.0621755847972, 12.69493925482507], [121.07284098687201, 12.696521787734467], [121.1037666054905, 12.701603898496165], [121.13469222410899, 12.722940356207735], [121.1352875297383, 12.723489945435055], [121.16561784272749, 12.731229087716095], [121.19463885070697, 12.752040636045036], [121.19654346134598, 12.752858016428023], [121.22740456154273, 12.78059132665502], [121.22746907996446, 12.78064991460994], [121.25771581097402, 12.809142017265003], [121.25839469858296, 12.809943213316906], [121.28880030540316, 12.837692707874988], [121.28932031720144, 12.838503234200616], [121.31437052068897, 12.866243398484972], [121.31851754504528, 12.894794089094955], [121.31860096872654, 12.923344779704939], [121.31702071877214, 12.951895470314922], [121.31495425785309, 12.980446160924906], [121.3086549676558, 13.008996851534889], [121.28932031720144, 13.033591672387832], [121.2846330728938, 13.037547542144875], [121.25839469858296, 13.054686522835262], [121.22746907996446, 13.064334646799574], [121.19654346134598, 13.06415558250455], [121.16561784272749, 13.060523010363749], [121.13469222410899, 13.047929236939225], [121.12061954183176, 13.037547542144873], [121.1037666054905, 13.034196906844667], [121.07284098687201, 13.028054197283867], [121.04191536825351, 13.027479339692299], [121.01098974963503, 13.025702666452268], [120.98006413101652, 13.026788687127823], [120.94913851239805, 13.031706722812562], [120.91821289377955, 13.034395702843044], [120.88728727516107, 13.037504048929884], [120.88692180855003, 13.037547542144873], [120.85636165654257, 13.054867235900662], [120.82543603792408, 13.058152927458442], [120.7945104193056, 13.058339486238003], [120.7635848006871, 13.056617454292446], [120.7326591820686, 13.052470441561502], [120.70173356345012, 13.043804260904114], [120.68710776874434, 13.037547542144873], [120.67080794483162, 13.034771873742931], [120.63988232621314, 13.027419636189041], [120.61899381073131, 13.008996851534889], [120.60895670759464, 13.002714693173198], [120.57803108897616, 12.990487094115014], [120.56758832915529, 12.980446160924906], [120.54710547035765, 12.95922320066942], [120.53949095014991, 12.951895470314922], [120.51814462395122, 12.923344779704939], [120.51617985173917, 12.92053356491315], [120.49513276555913, 12.894794089094955], [120.48525423312068, 12.882220828951292], [120.47102832065383, 12.866243398484972], [120.45432861450217, 12.84735045990132], [120.44541246546899, 12.837692707874988], [120.42340299588369, 12.809263466242772], [120.42327293579234, 12.809142017265003], [120.420891473004, 12.78059132665502], [120.42340299588369, 12.778268053132686], [120.44704161306147, 12.752040636045036], [120.45432861450219, 12.745324380325071], [120.48525423312068, 12.723619659244484], [120.4856037412942, 12.723489945435054], [120.51617985173917, 12.7140895682046], [120.54710547035765, 12.698929357768309], [120.57013287113472, 12.694939254825067], [120.57803108897616, 12.692953213895027], [120.60895670759464, 12.68186680784203], [120.63377658051269, 12.666388564215087], [120.63988232621314, 12.660928523089268], [120.67080794483162, 12.639338014867578], [120.6736623636497, 12.637837873605102], [120.70173356345012, 12.620286615694933]]]}, "properties": {"fillColor": "#8A2BE2", "fillOpacity": 0.7, "color": "#000000", "weight": 0.2, "stroke": false}}, {"type": "Feature", "geometry": {"type": "Polygon", "coordinates": [[[120.90973292652262, 12.78059132665502], [120.88728727516107, 12.797732309958965], [120.87616881833264, 12.809142017265003], [120.86568335101487, 12.837692707874988], [120.86742329014328, 12.866243398484972], [120.88133965820805, 12.894794089094955], [120.88728727516107, 12.900550258562777], [120.91669098914491, 12.923344779704939], [120.91821289377955, 12.924091773441114], [120.94913851239805, 12.935993799091296], [120.98006413101655, 12.941359747301755], [121.01098974963502, 12.943031401806465], [121.04191536825354, 12.942199995133523], [121.072840986872, 12.940241121951948], [121.1037666054905, 12.938562964713233], [121.13469222410899, 12.935090488046871], [121.16346414964198, 12.923344779704939], [121.16561784272747, 12.921130097143692], [121.17855458294315, 12.894794089094955], [121.17171569670897, 12.866243398484972], [121.16561784272749, 12.858024343695192], [121.15363172034819, 12.837692707874988], [121.13469222410897, 12.81959869332978], [121.12236130545489, 12.809142017265003], [121.1037666054905, 12.795805362947462], [121.07284098687202, 12.782454159196682], [121.06586579742122, 12.78059132665502], [121.04191536825351, 12.771530490607589], [121.01098974963503, 12.76589158109018], [120.98006413101655, 12.764732104393103], [120.94913851239804, 12.767595412276139], [120.91821289377955, 12.776572843882798], [120.90973292652262, 12.78059132665502]]]}, "properties": {"fillColor": "#8A2BE2", "fillOpacity": 0.7, "color": "#000000", "weight": 0.2, "stroke": false}}, {"type": "Feature", "geometry": {"type": "Polygon", "coordinates": [[[143.7722450528445, 13.02653475804571], [143.78355934386562, 13.037547542144871], [143.7722450528445, 13.046239827511984], [143.74946154061482, 13.037547542144875], [143.7722450528445, 13.02653475804571]]]}, "properties": {"fillColor": "#8A2BE2", "fillOpacity": 0.7, "color": "#000000", "weight": 0.2, "stroke": false}}, {"type": "Feature", "geometry": {"type": "Polygon", "coordinates": [[[144.6072367555438, 13.074385423088069], [144.63816237416228, 13.069903523115622], [144.66908799278076, 13.068609002981976], [144.70001361139924, 13.0683405528126], [144.73093923001775, 13.0688273060041], [144.76186484863624, 13.07082493492989], [144.79279046725472, 13.079107834703382], [144.81081687102483, 13.09464892336484], [144.82371608587323, 13.100873875170223], [144.84849875025262, 13.123199613974824], [144.8546417044917, 13.127915977943244], [144.88155472571088, 13.151750304584809], [144.8855673231102, 13.155796973409037], [144.90978314324514, 13.180300995194791], [144.91649294172868, 13.206104553102024], [144.91936244686684, 13.208851685804776], [144.93929197596685, 13.237402376414758], [144.94077890001086, 13.265953067024743], [144.93656042785372, 13.294503757634725], [144.92165479194665, 13.32305444824471], [144.91649294172868, 13.327819894988597], [144.90981766323526, 13.351605138854694], [144.8855673231102, 13.377881318242615], [144.88452180407947, 13.380155829464677], [144.86001606205065, 13.40870652007466], [144.8546417044917, 13.413668154691756], [144.82422269202962, 13.437257210684646], [144.82371608587326, 13.437724912101073], [144.79279046725472, 13.46303214916328], [144.7745692648707, 13.465807901294628], [144.76186484863624, 13.477221705068722], [144.73093923001775, 13.491232007696924], [144.70001361139924, 13.493283338231052], [144.69079508534276, 13.494358591904614], [144.66908799278076, 13.514431137592963], [144.63816237416228, 13.521817750272026], [144.62702666712138, 13.522909282514595], [144.6072367555438, 13.536568567241329], [144.57631113692528, 13.546023733526129], [144.5453855183068, 13.549113231287325], [144.51888795615614, 13.55145997312458], [144.5144598996883, 13.555547977693756], [144.4835342810698, 13.573880729542417], [144.45260866245133, 13.57884104859414], [144.4464013381034, 13.580010663734562], [144.42168304383284, 13.599037318134645], [144.39075742521436, 13.606459286275893], [144.37773171799532, 13.608561354344547], [144.35983180659588, 13.62096542442767], [144.32890618797737, 13.630324844065354], [144.29798056935886, 13.633691870302444], [144.27270815321563, 13.63711204495453], [144.26705495074037, 13.642331110636551], [144.2361293321219, 13.654322566106009], [144.2052037135034, 13.659382109879104], [144.1742780948849, 13.661742978668155], [144.14335247626641, 13.664897428811424], [144.13803262945405, 13.665662735564513], [144.11242685764793, 13.682763107134981], [144.08150123902942, 13.687250183855456], [144.05057562041094, 13.688060972931968], [144.01965000179246, 13.684864461702055], [143.9938583265921, 13.665662735564513], [143.98872438317397, 13.660271363597456], [143.97112710291003, 13.63711204495453], [143.9717655838509, 13.608561354344547], [143.98872438317397, 13.580878208842012], [143.98892292677468, 13.580010663734562], [143.98911887139153, 13.55145997312458], [143.98872438317397, 13.55124243665368], [143.95779876455546, 13.550213221751438], [143.92992522044776, 13.55145997312458], [143.92687314593695, 13.552234344666408], [143.89594752731847, 13.558190363619275], [143.8650219087, 13.56280875385785], [143.8340962900815, 13.566875107725949], [143.80317067146302, 13.56966233309373], [143.7722450528445, 13.570881768832145], [143.74131943422603, 13.570524973889537], [143.71039381560755, 13.568890133788226], [143.67946819698903, 13.55577167971797], [143.67430505722513, 13.55145997312458], [143.64854257837055, 13.533894353440537], [143.63632414711614, 13.522909282514595], [143.61761695975207, 13.501453412902546], [143.61023009678524, 13.494358591904613], [143.59310594530652, 13.465807901294628], [143.58813718463912, 13.437257210684644], [143.5866913411336, 13.419767208040696], [143.58474322637355, 13.408706520074661], [143.58367847540882, 13.380155829464677], [143.5852206942606, 13.351605138854694], [143.5866913411336, 13.338861134337556], [143.58856633273763, 13.32305444824471], [143.60623734918, 13.294503757634725], [143.61761695975207, 13.282383764681878], [143.64854257837055, 13.271024759986505], [143.67205178064458, 13.265953067024743], [143.67946819698903, 13.264039920452083], [143.71039381560755, 13.254839555340997], [143.74131943422603, 13.24395382996902], [143.75822508350365, 13.237402376414758], [143.7722450528445, 13.227395712439506], [143.80317067146302, 13.217167578827532], [143.8340962900815, 13.213048479521452], [143.86372445754088, 13.208851685804774], [143.8650219087, 13.207653872202977], [143.89594752731847, 13.189084166261788], [143.9023067785514, 13.180300995194791], [143.90669570915873, 13.151750304584809], [143.9195845871145, 13.123199613974824], [143.92687314593698, 13.116836119156131], [143.95779876455546, 13.105600090407343], [143.98872438317397, 13.103192819644832], [144.01965000179246, 13.111542305696236], [144.0331775589524, 13.123199613974824], [144.05057562041094, 13.142693904518783], [144.07958136709917, 13.151750304584809], [144.08150123902942, 13.152074568381975], [144.0817120366717, 13.151750304584809], [144.11242685764793, 13.12361549275978], [144.11392413707452, 13.123199613974824], [144.14335247626641, 13.108827204953311], [144.1742780948849, 13.104645402500573], [144.2052037135034, 13.104346882923412], [144.2361293321219, 13.106527392910339], [144.26705495074037, 13.112476673023723], [144.28822025430622, 13.123199613974824], [144.29798056935886, 13.12350097328199], [144.32890618797737, 13.124659148854468], [144.35983180659585, 13.126012911876618], [144.39075742521436, 13.131913087621978], [144.42168304383284, 13.132691759861], [144.45260866245133, 13.128018495529709], [144.4835342810698, 13.12395564734684], [144.48917388950028, 13.123199613974824], [144.5144598996883, 13.10390943072445], [144.5453855183068, 13.097261327571944], [144.57631113692528, 13.094765927235276], [144.57749765869923, 13.09464892336484], [144.6072367555438, 13.074385423088069]]]}, "properties": {"fillColor": "#8A2BE2", "fillOpacity": 0.7, "color": "#000000", "weight": 0.2, "stroke": false}}, {"type": "Feature", "geometry": {"type": "Polygon", "coordinates": [[[144.61080591148394, 13.151750304584809], [144.6072367555438, 13.152190512257116], [144.57631113692528, 13.1578015636689], [144.5453855183068, 13.166232376092934], [144.5144598996883, 13.179770614523731], [144.5133385120259, 13.180300995194791], [144.4835342810698, 13.187042508274185], [144.45260866245133, 13.19387027134129], [144.42168304383284, 13.19806685011483], [144.39075742521436, 13.197141343179903], [144.35983180659585, 13.192874001045507], [144.32890618797737, 13.189808069698634], [144.29798056935886, 13.188233283090728], [144.26705495074037, 13.187922026713522], [144.2361293321219, 13.189789719084509], [144.2052037135034, 13.196338597087575], [144.18076958459926, 13.208851685804776], [144.1742780948849, 13.211526023783964], [144.14335247626641, 13.232005297150035], [144.1363338506471, 13.237402376414758], [144.11242685764793, 13.252308271857682], [144.09101182928407, 13.265953067024743], [144.08150123902942, 13.272110036154064], [144.05057562041094, 13.28599028855814], [144.01965000179246, 13.294418527246883], [144.0188904546298, 13.294503757634725], [143.98872438317397, 13.29763862124394], [143.95779876455546, 13.299596145580159], [143.92687314593698, 13.304524829075193], [143.89594752731847, 13.315273700562091], [143.88230805002993, 13.32305444824471], [143.8650219087, 13.33929361483105], [143.85407696044936, 13.351605138854694], [143.84911752716533, 13.380155829464677], [143.8650219087, 13.401382404228245], [143.87306856531558, 13.408706520074661], [143.89594752731847, 13.419139155867093], [143.92687314593698, 13.426663746717715], [143.95779876455546, 13.428233869720442], [143.98872438317397, 13.423460560930383], [144.01965000179246, 13.418855555133323], [144.05057562041094, 13.423191655119709], [144.08150123902942, 13.435452033172222], [144.08404093297835, 13.437257210684644], [144.11242685764796, 13.459131199819254], [144.11833520403025, 13.465807901294628], [144.1404483384574, 13.494358591904613], [144.14335247626641, 13.498769379228174], [144.16093737624567, 13.522909282514595], [144.1742780948849, 13.53550295418301], [144.2052037135034, 13.547234821979973], [144.2361293321219, 13.549003201626498], [144.26705495074037, 13.546898400946464], [144.29798056935886, 13.54239061658047], [144.32890618797737, 13.53582266387168], [144.35983180659585, 13.526843106330343], [144.37130749136878, 13.522909282514595], [144.39075742521436, 13.519569016122983], [144.42168304383284, 13.51361006167894], [144.45260866245133, 13.50605833547339], [144.4835342810698, 13.495402650330213], [144.4861936721709, 13.494358591904613], [144.5144598996883, 13.489259222609311], [144.54538551830677, 13.481972097007734], [144.57631113692528, 13.471478266907965], [144.59048380989196, 13.465807901294628], [144.6072367555438, 13.462859909234496], [144.63816237416228, 13.45718919825391], [144.66908799278076, 13.449184554460775], [144.6951319618803, 13.437257210684644], [144.70001361139924, 13.436023622707504], [144.73093923001775, 13.425482118866457], [144.75546738001344, 13.40870652007466], [144.76186484863624, 13.404270033268734], [144.78854134866944, 13.380155829464677], [144.79279046725472, 13.374247219896892], [144.81187233991218, 13.351605138854692], [144.82371608587323, 13.323252563613867], [144.8238455786054, 13.32305444824471], [144.83380133457217, 13.294503757634725], [144.8317788060973, 13.265953067024743], [144.82371608587323, 13.249109981931227], [144.82005469979606, 13.237402376414758], [144.7989228778951, 13.208851685804774], [144.79279046725472, 13.202663636283102], [144.77008244277357, 13.180300995194791], [144.76186484863624, 13.173482043376634], [144.73093923001775, 13.155052962853961], [144.7187099508622, 13.151750304584809], [144.70001361139924, 13.145002304091916], [144.66908799278076, 13.141821024657457], [144.63816237416228, 13.144487558499769], [144.61080591148394, 13.151750304584809]]]}, "properties": {"fillColor": "#8A2BE2", "fillOpacity": 0.7, "color": "#000000", "weight": 0.2, "stroke": false}}, {"type": "Feature", "geometry": {"type": "Polygon", "coordinates": [[[123.63966733220678, 13.2736162050917], [123.66541117409623, 13.294503757634725], [123.65603154589918, 13.32305444824471], [123.63966733220678, 13.334188567532008], [123.61906570650603, 13.323054448244712], [123.61173282901858, 13.294503757634725], [123.63966733220678, 13.2736162050917]]]}, "properties": {"fillColor": "#8A2BE2", "fillOpacity": 0.7, "color": "#000000", "weight": 0.2, "stroke": false}}, {"type": "Feature", "geometry": {"type": "Polygon", "coordinates": [[[148.0090548035778, 13.276355574987882], [148.0399804221963, 13.269491198865833], [148.0709060408148, 13.26847339191077], [148.1018316594333, 13.272744425053084], [148.13275727805177, 13.27469067251707], [148.16368289667025, 13.280787106563068], [148.18751554960215, 13.294503757634725], [148.19460851528876, 13.29510537178352], [148.22553413390727, 13.295465730278831], [148.25278233979375, 13.294503757634725], [148.25645975252576, 13.292717631517952], [148.26131722134858, 13.294503757634725], [148.28738537114424, 13.295233671773389], [148.31831098976272, 13.29707633268625], [148.3492366083812, 13.30141158072907], [148.37606441996846, 13.323054448244708], [148.3801622269997, 13.323683090108215], [148.4110878456182, 13.329129688505486], [148.43681784990423, 13.351605138854694], [148.44201346423668, 13.35412876576262], [148.47061885484123, 13.380155829464677], [148.4729390828552, 13.382750401862777], [148.50016462175608, 13.408706520074661], [148.50386470147367, 13.41349547243749], [148.53219171302004, 13.437257210684644], [148.53479032009216, 13.43789397449369], [148.56571593871064, 13.445915382871725], [148.58757902296733, 13.465807901294628], [148.59664155732915, 13.47160537862364], [148.62129584606262, 13.494358591904613], [148.62756717594763, 13.503051898349174], [148.64885228744907, 13.522909282514595], [148.65849279456611, 13.533759611090378], [148.67764938845363, 13.55145997312458], [148.68941841318463, 13.553724903192656], [148.7203440318031, 13.564048845948356], [148.73763359919246, 13.580010663734562], [148.7512696504216, 13.583294971820209], [148.77863776282527, 13.608561354344547], [148.78219526904007, 13.611299886269347], [148.81015455682484, 13.63711204495453], [148.8121888270766, 13.665662735564513], [148.81268048326967, 13.694213426174498], [148.81283489423305, 13.72276411678448], [148.81287809390525, 13.751314807394465], [148.81285315730824, 13.779865498004447], [148.81272596019917, 13.808416188614432], [148.81233068605007, 13.836966879224416], [148.8108770320294, 13.865517569834399], [148.80174109504793, 13.894068260444381], [148.78219526904007, 13.91211306782402], [148.7512696504216, 13.91816702486125], [148.7203440318031, 13.92043542893503], [148.70160982732625, 13.922618951054366], [148.69003776304658, 13.951169641664348], [148.68941841318463, 13.95202297900824], [148.68281742179855, 13.979720332274333], [148.65849279456611, 13.999981814034692], [148.64711548251367, 14.008271022884319], [148.62756717594763, 14.027144383088185], [148.59664155732915, 14.03632918727987], [148.5934215914171, 14.036821713494302], [148.56571593871064, 14.053201001398605], [148.53479032009216, 14.058424630362035], [148.50386470147367, 14.059643674912735], [148.4729390828552, 14.058851881390808], [148.44201346423668, 14.055602924971577], [148.4110878456182, 14.046577035928099], [148.39493260504338, 14.036821713494302], [148.3801622269997, 14.03533733540748], [148.3492366083812, 14.03288065356914], [148.31831098976272, 14.032899913487933], [148.28738537114424, 14.035697758620111], [148.2798884240121, 14.036821713494302], [148.25645975252573, 14.053087767201497], [148.22553413390725, 14.063020725759618], [148.20303152900846, 14.065372404104284], [148.19460851528876, 14.070904931677465], [148.16368289667025, 14.08339359038981], [148.13275727805177, 14.087299180613197], [148.1018316594333, 14.088678328704951], [148.0709060408148, 14.088830183756869], [148.0399804221963, 14.087684578106206], [148.0090548035778, 14.083120106909881], [147.9829433372174, 14.065372404104284], [147.9781291849593, 14.064830723876891], [147.94720356634082, 14.063661841418346], [147.91627794772234, 14.064049641250028], [147.88535232910385, 14.063794160467088], [147.85442671048537, 14.062958462641465], [147.82350109186686, 14.061350020851641], [147.79257547324838, 14.058486216338752], [147.76164985462987, 14.046925909578816], [147.73579757711266, 14.036821713494302], [147.73072423601138, 14.033878732413674], [147.71577809609215, 14.008271022884319], [147.71702507166947, 13.979720332274335], [147.73072423601138, 13.963368129059123], [147.76040368156742, 13.95116964166435], [147.76164985462987, 13.950475765587367], [147.79257547324838, 13.936879221515115], [147.82350109186686, 13.928163324345956], [147.8385508732431, 13.922618951054366], [147.82350109186686, 13.922245988494877], [147.79257547324838, 13.921810247152493], [147.76164985462987, 13.921392682252607], [147.73072423601138, 13.921045051107471], [147.6997986173929, 13.920729396810378], [147.66887299877442, 13.919727901407718], [147.6379473801559, 13.91785298444098], [147.60973662955664, 13.894068260444383], [147.60702176153742, 13.891416357226223], [147.5824863169043, 13.865517569834399], [147.57888335884107, 13.836966879224416], [147.5772995119976, 13.808416188614432], [147.5774587483767, 13.779865498004447], [147.58326913247032, 13.751314807394465], [147.60702176153742, 13.728141542927204], [147.61284950354238, 13.722764116784479], [147.6379473801559, 13.701968136718254], [147.66887299877442, 13.69588341661413], [147.6807017730202, 13.694213426174498], [147.6997986173929, 13.675139892584586], [147.73072423601138, 13.667636781573272], [147.7454133315245, 13.665662735564513], [147.73072423601138, 13.654957023602329], [147.6997986173929, 13.655876379881228], [147.66887299877442, 13.659462060986566], [147.6379473801559, 13.65911858379327], [147.60702176153742, 13.64798722501368], [147.5950486023268, 13.63711204495453], [147.5813796040686, 13.608561354344547], [147.58821705444333, 13.580010663734562], [147.59505851375522, 13.55145997312458], [147.59930939024753, 13.522909282514593], [147.60702176153742, 13.510462965982715], [147.62025680742354, 13.494358591904613], [147.6379473801559, 13.478142723619845], [147.66887299877442, 13.470176119544872], [147.6997986173929, 13.467103843343434], [147.71330913255073, 13.465807901294628], [147.73072423601135, 13.463115585639347], [147.76164985462987, 13.443213420706233], [147.76575031877934, 13.437257210684644], [147.78433154765577, 13.408706520074661], [147.79257547324838, 13.40109568544887], [147.81214171215174, 13.380155829464677], [147.82350109186686, 13.36908905703504], [147.85213926764783, 13.351605138854694], [147.85442671048537, 13.34965627537369], [147.88535232910385, 13.342813069823357], [147.91627794772234, 13.338226038447768], [147.94720356634082, 13.328537829868827], [147.95208059779355, 13.323054448244708], [147.9781291849593, 13.301795506334129], [147.98635475994035, 13.294503757634725], [148.0090548035778, 13.276355574987882]]]}, "properties": {"fillColor": "#8A2BE2", "fillOpacity": 0.7, "color": "#000000", "weight": 0.2, "stroke": false}}, {"type": "Feature", "geometry": {"type": "Polygon", "coordinates": [[[148.29797425397223, 13.380155829464677], [148.28738537114424, 13.38235549049999], [148.26143085783423, 13.408706520074661], [148.26862254137546, 13.437257210684644], [148.28738537114424, 13.461397042208477], [148.2895322708015, 13.465807901294628], [148.305919593663, 13.494358591904613], [148.31831098976272, 13.52202461320583], [148.31857227680447, 13.522909282514595], [148.31831098976272, 13.524581851445374], [148.30447711635998, 13.55145997312458], [148.28738537114424, 13.555059191979819], [148.25645975252573, 13.557396067271869], [148.22553413390722, 13.555799682389464], [148.19460851528876, 13.552207903701264], [148.18630315009892, 13.55145997312458], [148.16368289667025, 13.546042095073998], [148.13275727805177, 13.541145793686429], [148.1018316594333, 13.536246482717038], [148.0709060408148, 13.536212876777228], [148.0399804221963, 13.543181619570571], [148.02486448116923, 13.55145997312458], [148.0090548035778, 13.558532825735107], [147.9850987187716, 13.580010663734562], [147.9781291849593, 13.585109802900986], [147.9525560721842, 13.608561354344547], [147.94720356634082, 13.611737090724773], [147.91627794772234, 13.633345622316542], [147.91162864034143, 13.63711204495453], [147.88535232910385, 13.650651495199384], [147.86541539542634, 13.665662735564513], [147.85442671048537, 13.671786169276954], [147.82350109186686, 13.690875882439276], [147.8179470120715, 13.6942134261745], [147.79257547324838, 13.70267999159665], [147.76164985462987, 13.717044872874933], [147.7521573329075, 13.722764116784479], [147.73072423601138, 13.733047792907158], [147.70437155518937, 13.751314807394465], [147.6997986173929, 13.756002075349905], [147.67710988739304, 13.779865498004447], [147.6714562384499, 13.808416188614432], [147.68905690352636, 13.836966879224416], [147.6997986173929, 13.843848723862683], [147.73072423601138, 13.854961450854104], [147.76164985462987, 13.861382853742377], [147.78522293451098, 13.865517569834399], [147.79257547324838, 13.86788118778083], [147.82350109186686, 13.87642828830392], [147.85442671048537, 13.880905621706347], [147.88535232910385, 13.88369215173218], [147.91627794772234, 13.887119417627382], [147.94720356634082, 13.892550432086246], [147.95199508156307, 13.894068260444385], [147.9781291849593, 13.921374960533397], [147.97906984469387, 13.922618951054364], [147.98684575820073, 13.951169641664348], [148.0090548035778, 13.972628011969972], [148.02215799921893, 13.979720332274333], [148.0399804221963, 13.987136078207273], [148.0709060408148, 13.995269062574913], [148.1018316594333, 13.99803249840512], [148.13275727805177, 13.997134404548381], [148.16368289667025, 13.993148846339299], [148.19460851528876, 13.984825649806798], [148.20561921139364, 13.979720332274335], [148.22553413390725, 13.97267923931761], [148.25645975252573, 13.954377675371664], [148.2645804083503, 13.95116964166435], [148.28738537114424, 13.946328324536278], [148.31831098976272, 13.942254416773611], [148.3492366083812, 13.939825171759848], [148.3801622269997, 13.941396583524867], [148.4110878456182, 13.945089469773578], [148.44201346423668, 13.949380740299581], [148.45996187790547, 13.95116964166435], [148.4729390828552, 13.953331929176263], [148.50386470147367, 13.953260890637221], [148.51327793758654, 13.95116964166435], [148.53479032009216, 13.946129921578732], [148.56571593871064, 13.92709041929672], [148.5704004169573, 13.922618951054368], [148.59664155732915, 13.904902899974108], [148.60936266356666, 13.894068260444385], [148.62756717594763, 13.887138470767912], [148.65849279456611, 13.870060655951402], [148.66547967514293, 13.865517569834399], [148.68941841318463, 13.85371536863246], [148.71327219552836, 13.836966879224416], [148.7203440318031, 13.832031872121574], [148.74629078266622, 13.808416188614432], [148.7512696504216, 13.799343129631641], [148.76380613244305, 13.779865498004447], [148.76910055465868, 13.751314807394465], [148.76680228344037, 13.72276411678448], [148.75599246790736, 13.694213426174496], [148.7512696504216, 13.687409203047899], [148.74118137777447, 13.665662735564513], [148.7203440318031, 13.644008893894071], [148.71146646508504, 13.637112044954529], [148.68941841318463, 13.62127231632526], [148.65849279456611, 13.609680065840248], [148.6546371845678, 13.608561354344547], [148.62756717594763, 13.594665513068342], [148.59664155732915, 13.580951090009478], [148.59507569836586, 13.580010663734562], [148.57023350127884, 13.55145997312458], [148.56571593871064, 13.546449560621078], [148.54752851661786, 13.522909282514595], [148.53479032009216, 13.511640762248437], [148.5112346616134, 13.49435859190461], [148.50386470147367, 13.489066423831375], [148.4729390828552, 13.467864819941411], [148.4704488499986, 13.465807901294628], [148.44201346423668, 13.439719704796008], [148.4393990995346, 13.437257210684644], [148.4110878456182, 13.411869901946512], [148.40597670941006, 13.40870652007466], [148.3801622269997, 13.391080778865849], [148.3492366083812, 13.381713829247303], [148.33471881361703, 13.380155829464677], [148.31831098976272, 13.377108808711567], [148.29797425397223, 13.380155829464677]]]}, "properties": {"fillColor": "#8A2BE2", "fillOpacity": 0.7, "color": "#000000", "weight": 0.2, "stroke": false}}, {"type": "Feature", "geometry": {"type": "Polygon", "coordinates": [[[123.54689047635131, 13.403560147575092], [123.57781609496979, 13.397822808100468], [123.5902371642413, 13.408706520074661], [123.6036248268245, 13.437257210684644], [123.60156064221032, 13.465807901294628], [123.58380270005011, 13.49435859190461], [123.5778160949698, 13.499873152891775], [123.54689047635131, 13.51315217446058], [123.52750270068842, 13.49435859190461], [123.51662940525594, 13.465807901294628], [123.52039774943512, 13.437257210684644], [123.54279383409636, 13.408706520074661], [123.54689047635131, 13.403560147575092]]]}, "properties": {"fillColor": "#8A2BE2", "fillOpacity": 0.7, "color": "#000000", "weight": 0.2, "stroke": false}}, {"type": "Feature", "geometry": {"type": "Polygon", "coordinates": [[[148.1018316594333, 14.57465197783352], [148.13275727805177, 14.57369350846456], [148.14535102554, 14.579284835083989], [148.13275727805177, 14.595761437348338], [148.11657128022438, 14.607835525693975], [148.1018316594333, 14.612093777018135], [148.0709060408148, 14.611168257930693], [148.0678290827249, 14.607835525693975], [148.0709060408148, 14.585129039195763], [148.07486509339668, 14.57928483508399], [148.1018316594333, 14.57465197783352]]]}, "properties": {"fillColor": "#8A2BE2", "fillOpacity": 0.7, "color": "#000000", "weight": 0.2, "stroke": false}}, {"type": "Feature", "geometry": {"type": "Polygon", "coordinates": [[[147.390542431208, 14.590184434915727], [147.42146804982647, 14.586541492301755], [147.45239366844498, 14.586147088733252], [147.48331928706347, 14.595283014780954], [147.49886266071002, 14.607835525693975], [147.51424490568195, 14.613041695825398], [147.54264134055916, 14.636386216303958], [147.54517052430043, 14.637366173765868], [147.57609614291894, 14.650495757293896], [147.59369769153602, 14.66493690691394], [147.60702176153742, 14.676868582145088], [147.62307316184047, 14.693487597523925], [147.6379473801559, 14.721736468817536], [147.63827430566528, 14.722038288133911], [147.65885701472376, 14.750588978743892], [147.66549596250667, 14.779139669353878], [147.66659656604702, 14.80769035996386], [147.66190088840403, 14.836241050573843], [147.65472268535436, 14.864791741183826], [147.6379473801559, 14.88271415387574], [147.63083866080572, 14.89334243179381], [147.60702176153742, 14.916738624769597], [147.59943954720006, 14.921893122403795], [147.57609614291894, 14.940732754767936], [147.5572400669591, 14.950443813013779], [147.54517052430043, 14.960298700813272], [147.51424490568195, 14.973703931745597], [147.48331928706347, 14.977796976633726], [147.46405624859491, 14.97899450362376], [147.45239366844498, 14.987289381529262], [147.42146804982647, 15.00197148401088], [147.390542431208, 15.005889213561613], [147.37089927545756, 15.007545194233746], [147.35961681258948, 15.01796122214376], [147.328691193971, 15.031220843336634], [147.2977655753525, 15.033185189638463], [147.26683995673403, 15.035446427064699], [147.25494387007657, 15.036095884843728], [147.23591433811552, 15.044760494929513], [147.2229758528984, 15.036095884843727], [147.20498871949704, 15.030574311820114], [147.18083886147568, 15.007545194233746], [147.17406310087856, 14.988490829854523], [147.16637843061508, 14.978994503623763], [147.16107082668105, 14.950443813013777], [147.16543560941795, 14.921893122403795], [147.17406310087856, 14.90880277021187], [147.17475935392935, 14.89334243179381], [147.17551701405804, 14.864791741183828], [147.17497872903624, 14.836241050573843], [147.17568803288063, 14.80769035996386], [147.18021615264087, 14.779139669353874], [147.19857257030054, 14.750588978743892], [147.20498871949704, 14.744665556713876], [147.21179133791998, 14.72203828813391], [147.23591433811552, 14.697317925488381], [147.23816190275573, 14.693487597523925], [147.26683995673403, 14.666696582506054], [147.2689080879264, 14.664936906913942], [147.2977655753525, 14.640231238994259], [147.30571554892703, 14.636386216303958], [147.328691193971, 14.615174982300596], [147.35961681258948, 14.60911731727675], [147.36843516324512, 14.607835525693975], [147.390542431208, 14.590184434915727]]]}, "properties": {"fillColor": "#8A2BE2", "fillOpacity": 0.7, "color": "#000000", "weight": 0.2, "stroke": false}}, {"type": "Feature", "geometry": {"type": "Polygon", "coordinates": [[[147.36593669030768, 14.693487597523925], [147.35961681258948, 14.695168141035785], [147.328691193971, 14.712064102198497], [147.31714103748345, 14.72203828813391], [147.2977655753525, 14.740671947144865], [147.28876144329698, 14.750588978743892], [147.2698475446805, 14.779139669353874], [147.26683995673403, 14.785586259313344], [147.25313068006432, 14.80769035996386], [147.24553348753435, 14.836241050573845], [147.24578596168755, 14.86479174118383], [147.25212703832756, 14.89334243179381], [147.26683995673403, 14.918107599346417], [147.26987876587577, 14.921893122403795], [147.2977655753525, 14.941714102538679], [147.328691193971, 14.946084199825687], [147.35961681258948, 14.945107929492346], [147.390542431208, 14.940592918708345], [147.42146804982647, 14.930170336137323], [147.43683010306592, 14.921893122403795], [147.45239366844498, 14.914828489824853], [147.48268543817966, 14.89334243179381], [147.48331928706347, 14.892812301790935], [147.5128362717632, 14.864791741183828], [147.51424490568195, 14.862796874920889], [147.53504444950264, 14.836241050573843], [147.54517052430043, 14.808013689679326], [147.54533480621652, 14.80769035996386], [147.54786786957638, 14.779139669353878], [147.54517052430043, 14.772362570376993], [147.5384540542125, 14.750588978743892], [147.51424490568195, 14.724564479239547], [147.51099131165773, 14.722038288133911], [147.48331928706347, 14.704119519084728], [147.45641367369984, 14.693487597523925], [147.45239366844498, 14.691404983871205], [147.42146804982647, 14.68256550530539], [147.390542431208, 14.68402705237182], [147.36593669030768, 14.693487597523925]]]}, "properties": {"fillColor": "#8A2BE2", "fillOpacity": 0.7, "color": "#000000", "weight": 0.2, "stroke": false}}, {"type": "Feature", "geometry": {"type": "Polygon", "coordinates": [[[145.47315407686153, 14.658963215959018], [145.50407969548002, 14.647033073672748], [145.53500531409853, 14.641221879311637], [145.565930932717, 14.638252090407526], [145.5968565513355, 14.636798741131342], [145.627782169954, 14.636436818468662], [145.65870778857249, 14.637387959616232], [145.68963340719097, 14.642725077184437], [145.72055902580945, 14.65840499256245], [145.7290370961067, 14.66493690691394], [145.75148464442796, 14.684154465661885], [145.76002406966074, 14.693487597523923], [145.78241026304644, 14.71490245780166], [145.79013967213135, 14.72203828813391], [145.81333588166493, 14.74521981063075], [145.81915167252035, 14.750588978743892], [145.84426150028344, 14.774836192991712], [145.85019001012847, 14.779139669353874], [145.87518711890192, 14.784807250210356], [145.9061127375204, 14.788307834254898], [145.93703835613888, 14.803642540375456], [145.9435963599736, 14.80769035996386], [145.9679639747574, 14.81394275366508], [145.9956292247613, 14.836241050573843], [145.99888959337588, 14.838197099834288], [146.02842977640046, 14.864791741183828], [146.0298152119944, 14.866107746871497], [146.0544887225562, 14.89334243179381], [146.06074083061287, 14.902727510634982], [146.08084621146907, 14.921893122403795], [146.09166644923135, 14.941023762061395], [146.10154878531685, 14.95044381301378], [146.11790747911357, 14.978994503623762], [146.12259206784984, 14.987615327473748], [146.14251955084484, 15.007545194233746], [146.14739610946418, 15.036095884843728], [146.14522052226528, 15.064646575453715], [146.12300141603367, 15.093197266063697], [146.12259206784984, 15.09357517841826], [146.1047297235833, 15.12174795667368], [146.09166644923135, 15.134169513957215], [146.07919362367247, 15.150298647283662], [146.06074083061287, 15.168307480687975], [146.0532567177088, 15.178849337893647], [146.04129745371114, 15.207400028503631], [146.0298152119944, 15.219311868989758], [146.02252961098668, 15.235950719113614], [145.99888959337588, 15.263663479276579], [145.99816615213135, 15.264501409723598], [145.96844111737238, 15.293052100333583], [145.9679639747574, 15.293494242335186], [145.93703835613888, 15.311421801028597], [145.9061127375204, 15.306082068309864], [145.8889296480549, 15.293052100333583], [145.87518711890192, 15.282030918609408], [145.85860960161193, 15.2645014097236], [145.8542774171407, 15.235950719113614], [145.85769952053877, 15.207400028503631], [145.86309866858568, 15.178849337893647], [145.87518711890192, 15.161798177051907], [145.87907065226773, 15.150298647283664], [145.88769848260273, 15.12174795667368], [145.89236821799938, 15.093197266063697], [145.89028893705296, 15.064646575453713], [145.88323037198515, 15.036095884843728], [145.87518711890192, 15.024993879174758], [145.84426150028344, 15.026993259087863], [145.83365809928168, 15.036095884843728], [145.81333588166493, 15.056575654082454], [145.80230305800148, 15.064646575453713], [145.78241026304644, 15.083050003083972], [145.75249958664796, 15.093197266063695], [145.75148464442796, 15.09390666058512], [145.72055902580945, 15.09759064879202], [145.70594542739838, 15.093197266063697], [145.68963340719097, 15.091800811057647], [145.65870778857249, 15.091596368035491], [145.65308940147824, 15.093197266063697], [145.627782169954, 15.11138825975458], [145.5968565513355, 15.119907424742218], [145.58627382293156, 15.12174795667368], [145.56593093271704, 15.132912688153265], [145.53500531409856, 15.134787234504639], [145.50407969548002, 15.130910269865616], [145.47973855613938, 15.12174795667368], [145.47315407686153, 15.121099228962901], [145.44222845824305, 15.11144759213246], [145.41418757609324, 15.093197266063697], [145.41130283962457, 15.091062923429517], [145.38987523009425, 15.064646575453713], [145.38037722100606, 15.046623060387201], [145.36536515839035, 15.036095884843728], [145.34945160238757, 15.025963630507373], [145.33668337770197, 15.036095884843728], [145.31852598376906, 15.055378328279373], [145.30191467360314, 15.064646575453713], [145.28760036515058, 15.072615518995104], [145.27163587282996, 15.064646575453713], [145.2566747465321, 15.0566345306869], [145.23736133036266, 15.036095884843728], [145.228785893874, 15.007545194233746], [145.226252597122, 14.978994503623762], [145.2294943019207, 14.950443813013779], [145.23800164151905, 14.921893122403795], [145.2444096603755, 14.893342431793812], [145.2566747465321, 14.8716232307162], [145.25940245136806, 14.864791741183828], [145.2705843934723, 14.836241050573843], [145.28045904790523, 14.80769035996386], [145.28760036515058, 14.798795416391966], [145.2961059491766, 14.779139669353876], [145.31413609310238, 14.750588978743892], [145.31852598376906, 14.747148818618873], [145.34945160238757, 14.723544280553847], [145.35110340340492, 14.72203828813391], [145.38037722100606, 14.696817013171033], [145.38680699583438, 14.693487597523927], [145.41130283962457, 14.678148108713387], [145.44222845824305, 14.671407735485426], [145.46668347722735, 14.664936906913942], [145.47315407686153, 14.658963215959018]]]}, "properties": {"fillColor": "#8A2BE2", "fillOpacity": 0.7, "color": "#000000", "weight": 0.2, "stroke": false}}, {"type": "Feature", "geometry": {"type": "Polygon", "coordinates": [[[145.5420824891044, 14.779139669353876], [145.53500531409853, 14.786205038270085], [145.51712798210554, 14.80769035996386], [145.50502034663342, 14.836241050573843], [145.50407969548002, 14.84039550539028], [145.49645146112755, 14.864791741183828], [145.49262404882157, 14.89334243179381], [145.4920517645852, 14.921893122403795], [145.4957097789768, 14.950443813013779], [145.50407969548002, 14.968837455990744], [145.5135467013882, 14.978994503623763], [145.53500531409853, 14.990005951071232], [145.565930932717, 14.984495268576094], [145.57513218560345, 14.978994503623763], [145.5968565513355, 14.968459867038709], [145.627782169954, 14.952541581757266], [145.6322715786493, 14.950443813013779], [145.65870778857249, 14.942071214802876], [145.68963340719097, 14.931979887831455], [145.7117643550306, 14.921893122403795], [145.72055902580945, 14.91695391510255], [145.74418828992364, 14.89334243179381], [145.75039978937292, 14.864791741183828], [145.74509436763535, 14.836241050573845], [145.72906139343522, 14.80769035996386], [145.72055902580945, 14.79841233253193], [145.69952370860494, 14.779139669353876], [145.68963340719097, 14.771608562914667], [145.65870778857249, 14.75697297596108], [145.627782169954, 14.751604261964582], [145.5968565513355, 14.753148930430719], [145.565930932717, 14.763006183645942], [145.5420824891044, 14.779139669353876]]]}, "properties": {"fillColor": "#8A2BE2", "fillOpacity": 0.7, "color": "#000000", "weight": 0.2, "stroke": false}}, {"type": "Feature", "geometry": {"type": "Polygon", "coordinates": [[[148.44201346423668, 14.688992062436819], [148.4729390828552, 14.674037604646799], [148.50386470147367, 14.670848689705371], [148.53479032009216, 14.674686243569099], [148.560267842246, 14.693487597523925], [148.56571593871064, 14.696115562109863], [148.5960138038536, 14.72203828813391], [148.59664155732915, 14.722650623634623], [148.62382624792863, 14.750588978743892], [148.62756717594763, 14.75926579945501], [148.6417773885938, 14.779139669353878], [148.64890580047287, 14.80769035996386], [148.6522194189871, 14.836241050573843], [148.65419962527602, 14.864791741183828], [148.65849279456611, 14.880294993474799], [148.6693187404291, 14.89334243179381], [148.68941841318463, 14.902954579826746], [148.7203440318031, 14.905188069842403], [148.7512696504216, 14.903009144349532], [148.78219526904007, 14.903778890344983], [148.81180403249584, 14.921893122403795], [148.81312088765858, 14.922345886174453], [148.84404650627707, 14.933080830784279], [148.85858348065068, 14.950443813013779], [148.87121960376376, 14.978994503623762], [148.87497212489558, 14.994520019311121], [148.88246288364826, 15.007545194233746], [148.87497212489558, 15.026795278463581], [148.873618896544, 15.036095884843728], [148.86643663181763, 15.064646575453713], [148.84404650627707, 15.090288141292259], [148.8407760626297, 15.093197266063697], [148.81312088765858, 15.114809698267587], [148.79818625320846, 15.12174795667368], [148.78219526904007, 15.131810072370385], [148.7512696504216, 15.140226636444968], [148.7203440318031, 15.149878347708674], [148.71767021358585, 15.150298647283664], [148.68941841318463, 15.160617041865489], [148.65849279456611, 15.165012899683237], [148.62756717594763, 15.16772966995785], [148.59664155732915, 15.169076628955102], [148.56571593871064, 15.166607451132894], [148.5376649973346, 15.150298647283666], [148.53479032009216, 15.146894451735909], [148.5220836247101, 15.12174795667368], [148.51794641825737, 15.093197266063697], [148.51880945755445, 15.064646575453713], [148.52355573161407, 15.036095884843728], [148.5244355223017, 15.007545194233746], [148.5080576744767, 14.978994503623762], [148.50386470147367, 14.976046464352734], [148.4729390828552, 14.953669073160919], [148.46940816716295, 14.950443813013779], [148.44201346423668, 14.926522991833485], [148.43696980346647, 14.921893122403796], [148.4193126398056, 14.893342431793812], [148.4110878456182, 14.878436113904742], [148.3975832230458, 14.864791741183828], [148.3896154944038, 14.836241050573843], [148.38686069170225, 14.80769035996386], [148.38826362289984, 14.779139669353876], [148.40161436290447, 14.750588978743892], [148.4110878456182, 14.731441243900381], [148.4140525498427, 14.72203828813391], [148.43714397769818, 14.693487597523923], [148.44201346423668, 14.688992062436819]]]}, "properties": {"fillColor": "#8A2BE2", "fillOpacity": 0.7, "color": "#000000", "weight": 0.2, "stroke": false}}, {"type": "Feature", "geometry": {"type": "Polygon", "coordinates": [[[146.6483275843642, 14.764661902121349], [146.6792532029827, 14.758283648341324], [146.71017882160118, 14.760911686479286], [146.73606032817645, 14.779139669353876], [146.74110444021966, 14.780986442545867], [146.7700619496934, 14.80769035996386], [146.77203005883817, 14.810716211723442], [146.79363121712146, 14.836241050573843], [146.79946944138496, 14.864791741183828], [146.8023715210998, 14.89334243179381], [146.80295567745665, 14.905414315313546], [146.8105552785399, 14.921893122403795], [146.80992721266603, 14.950443813013779], [146.80295567745665, 14.966817181166324], [146.80178441763528, 14.978994503623762], [146.79065288346334, 15.007545194233746], [146.77203005883817, 15.02617358335035], [146.75515273633164, 15.036095884843728], [146.74110444021966, 15.04607730567571], [146.71017882160118, 15.056242113803524], [146.6792532029827, 15.0586230556018], [146.6483275843642, 15.057620768090011], [146.6174019657457, 15.05021604143856], [146.60210725418688, 15.036095884843728], [146.58647634712722, 15.027890717534815], [146.5644384250749, 15.007545194233746], [146.55555072850873, 14.993614635015952], [146.53971445282056, 14.978994503623762], [146.52938817256953, 14.95044381301378], [146.52596249045482, 14.921893122403795], [146.52470261739643, 14.89334243179381], [146.525135583266, 14.864791741183828], [146.53030225478278, 14.836241050573843], [146.55555072850873, 14.811117239306814], [146.559964112632, 14.80769035996386], [146.58647634712722, 14.788356431186042], [146.6174019657457, 14.782746887186692], [146.63299639410727, 14.779139669353878], [146.6483275843642, 14.764661902121349]]]}, "properties": {"fillColor": "#8A2BE2", "fillOpacity": 0.7, "color": "#000000", "weight": 0.2, "stroke": false}}, {"type": "Feature", "geometry": {"type": "Polygon", "coordinates": [[[145.44222845824305, 15.244819868850655], [145.47315407686153, 15.24131013378982], [145.50407969548002, 15.242208910435982], [145.5350053140985, 15.251688915422736], [145.55091783076, 15.264501409723598], [145.565930932717, 15.266247603915286], [145.5968565513355, 15.282180256026997], [145.60863274671019, 15.293052100333583], [145.627782169954, 15.295411160118991], [145.65870778857249, 15.295327826951489], [145.6692590008298, 15.293052100333583], [145.68963340719097, 15.275235922793437], [145.72055902580945, 15.269074261802448], [145.75148464442796, 15.26879766643974], [145.78241026304644, 15.276293686497123], [145.8097750582789, 15.293052100333583], [145.81333588166493, 15.294082457642258], [145.8432139680056, 15.321602790943565], [145.84426150028344, 15.322673547981127], [145.87208862054848, 15.35015348155355], [145.87518711890192, 15.355297113867763], [145.89660286650894, 15.378704172163532], [145.9061127375204, 15.406758085236158], [145.9066508384325, 15.407254862773517], [145.92339535895772, 15.435805553383503], [145.92714157477567, 15.464356243993484], [145.9267497220934, 15.492906934603468], [145.92533891024362, 15.52145762521345], [145.91655736335846, 15.550008315823437], [145.9061127375204, 15.566972292105353], [145.90514436889345, 15.57855900643342], [145.90005434967384, 15.607109697043402], [145.8863384172481, 15.635660387653388], [145.87518711890192, 15.64685917981851], [145.87248166267426, 15.664211078263369], [145.848829361457, 15.692761768873353], [145.84426150028344, 15.696978841867901], [145.84093863330193, 15.721312459483336], [145.81333588166493, 15.748955310771168], [145.81300121061923, 15.74986315009332], [145.81023831200378, 15.778413840703305], [145.8094361360452, 15.806964531313287], [145.80640653534073, 15.835515221923272], [145.78241026304644, 15.863013159674113], [145.7817972347158, 15.864065912533254], [145.75148464442796, 15.890777901375138], [145.7428770923944, 15.892616603143239], [145.72055902580945, 15.906867961023394], [145.68963340719097, 15.913315635603421], [145.65870778857249, 15.915388118768513], [145.627782169954, 15.91746234897195], [145.61924234118203, 15.921167293753223], [145.6069998876697, 15.949717984363204], [145.59685655133546, 15.963671159531835], [145.58635021139526, 15.97826867497319], [145.565930932717, 15.992489495973643], [145.53500531409853, 15.999769623667149], [145.50407969548002, 16.002623084467725], [145.47315407686153, 16.006267863587947], [145.45817236266873, 16.006819365583173], [145.44222845824305, 16.009576991872926], [145.41130283962457, 16.0085821112544], [145.4080848338275, 16.006819365583173], [145.38037722100606, 15.998273254895953], [145.3538630859956, 15.97826867497319], [145.34945160238757, 15.97311729326708], [145.3287019007547, 15.949717984363206], [145.3203749014836, 15.921167293753223], [145.31852598376906, 15.919096622932976], [145.28760036515058, 15.900606221081166], [145.2712128060664, 15.892616603143239], [145.2566747465321, 15.888648477930648], [145.22574912791362, 15.872532845957602], [145.2161227348897, 15.864065912533253], [145.1948235092951, 15.840857939027567], [145.18938361531926, 15.835515221923272], [145.1744828282479, 15.806964531313287], [145.16924101431738, 15.778413840703305], [145.16620177664134, 15.74986315009332], [145.16425865589883, 15.721312459483336], [145.16389789067662, 15.713382822805643], [145.1617482435521, 15.692761768873353], [145.1609076876627, 15.664211078263369], [145.16389789067662, 15.635898309828795], [145.1639086638141, 15.635660387653386], [145.17304608347075, 15.607109697043402], [145.17815711806182, 15.57855900643342], [145.18441797377952, 15.550008315823437], [145.1948235092951, 15.534703062411076], [145.19952038841487, 15.52145762521345], [145.20992912983888, 15.492906934603468], [145.22574912791362, 15.479369395452082], [145.2566747465321, 15.480733388363861], [145.28083253262014, 15.492906934603468], [145.28760036515058, 15.493980903032181], [145.28881639118248, 15.492906934603468], [145.2939715840206, 15.464356243993484], [145.29656659477365, 15.435805553383501], [145.31852598376906, 15.40828886938383], [145.3186142187776, 15.407254862773517], [145.3208050037166, 15.378704172163532], [145.33163231504392, 15.35015348155355], [145.34945160238757, 15.332275945471208], [145.3514652342246, 15.321602790943565], [145.3665937405416, 15.293052100333583], [145.38037722100603, 15.279968350143964], [145.41130283962457, 15.264630713364683], [145.41211591243348, 15.264501409723598], [145.44222845824305, 15.244819868850655]]]}, "properties": {"fillColor": "#8A2BE2", "fillOpacity": 0.7, "color": "#000000", "weight": 0.2, "stroke": false}}, {"type": "Feature", "geometry": {"type": "Polygon", "coordinates": [[[145.4482665648796, 15.321602790943565], [145.44222845824305, 15.323282231264649], [145.41130283962457, 15.348073267592133], [145.40936458002818, 15.35015348155355], [145.38895887933342, 15.378704172163534], [145.38191368607457, 15.407254862773517], [145.38042316939917, 15.435805553383501], [145.3840650844216, 15.464356243993484], [145.39547783176755, 15.492906934603468], [145.41130283962457, 15.51672770597269], [145.41301265196128, 15.52145762521345], [145.4150310467148, 15.550008315823437], [145.41130283962457, 15.555062454149963], [145.38483373864423, 15.57855900643342], [145.38037722100606, 15.583841132492129], [145.35809230903487, 15.607109697043402], [145.35262969324455, 15.635660387653386], [145.3605646387403, 15.664211078263369], [145.37731916644267, 15.692761768873353], [145.38037722100606, 15.696209405226593], [145.39954763544168, 15.721312459483336], [145.41130283962457, 15.731129982610353], [145.42579679304401, 15.749863150093322], [145.44222845824305, 15.766930216141184], [145.4491469425858, 15.778413840703305], [145.47315407686153, 15.806566245495917], [145.47347445289557, 15.806964531313287], [145.50407969548004, 15.834719297961739], [145.5059993500474, 15.83551522192327], [145.5350053140985, 15.850460211234665], [145.565930932717, 15.855005892172304], [145.5968565513355, 15.855428787236432], [145.627782169954, 15.853343292267493], [145.65870778857249, 15.847378643490586], [145.68324245497138, 15.835515221923272], [145.68963340719097, 15.832918624360829], [145.71820220386954, 15.806964531313287], [145.72055902580945, 15.802892740509074], [145.73634704102784, 15.778413840703305], [145.74734428248559, 15.749863150093319], [145.75148464442796, 15.740883943068873], [145.7663719514718, 15.721312459483336], [145.7817603127616, 15.692761768873353], [145.78241026304642, 15.691178697644082], [145.79983917836313, 15.664211078263369], [145.8078500709227, 15.635660387653385], [145.81200324893484, 15.607109697043404], [145.81333588166493, 15.594775858791156], [145.81771660857495, 15.57855900643342], [145.8238350159512, 15.550008315823435], [145.8279832869802, 15.52145762521345], [145.82891765757932, 15.492906934603468], [145.82487009222012, 15.464356243993485], [145.8133358816649, 15.437721779756952], [145.8126441257789, 15.435805553383501], [145.7929893985001, 15.407254862773517], [145.78241026304644, 15.397066692043644], [145.75148464442796, 15.382484809048082], [145.72055902580945, 15.382301682398214], [145.68963340719097, 15.388829582214061], [145.65870778857249, 15.390277782004052], [145.63051397028127, 15.378704172163532], [145.627782169954, 15.377453862351123], [145.5968565513355, 15.354478823016356], [145.59000005355063, 15.35015348155355], [145.565930932717, 15.333210898719432], [145.5350053140985, 15.321969145704996], [145.53300834440657, 15.321602790943565], [145.50407969548002, 15.310341142889676], [145.47315407686153, 15.310580638012448], [145.4482665648796, 15.321602790943565]]]}, "properties": {"fillColor": "#8A2BE2", "fillOpacity": 0.7, "color": "#000000", "weight": 0.2, "stroke": false}}, {"type": "Feature", "geometry": {"type": "Polygon", "coordinates": [[[148.84404650627707, 15.42333969644435], [148.8554233560353, 15.435805553383501], [148.8600935144505, 15.464356243993484], [148.84404650627707, 15.481575073007008], [148.8307903114454, 15.464356243993484], [148.83438649693613, 15.4358055533835], [148.84404650627707, 15.42333969644435]]]}, "properties": {"fillColor": "#8A2BE2", "fillOpacity": 0.7, "color": "#000000", "weight": 0.2, "stroke": false}}, {"type": "Feature", "geometry": {"type": "Polygon", "coordinates": [[[147.23591433811552, 15.489908676772892], [147.23982290308197, 15.492906934603468], [147.26683995673403, 15.51293687474368], [147.27383888721027, 15.52145762521345], [147.28594478905376, 15.550008315823437], [147.29159597206137, 15.57855900643342], [147.29468490422866, 15.607109697043402], [147.29700185401256, 15.635660387653386], [147.29711059347053, 15.664211078263369], [147.29769739087848, 15.692761768873353], [147.2977655753525, 15.702183844008324], [147.30123881596853, 15.721312459483336], [147.2977655753525, 15.725839528449564], [147.29392202896398, 15.74986315009332], [147.26683995673403, 15.776676293182533], [147.26457697677583, 15.778413840703305], [147.23591433811552, 15.801117393148182], [147.20498871949704, 15.80628493335213], [147.1964325103217, 15.806964531313287], [147.17406310087853, 15.819908239906272], [147.14313748226004, 15.820061834923271], [147.1258434659072, 15.806964531313287], [147.11221186364156, 15.804043956173532], [147.08228700443783, 15.778413840703305], [147.08128624502308, 15.776766053805188], [147.0564622116764, 15.749863150093319], [147.05217570399543, 15.721312459483336], [147.05114708604953, 15.692761768873353], [147.05155686652253, 15.664211078263369], [147.05473645141737, 15.635660387653386], [147.05884644894292, 15.607109697043402], [147.0737901718754, 15.578559006433418], [147.08128624502308, 15.57163859304188], [147.09407938801766, 15.550008315823437], [147.11221186364156, 15.533268320807736], [147.12883720167878, 15.521457625213449], [147.14313748226004, 15.507891488707184], [147.17406310087856, 15.498344307721258], [147.20498871949704, 15.494197373654808], [147.22457349224206, 15.492906934603468], [147.23591433811552, 15.489908676772892]]]}, "properties": {"fillColor": "#8A2BE2", "fillOpacity": 0.7, "color": "#000000", "weight": 0.2, "stroke": false}}, {"type": "Feature", "geometry": {"type": "Polygon", "coordinates": [[[121.22746907996446, 15.662337097065844], [121.25839469858296, 15.647426507838809], [121.28932031720144, 15.649139617223284], [121.30955675787345, 15.664211078263367], [121.31196566197184, 15.692761768873353], [121.30856134705394, 15.721312459483336], [121.29976331261864, 15.74986315009332], [121.28932031720144, 15.759716476001122], [121.26978163891451, 15.778413840703305], [121.25839469858296, 15.78880575254566], [121.22746907996446, 15.80084839359308], [121.20708240642506, 15.778413840703305], [121.21567004976947, 15.749863150093319], [121.22411295593828, 15.721312459483336], [121.21628625203537, 15.692761768873355], [121.22560142227701, 15.664211078263369], [121.22746907996446, 15.662337097065844]]]}, "properties": {"fillColor": "#8A2BE2", "fillOpacity": 0.7, "color": "#000000", "weight": 0.2, "stroke": false}}, {"type": "Feature", "geometry": {"type": "Polygon", "coordinates": [[[143.37021201080415, 15.745869755178276], [143.40113762942264, 15.728752190089804], [143.43206324804112, 15.725434158194204], [143.4629888666596, 15.724997637194662], [143.49391448527808, 15.726578073620244], [143.5248401038966, 15.736522563249794], [143.53929039886512, 15.74986315009332], [143.55576572251508, 15.762463569985245], [143.5730427823182, 15.778413840703305], [143.58274067454792, 15.806964531313287], [143.58576721136026, 15.835515221923272], [143.58632646085437, 15.864065912533254], [143.58448661268002, 15.892616603143239], [143.58058310332189, 15.921167293753221], [143.55576572251508, 15.945260073212246], [143.55062685711096, 15.949717984363206], [143.5248401038966, 15.973459266916501], [143.49391448527808, 15.978106356452255], [143.49072153394923, 15.97826867497319], [143.4629888666596, 15.989409856312573], [143.43206324804112, 15.98950451331258], [143.40113762942264, 15.97833209894942], [143.40103804190753, 15.97826867497319], [143.37021201080415, 15.972613328352345], [143.34398586741455, 15.949717984363206], [143.33928639218564, 15.941008221841379], [143.32281963565916, 15.921167293753223], [143.31544616401783, 15.892616603143239], [143.3139038793074, 15.864065912533254], [143.31490138922953, 15.835515221923272], [143.32003755348626, 15.806964531313287], [143.33928639218564, 15.783505794833953], [143.34088372227566, 15.778413840703305], [143.36588643389175, 15.74986315009332], [143.37021201080415, 15.745869755178276]]]}, "properties": {"fillColor": "#8A2BE2", "fillOpacity": 0.7, "color": "#000000", "weight": 0.2, "stroke": false}}, {"type": "Feature", "geometry": {"type": "Polygon", "coordinates": [[[143.42994942095729, 15.835515221923272], [143.42334275173874, 15.864065912533256], [143.43206324804112, 15.876989967311593], [143.4629888666596, 15.887229539153326], [143.48589409541745, 15.864065912533253], [143.47528650868202, 15.83551522192327], [143.4629888666596, 15.827449442401619], [143.43206324804112, 15.833442044558094], [143.42994942095729, 15.835515221923272]]]}, "properties": {"fillColor": "#8A2BE2", "fillOpacity": 0.7, "color": "#000000", "weight": 0.2, "stroke": false}}, {"type": "Feature", "geometry": {"type": "Polygon", "coordinates": [[[148.96774898075103, 15.744303102541169], [148.9737715289425, 15.74986315009332], [148.99226465391584, 15.778413840703305], [148.99602335274207, 15.806964531313287], [148.99736053362696, 15.835515221923272], [148.99793396092286, 15.864065912533254], [148.99821428450795, 15.892616603143239], [148.9983644735223, 15.921167293753223], [148.99845028895356, 15.949717984363206], [148.9985016891611, 15.97826867497319], [148.99853363014995, 16.006819365583173], [148.9985541083428, 16.03537005619316], [148.9986745993695, 16.035472476344392], [149.029489278236, 16.06392074680314], [149.029499428648, 16.092471437413124], [149.02950714250443, 16.121022128023107], [149.02951314697572, 16.14957281863309], [149.02951792587996, 16.178123509243076], [149.02952180374922, 16.206674199853058], [149.02952496943104, 16.235224890463044], [149.02952751508445, 16.263775581073027], [149.02952945149363, 16.29232627168301], [149.02953087293574, 16.320876962292992], [149.02953189772398, 16.349427652902975], [149.02953265401032, 16.37797834351296], [149.02960021798802, 16.378045616711418], [149.06045296743122, 16.406529034122947], [149.06045341065516, 16.43507972473293], [149.0604537583784, 16.463630415342912], [149.06045404757023, 16.492181105952895], [149.06045429807597, 16.520731796562877], [149.0604545017371, 16.54928248717286], [149.0604546382022, 16.577833177782846], [149.06045469305266, 16.606383868392832], [149.06045466292386, 16.634934559002815], [149.06045455509792, 16.663485249612798], [149.0604543869443, 16.69203594022278], [149.06045423905002, 16.720586630832763], [149.0605258366065, 16.72065766966658], [149.09137450717805, 16.74913732144275], [149.09137456430454, 16.77768801205273], [149.0913746031644, 16.806238702662718], [149.09137462622485, 16.8347893932727], [149.09137461614839, 16.863340083882683], [149.09137452587072, 16.891890774492666], [149.0913742867007, 16.92044146510265], [149.09137382237748, 16.948992155712634], [149.09137304712925, 16.977542846322617], [149.0913718640276, 17.006093536932603], [149.09137016453687, 17.034644227542586], [149.09136794416196, 17.06319491815257], [149.091451455225, 17.06327920677291], [149.1222857738549, 17.09174560876255], [149.12228155495856, 17.120296299372534], [149.12227632448364, 17.14884698998252], [149.1222700461031, 17.177397680592502], [149.1222627436703, 17.20594837120249], [149.12225442829003, 17.23449906181247], [149.12224513755598, 17.263049752422454], [149.1222349256535, 17.291600443032436], [149.1222238490765, 17.32015113364242], [149.12221212265447, 17.348701824252405], [149.12220008923296, 17.37725251486239], [149.12218879556914, 17.405803205472374], [149.1223770738435, 17.405989419096194], [149.15310098905695, 17.434353896082357], [149.15309061041802, 17.46290458669234], [149.1530813488596, 17.49145527730232], [149.15307339014882, 17.520005967912304], [149.15306679230702, 17.54855665852229], [149.1530615651306, 17.577107349132277], [149.15305767417104, 17.60565803974226], [149.1530551111374, 17.634208730352242], [149.15305375143146, 17.662759420962225], [149.15305340888077, 17.691310111572207], [149.15305384658984, 17.719860802182193], [149.15330269246198, 17.720094135682764], [149.18397556823274, 17.748411492792176], [149.1839764403316, 17.776962183402162], [149.18397726105843, 17.805512874012145], [149.18397765183744, 17.834063564622127], [149.18397723814638, 17.86261425523211], [149.18397572533132, 17.891164945842092], [149.183973117336, 17.91971563645208], [149.18397010968786, 17.94826632706206], [149.18396694785426, 17.976817017672047], [149.18396349767346, 18.00536770828203], [149.18395960370395, 18.033918398892013], [149.18395546670084, 18.062469089501995], [149.18422831108046, 18.06272939921186], [149.2148719666838, 18.091019780111978], [149.21486733660709, 18.119570470721964], [149.21486222413125, 18.148121161331947], [149.21485617797177, 18.176671851941933], [149.21484843564627, 18.205222542551915], [149.21483774145224, 18.233773233161898], [149.21482204403674, 18.26232392377188], [149.2147979643871, 18.290874614381863], [149.21475976433317, 18.31942530499185], [149.21469711895196, 18.347975995601836], [149.2145898927077, 18.376526686211818], [149.21439659060093, 18.4050773768218], [149.21515392969897, 18.406031446543846], [149.24504611635035, 18.433628067431783], [149.24436778271266, 18.462178758041766], [149.24267396826022, 18.49072944865175], [149.2373712576188, 18.519280139261735], [149.215153929699, 18.544660956689317], [149.18422831108046, 18.538110398336112], [149.15330269246198, 18.533179631577926], [149.1223770738435, 18.543537085189442], [149.11170961527324, 18.54783082987172], [149.091451455225, 18.56008011175948], [149.0605258366065, 18.573600539821527], [149.04697875470265, 18.576381520481704], [149.02960021798802, 18.583482192464288], [148.9986745993695, 18.587243745580984], [148.96774898075103, 18.588337698585143], [148.94696889290523, 18.576381520481704], [148.93682336213254, 18.574566355326574], [148.90589774351406, 18.574197118450577], [148.87497212489558, 18.57088907684049], [148.84404650627707, 18.5583935204662], [148.82034854903844, 18.54783082987172], [148.81312088765858, 18.54642970607371], [148.78219526904007, 18.53470156558506], [148.75397141340184, 18.519280139261735], [148.7512696504216, 18.51840306890945], [148.7203440318031, 18.50304650756478], [148.70700240474235, 18.49072944865175], [148.68941841318463, 18.48069247451876], [148.66730924802155, 18.462178758041766], [148.65849279456611, 18.457054960339207], [148.62756717594763, 18.443554989911192], [148.61593155637468, 18.433628067431783], [148.59664155732915, 18.41844983421727], [148.58422326929463, 18.4050773768218], [148.56571593871064, 18.381131933024825], [148.56072761431147, 18.376526686211818], [148.53479032009216, 18.35287795286022], [148.5294806040251, 18.347975995601836], [148.50386470147367, 18.32193564707511], [148.50114554196438, 18.31942530499185], [148.47382261035372, 18.290874614381863], [148.4729390828552, 18.28983194321595], [148.45186844649558, 18.26232392377188], [148.44201346423668, 18.25154569625743], [148.42276263688854, 18.233773233161898], [148.4110878456182, 18.223027160831766], [148.3893052456644, 18.205222542551915], [148.3801622269997, 18.198287473074423], [148.35223876780034, 18.176671851941933], [148.3492366083812, 18.174808547700724], [148.31831098976272, 18.16892698222013], [148.28738537114424, 18.1502996592182], [148.27893226465122, 18.148121161331947], [148.25645975252573, 18.145529847884], [148.22553413390725, 18.141206022052003], [148.19460851528876, 18.132365466037417], [148.16368289667025, 18.13112127944136], [148.13275727805177, 18.130450314558157], [148.1018316594333, 18.129763207194735], [148.0709060408148, 18.129311885453827], [148.03998042219627, 18.119935411906663], [148.0393007688063, 18.119570470721964], [148.0090548035778, 18.112169994954264], [147.9781291849593, 18.107921870203803], [147.94720356634082, 18.092522052818097], [147.94530469407707, 18.091019780111978], [147.91627794772234, 18.07234308352308], [147.90449233669855, 18.062469089501995], [147.88535232910385, 18.045710973941873], [147.87257334965616, 18.033918398892013], [147.85627341378932, 18.00536770828203], [147.85442671048537, 18.00083091965774], [147.84373219327304, 17.976817017672047], [147.8268068990697, 17.94826632706206], [147.82350109186686, 17.936084734422046], [147.81695511500115, 17.91971563645208], [147.80988601857675, 17.891164945842092], [147.8054189983493, 17.86261425523211], [147.80171299904657, 17.834063564622127], [147.79257547324835, 17.80945801771335], [147.78869582873176, 17.805512874012145], [147.78065835382276, 17.776962183402162], [147.77471614931514, 17.748411492792176], [147.7701293543279, 17.719860802182193], [147.7663853955378, 17.691310111572207], [147.76316737645072, 17.662759420962225], [147.76164985462987, 17.64883111853838], [147.75725035893464, 17.634208730352242], [147.75056264860032, 17.60565803974226], [147.74230388026064, 17.577107349132277], [147.73457034041405, 17.54855665852229], [147.73072423601138, 17.520665070012445], [147.73052311453984, 17.520005967912304], [147.7222526771548, 17.49145527730232], [147.71657492128932, 17.46290458669234], [147.71268851334085, 17.434353896082357], [147.70984520381296, 17.405803205472374], [147.70025120017948, 17.37725251486239], [147.6997986173929, 17.374957295046638], [147.68912646302113, 17.34870182425241], [147.68457088413737, 17.32015113364242], [147.68132371756417, 17.291600443032436], [147.6791043716602, 17.263049752422454], [147.67779162129568, 17.23449906181247], [147.68448581474803, 17.20594837120249], [147.68434156515696, 17.177397680592502], [147.68455244268364, 17.14884698998252], [147.68526932097996, 17.120296299372534], [147.68631181748933, 17.09174560876255], [147.68739212278956, 17.06319491815257], [147.68719525791113, 17.034644227542586], [147.68488831616952, 17.006093536932603], [147.68063994863314, 16.977542846322617], [147.66887299877442, 16.950169130659773], [147.66729667025834, 16.948992155712634], [147.6379473801559, 16.93941446601861], [147.61103824347555, 16.92044146510265], [147.60702176153742, 16.91772889058626], [147.5784022667728, 16.891890774492666], [147.57609614291894, 16.888689673046756], [147.5575306011477, 16.863340083882683], [147.55043737712737, 16.8347893932727], [147.54720971590123, 16.806238702662718], [147.54618879816223, 16.77768801205273], [147.54708975606016, 16.74913732144275], [147.55618629307975, 16.720586630832763], [147.5654819524243, 16.69203594022278], [147.5760961429189, 16.679228344996762], [147.5862455788003, 16.663485249612798], [147.60702176153742, 16.64200156256675], [147.61525821484153, 16.634934559002815], [147.6379473801559, 16.614865673702905], [147.6660908583795, 16.606383868392832], [147.66887299877442, 16.605029983347272], [147.6997986173929, 16.591073654272492], [147.73072423601138, 16.581823926614767], [147.76164985462987, 16.579009575220475], [147.79257547324838, 16.578823210779394], [147.82350109186686, 16.59193543146263], [147.84087629612904, 16.606383868392832], [147.8513579579956, 16.634934559002815], [147.85442671048537, 16.65557103245518], [147.85668952066223, 16.663485249612798], [147.863304584278, 16.69203594022278], [147.88535232910385, 16.71464000680774], [147.91627794772234, 16.709732098489404], [147.94720356634082, 16.703986010680335], [147.9781291849593, 16.702451275753976], [148.0090548035778, 16.715112251714377], [148.01574741465305, 16.720586630832763], [148.03998042219632, 16.736685307849775], [148.0542401345927, 16.74913732144275], [148.0709060408148, 16.76305765922849], [148.0873119307986, 16.77768801205273], [148.1018316594333, 16.788434497555272], [148.13275727805177, 16.796695309975274], [148.16368289667025, 16.794728999372996], [148.19057907923838, 16.77768801205273], [148.19460851528876, 16.77374713628038], [148.21743226850066, 16.74913732144275], [148.22553413390727, 16.73976625424147], [148.23835096304987, 16.720586630832763], [148.25645975252573, 16.697811273543387], [148.25959858953112, 16.69203594022278], [148.27549464279434, 16.663485249612798], [148.28738537114424, 16.642776187813837], [148.28997761560072, 16.634934559002815], [148.30306939748203, 16.606383868392832], [148.31831098976272, 16.589520385940972], [148.32385268804185, 16.577833177782846], [148.3337805981733, 16.54928248717286], [148.3492366083812, 16.528513264055725], [148.3522836598001, 16.520731796562877], [148.35937760480232, 16.492181105952895], [148.37472632362554, 16.463630415342912], [148.3801622269997, 16.457430819799114], [148.38842842926692, 16.43507972473293], [148.40317326419063, 16.406529034122947], [148.4110878456182, 16.3963188099594], [148.417636986528, 16.37797834351296], [148.44201346423668, 16.349692768649902], [148.44213959311895, 16.349427652902975], [148.45291127338845, 16.320876962292992], [148.4729390828552, 16.294601792561295], [148.4739895105993, 16.29232627168301], [148.48603348465326, 16.263775581073027], [148.50386470147367, 16.24403017120171], [148.50839208907217, 16.235224890463044], [148.52871624662419, 16.206674199853058], [148.53479032009216, 16.199062254530602], [148.54456714466946, 16.178123509243076], [148.56571593871064, 16.1561977314869], [148.57045195109157, 16.14957281863309], [148.59664155732915, 16.1229675387503], [148.5981927384863, 16.121022128023107], [148.6253769564864, 16.092471437413124], [148.62756717594763, 16.090286888477724], [148.64564692220856, 16.06392074680314], [148.65849279456611, 16.0507384007037], [148.67065743810906, 16.03537005619316], [148.68941841318463, 16.01670216206833], [148.6980854424555, 16.006819365583173], [148.7203440318031, 15.989258910482619], [148.7313052104958, 15.97826867497319], [148.7512696504216, 15.959446635039804], [148.75964295101264, 15.949717984363208], [148.78219526904007, 15.927546653765564], [148.7880270077936, 15.921167293753223], [148.81312088765858, 15.895511690593672], [148.8155316987578, 15.892616603143239], [148.8362197999368, 15.864065912533256], [148.84404650627707, 15.856180410551758], [148.8582364813102, 15.835515221923272], [148.87497212489558, 15.818692575029136], [148.8848141883127, 15.806964531313287], [148.90589774351406, 15.786122100988003], [148.9145541939826, 15.778413840703305], [148.93682336213254, 15.75759447706739], [148.95798759697814, 15.749863150093319], [148.96774898075103, 15.744303102541169]]]}, "properties": {"fillColor": "#8A2BE2", "fillOpacity": 0.7, "color": "#000000", "weight": 0.2, "stroke": false}}, {"type": "Feature", "geometry": {"type": "Polygon", "coordinates": [[[148.9518340882944, 16.03537005619316], [148.93682336213254, 16.039516182361744], [148.90589774351406, 16.06316826147177], [148.90513788147575, 16.06392074680314], [148.87739315844962, 16.092471437413124], [148.87497212489558, 16.09506289618855], [148.85177526424397, 16.121022128023107], [148.84404650627707, 16.13013167390264], [148.82716537417252, 16.14957281863309], [148.81312088765858, 16.166683346104392], [148.80361953658982, 16.178123509243076], [148.78219526904007, 16.205408281259224], [148.7812165504071, 16.206674199853058], [148.7608256147767, 16.235224890463044], [148.7512696504216, 16.249485878904764], [148.74190947692773, 16.263775581073027], [148.72434813308877, 16.29232627168301], [148.7203440318031, 16.29943737254507], [148.70854909205622, 16.320876962292992], [148.69390222079332, 16.349427652902975], [148.68941841318463, 16.35909960261352], [148.68091412194622, 16.37797834351296], [148.66925055364936, 16.406529034122947], [148.6588022980107, 16.43507972473293], [148.65849279456611, 16.436086126320514], [148.65037936333835, 16.463630415342912], [148.64324847371785, 16.492181105952895], [148.63738983154255, 16.520731796562877], [148.63273217409454, 16.54928248717286], [148.62910463865754, 16.577833177782846], [148.62756717594763, 16.59320199674582], [148.6262673079111, 16.606383868392832], [148.62388345285052, 16.634934559002815], [148.62170033358072, 16.663485249612798], [148.61955380450794, 16.69203594022278], [148.6173167671744, 16.720586630832763], [148.61479224906793, 16.74913732144275], [148.61190387117966, 16.777688012052728], [148.6087176720626, 16.806238702662718], [148.60525119538084, 16.8347893932727], [148.60153972798017, 16.863340083882683], [148.597627856273, 16.891890774492662], [148.59664155732912, 16.898741081073265], [148.5931175790358, 16.92044146510265], [148.5883177909936, 16.948992155712634], [148.5834050742104, 16.977542846322617], [148.57841825604106, 17.006093536932603], [148.57329233275732, 17.034644227542586], [148.56792198729696, 17.06319491815257], [148.56571593871064, 17.074908147981247], [148.56202602679295, 17.09174560876255], [148.55581963841473, 17.120296299372534], [148.54963299967227, 17.14884698998252], [148.54343384385157, 17.177397680592502], [148.53719569884925, 17.20594837120249], [148.53479032009216, 17.217100973925525], [148.530371242739, 17.23449906181247], [148.5233068915992, 17.263049752422454], [148.51646790792614, 17.291600443032436], [148.50993897534087, 17.32015113364242], [148.5039568847073, 17.3487018242524], [148.50386470147367, 17.349291910956072], [148.49865867114366, 17.37725251486239], [148.49543501514287, 17.405803205472374], [148.49519326169963, 17.434353896082357], [148.49931292143103, 17.46290458669234], [148.50386470147367, 17.476163667326134], [148.50975429548052, 17.49145527730232], [148.52956526641125, 17.520005967912304], [148.53479032009216, 17.525219901811727], [148.56295539750136, 17.54855665852229], [148.56571593871064, 17.550417722301667], [148.59664155732912, 17.56830450977992], [148.6166363651765, 17.577107349132277], [148.62756717594763, 17.581745321283474], [148.65849279456611, 17.590029551553688], [148.68941841318463, 17.591529287764338], [148.7203440318031, 17.585048226846332], [148.73763084183162, 17.577107349132277], [148.7512696504216, 17.57081720300404], [148.78219526904007, 17.550836795871056], [148.78541240975528, 17.54855665852229], [148.81312088765858, 17.528743906830574], [148.8255560486038, 17.520005967912304], [148.84404650627707, 17.507423839845536], [148.8674489874672, 17.49145527730232], [148.87497212489558, 17.48668143298831], [148.90589774351406, 17.463956259249404], [148.90695692801276, 17.46290458669234], [148.93682336213254, 17.43644366733057], [148.93850942840425, 17.434353896082357], [148.96394081216985, 17.405803205472374], [148.96774898075103, 17.401927173874608], [148.98544346218006, 17.37725251486239], [148.9986745993695, 17.359613099862194], [149.00547517673542, 17.348701824252405], [149.0234921586542, 17.32015113364242], [149.02960021798802, 17.31045957296453], [149.04250665638375, 17.291600443032436], [149.0605258366065, 17.264354615626058], [149.06198088329526, 17.263049752422454], [149.091451455225, 17.236355278970787], [149.09159303992638, 17.23449906181247], [149.09368020036615, 17.20594837120249], [149.09551311100108, 17.177397680592502], [149.0970889845171, 17.14884698998252], [149.09840183372205, 17.120296299372534], [149.09946077671017, 17.09174560876255], [149.091451455225, 17.084351361858726], [149.07049017839597, 17.06319491815257], [149.07104749250362, 17.034644227542586], [149.07147406466896, 17.006093536932603], [149.07177102318894, 16.977542846322617], [149.07196561049952, 16.948992155712634], [149.07208215561994, 16.92044146510265], [149.07214218729868, 16.891890774492666], [149.07216484699688, 16.863340083882683], [149.07216737618046, 16.8347893932727], [149.0721615880101, 16.806238702662718], [149.07215183418353, 16.77768801205273], [149.07213749543854, 16.74913732144275], [149.0605258366065, 16.738417378120946], [149.0425548499278, 16.720586630832763], [149.04259197138956, 16.69203594022278], [149.04263417795337, 16.663485249612798], [149.04266124226598, 16.634934559002815], [149.0426688045884, 16.606383868392832], [149.0426550371259, 16.577833177782846], [149.0426207843907, 16.54928248717286], [149.04256966544187, 16.520731796562877], [149.04250678850246, 16.492181105952895], [149.04243420135842, 16.463630415342912], [149.04234692281818, 16.43507972473293], [149.04223567360833, 16.406529034122947], [149.02960021798802, 16.394863916325868], [149.01264165958838, 16.37797834351296], [149.01245183171858, 16.349427652902975], [149.01219460986664, 16.320876962292992], [149.0118378278986, 16.29232627168301], [149.01135178919375, 16.263775581073027], [149.0107128301841, 16.235224890463044], [149.00991824405176, 16.206674199853058], [149.0089448988599, 16.178123509243076], [149.00774539389795, 16.14957281863309], [149.00623827161314, 16.121022128023107], [149.00430209364313, 16.092471437413124], [149.00175434023404, 16.06392074680314], [148.9986745993695, 16.061077514152995], [148.96843135166918, 16.03537005619316], [148.96774898075103, 16.031033435896692], [148.9518340882944, 16.03537005619316]]]}, "properties": {"fillColor": "#8A2BE2", "fillOpacity": 0.7, "color": "#000000", "weight": 0.2, "stroke": false}}, {"type": "Feature", "geometry": {"type": "Polygon", "coordinates": [[[121.28932031720144, 15.880213013543191], [121.32024593581994, 15.886140057332915], [121.3264324423179, 15.892616603143239], [121.33194397695445, 15.921167293753223], [121.32024593581994, 15.94180971489234], [121.31365706668858, 15.949717984363204], [121.28932031720143, 15.969849148476175], [121.27784628135419, 15.97826867497319], [121.25839469858296, 15.992772412985953], [121.22746907996446, 16.002621575553036], [121.2095942423643, 16.006819365583173], [121.19654346134598, 16.01224784368301], [121.19197551431266, 16.006819365583173], [121.18414297585457, 15.97826867497319], [121.19654346134598, 15.954508795731117], [121.19903360210225, 15.949717984363206], [121.22746907996446, 15.923121410301894], [121.23031472297276, 15.921167293753223], [121.25839469858298, 15.90097806122829], [121.27128127600935, 15.892616603143239], [121.28932031720144, 15.880213013543191]]]}, "properties": {"fillColor": "#8A2BE2", "fillOpacity": 0.7, "color": "#000000", "weight": 0.2, "stroke": false}}, {"type": "Feature", "geometry": {"type": "Polygon", "coordinates": [[[146.80295567745668, 16.112726986458103], [146.83388129607516, 16.102006531901978], [146.86480691469365, 16.09936538399776], [146.89573253331213, 16.09966289976041], [146.9266581519306, 16.101826045008142], [146.9575837705491, 16.102693573655163], [146.9885093891676, 16.115161428728257], [147.00954824243908, 16.121022128023107], [147.0194350077861, 16.121771294662686], [147.0503606264046, 16.13281026851419], [147.06509942720868, 16.14957281863309], [147.07351447590617, 16.178123509243076], [147.07532493231957, 16.206674199853058], [147.07328216735448, 16.235224890463044], [147.0580636176149, 16.263775581073027], [147.0503606264046, 16.273523498945423], [147.04639961141788, 16.29232627168301], [147.02298611791608, 16.320876962292992], [147.01943500778606, 16.324155365480152], [147.01042045181822, 16.349427652902975], [146.9885093891676, 16.369656058950117], [146.98569314651283, 16.37797834351296], [146.97186100886938, 16.406529034122947], [146.9575837705491, 16.419709854176247], [146.9513018659458, 16.43507972473293], [146.9266581519306, 16.459841505468393], [146.92418234359724, 16.463630415342912], [146.89573253331213, 16.49060774337001], [146.89246089786312, 16.492181105952895], [146.86480691469365, 16.51424361900174], [146.83388129607516, 16.517864598677818], [146.80295567745665, 16.51828414950095], [146.77203005883817, 16.517842304563736], [146.74110444021966, 16.51037484412713], [146.72087784611392, 16.492181105952895], [146.71017882160118, 16.475984278459077], [146.69852753872058, 16.463630415342912], [146.68644280404123, 16.43507972473293], [146.68164498359337, 16.406529034122947], [146.6792532029827, 16.38827071647885], [146.67090014780416, 16.37797834351296], [146.66129933294866, 16.349427652902975], [146.65829325181812, 16.320876962292992], [146.65878929019834, 16.29232627168301], [146.66404466948904, 16.263775581073027], [146.6792532029827, 16.24286847766963], [146.6803695088668, 16.235224890463044], [146.68566796083113, 16.206674199853058], [146.70921428268892, 16.178123509243076], [146.71017882160118, 16.177277498605754], [146.74110444021966, 16.15100911996448], [146.7434305966446, 16.14957281863309], [146.77203005883817, 16.125777977303436], [146.7913286049678, 16.121022128023107], [146.80295567745668, 16.112726986458103]]]}, "properties": {"fillColor": "#8A2BE2", "fillOpacity": 0.7, "color": "#000000", "weight": 0.2, "stroke": false}}, {"type": "Feature", "geometry": {"type": "Polygon", "coordinates": [[[146.80079101493493, 16.235224890463044], [146.77758123427324, 16.263775581073027], [146.77203005883817, 16.281391628779964], [146.76820232482868, 16.29232627168301], [146.76663808537293, 16.320876962292992], [146.77191898789718, 16.349427652902975], [146.77203005883817, 16.349737001459918], [146.78070806914593, 16.37797834351296], [146.80157806762602, 16.406529034122947], [146.80295567745665, 16.407783300674236], [146.83388129607516, 16.416484759250157], [146.85565537592976, 16.406529034122947], [146.86480691469365, 16.402840261553564], [146.88988782958054, 16.37797834351296], [146.89573253331213, 16.37022467310875], [146.9104409967351, 16.349427652902975], [146.92276588215282, 16.320876962292992], [146.9266581519306, 16.304408711496098], [146.9308766370574, 16.29232627168301], [146.93114246877946, 16.263775581073027], [146.9266581519306, 16.25342677536196], [146.91546042632416, 16.235224890463044], [146.89573253331213, 16.221872612087598], [146.86480691469365, 16.21419004150154], [146.83388129607516, 16.217124023866642], [146.80295567745665, 16.233329527612085], [146.80079101493493, 16.235224890463044]]]}, "properties": {"fillColor": "#8A2BE2", "fillOpacity": 0.7, "color": "#000000", "weight": 0.2, "stroke": false}}, {"type": "Feature", "geometry": {"type": "Polygon", "coordinates": [[[146.09166644923135, 16.64726579710858], [146.12259206784984, 16.63773645536419], [146.15351768646835, 16.63658320337764], [146.18444330508683, 16.641622848747772], [146.2153689237053, 16.651283551273444], [146.2309429494532, 16.663485249612798], [146.24629454232382, 16.67224094293786], [146.26823736684045, 16.69203594022278], [146.2772201609423, 16.702827776891368], [146.29518926940452, 16.720586630832763], [146.3074330143081, 16.74913732144275], [146.3081457795608, 16.75050254112112], [146.33327991264173, 16.77768801205273], [146.33907139817927, 16.792003730154256], [146.3509797189922, 16.806238702662718], [146.36842811226518, 16.8347893932727], [146.36999701679778, 16.83930694460803], [146.38659450342084, 16.863340083882683], [146.3975235867631, 16.891890774492666], [146.39733769046407, 16.92044146510265], [146.38000758993286, 16.948992155712634], [146.36999701679778, 16.955462086206285], [146.33907139817927, 16.965024622699204], [146.3081457795608, 16.967013838894275], [146.2772201609423, 16.965646374489193], [146.24629454232382, 16.961840286112523], [146.2153689237053, 16.957380311746693], [146.20379807473702, 16.948992155712634], [146.18444330508683, 16.942666535810517], [146.15351768646835, 16.940959408714498], [146.12259206784984, 16.937497888234688], [146.09166644923135, 16.92438739476976], [146.08308365466058, 16.92044146510265], [146.06074083061287, 16.914735477828962], [146.0343798631447, 16.891890774492666], [146.0298152119944, 16.885387878806366], [146.01449839642413, 16.863340083882683], [146.00866455931222, 16.8347893932727], [146.0070465471686, 16.806238702662718], [146.00766820667442, 16.77768801205273], [146.01019150199664, 16.74913732144275], [146.02851859999961, 16.720586630832763], [146.0298152119944, 16.718811500001475], [146.0386294580254, 16.69203594022278], [146.06074083061287, 16.67020161357455], [146.07103668085904, 16.663485249612798], [146.09166644923135, 16.64726579710858]]]}, "properties": {"fillColor": "#8A2BE2", "fillOpacity": 0.7, "color": "#000000", "weight": 0.2, "stroke": false}}, {"type": "Feature", "geometry": {"type": "Polygon", "coordinates": [[[147.39054243120796, 19.11611022033199], [147.42146804982647, 19.114518937507754], [147.42927519423253, 19.11884464207139], [147.4450214125148, 19.147395332681377], [147.45239366844498, 19.154079159824352], [147.47172793029648, 19.17594602329136], [147.48270092108774, 19.204496713901342], [147.48331928706347, 19.205615145358596], [147.4970409629396, 19.233047404511325], [147.51424490568195, 19.259320242507247], [147.51600330706327, 19.261598095121307], [147.53098979471514, 19.290148785731294], [147.54517052430043, 19.314680451958317], [147.54793295299197, 19.31869947634128], [147.5584106985888, 19.347250166951262], [147.57401957341858, 19.375800857561245], [147.57609614291894, 19.379116537429226], [147.59075504180282, 19.404351548171228], [147.60702176153742, 19.42984365047903], [147.61033477195235, 19.43290223878121], [147.62418778541166, 19.461452929391193], [147.6379473801559, 19.481605478896142], [147.64690984087017, 19.49000362000118], [147.65768107507782, 19.518554310611165], [147.6653774742891, 19.547105001221148], [147.66887299877442, 19.552958099696525], [147.688639952739, 19.57565569183113], [147.69485038924364, 19.604206382441113], [147.69954995814058, 19.632757073051096], [147.6997986173929, 19.634018054727125], [147.7089165174883, 19.661307763661082], [147.719438976113, 19.689858454271064], [147.71380152336263, 19.71840914488105], [147.7033706649834, 19.746959835491033], [147.6997986173929, 19.754386700097744], [147.66887299877442, 19.77044176505463], [147.6379473801559, 19.769520070363363], [147.6070217615374, 19.756769969010563], [147.57707571379458, 19.775510526101016], [147.57609614291894, 19.776388120464595], [147.56719837778752, 19.775510526101016], [147.54517052430043, 19.772448784034157], [147.51424490568195, 19.752069015184393], [147.50823466221985, 19.746959835491033], [147.48331928706347, 19.721969515179367], [147.4802083927043, 19.71840914488105], [147.46530944487452, 19.689858454271064], [147.45239366844498, 19.67209194060107], [147.444116712137, 19.661307763661082], [147.43529773022266, 19.632757073051096], [147.42146804982647, 19.604699744707318], [147.42095809711057, 19.604206382441117], [147.40298643176658, 19.57565569183113], [147.390542431208, 19.55074483107381], [147.38717538000753, 19.547105001221148], [147.37253015555902, 19.518554310611165], [147.3651923935258, 19.49000362000118], [147.35961681258948, 19.478998740377502], [147.3455840506445, 19.461452929391193], [147.33617547684707, 19.43290223878121], [147.3294823047393, 19.404351548171228], [147.328691193971, 19.400823007202984], [147.3213204123518, 19.375800857561245], [147.30536051085784, 19.347250166951262], [147.30057432731354, 19.31869947634128], [147.2977655753525, 19.295605699308574], [147.29698851369167, 19.290148785731294], [147.29563160209455, 19.261598095121307], [147.2977655753525, 19.252581968639873], [147.30318056422274, 19.233047404511325], [147.31854111756616, 19.204496713901342], [147.32824161646687, 19.17594602329136], [147.328691193971, 19.17545586927016], [147.3542577749311, 19.147395332681377], [147.35961681258948, 19.141571253926426], [147.38599501257417, 19.118844642071394], [147.39054243120796, 19.11611022033199]]]}, "properties": {"fillColor": "#8A2BE2", "fillOpacity": 0.7, "color": "#000000", "weight": 0.2, "stroke": false}}, {"type": "Feature", "geometry": {"type": "Polygon", "coordinates": [[[130.44330342827482, 24.557725710498314], [130.47422904689333, 24.554038853919465], [130.5051546655118, 24.55207230745762], [130.53608028413032, 24.55143685979061], [130.5670059027488, 24.552015390698323], [130.5979315213673, 24.55397544884707], [130.62885713998577, 24.557974337435432], [130.65329336507412, 24.57202654857827], [130.65978275860428, 24.574110094909877], [130.69070837722276, 24.580073307760834], [130.72163399584124, 24.598277218394394], [130.72621876649146, 24.600577239188254], [130.75255961445976, 24.6062070100316], [130.78348523307824, 24.62710943886067], [130.78697006858226, 24.629127929798237], [130.81441085169672, 24.637556013541207], [130.83916044180543, 24.65767862040822], [130.8453364703152, 24.661709503480903], [130.87359278315103, 24.686229311018206], [130.87626208893371, 24.688214577472074], [130.9068999823993, 24.71478000162819], [130.9071877075522, 24.71500312122564], [130.93811332617068, 24.738835277955257], [130.94531581690308, 24.74333069223817], [130.9690389447892, 24.7548360768304], [130.9885203458182, 24.771881382848154], [130.99996456340767, 24.780805922490195], [131.02227124233127, 24.80043207345814], [131.03089018202616, 24.80715682606381], [131.05574895563313, 24.828982764068122], [131.06181580064467, 24.83366949361167], [131.08912774338447, 24.857533454678105], [131.09274141926315, 24.860435660527287], [131.12165650145897, 24.88608414528809], [131.12366703788163, 24.887908916420315], [131.1524577776314, 24.914634835898074], [131.15459265650014, 24.91699001734395], [131.18093381713484, 24.943185526508056], [131.18551827511862, 24.94960094053743], [131.20610620876585, 24.97173621711804], [131.2164438937371, 24.99432380110732], [131.2203254215683, 25.000286907728025], [131.23871073546945, 25.028837598338008], [131.2473695123556, 25.055449400570776], [131.2484605394041, 25.05738828894799], [131.25874112143813, 25.08593897955798], [131.27315214293031, 25.11448967016796], [131.2782951309741, 25.138905616176054], [131.27993547544904, 25.143040360777942], [131.2851106526133, 25.171591051387928], [131.29928575779738, 25.20014174199791], [131.30159863066115, 25.228692432607893], [131.30587220320177, 25.257243123217876], [131.30922074959258, 25.26245624831991], [131.32986644237943, 25.28579381382786], [131.34014636821107, 25.308633057724425], [131.3435684578661, 25.314344504437845], [131.3697396507786, 25.342895195047827], [131.37107198682958, 25.34464504478558], [131.39765682186163, 25.371445885657813], [131.40199760544806, 25.37681308465066], [131.42594952923318, 25.399996576267796], [131.43292322406654, 25.40758890216774], [131.46384884268502, 25.420742712267394], [131.476578850471, 25.42854726687778], [131.49477446130354, 25.441980273608202], [131.52570007992202, 25.44929827202035], [131.5378281850571, 25.45709795748776], [131.55662569854053, 25.47142535825803], [131.57288076404276, 25.485648648097747], [131.587551317159, 25.498227172715726], [131.60471663488875, 25.51419933870773], [131.6184769357775, 25.527960826642996], [131.6298775343816, 25.542750029317716], [131.64226919940225, 25.5713007199277], [131.64940255439598, 25.579762288447647], [131.66341990843884, 25.59985141053768], [131.67595303707753, 25.628402101147664], [131.6803281730145, 25.63453431585691], [131.69463614727096, 25.65695279175765], [131.70722198568458, 25.685503482367633], [131.71125379163297, 25.692369300684444], [131.72397190360434, 25.71405417297761], [131.72964664174907, 25.742604863587598], [131.74217941025145, 25.769697334984418], [131.74353667329027, 25.771155554197584], [131.7573223140667, 25.799706244807567], [131.77092836847166, 25.82825693541755], [131.77310502886996, 25.834601925937164], [131.7821141051838, 25.856807626027535], [131.7860995654774, 25.885358316637515], [131.80109975957433, 25.9139090072475], [131.80403064748845, 25.92499665105568], [131.82686123671215, 25.9139090072475], [131.83467170013358, 25.885358316637518], [131.83324816347337, 25.856807626027535], [131.83141635491415, 25.82825693541755], [131.8296160680195, 25.799706244807567], [131.82701620237998, 25.771155554197584], [131.82387391944613, 25.742604863587598], [131.82074880032445, 25.71405417297762], [131.81302211320926, 25.68550348236763], [131.80403064748845, 25.662916968988643], [131.80035659394022, 25.656952791757654], [131.79511013811194, 25.62840210114766], [131.7907543191613, 25.59985141053768], [131.78715836248983, 25.5713007199277], [131.77638549882715, 25.542750029317713], [131.77310502886996, 25.53335386243384], [131.7634819675066, 25.514199338707733], [131.75763578395993, 25.485648648097747], [131.74472724320356, 25.45709795748776], [131.74217941025145, 25.44956625592561], [131.73234464023346, 25.428547266877775], [131.72575781804767, 25.399996576267796], [131.71125379163297, 25.371961414780184], [131.71069537932541, 25.371445885657813], [131.69888540146073, 25.34289519504783], [131.68323213148375, 25.314344504437848], [131.6803281730145, 25.304610475780287], [131.67260467818886, 25.28579381382786], [131.6639773629194, 25.257243123217876], [131.64940255439598, 25.231567837441403], [131.64642901669404, 25.228692432607893], [131.63496296898614, 25.20014174199791], [131.61968368096035, 25.171591051387928], [131.6184769357775, 25.1676259010446], [131.6080612191075, 25.143040360777942], [131.59788124768926, 25.11448967016796], [131.587551317159, 25.094050779803382], [131.58050812472527, 25.08593897955798], [131.56819687374272, 25.05738828894799], [131.55662569854053, 25.03251889986685], [131.5536275402503, 25.028837598338008], [131.5390390539658, 25.000286907728025], [131.52650770794176, 24.97173621711804], [131.52570007992202, 24.969471548753948], [131.51068021753906, 24.94318552650806], [131.4981629898282, 24.914634835898074], [131.49477446130354, 24.90080971384434], [131.48901269210975, 24.88608414528809], [131.4745826509303, 24.857533454678105], [131.46437145003625, 24.828982764068122], [131.46384884268502, 24.82753679633772], [131.44826201799526, 24.80043207345814], [131.43846524516584, 24.77188138284815], [131.43461565680644, 24.74333069223817], [131.43292322406654, 24.738666179383312], [131.41944274885438, 24.71478000162819], [131.4134212183161, 24.686229311018206], [131.41410862876222, 24.65767862040822], [131.41862321500045, 24.629127929798237], [131.42910299930182, 24.600577239188254], [131.43292322406654, 24.598322394692964], [131.46384884268502, 24.59727943926726], [131.47130952095134, 24.600577239188254], [131.49477446130354, 24.61114703152351], [131.52570007992202, 24.618662682167013], [131.54584125510073, 24.629127929798237], [131.55662569854053, 24.634879056123346], [131.587551317159, 24.644661624225115], [131.6184769357775, 24.650874533232578], [131.6296392497045, 24.65767862040822], [131.64940255439598, 24.66963615878379], [131.67044937775773, 24.686229311018206], [131.6803281730145, 24.69274971818236], [131.71125379163297, 24.703445156277965], [131.72764471619539, 24.71478000162819], [131.74217941025145, 24.725968185315168], [131.7617556652845, 24.74333069223817], [131.77310502886996, 24.753492980792053], [131.79269514633253, 24.771881382848154], [131.80403064748845, 24.783562562130633], [131.82112288491817, 24.80043207345814], [131.83495626610693, 24.816582967313536], [131.84452309589392, 24.828982764068122], [131.8578485197358, 24.857533454678105], [131.8658818847254, 24.868118351707416], [131.87831419323916, 24.88608414528809], [131.89057268192255, 24.914634835898077], [131.89680750334392, 24.923923862838365], [131.90879967490127, 24.943185526508053], [131.92074244350945, 24.97173621711804], [131.9277331219624, 24.983832031031266], [131.93695563537224, 25.000286907728025], [131.94185302423057, 25.028837598338008], [131.95480187994605, 25.05738828894799], [131.9586587405809, 25.065415089830353], [131.96852069428087, 25.085938979557977], [131.97332904906145, 25.11448967016796], [131.9877921528473, 25.143040360777942], [131.9895843591994, 25.14728977688904], [132.00006585701954, 25.171591051387928], [132.005316166129, 25.20014174199791], [132.02050997781788, 25.22620427323553], [132.023205109395, 25.228692432607893], [132.03307307292272, 25.257243123217876], [132.05020652518593, 25.285793813827862], [132.05143559643636, 25.28945856773606], [132.05976375742307, 25.314344504437848], [132.0655142201913, 25.342895195047824], [132.0823612150549, 25.370839720103746], [132.08300424518723, 25.371445885657813], [132.08936888321333, 25.399996576267796], [132.09339241868003, 25.42854726687778], [132.09596452016098, 25.45709795748776], [132.09948867713112, 25.485648648097747], [132.112050922604, 25.51419933870773], [132.11328683367333, 25.53467774560852], [132.11389105168735, 25.54275002931771], [132.1154000593639, 25.571300719927695], [132.1163538247138, 25.59985141053768], [132.11681866702216, 25.628402101147664], [132.1167828485717, 25.65695279175765], [132.11618582503775, 25.68550348236763], [132.1149376190163, 25.714054172977615], [132.11328683367336, 25.737900197695712], [132.11290982739615, 25.742604863587598], [132.1097339795005, 25.771155554197584], [132.09464936783223, 25.799706244807567], [132.08838954217575, 25.82825693541755], [132.08465034290717, 25.85680762602754], [132.08236121505487, 25.872220060925763], [132.07773014518466, 25.885358316637518], [132.05351894403393, 25.9139090072475], [132.05143559643636, 25.915781423824434], [132.02050997781788, 25.920836357424474], [131.9895843591994, 25.921730710002436], [131.9586587405809, 25.921591232812187], [131.9277331219624, 25.92079869269771], [131.8975937871899, 25.942459697857487], [131.89680750334392, 25.943129709401052], [131.8658818847254, 25.94551219599428], [131.83495626610693, 25.944401841643447], [131.81069381154788, 25.971010388467473], [131.81095510262526, 25.999561079077452], [131.81206885041877, 26.028111769687435], [131.81651373886956, 26.056662460297424], [131.82038453244024, 26.085213150907403], [131.82361153419367, 26.113763841517383], [131.8259492822787, 26.142314532127372], [131.82756220584724, 26.170865222737355], [131.82841317235142, 26.199415913347337], [131.8285894044463, 26.22796660395732], [131.82838662135072, 26.256517294567303], [131.8278632646876, 26.28506798517729], [131.82700500339126, 26.31361867578727], [131.82577016128124, 26.342169366397258], [131.82402128144446, 26.37072005700724], [131.82144616231568, 26.399270747617223], [131.8174101777429, 26.427821438227205], [131.81038880470106, 26.45637212883719], [131.80403064748845, 26.464607683644964], [131.80086887533082, 26.484922819447174], [131.79753038103775, 26.513473510057157], [131.79416388300916, 26.542024200667143], [131.78717897132327, 26.570574891277126], [131.77310502886996, 26.585700478296673], [131.76949977384174, 26.599125581887108], [131.7650034988067, 26.627676272497094], [131.7566543643988, 26.656226963107077], [131.74217941025148, 26.669986136385482], [131.73661160605147, 26.684777653717063], [131.72999594300285, 26.713328344327042], [131.71125379163297, 26.741409271859876], [131.71109522625906, 26.74187903493703], [131.69996282185593, 26.77042972554701], [131.6803281730145, 26.7979778730992], [131.67987283757597, 26.798980416156994], [131.6634240815726, 26.82753110676698], [131.64940255439598, 26.84047585297361], [131.63909203076537, 26.856081797376962], [131.6184769357775, 26.88138799020697], [131.6160981860882, 26.88463248798694], [131.5888887195652, 26.913183178596928], [131.587551317159, 26.9144178753961], [131.56611945676792, 26.941733869206914], [131.55662569854053, 26.950541547914824], [131.54119497722698, 26.970284559816896], [131.52570007992202, 26.984813300105674], [131.51732600693845, 26.99883525042688], [131.49477446130354, 27.024899829689684], [131.49325387310458, 27.027385941036865], [131.47260001757715, 27.055936631646848], [131.46384884268502, 27.064318825739562], [131.45585559426166, 27.08448732225683], [131.43292322406654, 27.111087355586765], [131.43196815016026, 27.113038012866816], [131.42235288776126, 27.1415887034768], [131.40199760544806, 27.16418391988913], [131.3989976766735, 27.17013939408678], [131.3846749835567, 27.198690084696764], [131.37107198682958, 27.212729062205376], [131.3623353177088, 27.22724077530675], [131.34014636821107, 27.248377624140062], [131.3344173230174, 27.255791465916733], [131.30922074959258, 27.278894182444215], [131.3039729317749, 27.284342156526716], [131.2782951309741, 27.307394414552693], [131.27193268612407, 27.312892847136702], [131.2473695123556, 27.335482808675522], [131.23935326366677, 27.341443537746684], [131.2164438937371, 27.362366834948904], [131.20406793802778, 27.369994228356667], [131.18551827511862, 27.38681640679797], [131.16202841969883, 27.39854491896665], [131.15459265650014, 27.40509779671503], [131.12366703788163, 27.4180847187173], [131.10058903629, 27.42709560957664], [131.09274141926315, 27.433907938233926], [131.06181580064467, 27.441406741052674], [131.03089018202616, 27.442147525662563], [130.99996456340767, 27.43502264278018], [130.99137813693633, 27.427095609576636], [130.97048108939796, 27.39854491896665], [130.9690389447892, 27.386516817115083], [130.96512021421265, 27.369994228356667], [130.9690389447892, 27.365851653352394], [130.9759903409507, 27.341443537746684], [130.97972932994603, 27.312892847136702], [130.9690389447892, 27.29448212735403], [130.93811332617068, 27.295119804580388], [130.9071877075522, 27.29728759386955], [130.87626208893371, 27.299121965309954], [130.8453364703152, 27.300522813453284], [130.81441085169672, 27.301684237977973], [130.78348523307824, 27.30282378719111], [130.75255961445976, 27.303966524243314], [130.72163399584124, 27.304946557406762], [130.69070837722276, 27.305586145462325], [130.65978275860428, 27.305763633172585], [130.62885713998577, 27.305338282285625], [130.5979315213673, 27.304009786663986], [130.5670059027488, 27.300987320853913], [130.53608028413032, 27.293776907062174], [130.51880374060778, 27.284342156526716], [130.5051546655118, 27.2645996971015], [130.50057186628882, 27.255791465916733], [130.4988858571196, 27.22724077530675], [130.50213584375402, 27.198690084696764], [130.47422904689333, 27.176625715984837], [130.44330342827482, 27.1730645671266], [130.43627978139773, 27.17013939408678], [130.41237780965633, 27.157077762439272], [130.38145219103785, 27.15060339146678], [130.36745362383238, 27.1415887034768], [130.35052657241937, 27.13346390011855], [130.31960095380086, 27.12698195126126], [130.28867533518238, 27.12695805005159], [130.2577497165639, 27.126228446059443], [130.22682409794538, 27.12451946495518], [130.1958984793269, 27.118424966751544], [130.1884289931183, 27.113038012866816], [130.16497286070842, 27.111745675201078], [130.13404724208993, 27.10960385592934], [130.10312162347142, 27.10736665133914], [130.07219600485294, 27.10222764453863], [130.04529837397223, 27.08448732225683], [130.04127038623446, 27.083406357251302], [130.01034476761595, 27.074874502450996], [129.98398473160327, 27.055936631646848], [129.97941914899747, 27.053637764578454], [129.94849353037898, 27.028043168659902], [129.9477816326847, 27.02738594103687], [129.91756791176047, 27.01758090566512], [129.89189161221125, 26.99883525042688], [129.886642293142, 26.996617789560773], [129.8557166745235, 26.987081737971923], [129.8324925942222, 26.970284559816896], [129.824791055905, 26.966833031050026], [129.7938654372865, 26.95463058807421], [129.7766537466274, 26.941733869206914], [129.76293981866803, 26.93468847727081], [129.73694994285057, 26.913183178596928], [129.73201420004955, 26.91034638585655], [129.70108858143104, 26.897415624661665], [129.68462471229338, 26.884632487986945], [129.67016296281255, 26.876635622531694], [129.64580524113657, 26.856081797376962], [129.63923734419407, 26.85179204468589], [129.61159461650834, 26.82753110676698], [129.60831172557556, 26.82484123260307], [129.58047624207205, 26.798980416156994], [129.57738610695708, 26.79558795335757], [129.55201498061174, 26.77042972554701], [129.5464604883386, 26.761930394683148], [129.5289747830907, 26.74187903493703], [129.51990574803665, 26.713328344327042], [129.5155348697201, 26.704518884975023], [129.49898897502715, 26.68477765371706], [129.49035276386655, 26.656226963107077], [129.4846092511016, 26.64189598275473], [129.4733962671031, 26.627676272497094], [129.4658843019351, 26.599125581887108], [129.45756095048316, 26.570574891277126], [129.45368363248312, 26.559971426712263], [129.44075094077652, 26.542024200667143], [129.43314298177904, 26.513473510057157], [129.4239094874261, 26.484922819447174], [129.4227580138646, 26.481682900968792], [129.4054711482698, 26.45637212883719], [129.3996558033266, 26.427821438227205], [129.39195165134112, 26.399270747617223], [129.39183239524613, 26.39874432315274], [129.37551810054134, 26.37072005700724], [129.37078378246272, 26.342169366397258], [129.3642190228986, 26.31361867578727], [129.36090677662764, 26.2895714784213], [129.33254801769633, 26.313618675787275], [129.32998115800916, 26.320332645909758], [129.32923417507402, 26.342169366397258], [129.3285039634162, 26.37072005700724], [129.32813006393297, 26.399270747617223], [129.32807536557274, 26.427821438227205], [129.32834842681882, 26.45637212883719], [129.32895315303367, 26.484922819447174], [129.3297038533799, 26.513473510057157], [129.32998115800916, 26.522272008951397], [129.33505958693712, 26.542024200667143], [129.34111103918434, 26.570574891277126], [129.34496160763393, 26.599125581887108], [129.35238419245547, 26.627676272497094], [129.3557531522041, 26.656226963107073], [129.35724337611128, 26.68477765371706], [129.3579511280921, 26.713328344327046], [129.35812417061388, 26.74187903493703], [129.36090677662764, 26.76535509970344], [129.36486524133022, 26.77042972554701], [129.37100078052424, 26.798980416156994], [129.37340832450025, 26.827531106766976], [129.37445303408367, 26.856081797376962], [129.37346114104878, 26.88463248798694], [129.36956227343313, 26.91318317859693], [129.36090677662764, 26.934004816687192], [129.35408144536947, 26.941733869206914], [129.32998115800916, 26.951369600360607], [129.29905553939065, 26.95323584361629], [129.26812992077217, 26.946998379109367], [129.26231679137248, 26.941733869206914], [129.23720430215369, 26.926306202890206], [129.22317095613863, 26.91318317859693], [129.20627868353517, 26.89839709609428], [129.19136909600277, 26.884632487986945], [129.1753530649167, 26.86466683213657], [129.16605390244007, 26.85608179737696], [129.1526903086384, 26.82753110676698], [129.1444274462982, 26.81277824994173], [129.12948186928165, 26.798980416156994], [129.1203785831329, 26.77042972554701], [129.11350182767973, 26.753747224646922], [129.10064640804472, 26.74187903493703], [129.09084327372446, 26.713328344327046], [129.08644725557605, 26.68477765371706], [129.08257620906122, 26.66984451011065], [129.06874988737104, 26.65622696310708], [129.06086623369126, 26.627676272497094], [129.0573592522232, 26.599125581887108], [129.05469958208195, 26.570574891277126], [129.05165059044273, 26.548313795877494], [129.04614009962398, 26.542024200667143], [129.03613339417603, 26.513473510057157], [129.03008512663737, 26.484922819447178], [129.02456779184016, 26.45637212883719], [129.02072497182425, 26.434806864023525], [129.01528257410138, 26.427821438227205], [129.00616768655635, 26.399270747617223], [129.00381718758325, 26.37072005700724], [129.00495103559155, 26.342169366397258], [129.0071971149797, 26.31361867578727], [129.00769395585547, 26.28506798517729], [129.00767915021476, 26.256517294567303], [129.00842723555925, 26.22796660395732], [129.00926266024095, 26.199415913347337], [128.99635844283284, 26.170865222737355], [128.98979935320574, 26.162574012745694], [128.96925413580115, 26.142314532127372], [128.9596414858755, 26.113763841517386], [128.95887373458726, 26.112358679557882], [128.93697475361267, 26.085213150907403], [128.9304648477415, 26.05666246029742], [128.92794811596877, 26.031802572760963], [128.9266537422483, 26.028111769687435], [128.91963235032398, 25.999561079077452], [128.90690818175543, 25.97101038846747], [128.90570236072136, 25.942459697857483], [128.90590876658308, 25.9139090072475], [128.9074079943707, 25.885358316637515], [128.91020398512444, 25.856807626027535], [128.91457965275043, 25.82825693541755], [128.92585810781992, 25.799706244807567], [128.92794811596877, 25.79747664987234], [128.9370599800731, 25.771155554197584], [128.94506926929438, 25.742604863587598], [128.95887373458726, 25.721465270599282], [128.96264412323345, 25.714054172977615], [128.98864571034588, 25.685503482367633], [128.98979935320574, 25.68442778028519], [129.01398823515922, 25.656952791757647], [129.02072497182428, 25.650547774309413], [129.03571385439258, 25.628402101147664], [129.05165059044273, 25.60910717865191], [129.06008986754188, 25.59985141053768], [129.06217553792155, 25.5713007199277], [129.05165059044273, 25.557552795749125], [129.0425509317804, 25.542750029317713], [129.0462113690858, 25.514199338707726], [129.05165059044273, 25.507706489417988], [129.07441664554534, 25.485648648097747], [129.08257620906122, 25.47862062372082], [129.11350182767973, 25.467987293611316], [129.12352962147017, 25.45709795748776], [129.1444274462982, 25.438579365085054], [129.1547165037952, 25.42854726687778], [129.1753530649167, 25.410377472418002], [129.18814823355967, 25.399996576267796], [129.20627868353517, 25.384076074515384], [129.2259443459112, 25.371445885657813], [129.23720430215369, 25.361137956641873], [129.26812992077217, 25.34809443131911], [129.2772752892104, 25.342895195047827], [129.29905553939065, 25.323130071104476], [129.32094993149673, 25.314344504437848], [129.32998115800916, 25.306307833244816], [129.36090677662764, 25.291863588767622], [129.38051417919456, 25.285793813827866], [129.39183239524613, 25.275966356654717], [129.4227580138646, 25.263517978966814], [129.45168708868357, 25.257243123217876], [129.45368363248312, 25.255550517543956], [129.4846092511016, 25.238994578434816], [129.5155348697201, 25.23306780939534], [129.543033505492, 25.228692432607893], [129.5464604883386, 25.2259313801093], [129.57738610695708, 25.21278229572184], [129.60831172557556, 25.20754934402522], [129.63923734419407, 25.204342928911576], [129.67016296281255, 25.201109576835794], [129.6912250900881, 25.20014174199791], [129.70108858143104, 25.196942937093016], [129.73201420004955, 25.190131325445414], [129.76293981866803, 25.184739265015963], [129.7938654372865, 25.1760975747017], [129.824791055905, 25.172050593368454], [129.82798461203112, 25.171591051387928], [129.824791055905, 25.171262783162188], [129.7938654372865, 25.167581565772046], [129.76293981866803, 25.155661276387683], [129.73201420004955, 25.146660470638295], [129.71504907319942, 25.143040360777942], [129.70108858143104, 25.140300654885284], [129.67016296281255, 25.132660540800174], [129.6443076438779, 25.11448967016796], [129.63923734419407, 25.109061448650998], [129.6273954337052, 25.085938979557977], [129.62880832780905, 25.05738828894799], [129.63923734419407, 25.043856401903206], [129.6519442072352, 25.028837598338008], [129.67016296281255, 25.012451136373393], [129.6838092836924, 25.000286907728025], [129.70108858143104, 24.987018243634843], [129.73201420004955, 24.97592376789997], [129.73779538672449, 24.97173621711804], [129.76293981866803, 24.953339028563803], [129.7938654372865, 24.946040658549794], [129.8015046744172, 24.943185526508056], [129.824791055905, 24.92581602012543], [129.84268034478276, 24.914634835898077], [129.83199306389614, 24.88608414528809], [129.824791055905, 24.87310642671136], [129.81062369760508, 24.857533454678105], [129.80397995403038, 24.828982764068122], [129.80243168324787, 24.80043207345814], [129.80613640791373, 24.771881382848154], [129.82031304598283, 24.74333069223817], [129.824791055905, 24.73959886234182], [129.8557166745235, 24.727652877730247], [129.88130960675534, 24.714780001628192], [129.886642293142, 24.71051471151608], [129.91756791176047, 24.70239721731926], [129.94849353037898, 24.69684673062961], [129.97941914899747, 24.692040280809707], [130.01034476761595, 24.6863383247151], [130.01166279338017, 24.686229311018206], [130.04127038623446, 24.677415772706066], [130.07219600485294, 24.671319435564307], [130.10312162347142, 24.667442103197835], [130.13404724208993, 24.66290316070956], [130.16497286070842, 24.657731207264504], [130.16556774689366, 24.65767862040822], [130.1958984793269, 24.64884402448468], [130.22682409794538, 24.643222604919863], [130.2577497165639, 24.636026800408004], [130.28867533518238, 24.629653012427468], [130.29146695322794, 24.629127929798237], [130.31960095380086, 24.615857248375764], [130.35052657241937, 24.605918556349394], [130.3675207378984, 24.600577239188254], [130.38145219103785, 24.592155668499156], [130.41237780965633, 24.57214351201268], [130.41262106830277, 24.57202654857827], [130.44330342827482, 24.557725710498314]]]}, "properties": {"fillColor": "#8A2BE2", "fillOpacity": 0.7, "color": "#000000", "weight": 0.2, "stroke": false}}, {"type": "Feature", "geometry": {"type": "Polygon", "coordinates": [[[130.6142162892853, 24.943185526508056], [130.61357337088742, 24.97173621711804], [130.62885713998577, 24.97965912601243], [130.6567280770431, 25.000286907728025], [130.65978275860428, 25.001697212492918], [130.69070837722276, 25.017281055645412], [130.70847291445665, 25.028837598338008], [130.72163399584124, 25.035308459942456], [130.75255961445976, 25.05177188691448], [130.76113109434482, 25.05738828894799], [130.78348523307824, 25.06961300608731], [130.8117892709164, 25.085938979557977], [130.81441085169672, 25.087306767050887], [130.8453364703152, 25.09542961254667], [130.87626208893371, 25.094937812619918], [130.88732376261726, 25.085938979557973], [130.87626208893371, 25.060502186449355], [130.87511718983177, 25.057388288947987], [130.84731611263425, 25.028837598338008], [130.8453364703152, 25.027066002973214], [130.81441085169672, 25.002771993464098], [130.81116074519784, 25.000286907728025], [130.78348523307824, 24.981499200070804], [130.7669169728148, 24.97173621711804], [130.75255961445976, 24.964213936702855], [130.72163399584124, 24.95244389665814], [130.69088395419524, 24.943185526508056], [130.69070837722276, 24.943137057935832], [130.65978275860428, 24.93917181912567], [130.62885713998577, 24.940225950132138], [130.6142162892853, 24.943185526508056]]]}, "properties": {"fillColor": "#8A2BE2", "fillOpacity": 0.7, "color": "#000000", "weight": 0.2, "stroke": false}}, {"type": "Feature", "geometry": {"type": "Polygon", "coordinates": [[[130.1936676448216, 25.085938979557977], [130.1958984793269, 25.087016476031394], [130.22682409794538, 25.104056940543778], [130.23995978397102, 25.11448967016796], [130.2577497165639, 25.12258368311917], [130.28867533518238, 25.136710552496133], [130.30082485404077, 25.143040360777942], [130.31960095380086, 25.15074766168148], [130.35052657241937, 25.16217380063369], [130.37665723288757, 25.171591051387928], [130.38145219103785, 25.173469591626127], [130.41237780965633, 25.185618603542657], [130.44330342827482, 25.196062529795885], [130.4540127681965, 25.20014174199791], [130.47422904689333, 25.209433745388843], [130.5051546655118, 25.222027488756098], [130.52278594863247, 25.228692432607893], [130.53608028413032, 25.23593689867452], [130.5670059027488, 25.25120173353405], [130.57978468974102, 25.257243123217876], [130.5979315213673, 25.268751678745787], [130.62885713998577, 25.28513402990818], [130.62998562211055, 25.28579381382786], [130.65978275860428, 25.30571182564943], [130.6741527299155, 25.31434450443784], [130.69070837722276, 25.325985612242704], [130.7176323664729, 25.342895195047827], [130.72163399584124, 25.345821948959188], [130.75255961445976, 25.36604568762062], [130.76083951925898, 25.371445885657817], [130.78348523307824, 25.38757955574329], [130.80161265294743, 25.399996576267796], [130.81441085169672, 25.409874178599466], [130.84045867615842, 25.42854726687778], [130.8453364703152, 25.432610597027168], [130.87626208893371, 25.450554215189257], [130.88604514041916, 25.42854726687778], [130.87626208893371, 25.412541153178964], [130.86862844613373, 25.3999965762678], [130.84842047193192, 25.371445885657813], [130.8453364703152, 25.36806909699656], [130.8235194536906, 25.342895195047827], [130.81441085169672, 25.333720177550404], [130.7960081662091, 25.314344504437845], [130.78348523307824, 25.30268339445071], [130.7659551640017, 25.285793813827862], [130.75255961445976, 25.27419753300119], [130.7330803027489, 25.257243123217876], [130.72163399584124, 25.247980528361058], [130.69707185879298, 25.228692432607893], [130.69070837722276, 25.22382537210308], [130.65978275860428, 25.202235997633025], [130.65683710888646, 25.20014174199791], [130.62885713998577, 25.181386536542654], [130.6118346890008, 25.171591051387928], [130.5979315213673, 25.163129910311856], [130.5670059027488, 25.14799821580113], [130.55626456030626, 25.14304036077794], [130.53608028413032, 25.13268876290541], [130.5051546655118, 25.11989648412377], [130.4913432271944, 25.114489670167956], [130.47422904689333, 25.10665982113175], [130.44330342827482, 25.095849451280444], [130.41237780965633, 25.08662621096675], [130.40974379615497, 25.08593897955798], [130.38145219103785, 25.078135055435006], [130.35052657241937, 25.071964476532223], [130.31960095380086, 25.067040991195157], [130.28867533518238, 25.063110855451583], [130.2577497165639, 25.060177081463674], [130.22682409794538, 25.05915606281221], [130.1958984793269, 25.07782736397916], [130.1936676448216, 25.085938979557977]]]}, "properties": {"fillColor": "#8A2BE2", "fillOpacity": 0.7, "color": "#000000", "weight": 0.2, "stroke": false}}, {"type": "Feature", "geometry": {"type": "Polygon", "coordinates": [[[130.87583391986294, 25.257243123217876], [130.87626208893371, 25.25760077075968], [130.8783874214204, 25.257243123217876], [130.87626208893371, 25.250223902342047], [130.87583391986294, 25.257243123217876]]]}, "properties": {"fillColor": "#8A2BE2", "fillOpacity": 0.7, "color": "#000000", "weight": 0.2, "stroke": false}}, {"type": "Feature", "geometry": {"type": "Polygon", "coordinates": [[[129.84297613989955, 25.285793813827862], [129.824791055905, 25.287370490569206], [129.7938654372865, 25.290820644711502], [129.76293981866803, 25.29519767936877], [129.73201420004955, 25.300503672179186], [129.70108858143104, 25.30680951213718], [129.67018069281508, 25.314344504437845], [129.67016296281255, 25.314348488627942], [129.63923734419407, 25.321668593052067], [129.60831172557556, 25.330306063406873], [129.57738610695708, 25.34071135342903], [129.5715333071496, 25.342895195047824], [129.5464604883386, 25.352766394307192], [129.5155348697201, 25.367249836170533], [129.50749993308466, 25.371445885657813], [129.4846092511016, 25.38648441465041], [129.46675169694444, 25.399996576267796], [129.45368363248312, 25.414619325919865], [129.44224176091438, 25.42854726687778], [129.4261970735891, 25.45709795748776], [129.4227580138646, 25.463378845819683], [129.41057516065206, 25.485648648097747], [129.39329381538107, 25.51419933870773], [129.39183239524613, 25.516164184534354], [129.37077059047047, 25.542750029317713], [129.36090677662764, 25.553552300255674], [129.3424434948334, 25.5713007199277], [129.32998115800916, 25.58451182730127], [129.31177853250912, 25.59985141053768], [129.29905553939065, 25.613406764603603], [129.2810363908128, 25.628402101147664], [129.2681299207722, 25.641187610704414], [129.24960530158933, 25.65695279175765], [129.23720430215369, 25.667537053063388], [129.21699277772643, 25.685503482367633], [129.20627868353517, 25.694174224131324], [129.1868884884246, 25.71405417297762], [129.1753530649167, 25.724421299858257], [129.15997059371264, 25.742604863587598], [129.1444274462982, 25.758936984023848], [129.13512032056826, 25.771155554197584], [129.11557702712886, 25.799706244807567], [129.11350182767973, 25.803535823275006], [129.10292562733366, 25.82825693541755], [129.0974814151327, 25.85680762602754], [129.0999287120512, 25.885358316637518], [129.11350182767973, 25.910759173859937], [129.1178473904829, 25.9139090072475], [129.1444274462982, 25.93291050049238], [129.1501869574834, 25.942459697857483], [129.15954576900134, 25.97101038846747], [129.1631890980501, 25.999561079077452], [129.16376581054848, 26.028111769687435], [129.16167801806915, 26.05666246029742], [129.15787640760846, 26.085213150907403], [129.15373255968737, 26.113763841517386], [129.1504747454968, 26.142314532127372], [129.14956622604143, 26.170865222737355], [129.15470975471936, 26.199415913347337], [129.1748254564025, 26.22796660395732], [129.1753530649167, 26.228385568128434], [129.175470108424, 26.22796660395732], [129.1834939242577, 26.199415913347337], [129.19266630945367, 26.170865222737355], [129.20627868353517, 26.14266434724508], [129.20638193978843, 26.142314532127372], [129.2163225876085, 26.113763841517386], [129.2294545802858, 26.085213150907403], [129.23720430215369, 26.07362736197137], [129.24612227168907, 26.056662460297417], [129.26077782831342, 26.028111769687435], [129.26812992077217, 26.011457422151878], [129.2730187235352, 25.999561079077452], [129.27965727022297, 25.97101038846747], [129.2825370867472, 25.942459697857483], [129.28527180737987, 25.9139090072475], [129.29286801071237, 25.885358316637518], [129.29905553939062, 25.874329752663545], [129.30892258688405, 25.856807626027532], [129.32998115800916, 25.828298046401756], [129.3300148506555, 25.82825693541755], [129.35595809196636, 25.799706244807567], [129.36090677662764, 25.79478815755372], [129.38599352444487, 25.771155554197584], [129.39183239524613, 25.765689974121095], [129.41768123581872, 25.742604863587598], [129.4227580138646, 25.737783501954148], [129.44939966390587, 25.714054172977615], [129.45368363248312, 25.709807507635766], [129.48148020482324, 25.685503482367633], [129.4846092511016, 25.6819462425], [129.51141390904223, 25.65695279175765], [129.5155348697201, 25.651709096624465], [129.53658278402708, 25.628402101147664], [129.5464604883386, 25.61995278881558], [129.5717290762318, 25.59985141053768], [129.57738610695708, 25.597311888307722], [129.60831172557556, 25.587558090345567], [129.63923734419407, 25.58183927561609], [129.6562470218643, 25.59985141053768], [129.63923734419407, 25.607406137250415], [129.61225846743113, 25.628402101147664], [129.60831172557556, 25.630345508508157], [129.57738610695708, 25.647425282518434], [129.56458535491896, 25.65695279175765], [129.5464604883386, 25.68200921970965], [129.5436324275055, 25.685503482367633], [129.52008838863986, 25.714054172977615], [129.5155348697201, 25.719866886357096], [129.49643542143252, 25.742604863587598], [129.4846092511016, 25.764125940501497], [129.47981856097957, 25.771155554197584], [129.46527790607968, 25.799706244807567], [129.45950359601363, 25.82825693541755], [129.4626608853891, 25.856807626027535], [129.4846092511016, 25.880751243014124], [129.50620727614552, 25.885358316637518], [129.5155348697201, 25.886922687299148], [129.5223373784351, 25.885358316637518], [129.5464604883386, 25.88205040177256], [129.57738610695708, 25.87411507719198], [129.60831172557556, 25.865921932645463], [129.61784604873878, 25.885358316637518], [129.6085868673984, 25.9139090072475], [129.60831172557556, 25.914569467875335], [129.59299749466578, 25.942459697857483], [129.58236920525803, 25.97101038846747], [129.57738610695708, 25.985772561877532], [129.57025777359783, 25.999561079077452], [129.5584051879449, 26.028111769687435], [129.54950826794624, 26.05666246029742], [129.5464604883386, 26.06775623173881], [129.53835727365012, 26.085213150907403], [129.5287201138585, 26.113763841517386], [129.5227954255299, 26.142314532127372], [129.52034254159017, 26.170865222737355], [129.52075542400627, 26.199415913347337], [129.52316508914467, 26.22796660395732], [129.5268634490075, 26.256517294567303], [129.53175420398784, 26.28506798517729], [129.53839918294062, 26.31361867578727], [129.5464604883386, 26.338435893447897], [129.5472303950305, 26.342169366397258], [129.55423526048335, 26.37072005700724], [129.56366225690073, 26.399270747617223], [129.5764692216832, 26.427821438227205], [129.57738610695708, 26.42973745966281], [129.58663394562967, 26.456372128837195], [129.5992526216766, 26.48492281944717], [129.60831172557556, 26.50177185486256], [129.61334611677492, 26.51347351005716], [129.62791003167717, 26.542024200667143], [129.63923734419407, 26.560017711136865], [129.64512614690497, 26.570574891277126], [129.66285130765377, 26.599125581887108], [129.67016296281255, 26.60927285871307], [129.6846336903213, 26.627676272497094], [129.70108858143104, 26.646274937630587], [129.71523054125498, 26.65622696310708], [129.73201420004955, 26.669568316262193], [129.75881844414099, 26.68477765371706], [129.76293981866803, 26.68763993867308], [129.7938654372865, 26.707149820247082], [129.80490611025277, 26.71332834432704], [129.824791055905, 26.725719173316477], [129.8557166745235, 26.74086659422763], [129.8579301038537, 26.74187903493703], [129.886642293142, 26.758127619905082], [129.91756791176047, 26.76937691632517], [129.92064042827013, 26.77042972554701], [129.94849353037898, 26.783831926543396], [129.97941914899747, 26.79394342802595], [130.00024411441154, 26.798980416156994], [130.01034476761595, 26.80332129390246], [130.04127038623446, 26.814942709375323], [130.07219600485294, 26.82360155513925], [130.08872368885991, 26.82753110676698], [130.10312162347142, 26.83506328202288], [130.13404724208993, 26.848532881712043], [130.15511706223222, 26.856081797376962], [130.1620489551832, 26.884632487986945], [130.1385005757666, 26.913183178596928], [130.13404724208993, 26.923461368160822], [130.1270550350699, 26.941733869206914], [130.13404724208993, 26.960223938782676], [130.13700366833706, 26.970284559816896], [130.16497286070842, 26.996770954700583], [130.1671918305443, 26.99883525042688], [130.1958984793269, 27.012782515488087], [130.22682409794538, 27.023076839600527], [130.24577080561335, 27.027385941036865], [130.2577497165639, 27.03009121040671], [130.28867533518238, 27.034823140057178], [130.31960095380086, 27.03729075522132], [130.35052657241937, 27.0379279570312], [130.38145219103785, 27.036909687860117], [130.41237780965633, 27.034199231709966], [130.44330342827482, 27.029539862573284], [130.4535204515046, 27.02738594103686], [130.47422904689333, 27.024574505957435], [130.5051546655118, 27.019303894702364], [130.53608028413032, 27.012412446904506], [130.5670059027488, 27.002937659280114], [130.57785349434454, 26.99883525042688], [130.5979315213673, 26.993007496984387], [130.62885713998577, 26.982288601500066], [130.65446930929062, 26.970284559816896], [130.65978275860428, 26.968075473242003], [130.69070837722276, 26.95440241111324], [130.71287530613537, 26.941733869206914], [130.72163399584124, 26.93704079843944], [130.75255961445976, 26.918774866565517], [130.76080237268096, 26.913183178596928], [130.78348523307824, 26.89837419515876], [130.8021596923783, 26.884632487986945], [130.81441085169672, 26.875474305436946], [130.83910465506094, 26.856081797376962], [130.8453364703152, 26.851010927551485], [130.87405540079627, 26.827531106766976], [130.87626208893371, 26.825670773525623], [130.9071877075522, 26.80023228678673], [130.90869181751773, 26.798980416156994], [130.93811332617068, 26.774780046081446], [130.94324013045514, 26.77042972554701], [130.9690389447892, 26.748224210422293], [130.9762475515441, 26.74187903493703], [130.99996456340767, 26.719826027825448], [131.00694191348234, 26.71332834432704], [131.03089018202616, 26.688372016247374], [131.03441915856644, 26.68477765371706], [131.0586071972151, 26.656226963107077], [131.06181580064467, 26.651894366598935], [131.0804980001809, 26.62767627249709], [131.09274141926315, 26.609353822440546], [131.09998123093698, 26.599125581887108], [131.1169198888209, 26.570574891277126], [131.12366703788163, 26.55809884556573], [131.132539805108, 26.542024200667143], [131.1458869187469, 26.513473510057153], [131.15459265650014, 26.494181497091127], [131.1587293634304, 26.484922819447174], [131.16944317558955, 26.45637212883719], [131.17971780483322, 26.427821438227205], [131.18551827511862, 26.41174595059983], [131.18954465523532, 26.399270747617223], [131.19759654628137, 26.37072005700724], [131.20538961173284, 26.342169366397258], [131.21312288769968, 26.31361867578727], [131.2164438937371, 26.300753099327785], [131.21985614545125, 26.28506798517729], [131.2252793550729, 26.256517294567306], [131.2299878291554, 26.22796660395732], [131.23392390879388, 26.199415913347337], [131.23703144287254, 26.170865222737355], [131.23929021460702, 26.142314532127372], [131.2406861098654, 26.11376384151739], [131.2412075257593, 26.085213150907403], [131.24078114060828, 26.056662460297417], [131.2392665567105, 26.028111769687435], [131.23653341970072, 25.999561079077452], [131.23192220928968, 25.97101038846747], [131.2247204840829, 25.942459697857483], [131.2164438937371, 25.914849525608826], [131.2159868292711, 25.9139090072475], [131.203919667092, 25.885358316637515], [131.19427426597457, 25.85680762602754], [131.18551827511862, 25.829324555896495], [131.18499114642307, 25.82825693541755], [131.17238883017626, 25.799706244807567], [131.16234092384292, 25.771155554197584], [131.15459265650014, 25.750951177499424], [131.1502573804485, 25.742604863587598], [131.1362598510649, 25.714054172977615], [131.12366703788163, 25.687085612108547], [131.12246833436006, 25.685503482367633], [131.10272675846545, 25.65695279175765], [131.09274141926315, 25.641200293193478], [131.07848249833717, 25.628402101147664], [131.06181580064467, 25.609983887558066], [131.03175055910378, 25.59985141053768], [131.03089018202616, 25.599485639718097], [131.03060532486256, 25.59985141053768], [131.03089018202616, 25.609735021920237], [131.03178317145995, 25.628402101147664], [131.04480523558448, 25.656952791757654], [131.05477964969117, 25.685503482367633], [131.06181580064467, 25.704195004791178], [131.0671396749385, 25.71405417297762], [131.0800366039103, 25.742604863587598], [131.09061077883666, 25.771155554197584], [131.09274141926315, 25.776664971398674], [131.10566672571863, 25.799706244807567], [131.11649628085252, 25.82825693541755], [131.12366703788163, 25.85197410991854], [131.12651474870873, 25.856807626027535], [131.13693828429496, 25.885358316637515], [131.14187588687477, 25.9139090072475], [131.14396469965237, 25.942459697857483], [131.14440494633604, 25.97101038846747], [131.1440550518547, 25.999561079077452], [131.14322424423312, 26.028111769687435], [131.1418661186893, 26.05666246029742], [131.13982432679157, 26.085213150907403], [131.1369961696328, 26.113763841517386], [131.133352030036, 26.142314532127372], [131.12885541220933, 26.17086522273735], [131.12366703788163, 26.197804221101656], [131.12341443801822, 26.199415913347337], [131.11857524279438, 26.22796660395732], [131.11313890500668, 26.25651729456731], [131.1068402946417, 26.285067985177292], [131.09917979759624, 26.31361867578727], [131.09274141926315, 26.33270170465947], [131.0899699667385, 26.342169366397258], [131.0806995676168, 26.37072005700724], [131.06959687648256, 26.399270747617223], [131.06181580064467, 26.41500404539319], [131.0561201895387, 26.427821438227205], [131.04180237345707, 26.456372128837188], [131.03089018202616, 26.473760639732845], [131.0241960720374, 26.484922819447174], [131.00529956112018, 26.513473510057157], [130.99996456340767, 26.520069382659145], [130.9829011240602, 26.542024200667143], [130.9690389447892, 26.557951023238132], [130.95743759032703, 26.570574891277126], [130.93811332617068, 26.590582860820138], [130.9290543378094, 26.599125581887108], [130.9071877075522, 26.61917802652686], [130.8973385760223, 26.627676272497098], [130.87626208893371, 26.645628057459792], [130.8630905779005, 26.656226963107077], [130.8453364703152, 26.670243919661694], [130.827411947056, 26.68477765371706], [130.81441085169672, 26.69377970113696], [130.78929960007915, 26.71332834432704], [130.78348523307824, 26.7168059949829], [130.75255961445976, 26.734327905789186], [130.74353875948356, 26.74187903493703], [130.72163399584124, 26.75129861789703], [130.69070837722276, 26.76786205375351], [130.6871632007591, 26.77042972554701], [130.65978275860428, 26.77804744775074], [130.62885713998577, 26.785484224593795], [130.60370439160374, 26.798980416156994], [130.5979315213673, 26.80023565200863], [130.5670059027488, 26.804075298944], [130.53608028413032, 26.804549977338013], [130.51873766542124, 26.798980416156994], [130.53608028413032, 26.796317794920476], [130.5670059027488, 26.791320673530056], [130.5979315213673, 26.772412029157294], [130.5983991037682, 26.77042972554701], [130.62885713998577, 26.763103561711482], [130.65978275860428, 26.74340840407563], [130.66106334862673, 26.74187903493703], [130.69070837722276, 26.73237887994439], [130.71842637249568, 26.713328344327042], [130.72163399584124, 26.711818922599033], [130.75255961445976, 26.697265187522305], [130.76743994991384, 26.68477765371706], [130.78348523307824, 26.672555566993957], [130.8010189628726, 26.656226963107077], [130.81441085169672, 26.640130709940667], [130.82560265788715, 26.627676272497098], [130.84268430781395, 26.599125581887108], [130.8453364703152, 26.593896908622977], [130.85967633759532, 26.570574891277126], [130.8721997864398, 26.542024200667143], [130.87626208893371, 26.532766660121393], [130.88662879275583, 26.513473510057153], [130.89886180751677, 26.484922819447174], [130.9071877075522, 26.456864613228575], [130.90739841489062, 26.45637212883719], [130.91768048216466, 26.427821438227205], [130.9250091614572, 26.399270747617223], [130.9309892186465, 26.37072005700724], [130.93608579835427, 26.342169366397258], [130.93811332617068, 26.330576210863274], [130.94317230362904, 26.31361867578727], [130.95040971765576, 26.28506798517729], [130.95571143466887, 26.25651729456731], [130.95948619727886, 26.22796660395732], [130.96211681930473, 26.199415913347337], [130.96392862834227, 26.170865222737355], [130.96511627644463, 26.142314532127372], [130.96569146552537, 26.113763841517386], [130.96547061180738, 26.085213150907403], [130.96417034898923, 26.056662460297424], [130.9616977417449, 26.028111769687435], [130.95835129780804, 25.999561079077452], [130.95412676032416, 25.97101038846747], [130.94773472386584, 25.942459697857483], [130.93811332617068, 25.917090473680616], [130.9372381316896, 25.913909007247504], [130.92851069353094, 25.885358316637518], [130.9163875991634, 25.85680762602754], [130.9071877075522, 25.839661957260795], [130.9026972375827, 25.828256935417546], [130.88973370719185, 25.799706244807567], [130.87626208893371, 25.777972907275963], [130.87317887501754, 25.771155554197584], [130.85854207972633, 25.742604863587598], [130.8453364703152, 25.72432368685498], [130.83949193104942, 25.71405417297761], [130.8192781594501, 25.685503482367633], [130.81441085169672, 25.67974261523135], [130.79793513484105, 25.65695279175765], [130.78348523307824, 25.641122160927225], [130.77254928226768, 25.628402101147664], [130.75255961445976, 25.608237654251855], [130.74430319621376, 25.59985141053768], [130.72163399584124, 25.57876376783628], [130.7133479738942, 25.5713007199277], [130.69070837722276, 25.551871384841817], [130.67909469421397, 25.542750029317716], [130.65978275860428, 25.527451672509955], [130.64042145322324, 25.51419933870773], [130.62885713998577, 25.50546886041082], [130.5979315213673, 25.485985566152955], [130.59740210542185, 25.485648648097747], [130.5670059027488, 25.463882030459914], [130.5554172788951, 25.45709795748776], [130.53608028413032, 25.44336380747152], [130.50895872304363, 25.42854726687778], [130.5051546655118, 25.425856119632698], [130.47422904689333, 25.407393444107086], [130.45720351382587, 25.399996576267796], [130.44330342827482, 25.39160511210063], [130.41237780965633, 25.377732410332296], [130.39514830517794, 25.371445885657813], [130.38145219103785, 25.36410869394324], [130.35052657241937, 25.351423489193927], [130.3201158670062, 25.342895195047827], [130.31960095380086, 25.342667529285713], [130.28867533518238, 25.330325596029354], [130.2577497165639, 25.321617029691996], [130.22682409794538, 25.31485247231114], [130.22427835048506, 25.314344504437848], [130.1958984793269, 25.305811266421607], [130.16497286070842, 25.299021224908948], [130.13404724208993, 25.293879146944597], [130.10312162347142, 25.289856977483122], [130.07219600485294, 25.28665651744515], [130.06159803706532, 25.285793813827862], [130.04127038623446, 25.2831571693701], [130.01034476761595, 25.280501604038353], [129.97941914899747, 25.279108330332466], [129.94849353037898, 25.27888247475479], [129.91756791176047, 25.27972900462305], [129.886642293142, 25.28154084041345], [129.8557166745235, 25.284291636186587], [129.84297613989955, 25.285793813827862]]]}, "properties": {"fillColor": "#8A2BE2", "fillOpacity": 0.7, "color": "#000000", "weight": 0.2, "stroke": false}}, {"type": "Feature", "geometry": {"type": "Polygon", "coordinates": [[[130.37830137731004, 25.285793813827862], [130.38145219103785, 25.286477076024777], [130.39327928365336, 25.285793813827862], [130.38145219103785, 25.28413095516314], [130.37830137731004, 25.285793813827862]]]}, "properties": {"fillColor": "#8A2BE2", "fillOpacity": 0.7, "color": "#000000", "weight": 0.2, "stroke": false}}, {"type": "Feature", "geometry": {"type": "Polygon", "coordinates": [[[130.4643028035012, 25.314344504437845], [130.47422904689333, 25.31489235100582], [130.47586454752508, 25.314344504437845], [130.47422904689333, 25.31398603137099], [130.4643028035012, 25.314344504437845]]]}, "properties": {"fillColor": "#8A2BE2", "fillOpacity": 0.7, "color": "#000000", "weight": 0.2, "stroke": false}}, {"type": "Feature", "geometry": {"type": "Polygon", "coordinates": [[[130.50441559241665, 25.342895195047827], [130.5051546655118, 25.34314796376313], [130.53608028413032, 25.345522044171247], [130.5391950502867, 25.342895195047827], [130.53608028413032, 25.341876933314804], [130.5051546655118, 25.341030410263123], [130.50441559241665, 25.342895195047827]]]}, "properties": {"fillColor": "#8A2BE2", "fillOpacity": 0.7, "color": "#000000", "weight": 0.2, "stroke": false}}, {"type": "Feature", "geometry": {"type": "Polygon", "coordinates": [[[130.558894675783, 25.371445885657813], [130.5670059027488, 25.375281058969417], [130.58738430730654, 25.371445885657813], [130.5670059027488, 25.363391550742932], [130.558894675783, 25.371445885657813]]]}, "properties": {"fillColor": "#8A2BE2", "fillOpacity": 0.7, "color": "#000000", "weight": 0.2, "stroke": false}}, {"type": "Feature", "geometry": {"type": "Polygon", "coordinates": [[[130.59652423782464, 25.399996576267796], [130.5979315213673, 25.400718041079248], [130.62885713998577, 25.409774564641793], [130.6347215322063, 25.399996576267796], [130.62885713998577, 25.396601589006888], [130.5979315213673, 25.38936153109286], [130.59652423782464, 25.399996576267796]]]}, "properties": {"fillColor": "#8A2BE2", "fillOpacity": 0.7, "color": "#000000", "weight": 0.2, "stroke": false}}, {"type": "Feature", "geometry": {"type": "Polygon", "coordinates": [[[130.64923882205161, 25.42854726687778], [130.65978275860428, 25.43389405212395], [130.6684468217191, 25.42854726687778], [130.65978275860428, 25.423163068979445], [130.64923882205161, 25.42854726687778]]]}, "properties": {"fillColor": "#8A2BE2", "fillOpacity": 0.7, "color": "#000000", "weight": 0.2, "stroke": false}}, {"type": "Feature", "geometry": {"type": "Polygon", "coordinates": [[[130.6848395283606, 25.45709795748776], [130.69070837722276, 25.459833185925802], [130.70245705700222, 25.45709795748776], [130.69070837722276, 25.449004832587377], [130.6848395283606, 25.45709795748776]]]}, "properties": {"fillColor": "#8A2BE2", "fillOpacity": 0.7, "color": "#000000", "weight": 0.2, "stroke": false}}, {"type": "Feature", "geometry": {"type": "Polygon", "coordinates": [[[130.72162551372153, 25.485648648097747], [130.72163399584124, 25.48565341917462], [130.72169907684977, 25.485648648097747], [130.72163399584124, 25.485603428214592], [130.72162551372153, 25.485648648097747]]]}, "properties": {"fillColor": "#8A2BE2", "fillOpacity": 0.7, "color": "#000000", "weight": 0.2, "stroke": false}}, {"type": "Feature", "geometry": {"type": "Polygon", "coordinates": [[[131.49477446130354, 25.139773008047655], [131.49843759692092, 25.143040360777942], [131.49477446130354, 25.153673528858903], [131.48807909539113, 25.14304036077794], [131.49477446130354, 25.139773008047655]]]}, "properties": {"fillColor": "#8A2BE2", "fillOpacity": 0.7, "color": "#000000", "weight": 0.2, "stroke": false}}, {"type": "Feature", "geometry": {"type": "Polygon", "coordinates": [[[131.52570007992202, 25.167624056475013], [131.52978163325446, 25.171591051387928], [131.53205660256953, 25.20014174199791], [131.52570007992202, 25.209899848795786], [131.51538190013946, 25.20014174199791], [131.51283102410073, 25.171591051387928], [131.52570007992202, 25.167624056475013]]]}, "properties": {"fillColor": "#8A2BE2", "fillOpacity": 0.7, "color": "#000000", "weight": 0.2, "stroke": false}}, {"type": "Feature", "geometry": {"type": "Polygon", "coordinates": [[[118.56786587877423, 25.614110429779185], [118.59879149739272, 25.613203122802815], [118.6297171160112, 25.624852186824516], [118.63354317229123, 25.62840210114766], [118.6606427346297, 25.65137287773274], [118.66625733438403, 25.656952791757647], [118.68298100949173, 25.68550348236763], [118.67603253551164, 25.714054172977615], [118.66437416091397, 25.742604863587598], [118.6606427346297, 25.746619141179192], [118.64812607513048, 25.771155554197584], [118.62971711601121, 25.793800894801223], [118.59879149739271, 25.79366187091775], [118.56786587877423, 25.784427058396467], [118.55308953642016, 25.771155554197584], [118.53694026015575, 25.75289508271908], [118.52745877362639, 25.742604863587598], [118.51198758133972, 25.71405417297761], [118.50601464153726, 25.69575332136681], [118.50162356174837, 25.685503482367633], [118.5028542764891, 25.65695279175765], [118.50601464153725, 25.65408410293312], [118.53694026015573, 25.628942917896488], [118.53789332096102, 25.628402101147664], [118.56786587877423, 25.614110429779185]]]}, "properties": {"fillColor": "#8A2BE2", "fillOpacity": 0.7, "color": "#000000", "weight": 0.2, "stroke": false}}, {"type": "Feature", "geometry": {"type": "Polygon", "coordinates": [[[130.1031216234714, 26.04689184374044], [130.13404724208993, 26.03672731894634], [130.16497286070842, 26.033238860631023], [130.1958984793269, 26.037549144922806], [130.22682409794538, 26.04657167930803], [130.25255425757865, 26.05666246029742], [130.2577497165639, 26.060076456346472], [130.28867533518238, 26.084852940911723], [130.2889694067884, 26.085213150907403], [130.30383594763614, 26.113763841517386], [130.31384884035697, 26.142314532127372], [130.3138239791179, 26.170865222737355], [130.3042151681299, 26.199415913347337], [130.29033786873276, 26.22796660395732], [130.28867533518238, 26.230037513666854], [130.26014928165014, 26.256517294567306], [130.2577497165639, 26.25782465488356], [130.22682409794538, 26.267021988990393], [130.1958984793269, 26.270361551514892], [130.16497286070842, 26.26725084313576], [130.13404724208993, 26.26054409176738], [130.12235249363493, 26.25651729456731], [130.10312162347142, 26.24329284463657], [130.08065749711062, 26.22796660395732], [130.07219600485294, 26.21964857316663], [130.0597572725343, 26.199415913347337], [130.04340671551236, 26.170865222737355], [130.04127038623446, 26.162587525779728], [130.03961146558447, 26.142314532127372], [130.04127038623446, 26.119533230982015], [130.04263317325015, 26.113763841517386], [130.05921864757968, 26.085213150907407], [130.07219600485294, 26.06692254219038], [130.08391436991286, 26.056662460297424], [130.1031216234714, 26.04689184374044]]]}, "properties": {"fillColor": "#8A2BE2", "fillOpacity": 0.7, "color": "#000000", "weight": 0.2, "stroke": false}}, {"type": "Feature", "geometry": {"type": "Polygon", "coordinates": [[[130.13381847958718, 26.085213150907403], [130.10312162347142, 26.111878410210284], [130.1026223568182, 26.113763841517386], [130.10148432558398, 26.142314532127372], [130.10207113974388, 26.170865222737355], [130.10312162347142, 26.179652252694826], [130.1245292818778, 26.199415913347337], [130.13404724208993, 26.202070498649007], [130.16444612689574, 26.22796660395732], [130.16497286070842, 26.228031021456086], [130.1958984793269, 26.228194071323315], [130.19761099595823, 26.22796660395732], [130.22682409794538, 26.20182995441586], [130.2294274287606, 26.199415913347337], [130.2428636982736, 26.170865222737355], [130.23428460839136, 26.142314532127372], [130.22682409794538, 26.13437954129745], [130.20433152121882, 26.113763841517383], [130.1958984793269, 26.1113844066483], [130.16497286070842, 26.105507226811028], [130.13466124593492, 26.085213150907403], [130.13404724208993, 26.08518186095218], [130.13381847958718, 26.085213150907403]]]}, "properties": {"fillColor": "#8A2BE2", "fillOpacity": 0.7, "color": "#000000", "weight": 0.2, "stroke": false}}, {"type": "Feature", "geometry": {"type": "Polygon", "coordinates": [[[118.56786587877423, 26.138509596063763], [118.57161143096411, 26.142314532127376], [118.56786587877423, 26.145660082287236], [118.54715841151219, 26.142314532127372], [118.56786587877423, 26.138509596063763]]]}, "properties": {"fillColor": "#8A2BE2", "fillOpacity": 0.7, "color": "#000000", "weight": 0.2, "stroke": false}}, {"type": "Feature", "geometry": {"type": "Polygon", "coordinates": [[[118.53694026015573, 26.16977351686942], [118.53702058204097, 26.170865222737355], [118.53694026015573, 26.170926332881816], [118.53687406669488, 26.170865222737355], [118.53694026015573, 26.16977351686942]]]}, "properties": {"fillColor": "#8A2BE2", "fillOpacity": 0.7, "color": "#000000", "weight": 0.2, "stroke": false}}, {"type": "Feature", "geometry": {"type": "Polygon", "coordinates": [[[130.04127038623446, 27.162847293061034], [130.07219600485294, 27.154190124024886], [130.10312162347142, 27.1500903038185], [130.13404724208993, 27.148175413922917], [130.16497286070842, 27.14769681823647], [130.1958984793269, 27.148047484314247], [130.22682409794538, 27.149613614385764], [130.2577497165639, 27.154311761832968], [130.28867533518238, 27.16212364573041], [130.31960095380086, 27.166633434204872], [130.35052657241937, 27.16724294695673], [130.3523593320764, 27.17013939408678], [130.35052657241937, 27.171162825659604], [130.31960095380086, 27.173550270130335], [130.28867533518238, 27.177831465872163], [130.2577497165639, 27.189640370648377], [130.23889855224334, 27.198690084696764], [130.22682409794538, 27.205751824495188], [130.1958984793269, 27.215374021929915], [130.16497286070842, 27.22444373029832], [130.13404724208993, 27.22507257811322], [130.10312162347142, 27.216587737106575], [130.07219600485294, 27.206011657791553], [130.05936439950665, 27.198690084696764], [130.04127038623446, 27.1804947701484], [130.03116605478527, 27.17013939408678], [130.04127038623446, 27.162847293061034]]]}, "properties": {"fillColor": "#8A2BE2", "fillOpacity": 0.7, "color": "#000000", "weight": 0.2, "stroke": false}}, {"type": "Feature", "geometry": {"type": "Polygon", "coordinates": [[[112.69199834126091, 27.42624964901427], [112.69291467123959, 27.427095609576636], [112.69199834126091, 27.427960778557352], [112.69098010906545, 27.427095609576636], [112.69199834126091, 27.42624964901427]]]}, "properties": {"fillColor": "#8A2BE2", "fillOpacity": 0.7, "color": "#000000", "weight": 0.2, "stroke": false}}, {"type": "Feature", "geometry": {"type": "Polygon", "coordinates": [[[112.382742155076, 27.65299474353056], [112.41366777369448, 27.652756092717766], [112.41628394807972, 27.655501134456504], [112.4136677736945, 27.66456993651419], [112.382742155076, 27.66255110798828], [112.38067267323655, 27.655501134456504], [112.382742155076, 27.65299474353056]]]}, "properties": {"fillColor": "#8A2BE2", "fillOpacity": 0.7, "color": "#000000", "weight": 0.2, "stroke": false}}, {"type": "Feature", "geometry": {"type": "Polygon", "coordinates": [[[112.16626282474655, 27.673456452421327], [112.19718844336505, 27.679488561283534], [112.2021312924658, 27.684051825066486], [112.22811406198355, 27.70095575082659], [112.2407296380061, 27.712602515676473], [112.24594916379641, 27.741153206286455], [112.23963603043029, 27.769703896896438], [112.22811406198355, 27.78034103759196], [112.19718844336505, 27.795412043833068], [112.19159441443259, 27.798254587506428], [112.16626282474655, 27.81638382963402], [112.13681283738055, 27.82680527811641], [112.13533720612807, 27.82775904970427], [112.10441158750956, 27.845148846851586], [112.08527848608819, 27.855355968726386], [112.0734859688911, 27.865045675049718], [112.05231177612679, 27.883906659336375], [112.0425603502726, 27.894848106372518], [112.03813281520324, 27.912457349946358], [112.03474162039711, 27.94100804055634], [112.0425603502726, 27.969142557867777], [112.04301114205504, 27.969558731166323], [112.049245295452, 27.99810942177631], [112.0425603502726, 28.026195337535633], [112.04244096897031, 28.026660112386292], [112.01163473165408, 28.04302696761031], [111.98070911303562, 28.0394671833628], [111.96176633198596, 28.026660112386292], [111.94978349441712, 28.01924071134231], [111.9272843940329, 27.99810942177631], [111.91885787579864, 27.991628785655845], [111.89645362216953, 27.969558731166323], [111.88793225718014, 27.958262040429837], [111.87147713275621, 27.94100804055634], [111.85782143522326, 27.912457349946358], [111.85700663856164, 27.910053189547313], [111.83923403267622, 27.883906659336372], [111.83515401173224, 27.855355968726393], [111.83549613137419, 27.82680527811641], [111.84178899288074, 27.798254587506424], [111.85700663856164, 27.780696688727573], [111.86856368797271, 27.769703896896438], [111.88793225718014, 27.754241892355843], [111.9186163958441, 27.741153206286455], [111.91885787579864, 27.74092111821492], [111.93772173957647, 27.712602515676473], [111.94978349441712, 27.70267093658115], [111.98070911303562, 27.68602079272716], [112.0116347316541, 27.68614553089362], [112.0425603502726, 27.688867783308147], [112.07348596889109, 27.688918550625758], [112.10441158750957, 27.68690899463812], [112.13533720612807, 27.685876346277993], [112.14444886704487, 27.684051825066486], [112.16626282474655, 27.673456452421327]]]}, "properties": {"fillColor": "#8A2BE2", "fillOpacity": 0.7, "color": "#000000", "weight": 0.2, "stroke": false}}, {"type": "Feature", "geometry": {"type": "Polygon", "coordinates": [[[117.76379979469345, 27.86322255337555], [117.79472541331195, 27.856915848140787], [117.82565103193043, 27.85712056472117], [117.85657665054893, 27.86282602474291], [117.88347807575548, 27.883906659336372], [117.88750226916743, 27.886125333657226], [117.91761630174705, 27.912457349946358], [117.9184278877859, 27.917429892583762], [117.92784646625807, 27.94100804055634], [117.92167147278433, 27.969558731166323], [117.91842788778592, 27.975941731686344], [117.91512356689469, 27.99810942177631], [117.89836391759638, 28.026660112386292], [117.88750226916744, 28.036329146557676], [117.85657665054893, 28.054108512827035], [117.8476207344653, 28.055210802996278], [117.82565103193045, 28.063260680950446], [117.79472541331194, 28.06057696617821], [117.77791256773517, 28.055210802996275], [117.76379979469345, 28.053876037219013], [117.73287417607497, 28.038750750636453], [117.72143185838843, 28.026660112386296], [117.70965087534658, 27.99810942177631], [117.70386568255199, 27.969558731166323], [117.70380410372795, 27.94100804055634], [117.7100826892609, 27.912457349946358], [117.73287417607497, 27.887692023580282], [117.73678831864095, 27.883906659336372], [117.76379979469345, 27.86322255337555]]]}, "properties": {"fillColor": "#8A2BE2", "fillOpacity": 0.7, "color": "#000000", "weight": 0.2, "stroke": false}}, {"type": "Feature", "geometry": {"type": "Polygon", "coordinates": [[[111.91885787579864, 28.074186186993458], [111.94978349441712, 28.06818045055911], [111.98070911303562, 28.06805582491733], [112.0116347316541, 28.06644833373302], [112.0425603502726, 28.069086422410685], [112.06370226461235, 28.08376149360626], [112.07348596889109, 28.089343903085066], [112.096759309695, 28.112312184216243], [112.1027119434223, 28.140862874826226], [112.10324780998789, 28.16941356543621], [112.10441158750957, 28.18788754968859], [112.11003090965586, 28.1979642560462], [112.11439400373428, 28.226514946656177], [112.11317498650848, 28.255065637266156], [112.10441158750957, 28.269507874798027], [112.1019570116968, 28.283616327876146], [112.07530694984604, 28.31216701848613], [112.07348596889108, 28.313848157495602], [112.0425603502726, 28.33587951642245], [112.01465722955707, 28.34071770909611], [112.0116347316541, 28.342707563772922], [111.98070911303562, 28.35021620528316], [111.9497834944171, 28.341328742689726], [111.94890365359923, 28.34071770909611], [111.91885787579864, 28.336262991087878], [111.88893169475745, 28.31216701848613], [111.88793225718014, 28.3116227076872], [111.85700663856164, 28.290670440034265], [111.84936574520204, 28.283616327876146], [111.83176298239705, 28.255065637266156], [111.82906693404207, 28.226514946656177], [111.83026252532251, 28.1979642560462], [111.83389374834535, 28.16941356543621], [111.83843832229417, 28.140862874826226], [111.85700663856164, 28.112619906429856], [111.85716696774007, 28.112312184216243], [111.88793225718014, 28.086591160536628], [111.9005033652451, 28.08376149360626], [111.91885787579864, 28.074186186993458]]]}, "properties": {"fillColor": "#8A2BE2", "fillOpacity": 0.7, "color": "#000000", "weight": 0.2, "stroke": false}}, {"type": "Feature", "geometry": {"type": "Polygon", "coordinates": [[[118.28953531120781, 28.178710658733042], [118.31025324529944, 28.1979642560462], [118.3063910433598, 28.226514946656177], [118.2895353112078, 28.242266064587305], [118.27660559751962, 28.226514946656177], [118.27628068081816, 28.1979642560462], [118.28953531120781, 28.178710658733042]]]}, "properties": {"fillColor": "#8A2BE2", "fillOpacity": 0.7, "color": "#000000", "weight": 0.2, "stroke": false}}, {"type": "Feature", "geometry": {"type": "Polygon", "coordinates": [[[130.41237780965633, 29.27322692544901], [130.44330342827482, 29.270119921762053], [130.47422904689333, 29.277163024688157], [130.49281295133792, 29.282890499225573], [130.5051546655118, 29.29082847760661], [130.53608028413032, 29.29421827959912], [130.5670059027488, 29.298292016738586], [130.5979315213673, 29.302820562173785], [130.61595186670894, 29.311441189835556], [130.5979315213673, 29.318198723271664], [130.5670059027488, 29.320199332819023], [130.53608028413032, 29.321038243825733], [130.5051546655118, 29.320843034372988], [130.4789131094203, 29.311441189835556], [130.47422904689333, 29.3047212484033], [130.44330342827482, 29.29622884570407], [130.41237780965633, 29.291785470017395], [130.40236038086113, 29.282890499225573], [130.41237780965633, 29.27322692544901]]]}, "properties": {"fillColor": "#8A2BE2", "fillOpacity": 0.7, "color": "#000000", "weight": 0.2, "stroke": false}}, {"type": "Feature", "geometry": {"type": "Polygon", "coordinates": [[[114.26920489080396, 5.72479060790278], [114.30013050942244, 5.721731118693688], [114.33105612804094, 5.727982160030935], [114.33233306789296, 5.728570745989058], [114.36198174665942, 5.736546038574013], [114.39290736527792, 5.752451080922862], [114.39979305743967, 5.757121436599041], [114.42383298389642, 5.767297958062995], [114.45119958499153, 5.7856721272090255], [114.4547586025149, 5.787235192515387], [114.4856842211334, 5.805721640993783], [114.49553155345265, 5.814222817819008], [114.51660983975188, 5.832735785285031], [114.52678989137195, 5.8427735084289925], [114.54753545837038, 5.870813873861213], [114.54800161969263, 5.871324199038976], [114.57138713954514, 5.8998748896489595], [114.57846107698887, 5.914084895114598], [114.59284958292443, 5.928425580258944], [114.60938669560736, 5.944424519204892], [114.62937833427534, 5.956976270868927], [114.64031231422585, 5.961959206697604], [114.67123793284435, 5.9740978290953715], [114.69950836527022, 5.985526961478911], [114.70216355146283, 5.986387305941365], [114.73308917008133, 5.9929318839845145], [114.76401478869981, 5.994732908528472], [114.78842195978928, 5.985526961478911], [114.79494040731831, 5.980561426620584], [114.80833169464842, 5.956976270868927], [114.81902643799887, 5.928425580258944], [114.82586602593682, 5.912217686969448], [114.8304026265238, 5.8998748896489595], [114.84699741789728, 5.871324199038975], [114.8567916445553, 5.861032335848323], [114.87999747182675, 5.8427735084289925], [114.88771726317378, 5.837914420998627], [114.91864288179227, 5.827839547064427], [114.94956850041078, 5.832223888019268], [114.96519547317166, 5.8427735084289925], [114.98049411902926, 5.864478813273541], [114.98641852019017, 5.871324199038977], [115.00672751953172, 5.8998748896489595], [115.01141973764774, 5.910473472504066], [115.01773075251465, 5.928425580258944], [115.01669774903152, 5.956976270868927], [115.01141973764774, 5.97112584650182], [115.0066392350003, 5.985526961478911], [114.9912429318611, 6.014077652088895], [114.98049411902926, 6.029529730729321], [114.97033838819581, 6.042628342698878], [114.94956850041076, 6.069244508561583], [114.94775138195432, 6.071179033308862], [114.92350709734265, 6.099729723918845], [114.91864288179225, 6.105704248127835], [114.89702101845648, 6.128280414528829], [114.88771726317378, 6.137896986552037], [114.86339363284115, 6.156831105138813], [114.85679164455529, 6.161135324953718], [114.8258660259368, 6.1714574581281125], [114.79494040731831, 6.175784289518624], [114.76401478869981, 6.17955802624628], [114.74052424802322, 6.185381795748796], [114.73308917008133, 6.199892072236643], [114.72985339817308, 6.213932486358781], [114.73308917008131, 6.222825097815344], [114.73776383484804, 6.242483176968763], [114.74746514530943, 6.271033867578748], [114.75712147677599, 6.299584558188731], [114.76401478869981, 6.320926849694063], [114.76675331544266, 6.328135248798715], [114.77537343459255, 6.356685939408698], [114.77786538738562, 6.385236630018682], [114.77468907496579, 6.413787320628666], [114.76674646876748, 6.44233801123865], [114.7640147886998, 6.449175739692572], [114.75864106013549, 6.470888701848633], [114.74948679261078, 6.4994393924586165], [114.73717934919425, 6.527990083068599], [114.73308917008134, 6.536128603672562], [114.7247291700364, 6.556540773678584], [114.71169219240832, 6.585091464288567], [114.70216355146283, 6.604946619779705], [114.6993241366183, 6.613642154898551], [114.69372091391405, 6.642192845508535], [114.69187636479352, 6.670743536118518], [114.69291961586075, 6.699294226728503], [114.69583262731892, 6.727844917338485], [114.70038379013202, 6.75639560794847], [114.70216355146283, 6.763622339136359], [114.71115469867736, 6.784946298558453], [114.72077975937974, 6.813496989168437], [114.72722085846763, 6.842047679778419], [114.73073409730331, 6.870598370388404], [114.73148747955696, 6.899149060998388], [114.7293924558132, 6.927699751608372], [114.72408857755049, 6.956250442218355], [114.71468500215198, 6.984801132828339], [114.70216355146283, 7.00872847035276], [114.69971798390303, 7.013351823438322], [114.68169100877219, 7.0419025140483065], [114.67123793284435, 7.055220720088616], [114.65756437188584, 7.070453204658289], [114.64031231422585, 7.088181681468315], [114.62823819306432, 7.0990038952682735], [114.60938669560736, 7.1154006838404555], [114.59222031318436, 7.127554585878257], [114.57846107698887, 7.137704323321865], [114.54753545837038, 7.15510464986985], [114.54517048852536, 7.1561052764882405], [114.51660983975188, 7.171478036633307], [114.49872876793624, 7.184655967098225], [114.4856842211334, 7.196026744603881], [114.47471266658316, 7.2132066577082075], [114.4547586025149, 7.240473265518568], [114.45410125800215, 7.241757348318192], [114.44247195651421, 7.270308038928175], [114.43483505078461, 7.298858729538159], [114.4370352642153, 7.327409420148142], [114.4449330743654, 7.355960110758126], [114.4547586025149, 7.380996337220494], [114.45787454086789, 7.38451080136811], [114.48568422113338, 7.411383221736685], [114.48801406559032, 7.413061491978093], [114.51660983975188, 7.434599819488992], [114.52484516457464, 7.441612182588077], [114.54753545837039, 7.46707593313192], [114.55024201854094, 7.470162873198061], [114.56796664922311, 7.498713563808044], [114.57846107698887, 7.518084896642364], [114.584877245325, 7.527264254418029], [114.60050730506569, 7.555814945028011], [114.60938669560736, 7.575058585223738], [114.61322702351129, 7.584365635637996], [114.62165364012094, 7.61291632624798], [114.63054408424107, 7.641467016857963], [114.64031231422585, 7.667200387931006], [114.64098812488456, 7.670017707467947], [114.64986561569913, 7.69856839807793], [114.65970487221708, 7.727119088687914], [114.67123793284435, 7.749699708741], [114.6734333308385, 7.7556697792978975], [114.68561718310067, 7.784220469907881], [114.70216355146283, 7.81052081453909], [114.70323137577708, 7.812771160517864], [114.71314192150774, 7.841321851127848], [114.71163892431635, 7.869872541737833], [114.70216355146283, 7.876519914879214], [114.68826232971527, 7.869872541737832], [114.67123793284435, 7.860100810381976], [114.65228505796625, 7.841321851127848], [114.64031231422585, 7.8290730542511735], [114.62459008545142, 7.8127711605178645], [114.60938669560736, 7.79768267953364], [114.59381474566334, 7.784220469907881], [114.57846107698887, 7.770777219479802], [114.55783494850807, 7.7556697792978975], [114.54753545837036, 7.746875080337478], [114.51988738404955, 7.727119088687914], [114.51660983975188, 7.723890985941727], [114.48569599527193, 7.69856839807793], [114.4856842211334, 7.6985530309859955], [114.4547586025149, 7.670669508777038], [114.45347988877916, 7.670017707467946], [114.42383298389643, 7.6497087478977335], [114.39290736527792, 7.644643787131061], [114.37742334469428, 7.641467016857963], [114.36198174665942, 7.638541758672469], [114.33105612804096, 7.625406885283274], [114.3120013269481, 7.612916326247979], [114.30013050942244, 7.601549400822145], [114.2887330543451, 7.584365635637996], [114.28579052714389, 7.555814945028011], [114.30013050942244, 7.54458468348099], [114.33105612804094, 7.545531175181895], [114.36198174665944, 7.548864772682649], [114.39290736527792, 7.540353416052804], [114.40242240636466, 7.527264254418029], [114.39992597615185, 7.498713563808044], [114.39290736527792, 7.4929809503754985], [114.36198174665944, 7.480073225515648], [114.33245580456676, 7.470162873198061], [114.33105612804094, 7.470035809642636], [114.30013050942244, 7.466432047683086], [114.26920489080396, 7.460416814428299], [114.23827927218547, 7.445524672107613], [114.23392677422927, 7.441612182588077], [114.20735365356697, 7.431072144930613], [114.18299443092225, 7.413061491978093], [114.17642803494849, 7.410828845076579], [114.14550241632998, 7.3954577346366275], [114.13175336379348, 7.38451080136811], [114.11457679771152, 7.375650068975778], [114.09173329344368, 7.355960110758126], [114.08365117909301, 7.347727509027688], [114.06646912982075, 7.3274094201481415], [114.05510988917464, 7.298858729538159], [114.05272556047451, 7.286354990585149], [114.04641175127941, 7.270308038928175], [114.0395209337999, 7.241757348318192], [114.0361187283055, 7.2132066577082075], [114.0351039440022, 7.184655967098225], [114.03753731702594, 7.1561052764882405], [114.04344155597195, 7.127554585878257], [114.05046659853086, 7.0990038952682735], [114.05272556047451, 7.0866589460784795], [114.0541647540258, 7.070453204658289], [114.05644119418778, 7.0419025140483065], [114.05919136327962, 7.013351823438322], [114.06178092293584, 6.984801132828339], [114.06348230738064, 6.956250442218355], [114.06405298780551, 6.9276997516083725], [114.0635964530698, 6.899149060998388], [114.06240194933896, 6.870598370388404], [114.06160820063194, 6.842047679778421], [114.06201098787875, 6.813496989168437], [114.06392738609787, 6.784946298558453], [114.06680128130091, 6.75639560794847], [114.06976978653748, 6.727844917338485], [114.0722600990415, 6.699294226728503], [114.07386398543744, 6.670743536118518], [114.07372795399046, 6.642192845508534], [114.07081813101314, 6.613642154898551], [114.06555628501224, 6.585091464288567], [114.05978437989015, 6.556540773678584], [114.05384816119764, 6.5279900830686], [114.05272556047451, 6.522642720357377], [114.04508344150327, 6.499439392458617], [114.03772731379397, 6.470888701848633], [114.03279678800224, 6.442338011238649], [114.02858949555794, 6.413787320628666], [114.0230645372252, 6.385236630018682], [114.02179994185605, 6.377199357231924], [113.99646456578465, 6.356685939408698], [113.99087432323753, 6.353703142471453], [113.98818605511033, 6.356685939408698], [113.95994870461905, 6.367295999963403], [113.92902308600056, 6.380157191590358], [113.91141584592543, 6.385236630018682], [113.89809746738206, 6.38862522021582], [113.86717184876356, 6.3855840127336005], [113.8665594541873, 6.385236630018681], [113.83782280894796, 6.356685939408698], [113.83624623014508, 6.353636431824445], [113.8335657407129, 6.328135248798715], [113.83180786485838, 6.299584558188731], [113.83087842163232, 6.271033867578748], [113.83060921154862, 6.242483176968764], [113.83088051637823, 6.213932486358781], [113.83156240847117, 6.185381795748796], [113.83254237567387, 6.156831105138813], [113.83376921843652, 6.128280414528829], [113.83527057306927, 6.099729723918845], [113.83624623014508, 6.098828992274431], [113.86297223656535, 6.071179033308862], [113.86513376586292, 6.042628342698877], [113.86717184876358, 6.019391616385205], [113.87007086751696, 6.014077652088894], [113.88858658634595, 5.985526961478911], [113.89809746738206, 5.972662320450043], [113.91873482962222, 5.956976270868927], [113.92902308600057, 5.946349162474014], [113.95994870461905, 5.935511900019248], [113.96528837834413, 5.928425580258944], [113.96516704181415, 5.8998748896489595], [113.96399893856088, 5.871324199038976], [113.9689891179572, 5.8427735084289925], [113.98362752331612, 5.814222817819008], [113.99087432323753, 5.806589966328408], [114.01349361987705, 5.7856721272090255], [114.02179994185605, 5.7803956534849945], [114.0527255604745, 5.768486082724159], [114.08365117909301, 5.7678802795336015], [114.1145767977115, 5.778055433677605], [114.1294891236909, 5.7856721272090255], [114.14550241632999, 5.793859778061902], [114.17642803494847, 5.8096622691792055], [114.20735365356697, 5.790437588967013], [114.20854877623061, 5.7856721272090255], [114.2211704522234, 5.757121436599041], [114.23827927218548, 5.740231631430639], [114.25957708105538, 5.728570745989058], [114.26920489080396, 5.72479060790278]]]}, "properties": {"fillColor": "#0000FF", "fillOpacity": 0.7, "color": "#000000", "weight": 0.2, "stroke": false}}, {"type": "Feature", "geometry": {"type": "Polygon", "coordinates": [[[114.27903034226588, 5.757121436599041], [114.26920489080398, 5.763254569376774], [114.25247181761978, 5.7856721272090255], [114.24841081088863, 5.81422281781901], [114.25084832195043, 5.8427735084289925], [114.24999462131677, 5.871324199038975], [114.23922475300634, 5.8998748896489595], [114.23827927218548, 5.901220530562009], [114.20735365356697, 5.9100632778442606], [114.18253591697251, 5.8998748896489595], [114.17642803494849, 5.896765861735186], [114.14550241632999, 5.880710163244608], [114.11457679771152, 5.8794254179284815], [114.0993354377359, 5.8998748896489595], [114.0998728223839, 5.928425580258944], [114.1048269604528, 5.956976270868927], [114.11195211372424, 5.985526961478911], [114.11457679771149, 5.991062526530463], [114.12221985522275, 6.014077652088895], [114.13555806496737, 6.042628342698878], [114.14550241632999, 6.057749065613771], [114.15084701011945, 6.071179033308862], [114.16401245809696, 6.099729723918845], [114.17642803494849, 6.120994250959494], [114.17891887825564, 6.128280414528829], [114.18695152555739, 6.156831105138812], [114.19293724157393, 6.185381795748796], [114.1865065195638, 6.213932486358781], [114.17642803494849, 6.222515421610227], [114.14550241632999, 6.2262140744157195], [114.11716148971426, 6.242483176968763], [114.1145767977115, 6.24529808597763], [114.10404690170444, 6.271033867578748], [114.09847360443163, 6.299584558188732], [114.09398045425417, 6.328135248798715], [114.0890631726111, 6.356685939408698], [114.08418485461738, 6.3852366300186825], [114.08365117909301, 6.388769267855539], [114.07909954410172, 6.413787320628666], [114.07584728478793, 6.442338011238649], [114.07560624365578, 6.470888701848633], [114.08002557436821, 6.4994393924586165], [114.08365117909301, 6.511055786566228], [114.08747070086164, 6.5279900830686], [114.09390471522266, 6.556540773678584], [114.09988966443566, 6.585091464288567], [114.10464051219317, 6.613642154898551], [114.10722436866112, 6.642192845508535], [114.10747362890035, 6.670743536118518], [114.10600251085575, 6.699294226728503], [114.10353408224806, 6.727844917338485], [114.10039763635311, 6.75639560794847], [114.09664124657616, 6.784946298558453], [114.09280964104997, 6.813496989168437], [114.08989328397737, 6.84204767977842], [114.08820651824236, 6.870598370388404], [114.08722236043914, 6.899149060998388], [114.0858801777613, 6.9276997516083725], [114.08459487919332, 6.956250442218355], [114.08365117909301, 6.975185256196744], [114.08275117940127, 6.984801132828339], [114.07927522090826, 7.013351823438322], [114.07585515763857, 7.0419025140483065], [114.07263497352807, 7.070453204658289], [114.06813565747416, 7.0990038952682735], [114.0619684482935, 7.127554585878258], [114.05652267022334, 7.15610527648824], [114.05392533296802, 7.184655967098225], [114.05396428954623, 7.2132066577082075], [114.05559069267018, 7.241757348318192], [114.05977306775986, 7.270308038928176], [114.06879781225709, 7.298858729538159], [114.083651179093, 7.320667576369146], [114.0881015423837, 7.327409420148142], [114.11457679771152, 7.352907164848583], [114.11972012608061, 7.355960110758126], [114.14550241632999, 7.373737542064295], [114.17642803494849, 7.384034667171708], [114.17860938166912, 7.38451080136811], [114.20735365356697, 7.3977993998802045], [114.23827927218548, 7.406909391912974], [114.26920489080396, 7.4130231171436884], [114.26954498598595, 7.413061491978093], [114.30013050942244, 7.419587258506356], [114.33105612804094, 7.4202679429005975], [114.35989473579835, 7.413061491978093], [114.36198174665942, 7.412685524930995], [114.39290736527792, 7.396712003058781], [114.40243983204897, 7.38451080136811], [114.40806437169205, 7.355960110758126], [114.40766611457687, 7.327409420148142], [114.40788301002351, 7.298858729538159], [114.41433712488089, 7.270308038928175], [114.42383298389642, 7.244550970783544], [114.42547994779007, 7.241757348318192], [114.44382857788091, 7.2132066577082075], [114.45475860251489, 7.19407561290823], [114.46201687864394, 7.184655967098225], [114.48345306374084, 7.1561052764882405], [114.4856842211334, 7.153375394236599], [114.51660983975188, 7.130428391386596], [114.52233319014911, 7.127554585878257], [114.54753545837036, 7.1155111597093], [114.57370893964507, 7.0990038952682735], [114.57846107698886, 7.095894798155745], [114.60853035894587, 7.070453204658289], [114.60938669560736, 7.069640570313131], [114.63740035433365, 7.041902514048307], [114.64031231422585, 7.038683440475182], [114.66222387899538, 7.013351823438322], [114.67123793284435, 7.001675883386019], [114.68174793498423, 6.9848011328283395], [114.69499625582075, 6.956250442218355], [114.70216355146283, 6.932072659983891], [114.70341473926767, 6.927699751608372], [114.70740498152219, 6.899149060998388], [114.70682712884452, 6.870598370388404], [114.70216355146283, 6.844701428263494], [114.70177617491885, 6.84204767977842], [114.6950106442731, 6.813496989168437], [114.68689311966256, 6.784946298558453], [114.67916040237421, 6.75639560794847], [114.67295236195773, 6.727844917338485], [114.67123793284435, 6.717219579441755], [114.66919911674624, 6.699294226728503], [114.66718359409904, 6.6707435361185174], [114.66682008817818, 6.642192845508535], [114.6691970695332, 6.613642154898551], [114.67123793284435, 6.604232977975726], [114.67672498709038, 6.585091464288567], [114.68850788192981, 6.556540773678584], [114.70216355146283, 6.530764766426875], [114.70355581818103, 6.5279900830686], [114.71665179294146, 6.4994393924586165], [114.72711942889975, 6.470888701848633], [114.73308917008134, 6.449176156148323], [114.73514355320695, 6.4423380112386495], [114.7397284505549, 6.413787320628666], [114.73941066101152, 6.385236630018682], [114.73330247966715, 6.356685939408698], [114.73308917008133, 6.356093682729521], [114.71949476113821, 6.328135248798715], [114.70237077305119, 6.299584558188731], [114.70216355146283, 6.29925287908406], [114.67123793284435, 6.2858478952740935], [114.65673715685602, 6.299584558188731], [114.64031231422585, 6.318840123642927], [114.63460206957026, 6.328135248798715], [114.61434516741542, 6.356685939408698], [114.60938669560737, 6.364033561077413], [114.57846107698886, 6.359081383627406], [114.57774065666396, 6.356685939408698], [114.56068734453808, 6.328135248798715], [114.54753545837038, 6.313726866807244], [114.54045281622831, 6.29958455818873], [114.53013488516481, 6.271033867578748], [114.52338922998175, 6.242483176968763], [114.52781134094519, 6.213932486358781], [114.54753545837036, 6.193228258359888], [114.56206801831031, 6.185381795748796], [114.57846107698887, 6.177002333735079], [114.60431784503551, 6.156831105138813], [114.60938669560736, 6.15010821563749], [114.62877635882283, 6.128280414528829], [114.64031231422585, 6.120729670825715], [114.67123793284435, 6.117030530002611], [114.70216355146283, 6.120259811066176], [114.73308917008133, 6.123333831715544], [114.7640147886998, 6.121565753572848], [114.79494040731831, 6.106346798620502], [114.80323586546177, 6.099729723918845], [114.80265015406005, 6.071179033308862], [114.79494040731831, 6.06583577593887], [114.76754874108138, 6.042628342698878], [114.76401478869981, 6.041471698649004], [114.73308917008133, 6.026812327276815], [114.70424307781187, 6.014077652088894], [114.70216355146283, 6.0133000421353575], [114.67123793284435, 6.000143999711625], [114.64031231422585, 5.987406811952022], [114.63637451541905, 5.985526961478911], [114.60938669560736, 5.971504762412513], [114.59287391252538, 5.956976270868927], [114.57846107698887, 5.943237194613335], [114.57162303109858, 5.928425580258944], [114.55306127372594, 5.8998748896489595], [114.54753545837039, 5.8931979252265965], [114.53473841434268, 5.871324199038977], [114.51660983975188, 5.852031007893919], [114.5076122765731, 5.8427735084289925], [114.4856842211334, 5.822920458945822], [114.47142245903908, 5.81422281781901], [114.4547586025149, 5.801921007048045], [114.42383298389642, 5.78744350749642], [114.41892617227718, 5.7856721272090255], [114.39290736527792, 5.770674567971559], [114.36198174665942, 5.759458057209912], [114.3513413527964, 5.757121436599041], [114.33105612804093, 5.749997839216058], [114.30013050942244, 5.749259721692421], [114.27903034226588, 5.757121436599041]]]}, "properties": {"fillColor": "#0000FF", "fillOpacity": 0.7, "color": "#000000", "weight": 0.2, "stroke": false}}, {"type": "Feature", "geometry": {"type": "Polygon", "coordinates": [[[114.8841714729093, 5.928425580258944], [114.88771726317378, 5.937751268930127], [114.89285914035096, 5.928425580258944], [114.88771726317378, 5.904339365462016], [114.8841714729093, 5.928425580258944]]]}, "properties": {"fillColor": "#0000FF", "fillOpacity": 0.7, "color": "#000000", "weight": 0.2, "stroke": false}}, {"type": "Feature", "geometry": {"type": "Polygon", "coordinates": [[[124.59836150938, 6.066594501261669], [124.62928712799848, 6.061975977877203], [124.66021274661699, 6.064895692749451], [124.67576091575299, 6.071179033308862], [124.69113836523547, 6.075099132608324], [124.71938937934414, 6.099729723918845], [124.72206398385396, 6.106198875633532], [124.73385839199925, 6.128280414528829], [124.73577459193338, 6.156831105138812], [124.72998360205128, 6.185381795748796], [124.72206398385397, 6.199686781800862], [124.71642595642804, 6.213932486358781], [124.69113836523547, 6.239257698646846], [124.68381998808158, 6.242483176968763], [124.66021274661699, 6.254686188623609], [124.62928712799848, 6.257690373318795], [124.59836150938001, 6.2517849503688705], [124.58239647554643, 6.242483176968763], [124.56743589076152, 6.234508236647958], [124.54753358341173, 6.213932486358781], [124.5375198192618, 6.185381795748796], [124.53651027214302, 6.171402570270727], [124.53397196488582, 6.156831105138813], [124.53651027214303, 6.144918790925013], [124.53776615652855, 6.128280414528829], [124.54701130732917, 6.099729723918845], [124.56743589076152, 6.078567053187158], [124.58888180598257, 6.071179033308862], [124.59836150938, 6.066594501261669]]]}, "properties": {"fillColor": "#0000FF", "fillOpacity": 0.7, "color": "#000000", "weight": 0.2, "stroke": false}}, {"type": "Feature", "geometry": {"type": "Polygon", "coordinates": [[[124.56651983065466, 6.099729723918845], [124.54881841769954, 6.128280414528829], [124.54581592149508, 6.156831105138812], [124.55045471664496, 6.185381795748796], [124.56743589076152, 6.211756701817164], [124.56902672878886, 6.213932486358781], [124.59836150938, 6.235626565756276], [124.6292871279985, 6.2407477998835335], [124.66021274661698, 6.238034567508221], [124.69113836523547, 6.219849059975155], [124.69704614966665, 6.213932486358781], [124.71500479657053, 6.185381795748796], [124.7190467616369, 6.156831105138813], [124.71694521363855, 6.128280414528829], [124.700092150968, 6.099729723918845], [124.69113836523547, 6.091923383367256], [124.66021274661699, 6.078772537575609], [124.6292871279985, 6.076686168106954], [124.59836150938, 6.081044385552541], [124.56743589076152, 6.098780559962763], [124.56651983065466, 6.099729723918845]]]}, "properties": {"fillColor": "#0000FF", "fillOpacity": 0.7, "color": "#000000", "weight": 0.2, "stroke": false}}, {"type": "Feature", "geometry": {"type": "Polygon", "coordinates": [[[124.81484083970945, 7.840633907395619], [124.84576645832793, 7.8200381417375695], [124.87669207694643, 7.817568363895939], [124.90761769556491, 7.820565960057307], [124.93854331418342, 7.829339185946351], [124.95762465230302, 7.841321851127848], [124.9694689328019, 7.847695443901702], [124.99255847137762, 7.869872541737832], [125.00039455142038, 7.888894505214905], [125.00638552297693, 7.898423232347815], [125.01528725728582, 7.926973922957799], [125.01726103575015, 7.955524613567783], [125.01349596046475, 7.984075304177766], [125.00039455142038, 8.009381673396101], [124.99923079996496, 8.01262599478775], [124.9694689328019, 8.039211503993595], [124.95991463181602, 8.041176685397733], [124.93854331418339, 8.048693124601371], [124.90761769556491, 8.047944997080979], [124.88712674953148, 8.041176685397733], [124.87669207694643, 8.04015971591529], [124.84576645832793, 8.033012265051372], [124.8194629176742, 8.01262599478775], [124.81484083970943, 8.006053508891322], [124.79809738506273, 7.984075304177766], [124.79065384620415, 7.955524613567782], [124.78904884127027, 7.926973922957799], [124.79088093422025, 7.898423232347815], [124.79651989136715, 7.869872541737832], [124.81419296793013, 7.841321851127848], [124.81484083970945, 7.840633907395619]]]}, "properties": {"fillColor": "#0000FF", "fillOpacity": 0.7, "color": "#000000", "weight": 0.2, "stroke": false}}, {"type": "Feature", "geometry": {"type": "Polygon", "coordinates": [[[124.8454205254037, 7.841321851127848], [124.81726413406412, 7.869872541737832], [124.81484083970945, 7.876506081007402], [124.80539819494834, 7.898423232347815], [124.7993143144704, 7.926973922957799], [124.80157940985507, 7.955524613567784], [124.81484083970945, 7.9820107574247885], [124.81549670561617, 7.984075304177766], [124.83653418405035, 8.01262599478775], [124.84576645832793, 8.019781367558604], [124.87669207694643, 8.033251704011256], [124.90761769556492, 8.037233707543608], [124.9385433141834, 8.03655775690881], [124.9694689328019, 8.025478239520062], [124.98385672569721, 8.01262599478775], [124.99752339808491, 7.984075304177766], [125.00006155883858, 7.955524613567783], [124.99902554320599, 7.926973922957799], [124.99366202206917, 7.898423232347816], [124.97372569255694, 7.869872541737832], [124.9694689328019, 7.865783998467777], [124.9385433141834, 7.84475298591806], [124.92274600459919, 7.841321851127848], [124.90761769556491, 7.835244387984284], [124.87669207694643, 7.832342079556964], [124.84576645832793, 7.841087347729638], [124.8454205254037, 7.841321851127848]]]}, "properties": {"fillColor": "#0000FF", "fillOpacity": 0.7, "color": "#000000", "weight": 0.2, "stroke": false}}, {"type": "Feature", "geometry": {"type": "Polygon", "coordinates": [[[126.14464244030455, 8.353516016188212], [126.159981023114, 8.355234282107553], [126.17556805892305, 8.356122037461489], [126.20649367754154, 8.366586116915869], [126.22890142942089, 8.383784972717539], [126.23741929616003, 8.390646437436285], [126.26145617866176, 8.412335663327521], [126.26834491477852, 8.418589959058682], [126.29612979792125, 8.440886353937504], [126.29927053339702, 8.443186937201373], [126.3301961520155, 8.462581631861774], [126.34304951846336, 8.469437044547488], [126.36112177063399, 8.475914048694959], [126.3920473892525, 8.477974343718685], [126.42297300787098, 8.472348760552523], [126.43161981590312, 8.469437044547488], [126.45389862648948, 8.458226872659104], [126.48482424510796, 8.443809726408878], [126.49222878800087, 8.440886353937504], [126.51574986372644, 8.427796167814625], [126.54667548234497, 8.424594990516828], [126.57760110096342, 8.427782642891627], [126.60852671958192, 8.438050285887991], [126.61373198734103, 8.440886353937504], [126.63945233820041, 8.459432476388766], [126.65394777547905, 8.469437044547488], [126.67037795681891, 8.4808362077216], [126.70130357543741, 8.48344835557793], [126.73222919405589, 8.481366150920755], [126.76315481267439, 8.486780938864602], [126.77620848266494, 8.497987735157473], [126.79408043129288, 8.515829951914592], [126.81251772971196, 8.526538425767455], [126.82500604991137, 8.533913891728321], [126.85593166852986, 8.554852458991597], [126.85629184501315, 8.55508911637744], [126.88685728714835, 8.578699151845836], [126.89413809148428, 8.583639806987424], [126.91778290576684, 8.605018639690925], [126.92618915471886, 8.612190497597407], [126.94622175155592, 8.64074118820739], [126.94870852438532, 8.646589093722605], [126.95714186477183, 8.669291878817376], [126.9631323766385, 8.697842569427358], [126.96711533907828, 8.72639326003734], [126.97011021331735, 8.754943950647325], [126.97270118677505, 8.78349464125731], [126.97568688479605, 8.812045331867292], [126.97963414300382, 8.837190162916], [126.98038689855284, 8.840596022477277], [126.98982365827754, 8.869146713087261], [127.00338196815196, 8.897697403697244], [127.01055976162232, 8.908458221539298], [127.02672008191946, 8.926248094307226], [127.0414853802408, 8.939501187456614], [127.0640566221889, 8.95479878491721], [127.0724109988593, 8.959917118655197], [127.1033366174778, 8.977067731636138], [127.1125085020101, 8.983349475527195], [127.13426223609628, 8.999068167125891], [127.14691364884544, 9.011900166137178], [127.16518785471477, 9.036566955196074], [127.16766241853131, 9.040450856747164], [127.18022907259964, 9.069001547357146], [127.18686378888543, 9.097552237967129], [127.18865519077175, 9.126102928577112], [127.18431464755726, 9.154653619187096], [127.16827576320256, 9.18320430979708], [127.16518785471477, 9.18597881057728], [127.13426223609628, 9.198695227756115], [127.1033366174778, 9.209063416988299], [127.08864086760912, 9.211755000407063], [127.0724109988593, 9.214474822858238], [127.0566898515186, 9.211755000407063], [127.0414853802408, 9.209956446546121], [127.01055976162232, 9.195354361944169], [126.99707158407476, 9.18320430979708], [126.9796341430038, 9.166932237607714], [126.96888227768724, 9.154653619187096], [126.94906617472992, 9.126102928577112], [126.94870852438532, 9.125564255934343], [126.92829235404412, 9.097552237967129], [126.91778290576684, 9.079262912970442], [126.90952438372207, 9.069001547357146], [126.89024909654248, 9.040450856747162], [126.88685728714835, 9.035120394693921], [126.86755965571794, 9.011900166137178], [126.85593166852988, 8.99600104771017], [126.84427364783993, 8.983349475527195], [126.82500604991137, 8.961514316573812], [126.81794001448276, 8.95479878491721], [126.79408043129287, 8.934554716338887], [126.78313111090819, 8.926248094307226], [126.76315481267437, 8.914360502286737], [126.73732941088292, 8.897697403697244], [126.73222919405589, 8.89510810560983], [126.70130357543741, 8.874515384233693], [126.69496696447337, 8.869146713087261], [126.6703779568189, 8.846642148565016], [126.66441306118556, 8.840596022477277], [126.641771081154, 8.812045331867292], [126.63945233820041, 8.807880669904147], [126.6225760506264, 8.78349464125731], [126.6120780305892, 8.754943950647325], [126.60852671958193, 8.737497891671357], [126.59525469014963, 8.72639326003734], [126.57760110096343, 8.71752834665394], [126.56895833001926, 8.72639326003734], [126.54667548234495, 8.737084114357556], [126.51835299455098, 8.754943950647325], [126.51574986372646, 8.756612146530525], [126.48482424510796, 8.776399716127466], [126.46102997458152, 8.78349464125731], [126.45389862648948, 8.786546782131444], [126.42297300787098, 8.791061172446714], [126.3920473892525, 8.78838471691341], [126.36381209073882, 8.78349464125731], [126.361121770634, 8.783218252931942], [126.35689615458207, 8.78349464125731], [126.33019615201549, 8.786889577906637], [126.29927053339702, 8.80691483001987], [126.29355158333863, 8.812045331867292], [126.26834491477851, 8.83401789252623], [126.25741331155787, 8.840596022477277], [126.23741929616003, 8.85507002516825], [126.20649367754154, 8.867423297445015], [126.20192903381503, 8.869146713087261], [126.17556805892306, 8.88388058532869], [126.14464244030457, 8.891129031912588], [126.11371682168607, 8.89053293815288], [126.08279120306759, 8.887752268845986], [126.05186558444908, 8.882126109565306], [126.02807016421269, 8.869146713087261], [126.02093996583059, 8.865265283902392], [125.99620962061934, 8.840596022477277], [125.99001434721211, 8.82803359495915], [125.98064295456206, 8.812045331867292], [125.97275390328842, 8.78349464125731], [125.97101760209691, 8.754943950647325], [125.97352195939548, 8.72639326003734], [125.97785965132627, 8.697842569427358], [125.97965560111314, 8.669291878817374], [125.97270155257321, 8.64074118820739], [125.96508731875895, 8.612190497597407], [125.96599744158878, 8.583639806987424], [125.98427085891838, 8.55508911637744], [125.99001434721211, 8.55079082542364], [126.02093996583059, 8.52870397078475], [126.02326226351828, 8.526538425767455], [126.04012049311362, 8.497987735157473], [126.04658806114142, 8.469437044547488], [126.05186558444909, 8.447624423865085], [126.05264643295367, 8.440886353937504], [126.06051748650074, 8.412335663327521], [126.08087791730452, 8.383784972717539], [126.08279120306759, 8.381841352028331], [126.11371682168607, 8.359949657792626], [126.13871387993328, 8.355234282107554], [126.14464244030455, 8.353516016188212]]]}, "properties": {"fillColor": "#0000FF", "fillOpacity": 0.7, "color": "#000000", "weight": 0.2, "stroke": false}}, {"type": "Feature", "geometry": {"type": "Polygon", "coordinates": [[[126.1143500623083, 8.383784972717539], [126.11371682168607, 8.384019350122637], [126.08511957310681, 8.412335663327521], [126.08279120306759, 8.417352048945228], [126.07105336355963, 8.440886353937504], [126.0658285475283, 8.469437044547488], [126.06432311786494, 8.497987735157473], [126.0590254995005, 8.526538425767455], [126.05186558444909, 8.538517335118854], [126.03405974093639, 8.555089116377438], [126.02093996583059, 8.56719427599598], [126.00566022760074, 8.583639806987424], [125.99893082095409, 8.612190497597407], [126.00640148424007, 8.64074118820739], [126.009394233363, 8.669291878817374], [126.00310521396943, 8.697842569427358], [125.99697232762169, 8.72639326003734], [125.99374864305861, 8.754943950647325], [125.99499203358154, 8.78349464125731], [126.00267361827272, 8.812045331867292], [126.02093996583059, 8.83738837544661], [126.02397920382874, 8.840596022477277], [126.05186558444908, 8.860298817313321], [126.08279120306759, 8.867258246397492], [126.10485985200954, 8.869146713087261], [126.11371682168607, 8.870421945237709], [126.14464244030457, 8.86961771013424], [126.14601130445307, 8.869146713087261], [126.17556805892305, 8.86203965520825], [126.20649367754154, 8.84854589127438], [126.22068489311118, 8.840596022477277], [126.23741929616003, 8.833683175889004], [126.26681922344204, 8.812045331867292], [126.26834491477852, 8.810955216632797], [126.29855903551056, 8.78349464125731], [126.29927053339702, 8.78281441947637], [126.3301961520155, 8.765336171681604], [126.361121770634, 8.761733514752661], [126.3920473892525, 8.766781095542658], [126.42297300787098, 8.769938972399876], [126.45389862648946, 8.766430913449625], [126.47854627786066, 8.754943950647325], [126.48482424510796, 8.752382555354899], [126.51574986372646, 8.730264606240219], [126.52095290144361, 8.72639326003734], [126.54598836637757, 8.697842569427358], [126.54667548234495, 8.69279162736528], [126.55136583178145, 8.669291878817374], [126.54667548234495, 8.642965659943128], [126.54647965569862, 8.64074118820739], [126.54667548234495, 8.639766998744234], [126.5577133850552, 8.612190497597407], [126.57604340941839, 8.583639806987424], [126.57760110096343, 8.580823523818886], [126.60852671958193, 8.567238634519905], [126.61384958827003, 8.583639806987424], [126.63831110951234, 8.612190497597407], [126.63945233820041, 8.613054840323025], [126.67037795681891, 8.639089136318796], [126.67223460282392, 8.64074118820739], [126.68503982899196, 8.669291878817374], [126.67573650454933, 8.697842569427358], [126.67037795681891, 8.70024445576451], [126.64648079914082, 8.72639326003734], [126.64127545257715, 8.754943950647325], [126.64851664320852, 8.78349464125731], [126.66837189365899, 8.812045331867292], [126.67037795681891, 8.814339533991706], [126.69514514473586, 8.840596022477277], [126.70130357543741, 8.84625220014573], [126.73222919405589, 8.867392966127472], [126.73702604769113, 8.869146713087261], [126.76315481267437, 8.882458907661146], [126.79408043129288, 8.897550651485748], [126.7943189129508, 8.897697403697244], [126.82500604991137, 8.919339445899437], [126.83176048020567, 8.926248094307226], [126.85593166852986, 8.9521857345061], [126.85788637559344, 8.95479878491721], [126.87938187683646, 8.983349475527195], [126.88685728714835, 8.992981669141674], [126.89881348020239, 9.011900166137178], [126.91778290576686, 9.040283989026474], [126.91787369025288, 9.040450856747162], [126.93434998787347, 9.069001547357146], [126.94870852438532, 9.090121525725976], [126.95341903054833, 9.097552237967129], [126.97346746760103, 9.126102928577112], [126.97963414300382, 9.133604961506812], [127.00113058770664, 9.154653619187096], [127.01055976162232, 9.163421434287889], [127.0414853802408, 9.178173823285178], [127.07241099885931, 9.176140366438425], [127.0986583572069, 9.154653619187096], [127.1033366174778, 9.134395434606926], [127.10706186480114, 9.126102928577112], [127.11069930309306, 9.097552237967129], [127.10933689622779, 9.069001547357146], [127.1033366174778, 9.059994794987562], [127.08411449467093, 9.040450856747162], [127.0724109988593, 9.03330422905836], [127.0414853802408, 9.013237207589992], [127.0406397324388, 9.011900166137178], [127.01055976162232, 8.985463102003255], [127.00881651070476, 8.983349475527195], [126.97997076178481, 8.95479878491721], [126.97963414300382, 8.95439474437071], [126.95968258514766, 8.926248094307226], [126.94870852438531, 8.900738795280532], [126.94742635442789, 8.897697403697244], [126.94127244797744, 8.869146713087261], [126.93753743758394, 8.840596022477275], [126.93434875352833, 8.812045331867292], [126.93025174141852, 8.78349464125731], [126.9234897203885, 8.754943950647325], [126.91778290576684, 8.739276183524062], [126.90960877914596, 8.72639326003734], [126.89042862535106, 8.697842569427358], [126.88685728714835, 8.692546853320756], [126.86661144516003, 8.669291878817374], [126.85593166852986, 8.653314848135636], [126.84857609642908, 8.64074118820739], [126.83173418762223, 8.612190497597407], [126.82500604991137, 8.604116941943357], [126.80959763925972, 8.583639806987424], [126.79408043129288, 8.570563731612262], [126.77736149150152, 8.55508911637744], [126.76315481267437, 8.539410445290207], [126.74292497727797, 8.526538425767455], [126.73222919405589, 8.522640094872223], [126.70130357543741, 8.526103301176175], [126.69954926863954, 8.526538425767455], [126.67037795681892, 8.53548956611915], [126.63945233820041, 8.542692054932226], [126.62347345158919, 8.526538425767455], [126.61787958066853, 8.497987735157473], [126.60852671958193, 8.484077205990435], [126.60035287338111, 8.469437044547488], [126.57760110096345, 8.455327965185157], [126.54667548234494, 8.446054903635286], [126.51574986372646, 8.447450437062894], [126.48482424510796, 8.461601570341562], [126.47167960038476, 8.469437044547488], [126.45389862648946, 8.477769059163723], [126.42297300787098, 8.49090611064841], [126.40198950937508, 8.497987735157473], [126.39204738925251, 8.500346704845064], [126.361121770634, 8.501163279305436], [126.34945248154858, 8.497987735157473], [126.3301961520155, 8.489962284127188], [126.29927053339703, 8.470276986105915], [126.29823201379858, 8.469437044547488], [126.26834491477854, 8.445815164031083], [126.26281873772547, 8.440886353937504], [126.23741929616003, 8.417690508307809], [126.23183350226313, 8.412335663327521], [126.20649367754154, 8.39068272217849], [126.19228135764747, 8.383784972717539], [126.17556805892305, 8.375002047247259], [126.14464244030457, 8.372097384696644], [126.1143500623083, 8.383784972717539]]]}, "properties": {"fillColor": "#0000FF", "fillOpacity": 0.7, "color": "#000000", "weight": 0.2, "stroke": false}}, {"type": "Feature", "geometry": {"type": "Polygon", "coordinates": [[[126.59477788563504, 8.64074118820739], [126.59744347322163, 8.669291878817374], [126.60852671958193, 8.689348941875211], [126.62408922767305, 8.669291878817374], [126.61502661010772, 8.64074118820739], [126.60852671958193, 8.636414240110657], [126.59477788563504, 8.64074118820739]]]}, "properties": {"fillColor": "#0000FF", "fillOpacity": 0.7, "color": "#000000", "weight": 0.2, "stroke": false}}, {"type": "Feature", "geometry": {"type": "Polygon", "coordinates": [[[138.39118741322704, 8.608265836273597], [138.42211303184556, 8.609252693737517], [138.43433399418973, 8.612190497597407], [138.45303865046404, 8.614404104774973], [138.48396426908255, 8.61662614745245], [138.51488988770103, 8.620412056895871], [138.543271846222, 8.64074118820739], [138.5458155063195, 8.648903893485135], [138.5517500084403, 8.669291878817374], [138.5458155063195, 8.687799393081395], [138.54413952458643, 8.697842569427358], [138.53470896371897, 8.72639326003734], [138.5229880484193, 8.754943950647325], [138.51488988770103, 8.772487735472641], [138.51240448175952, 8.78349464125731], [138.49741067068499, 8.812045331867292], [138.48396426908255, 8.824446460077953], [138.45303865046404, 8.840539626591678], [138.45284769254417, 8.840596022477277], [138.42211303184556, 8.855202207703293], [138.39118741322704, 8.859794800918957], [138.36026179460856, 8.85885767911137], [138.32933617599008, 8.850985359614986], [138.31103343844168, 8.840596022477277], [138.2984105573716, 8.83663813124354], [138.26748493875309, 8.819360661140479], [138.25750354488537, 8.812045331867292], [138.2365593201346, 8.796251125783467], [138.2237349050754, 8.78349464125731], [138.21015963628537, 8.754943950647325], [138.20758423157278, 8.72639326003734], [138.2100306800771, 8.697842569427358], [138.22162738528124, 8.669291878817374], [138.2365593201346, 8.65322608498629], [138.2545647857186, 8.64074118820739], [138.26748493875309, 8.632548661996184], [138.2984105573716, 8.620873010581207], [138.32933617599008, 8.615566159825084], [138.36026179460856, 8.612696320290716], [138.370357605994, 8.612190497597407], [138.39118741322704, 8.608265836273597]]]}, "properties": {"fillColor": "#0000FF", "fillOpacity": 0.7, "color": "#000000", "weight": 0.2, "stroke": false}}, {"type": "Feature", "geometry": {"type": "Polygon", "coordinates": [[[138.2850125311106, 8.64074118820739], [138.26748493875309, 8.646843135366934], [138.24093525662164, 8.669291878817374], [138.23655932013463, 8.677659622730648], [138.2234458215782, 8.697842569427358], [138.21892998728177, 8.72639326003734], [138.22516390765736, 8.754943950647325], [138.2365593201346, 8.77109766870581], [138.2443248129698, 8.78349464125731], [138.26748493875309, 8.803409041834515], [138.28272363964726, 8.812045331867292], [138.2984105573716, 8.822791086511963], [138.32933617599008, 8.83583433726237], [138.3579438820553, 8.840596022477277], [138.36026179460856, 8.841423188701027], [138.39118741322704, 8.843292557882995], [138.40224823455247, 8.840596022477277], [138.42211303184556, 8.838220482730488], [138.45303865046404, 8.827692500641275], [138.47448309600566, 8.812045331867292], [138.48396426908255, 8.801952908963463], [138.49807587601356, 8.78349464125731], [138.50717582626024, 8.754943950647325], [138.51346216982537, 8.726393260037343], [138.51488988770103, 8.718859321755199], [138.52308436528193, 8.697842569427358], [138.5244058238734, 8.669291878817374], [138.51488988770103, 8.654335137967685], [138.49164945737868, 8.64074118820739], [138.48396426908255, 8.638273582292143], [138.45303865046404, 8.630837165330863], [138.42211303184556, 8.623173458700148], [138.39118741322704, 8.620667320977372], [138.36026179460856, 8.620940783165796], [138.32933617599008, 8.624378828560861], [138.2984105573716, 8.634022962717491], [138.2850125311106, 8.64074118820739]]]}, "properties": {"fillColor": "#0000FF", "fillOpacity": 0.7, "color": "#000000", "weight": 0.2, "stroke": false}}, {"type": "Feature", "geometry": {"type": "Polygon", "coordinates": [[[135.4223280258519, 8.773171767135771], [135.4532536444704, 8.768075460978483], [135.4841792630889, 8.76829142625044], [135.51510488170737, 8.773573738924238], [135.53010839362435, 8.78349464125731], [135.54603050032588, 8.795234856452414], [135.5619598541433, 8.812045331867292], [135.57520176711458, 8.840596022477277], [135.57695611894437, 8.857807480704428], [135.5789892899905, 8.869146713087261], [135.57695611894437, 8.873482946853075], [135.56824329033472, 8.897697403697244], [135.54603050032588, 8.921617917537949], [135.54144613596648, 8.926248094307226], [135.51510488170737, 8.9470617254439], [135.49984013169453, 8.95479878491721], [135.4841792630889, 8.964877525551847], [135.4532536444704, 8.974966412155137], [135.4223280258519, 8.979325229875396], [135.39140240723341, 8.981051250514083], [135.36047678861493, 8.980170628823005], [135.32955116999642, 8.974296088582909], [135.30003280879936, 8.95479878491721], [135.29862555137794, 8.953240157326638], [135.28203124508326, 8.926248094307226], [135.28055067379216, 8.897697403697244], [135.29058719520037, 8.869146713087261], [135.29862555137794, 8.858552464114322], [135.31001494155484, 8.840596022477277], [135.32955116999642, 8.822050565516648], [135.34297648724237, 8.812045331867292], [135.36047678861493, 8.798922972262734], [135.39140240723341, 8.78529378279222], [135.39856284393542, 8.78349464125731], [135.4223280258519, 8.773171767135771]]]}, "properties": {"fillColor": "#0000FF", "fillOpacity": 0.7, "color": "#000000", "weight": 0.2, "stroke": false}}, {"type": "Feature", "geometry": {"type": "Polygon", "coordinates": [[[135.3750734264662, 8.812045331867292], [135.3604767886149, 8.819304354271408], [135.33476332901105, 8.840596022477277], [135.32955116999642, 8.846742792768739], [135.31123021197408, 8.869146713087261], [135.30289253714656, 8.897697403697244], [135.30757509514984, 8.926248094307226], [135.32955116999642, 8.948196514375134], [135.35116778393012, 8.95479878491721], [135.36047678861493, 8.957957054932606], [135.39140240723341, 8.964248795653972], [135.4223280258519, 8.963602843511197], [135.45188415374406, 8.95479878491721], [135.4532536444704, 8.954517321641744], [135.4841792630889, 8.943536801893249], [135.5094848148113, 8.926248094307226], [135.51510488170737, 8.921007108749984], [135.5389723626617, 8.897697403697244], [135.54603050032588, 8.884055612690648], [135.55431636986808, 8.869146713087261], [135.55104424531345, 8.840596022477277], [135.54603050032588, 8.832863022236026], [135.53221359246746, 8.812045331867292], [135.51510488170737, 8.79795093378701], [135.4841792630889, 8.791074966550287], [135.4532536444704, 8.78967067426921], [135.42232802585187, 8.792622814611526], [135.39140240723341, 8.802327496214017], [135.3750734264662, 8.812045331867292]]]}, "properties": {"fillColor": "#0000FF", "fillOpacity": 0.7, "color": "#000000", "weight": 0.2, "stroke": false}}, {"type": "Feature", "geometry": {"type": "Polygon", "coordinates": [[[134.89659250933755, 9.027114606328489], [134.92751812795603, 9.018019436093113], [134.95844374657455, 9.016720370792566], [134.98936936519303, 9.023875487001682], [135.0135173972846, 9.040450856747162], [135.02029498381154, 9.048565638055424], [135.03853537495306, 9.069001547357146], [135.04603922059053, 9.097552237967129], [135.03853327775104, 9.126102928577112], [135.02029498381154, 9.143440229957687], [134.998808483068, 9.154653619187096], [134.98936936519303, 9.158787568656141], [134.95844374657455, 9.168393814769702], [134.92751812795603, 9.166828791276178], [134.89659250933755, 9.155503022480259], [134.89513650822016, 9.154653619187096], [134.86566689071907, 9.136436798964908], [134.85590803332525, 9.126102928577112], [134.84580095117713, 9.097552237967129], [134.85175930679753, 9.069001547357146], [134.86566689071907, 9.051740904070643], [134.87731121175625, 9.040450856747162], [134.89659250933755, 9.027114606328489]]]}, "properties": {"fillColor": "#0000FF", "fillOpacity": 0.7, "color": "#000000", "weight": 0.2, "stroke": false}}, {"type": "Feature", "geometry": {"type": "Polygon", "coordinates": [[[134.9216030304914, 9.040450856747162], [134.89659250933755, 9.05071882459994], [134.8772619374622, 9.069001547357146], [134.86994061917986, 9.097552237967129], [134.8849928104965, 9.126102928577112], [134.89659250933755, 9.13501650942952], [134.92751812795603, 9.147185781168945], [134.95844374657455, 9.148068605291076], [134.98936936519303, 9.133373493501054], [134.9996276959068, 9.126102928577112], [135.01496032609703, 9.097552237967129], [135.0096362317127, 9.069001547357146], [134.98936936519303, 9.04778460108746], [134.97320242359615, 9.040450856747162], [134.95844374657455, 9.034582786183567], [134.92751812795603, 9.037952442673738], [134.9216030304914, 9.040450856747162]]]}, "properties": {"fillColor": "#0000FF", "fillOpacity": 0.7, "color": "#000000", "weight": 0.2, "stroke": false}}, {"type": "Feature", "geometry": {"type": "Polygon", "coordinates": [[[133.22660910393904, 9.461034318877338], [133.25753472255752, 9.455760547096649], [133.288460341176, 9.462842137524511], [133.29762888423565, 9.468711215896917], [133.31938595979452, 9.485539680287044], [133.3294722348422, 9.4972619065069], [133.34094383780015, 9.525812597116884], [133.34163079517367, 9.554363287726868], [133.33408141550217, 9.582913978336851], [133.31938595979452, 9.605810339092782], [133.31552683922874, 9.611464668946834], [133.288460341176, 9.637305885180973], [133.28019243653475, 9.640015359556818], [133.25753472255752, 9.649563454598436], [133.22660910393904, 9.64149487120816], [133.2245594745342, 9.640015359556818], [133.19568348532056, 9.622209221390804], [133.1843568538992, 9.611464668946834], [133.16475786670205, 9.583254226342389], [133.16450635905227, 9.582913978336851], [133.1528332811411, 9.554363287726868], [133.1556536274629, 9.525812597116884], [133.16475786670205, 9.51104840887561], [133.17220883854037, 9.4972619065069], [133.19568348532056, 9.476544659556708], [133.212107832455, 9.468711215896917], [133.22660910393904, 9.461034318877338]]]}, "properties": {"fillColor": "#0000FF", "fillOpacity": 0.7, "color": "#000000", "weight": 0.2, "stroke": false}}, {"type": "Feature", "geometry": {"type": "Polygon", "coordinates": [[[133.2037525249189, 9.4972619065069], [133.19568348532056, 9.505388158091996], [133.1805271954392, 9.525812597116884], [133.17701460569904, 9.554363287726868], [133.18900128361318, 9.582913978336851], [133.19568348532056, 9.590645248698038], [133.22044029786676, 9.611464668946834], [133.22660910393904, 9.616018794655528], [133.25753472255752, 9.622369541632507], [133.27905471295327, 9.611464668946834], [133.288460341176, 9.606400064347413], [133.30826873780086, 9.582913978336851], [133.31795968834612, 9.554363287726868], [133.3170838504151, 9.525812597116884], [133.30163775713925, 9.4972619065069], [133.288460341176, 9.48603933100653], [133.25753472255752, 9.477064608629638], [133.22660910393904, 9.48245680422789], [133.2037525249189, 9.4972619065069]]]}, "properties": {"fillColor": "#0000FF", "fillOpacity": 0.7, "color": "#000000", "weight": 0.2, "stroke": false}}, {"type": "Feature", "geometry": {"type": "Polygon", "coordinates": [[[140.92708813994332, 9.73985873116725], [140.95801375856183, 9.733589435331513], [140.98893937718032, 9.732157306391526], [141.0198649957988, 9.733294083082429], [141.0507906144173, 9.735974757324875], [141.0817162330358, 9.739209545594484], [141.11264185165427, 9.741922456032436], [141.14356747027279, 9.743092883878397], [141.17449308889127, 9.743349996222038], [141.20541870750975, 9.744792271750136], [141.23634432612823, 9.749120363525098], [141.2555161749188, 9.754218121996754], [141.26726994474674, 9.758551886426499], [141.29819556336525, 9.773920640305219], [141.3139559167442, 9.782768812606736], [141.3291211819837, 9.797142858442534], [141.35026856939618, 9.81131950321672], [141.36004680060222, 9.82179987481612], [141.3909724192207, 9.835724683520393], [141.40579060029577, 9.839870193826705], [141.42189803783918, 9.849774397063033], [141.4528236564577, 9.867202037742057], [141.45482889943733, 9.868420884436688], [141.4528236564577, 9.86955988300376], [141.42189803783918, 9.88329811573122], [141.3909724192207, 9.893840931899128], [141.38290492364865, 9.89697157504667], [141.36004680060222, 9.911532363253144], [141.35424079435163, 9.925522265656655], [141.34582764743942, 9.95407295626664], [141.3291211819837, 9.967800931818061], [141.29819556336523, 9.97592430126314], [141.26726994474674, 9.973513198780111], [141.23634432612823, 9.965137710647515], [141.20732135865285, 9.95407295626664], [141.20541870750975, 9.953078489451325], [141.17449308889127, 9.937464501334574], [141.14625658791297, 9.925522265656655], [141.14356747027279, 9.924609706574685], [141.11264185165427, 9.91540391872862], [141.08171623303576, 9.907963259992687], [141.0507906144173, 9.899767870339918], [141.04240635827787, 9.89697157504667], [141.0198649957988, 9.891879889378872], [140.98893937718032, 9.88334077260242], [140.95801375856183, 9.871128636170585], [140.9527238642795, 9.868420884436688], [140.92708813994332, 9.857398227122548], [140.90217198196265, 9.839870193826705], [140.89616252132484, 9.833035524374159], [140.8795903413698, 9.81131950321672], [140.87758595116915, 9.782768812606736], [140.89616252132484, 9.757398569852281], [140.8997699378157, 9.754218121996754], [140.92708813994332, 9.73985873116725]]]}, "properties": {"fillColor": "#0000FF", "fillOpacity": 0.7, "color": "#000000", "weight": 0.2, "stroke": false}}, {"type": "Feature", "geometry": {"type": "Polygon", "coordinates": [[[140.9206969066871, 9.782768812606736], [140.91942322728366, 9.81131950321672], [140.92708813994332, 9.81952537375192], [140.9544963812553, 9.839870193826705], [140.95801375856183, 9.841737084095385], [140.98893937718032, 9.852798179604221], [141.0198649957988, 9.860130049373067], [141.0507906144173, 9.865052354584025], [141.0817162330358, 9.867110508691377], [141.11264185165427, 9.863125434228067], [141.14356747027279, 9.84724002901748], [141.1534204321866, 9.839870193826705], [141.1535486842174, 9.81131950321672], [141.14356747027279, 9.806259984608507], [141.11264185165427, 9.790717112255763], [141.09686163267997, 9.782768812606736], [141.0817162330358, 9.778560721581075], [141.0507906144173, 9.770166465517022], [141.0198649957988, 9.764236829390443], [140.98893937718032, 9.761434971958796], [140.95801375856183, 9.763866491282059], [140.92708813994332, 9.777026931251267], [140.9206969066871, 9.782768812606736]]]}, "properties": {"fillColor": "#0000FF", "fillOpacity": 0.7, "color": "#000000", "weight": 0.2, "stroke": false}}, {"type": "Feature", "geometry": {"type": "Polygon", "coordinates": [[[122.24801449437467, 9.83510468028233], [122.27894011299315, 9.823596854009422], [122.30986573161167, 9.822941045051408], [122.34079135023015, 9.83389088373378], [122.34879967254818, 9.839870193826705], [122.37171696884865, 9.862531532176199], [122.37646935352248, 9.868420884436688], [122.39183452191642, 9.89697157504667], [122.39833111029795, 9.925522265656655], [122.40092709028136, 9.95407295626664], [122.40078310560227, 9.982623646876622], [122.39677288471245, 10.011174337486606], [122.38289288790202, 10.03972502809659], [122.37171696884865, 10.051461395588948], [122.34079135023015, 10.0656754144375], [122.30986573161167, 10.065676791357784], [122.27894011299317, 10.05843135070661], [122.25016924405942, 10.03972502809659], [122.24801449437467, 10.038395497802227], [122.22079482862765, 10.011174337486606], [122.21708887575619, 10.00470171072696], [122.20210838029533, 9.982623646876622], [122.19384115613832, 9.95407295626664], [122.19367649182203, 9.925522265656655], [122.19918775420646, 9.89697157504667], [122.21336274371295, 9.868420884436688], [122.2170888757562, 9.863522360575002], [122.24124885939182, 9.839870193826705], [122.24801449437467, 9.83510468028233]]]}, "properties": {"fillColor": "#0000FF", "fillOpacity": 0.7, "color": "#000000", "weight": 0.2, "stroke": false}}, {"type": "Feature", "geometry": {"type": "Polygon", "coordinates": [[[122.23606850602442, 9.868420884436688], [122.2203990476387, 9.89697157504667], [122.21708887575619, 9.913568317454452], [122.21324123681214, 9.925522265656653], [122.21412957250517, 9.95407295626664], [122.21708887575619, 9.960820025774922], [122.22326863595943, 9.982623646876622], [122.24470717041343, 10.011174337486606], [122.24801449437467, 10.014481843045308], [122.27894011299318, 10.036277563873895], [122.29258491582817, 10.03972502809659], [122.30986573161167, 10.046109873038818], [122.34079135023015, 10.042889238840573], [122.34580613758382, 10.03972502809659], [122.37171696884865, 10.013714004493629], [122.37335735504159, 10.011174337486606], [122.38272588372757, 9.982623646876622], [122.38373250142033, 9.95407295626664], [122.3791734396743, 9.925522265656655], [122.37171696884866, 9.90712156818071], [122.36889366898505, 9.89697157504667], [122.35081807272425, 9.868420884436688], [122.34079135023015, 9.858873291130536], [122.30986573161168, 9.844504275954069], [122.27894011299315, 9.844325486623307], [122.24801449437467, 9.857137492731509], [122.23606850602442, 9.868420884436688]]]}, "properties": {"fillColor": "#0000FF", "fillOpacity": 0.7, "color": "#000000", "weight": 0.2, "stroke": false}}, {"type": "Feature", "geometry": {"type": "Polygon", "coordinates": [[[131.6184769357775, 9.825343701627947], [131.64940255439598, 9.82128852797667], [131.6803281730145, 9.822622917104084], [131.711253791633, 9.828954512172192], [131.7369288795135, 9.839870193826705], [131.74217941025145, 9.840960263366329], [131.77310502886996, 9.850425558835905], [131.80101281772278, 9.868420884436688], [131.80403064748845, 9.869921269974768], [131.83495626610693, 9.887000836810559], [131.8501343535264, 9.89697157504667], [131.8658818847254, 9.904228281213458], [131.89680750334392, 9.916438724668971], [131.9277331219624, 9.922301609544496], [131.93890251625055, 9.925522265656655], [131.9586587405809, 9.928433365780036], [131.9895843591994, 9.934709374151819], [132.02050997781788, 9.93955154667397], [132.05143559643636, 9.94936953992905], [132.06090643966994, 9.95407295626664], [132.08236121505487, 9.961665540827928], [132.10907522163563, 9.982623646876622], [132.11328683367336, 9.985975094850161], [132.1395699461801, 10.011174337486606], [132.14421245229184, 10.018245095534354], [132.16911514577436, 10.03972502809659], [132.17513807091035, 10.047284206476546], [132.20606368952883, 10.0519672187865], [132.23698930814732, 10.045563965288444], [132.2679149267658, 10.040785214697555], [132.2988405453843, 10.039861544780015], [132.3297661640028, 10.041358862522095], [132.36069178262127, 10.045042506469139], [132.39161740123978, 10.053039726073477], [132.41951056873822, 10.068275718706573], [132.42254301985827, 10.069616069008305], [132.45346863847675, 10.09071534005897], [132.46022493645634, 10.096826409316556], [132.48439425709526, 10.124911234319363], [132.48479319292562, 10.125377099926538], [132.50386572762324, 10.153927790536525], [132.51008368434668, 10.182478481146507], [132.50842161677576, 10.211029171756492], [132.49961841803324, 10.239579862366476], [132.48439425709526, 10.263123543773549], [132.48266097756374, 10.268130552976459], [132.46821206384556, 10.296681243586441], [132.45346863847675, 10.312839296061842], [132.4409075387421, 10.325231934196427], [132.42254301985827, 10.339605986941411], [132.39161740123978, 10.351360125210118], [132.37898393645503, 10.35378262480641], [132.36069178262127, 10.361740976603931], [132.3297661640028, 10.371394597013417], [132.2988405453843, 10.380175872479532], [132.29122532144288, 10.382333315416393], [132.2679149267658, 10.406534105620059], [132.26194163861086, 10.410884006026377], [132.23698930814732, 10.43109074657897], [132.219204793759, 10.439434696636361], [132.20606368952883, 10.444635558234948], [132.17513807091035, 10.453003948227753], [132.14421245229184, 10.458023488736423], [132.11328683367336, 10.460734155506385], [132.08236121505487, 10.461330522903667], [132.05143559643636, 10.459876338740562], [132.02050997781788, 10.455557807116756], [131.9895843591994, 10.445730129656521], [131.9781627047651, 10.439434696636361], [131.9586587405809, 10.428027530279758], [131.94102965442832, 10.410884006026377], [131.9277331219624, 10.39382504537799], [131.91967891063175, 10.382333315416393], [131.9092706475067, 10.35378262480641], [131.912540658203, 10.325231934196427], [131.92091197969435, 10.296681243586441], [131.9210205716041, 10.268130552976459], [131.90492239068618, 10.239579862366476], [131.89680750334392, 10.232488956511894], [131.8658818847254, 10.211946039593247], [131.86399052354312, 10.211029171756492], [131.83495626610693, 10.202429235743733], [131.80403064748845, 10.194987167424788], [131.77310502886996, 10.185198018152201], [131.76694617698047, 10.182478481146507], [131.74217941025145, 10.17058043033862], [131.72323188210885, 10.153927790536525], [131.71125379163297, 10.13295538545015], [131.7067935113644, 10.12537709992654], [131.6973799475654, 10.096826409316556], [131.6892896761339, 10.068275718706573], [131.6803281730145, 10.055641117060064], [131.6664571472598, 10.03972502809659], [131.64940255439598, 10.02928367505988], [131.62703981834397, 10.011174337486606], [131.6184769357775, 10.005429236747743], [131.59461795614595, 9.982623646876622], [131.587551317159, 9.971940999131977], [131.57268239424843, 9.95407295626664], [131.56188555279675, 9.925522265656655], [131.55907691053545, 9.89697157504667], [131.56330248008146, 9.868420884436688], [131.587551317159, 9.841806314009256], [131.59097334924718, 9.839870193826705], [131.6184769357775, 9.825343701627947]]]}, "properties": {"fillColor": "#0000FF", "fillOpacity": 0.7, "color": "#000000", "weight": 0.2, "stroke": false}}, {"type": "Feature", "geometry": {"type": "Polygon", "coordinates": [[[131.631580462447, 9.839870193826705], [131.6184769357775, 9.841728853471922], [131.587551317159, 9.862087399180846], [131.58178080688455, 9.868420884436688], [131.5709451114089, 9.89697157504667], [131.5743621310619, 9.925522265656655], [131.587551317159, 9.947810125372744], [131.58982848209084, 9.95407295626664], [131.6114324789346, 9.982623646876622], [131.6184769357775, 9.989357086282023], [131.64940255439598, 10.010675662080043], [131.65034630362274, 10.011174337486606], [131.68032817301452, 10.033721794097525], [131.6896324739402, 10.03972502809659], [131.71125379163297, 10.065366047367222], [131.71365287872123, 10.068275718706573], [131.72517009195033, 10.096826409316556], [131.73999797542132, 10.12537709992654], [131.74217941025145, 10.128218463913152], [131.76739350647765, 10.153927790536525], [131.77310502886996, 10.15770364066567], [131.80403064748845, 10.17153274021776], [131.83495626610693, 10.179926254736664], [131.84271886236888, 10.182478481146507], [131.8658818847254, 10.191989169774722], [131.89680750334392, 10.207716323086641], [131.9016081038463, 10.211029171756492], [131.9277331219624, 10.234200281985402], [131.93213698802586, 10.239579862366476], [131.94231943561948, 10.268130552976459], [131.94282245794383, 10.296681243586441], [131.93920307601388, 10.325231934196427], [131.9404008595635, 10.35378262480641], [131.95746011588335, 10.382333315416393], [131.9586587405809, 10.383680070661976], [131.9895843591994, 10.409857986434062], [131.99168699612494, 10.410884006026375], [132.02050997781788, 10.424565826474694], [132.05143559643636, 10.430640326925936], [132.08236121505487, 10.432012857301226], [132.11328683367338, 10.429988007426807], [132.14421245229184, 10.42463963552371], [132.17513807091035, 10.415815914887588], [132.18661721495585, 10.410884006026377], [132.20606368952883, 10.404334799678356], [132.23698930814732, 10.385814579187416], [132.2413902836118, 10.382333315416393], [132.2679149267658, 10.374920177715298], [132.2988405453843, 10.365126409334028], [132.3288975443791, 10.35378262480641], [132.3297661640028, 10.353665466192142], [132.36069178262127, 10.349214297824465], [132.39161740123978, 10.340816213486852], [132.41686726883296, 10.325231934196427], [132.42254301985827, 10.321838836310151], [132.44910682337604, 10.29668124358644], [132.45346863847675, 10.289448992509264], [132.46934504786987, 10.268130552976459], [132.4804884676318, 10.239579862366476], [132.48439425709526, 10.221879931511605], [132.48901064108244, 10.21102917175649], [132.49008641405325, 10.182478481146507], [132.48439425709526, 10.168085897263737], [132.4803446189965, 10.153927790536525], [132.46036421625854, 10.12537709992654], [132.45346863847675, 10.118224942448963], [132.42895205448397, 10.096826409316556], [132.42254301985827, 10.091874878463114], [132.39161740123978, 10.074316229607945], [132.36808415848247, 10.068275718706573], [132.36069178262127, 10.06542009557468], [132.3297661640028, 10.059025612330956], [132.2988405453843, 10.057751696161302], [132.2679149267658, 10.06217313095603], [132.2515898982843, 10.068275718706573], [132.23698930814732, 10.074506838760978], [132.20606368952883, 10.096533576506545], [132.20426338743752, 10.096826409316556], [132.17513807091035, 10.098754354367205], [132.17031780962031, 10.096826409316556], [132.14421245229184, 10.07361219966099], [132.14112345669614, 10.068275718706573], [132.1326524156056, 10.03972502809659], [132.11328683367336, 10.013404448272741], [132.11217829564941, 10.011174337486606], [132.08236121505487, 9.985523056874385], [132.077342645764, 9.982623646876622], [132.05143559643636, 9.966608823335427], [132.02050997781788, 9.958772292553578], [131.98958435919943, 9.95489221252732], [131.98555262043692, 9.95407295626664], [131.9586587405809, 9.944551386057793], [131.9277331219624, 9.93792552091286], [131.89680750334392, 9.934761471455074], [131.86744384403696, 9.925522265656655], [131.8658818847254, 9.924773129652738], [131.83495626610693, 9.905829878860963], [131.82098472994275, 9.89697157504667], [131.80403064748845, 9.884946231281122], [131.77310502886996, 9.869054723075056], [131.7716853852983, 9.868420884436688], [131.74217941025145, 9.851559874398074], [131.71125379163297, 9.843212904247654], [131.68666138197753, 9.839870193826705], [131.6803281730145, 9.837912795332485], [131.64940255439598, 9.835402540842964], [131.631580462447, 9.839870193826705]]]}, "properties": {"fillColor": "#0000FF", "fillOpacity": 0.7, "color": "#000000", "weight": 0.2, "stroke": false}}, {"type": "Feature", "geometry": {"type": "Polygon", "coordinates": [[[120.7945104193056, 10.060827084036283], [120.82543603792408, 10.04995995675124], [120.85636165654257, 10.043267128037261], [120.88728727516107, 10.040815219705742], [120.91821289377955, 10.043013328899791], [120.94913851239804, 10.04807421137541], [120.98006413101655, 10.054029156488912], [121.01098974963503, 10.062304217262389], [121.02147255784155, 10.068275718706573], [121.04191536825353, 10.078408557469713], [121.06126076035841, 10.096826409316556], [121.07284098687201, 10.114459712067363], [121.08167341230174, 10.12537709992654], [121.09307295008387, 10.153927790536525], [121.0932888624035, 10.182478481146507], [121.08056136968763, 10.211029171756492], [121.072840986872, 10.219349644196395], [121.04191536825353, 10.238540289908228], [121.03563375299227, 10.239579862366476], [121.01098974963503, 10.245834048094952], [120.98006413101653, 10.242024483384323], [120.97405544504481, 10.239579862366476], [120.94913851239804, 10.234275349165387], [120.91821289377955, 10.226732273193132], [120.88728727516107, 10.225969281483522], [120.85636165654257, 10.231675216580392], [120.82543603792408, 10.236844986328647], [120.7945104193056, 10.239024553339798], [120.7635848006871, 10.237657633492454], [120.7326591820686, 10.231192999925078], [120.70173356345012, 10.211460005712096], [120.70120480225728, 10.211029171756493], [120.67552603385438, 10.182478481146507], [120.67080794483164, 10.165648176142497], [120.66524641542448, 10.153927790536525], [120.66237999527596, 10.125377099926542], [120.67080794483162, 10.107064565083245], [120.67718511452212, 10.096826409316556], [120.70173356345012, 10.084455237252147], [120.7326591820686, 10.075890808361041], [120.7635848006871, 10.070429077353445], [120.77589033319168, 10.068275718706573], [120.7945104193056, 10.060827084036283]]]}, "properties": {"fillColor": "#0000FF", "fillOpacity": 0.7, "color": "#000000", "weight": 0.2, "stroke": false}}, {"type": "Feature", "geometry": {"type": "Polygon", "coordinates": [[[120.8346235069351, 10.068275718706573], [120.82543603792408, 10.06974073986192], [120.7945104193056, 10.075560924219868], [120.7635848006871, 10.082940340162516], [120.7326591820686, 10.094169059363452], [120.72672038384452, 10.096826409316556], [120.70173356345012, 10.111496427124955], [120.68893347683604, 10.12537709992654], [120.68540654603498, 10.153927790536525], [120.69896229319265, 10.182478481146507], [120.70173356345012, 10.18552627391866], [120.7326591820686, 10.210530747948454], [120.73420419417512, 10.211029171756492], [120.7635848006871, 10.222665238991066], [120.7945104193056, 10.224628410705115], [120.82543603792408, 10.220418796358075], [120.85636165654257, 10.21127188273133], [120.85725273345189, 10.211029171756492], [120.88728727516107, 10.207191126025037], [120.91821289377955, 10.207726938322546], [120.93165183974884, 10.211029171756492], [120.94913851239805, 10.218025666379061], [120.98006413101655, 10.228658656875929], [121.01098974963503, 10.229884783024737], [121.04191536825354, 10.219533253332486], [121.05300417816747, 10.211029171756492], [121.07074079816684, 10.182478481146507], [121.07133896368637, 10.153927790536525], [121.06167972129887, 10.12537709992654], [121.04191536825353, 10.102050897502462], [121.03618331905552, 10.096826409316558], [121.01098974963503, 10.07922780305044], [120.98006413101655, 10.072424478722013], [120.94969798170514, 10.068275718706573], [120.94913851239805, 10.068132056867311], [120.91821289377955, 10.060826012522956], [120.88728727516107, 10.057845976688252], [120.85636165654256, 10.061452912279396], [120.8346235069351, 10.068275718706573]]]}, "properties": {"fillColor": "#0000FF", "fillOpacity": 0.7, "color": "#000000", "weight": 0.2, "stroke": false}}, {"type": "Feature", "geometry": {"type": "Polygon", "coordinates": [[[122.5263450619411, 10.060188287617454], [122.55727068055958, 10.042316100814883], [122.58819629917808, 10.040479306155564], [122.61912191779658, 10.049060135247398], [122.64160912172365, 10.068275718706573], [122.65004753641506, 10.083264126082181], [122.6573467401575, 10.096826409316556], [122.6568751665458, 10.12537709992654], [122.65004753641506, 10.136821487114656], [122.63822134434939, 10.153927790536525], [122.61912191779658, 10.168456740817852], [122.58819629917808, 10.17514460561902], [122.55727068055958, 10.171598466918514], [122.5294819824656, 10.153927790536525], [122.5263450619411, 10.150802048143111], [122.50887370295652, 10.12537709992654], [122.50689796924621, 10.096826409316556], [122.51913877484827, 10.068275718706573], [122.5263450619411, 10.060188287617454]]]}, "properties": {"fillColor": "#0000FF", "fillOpacity": 0.7, "color": "#000000", "weight": 0.2, "stroke": false}}, {"type": "Feature", "geometry": {"type": "Polygon", "coordinates": [[[122.5529089994923, 10.068275718706573], [122.53102786963488, 10.096826409316556], [122.53457367929454, 10.12537709992654], [122.55727068055958, 10.147244833020789], [122.58819629917808, 10.152630187068265], [122.61912191779658, 10.140619131116832], [122.63217548349951, 10.12537709992654], [122.6327317186689, 10.096826409316556], [122.61912191779659, 10.078802889175899], [122.60226791142236, 10.068275718706573], [122.58819629917808, 10.06186303348694], [122.55727068055958, 10.065255218072219], [122.5529089994923, 10.068275718706573]]]}, "properties": {"fillColor": "#0000FF", "fillOpacity": 0.7, "color": "#000000", "weight": 0.2, "stroke": false}}, {"type": "Feature", "geometry": {"type": "Polygon", "coordinates": [[[133.90697271354583, 10.147828903504262], [133.93789833216434, 10.1357586071372], [133.96882395078282, 10.132983678397121], [133.99974956940133, 10.135476232962864], [134.0306751880198, 10.142914400767397], [134.0531843571527, 10.153927790536525], [134.0616008066383, 10.157717535050965], [134.09147291184533, 10.182478481146507], [134.09252642525678, 10.18459510173658], [134.10584687392532, 10.211029171756492], [134.10302439253925, 10.239579862366476], [134.09252642525678, 10.256966951633684], [134.08673499241408, 10.268130552976459], [134.0616008066383, 10.293048726245027], [134.0565905237587, 10.296681243586441], [134.0306751880198, 10.315066552381323], [134.00783295605015, 10.325231934196427], [133.99974956940133, 10.330210885340621], [133.96882395078282, 10.343991845671054], [133.94072560673504, 10.35378262480641], [133.93789833216434, 10.35507958691356], [133.90697271354583, 10.364418951664607], [133.87604709492734, 10.369461763611156], [133.84512147630886, 10.364194616706895], [133.83270291862038, 10.35378262480641], [133.83192252584985, 10.325231934196427], [133.84512147630886, 10.30627832684399], [133.85023880638937, 10.296681243586441], [133.86649720696948, 10.268130552976459], [133.87485217683331, 10.239579862366474], [133.8758534760456, 10.211029171756492], [133.87604709492734, 10.209823677242563], [133.87903643324591, 10.182478481146507], [133.89786909969442, 10.153927790536525], [133.90697271354583, 10.147828903504262]]]}, "properties": {"fillColor": "#0000FF", "fillOpacity": 0.7, "color": "#000000", "weight": 0.2, "stroke": false}}, {"type": "Feature", "geometry": {"type": "Polygon", "coordinates": [[[133.93558737785995, 10.182478481146507], [133.9232624833557, 10.211029171756492], [133.9222475280505, 10.239579862366476], [133.9247216556438, 10.268130552976459], [133.93665453364153, 10.296681243586441], [133.93789833216434, 10.297635064827823], [133.96882395078282, 10.304228219908994], [133.99974956940133, 10.298542569421256], [134.0035720269114, 10.296681243586441], [134.0306751880198, 10.285610528639415], [134.053236197974, 10.268130552976459], [134.0616008066383, 10.258066050778286], [134.07373109481344, 10.239579862366476], [134.07534896321792, 10.211029171756492], [134.0616008066383, 10.190536127680478], [134.0531024518309, 10.182478481146507], [134.0306751880198, 10.169789380370855], [133.99974956940133, 10.163166216157332], [133.96882395078285, 10.164836759340055], [133.93789833216434, 10.180395296357435], [133.93558737785995, 10.182478481146507]]]}, "properties": {"fillColor": "#0000FF", "fillOpacity": 0.7, "color": "#000000", "weight": 0.2, "stroke": false}}, {"type": "Feature", "geometry": {"type": "Polygon", "coordinates": [[[134.64918756038963, 10.295221489793285], [134.68011317900812, 10.286946308712917], [134.7110387976266, 10.285785128867154], [134.7419644162451, 10.292352065519383], [134.75072643846562, 10.296681243586441], [134.7728900348636, 10.307448171426563], [134.79081814397608, 10.325231934196427], [134.80059139653503, 10.35378262480641], [134.79936595444983, 10.382333315416393], [134.78765890966622, 10.410884006026379], [134.7728900348636, 10.426787381322615], [134.76080873394193, 10.439434696636361], [134.7419644162451, 10.454142437341364], [134.71658164591437, 10.467985387246344], [134.7110387976266, 10.471637353169253], [134.68011317900812, 10.488770965183974], [134.64918756038963, 10.49625387281693], [134.64697457767386, 10.496536077856328], [134.61826194177115, 10.505754631633307], [134.58733632315264, 10.50535910745943], [134.5655194002119, 10.496536077856328], [134.55641070453416, 10.493833764090605], [134.52946449714602, 10.467985387246344], [134.52548508591568, 10.453970798093192], [134.51911501890862, 10.439434696636361], [134.51952319037346, 10.410884006026377], [134.52548508591568, 10.396762725379364], [134.52807640712098, 10.382333315416393], [134.54217223613045, 10.35378262480641], [134.55641070453416, 10.339004481524885], [134.57503331918326, 10.325231934196427], [134.58733632315264, 10.316119758812293], [134.61826194177115, 10.30216281393918], [134.6459511280706, 10.296681243586443], [134.64918756038963, 10.295221489793285]]]}, "properties": {"fillColor": "#0000FF", "fillOpacity": 0.7, "color": "#000000", "weight": 0.2, "stroke": false}}, {"type": "Feature", "geometry": {"type": "Polygon", "coordinates": [[[134.60309827182346, 10.325231934196427], [134.58733632315264, 10.331901285881543], [134.56166046127754, 10.35378262480641], [134.55641070453416, 10.360913958311745], [134.54029396538417, 10.382333315416393], [134.53238971153053, 10.410884006026375], [134.5332507122721, 10.439434696636361], [134.54837679589565, 10.467985387246344], [134.55641070453416, 10.475691981908412], [134.58733632315264, 10.490630912853351], [134.61826194177115, 10.492094604206908], [134.64918756038963, 10.48718612071104], [134.68011317900812, 10.4738723390807], [134.6897047775659, 10.467985387246344], [134.7110387976266, 10.457147390011666], [134.73508849156337, 10.439434696636363], [134.7419644162451, 10.43326377559457], [134.764830973948, 10.410884006026377], [134.7728900348636, 10.392840983918271], [134.77908848594234, 10.382333315416393], [134.78012103741813, 10.35378262480641], [134.7728900348636, 10.341180651714229], [134.76268263428832, 10.325231934196427], [134.7419644162451, 10.310636954363247], [134.7110387976266, 10.302782622756853], [134.68011317900812, 10.302428634333767], [134.64918756038963, 10.306445552843742], [134.61826194177115, 10.316316825903627], [134.60309827182346, 10.325231934196427]]]}, "properties": {"fillColor": "#0000FF", "fillOpacity": 0.7, "color": "#000000", "weight": 0.2, "stroke": false}}, {"type": "Feature", "geometry": {"type": "Polygon", "coordinates": [[[140.58690633513993, 10.34781363582896], [140.6178319537584, 10.34967370511515], [140.62624255139372, 10.35378262480641], [140.64875757237692, 10.363445975173757], [140.67105218946693, 10.382333315416393], [140.6796831909954, 10.386539813807978], [140.7106088096139, 10.409077837344178], [140.71327026150635, 10.410884006026377], [140.7415344282324, 10.428622491327548], [140.75437719835017, 10.439434696636361], [140.76249741245428, 10.467985387246344], [140.7415344282324, 10.494793722051682], [140.73941435805364, 10.496536077856328], [140.71264415226867, 10.525086768466313], [140.7106088096139, 10.527337086308611], [140.6860130195394, 10.553637459076295], [140.6796831909954, 10.558139531265537], [140.64875757237692, 10.573828904432332], [140.6178319537584, 10.581308080554608], [140.6141005277969, 10.582188149686278], [140.58690633513993, 10.592526984307954], [140.55598071652145, 10.600671910306577], [140.52505509790296, 10.605446012459701], [140.49412947928445, 10.608868607626103], [140.47544117726312, 10.610738840296262], [140.46320386066597, 10.613355500586419], [140.43227824204746, 10.620520314950829], [140.40135262342898, 10.6263683128816], [140.3704270048105, 10.630340011046707], [140.339501386192, 10.632555050603969], [140.3085757675735, 10.6341237933808], [140.27765014895502, 10.63646295440972], [140.24672453033654, 10.634842411405415], [140.22643317869674, 10.610738840296262], [140.22463816586807, 10.582188149686278], [140.22999271279684, 10.553637459076295], [140.24276425488068, 10.525086768466313], [140.24672453033654, 10.51950759232845], [140.25732802678266, 10.496536077856328], [140.27765014895502, 10.473373236404957], [140.28226679518824, 10.467985387246344], [140.3085757675735, 10.446282669375474], [140.32282606558692, 10.439434696636361], [140.339501386192, 10.429679757586207], [140.3704270048105, 10.418730146158305], [140.40135262342898, 10.412785387764284], [140.41496952821035, 10.410884006026377], [140.43227824204746, 10.405025244569066], [140.46320386066597, 10.396582286075372], [140.49412947928445, 10.389175793450626], [140.51682852068075, 10.382333315416393], [140.52505509790296, 10.37515716060264], [140.55598071652145, 10.356486381589235], [140.56680412177442, 10.35378262480641], [140.58690633513993, 10.34781363582896]]]}, "properties": {"fillColor": "#0000FF", "fillOpacity": 0.7, "color": "#000000", "weight": 0.2, "stroke": false}}, {"type": "Feature", "geometry": {"type": "Polygon", "coordinates": [[[140.513615760003, 10.410884006026377], [140.49412947928445, 10.412365594232508], [140.46320386066597, 10.4149785751514], [140.43227824204746, 10.419258134044641], [140.40135262342898, 10.426173645566799], [140.3704270048105, 10.437117271445787], [140.36543282640724, 10.439434696636361], [140.339501386192, 10.448000326155494], [140.30982075730964, 10.467985387246344], [140.3085757675735, 10.469021433959586], [140.28220679557623, 10.496536077856328], [140.27765014895502, 10.506265061906642], [140.26576156394626, 10.525086768466313], [140.25932028378838, 10.553637459076295], [140.26638448570185, 10.582188149686278], [140.27765014895502, 10.594992191244287], [140.3085757675735, 10.610335667428329], [140.31248028608113, 10.610738840296262], [140.339501386192, 10.613733667892], [140.3704270048105, 10.611243350715883], [140.37264280583335, 10.610738840296262], [140.40135262342898, 10.607819397596058], [140.43227824204746, 10.60290378468691], [140.46320386066597, 10.596961103274694], [140.49412947928445, 10.589984659505129], [140.5205112058701, 10.582188149686278], [140.52505509790296, 10.581370310072147], [140.55598071652145, 10.57505079589576], [140.58690633513993, 10.56566862151389], [140.61463259201247, 10.553637459076297], [140.6178319537584, 10.551274068705585], [140.64670272163215, 10.525086768466313], [140.64875757237692, 10.521909439689837], [140.6685949554901, 10.496536077856328], [140.67968319099543, 10.485443405160076], [140.7002603799194, 10.467985387246344], [140.7106088096139, 10.450168650938664], [140.7144392161223, 10.439434696636361], [140.7106088096139, 10.436504283616994], [140.6796831909954, 10.416905783377606], [140.6685321657857, 10.410884006026377], [140.64875757237692, 10.3978718406782], [140.6178319537584, 10.38902230661061], [140.58690633513993, 10.387363100608553], [140.55598071652145, 10.393321179971858], [140.52505509790296, 10.407291053354385], [140.513615760003, 10.410884006026377]]]}, "properties": {"fillColor": "#0000FF", "fillOpacity": 0.7, "color": "#000000", "weight": 0.2, "stroke": false}}, {"type": "Feature", "geometry": {"type": "Polygon", "coordinates": [[[138.82414607388594, 10.489439374902737], [138.85507169250442, 10.473760580588554], [138.8859973111229, 10.471928101023572], [138.91692292974142, 10.478272301946387], [138.9478485483599, 10.488258503476581], [138.96441702450312, 10.496536077856328], [138.97877416697838, 10.502844539691631], [139.00047160860788, 10.525086768466313], [139.00046710786532, 10.553637459076295], [138.98268446406394, 10.582188149686276], [138.97877416697838, 10.586818681793325], [138.96009844973133, 10.610738840296264], [138.9478485483599, 10.62378796249619], [138.93148543714662, 10.639289530906247], [138.91692292974142, 10.651132984361684], [138.88899466415504, 10.66784022151623], [138.8859973111229, 10.6698379022886], [138.85507169250442, 10.687329044836268], [138.83355150862826, 10.696390912126214], [138.82414607388594, 10.702069450656978], [138.79322045526743, 10.715858727975423], [138.76229483664895, 10.721501560549822], [138.73136921803047, 10.708350289012515], [138.72114848153407, 10.696390912126214], [138.70569382880058, 10.66784022151623], [138.70188417202942, 10.639289530906247], [138.70619419970336, 10.610738840296262], [138.71835764778666, 10.582188149686278], [138.73136921803047, 10.565308560181952], [138.7409798355135, 10.553637459076295], [138.76229483664895, 10.533801334043455], [138.77419018898226, 10.525086768466313], [138.79322045526743, 10.509816081545363], [138.81611403691153, 10.496536077856327], [138.82414607388594, 10.489439374902737]]]}, "properties": {"fillColor": "#0000FF", "fillOpacity": 0.7, "color": "#000000", "weight": 0.2, "stroke": false}}, {"type": "Feature", "geometry": {"type": "Polygon", "coordinates": [[[138.87729754845066, 10.525086768466313], [138.85507169250442, 10.526582161336828], [138.82414607388594, 10.53635468509015], [138.79322045526743, 10.553280614175058], [138.79275364964653, 10.553637459076295], [138.76229483664895, 10.582003005995094], [138.7621337922582, 10.582188149686278], [138.74897964746654, 10.610738840296262], [138.75069659247004, 10.639289530906247], [138.76229483664895, 10.6561328634188], [138.78700127118157, 10.66784022151623], [138.79322045526743, 10.669494766305835], [138.80335836232126, 10.66784022151623], [138.82414607388594, 10.665136555706269], [138.85507169250442, 10.654912863125357], [138.8859973111229, 10.639403340679763], [138.88616111954912, 10.639289530906247], [138.91692292974142, 10.616274248669452], [138.92281860078023, 10.610738840296264], [138.94700421023478, 10.58218814968628], [138.9478485483599, 10.580631330438086], [138.9626376852674, 10.553637459076295], [138.9478485483599, 10.529166335661222], [138.91692292974142, 10.526258621831008], [138.89717759578735, 10.525086768466313], [138.8859973111229, 10.524412224576603], [138.87729754845066, 10.525086768466313]]]}, "properties": {"fillColor": "#0000FF", "fillOpacity": 0.7, "color": "#000000", "weight": 0.2, "stroke": false}}, {"type": "Feature", "geometry": {"type": "Polygon", "coordinates": [[[139.81376586967764, 10.74676751881351], [139.84469148829615, 10.745364920118607], [139.8682480464115, 10.75349229334618], [139.87561710691463, 10.755537883081969], [139.90509233877967, 10.782042983956163], [139.90654272553311, 10.784917306005394], [139.9232202246298, 10.81059367456615], [139.93122141606173, 10.839144365176132], [139.93381889473739, 10.867695055786115], [139.9333997059303, 10.896245746396099], [139.93746834415163, 10.911412079025038], [139.94454842628153, 10.924796437006083], [139.96424770024583, 10.953347127616066], [139.9683939627701, 10.959251672571195], [139.98649048525675, 10.98189781822605], [139.9993195813886, 10.99834368993896], [140.00964674128335, 11.010448508836035], [140.02809683889024, 11.038999199446017], [140.0302452000071, 11.044875304049306], [140.04174630431817, 11.067549890056], [140.04511560623263, 11.096100580665984], [140.0384257840679, 11.124651271275969], [140.0302452000071, 11.139086271960206], [140.02438512782888, 11.153201961885951], [139.9993195813886, 11.179910545547202], [139.99707477965072, 11.181752652495936], [139.9683939627701, 11.200148431906685], [139.93746834415163, 11.207674373477017], [139.90654272553311, 11.20976207901306], [139.87561710691463, 11.209103961783919], [139.84469148829615, 11.20636490636094], [139.81376586967764, 11.20163641895805], [139.78284025105916, 11.195300425731233], [139.75191463244067, 11.186714165559918], [139.73959098136976, 11.181752652495936], [139.7209890138222, 11.177326165295872], [139.69006339520368, 11.161583672071778], [139.6799831650399, 11.153201961885951], [139.6591377765852, 11.128570425181351], [139.65595097958524, 11.124651271275969], [139.63668554773622, 11.096100580665984], [139.62821215796671, 11.081239378492146], [139.6133943925224, 11.067549890056], [139.5972865393482, 11.058507597951493], [139.56636092072972, 11.045699018245584], [139.5538999697796, 11.038999199446017], [139.53543530211124, 11.027419307495688], [139.52002228374064, 11.010448508836035], [139.5146596731891, 10.98189781822605], [139.52524352079632, 10.953347127616066], [139.53543530211124, 10.942295259660249], [139.55443463683883, 10.924796437006083], [139.56636092072972, 10.91614629624762], [139.5972865393482, 10.898157967517989], [139.60031046605067, 10.896245746396099], [139.62821215796671, 10.874051128035534], [139.63408082494348, 10.867695055786115], [139.6591377765852, 10.840097696820129], [139.65974372128517, 10.839144365176132], [139.68472384356076, 10.81059367456615], [139.69006339520368, 10.805879216679864], [139.7209890138222, 10.78380994760992], [139.7246513671348, 10.782042983956163], [139.75191463244067, 10.764650444261118], [139.78284025105916, 10.75573393136726], [139.79712858578358, 10.75349229334618], [139.81376586967764, 10.74676751881351]]]}, "properties": {"fillColor": "#0000FF", "fillOpacity": 0.7, "color": "#000000", "weight": 0.2, "stroke": false}}, {"type": "Feature", "geometry": {"type": "Polygon", "coordinates": [[[139.7497351255473, 10.782042983956163], [139.7209890138222, 10.795912026691607], [139.70277193357018, 10.81059367456615], [139.69006339520365, 10.82385437669318], [139.67508903876347, 10.839144365176132], [139.6591377765852, 10.8642404556237], [139.65600118118425, 10.867695055786115], [139.62941372514348, 10.896245746396097], [139.62821215796671, 10.897243418782057], [139.5972865393482, 10.917031216774522], [139.5859998721534, 10.924796437006083], [139.56636092072972, 10.938984493378264], [139.55078468999284, 10.953347127616066], [139.53917446749585, 10.981897818226049], [139.54933544546552, 11.010448508836035], [139.56636092072972, 11.023564871485231], [139.5972865393482, 11.036881601935132], [139.6020972242202, 11.038999199446017], [139.62821215796671, 11.055314858171196], [139.6390471086816, 11.067549890056], [139.65841076898715, 11.096100580665984], [139.6591377765852, 11.097107247676792], [139.6754606610578, 11.124651271275969], [139.69006339520368, 11.139616982165222], [139.71086315666844, 11.153201961885951], [139.7209890138222, 11.159613611991087], [139.75191463244067, 11.171630231038412], [139.78284025105916, 11.178153390253202], [139.80359198390474, 11.181752652495936], [139.81376586967764, 11.18491696653104], [139.84469148829615, 11.193152434903595], [139.87561710691463, 11.197302049838356], [139.90654272553311, 11.19720001671173], [139.93746834415163, 11.191474127284138], [139.9586267777204, 11.181752652495936], [139.9683939627701, 11.177230642211104], [139.99595745238898, 11.153201961885951], [139.9993195813886, 11.147537235379705], [140.0139889640621, 11.124651271275969], [140.02027117223807, 11.096100580665984], [140.01641643087294, 11.067549890056], [139.99988589807506, 11.038999199446017], [139.9993195813886, 11.038273453693035], [139.97844926899003, 11.010448508836035], [139.9683939627701, 10.999056699028067], [139.95345593051456, 10.981897818226052], [139.93746834415163, 10.961921684003606], [139.93180656449607, 10.953347127616066], [139.91127538829386, 10.924796437006083], [139.90663287855702, 10.896245746396099], [139.91555361922104, 10.867695055786115], [139.91034209431902, 10.839144365176132], [139.90654272553311, 10.830996768851884], [139.90111656208097, 10.81059367456615], [139.88128948268275, 10.782042983956163], [139.87561710691463, 10.776942196535096], [139.84469148829615, 10.761329239544581], [139.81376586967764, 10.759787555513274], [139.78284025105916, 10.765500300761948], [139.75191463244067, 10.780652572362623], [139.7497351255473, 10.782042983956163]]]}, "properties": {"fillColor": "#0000FF", "fillOpacity": 0.7, "color": "#000000", "weight": 0.2, "stroke": false}}, {"type": "Feature", "geometry": {"type": "Polygon", "coordinates": [[[134.98936936519303, 10.776683909462891], [135.00452835395075, 10.782042983956163], [135.02029498381154, 10.792809027703647], [135.02886247212354, 10.81059367456615], [135.02962066642914, 10.839144365176132], [135.0273603656639, 10.867695055786115], [135.02717110752488, 10.8962457463961], [135.026728946789, 10.924796437006083], [135.02317501516987, 10.953347127616066], [135.02029498381154, 10.963819345784692], [135.0149247302171, 10.98189781822605], [134.99807991351898, 11.010448508836035], [134.98936936519303, 11.01936535882999], [134.9677984322699, 11.038999199446017], [134.95844374657455, 11.046182543121109], [134.92751812795603, 11.063058477807864], [134.89659250933755, 11.066176902787346], [134.86566689071907, 11.0548895123103], [134.8461572322914, 11.038999199446017], [134.8347412721006, 11.02388428365569], [134.82494148985296, 11.010448508836035], [134.82189318270832, 10.981897818226049], [134.8347412721006, 10.964818414842302], [134.84625217494855, 10.953347127616066], [134.86566689071907, 10.942447586710912], [134.89659250933755, 10.925614323760028], [134.89763449609524, 10.924796437006083], [134.92361004165727, 10.896245746396099], [134.92751812795603, 10.889722718635033], [134.93605906439115, 10.867695055786115], [134.94259920558216, 10.839144365176132], [134.95177320600277, 10.81059367456615], [134.95844374657455, 10.80048485192927], [134.98039259872598, 10.782042983956163], [134.98936936519303, 10.776683909462891]]]}, "properties": {"fillColor": "#0000FF", "fillOpacity": 0.7, "color": "#000000", "weight": 0.2, "stroke": false}}, {"type": "Feature", "geometry": {"type": "Polygon", "coordinates": [[[134.9181842364946, 10.98189781822605], [134.92751812795603, 10.986587080506427], [134.93122965020916, 10.981897818226049], [134.92751812795603, 10.978788256619474], [134.9181842364946, 10.98189781822605]]]}, "properties": {"fillColor": "#0000FF", "fillOpacity": 0.7, "color": "#000000", "weight": 0.2, "stroke": false}}, {"type": "Feature", "geometry": {"type": "Polygon", "coordinates": [[[143.74131943422603, 10.879878745601665], [143.7722450528445, 10.873376505551743], [143.80317067146302, 10.873403581039847], [143.8340962900815, 10.881869957019164], [143.8540405487837, 10.896245746396099], [143.8650219087, 10.900659954916446], [143.89594752731847, 10.915938295467427], [143.91304407277386, 10.924796437006083], [143.92687314593698, 10.927871089851745], [143.95779876455546, 10.934285228321425], [143.98872438317397, 10.942276502378238], [144.01765291276476, 10.953347127616066], [144.01965000179246, 10.953747843196153], [144.05057562041094, 10.964273463571008], [144.07805357400755, 10.98189781822605], [144.08150123902942, 10.983192346210233], [144.11242685764793, 10.991782846976614], [144.14335247626641, 11.001768620130068], [144.16678957062294, 11.010448508836035], [144.1742780948849, 11.012425625529795], [144.2052037135034, 11.020362177863149], [144.2361293321219, 11.03017423088359], [144.26076454992676, 11.038999199446017], [144.26705495074037, 11.040874777059043], [144.29798056935886, 11.050352810946757], [144.32890618797737, 11.063130201046999], [144.3371447438135, 11.067549890055998], [144.35983180659585, 11.08067614371379], [144.38067631737113, 11.096100580665984], [144.39075742521436, 11.108659175838493], [144.40366589312427, 11.124651271275969], [144.40567910856322, 11.153201961885951], [144.39075742521436, 11.16819135095038], [144.36797207640166, 11.181752652495936], [144.35983180659585, 11.184850109240495], [144.32890618797737, 11.194625351992254], [144.29798056935886, 11.201867666849356], [144.26705495074037, 11.20690139004974], [144.2361293321219, 11.210097592108102], [144.2336672801232, 11.21030334310592], [144.2052037135034, 11.213816705051777], [144.1742780948849, 11.218371875104229], [144.14335247626641, 11.225257222800073], [144.11242685764793, 11.235053142874712], [144.10257628861, 11.238854033715903], [144.08150123902942, 11.25031749875153], [144.05057562041094, 11.261612638341902], [144.01965000179246, 11.266861291588928], [144.01606510961972, 11.267404724325885], [143.98872438317397, 11.274850453032949], [143.95779876455546, 11.28586670521918], [143.92687314593698, 11.280708794394979], [143.90575180620314, 11.267404724325885], [143.89594752731847, 11.262504713238835], [143.8650219087, 11.266810706632564], [143.86416650724152, 11.267404724325885], [143.8340962900815, 11.287357826889156], [143.80344977513542, 11.295955414935872], [143.803170671463, 11.296081927784202], [143.7722450528445, 11.29962502773449], [143.75924094273353, 11.295955414935872], [143.74131943422603, 11.29338053056529], [143.71039381560755, 11.280565887584501], [143.69122675229463, 11.267404724325885], [143.67946819698903, 11.260996077973678], [143.65260921120176, 11.238854033715903], [143.64854257837055, 11.23546978764557], [143.62607445822164, 11.21030334310592], [143.61761695975207, 11.193873290132831], [143.60987947681915, 11.181752652495938], [143.59792719971085, 11.153201961885951], [143.59211277655876, 11.124651271275969], [143.589278097587, 11.096100580665984], [143.58894848517602, 11.067549890056], [143.59185751226488, 11.038999199446017], [143.6005894512603, 11.010448508836035], [143.61761695975207, 10.987452153146751], [143.62063929187374, 10.98189781822605], [143.64632452217245, 10.953347127616066], [143.64854257837055, 10.951192257198198], [143.67478234680047, 10.924796437006083], [143.67946819698903, 10.92031628044937], [143.71039381560755, 10.897503942877822], [143.7134887497126, 10.896245746396099], [143.74131943422603, 10.879878745601665]]]}, "properties": {"fillColor": "#0000FF", "fillOpacity": 0.7, "color": "#000000", "weight": 0.2, "stroke": false}}, {"type": "Feature", "geometry": {"type": "Polygon", "coordinates": [[[143.76514936885354, 10.896245746396099], [143.74131943422603, 10.899744250759356], [143.71039381560755, 10.913721740206748], [143.69673762317063, 10.924796437006083], [143.67946819698903, 10.937314907535121], [143.66273181553836, 10.953347127616066], [143.64854257837055, 10.96806847729373], [143.63547507752114, 10.98189781822605], [143.61894182999853, 11.010448508836035], [143.61761695975207, 11.01432169973251], [143.60475370469769, 11.038999199446017], [143.59952647213015, 11.067549890056], [143.5998419336599, 11.096100580665984], [143.60459620579948, 11.124651271275969], [143.6152189298187, 11.153201961885951], [143.61761695975207, 11.157771300616485], [143.62678504209293, 11.181752652495934], [143.64854257837055, 11.20997782410399], [143.64885979649708, 11.21030334310592], [143.67946819698903, 11.237051589927669], [143.6823779169446, 11.238854033715903], [143.71039381560755, 11.258242756176283], [143.72992487927897, 11.267404724325885], [143.74131943422603, 11.274050588302167], [143.7722450528445, 11.283251011052615], [143.80317067146302, 11.279451891529419], [143.82747508877466, 11.267404724325885], [143.8340962900815, 11.26446463157071], [143.8650219087, 11.240765873904989], [143.87214774444053, 11.238854033715903], [143.89594752731847, 11.233845158288988], [143.90732031895917, 11.238854033715903], [143.92687314593698, 11.249949723345864], [143.9577987645555, 11.253911815780437], [143.98872438317397, 11.246547811314551], [144.01965000179246, 11.242438277925244], [144.03327581956975, 11.238854033715903], [144.05057562041094, 11.23557589987064], [144.08150123902942, 11.223884354612991], [144.10951517968527, 11.21030334310592], [144.11242685764793, 11.20925158668993], [144.14335247626641, 11.201016170553665], [144.1742780948849, 11.194757591973989], [144.2052037135034, 11.18948333605709], [144.2361293321219, 11.183527627944917], [144.24380830364757, 11.181752652495936], [144.26705495074037, 11.175377649142428], [144.29798056935886, 11.163466530836985], [144.31904886613745, 11.153201961885951], [144.32890618797737, 11.135630783487203], [144.33432563010592, 11.124651271275969], [144.32890618797737, 11.11805395294914], [144.31094217765323, 11.096100580665984], [144.29798056935886, 11.089027218806262], [144.26705495074037, 11.073614213946561], [144.25519871410427, 11.067549890056], [144.2361293321219, 11.059645839876763], [144.2052037135034, 11.046814610492667], [144.18606895670035, 11.038999199446017], [144.1742780948849, 11.033952305253772], [144.14335247626644, 11.020929500074143], [144.1124268576479, 11.010878458025577], [144.11130448470507, 11.010448508836033], [144.08150123902942, 10.995967220965353], [144.05057562041094, 10.983566466767527], [144.0460678556251, 10.98189781822605], [144.01965000179246, 10.966980130174749], [143.98872438317397, 10.958507759203407], [143.95947718369942, 10.953347127616066], [143.95779876455546, 10.952752237225297], [143.92687314593698, 10.941438013596567], [143.89594752731847, 10.932302694242335], [143.86964176012154, 10.924796437006083], [143.8650219087, 10.922087626060197], [143.8340962900815, 10.905531617029911], [143.80317067146302, 10.897280728046914], [143.7877576496678, 10.896245746396099], [143.7722450528445, 10.894356827969276], [143.76514936885354, 10.896245746396099]]]}, "properties": {"fillColor": "#0000FF", "fillOpacity": 0.7, "color": "#000000", "weight": 0.2, "stroke": false}}, {"type": "Feature", "geometry": {"type": "Polygon", "coordinates": [[[140.3085757675735, 11.224825610008645], [140.3190680826878, 11.238854033715903], [140.3085757675735, 11.245401251188694], [140.29997391069682, 11.238854033715903], [140.3085757675735, 11.224825610008645]]]}, "properties": {"fillColor": "#0000FF", "fillOpacity": 0.7, "color": "#000000", "weight": 0.2, "stroke": false}}, {"type": "Feature", "geometry": {"type": "Polygon", "coordinates": [[[145.00926979758418, 11.453440634448489], [145.04019541620266, 11.450562646393607], [145.07112103482115, 11.458183929137451], [145.0895550257812, 11.467259558595773], [145.10204665343963, 11.474358476868819], [145.13139963889262, 11.495810249205757], [145.13297227205814, 11.506729323234152], [145.13602596284636, 11.52436093981574], [145.13297227205814, 11.526293594788083], [145.10204665343963, 11.5334836498071], [145.07112103482115, 11.533784295028887], [145.04019541620266, 11.528985140102662], [145.02832627788922, 11.52436093981574], [145.00926979758418, 11.514304214014253], [144.99082515837668, 11.495810249205757], [144.99059751712173, 11.467259558595773], [145.00926979758418, 11.453440634448489]]]}, "properties": {"fillColor": "#0000FF", "fillOpacity": 0.7, "color": "#000000", "weight": 0.2, "stroke": false}}, {"type": "Feature", "geometry": {"type": "Polygon", "coordinates": [[[135.32955116999642, 11.578807519184132], [135.36047678861493, 11.558767655481626], [135.39140240723341, 11.558628513521038], [135.4223280258519, 11.567360269225748], [135.44726011699777, 11.581462321035708], [135.4532536444704, 11.584268205678589], [135.4841792630889, 11.599512055019481], [135.50652968637021, 11.610013011645691], [135.51510488170737, 11.612309891303374], [135.54603050032588, 11.61597507800622], [135.57695611894437, 11.615351351445957], [135.60788173756285, 11.621077268317634], [135.6338267600512, 11.638563702255674], [135.63880735618136, 11.643022179074238], [135.66354798455785, 11.667114392865658], [135.66973297479984, 11.68281343569124], [135.68025504367924, 11.695665083475642], [135.68350512603996, 11.724215774085625], [135.66973297479984, 11.740472985286099], [135.65850255496963, 11.752766464695608], [135.63880735618136, 11.763926101410512], [135.60788173756285, 11.77277353282902], [135.57695611894437, 11.77422000302801], [135.54603050032588, 11.769990458824287], [135.51510488170737, 11.756595571980927], [135.50921564924974, 11.752766464695608], [135.4841792630889, 11.738713766785182], [135.46513942628033, 11.724215774085625], [135.4532536444704, 11.714939096130795], [135.42582611959543, 11.695665083475642], [135.4223280258519, 11.693321097009296], [135.39140240723341, 11.67589778065642], [135.3784243743143, 11.667114392865658], [135.36047678861493, 11.653102206464784], [135.34332736117491, 11.638563702255674], [135.32955116999642, 11.614144883104043], [135.32627817003151, 11.610013011645691], [135.32709111885757, 11.581462321035707], [135.32955116999642, 11.578807519184132]]]}, "properties": {"fillColor": "#0000FF", "fillOpacity": 0.7, "color": "#000000", "weight": 0.2, "stroke": false}}, {"type": "Feature", "geometry": {"type": "Polygon", "coordinates": [[[135.3750908181397, 11.610013011645691], [135.38543614275054, 11.638563702255674], [135.39140240723341, 11.643397396166874], [135.4223280258519, 11.665658013531418], [135.4239086276575, 11.667114392865658], [135.4532536444704, 11.68619682042979], [135.46203218711761, 11.695665083475642], [135.4841792630889, 11.713662893783239], [135.49565377336276, 11.724215774085625], [135.51510488170737, 11.737898059945923], [135.54603050032588, 11.75067187478152], [135.56056631473632, 11.752766464695608], [135.57695611894437, 11.75614506154567], [135.599985030761, 11.752766464695608], [135.60788173756285, 11.751776650208685], [135.63880735618136, 11.735308908387633], [135.64995664543522, 11.724215774085625], [135.65577301401302, 11.695665083475642], [135.64239234638234, 11.667114392865658], [135.63880735618136, 11.6636233598552], [135.61081303463558, 11.638563702255674], [135.60788173756285, 11.636588065786736], [135.57695611894437, 11.62760843486501], [135.54603050032588, 11.631802926478825], [135.51510488170737, 11.630325999612118], [135.4841792630889, 11.624883146895503], [135.4532536444704, 11.612866986626162], [135.44710946824938, 11.610013011645691], [135.4223280258519, 11.599559089813972], [135.39140240723341, 11.59678893328959], [135.3750908181397, 11.610013011645691]]]}, "properties": {"fillColor": "#0000FF", "fillOpacity": 0.7, "color": "#000000", "weight": 0.2, "stroke": false}}, {"type": "Feature", "geometry": {"type": "Polygon", "coordinates": [[[135.8552866865108, 11.607032888853771], [135.87840783507446, 11.610013011645691], [135.88621230512928, 11.610711280183256], [135.91713792374776, 11.627659053157336], [135.93081265133534, 11.638563702255674], [135.94806354236624, 11.651848716218982], [135.965119183112, 11.667114392865658], [135.97898916098475, 11.679150399692574], [135.99918770415337, 11.695665083475642], [136.00991477960324, 11.701936220511211], [136.04084039822175, 11.716777409921715], [136.0536082206389, 11.724215774085625], [136.07176601684023, 11.732990336042272], [136.1012078976653, 11.752766464695608], [136.1026916354587, 11.753484087577903], [136.1336172540772, 11.760937286454213], [136.1645428726957, 11.762510838679217], [136.1954684913142, 11.762676441930871], [136.22639410993267, 11.765548371892582], [136.25731972855118, 11.775034276130336], [136.26860854853823, 11.781317155305594], [136.28824534716966, 11.789628361052078], [136.31368464409138, 11.809867845915576], [136.31917096578815, 11.816101193992704], [136.34139594633518, 11.838418536525559], [136.35009658440663, 11.855832631657503], [136.35782736306803, 11.866969227135543], [136.36403622710546, 11.895519917745528], [136.3538689846777, 11.92407060835551], [136.35009658440663, 11.928247445269722], [136.32535931039473, 11.952621298965495], [136.31917096578815, 11.956888073262968], [136.28824534716966, 11.97525402365348], [136.26881047785375, 11.98117198957548], [136.25731972855118, 11.985805430404024], [136.22639410993267, 11.990767492974605], [136.1954684913142, 11.989846529285748], [136.1645428726957, 11.991598988647521], [136.1336172540772, 11.998863889479361], [136.1026916354587, 12.009621373554829], [136.1025027081256, 12.009722680185462], [136.07176601684023, 12.036089742765858], [136.06819715780458, 12.038273370795444], [136.04413663960952, 12.066824061405429], [136.04084039822175, 12.071780430081379], [136.00991477960324, 12.093723760660922], [135.97898916098475, 12.094271103478173], [135.94806354236624, 12.089813309382443], [135.91713792374776, 12.084798118657785], [135.88621230512928, 12.081780850601412], [135.8552866865108, 12.083031946515487], [135.82436106789228, 12.08883277691774], [135.7934354492738, 12.088109811729494], [135.76250983065532, 12.07640500538775], [135.74907745288948, 12.066824061405427], [135.7315842120368, 12.049106984613724], [135.72313155344565, 12.038273370795444], [135.7090934595033, 12.009722680185462], [135.70327899947776, 11.98117198957548], [135.70131706119415, 11.952621298965495], [135.70065859341832, 11.94464454431775], [135.69714372580248, 11.92407060835551], [135.69945604843895, 11.89551991774553], [135.70065859341832, 11.893383992651449], [135.70916901666908, 11.866969227135543], [135.72554560349036, 11.838418536525559], [135.7315842120368, 11.826697808073387], [135.7366729489915, 11.809867845915576], [135.74205241451907, 11.781317155305594], [135.74330200978122, 11.752766464695608], [135.7446707680546, 11.724215774085625], [135.75534966520524, 11.695665083475642], [135.76250983065535, 11.686073624435263], [135.77061229497596, 11.66711439286566], [135.7934354492738, 11.640518976013844], [135.79545162581027, 11.638563702255674], [135.82436106789228, 11.616551599004609], [135.84794455986489, 11.610013011645691], [135.8552866865108, 11.607032888853771]]]}, "properties": {"fillColor": "#0000FF", "fillOpacity": 0.7, "color": "#000000", "weight": 0.2, "stroke": false}}, {"type": "Feature", "geometry": {"type": "Polygon", "coordinates": [[[135.83304748860508, 11.638563702255672], [135.82436106789228, 11.641810306089761], [135.79775936897963, 11.667114392865658], [135.7934354492738, 11.674950932816689], [135.7814728003755, 11.695665083475642], [135.77465456238798, 11.724215774085625], [135.77162588350416, 11.752766464695608], [135.76661664746584, 11.781317155305594], [135.76250983065532, 11.796282292100255], [135.75705933416785, 11.809867845915576], [135.74334586296055, 11.838418536525559], [135.7315842120368, 11.864114406759057], [135.72969975606722, 11.866969227135543], [135.71393607586663, 11.895519917745528], [135.7123176521245, 11.92407060835551], [135.7177722179443, 11.952621298965495], [135.7230591535258, 11.98117198957548], [135.7315842120368, 12.002185725424198], [135.73409559820544, 12.009722680185462], [135.75221046659829, 12.038273370795444], [135.76250983065532, 12.048213815734716], [135.7934354492738, 12.064008243272779], [135.8243610678923, 12.066698568003726], [135.8552866865108, 12.064491379762812], [135.88621230512928, 12.064456401444133], [135.91713792374776, 12.065389245079754], [135.94806354236624, 12.06620005894618], [135.97898916098475, 12.064007960380074], [136.00991477960324, 12.053522483352296], [136.02942685972502, 12.038273370795444], [136.04084039822175, 12.03265801900798], [136.07176601684023, 12.01097278172107], [136.07322328895228, 12.009722680185462], [136.1026916354587, 11.99392116091502], [136.1277488625941, 11.98117198957548], [136.1336172540772, 11.979294055649694], [136.1645428726957, 11.974958339450884], [136.1954684913142, 11.97148026292162], [136.22639410993267, 11.969203781951654], [136.25731972855118, 11.962213470331296], [136.27634166733193, 11.952621298965497], [136.28824534716966, 11.946934539460111], [136.31499904515059, 11.92407060835551], [136.31917096578815, 11.916099396553967], [136.33107703200915, 11.895519917745528], [136.327974525531, 11.866969227135543], [136.31917096578815, 11.854201874327657], [136.31241059472495, 11.838418536525559], [136.28824534716966, 11.813933160811533], [136.2820663692017, 11.809867845915576], [136.25731972855118, 11.79420726744642], [136.22639410993267, 11.786147030308292], [136.1954684913142, 11.783161265234355], [136.1645428726957, 11.782974224342595], [136.1336172540772, 11.782902822618064], [136.1221326075866, 11.781317155305594], [136.1026916354587, 11.776107573900735], [136.07176601684023, 11.759236770941275], [136.06015984013354, 11.752766464695608], [136.04084039822175, 11.740368164528554], [136.00991477960324, 11.727356672614595], [136.00305636267032, 11.724215774085625], [135.97898916098475, 11.708515760495926], [135.9617277301448, 11.695665083475642], [135.94806354236624, 11.683565531773173], [135.92497734322131, 11.667114392865658], [135.91713792374776, 11.660775325495319], [135.88795462027787, 11.638563702255674], [135.88621230512928, 11.637388179727443], [135.8552866865108, 11.629728156363903], [135.83304748860508, 11.638563702255672]]]}, "properties": {"fillColor": "#0000FF", "fillOpacity": 0.7, "color": "#000000", "weight": 0.2, "stroke": false}}, {"type": "Feature", "geometry": {"type": "Polygon", "coordinates": [[[148.31831098976272, 11.685157513623576], [148.3492366083812, 11.67196171006071], [148.3801622269997, 11.67388583544499], [148.4110878456182, 11.679788442869175], [148.44201346423668, 11.68729755202018], [148.46640599372353, 11.695665083475642], [148.4729390828552, 11.699605725291379], [148.49298408446228, 11.724215774085625], [148.49277295421348, 11.752766464695608], [148.4729390828552, 11.771092124017587], [148.44201346423668, 11.779592588948232], [148.4110878456182, 11.777227702661257], [148.3801622269997, 11.768188638362219], [148.3521243470106, 11.752766464695608], [148.3492366083812, 11.750431662352804], [148.32162817182666, 11.724215774085625], [148.31831098976272, 11.71383665964727], [148.31108228957282, 11.695665083475642], [148.31831098976272, 11.685157513623576]]]}, "properties": {"fillColor": "#0000FF", "fillOpacity": 0.7, "color": "#000000", "weight": 0.2, "stroke": false}}, {"type": "Feature", "geometry": {"type": "Polygon", "coordinates": [[[129.94849353037898, 12.227403882739077], [129.97941914899747, 12.221449185314079], [130.01034476761595, 12.224954863870254], [130.0360824093016, 12.238128205065331], [130.04127038623446, 12.239867467015209], [130.0708864878936, 12.266678895675314], [130.07219600485294, 12.269681426829234], [130.0879082565129, 12.295229586285298], [130.09208328262105, 12.323780276895281], [130.08906027408534, 12.352330967505265], [130.0734928597996, 12.38088165811525], [130.07219600485294, 12.38241911323004], [130.04127038623446, 12.408666540557185], [130.03830064366176, 12.409432348725232], [130.01034476761595, 12.420924976500327], [129.97941914899747, 12.421541283564016], [129.94849353037898, 12.409968160068226], [129.94771564986965, 12.40943234872523], [129.91756791176047, 12.387659531440406], [129.91185990927278, 12.38088165811525], [129.89660082004625, 12.352330967505265], [129.89236869743996, 12.323780276895281], [129.8937294813045, 12.295229586285298], [129.90329145808738, 12.266678895675314], [129.91756791176047, 12.249020007409253], [129.93233904405486, 12.238128205065331], [129.94849353037898, 12.227403882739077]]]}, "properties": {"fillColor": "#0000FF", "fillOpacity": 0.7, "color": "#000000", "weight": 0.2, "stroke": false}}, {"type": "Feature", "geometry": {"type": "Polygon", "coordinates": [[[129.92108864048072, 12.266678895675314], [129.91756791176047, 12.273359975591681], [129.90498737263283, 12.295229586285298], [129.90223562418768, 12.323780276895281], [129.9110081571515, 12.352330967505265], [129.91756791176047, 12.362601790345495], [129.9295127639116, 12.38088165811525], [129.94849353037898, 12.397063291090479], [129.97941914899747, 12.405799181658706], [130.01034476761595, 12.40523293491011], [130.04127038623446, 12.394153788121532], [130.05632442847204, 12.38088165811525], [130.0710323412352, 12.352330967505265], [130.07219600485294, 12.341010086130623], [130.0758427025159, 12.323780276895281], [130.07219600485294, 12.30947324912402], [130.07062441800238, 12.295229586285298], [130.05653593866523, 12.266678895675314], [130.04127038623446, 12.252859005580886], [130.01034476761595, 12.240319378097329], [129.97941914899747, 12.2382479932951], [129.94849353037898, 12.24306635561991], [129.92108864048072, 12.266678895675314]]]}, "properties": {"fillColor": "#0000FF", "fillOpacity": 0.7, "color": "#000000", "weight": 0.2, "stroke": false}}, {"type": "Feature", "geometry": {"type": "Polygon", "coordinates": [[[139.13340226007085, 12.22955245538123], [139.16432787868933, 12.219498660678143], [139.19525349730782, 12.227300108462469], [139.20583617649368, 12.238128205065331], [139.2115640164501, 12.266678895675314], [139.19525349730782, 12.2928757187673], [139.19044444645792, 12.295229586285298], [139.16432787868933, 12.303456344319725], [139.13911891047974, 12.295229586285298], [139.13340226007085, 12.291785870694003], [139.116865574626, 12.266678895675314], [139.1239608709908, 12.238128205065333], [139.13340226007085, 12.22955245538123]]]}, "properties": {"fillColor": "#0000FF", "fillOpacity": 0.7, "color": "#000000", "weight": 0.2, "stroke": false}}, {"type": "Feature", "geometry": {"type": "Polygon", "coordinates": [[[144.5453855183068, 12.687775455269215], [144.57631113692528, 12.686427917064517], [144.6072367555438, 12.686891575081969], [144.63816237416228, 12.688900740938626], [144.6678295802213, 12.69493925482507], [144.66908799278076, 12.695193696947689], [144.70001361139924, 12.710462759274119], [144.71323342484334, 12.723489945435054], [144.7168510541154, 12.752040636045036], [144.70001361139924, 12.774087927391662], [144.69286205390227, 12.78059132665502], [144.66908799278076, 12.79279285466518], [144.63816237416228, 12.797808099337226], [144.6072367555438, 12.79467810623537], [144.57631113692528, 12.784123789951655], [144.56903085889124, 12.78059132665502], [144.5453855183068, 12.76846196649188], [144.52183481661314, 12.752040636045036], [144.5144598996883, 12.740381545973904], [144.5021247086392, 12.723489945435054], [144.5144598996883, 12.696041392721321], [144.51578110853555, 12.69493925482507], [144.5453855183068, 12.687775455269215]]]}, "properties": {"fillColor": "#0000FF", "fillOpacity": 0.7, "color": "#000000", "weight": 0.2, "stroke": false}}, {"type": "Feature", "geometry": {"type": "Polygon", "coordinates": [[[144.57231254165183, 12.723489945435054], [144.57603842695514, 12.752040636045036], [144.57631113692528, 12.752204450100043], [144.6072367555438, 12.763873343417213], [144.63816237416228, 12.765719107721118], [144.66906241721225, 12.752040636045036], [144.64998864739164, 12.723489945435054], [144.63816237416228, 12.71986589680025], [144.6072367555438, 12.717863481485589], [144.57631113692528, 12.721806658799217], [144.57231254165183, 12.723489945435054]]]}, "properties": {"fillColor": "#0000FF", "fillOpacity": 0.7, "color": "#000000", "weight": 0.2, "stroke": false}}, {"type": "Feature", "geometry": {"type": "Polygon", "coordinates": [[[120.91821289377957, 12.7765728438828], [120.94913851239804, 12.767595412276139], [120.98006413101653, 12.7647321043931], [121.01098974963503, 12.76589158109018], [121.04191536825351, 12.771530490607589], [121.06586579742122, 12.78059132665502], [121.07284098687201, 12.78245415919668], [121.1037666054905, 12.79580536294746], [121.12236130545489, 12.809142017265003], [121.13469222410899, 12.81959869332978], [121.1536317203482, 12.837692707874988], [121.1656178427275, 12.858024343695192], [121.17171569670897, 12.866243398484972], [121.17855458294315, 12.894794089094955], [121.16561784272749, 12.921130097143692], [121.16346414964198, 12.923344779704939], [121.13469222410899, 12.935090488046871], [121.1037666054905, 12.938562964713235], [121.072840986872, 12.940241121951948], [121.04191536825354, 12.942199995133523], [121.01098974963503, 12.943031401806467], [120.98006413101653, 12.941359747301753], [120.94913851239806, 12.935993799091296], [120.91821289377955, 12.924091773441114], [120.91669098914491, 12.923344779704939], [120.88728727516107, 12.900550258562777], [120.88133965820805, 12.894794089094955], [120.86742329014328, 12.866243398484972], [120.86568335101488, 12.837692707874988], [120.87616881833264, 12.809142017265003], [120.88728727516107, 12.797732309958965], [120.90973292652262, 12.78059132665502], [120.91821289377957, 12.7765728438828]]]}, "properties": {"fillColor": "#0000FF", "fillOpacity": 0.7, "color": "#000000", "weight": 0.2, "stroke": false}}, {"type": "Feature", "geometry": {"type": "Polygon", "coordinates": [[[120.94599029621226, 12.809142017265003], [120.92347623970123, 12.83769270787499], [120.92348377111664, 12.866243398484972], [120.94212284096017, 12.894794089094955], [120.94913851239806, 12.899637716657677], [120.98006413101652, 12.913616320735564], [121.01098974963502, 12.91824270114063], [121.04191536825354, 12.918007341900116], [121.07284098687201, 12.914981842415], [121.1037666054905, 12.908307923044841], [121.12848856670895, 12.894794089094955], [121.13423548734374, 12.866243398484972], [121.11779582637509, 12.837692707874988], [121.1037666054905, 12.82547198229624], [121.07686280004027, 12.809142017265003], [121.07284098687201, 12.806948353876914], [121.04191536825353, 12.796354744678592], [121.01098974963503, 12.793342066595368], [120.98006413101653, 12.796061924855254], [120.94913851239805, 12.807303970025385], [120.94599029621226, 12.809142017265003]]]}, "properties": {"fillColor": "#0000FF", "fillOpacity": 0.7, "color": "#000000", "weight": 0.2, "stroke": false}}, {"type": "Feature", "geometry": {"type": "Polygon", "coordinates": [[[144.63816237416228, 13.144487558499769], [144.66908799278076, 13.141821024657457], [144.70001361139924, 13.145002304091916], [144.7187099508622, 13.151750304584809], [144.73093923001775, 13.155052962853961], [144.76186484863624, 13.173482043376634], [144.77008244277357, 13.180300995194791], [144.79279046725472, 13.202663636283102], [144.7989228778951, 13.208851685804774], [144.82005469979606, 13.237402376414758], [144.82371608587323, 13.249109981931227], [144.8317788060973, 13.265953067024743], [144.83380133457214, 13.294503757634725], [144.8238455786054, 13.32305444824471], [144.82371608587323, 13.323252563613867], [144.8118723399122, 13.351605138854694], [144.79279046725472, 13.37424721989689], [144.78854134866944, 13.380155829464677], [144.76186484863624, 13.404270033268734], [144.75546738001344, 13.408706520074661], [144.73093923001775, 13.425482118866455], [144.70001361139924, 13.436023622707504], [144.6951319618803, 13.437257210684642], [144.66908799278076, 13.449184554460775], [144.63816237416228, 13.457189198253909], [144.6072367555438, 13.462859909234496], [144.59048380989196, 13.465807901294628], [144.57631113692528, 13.471478266907965], [144.5453855183068, 13.481972097007736], [144.5144598996883, 13.48925922260931], [144.4861936721709, 13.49435859190461], [144.4835342810698, 13.495402650330213], [144.45260866245133, 13.50605833547339], [144.42168304383284, 13.51361006167894], [144.39075742521436, 13.519569016122984], [144.37130749136878, 13.522909282514595], [144.35983180659588, 13.526843106330345], [144.32890618797737, 13.53582266387168], [144.29798056935886, 13.54239061658047], [144.26705495074037, 13.546898400946464], [144.2361293321219, 13.549003201626498], [144.2052037135034, 13.547234821979973], [144.1742780948849, 13.53550295418301], [144.16093737624567, 13.522909282514595], [144.14335247626641, 13.498769379228174], [144.1404483384574, 13.494358591904613], [144.11833520403025, 13.465807901294628], [144.11242685764793, 13.459131199819254], [144.08404093297835, 13.437257210684644], [144.08150123902942, 13.435452033172222], [144.05057562041094, 13.423191655119709], [144.01965000179246, 13.418855555133325], [143.98872438317397, 13.423460560930383], [143.95779876455546, 13.428233869720444], [143.92687314593698, 13.426663746717713], [143.89594752731847, 13.419139155867093], [143.87306856531558, 13.408706520074661], [143.8650219087, 13.401382404228245], [143.84911752716533, 13.380155829464677], [143.85407696044936, 13.351605138854694], [143.8650219087, 13.33929361483105], [143.8823080500299, 13.32305444824471], [143.89594752731847, 13.315273700562091], [143.92687314593698, 13.304524829075193], [143.95779876455546, 13.299596145580159], [143.98872438317397, 13.29763862124394], [144.0188904546298, 13.294503757634727], [144.01965000179246, 13.294418527246883], [144.05057562041094, 13.28599028855814], [144.08150123902942, 13.272110036154064], [144.09101182928407, 13.265953067024743], [144.11242685764793, 13.252308271857682], [144.1363338506471, 13.237402376414758], [144.14335247626641, 13.232005297150035], [144.1742780948849, 13.211526023783966], [144.18076958459926, 13.208851685804776], [144.2052037135034, 13.196338597087575], [144.2361293321219, 13.189789719084509], [144.26705495074037, 13.187922026713522], [144.29798056935886, 13.188233283090728], [144.32890618797737, 13.189808069698632], [144.35983180659585, 13.192874001045507], [144.39075742521436, 13.197141343179903], [144.42168304383284, 13.198066850114829], [144.45260866245133, 13.193870271341291], [144.4835342810698, 13.187042508274185], [144.5133385120259, 13.180300995194791], [144.5144598996883, 13.179770614523733], [144.5453855183068, 13.166232376092934], [144.57631113692528, 13.1578015636689], [144.6072367555438, 13.152190512257116], [144.61080591148394, 13.151750304584809], [144.63816237416228, 13.144487558499769]]]}, "properties": {"fillColor": "#0000FF", "fillOpacity": 0.7, "color": "#000000", "weight": 0.2, "stroke": false}}, {"type": "Feature", "geometry": {"type": "Polygon", "coordinates": [[[144.5625585802166, 13.180300995194791], [144.5453855183068, 13.18422435112183], [144.5144598996883, 13.192792758721406], [144.4835342810698, 13.203462332306213], [144.4665289862201, 13.208851685804776], [144.45260866245133, 13.210908580683746], [144.42168304383284, 13.213120489218866], [144.39075742521436, 13.21256988926555], [144.35983180659585, 13.21050680450106], [144.32890618797737, 13.209225877627382], [144.30837929063608, 13.208851685804776], [144.29798056935886, 13.208414861911843], [144.27157622629636, 13.208851685804776], [144.26705495074035, 13.208892221603287], [144.2361293321219, 13.211275793353366], [144.2052037135034, 13.218547862932219], [144.1742780948849, 13.236258209593654], [144.17271911279397, 13.237402376414758], [144.14335247626641, 13.256634283544077], [144.13056772818993, 13.265953067024743], [144.1124268576479, 13.27991393850991], [144.09264092902163, 13.294503757634725], [144.08150123902942, 13.308800475357723], [144.06377324858215, 13.323054448244708], [144.05168935507612, 13.351605138854696], [144.0643467549984, 13.380155829464677], [144.08150123902942, 13.391830553890678], [144.09876639009082, 13.408706520074661], [144.11242685764793, 13.418983726785195], [144.12934290725372, 13.437257210684644], [144.14335247626641, 13.45233271092788], [144.15371630070882, 13.465807901294628], [144.1742780948849, 13.490298802487], [144.1787464305118, 13.49435859190461], [144.2052037135034, 13.514188902081415], [144.2361293321219, 13.521341325819108], [144.26705495074037, 13.521712955728326], [144.29798056935886, 13.518933766573236], [144.32890618797737, 13.51448090335545], [144.35983180659585, 13.508706717181], [144.39075742521436, 13.501395464916936], [144.4150177726517, 13.494358591904613], [144.42168304383284, 13.493303545688454], [144.45260866245133, 13.488172125729633], [144.4835342810698, 13.481830445101716], [144.5144598996883, 13.473269013985275], [144.5349770787769, 13.465807901294628], [144.5453855183068, 13.463923463330113], [144.57631113692528, 13.457673176563576], [144.6072367555438, 13.44974597760513], [144.63816237416228, 13.440338414627686], [144.6467774114531, 13.437257210684642], [144.66908799278076, 13.433143944197276], [144.70001361139924, 13.42352267369942], [144.72613860563993, 13.40870652007466], [144.73093923001775, 13.406140929649371], [144.76186484863624, 13.382524434680661], [144.76448513407612, 13.380155829464677], [144.78807752469035, 13.351605138854696], [144.79279046725472, 13.340649428514077], [144.803376768514, 13.323054448244708], [144.8113229718557, 13.294503757634725], [144.80907132345527, 13.265953067024743], [144.7927904672547, 13.237559541019678], [144.79271463751087, 13.237402376414758], [144.77143096900363, 13.208851685804776], [144.76186484863624, 13.199751387693887], [144.73193054811182, 13.180300995194791], [144.73093923001775, 13.179617303396418], [144.70001361139924, 13.164934646338224], [144.66908799278076, 13.16039328144381], [144.63816237416228, 13.161235812288309], [144.6072367555438, 13.165953124852635], [144.57631113692528, 13.174869474617598], [144.5625585802166, 13.180300995194791]]]}, "properties": {"fillColor": "#0000FF", "fillOpacity": 0.7, "color": "#000000", "weight": 0.2, "stroke": false}}, {"type": "Feature", "geometry": {"type": "Polygon", "coordinates": [[[148.31831098976272, 13.377108808711567], [148.33471881361703, 13.380155829464677], [148.3492366083812, 13.381713829247303], [148.3801622269997, 13.39108077886585], [148.40597670941006, 13.40870652007466], [148.4110878456182, 13.411869901946512], [148.4393990995346, 13.437257210684644], [148.44201346423668, 13.439719704796008], [148.4704488499986, 13.465807901294628], [148.4729390828552, 13.467864819941411], [148.50386470147367, 13.489066423831375], [148.51123466161337, 13.49435859190461], [148.53479032009216, 13.511640762248437], [148.54752851661786, 13.522909282514595], [148.56571593871064, 13.546449560621078], [148.57023350127884, 13.55145997312458], [148.59507569836583, 13.580010663734562], [148.59664155732915, 13.580951090009478], [148.62756717594763, 13.594665513068344], [148.65463718456783, 13.608561354344547], [148.65849279456611, 13.609680065840248], [148.68941841318463, 13.621272316325262], [148.71146646508504, 13.63711204495453], [148.7203440318031, 13.644008893894071], [148.74118137777447, 13.665662735564513], [148.7512696504216, 13.687409203047899], [148.75599246790736, 13.694213426174498], [148.76680228344037, 13.72276411678448], [148.76910055465868, 13.751314807394465], [148.76380613244305, 13.779865498004447], [148.7512696504216, 13.799343129631641], [148.74629078266625, 13.808416188614434], [148.7203440318031, 13.832031872121574], [148.71327219552836, 13.836966879224416], [148.68941841318463, 13.85371536863246], [148.66547967514293, 13.865517569834399], [148.65849279456611, 13.870060655951402], [148.62756717594763, 13.887138470767912], [148.60936266356663, 13.894068260444383], [148.59664155732915, 13.904902899974108], [148.5704004169573, 13.922618951054366], [148.56571593871064, 13.92709041929672], [148.53479032009216, 13.946129921578732], [148.51327793758654, 13.95116964166435], [148.50386470147367, 13.95326089063722], [148.47293908285522, 13.953331929176265], [148.45996187790547, 13.95116964166435], [148.44201346423668, 13.949380740299581], [148.4110878456182, 13.945089469773578], [148.3801622269997, 13.941396583524867], [148.3492366083812, 13.939825171759848], [148.31831098976272, 13.942254416773611], [148.28738537114424, 13.946328324536278], [148.2645804083503, 13.95116964166435], [148.2564597525257, 13.954377675371664], [148.22553413390725, 13.97267923931761], [148.20561921139364, 13.979720332274335], [148.19460851528876, 13.984825649806798], [148.16368289667025, 13.993148846339297], [148.13275727805177, 13.997134404548383], [148.1018316594333, 13.99803249840512], [148.0709060408148, 13.995269062574913], [148.0399804221963, 13.987136078207275], [148.02215799921893, 13.979720332274333], [148.0090548035778, 13.972628011969972], [147.98684575820073, 13.95116964166435], [147.97906984469387, 13.922618951054366], [147.9781291849593, 13.921374960533397], [147.95199508156307, 13.894068260444385], [147.94720356634082, 13.892550432086246], [147.91627794772234, 13.887119417627382], [147.88535232910385, 13.883692151732179], [147.85442671048537, 13.880905621706347], [147.8235010918669, 13.87642828830392], [147.79257547324838, 13.867881187780828], [147.78522293451095, 13.865517569834399], [147.76164985462987, 13.861382853742377], [147.73072423601138, 13.854961450854102], [147.6997986173929, 13.843848723862681], [147.68905690352636, 13.836966879224416], [147.6714562384499, 13.808416188614432], [147.67710988739304, 13.779865498004447], [147.6997986173929, 13.756002075349905], [147.70437155518937, 13.751314807394465], [147.73072423601138, 13.733047792907156], [147.7521573329075, 13.722764116784479], [147.76164985462987, 13.717044872874935], [147.79257547324838, 13.702679991596652], [147.8179470120715, 13.6942134261745], [147.82350109186686, 13.690875882439276], [147.85442671048537, 13.671786169276954], [147.86541539542634, 13.665662735564513], [147.88535232910385, 13.650651495199384], [147.91162864034143, 13.637112044954529], [147.91627794772234, 13.63334562231654], [147.94720356634082, 13.611737090724773], [147.9525560721842, 13.608561354344548], [147.9781291849593, 13.585109802900986], [147.9850987187716, 13.580010663734562], [148.0090548035778, 13.558532825735107], [148.02486448116923, 13.55145997312458], [148.0399804221963, 13.54318161957057], [148.0709060408148, 13.536212876777228], [148.1018316594333, 13.536246482717038], [148.13275727805177, 13.541145793686429], [148.16368289667025, 13.546042095073998], [148.18630315009892, 13.55145997312458], [148.19460851528876, 13.552207903701266], [148.22553413390725, 13.555799682389464], [148.25645975252573, 13.557396067271867], [148.28738537114424, 13.555059191979819], [148.30447711635995, 13.55145997312458], [148.31831098976272, 13.524581851445374], [148.31857227680447, 13.522909282514595], [148.31831098976272, 13.52202461320583], [148.305919593663, 13.494358591904614], [148.2895322708015, 13.465807901294628], [148.28738537114424, 13.461397042208477], [148.26862254137546, 13.437257210684644], [148.26143085783426, 13.408706520074661], [148.28738537114424, 13.38235549049999], [148.29797425397223, 13.380155829464677], [148.31831098976272, 13.377108808711567]]]}, "properties": {"fillColor": "#0000FF", "fillOpacity": 0.7, "color": "#000000", "weight": 0.2, "stroke": false}}, {"type": "Feature", "geometry": {"type": "Polygon", "coordinates": [[[148.31301905351359, 13.408706520074661], [148.3020537420086, 13.437257210684644], [148.31438346149073, 13.465807901294628], [148.31831098976272, 13.471765642369297], [148.32915001084825, 13.494358591904613], [148.33896583072627, 13.522909282514593], [148.34326879703033, 13.55145997312458], [148.31831098976272, 13.564123889649226], [148.28738537114424, 13.569208193564553], [148.25645975252573, 13.571764900861027], [148.22553413390725, 13.570336710235864], [148.19460851528876, 13.56564664332571], [148.16368289667025, 13.562273284404814], [148.13275727805177, 13.560952885913736], [148.1018316594333, 13.559724915638654], [148.0709060408148, 13.56048555686631], [148.0399804221963, 13.568069306065539], [148.02128890017264, 13.580010663734562], [148.0090548035778, 13.586359373772472], [147.98161980273252, 13.608561354344548], [147.9781291849593, 13.610473208438687], [147.94720356634082, 13.629982741097935], [147.9377942362757, 13.63711204495453], [147.91627794772234, 13.647738033965325], [147.89094427618977, 13.665662735564513], [147.88535232910385, 13.66889582632945], [147.85442671048537, 13.68843493768916], [147.8457645571109, 13.694213426174498], [147.82350109186686, 13.704444520667124], [147.79257547324838, 13.719852400062221], [147.78717723306625, 13.72276411678448], [147.76164985462987, 13.734355419334232], [147.7353267220363, 13.751314807394465], [147.73072423601138, 13.75594750232657], [147.70658567102186, 13.779865498004447], [147.70284679582235, 13.808416188614432], [147.73072423601138, 13.831614763529872], [147.74108204626233, 13.836966879224416], [147.76164985462987, 13.844822302167584], [147.79257547324838, 13.854751230544178], [147.82350109186686, 13.861163682468723], [147.8544267104854, 13.86453477663745], [147.86940730811077, 13.865517569834399], [147.88535232910385, 13.867888305032197], [147.91627794772234, 13.87227299329543], [147.94720356634082, 13.878745379064792], [147.9781291849593, 13.889148157146424], [147.98742470671263, 13.894068260444381], [148.0090548035778, 13.919142293673378], [148.0120169670591, 13.922618951054366], [148.03668069875926, 13.95116964166435], [148.0399804221963, 13.953495007720946], [148.0709060408148, 13.968378633033574], [148.1018316594333, 13.973434327553537], [148.13275727805177, 13.973484565797055], [148.16368289667025, 13.970265017307778], [148.19460851528876, 13.962899569748568], [148.2170754330142, 13.95116964166435], [148.22553413390725, 13.947469761023344], [148.25645975252573, 13.932879460646532], [148.28738537114424, 13.92399267993475], [148.294253686978, 13.922618951054366], [148.31831098976272, 13.920033363439593], [148.3492366083812, 13.917708311381418], [148.3801622269997, 13.918066629134733], [148.4110878456182, 13.91980995320026], [148.44201346423668, 13.922043294849427], [148.4729390828552, 13.92244243334002], [148.50386470147367, 13.917754951795416], [148.53479032009216, 13.905219800266362], [148.55383091274393, 13.894068260444385], [148.56571593871064, 13.891330314732738], [148.59664155732918, 13.881380909695388], [148.62637176919415, 13.865517569834399], [148.62756717594763, 13.865125314537403], [148.65849279456611, 13.851823683805375], [148.68074678568024, 13.836966879224416], [148.68941841318463, 13.83192813780423], [148.71859167267024, 13.808416188614434], [148.72034403180314, 13.806514298273653], [148.74187208393232, 13.779865498004447], [148.74753630381076, 13.751314807394465], [148.74644007632193, 13.72276411678448], [148.73866438854373, 13.694213426174496], [148.7203440318031, 13.668502536001796], [148.71823332469305, 13.665662735564513], [148.68941841318463, 13.64121005482983], [148.68115740215234, 13.63711204495453], [148.65849279456611, 13.62430027528519], [148.62756717594763, 13.613818362450532], [148.60708938224099, 13.608561354344548], [148.59664155732915, 13.603287562011529], [148.56571593871064, 13.585224914935477], [148.55923107169906, 13.580010663734562], [148.54176012643188, 13.55145997312458], [148.53479032009216, 13.543357877956131], [148.51785126967593, 13.522909282514595], [148.50386470147367, 13.51166240732535], [148.48040540786906, 13.494358591904613], [148.4729390828552, 13.488791398075819], [148.4451138409897, 13.465807901294628], [148.44201346423668, 13.462963444088038], [148.41472183786357, 13.437257210684644], [148.4110878456182, 13.433998531879467], [148.3801622269997, 13.413643279943669], [148.3639913919104, 13.408706520074661], [148.3492366083812, 13.403245159810384], [148.31831098976272, 13.405873829615045], [148.31301905351359, 13.408706520074661]]]}, "properties": {"fillColor": "#0000FF", "fillOpacity": 0.7, "color": "#000000", "weight": 0.2, "stroke": false}}, {"type": "Feature", "geometry": {"type": "Polygon", "coordinates": [[[147.39054243120796, 14.684027052371817], [147.4214680498265, 14.68256550530539], [147.45239366844498, 14.691404983871205], [147.45641367369984, 14.693487597523925], [147.48331928706347, 14.704119519084728], [147.51099131165773, 14.72203828813391], [147.51424490568195, 14.724564479239547], [147.5384540542125, 14.750588978743892], [147.54517052430043, 14.772362570376995], [147.54786786957638, 14.779139669353878], [147.54533480621652, 14.80769035996386], [147.54517052430043, 14.808013689679328], [147.5350444495026, 14.836241050573843], [147.51424490568195, 14.862796874920889], [147.5128362717632, 14.864791741183828], [147.48331928706347, 14.892812301790935], [147.48268543817966, 14.89334243179381], [147.45239366844498, 14.914828489824853], [147.43683010306592, 14.921893122403795], [147.4214680498265, 14.930170336137325], [147.390542431208, 14.940592918708345], [147.35961681258948, 14.945107929492348], [147.328691193971, 14.946084199825686], [147.2977655753525, 14.941714102538679], [147.26987876587577, 14.921893122403795], [147.26683995673403, 14.918107599346417], [147.25212703832756, 14.893342431793812], [147.24578596168755, 14.86479174118383], [147.24553348753435, 14.836241050573843], [147.25313068006432, 14.80769035996386], [147.26683995673403, 14.785586259313344], [147.2698475446805, 14.779139669353876], [147.28876144329698, 14.75058897874389], [147.2977655753525, 14.740671947144865], [147.31714103748345, 14.72203828813391], [147.328691193971, 14.712064102198497], [147.35961681258948, 14.695168141035783], [147.36593669030768, 14.693487597523925], [147.39054243120796, 14.684027052371817]]]}, "properties": {"fillColor": "#0000FF", "fillOpacity": 0.7, "color": "#000000", "weight": 0.2, "stroke": false}}, {"type": "Feature", "geometry": {"type": "Polygon", "coordinates": [[[147.35650333257033, 14.72203828813391], [147.328691193971, 14.73815898753097], [147.31552650207874, 14.750588978743892], [147.2977655753525, 14.771584429467726], [147.29179318065795, 14.779139669353876], [147.27520830619292, 14.807690359963862], [147.26777471612436, 14.836241050573843], [147.26851630991396, 14.864791741183828], [147.27812589952498, 14.89334243179381], [147.2977655753525, 14.914199640586887], [147.3187786702705, 14.921893122403795], [147.328691193971, 14.925234926193863], [147.35961681258948, 14.926054919378537], [147.37817562062645, 14.921893122403795], [147.390542431208, 14.919907089042873], [147.4214680498265, 14.909316179962197], [147.4478277673072, 14.89334243179381], [147.45239366844498, 14.890181172215257], [147.48170059607088, 14.864791741183828], [147.48331928706347, 14.862775627918314], [147.50481569436425, 14.836241050573843], [147.51424490568195, 14.813271268084291], [147.51705372834937, 14.80769035996386], [147.51870005029724, 14.779139669353876], [147.51424490568195, 14.770060736173726], [147.50404694844212, 14.750588978743892], [147.48331928706347, 14.733371827325204], [147.46451545438086, 14.72203828813391], [147.45239366844498, 14.715307040325524], [147.42146804982647, 14.706821276314036], [147.390542431208, 14.709377900211386], [147.35961681258948, 14.720016029940812], [147.35650333257033, 14.72203828813391]]]}, "properties": {"fillColor": "#0000FF", "fillOpacity": 0.7, "color": "#000000", "weight": 0.2, "stroke": false}}, {"type": "Feature", "geometry": {"type": "Polygon", "coordinates": [[[145.565930932717, 14.763006183645942], [145.5968565513355, 14.753148930430719], [145.627782169954, 14.751604261964582], [145.65870778857249, 14.75697297596108], [145.68963340719097, 14.771608562914668], [145.69952370860494, 14.779139669353876], [145.72055902580945, 14.79841233253193], [145.72906139343522, 14.80769035996386], [145.74509436763535, 14.836241050573843], [145.75039978937292, 14.864791741183828], [145.74418828992367, 14.893342431793812], [145.72055902580945, 14.91695391510255], [145.7117643550306, 14.921893122403795], [145.68963340719097, 14.931979887831455], [145.65870778857249, 14.942071214802876], [145.63227157864927, 14.950443813013779], [145.627782169954, 14.952541581757266], [145.5968565513355, 14.968459867038709], [145.57513218560345, 14.978994503623763], [145.565930932717, 14.984495268576094], [145.53500531409853, 14.990005951071232], [145.5135467013882, 14.978994503623763], [145.50407969548002, 14.968837455990744], [145.4957097789768, 14.950443813013779], [145.4920517645852, 14.921893122403795], [145.4926240488216, 14.893342431793812], [145.49645146112755, 14.864791741183828], [145.50407969548002, 14.84039550539028], [145.50502034663342, 14.836241050573843], [145.51712798210554, 14.80769035996386], [145.53500531409853, 14.786205038270085], [145.5420824891044, 14.779139669353876], [145.565930932717, 14.763006183645942]]]}, "properties": {"fillColor": "#0000FF", "fillOpacity": 0.7, "color": "#000000", "weight": 0.2, "stroke": false}}, {"type": "Feature", "geometry": {"type": "Polygon", "coordinates": [[[145.57181984657305, 14.80769035996386], [145.565930932717, 14.815446424467332], [145.55362360710075, 14.836241050573843], [145.5494138443247, 14.86479174118383], [145.55662082349758, 14.89334243179381], [145.565930932717, 14.905445659181652], [145.5968565513355, 14.91545578144099], [145.627782169954, 14.912520411428286], [145.65870778857249, 14.904559249997561], [145.68260713153254, 14.893342431793812], [145.68963340719097, 14.887976967098997], [145.70696281661947, 14.864791741183828], [145.70522157901124, 14.836241050573843], [145.68963340719097, 14.813471854359262], [145.6840932553156, 14.807690359963862], [145.65870778857249, 14.791763905509901], [145.627782169954, 14.785273390034606], [145.5968565513355, 14.790987810986113], [145.57181984657305, 14.80769035996386]]]}, "properties": {"fillColor": "#0000FF", "fillOpacity": 0.7, "color": "#000000", "weight": 0.2, "stroke": false}}, {"type": "Feature", "geometry": {"type": "Polygon", "coordinates": [[[145.47315407686153, 15.310580638012448], [145.50407969548002, 15.310341142889676], [145.53300834440657, 15.321602790943565], [145.53500531409853, 15.321969145704996], [145.565930932717, 15.333210898719432], [145.59000005355063, 15.35015348155355], [145.5968565513355, 15.354478823016354], [145.627782169954, 15.377453862351125], [145.63051397028124, 15.378704172163532], [145.65870778857249, 15.390277782004052], [145.68963340719097, 15.388829582214061], [145.72055902580945, 15.382301682398214], [145.75148464442796, 15.382484809048082], [145.78241026304644, 15.397066692043644], [145.7929893985001, 15.407254862773517], [145.8126441257789, 15.435805553383501], [145.81333588166493, 15.437721779756954], [145.82487009222015, 15.464356243993485], [145.82891765757932, 15.492906934603468], [145.8279832869802, 15.52145762521345], [145.8238350159512, 15.550008315823435], [145.81771660857495, 15.57855900643342], [145.81333588166493, 15.594775858791156], [145.81200324893484, 15.607109697043402], [145.8078500709227, 15.635660387653386], [145.79983917836313, 15.664211078263367], [145.78241026304644, 15.691178697644084], [145.7817603127616, 15.692761768873353], [145.7663719514718, 15.721312459483336], [145.75148464442796, 15.740883943068873], [145.74734428248559, 15.74986315009332], [145.73634704102784, 15.778413840703305], [145.72055902580945, 15.802892740509074], [145.71820220386954, 15.806964531313287], [145.68963340719097, 15.832918624360829], [145.68324245497138, 15.835515221923272], [145.65870778857249, 15.847378643490586], [145.627782169954, 15.853343292267493], [145.5968565513355, 15.855428787236432], [145.565930932717, 15.855005892172304], [145.53500531409853, 15.850460211234665], [145.5059993500474, 15.835515221923272], [145.50407969548002, 15.834719297961739], [145.47347445289554, 15.806964531313287], [145.47315407686153, 15.806566245495919], [145.4491469425858, 15.778413840703305], [145.44222845824305, 15.766930216141182], [145.42579679304401, 15.749863150093319], [145.41130283962457, 15.731129982610353], [145.39954763544165, 15.721312459483336], [145.38037722100606, 15.696209405226593], [145.37731916644267, 15.692761768873353], [145.3605646387403, 15.664211078263369], [145.35262969324455, 15.635660387653386], [145.35809230903487, 15.607109697043402], [145.38037722100606, 15.58384113249213], [145.38483373864423, 15.57855900643342], [145.41130283962457, 15.555062454149965], [145.41503104671477, 15.550008315823435], [145.41301265196128, 15.52145762521345], [145.41130283962457, 15.51672770597269], [145.39547783176755, 15.492906934603468], [145.3840650844216, 15.464356243993484], [145.3804231693992, 15.435805553383501], [145.38191368607457, 15.407254862773517], [145.38895887933342, 15.378704172163534], [145.40936458002815, 15.35015348155355], [145.41130283962457, 15.348073267592133], [145.44222845824305, 15.323282231264647], [145.44826656487962, 15.321602790943565], [145.47315407686153, 15.310580638012448]]]}, "properties": {"fillColor": "#0000FF", "fillOpacity": 0.7, "color": "#000000", "weight": 0.2, "stroke": false}}, {"type": "Feature", "geometry": {"type": "Polygon", "coordinates": [[[145.42852588918697, 15.350153481553551], [145.41130283962457, 15.372246296636382], [145.40646180988776, 15.378704172163534], [145.39481442975563, 15.407254862773517], [145.39348831299128, 15.4358055533835], [145.4015139010623, 15.464356243993485], [145.41130283962457, 15.480239283784815], [145.4158293548654, 15.492906934603468], [145.4285962914864, 15.52145762521345], [145.4366820079784, 15.550008315823433], [145.41526204533787, 15.57855900643342], [145.41130283962457, 15.58306938548797], [145.38892745164986, 15.607109697043402], [145.38778729084527, 15.635660387653386], [145.39884948107212, 15.664211078263367], [145.41130283962457, 15.685063172132352], [145.41416886551906, 15.692761768873353], [145.43159941991297, 15.721312459483336], [145.44222845824305, 15.73319917248141], [145.45124319168946, 15.74986315009332], [145.47315407686153, 15.777273249398041], [145.47385352766378, 15.778413840703305], [145.49757662778535, 15.806964531313287], [145.50407969548002, 15.812861923757303], [145.53500531409853, 15.830342108821178], [145.56574531063288, 15.835515221923272], [145.565930932717, 15.835568014523908], [145.5968565513355, 15.838332715956215], [145.62448332560638, 15.835515221923272], [145.627782169954, 15.8353620849439], [145.65870778857249, 15.830042454086549], [145.68963340719097, 15.8127618567744], [145.6960147749419, 15.806964531313287], [145.71637638739404, 15.778413840703305], [145.72055902580945, 15.769052803948897], [145.73195806048753, 15.749863150093322], [145.7471540362203, 15.721312459483334], [145.75148464442796, 15.713618911781477], [145.76748544382306, 15.692761768873353], [145.7803385058622, 15.664211078263369], [145.78241026304644, 15.6557224741778], [145.7912259827896, 15.635660387653386], [145.7970470500263, 15.607109697043402], [145.8002890254652, 15.57855900643342], [145.8028575994632, 15.550008315823437], [145.80483089969093, 15.52145762521345], [145.8044702726749, 15.492906934603468], [145.79861838419245, 15.464356243993485], [145.78241026304644, 15.436032356543404], [145.78219849934084, 15.435805553383503], [145.75148464442796, 15.413851503167695], [145.72055902580945, 15.412533690742528], [145.68963340719097, 15.419159935010448], [145.65870778857249, 15.419711905489374], [145.63769266199563, 15.407254862773517], [145.627782169954, 15.401472981155031], [145.6047470193394, 15.378704172163534], [145.5968565513355, 15.372669946775293], [145.565930932717, 15.351530655433171], [145.56288022604758, 15.35015348155355], [145.53500531409853, 15.333195354618029], [145.50407969548002, 15.326219262962898], [145.47315407686153, 15.3269120920734], [145.44222845824305, 15.338612691972187], [145.42852588918697, 15.350153481553551]]]}, "properties": {"fillColor": "#0000FF", "fillOpacity": 0.7, "color": "#000000", "weight": 0.2, "stroke": false}}, {"type": "Feature", "geometry": {"type": "Polygon", "coordinates": [[[143.43206324804112, 15.833442044558094], [143.4629888666596, 15.827449442401619], [143.47528650868202, 15.83551522192327], [143.48589409541745, 15.864065912533253], [143.4629888666596, 15.887229539153326], [143.43206324804112, 15.876989967311593], [143.42334275173874, 15.864065912533256], [143.42994942095726, 15.83551522192327], [143.43206324804112, 15.833442044558094]]]}, "properties": {"fillColor": "#0000FF", "fillOpacity": 0.7, "color": "#000000", "weight": 0.2, "stroke": false}}, {"type": "Feature", "geometry": {"type": "Polygon", "coordinates": [[[148.96774898075103, 16.031033435896692], [148.96843135166918, 16.03537005619316], [148.9986745993695, 16.061077514152995], [149.00175434023402, 16.06392074680314], [149.00430209364313, 16.092471437413124], [149.00623827161314, 16.121022128023107], [149.00774539389795, 16.14957281863309], [149.0089448988599, 16.178123509243076], [149.00991824405176, 16.206674199853058], [149.0107128301841, 16.235224890463044], [149.01135178919372, 16.263775581073027], [149.0118378278986, 16.29232627168301], [149.01219460986664, 16.320876962292992], [149.01245183171858, 16.349427652902975], [149.01264165958835, 16.37797834351296], [149.02960021798802, 16.394863916325868], [149.04223567360833, 16.406529034122947], [149.04234692281818, 16.43507972473293], [149.0424342013584, 16.463630415342912], [149.04250678850246, 16.492181105952895], [149.04256966544187, 16.520731796562877], [149.0426207843907, 16.54928248717286], [149.0426550371259, 16.577833177782843], [149.0426688045884, 16.606383868392832], [149.04266124226598, 16.634934559002815], [149.04263417795337, 16.663485249612798], [149.04259197138956, 16.69203594022278], [149.0425548499278, 16.720586630832763], [149.0605258366065, 16.738417378120946], [149.07213749543854, 16.74913732144275], [149.07215183418353, 16.77768801205273], [149.0721615880101, 16.806238702662718], [149.07216737618046, 16.8347893932727], [149.07216484699688, 16.863340083882683], [149.07214218729868, 16.891890774492666], [149.0720821556199, 16.92044146510265], [149.07196561049952, 16.948992155712634], [149.07177102318894, 16.977542846322617], [149.07147406466896, 17.006093536932603], [149.07104749250362, 17.034644227542586], [149.07049017839597, 17.06319491815257], [149.091451455225, 17.084351361858726], [149.09946077671017, 17.09174560876255], [149.09840183372205, 17.120296299372534], [149.0970889845171, 17.14884698998252], [149.09551311100108, 17.177397680592502], [149.09368020036615, 17.20594837120249], [149.09159303992638, 17.23449906181247], [149.091451455225, 17.236355278970787], [149.06198088329526, 17.263049752422454], [149.0605258366065, 17.264354615626058], [149.04250665638375, 17.291600443032436], [149.02960021798802, 17.31045957296453], [149.0234921586542, 17.32015113364242], [149.00547517673542, 17.348701824252405], [148.9986745993695, 17.359613099862194], [148.98544346218006, 17.37725251486239], [148.96774898075103, 17.401927173874608], [148.96394081216985, 17.405803205472374], [148.93850942840425, 17.434353896082357], [148.93682336213254, 17.43644366733057], [148.9069569280128, 17.46290458669234], [148.90589774351406, 17.463956259249404], [148.87497212489558, 17.48668143298831], [148.8674489874672, 17.49145527730232], [148.84404650627707, 17.507423839845536], [148.8255560486038, 17.520005967912304], [148.81312088765858, 17.528743906830574], [148.78541240975528, 17.54855665852229], [148.78219526904007, 17.550836795871056], [148.7512696504216, 17.57081720300404], [148.73763084183162, 17.577107349132277], [148.7203440318031, 17.585048226846332], [148.68941841318463, 17.591529287764338], [148.65849279456611, 17.590029551553688], [148.62756717594763, 17.581745321283474], [148.6166363651765, 17.577107349132277], [148.59664155732915, 17.568304509779924], [148.56571593871064, 17.550417722301667], [148.56295539750136, 17.54855665852229], [148.53479032009216, 17.525219901811727], [148.52956526641125, 17.520005967912304], [148.50975429548052, 17.49145527730232], [148.50386470147367, 17.476163667326134], [148.49931292143103, 17.46290458669234], [148.49519326169963, 17.434353896082357], [148.49543501514287, 17.405803205472374], [148.49865867114366, 17.37725251486239], [148.50386470147367, 17.349291910956072], [148.5039568847073, 17.348701824252405], [148.50993897534087, 17.32015113364242], [148.51646790792614, 17.291600443032436], [148.5233068915992, 17.263049752422454], [148.530371242739, 17.23449906181247], [148.53479032009216, 17.217100973925525], [148.53719569884925, 17.20594837120249], [148.54343384385157, 17.177397680592502], [148.54963299967227, 17.14884698998252], [148.55581963841473, 17.120296299372534], [148.56202602679295, 17.09174560876255], [148.56571593871064, 17.074908147981247], [148.56792198729696, 17.06319491815257], [148.57329233275735, 17.034644227542586], [148.57841825604106, 17.006093536932603], [148.5834050742104, 16.977542846322617], [148.5883177909936, 16.948992155712634], [148.5931175790358, 16.92044146510265], [148.59664155732915, 16.898741081073265], [148.597627856273, 16.891890774492666], [148.60153972798017, 16.863340083882683], [148.60525119538084, 16.8347893932727], [148.6087176720626, 16.806238702662718], [148.61190387117966, 16.77768801205273], [148.61479224906793, 16.74913732144275], [148.6173167671744, 16.720586630832763], [148.61955380450794, 16.69203594022278], [148.62170033358072, 16.663485249612798], [148.62388345285052, 16.634934559002815], [148.62626730791106, 16.606383868392832], [148.62756717594763, 16.59320199674582], [148.62910463865754, 16.577833177782846], [148.63273217409454, 16.54928248717286], [148.63738983154255, 16.520731796562877], [148.64324847371785, 16.492181105952895], [148.65037936333835, 16.463630415342912], [148.65849279456611, 16.436086126320514], [148.6588022980107, 16.43507972473293], [148.66925055364936, 16.406529034122947], [148.68091412194622, 16.37797834351296], [148.68941841318463, 16.35909960261352], [148.69390222079332, 16.349427652902975], [148.70854909205622, 16.320876962292992], [148.7203440318031, 16.29943737254507], [148.72434813308877, 16.29232627168301], [148.74190947692773, 16.263775581073027], [148.7512696504216, 16.249485878904764], [148.7608256147767, 16.235224890463044], [148.7812165504071, 16.206674199853058], [148.78219526904007, 16.205408281259224], [148.8036195365898, 16.178123509243072], [148.81312088765858, 16.166683346104392], [148.82716537417252, 16.14957281863309], [148.84404650627707, 16.13013167390264], [148.85177526424397, 16.121022128023107], [148.87497212489558, 16.09506289618855], [148.87739315844962, 16.092471437413124], [148.90513788147575, 16.06392074680314], [148.90589774351406, 16.06316826147177], [148.93682336213254, 16.039516182361748], [148.9518340882944, 16.03537005619316], [148.96774898075103, 16.031033435896692]]]}, "properties": {"fillColor": "#0000FF", "fillOpacity": 0.7, "color": "#000000", "weight": 0.2, "stroke": false}}, {"type": "Feature", "geometry": {"type": "Polygon", "coordinates": [[[148.92153667036678, 16.37797834351296], [148.90589774351406, 16.402946611138475], [148.90482758630944, 16.406529034122947], [148.89688785794345, 16.43507972473293], [148.8886808082052, 16.463630415342912], [148.87986632845804, 16.492181105952895], [148.87497212489558, 16.507001935931218], [148.8715537072157, 16.520731796562877], [148.86420258468877, 16.54928248717286], [148.85627423161668, 16.577833177782846], [148.8481623608852, 16.606383868392832], [148.84404650627707, 16.6201275253108], [148.84060114328508, 16.634934559002815], [148.83363550891517, 16.663485249612798], [148.82596791353075, 16.69203594022278], [148.81734403462394, 16.720586630832763], [148.81312088765858, 16.733522925963708], [148.80933242860425, 16.74913732144275], [148.80226936748923, 16.77768801205273], [148.79481656251673, 16.806238702662718], [148.78690505124968, 16.8347893932727], [148.78219526904007, 16.85232759701732], [148.78013227231338, 16.863340083882683], [148.77581243972224, 16.891890774492666], [148.77198580035716, 16.92044146510265], [148.7688007530192, 16.948992155712634], [148.766475365713, 16.977542846322617], [148.7653865541447, 17.006093536932603], [148.7661935786735, 17.034644227542586], [148.7701876344472, 17.06319491815257], [148.7799676105124, 17.09174560876255], [148.78219526904007, 17.09547956230055], [148.81312088765858, 17.096497794294578], [148.81889980130464, 17.09174560876255], [148.84404650627707, 17.072096100646334], [148.8521604202768, 17.06319491815257], [148.87497212489558, 17.03728060222684], [148.87715078046074, 17.034644227542586], [148.8973155248798, 17.006093536932603], [148.90589774351406, 16.992301838943945], [148.91461783181467, 16.977542846322617], [148.92818511952956, 16.948992155712634], [148.93682336213254, 16.926924067503148], [148.93886193006585, 16.92044146510265], [148.94616371569356, 16.891890774492666], [148.95211193175132, 16.863340083882683], [148.9573393598039, 16.8347893932727], [148.96232532527327, 16.806238702662718], [148.96731078880404, 16.77768801205273], [148.967748980751, 16.77516471619933], [148.97051777517626, 16.74913732144275], [148.97327416811288, 16.720586630832763], [148.97573800812282, 16.69203594022278], [148.97761881018988, 16.663485249612798], [148.97822864168162, 16.634934559002815], [148.97827878598764, 16.606383868392832], [148.9777314463476, 16.577833177782846], [148.97660849853938, 16.54928248717286], [148.97499576779853, 16.520731796562877], [148.97301056168027, 16.492181105952895], [148.9707240963069, 16.463630415342912], [148.96811414343424, 16.43507972473293], [148.96774898075103, 16.431632698244403], [148.96048571938317, 16.406529034122947], [148.94978886538757, 16.37797834351296], [148.93682336213254, 16.353062274323822], [148.92153667036678, 16.37797834351296]]]}, "properties": {"fillColor": "#0000FF", "fillOpacity": 0.7, "color": "#000000", "weight": 0.2, "stroke": false}}, {"type": "Feature", "geometry": {"type": "Polygon", "coordinates": [[[146.80295567745665, 16.233329527612085], [146.83388129607516, 16.21712402386664], [146.86480691469365, 16.21419004150154], [146.89573253331213, 16.221872612087598], [146.91546042632416, 16.235224890463044], [146.9266581519306, 16.25342677536196], [146.93114246877946, 16.263775581073027], [146.9308766370574, 16.29232627168301], [146.9266581519306, 16.304408711496098], [146.92276588215282, 16.320876962292992], [146.91044099673508, 16.349427652902975], [146.89573253331213, 16.370224673108755], [146.88988782958054, 16.37797834351296], [146.86480691469365, 16.402840261553564], [146.85565537592976, 16.406529034122947], [146.83388129607516, 16.416484759250157], [146.80295567745665, 16.407783300674236], [146.80157806762602, 16.406529034122947], [146.78070806914593, 16.37797834351296], [146.77203005883817, 16.349737001459918], [146.77191898789718, 16.349427652902975], [146.76663808537293, 16.320876962292992], [146.76820232482868, 16.29232627168301], [146.77203005883817, 16.281391628779964], [146.77758123427324, 16.263775581073027], [146.80079101493493, 16.235224890463044], [146.80295567745665, 16.233329527612085]]]}, "properties": {"fillColor": "#0000FF", "fillOpacity": 0.7, "color": "#000000", "weight": 0.2, "stroke": false}}, {"type": "Feature", "geometry": {"type": "Polygon", "coordinates": [[[146.82404783149002, 16.263775581073027], [146.80295567745665, 16.28997054373986], [146.80184792501748, 16.29232627168301], [146.79878949503114, 16.320876962292992], [146.80295567745665, 16.34081424001954], [146.80565870584195, 16.349427652902975], [146.83388129607516, 16.377647048439993], [146.86480691469365, 16.362667086376163], [146.87544399825592, 16.349427652902975], [146.88974614565151, 16.320876962292992], [146.89373444198782, 16.29232627168301], [146.87728330459757, 16.263775581073027], [146.86480691469365, 16.255948451025635], [146.83388129607516, 16.25696291184318], [146.82404783149002, 16.263775581073027]]]}, "properties": {"fillColor": "#0000FF", "fillOpacity": 0.7, "color": "#000000", "weight": 0.2, "stroke": false}}, {"type": "Feature", "geometry": {"type": "Polygon", "coordinates": [[[130.62885713998577, 24.940225950132138], [130.65978275860428, 24.93917181912567], [130.69070837722276, 24.943137057935832], [130.69088395419527, 24.943185526508056], [130.72163399584124, 24.95244389665814], [130.75255961445976, 24.964213936702855], [130.7669169728148, 24.97173621711804], [130.78348523307824, 24.981499200070807], [130.81116074519784, 25.000286907728025], [130.81441085169672, 25.0027719934641], [130.8453364703152, 25.027066002973214], [130.84731611263425, 25.028837598338008], [130.8751171898318, 25.05738828894799], [130.87626208893371, 25.06050218644936], [130.88732376261726, 25.085938979557973], [130.87626208893371, 25.094937812619918], [130.8453364703152, 25.095429612546667], [130.81441085169672, 25.087306767050887], [130.8117892709164, 25.085938979557977], [130.78348523307824, 25.06961300608731], [130.76113109434482, 25.05738828894799], [130.75255961445976, 25.051771886914477], [130.72163399584124, 25.035308459942456], [130.70847291445662, 25.028837598338008], [130.69070837722276, 25.017281055645412], [130.65978275860428, 25.001697212492918], [130.65672807704314, 25.000286907728025], [130.62885713998577, 24.97965912601243], [130.61357337088742, 24.971736217118043], [130.6142162892853, 24.943185526508056], [130.62885713998577, 24.940225950132138]]]}, "properties": {"fillColor": "#0000FF", "fillOpacity": 0.7, "color": "#000000", "weight": 0.2, "stroke": false}}, {"type": "Feature", "geometry": {"type": "Polygon", "coordinates": [[[130.1958984793269, 25.07782736397916], [130.22682409794538, 25.05915606281221], [130.2577497165639, 25.060177081463674], [130.28867533518238, 25.063110855451587], [130.31960095380086, 25.067040991195157], [130.35052657241937, 25.071964476532223], [130.38145219103785, 25.078135055435002], [130.40974379615497, 25.085938979557977], [130.41237780965633, 25.08662621096675], [130.44330342827482, 25.095849451280444], [130.47422904689336, 25.106659821131753], [130.49134322719442, 25.11448967016796], [130.5051546655118, 25.119896484123775], [130.53608028413032, 25.13268876290541], [130.55626456030626, 25.14304036077794], [130.5670059027488, 25.14799821580113], [130.5979315213673, 25.163129910311856], [130.6118346890008, 25.171591051387928], [130.62885713998577, 25.181386536542654], [130.65683710888646, 25.20014174199791], [130.65978275860428, 25.20223599763303], [130.69070837722276, 25.223825372103082], [130.697071858793, 25.228692432607897], [130.72163399584124, 25.247980528361055], [130.7330803027489, 25.257243123217876], [130.75255961445976, 25.274197533001185], [130.7659551640017, 25.285793813827862], [130.78348523307824, 25.30268339445071], [130.7960081662091, 25.31434450443784], [130.81441085169672, 25.333720177550404], [130.8235194536906, 25.34289519504783], [130.8453364703152, 25.36806909699656], [130.8484204719319, 25.371445885657813], [130.86862844613373, 25.399996576267796], [130.87626208893371, 25.412541153178957], [130.88604514041916, 25.42854726687778], [130.87626208893371, 25.450554215189257], [130.8453364703152, 25.432610597027168], [130.84045867615842, 25.42854726687778], [130.81441085169672, 25.409874178599466], [130.80161265294743, 25.399996576267796], [130.78348523307824, 25.387579555743294], [130.76083951925898, 25.371445885657813], [130.75255961445976, 25.36604568762062], [130.72163399584124, 25.34582194895919], [130.7176323664729, 25.342895195047827], [130.69070837722276, 25.325985612242707], [130.6741527299155, 25.314344504437845], [130.65978275860428, 25.30571182564943], [130.62998562211055, 25.285793813827862], [130.62885713998577, 25.28513402990818], [130.5979315213673, 25.268751678745787], [130.57978468974102, 25.257243123217876], [130.5670059027488, 25.25120173353405], [130.53608028413032, 25.23593689867452], [130.52278594863245, 25.228692432607893], [130.5051546655118, 25.222027488756098], [130.47422904689333, 25.209433745388843], [130.4540127681965, 25.20014174199791], [130.44330342827482, 25.196062529795885], [130.41237780965633, 25.18561860354266], [130.38145219103785, 25.173469591626127], [130.37665723288757, 25.171591051387928], [130.35052657241937, 25.16217380063369], [130.31960095380083, 25.15074766168148], [130.30082485404077, 25.143040360777942], [130.28867533518238, 25.136710552496133], [130.2577497165639, 25.12258368311917], [130.23995978397102, 25.11448967016796], [130.22682409794538, 25.104056940543778], [130.1958984793269, 25.087016476031394], [130.1936676448216, 25.085938979557973], [130.1958984793269, 25.07782736397916]]]}, "properties": {"fillColor": "#0000FF", "fillOpacity": 0.7, "color": "#000000", "weight": 0.2, "stroke": false}}, {"type": "Feature", "geometry": {"type": "Polygon", "coordinates": [[[130.46345815399854, 25.171591051387928], [130.47422904689333, 25.175697451647146], [130.5051546655118, 25.185215891933037], [130.52274861257982, 25.20014174199791], [130.53608028413032, 25.20499568351773], [130.5670059027488, 25.213335245963464], [130.58753184609714, 25.228692432607893], [130.5979315213673, 25.232655213658315], [130.62885713998577, 25.234255406855574], [130.63156701601775, 25.228692432607893], [130.62885713998577, 25.226896981767556], [130.5979315213673, 25.20977122552152], [130.59079229825477, 25.20014174199791], [130.5670059027488, 25.18985593078913], [130.53799734671, 25.171591051387928], [130.53608028413032, 25.17074555961208], [130.5051546655118, 25.161399810820015], [130.47422904689333, 25.155673866189517], [130.46345815399854, 25.171591051387928]]]}, "properties": {"fillColor": "#0000FF", "fillOpacity": 0.7, "color": "#000000", "weight": 0.2, "stroke": false}}, {"type": "Feature", "geometry": {"type": "Polygon", "coordinates": [[[129.8557166745235, 25.284291636186587], [129.886642293142, 25.28154084041345], [129.91756791176047, 25.27972900462305], [129.94849353037898, 25.27888247475479], [129.97941914899747, 25.279108330332466], [130.01034476761595, 25.280501604038353], [130.04127038623446, 25.2831571693701], [130.06159803706532, 25.285793813827866], [130.07219600485294, 25.28665651744515], [130.10312162347142, 25.289856977483122], [130.13404724208993, 25.293879146944594], [130.16497286070842, 25.299021224908948], [130.1958984793269, 25.305811266421607], [130.22427835048504, 25.314344504437845], [130.22682409794538, 25.31485247231114], [130.2577497165639, 25.321617029691996], [130.28867533518238, 25.330325596029354], [130.31960095380086, 25.342667529285713], [130.3201158670062, 25.342895195047827], [130.35052657241937, 25.351423489193927], [130.38145219103785, 25.364108693943237], [130.39514830517794, 25.371445885657813], [130.41237780965633, 25.377732410332296], [130.44330342827482, 25.391605112100628], [130.45720351382587, 25.399996576267796], [130.47422904689333, 25.407393444107086], [130.5051546655118, 25.425856119632698], [130.50895872304363, 25.42854726687778], [130.53608028413032, 25.44336380747152], [130.5554172788951, 25.45709795748776], [130.5670059027488, 25.463882030459914], [130.59740210542185, 25.485648648097747], [130.5979315213673, 25.485985566152955], [130.62885713998577, 25.50546886041082], [130.64042145322324, 25.51419933870773], [130.65978275860428, 25.527451672509955], [130.67909469421397, 25.542750029317713], [130.69070837722276, 25.551871384841817], [130.7133479738942, 25.5713007199277], [130.72163399584124, 25.57876376783628], [130.74430319621376, 25.59985141053768], [130.75255961445976, 25.608237654251855], [130.77254928226768, 25.628402101147664], [130.78348523307824, 25.641122160927225], [130.79793513484105, 25.65695279175765], [130.81441085169672, 25.67974261523135], [130.81927815945014, 25.685503482367633], [130.83949193104942, 25.71405417297761], [130.8453364703152, 25.72432368685498], [130.85854207972636, 25.7426048635876], [130.87317887501754, 25.771155554197584], [130.87626208893371, 25.777972907275963], [130.88973370719185, 25.799706244807567], [130.9026972375827, 25.82825693541755], [130.9071877075522, 25.839661957260795], [130.9163875991634, 25.85680762602754], [130.92851069353094, 25.885358316637518], [130.9372381316896, 25.9139090072475], [130.93811332617068, 25.917090473680616], [130.94773472386584, 25.94245969785748], [130.95412676032416, 25.97101038846747], [130.95835129780804, 25.999561079077452], [130.9616977417449, 26.028111769687435], [130.96417034898923, 26.056662460297424], [130.96547061180738, 26.085213150907403], [130.96569146552537, 26.11376384151739], [130.96511627644463, 26.142314532127372], [130.96392862834227, 26.170865222737355], [130.96211681930473, 26.199415913347337], [130.95948619727886, 26.22796660395732], [130.95571143466887, 26.256517294567306], [130.95040971765576, 26.285067985177285], [130.94317230362904, 26.313618675787268], [130.93811332617068, 26.330576210863274], [130.93608579835427, 26.342169366397258], [130.93098921864652, 26.37072005700724], [130.92500916145724, 26.399270747617223], [130.91768048216466, 26.427821438227205], [130.90739841489062, 26.45637212883719], [130.9071877075522, 26.456864613228575], [130.89886180751677, 26.484922819447174], [130.88662879275583, 26.513473510057153], [130.87626208893371, 26.532766660121393], [130.8721997864398, 26.542024200667143], [130.85967633759532, 26.570574891277126], [130.8453364703152, 26.593896908622977], [130.84268430781395, 26.599125581887108], [130.82560265788715, 26.627676272497098], [130.81441085169672, 26.64013070994067], [130.8010189628726, 26.656226963107077], [130.78348523307824, 26.672555566993957], [130.76743994991384, 26.684777653717056], [130.75255961445976, 26.697265187522305], [130.72163399584124, 26.711818922599033], [130.71842637249568, 26.713328344327042], [130.69070837722276, 26.73237887994439], [130.66106334862673, 26.74187903493703], [130.65978275860428, 26.743408404075627], [130.62885713998577, 26.763103561711482], [130.5983991037682, 26.77042972554701], [130.5979315213673, 26.772412029157294], [130.5670059027488, 26.791320673530056], [130.53608028413032, 26.796317794920476], [130.51873766542124, 26.798980416156994], [130.53608028413032, 26.804549977338013], [130.5670059027488, 26.804075298944003], [130.5979315213673, 26.80023565200863], [130.60370439160374, 26.798980416156994], [130.62885713998577, 26.785484224593795], [130.65978275860428, 26.77804744775074], [130.68716320075907, 26.77042972554701], [130.69070837722276, 26.76786205375351], [130.72163399584124, 26.751298617897028], [130.74353875948356, 26.741879034937025], [130.75255961445976, 26.734327905789183], [130.78348523307824, 26.7168059949829], [130.78929960007915, 26.71332834432704], [130.81441085169672, 26.69377970113696], [130.827411947056, 26.68477765371706], [130.8453364703152, 26.670243919661694], [130.8630905779005, 26.65622696310708], [130.87626208893371, 26.645628057459792], [130.89733857602226, 26.627676272497094], [130.9071877075522, 26.619178026526857], [130.9290543378094, 26.599125581887105], [130.93811332617068, 26.590582860820135], [130.95743759032703, 26.570574891277126], [130.9690389447892, 26.557951023238132], [130.9829011240602, 26.542024200667143], [130.99996456340767, 26.520069382659145], [131.00529956112018, 26.51347351005716], [131.02419607203743, 26.484922819447178], [131.03089018202616, 26.473760639732845], [131.04180237345707, 26.456372128837188], [131.0561201895387, 26.427821438227205], [131.06181580064467, 26.41500404539319], [131.06959687648256, 26.399270747617223], [131.0806995676168, 26.37072005700724], [131.0899699667385, 26.342169366397258], [131.09274141926315, 26.33270170465947], [131.09917979759624, 26.31361867578727], [131.10684029464167, 26.28506798517729], [131.11313890500668, 26.25651729456731], [131.11857524279438, 26.22796660395732], [131.12341443801822, 26.199415913347337], [131.12366703788163, 26.197804221101656], [131.12885541220933, 26.170865222737355], [131.133352030036, 26.142314532127372], [131.1369961696328, 26.113763841517386], [131.13982432679157, 26.085213150907403], [131.1418661186893, 26.056662460297424], [131.14322424423312, 26.028111769687435], [131.1440550518547, 25.999561079077456], [131.14440494633604, 25.97101038846747], [131.14396469965237, 25.942459697857483], [131.14187588687474, 25.913909007247497], [131.13693828429498, 25.885358316637518], [131.12651474870873, 25.856807626027535], [131.12366703788163, 25.851974109918537], [131.11649628085252, 25.82825693541755], [131.10566672571863, 25.799706244807567], [131.09274141926315, 25.776664971398674], [131.0906107788367, 25.771155554197588], [131.0800366039103, 25.7426048635876], [131.06713967493846, 25.714054172977615], [131.06181580064467, 25.704195004791174], [131.05477964969117, 25.685503482367633], [131.04480523558445, 25.65695279175765], [131.03178317145995, 25.628402101147664], [131.03089018202616, 25.609735021920237], [131.03060532486256, 25.59985141053768], [131.03089018202616, 25.599485639718093], [131.03175055910378, 25.59985141053768], [131.06181580064467, 25.609983887558066], [131.07848249833717, 25.628402101147664], [131.09274141926315, 25.641200293193485], [131.10272675846545, 25.656952791757647], [131.12246833436006, 25.685503482367633], [131.12366703788163, 25.687085612108547], [131.1362598510649, 25.714054172977615], [131.1502573804485, 25.742604863587598], [131.15459265650014, 25.750951177499424], [131.16234092384292, 25.771155554197584], [131.17238883017626, 25.799706244807567], [131.18499114642307, 25.82825693541755], [131.18551827511862, 25.8293245558965], [131.19427426597457, 25.85680762602754], [131.203919667092, 25.885358316637518], [131.2159868292711, 25.9139090072475], [131.2164438937371, 25.914849525608826], [131.2247204840829, 25.942459697857483], [131.23192220928968, 25.97101038846747], [131.23653341970072, 25.999561079077452], [131.2392665567105, 26.028111769687435], [131.24078114060828, 26.05666246029742], [131.24120752575928, 26.0852131509074], [131.2406861098654, 26.113763841517386], [131.23929021460702, 26.142314532127372], [131.23703144287254, 26.170865222737355], [131.23392390879388, 26.199415913347337], [131.22998782915536, 26.22796660395732], [131.22527935507287, 26.256517294567303], [131.21985614545125, 26.28506798517729], [131.2164438937371, 26.300753099327785], [131.21312288769968, 26.31361867578727], [131.20538961173284, 26.342169366397258], [131.19759654628137, 26.37072005700724], [131.18954465523535, 26.399270747617223], [131.18551827511862, 26.41174595059983], [131.17971780483322, 26.427821438227205], [131.16944317558955, 26.45637212883719], [131.15872936343044, 26.484922819447178], [131.15459265650014, 26.494181497091127], [131.1458869187469, 26.513473510057157], [131.13253980510797, 26.542024200667143], [131.12366703788163, 26.55809884556573], [131.1169198888209, 26.570574891277126], [131.09998123093698, 26.599125581887108], [131.09274141926315, 26.609353822440553], [131.0804980001809, 26.62767627249709], [131.06181580064467, 26.651894366598935], [131.0586071972151, 26.656226963107073], [131.03441915856644, 26.68477765371706], [131.03089018202616, 26.688372016247374], [131.00694191348234, 26.71332834432704], [130.99996456340767, 26.719826027825448], [130.97624755154413, 26.74187903493703], [130.9690389447892, 26.748224210422293], [130.94324013045514, 26.77042972554701], [130.93811332617068, 26.774780046081446], [130.90869181751773, 26.79898041615699], [130.9071877075522, 26.80023228678673], [130.87626208893371, 26.825670773525623], [130.87405540079627, 26.827531106766976], [130.8453364703152, 26.851010927551485], [130.83910465506094, 26.856081797376962], [130.81441085169672, 26.87547430543695], [130.8021596923783, 26.884632487986945], [130.78348523307824, 26.89837419515876], [130.76080237268096, 26.913183178596928], [130.75255961445976, 26.918774866565517], [130.72163399584124, 26.937040798439437], [130.71287530613537, 26.941733869206914], [130.69070837722276, 26.95440241111324], [130.65978275860428, 26.968075473242006], [130.65446930929062, 26.970284559816896], [130.62885713998577, 26.982288601500063], [130.5979315213673, 26.993007496984383], [130.57785349434454, 26.99883525042688], [130.5670059027488, 27.002937659280114], [130.53608028413032, 27.012412446904506], [130.5051546655118, 27.019303894702364], [130.47422904689333, 27.02457450595744], [130.4535204515046, 27.02738594103686], [130.44330342827482, 27.029539862573284], [130.41237780965633, 27.034199231709966], [130.38145219103785, 27.036909687860113], [130.35052657241937, 27.0379279570312], [130.31960095380083, 27.03729075522132], [130.28867533518238, 27.034823140057178], [130.2577497165639, 27.03009121040671], [130.24577080561335, 27.027385941036865], [130.22682409794538, 27.023076839600524], [130.1958984793269, 27.01278251548809], [130.1671918305443, 26.99883525042688], [130.16497286070842, 26.996770954700583], [130.13700366833706, 26.970284559816896], [130.13404724208993, 26.960223938782676], [130.1270550350699, 26.941733869206914], [130.13404724208993, 26.923461368160822], [130.1385005757666, 26.913183178596928], [130.1620489551832, 26.884632487986945], [130.15511706223222, 26.856081797376962], [130.13404724208993, 26.848532881712043], [130.10312162347142, 26.83506328202288], [130.08872368885991, 26.82753110676698], [130.07219600485294, 26.823601555139252], [130.04127038623446, 26.814942709375323], [130.01034476761595, 26.80332129390246], [130.00024411441154, 26.798980416156994], [129.97941914899747, 26.79394342802595], [129.94849353037898, 26.7838319265434], [129.92064042827013, 26.77042972554701], [129.91756791176047, 26.76937691632517], [129.886642293142, 26.758127619905082], [129.8579301038537, 26.74187903493703], [129.8557166745235, 26.74086659422763], [129.824791055905, 26.72571917331648], [129.80490611025277, 26.71332834432704], [129.7938654372865, 26.707149820247086], [129.76293981866803, 26.68763993867308], [129.75881844414099, 26.68477765371706], [129.73201420004955, 26.669568316262193], [129.71523054125498, 26.656226963107077], [129.70108858143104, 26.646274937630587], [129.6846336903213, 26.627676272497094], [129.67016296281255, 26.609272858713066], [129.66285130765377, 26.599125581887108], [129.64512614690497, 26.570574891277126], [129.63923734419407, 26.560017711136865], [129.62791003167717, 26.542024200667143], [129.61334611677492, 26.513473510057157], [129.60831172557556, 26.50177185486256], [129.5992526216766, 26.48492281944717], [129.58663394562967, 26.45637212883719], [129.57738610695708, 26.42973745966281], [129.5764692216832, 26.42782143822721], [129.56366225690073, 26.399270747617223], [129.55423526048335, 26.37072005700724], [129.5472303950305, 26.342169366397258], [129.5464604883386, 26.338435893447897], [129.53839918294062, 26.313618675787268], [129.53175420398784, 26.28506798517729], [129.5268634490075, 26.256517294567303], [129.52316508914467, 26.22796660395732], [129.52075542400627, 26.199415913347337], [129.52034254159017, 26.170865222737355], [129.5227954255299, 26.142314532127372], [129.5287201138585, 26.113763841517386], [129.53835727365012, 26.085213150907403], [129.5464604883386, 26.06775623173881], [129.54950826794624, 26.05666246029742], [129.5584051879449, 26.028111769687435], [129.57025777359783, 25.999561079077452], [129.57738610695708, 25.985772561877532], [129.58236920525803, 25.97101038846747], [129.59299749466578, 25.942459697857483], [129.60831172557556, 25.914569467875335], [129.6085868673984, 25.9139090072475], [129.61784604873878, 25.885358316637518], [129.60831172557556, 25.865921932645463], [129.57738610695708, 25.87411507719198], [129.5464604883386, 25.88205040177256], [129.5223373784351, 25.885358316637518], [129.5155348697201, 25.886922687299144], [129.50620727614552, 25.885358316637518], [129.4846092511016, 25.880751243014124], [129.4626608853891, 25.856807626027535], [129.45950359601363, 25.82825693541755], [129.46527790607968, 25.799706244807567], [129.47981856097957, 25.771155554197584], [129.4846092511016, 25.764125940501497], [129.49643542143252, 25.742604863587598], [129.5155348697201, 25.719866886357096], [129.52008838863986, 25.714054172977615], [129.5436324275055, 25.685503482367633], [129.5464604883386, 25.68200921970965], [129.56458535491896, 25.65695279175765], [129.57738610695708, 25.647425282518434], [129.60831172557556, 25.63034550850816], [129.61225846743113, 25.628402101147664], [129.63923734419407, 25.60740613725041], [129.6562470218643, 25.59985141053768], [129.63923734419407, 25.581839275616087], [129.60831172557556, 25.587558090345567], [129.57738610695708, 25.597311888307722], [129.5717290762318, 25.59985141053768], [129.5464604883386, 25.61995278881558], [129.53658278402708, 25.628402101147664], [129.5155348697201, 25.65170909662446], [129.51141390904223, 25.65695279175765], [129.4846092511016, 25.6819462425], [129.48148020482324, 25.685503482367633], [129.45368363248312, 25.709807507635766], [129.44939966390587, 25.714054172977615], [129.4227580138646, 25.737783501954148], [129.41768123581872, 25.742604863587598], [129.39183239524613, 25.765689974121095], [129.38599352444487, 25.771155554197584], [129.36090677662764, 25.79478815755372], [129.35595809196636, 25.799706244807567], [129.3300148506555, 25.82825693541755], [129.32998115800913, 25.828298046401756], [129.30892258688405, 25.856807626027535], [129.29905553939065, 25.874329752663545], [129.29286801071237, 25.885358316637518], [129.28527180737987, 25.9139090072475], [129.2825370867472, 25.942459697857483], [129.27965727022297, 25.97101038846747], [129.2730187235352, 25.999561079077452], [129.2681299207722, 26.011457422151878], [129.2607778283134, 26.028111769687435], [129.24612227168907, 26.056662460297417], [129.23720430215369, 26.07362736197137], [129.2294545802858, 26.0852131509074], [129.2163225876085, 26.113763841517386], [129.20638193978843, 26.142314532127372], [129.20627868353517, 26.14266434724508], [129.19266630945367, 26.170865222737355], [129.1834939242577, 26.199415913347337], [129.175470108424, 26.227966603957316], [129.1753530649167, 26.228385568128434], [129.1748254564025, 26.227966603957316], [129.15470975471936, 26.199415913347337], [129.14956622604143, 26.170865222737355], [129.1504747454968, 26.142314532127372], [129.15373255968737, 26.113763841517386], [129.15787640760846, 26.085213150907403], [129.16167801806915, 26.056662460297424], [129.16376581054848, 26.028111769687435], [129.1631890980501, 25.999561079077452], [129.15954576900134, 25.97101038846747], [129.1501869574834, 25.942459697857483], [129.1444274462982, 25.93291050049238], [129.11784739048292, 25.9139090072475], [129.11350182767973, 25.910759173859937], [129.0999287120512, 25.885358316637515], [129.0974814151327, 25.856807626027535], [129.10292562733366, 25.82825693541755], [129.11350182767973, 25.803535823275006], [129.11557702712886, 25.799706244807567], [129.13512032056826, 25.771155554197584], [129.1444274462982, 25.758936984023848], [129.15997059371264, 25.742604863587598], [129.1753530649167, 25.724421299858257], [129.1868884884246, 25.714054172977615], [129.20627868353517, 25.694174224131324], [129.21699277772643, 25.685503482367633], [129.23720430215369, 25.66753705306339], [129.24960530158933, 25.65695279175765], [129.26812992077217, 25.641187610704414], [129.2810363908128, 25.628402101147664], [129.29905553939065, 25.613406764603603], [129.31177853250912, 25.59985141053768], [129.32998115800916, 25.584511827301267], [129.3424434948334, 25.5713007199277], [129.36090677662764, 25.553552300255674], [129.37077059047047, 25.542750029317713], [129.39183239524613, 25.516164184534354], [129.3932938153811, 25.51419933870773], [129.41057516065206, 25.485648648097747], [129.4227580138646, 25.463378845819683], [129.4261970735891, 25.45709795748776], [129.44224176091438, 25.42854726687778], [129.45368363248312, 25.414619325919865], [129.46675169694444, 25.399996576267796], [129.4846092511016, 25.38648441465041], [129.50749993308466, 25.37144588565781], [129.5155348697201, 25.367249836170533], [129.5464604883386, 25.352766394307192], [129.5715333071496, 25.342895195047824], [129.57738610695708, 25.34071135342903], [129.60831172557556, 25.33030606340687], [129.63923734419407, 25.32166859305207], [129.67016296281255, 25.314348488627942], [129.67018069281508, 25.314344504437845], [129.70108858143104, 25.30680951213718], [129.73201420004955, 25.30050367217919], [129.76293981866803, 25.29519767936877], [129.7938654372865, 25.290820644711502], [129.824791055905, 25.28737049056921], [129.84297613989955, 25.285793813827866], [129.8557166745235, 25.284291636186587]]]}, "properties": {"fillColor": "#0000FF", "fillOpacity": 0.7, "color": "#000000", "weight": 0.2, "stroke": false}}, {"type": "Feature", "geometry": {"type": "Polygon", "coordinates": [[[129.86107708901866, 25.314344504437845], [129.8557166745235, 25.314981744028355], [129.824791055905, 25.319579235569982], [129.7938654372865, 25.325463684978516], [129.76293981866803, 25.332549606862163], [129.73201420004955, 25.34052081670499], [129.72319721027955, 25.34289519504783], [129.70108858143104, 25.34949639836351], [129.67016296281255, 25.35947838499085], [129.63923734419407, 25.370949939472744], [129.63798302545166, 25.371445885657813], [129.60831172557556, 25.385396924874716], [129.5806789590145, 25.399996576267796], [129.57738610695708, 25.402380013260018], [129.5464604883386, 25.425094885262702], [129.54225046242797, 25.42854726687778], [129.51714796469514, 25.45709795748776], [129.5155348697201, 25.460872785927286], [129.50411750182866, 25.48564864809775], [129.50781023531962, 25.51419933870773], [129.5155348697201, 25.520422715386246], [129.5464604883386, 25.532274950506434], [129.57738610695708, 25.53110997362758], [129.60831172557556, 25.527120378268002], [129.63923734419407, 25.522811138574276], [129.67016296281255, 25.51887633248989], [129.70108858143104, 25.515791839204645], [129.73029720923265, 25.51419933870773], [129.73201420004955, 25.514118187666345], [129.7350633866056, 25.514199338707726], [129.76293981866803, 25.51545915505032], [129.7938654372865, 25.52624229807124], [129.8078098406461, 25.542750029317713], [129.7938654372865, 25.558567691911932], [129.78478962876687, 25.5713007199277], [129.76293981866803, 25.583535123123163], [129.7406554148547, 25.59985141053768], [129.73201420004955, 25.603022515270222], [129.70108858143104, 25.61643606117434], [129.681633956457, 25.628402101147664], [129.67016296281255, 25.63359063515006], [129.63923734419407, 25.650800497466605], [129.63039869154, 25.65695279175765], [129.60831172557556, 25.67772266967834], [129.6004199655996, 25.685503482367636], [129.57738610695708, 25.71097211286083], [129.57446523961437, 25.714054172977615], [129.54807919843262, 25.742604863587598], [129.5464604883386, 25.744740956152526], [129.52547967603164, 25.771155554197584], [129.5155348697201, 25.792646002138184], [129.51164006894203, 25.799706244807567], [129.5111215159747, 25.82825693541755], [129.5155348697201, 25.833968418588654], [129.5464604883386, 25.845655207375813], [129.57738610695708, 25.840965897137934], [129.60831172557556, 25.82905225660382], [129.60993335290073, 25.82825693541755], [129.63923734419407, 25.815859397293167], [129.66950120456676, 25.799706244807567], [129.67016296281255, 25.799374340015113], [129.70108858143104, 25.79235228129884], [129.71003588927755, 25.799706244807567], [129.70108858143104, 25.816476543275378], [129.6953272803134, 25.82825693541755], [129.67309558500634, 25.856807626027535], [129.67016296281255, 25.860887312298026], [129.65205563353916, 25.885358316637518], [129.63923734419407, 25.908307406458363], [129.6358176107842, 25.9139090072475], [129.62167490006493, 25.942459697857487], [129.60978438490724, 25.97101038846747], [129.60831172557556, 25.97453751504766], [129.59685527497155, 25.999561079077452], [129.58614536550516, 26.028111769687435], [129.57738610695708, 26.05472239807794], [129.576558572208, 26.05666246029742], [129.56628599048975, 26.0852131509074], [129.55865187224552, 26.113763841517386], [129.55294324665468, 26.142314532127372], [129.54989648843383, 26.170865222737355], [129.54989383075326, 26.19941591334734], [129.5525559502983, 26.227966603957324], [129.55696119005222, 26.25651729456731], [129.5624003115772, 26.28506798517729], [129.56885094286577, 26.31361867578727], [129.57733228357145, 26.342169366397258], [129.57738610695708, 26.342316388996075], [129.5865439155684, 26.37072005700724], [129.59710753902243, 26.399270747617223], [129.60831172557556, 26.42460944970943], [129.6097690206435, 26.427821438227205], [129.62231401795376, 26.456372128837188], [129.63613528565682, 26.484922819447174], [129.63923734419407, 26.49057224882771], [129.65255517116765, 26.51347351005716], [129.67016296281255, 26.5407892242279], [129.67102611294405, 26.542024200667143], [129.69138521944063, 26.570574891277126], [129.70108858143104, 26.582291432213253], [129.72512857594128, 26.599125581887108], [129.73201420004955, 26.604077284722877], [129.76293981866803, 26.625605087385576], [129.7651576254011, 26.627676272497098], [129.7938654372865, 26.65069910427284], [129.80028949565732, 26.656226963107077], [129.824791055905, 26.675400506616384], [129.83813250836144, 26.684777653717063], [129.8557166745235, 26.69703985365439], [129.88400380394248, 26.713328344327042], [129.886642293142, 26.714985257839466], [129.91756791176047, 26.733304845519548], [129.93651838579558, 26.74187903493703], [129.94849353037898, 26.74838036316926], [129.97941914899747, 26.761822099526007], [130.00982134761864, 26.77042972554701], [130.01034476761595, 26.770649973239095], [130.04127038623446, 26.781550971663357], [130.07219600485294, 26.788841834208856], [130.10312162347142, 26.794071068201603], [130.13404724208993, 26.797887128599807], [130.14859232725456, 26.798980416156994], [130.16497286070842, 26.801251873641135], [130.1958984793269, 26.802401659954622], [130.22682409794538, 26.80053767132542], [130.23843549658673, 26.798980416156994], [130.2577497165639, 26.797514117323047], [130.28867533518238, 26.794655138497944], [130.31960095380086, 26.791478342934983], [130.35052657241937, 26.78795714620669], [130.38145219103785, 26.784268058331527], [130.41237780965633, 26.78000402869024], [130.44330342827482, 26.7738593227555], [130.45717250354508, 26.77042972554701], [130.47422904689333, 26.768448460257247], [130.5051546655118, 26.76395319692766], [130.53608028413032, 26.75764525708427], [130.5670059027488, 26.74918017247818], [130.58507772418332, 26.74187903493703], [130.5979315213673, 26.737883218735163], [130.62885713998577, 26.726237989702035], [130.65401683635702, 26.71332834432704], [130.65978275860428, 26.71078318798958], [130.69070837722276, 26.695693853215417], [130.70790925745968, 26.684777653717063], [130.72163399584124, 26.67451906069389], [130.74418644433516, 26.656226963107077], [130.75255961445976, 26.645780536889625], [130.76885231917703, 26.62767627249709], [130.78348523307824, 26.60504409437247], [130.78773892314857, 26.599125581887108], [130.80658153547512, 26.570574891277126], [130.81441085169672, 26.559014377765052], [130.82574306846647, 26.542024200667143], [130.84283651141394, 26.513473510057157], [130.8453364703152, 26.50886959352755], [130.8592384626789, 26.484922819447174], [130.8715664076757, 26.45637212883719], [130.87626208893371, 26.443304440410614], [130.8827892583338, 26.427821438227205], [130.89341866761217, 26.399270747617223], [130.9019284032914, 26.370720057007244], [130.9071877075522, 26.350102487598562], [130.9099876930516, 26.342169366397258], [130.9191954761277, 26.313618675787268], [130.9261100251271, 26.28506798517729], [130.93113415075442, 26.256517294567306], [130.93461358005825, 26.22796660395732], [130.93687890464705, 26.199415913347334], [130.93811332617068, 26.17292922733435], [130.93828591579813, 26.170865222737355], [130.93923888982565, 26.142314532127372], [130.93889609536623, 26.113763841517386], [130.93811332617068, 26.098942820278083], [130.93760955032337, 26.085213150907403], [130.93572392350933, 26.05666246029742], [130.9331095276766, 26.028111769687435], [130.93014701019246, 25.999561079077452], [130.92643213774565, 25.97101038846747], [130.92057443005393, 25.942459697857483], [130.9115930180912, 25.913909007247497], [130.9071877075522, 25.903191937566206], [130.9009902592944, 25.88535831663752], [130.88944984421664, 25.856807626027535], [130.87626208893371, 25.83050539044693], [130.8753520851463, 25.82825693541755], [130.8629430252581, 25.799706244807567], [130.84698466247977, 25.771155554197584], [130.8453364703152, 25.768582830421412], [130.83158667235557, 25.742604863587598], [130.81441085169672, 25.71782967176817], [130.81204725429038, 25.714054172977615], [130.79212940212267, 25.685503482367633], [130.78348523307824, 25.67521778635129], [130.76881966062703, 25.656952791757654], [130.75255961445976, 25.639477096926615], [130.74227622969877, 25.628402101147664], [130.72163399584124, 25.60807312614674], [130.713180380172, 25.59985141053768], [130.69070837722276, 25.579448792492567], [130.68140173254818, 25.5713007199277], [130.65978275860428, 25.55335457190789], [130.64606164471547, 25.542750029317713], [130.62885713998577, 25.529589435345223], [130.60667669353657, 25.51419933870773], [130.5979315213673, 25.507788650656565], [130.5670059027488, 25.487538953774724], [130.56404540456356, 25.485648648097747], [130.53608028413032, 25.466684882996525], [130.51981151356603, 25.45709795748776], [130.5051546655118, 25.447310276800792], [130.47422904689333, 25.430689286320494], [130.46982437070884, 25.42854726687778], [130.44330342827482, 25.41384092059657], [130.41237780965633, 25.40093313981061], [130.41003507136747, 25.399996576267796], [130.38145219103785, 25.386344315990364], [130.35052657241937, 25.375199237690012], [130.33845123441282, 25.371445885657813], [130.31960095380086, 25.363997595369376], [130.28867533518238, 25.354410029276302], [130.2577497165639, 25.346318344776858], [130.24340715444572, 25.34289519504783], [130.22682409794538, 25.33792238804444], [130.1958984793269, 25.330489713377872], [130.16497286070842, 25.324527135768275], [130.13404724208993, 25.319586052793518], [130.10312162347142, 25.315437318154128], [130.09315213110358, 25.314344504437848], [130.07219600485294, 25.31161403574698], [130.04127038623446, 25.308738907814913], [130.01034476761595, 25.30694936668212], [129.97941914899747, 25.306291816712946], [129.94849353037898, 25.306847759463782], [129.91756791176047, 25.308569354057084], [129.886642293142, 25.311297262440988], [129.86107708901866, 25.314344504437845]]]}, "properties": {"fillColor": "#0000FF", "fillOpacity": 0.7, "color": "#000000", "weight": 0.2, "stroke": false}}, {"type": "Feature", "geometry": {"type": "Polygon", "coordinates": [[[130.89331544962192, 26.713328344327042], [130.87626208893371, 26.722972246771235], [130.8453364703152, 26.738255396304115], [130.83924587113782, 26.74187903493703], [130.81441085169672, 26.75598658443041], [130.78348523307824, 26.77037541590823], [130.78338499553794, 26.77042972554701], [130.75255961445976, 26.785680015144486], [130.72163399584124, 26.798747897543972], [130.72112179148303, 26.798980416156994], [130.69070837722276, 26.811414982932185], [130.65978275860428, 26.822559988147965], [130.64649983811032, 26.82753110676698], [130.62885713998577, 26.833586444050376], [130.5979315213673, 26.842694267891265], [130.5670059027488, 26.851475821786046], [130.5507712874158, 26.856081797376962], [130.53608028413032, 26.859775609592884], [130.50515466551184, 26.8663003016879], [130.47422904689333, 26.872159290569478], [130.44330342827482, 26.87783780146661], [130.41237780965633, 26.88380327049851], [130.4080313341196, 26.884632487986945], [130.38145219103785, 26.888911612143243], [130.35052657241937, 26.894119559943242], [130.31960095380086, 26.900562688356306], [130.28867533518238, 26.909804364115267], [130.280253128803, 26.913183178596928], [130.2577497165639, 26.92580747705434], [130.23733697895028, 26.941733869206914], [130.23530020807948, 26.970284559816896], [130.2577497165639, 26.987784196183796], [130.27541873088202, 26.99883525042688], [130.28867533518238, 27.002449140267565], [130.31960095380086, 27.008064818277315], [130.35052657241937, 27.010749425496595], [130.38145219103785, 27.01102469614346], [130.41237780965633, 27.00926301793647], [130.44330342827482, 27.00565847998506], [130.47422904689333, 27.00013202075246], [130.47975999956404, 26.99883525042688], [130.5051546655118, 26.992795163651014], [130.53608028413032, 26.9848425807333], [130.5670059027488, 26.97554301273608], [130.58142536813298, 26.970284559816896], [130.5979315213673, 26.96374731576482], [130.62885713998577, 26.951098661881815], [130.64883058596888, 26.94173386920691], [130.65978275860428, 26.935905858128226], [130.69070837722276, 26.919483626068995], [130.70149924000322, 26.913183178596928], [130.72163399584124, 26.899938388918976], [130.74476417372944, 26.884632487986945], [130.75255961445976, 26.878283705630253], [130.78198980096414, 26.856081797376962], [130.78348523307824, 26.854594909948645], [130.81441085169672, 26.8282060086009], [130.81523459506843, 26.82753110676698], [130.8453364703152, 26.799916327751003], [130.84644983578036, 26.798980416156994], [130.87626208893371, 26.77096021146233], [130.8768891910619, 26.77042972554701], [130.90519712205247, 26.74187903493703], [130.9071877075522, 26.737818556789136], [130.92393844765138, 26.713328344327042], [130.9071877075522, 26.705599675706335], [130.89331544962192, 26.713328344327042]]]}, "properties": {"fillColor": "#0000FF", "fillOpacity": 0.7, "color": "#000000", "weight": 0.2, "stroke": false}}, {"type": "Feature", "geometry": {"type": "Polygon", "coordinates": [[[130.13404724208993, 26.02220086609844], [130.16497286070842, 26.019184770269455], [130.1958984793269, 26.020283988248043], [130.22682409794538, 26.02560399140449], [130.23453034100947, 26.028111769687435], [130.2577497165639, 26.039675576191314], [130.28544568456792, 26.05666246029742], [130.28867533518238, 26.059373313113817], [130.3097707036924, 26.085213150907407], [130.31960095380086, 26.100502064671474], [130.32486705281244, 26.113763841517386], [130.3301869245447, 26.142314532127372], [130.3297846779482, 26.170865222737355], [130.32370135641642, 26.199415913347337], [130.31960095380086, 26.208834810554308], [130.3073647057892, 26.22796660395732], [130.28867533518238, 26.251246735083573], [130.2829974837476, 26.256517294567303], [130.2577497165639, 26.270273091015156], [130.22682409794538, 26.283181340124674], [130.21446618419577, 26.28506798517729], [130.1958984793269, 26.286027914682656], [130.17989812993866, 26.28506798517729], [130.16497286070842, 26.28256248807307], [130.13404724208993, 26.271615722755328], [130.10312162347142, 26.259615510407706], [130.097511259417, 26.256517294567306], [130.07219600485294, 26.236231733790127], [130.064202195925, 26.22796660395732], [130.04127038623446, 26.20015299059723], [130.04087588945202, 26.199415913347337], [130.03273474331857, 26.170865222737355], [130.02931169633976, 26.142314532127372], [130.03222479934306, 26.11376384151739], [130.04048244373027, 26.085213150907403], [130.04127038623446, 26.083799410353464], [130.06487409342805, 26.056662460297417], [130.07219600485294, 26.050097711783472], [130.10312162347142, 26.03043121838269], [130.10865746038584, 26.028111769687435], [130.13404724208993, 26.02220086609844]]]}, "properties": {"fillColor": "#0000FF", "fillOpacity": 0.7, "color": "#000000", "weight": 0.2, "stroke": false}}, {"type": "Feature", "geometry": {"type": "Polygon", "coordinates": [[[130.08391436991286, 26.05666246029742], [130.07219600485294, 26.066922542190383], [130.05921864757968, 26.085213150907403], [130.04263317325015, 26.113763841517386], [130.04127038623446, 26.119533230982015], [130.03961146558447, 26.142314532127372], [130.04127038623446, 26.162587525779728], [130.04340671551236, 26.170865222737355], [130.0597572725343, 26.199415913347337], [130.07219600485294, 26.21964857316663], [130.08065749711062, 26.22796660395732], [130.10312162347142, 26.24329284463657], [130.1223524936349, 26.25651729456731], [130.13404724208993, 26.26054409176738], [130.16497286070842, 26.26725084313576], [130.1958984793269, 26.27036155151489], [130.22682409794538, 26.267021988990393], [130.2577497165639, 26.25782465488356], [130.26014928165014, 26.256517294567306], [130.28867533518238, 26.230037513666858], [130.29033786873276, 26.22796660395732], [130.3042151681299, 26.199415913347337], [130.3138239791179, 26.170865222737355], [130.31384884035697, 26.142314532127372], [130.30383594763614, 26.113763841517386], [130.28896940678842, 26.085213150907403], [130.28867533518238, 26.084852940911723], [130.2577497165639, 26.060076456346472], [130.25255425757865, 26.05666246029742], [130.22682409794538, 26.04657167930803], [130.1958984793269, 26.037549144922806], [130.16497286070842, 26.033238860631023], [130.13404724208993, 26.03672731894634], [130.10312162347142, 26.04689184374044], [130.08391436991286, 26.05666246029742]]]}, "properties": {"fillColor": "#0000FF", "fillOpacity": 0.7, "color": "#000000", "weight": 0.2, "stroke": false}}, {"type": "Feature", "geometry": {"type": "Polygon", "coordinates": [[[129.70108858143104, 26.141412263594397], [129.70242494278813, 26.142314532127376], [129.7117530557368, 26.170865222737355], [129.7123328546196, 26.199415913347337], [129.7120323674649, 26.22796660395732], [129.71152431850732, 26.256517294567306], [129.71048242684725, 26.285067985177292], [129.70681175045652, 26.313618675787275], [129.70108858143104, 26.32638105177408], [129.6972415653005, 26.31361867578727], [129.69094199008194, 26.285067985177292], [129.68685080444746, 26.256517294567303], [129.68611821881814, 26.22796660395732], [129.68884376550886, 26.199415913347337], [129.69400490289914, 26.170865222737355], [129.70078832709575, 26.142314532127372], [129.70108858143104, 26.141412263594397]]]}, "properties": {"fillColor": "#0000FF", "fillOpacity": 0.7, "color": "#000000", "weight": 0.2, "stroke": false}}, {"type": "Feature", "geometry": {"type": "Polygon", "coordinates": [[[114.30013050942244, 5.749259721692421], [114.33105612804094, 5.749997839216059], [114.3513413527964, 5.757121436599041], [114.36198174665942, 5.759458057209912], [114.39290736527792, 5.770674567971559], [114.41892617227718, 5.7856721272090255], [114.42383298389642, 5.78744350749642], [114.4547586025149, 5.801921007048045], [114.47142245903908, 5.814222817819009], [114.4856842211334, 5.822920458945822], [114.5076122765731, 5.8427735084289925], [114.51660983975188, 5.852031007893919], [114.53473841434268, 5.871324199038976], [114.54753545837039, 5.8931979252265965], [114.55306127372594, 5.89987488964896], [114.57162303109858, 5.928425580258944], [114.57846107698887, 5.943237194613335], [114.59287391252538, 5.956976270868927], [114.60938669560736, 5.971504762412513], [114.63637451541905, 5.985526961478911], [114.64031231422585, 5.987406811952022], [114.67123793284435, 6.000143999711625], [114.70216355146283, 6.0133000421353575], [114.70424307781188, 6.014077652088895], [114.73308917008133, 6.026812327276815], [114.76401478869981, 6.041471698649004], [114.76754874108137, 6.042628342698878], [114.79494040731831, 6.06583577593887], [114.80265015406005, 6.071179033308862], [114.80323586546177, 6.099729723918845], [114.79494040731831, 6.106346798620502], [114.76401478869981, 6.121565753572848], [114.73308917008133, 6.123333831715544], [114.70216355146283, 6.120259811066176], [114.67123793284435, 6.117030530002611], [114.64031231422585, 6.120729670825715], [114.62877635882285, 6.128280414528829], [114.60938669560736, 6.15010821563749], [114.60431784503551, 6.156831105138813], [114.57846107698887, 6.177002333735079], [114.56206801831033, 6.185381795748796], [114.54753545837036, 6.193228258359888], [114.52781134094519, 6.213932486358781], [114.52338922998175, 6.242483176968764], [114.53013488516481, 6.271033867578748], [114.5404528162283, 6.299584558188731], [114.54753545837038, 6.313726866807244], [114.56068734453807, 6.328135248798715], [114.57774065666398, 6.356685939408698], [114.57846107698887, 6.359081383627407], [114.60938669560736, 6.364033561077413], [114.61434516741542, 6.356685939408699], [114.63460206957026, 6.328135248798715], [114.64031231422587, 6.318840123642926], [114.65673715685602, 6.299584558188732], [114.67123793284435, 6.2858478952740935], [114.70216355146283, 6.29925287908406], [114.70237077305119, 6.299584558188731], [114.71949476113821, 6.328135248798715], [114.73308917008133, 6.356093682729522], [114.73330247966715, 6.356685939408698], [114.7394106610115, 6.385236630018682], [114.7397284505549, 6.413787320628667], [114.73514355320694, 6.4423380112386495], [114.73308917008133, 6.449176156148322], [114.72711942889975, 6.470888701848633], [114.71665179294146, 6.499439392458617], [114.70355581818103, 6.5279900830686], [114.70216355146283, 6.530764766426875], [114.6885078819298, 6.556540773678584], [114.67672498709038, 6.585091464288567], [114.67123793284435, 6.604232977975726], [114.66919706953321, 6.613642154898551], [114.66682008817818, 6.642192845508535], [114.66718359409904, 6.670743536118518], [114.66919911674624, 6.699294226728503], [114.67123793284435, 6.717219579441755], [114.67295236195774, 6.727844917338486], [114.67916040237421, 6.756395607948471], [114.68689311966256, 6.784946298558453], [114.6950106442731, 6.813496989168437], [114.70177617491886, 6.84204767977842], [114.70216355146283, 6.844701428263495], [114.70682712884452, 6.870598370388404], [114.70740498152219, 6.899149060998388], [114.70341473926767, 6.927699751608372], [114.70216355146283, 6.932072659983891], [114.69499625582075, 6.956250442218355], [114.68174793498423, 6.984801132828339], [114.67123793284435, 7.001675883386019], [114.66222387899538, 7.013351823438322], [114.64031231422585, 7.038683440475182], [114.63740035433364, 7.0419025140483065], [114.60938669560736, 7.069640570313131], [114.60853035894587, 7.070453204658289], [114.57846107698887, 7.095894798155746], [114.57370893964507, 7.0990038952682735], [114.54753545837036, 7.1155111597093], [114.52233319014911, 7.127554585878258], [114.51660983975188, 7.130428391386596], [114.4856842211334, 7.1533753942365985], [114.48345306374085, 7.1561052764882405], [114.46201687864394, 7.184655967098226], [114.45475860251489, 7.19407561290823], [114.44382857788091, 7.2132066577082075], [114.42547994779008, 7.241757348318192], [114.42383298389642, 7.244550970783544], [114.41433712488089, 7.270308038928175], [114.4078830100235, 7.298858729538159], [114.40766611457687, 7.327409420148142], [114.40806437169205, 7.355960110758126], [114.40243983204897, 7.38451080136811], [114.39290736527794, 7.396712003058781], [114.36198174665942, 7.412685524930996], [114.35989473579835, 7.413061491978093], [114.33105612804094, 7.4202679429005975], [114.30013050942244, 7.419587258506356], [114.26954498598596, 7.413061491978093], [114.26920489080396, 7.4130231171436884], [114.23827927218547, 7.406909391912973], [114.20735365356697, 7.3977993998802045], [114.17860938166912, 7.38451080136811], [114.17642803494849, 7.384034667171709], [114.14550241632999, 7.373737542064294], [114.11972012608061, 7.355960110758126], [114.1145767977115, 7.352907164848582], [114.0881015423837, 7.327409420148143], [114.08365117909301, 7.3206675763691464], [114.06879781225709, 7.298858729538159], [114.05977306775985, 7.270308038928175], [114.05559069267018, 7.241757348318192], [114.05396428954623, 7.2132066577082075], [114.05392533296802, 7.184655967098225], [114.05652267022334, 7.1561052764882405], [114.0619684482935, 7.127554585878257], [114.06813565747416, 7.0990038952682735], [114.07263497352807, 7.070453204658289], [114.07585515763856, 7.0419025140483065], [114.07927522090827, 7.013351823438322], [114.08275117940128, 6.984801132828339], [114.083651179093, 6.975185256196743], [114.0845948791933, 6.956250442218355], [114.08588017776128, 6.927699751608372], [114.08722236043914, 6.899149060998388], [114.08820651824236, 6.870598370388404], [114.08989328397737, 6.84204767977842], [114.09280964104997, 6.813496989168437], [114.09664124657616, 6.784946298558453], [114.10039763635311, 6.75639560794847], [114.10353408224806, 6.727844917338485], [114.10600251085575, 6.699294226728503], [114.10747362890035, 6.670743536118518], [114.10722436866112, 6.642192845508535], [114.10464051219317, 6.613642154898551], [114.09988966443566, 6.585091464288567], [114.09390471522266, 6.556540773678584], [114.08747070086166, 6.5279900830686], [114.08365117909301, 6.511055786566228], [114.08002557436822, 6.4994393924586165], [114.07560624365577, 6.470888701848632], [114.07584728478793, 6.442338011238649], [114.07909954410172, 6.413787320628666], [114.08365117909301, 6.3887692678555394], [114.08418485461736, 6.385236630018682], [114.0890631726111, 6.356685939408698], [114.09398045425417, 6.328135248798715], [114.09847360443163, 6.299584558188731], [114.10404690170445, 6.271033867578748], [114.1145767977115, 6.24529808597763], [114.11716148971428, 6.242483176968763], [114.14550241632998, 6.226214074415719], [114.17642803494849, 6.222515421610227], [114.1865065195638, 6.213932486358781], [114.19293724157394, 6.185381795748796], [114.1869515255574, 6.156831105138813], [114.17891887825564, 6.128280414528829], [114.17642803494849, 6.120994250959493], [114.16401245809696, 6.099729723918845], [114.15084701011943, 6.071179033308862], [114.14550241632999, 6.057749065613771], [114.13555806496737, 6.042628342698878], [114.12221985522275, 6.014077652088895], [114.1145767977115, 5.991062526530463], [114.11195211372424, 5.985526961478911], [114.10482696045278, 5.956976270868927], [114.0998728223839, 5.928425580258944], [114.0993354377359, 5.8998748896489595], [114.11457679771152, 5.8794254179284815], [114.14550241632998, 5.880710163244607], [114.17642803494849, 5.896765861735186], [114.18253591697251, 5.8998748896489595], [114.20735365356697, 5.9100632778442606], [114.23827927218547, 5.901220530562008], [114.23922475300634, 5.8998748896489595], [114.24999462131679, 5.871324199038976], [114.25084832195043, 5.8427735084289925], [114.24841081088861, 5.814222817819009], [114.25247181761978, 5.7856721272090255], [114.26920489080396, 5.763254569376774], [114.27903034226588, 5.757121436599041], [114.30013050942244, 5.749259721692421]]]}, "properties": {"fillColor": "#00FF00", "fillOpacity": 0.7, "color": "#000000", "weight": 0.2, "stroke": false}}, {"type": "Feature", "geometry": {"type": "Polygon", "coordinates": [[[114.31785770561066, 5.7856721272090255], [114.30013050942244, 5.79568305421935], [114.28999995761674, 5.814222817819009], [114.29103153109908, 5.8427735084289925], [114.29425599917016, 5.871324199038976], [114.28907820390347, 5.8998748896489595], [114.2760713167432, 5.928425580258944], [114.26920489080396, 5.940823489163756], [114.25485211351204, 5.956976270868927], [114.23827927218547, 5.978979714984604], [114.22947801454745, 5.985526961478911], [114.20777774318442, 6.014077652088894], [114.20735365356697, 6.015820364302788], [114.20139758070911, 6.042628342698878], [114.20397535413905, 6.071179033308862], [114.20735365356697, 6.084829837136601], [114.20993746458517, 6.099729723918845], [114.21710611338493, 6.128280414528829], [114.22533984876986, 6.156831105138813], [114.23417519610393, 6.185381795748796], [114.23827927218545, 6.2014359689722625], [114.24024231299506, 6.213932486358781], [114.24265664534178, 6.242483176968763], [114.24250327443808, 6.271033867578747], [114.23861882975075, 6.299584558188731], [114.23827927218547, 6.301048784007063], [114.21193345454321, 6.328135248798715], [114.20735365356695, 6.332265605648244], [114.17642803494849, 6.345710758388247], [114.16853386580618, 6.356685939408698], [114.15076671981284, 6.385236630018682], [114.14550241632998, 6.393894382279932], [114.13802300762404, 6.413787320628666], [114.12983364379465, 6.4423380112386495], [114.125989202196, 6.470888701848633], [114.12677474916032, 6.4994393924586165], [114.13173281654836, 6.5279900830686], [114.13772778125188, 6.556540773678584], [114.14335961031719, 6.585091464288567], [114.14550241632999, 6.596259733735649], [114.14899290024144, 6.613642154898551], [114.15380097578326, 6.642192845508536], [114.15700466507468, 6.670743536118518], [114.15737988533076, 6.699294226728503], [114.15448661710998, 6.727844917338486], [114.14959552183218, 6.75639560794847], [114.14550241632999, 6.776061804743032], [114.14372226008823, 6.784946298558453], [114.13648739655241, 6.813496989168437], [114.12863961928909, 6.842047679778419], [114.12151128473508, 6.870598370388404], [114.1153109076912, 6.899149060998388], [114.11457679771149, 6.903131141539818], [114.11015065074152, 6.927699751608372], [114.10692819556274, 6.956250442218355], [114.10490592141394, 6.984801132828339], [114.10327443944843, 7.013351823438322], [114.10203997289463, 7.0419025140483065], [114.09985057807029, 7.070453204658289], [114.09447143190374, 7.0990038952682735], [114.0867067242076, 7.127554585878257], [114.083651179093, 7.1376685859695606], [114.07690050091678, 7.1561052764882405], [114.07011931029312, 7.184655967098225], [114.06791218817952, 7.2132066577082075], [114.07013171773187, 7.241757348318192], [114.07792629810791, 7.270308038928175], [114.08365117909301, 7.2819591234703545], [114.09046771127049, 7.298858729538159], [114.1145767977115, 7.327370832163243], [114.1146224152505, 7.327409420148142], [114.14550241632999, 7.349879288453044], [114.16172987687398, 7.355960110758126], [114.17642803494849, 7.363441795403524], [114.20735365356698, 7.372248102617979], [114.23827927218547, 7.377113024815602], [114.26920489080396, 7.381429375486759], [114.30013050942244, 7.3839345013413595], [114.33105612804094, 7.381938899942186], [114.36198174665942, 7.369405304903081], [114.37330821646239, 7.355960110758126], [114.3808729006488, 7.3274094201481415], [114.3828734610199, 7.298858729538159], [114.38714274851237, 7.2703080389281745], [114.39290736527792, 7.245437469147455], [114.39468940026903, 7.241757348318192], [114.40964989232094, 7.2132066577082075], [114.42383298389642, 7.1864769978371745], [114.42506317242548, 7.184655967098225], [114.44479479930655, 7.1561052764882405], [114.4547586025149, 7.141764388037293], [114.46705168935523, 7.127554585878256], [114.4856842211334, 7.10614280860813], [114.49445283534553, 7.0990038952682735], [114.51660983975188, 7.0781759124114565], [114.52719151304608, 7.070453204658289], [114.54753545837038, 7.050815749635679], [114.55815719865504, 7.0419025140483065], [114.57846107698887, 7.0174142466651075], [114.58211382485402, 7.013351823438322], [114.60389957778811, 6.9848011328283395], [114.60938669560736, 6.977149307363863], [114.62749727724741, 6.956250442218355], [114.64031231422585, 6.941534790800691], [114.64845770332599, 6.927699751608372], [114.65955789468663, 6.899149060998388], [114.66345565661081, 6.870598370388404], [114.66141783597917, 6.842047679778419], [114.65640854879123, 6.813496989168437], [114.65074769391923, 6.784946298558454], [114.64581660979219, 6.75639560794847], [114.64134358377613, 6.727844917338485], [114.64031231422587, 6.720959541350492], [114.63644970121607, 6.699294226728503], [114.63111768562509, 6.670743536118518], [114.62463416185933, 6.642192845508535], [114.61493574876116, 6.613642154898551], [114.60938669560736, 6.603120294789043], [114.57846107698887, 6.602744042469254], [114.56420747960341, 6.613642154898551], [114.54753545837038, 6.628710054071176], [114.53068861896655, 6.642192845508535], [114.51660983975188, 6.655678711614254], [114.48604971888916, 6.670743536118518], [114.4856842211334, 6.6709499227226114], [114.4547586025149, 6.670919729402758], [114.4541898246224, 6.670743536118518], [114.42383298389642, 6.658495474541969], [114.39290736527792, 6.652562751759548], [114.36198174665942, 6.642901302121797], [114.36095149752884, 6.642192845508535], [114.33105612804094, 6.619763208239187], [114.32502470000901, 6.613642154898551], [114.30523640576061, 6.585091464288567], [114.30013050942244, 6.566823403972228], [114.2972647567045, 6.556540773678584], [114.30013050942244, 6.5520066595234], [114.33105612804094, 6.556431315475161], [114.33121147914073, 6.556540773678584], [114.36198174665944, 6.580629329056444], [114.36911231800694, 6.585091464288567], [114.39290736527792, 6.605745601677967], [114.41657238258011, 6.613642154898551], [114.42383298389642, 6.624117427360956], [114.45475860251491, 6.629576603131751], [114.46674441531863, 6.613642154898551], [114.4856842211334, 6.601838663235899], [114.49791486630582, 6.585091464288567], [114.51239673960498, 6.5565407736785835], [114.51660983975188, 6.543331117519891], [114.52334994279234, 6.5279900830686], [114.53243097677623, 6.499439392458617], [114.53804776570391, 6.470888701848633], [114.54089789999492, 6.4423380112386495], [114.54105605710643, 6.413787320628666], [114.53839726421292, 6.385236630018681], [114.53349919711637, 6.356685939408698], [114.52313066395637, 6.328135248798715], [114.51660983975188, 6.319171719208644], [114.50453463468173, 6.299584558188731], [114.49475182002254, 6.271033867578748], [114.4856842211334, 6.244666317171166], [114.48507637054523, 6.242483176968763], [114.48063672293696, 6.213932486358781], [114.4856842211334, 6.189998162216212], [114.48738861785345, 6.185381795748796], [114.51660983975188, 6.158655799500834], [114.51920861945732, 6.156831105138813], [114.54753545837038, 6.135397267635452], [114.55494867242149, 6.128280414528829], [114.57244914455897, 6.099729723918845], [114.57846107698887, 6.0887852615968665], [114.60001073723592, 6.071179033308862], [114.60938669560736, 6.062945009394456], [114.64031231422587, 6.051996461720207], [114.65151248282322, 6.042628342698878], [114.64031231422585, 6.0373222028011755], [114.60938669560736, 6.01420184240399], [114.60932511066622, 6.014077652088894], [114.57867730173442, 5.985526961478911], [114.57846107698887, 5.98533562463754], [114.56619198443786, 5.956976270868927], [114.54921943399702, 5.928425580258944], [114.54753545837038, 5.92610404783921], [114.53588251817364, 5.8998748896489595], [114.51660983975188, 5.876353549008391], [114.51270087456724, 5.871324199038976], [114.48568422113341, 5.845072684628342], [114.48235655750611, 5.8427735084289925], [114.4547586025149, 5.822166299826137], [114.43591508860163, 5.814222817819009], [114.42383298389642, 5.806952951092642], [114.39290736527792, 5.794470661926929], [114.36198174665942, 5.786348341796322], [114.3549988033352, 5.7856721272090255], [114.33105612804094, 5.7820602004939365], [114.31785770561066, 5.7856721272090255]]]}, "properties": {"fillColor": "#00FF00", "fillOpacity": 0.7, "color": "#000000", "weight": 0.2, "stroke": false}}, {"type": "Feature", "geometry": {"type": "Polygon", "coordinates": [[[114.88771726317378, 5.904339365462017], [114.89285914035095, 5.928425580258944], [114.88771726317378, 5.937751268930127], [114.8841714729093, 5.928425580258944], [114.88771726317378, 5.904339365462017]]]}, "properties": {"fillColor": "#00FF00", "fillOpacity": 0.7, "color": "#000000", "weight": 0.2, "stroke": false}}, {"type": "Feature", "geometry": {"type": "Polygon", "coordinates": [[[124.56743589076152, 6.098780559962763], [124.59836150938, 6.081044385552541], [124.6292871279985, 6.076686168106954], [124.66021274661699, 6.078772537575609], [124.69113836523547, 6.091923383367256], [124.700092150968, 6.099729723918845], [124.71694521363855, 6.128280414528829], [124.71904676163692, 6.156831105138814], [124.71500479657053, 6.185381795748796], [124.69704614966665, 6.213932486358781], [124.69113836523547, 6.2198490599751555], [124.66021274661699, 6.238034567508221], [124.6292871279985, 6.2407477998835335], [124.59836150938, 6.235626565756277], [124.56902672878886, 6.213932486358781], [124.56743589076152, 6.211756701817164], [124.55045471664496, 6.185381795748796], [124.54581592149509, 6.156831105138813], [124.54881841769954, 6.128280414528829], [124.56651983065466, 6.099729723918845], [124.56743589076152, 6.098780559962763]]]}, "properties": {"fillColor": "#00FF00", "fillOpacity": 0.7, "color": "#000000", "weight": 0.2, "stroke": false}}, {"type": "Feature", "geometry": {"type": "Polygon", "coordinates": [[[124.61159272972722, 6.099729723918845], [124.59836150938, 6.103150284705875], [124.57035534664615, 6.128280414528829], [124.56743589076152, 6.148306475560108], [124.56607543053883, 6.156831105138813], [124.56743589076152, 6.161498816967028], [124.57321507325487, 6.185381795748796], [124.59836150938001, 6.21390424239502], [124.59842822013275, 6.213932486358781], [124.62928712799851, 6.224831945684037], [124.66021274661699, 6.218856225089064], [124.66740243504898, 6.213932486358781], [124.69113836523547, 6.190757692198963], [124.69505983091926, 6.185381795748796], [124.70320728794044, 6.156831105138813], [124.69751570739237, 6.128280414528829], [124.69113836523547, 6.119731880043045], [124.66227390307334, 6.099729723918845], [124.66021274661699, 6.098640151026008], [124.6292871279985, 6.094752949934299], [124.61159272972722, 6.099729723918845]]]}, "properties": {"fillColor": "#00FF00", "fillOpacity": 0.7, "color": "#000000", "weight": 0.2, "stroke": false}}, {"type": "Feature", "geometry": {"type": "Polygon", "coordinates": [[[124.84576645832793, 7.841087347729638], [124.87669207694643, 7.832342079556964], [124.90761769556491, 7.835244387984284], [124.92274600459919, 7.841321851127848], [124.9385433141834, 7.84475298591806], [124.9694689328019, 7.865783998467778], [124.97372569255694, 7.869872541737832], [124.99366202206917, 7.898423232347815], [124.99902554320599, 7.926973922957799], [125.00006155883858, 7.955524613567783], [124.99752339808491, 7.984075304177766], [124.9838567256972, 8.01262599478775], [124.9694689328019, 8.025478239520062], [124.9385433141834, 8.03655775690881], [124.90761769556491, 8.037233707543608], [124.87669207694643, 8.033251704011256], [124.84576645832794, 8.019781367558604], [124.83653418405035, 8.01262599478775], [124.81549670561617, 7.984075304177766], [124.81484083970945, 7.9820107574247885], [124.80157940985507, 7.955524613567784], [124.7993143144704, 7.926973922957799], [124.80539819494835, 7.898423232347815], [124.81484083970945, 7.876506081007402], [124.81726413406413, 7.869872541737832], [124.84542052540368, 7.841321851127848], [124.84576645832793, 7.841087347729638]]]}, "properties": {"fillColor": "#00FF00", "fillOpacity": 0.7, "color": "#000000", "weight": 0.2, "stroke": false}}, {"type": "Feature", "geometry": {"type": "Polygon", "coordinates": [[[124.84188288380201, 7.869872541737832], [124.82346294486547, 7.898423232347815], [124.81715732639118, 7.926973922957799], [124.81851803815488, 7.955524613567782], [124.82936083370252, 7.984075304177766], [124.84576645832794, 8.00173658274134], [124.86422338553527, 8.01262599478775], [124.87669207694643, 8.019435680203193], [124.90761769556491, 8.026140893666959], [124.9385433141834, 8.02297103485683], [124.95674764629973, 8.01262599478775], [124.9694689328019, 8.002716588989907], [124.98350265749173, 7.984075304177766], [124.99008075308342, 7.955524613567782], [124.98826277774478, 7.926973922957799], [124.97665141084018, 7.898423232347815], [124.9694689328019, 7.889215382959735], [124.95080381129281, 7.869872541737832], [124.9385433141834, 7.860625007462636], [124.90761769556491, 7.850510598679113], [124.87669207694643, 7.850820423533047], [124.84576645832793, 7.865963569543485], [124.84188288380201, 7.869872541737832]]]}, "properties": {"fillColor": "#00FF00", "fillOpacity": 0.7, "color": "#000000", "weight": 0.2, "stroke": false}}, {"type": "Feature", "geometry": {"type": "Polygon", "coordinates": [[[126.14464244030457, 8.372097384696644], [126.17556805892303, 8.375002047247259], [126.19228135764747, 8.383784972717539], [126.20649367754154, 8.390682722178488], [126.23183350226313, 8.412335663327521], [126.23741929616003, 8.417690508307809], [126.26281873772547, 8.440886353937504], [126.26834491477854, 8.445815164031082], [126.29823201379858, 8.469437044547488], [126.29927053339702, 8.470276986105915], [126.3301961520155, 8.489962284127188], [126.34945248154858, 8.497987735157473], [126.361121770634, 8.501163279305436], [126.3920473892525, 8.500346704845064], [126.40198950937507, 8.497987735157473], [126.42297300787098, 8.49090611064841], [126.45389862648946, 8.477769059163723], [126.47167960038476, 8.469437044547488], [126.48482424510796, 8.461601570341562], [126.51574986372646, 8.447450437062894], [126.54667548234495, 8.446054903635286], [126.57760110096345, 8.455327965185157], [126.60035287338111, 8.469437044547488], [126.60852671958193, 8.484077205990435], [126.61787958066853, 8.497987735157473], [126.62347345158919, 8.526538425767455], [126.63945233820041, 8.542692054932226], [126.67037795681891, 8.53548956611915], [126.69954926863954, 8.526538425767455], [126.70130357543741, 8.526103301176175], [126.73222919405589, 8.522640094872223], [126.74292497727797, 8.526538425767455], [126.76315481267437, 8.539410445290208], [126.77736149150154, 8.55508911637744], [126.79408043129287, 8.57056373161226], [126.80959763925974, 8.583639806987424], [126.82500604991138, 8.604116941943357], [126.83173418762223, 8.612190497597407], [126.84857609642908, 8.64074118820739], [126.85593166852986, 8.653314848135636], [126.86661144516003, 8.669291878817374], [126.88685728714835, 8.692546853320756], [126.89042862535106, 8.697842569427358], [126.90960877914596, 8.72639326003734], [126.91778290576684, 8.739276183524062], [126.9234897203885, 8.754943950647325], [126.93025174141852, 8.78349464125731], [126.93434875352833, 8.812045331867292], [126.93753743758396, 8.840596022477277], [126.94127244797744, 8.869146713087261], [126.94742635442789, 8.897697403697244], [126.94870852438532, 8.900738795280532], [126.95968258514766, 8.926248094307226], [126.9796341430038, 8.954394744370708], [126.97997076178481, 8.95479878491721], [127.00881651070475, 8.983349475527195], [127.01055976162232, 8.985463102003255], [127.0406397324388, 9.011900166137178], [127.0414853802408, 9.013237207589992], [127.07241099885928, 9.03330422905836], [127.08411449467094, 9.040450856747162], [127.1033366174778, 9.059994794987562], [127.10933689622779, 9.069001547357146], [127.11069930309304, 9.097552237967129], [127.10706186480114, 9.126102928577112], [127.10333661747781, 9.134395434606928], [127.0986583572069, 9.154653619187096], [127.0724109988593, 9.176140366438423], [127.0414853802408, 9.17817382328518], [127.01055976162232, 9.163421434287889], [127.00113058770664, 9.154653619187096], [126.97963414300382, 9.133604961506812], [126.97346746760101, 9.126102928577112], [126.95341903054833, 9.097552237967129], [126.94870852438532, 9.090121525725976], [126.93434998787347, 9.069001547357146], [126.91787369025288, 9.040450856747162], [126.91778290576684, 9.040283989026474], [126.89881348020238, 9.011900166137178], [126.88685728714836, 8.992981669141676], [126.87938187683646, 8.983349475527195], [126.85788637559342, 8.95479878491721], [126.85593166852985, 8.9521857345061], [126.83176048020566, 8.926248094307226], [126.82500604991137, 8.919339445899437], [126.7943189129508, 8.897697403697244], [126.79408043129288, 8.897550651485748], [126.76315481267437, 8.882458907661146], [126.73702604769113, 8.869146713087261], [126.73222919405589, 8.867392966127472], [126.70130357543741, 8.84625220014573], [126.69514514473586, 8.840596022477277], [126.67037795681892, 8.814339533991706], [126.66837189365899, 8.812045331867292], [126.64851664320854, 8.78349464125731], [126.64127545257715, 8.754943950647325], [126.64648079914082, 8.72639326003734], [126.67037795681891, 8.700244455764512], [126.67573650454933, 8.697842569427358], [126.68503982899196, 8.669291878817374], [126.67223460282392, 8.64074118820739], [126.67037795681891, 8.639089136318795], [126.63945233820041, 8.613054840323025], [126.63831110951234, 8.612190497597407], [126.61384958827003, 8.583639806987424], [126.60852671958193, 8.567238634519905], [126.57760110096343, 8.580823523818886], [126.5760434094184, 8.583639806987424], [126.5577133850552, 8.612190497597407], [126.54667548234495, 8.639766998744234], [126.54647965569862, 8.64074118820739], [126.54667548234495, 8.642965659943128], [126.55136583178145, 8.669291878817374], [126.54667548234495, 8.69279162736528], [126.54598836637757, 8.697842569427358], [126.5209529014436, 8.72639326003734], [126.51574986372646, 8.730264606240219], [126.48482424510796, 8.752382555354899], [126.47854627786066, 8.754943950647325], [126.45389862648946, 8.766430913449625], [126.42297300787098, 8.769938972399876], [126.3920473892525, 8.76678109554266], [126.361121770634, 8.761733514752661], [126.33019615201552, 8.765336171681604], [126.29927053339702, 8.78281441947637], [126.29855903551056, 8.78349464125731], [126.26834491477852, 8.810955216632797], [126.26681922344204, 8.812045331867292], [126.23741929616003, 8.833683175889004], [126.22068489311118, 8.840596022477277], [126.20649367754154, 8.84854589127438], [126.17556805892305, 8.86203965520825], [126.14601130445307, 8.869146713087261], [126.14464244030457, 8.86961771013424], [126.11371682168607, 8.870421945237707], [126.10485985200955, 8.869146713087261], [126.08279120306759, 8.867258246397492], [126.05186558444908, 8.860298817313321], [126.02397920382874, 8.840596022477277], [126.02093996583059, 8.83738837544661], [126.00267361827272, 8.812045331867292], [125.99499203358154, 8.78349464125731], [125.99374864305861, 8.754943950647325], [125.99697232762169, 8.72639326003734], [126.00310521396943, 8.697842569427358], [126.00939423336298, 8.669291878817374], [126.00640148424007, 8.64074118820739], [125.99893082095409, 8.612190497597407], [126.00566022760074, 8.583639806987424], [126.02093996583059, 8.56719427599598], [126.03405974093639, 8.55508911637744], [126.05186558444909, 8.538517335118854], [126.0590254995005, 8.526538425767455], [126.06432311786494, 8.497987735157473], [126.0658285475283, 8.469437044547488], [126.07105336355961, 8.440886353937504], [126.08279120306759, 8.417352048945228], [126.08511957310681, 8.412335663327521], [126.11371682168607, 8.384019350122635], [126.1143500623083, 8.383784972717539], [126.14464244030457, 8.372097384696644]]]}, "properties": {"fillColor": "#00FF00", "fillOpacity": 0.7, "color": "#000000", "weight": 0.2, "stroke": false}}, {"type": "Feature", "geometry": {"type": "Polygon", "coordinates": [[[126.12144642016916, 8.412335663327521], [126.11371682168607, 8.418267467477682], [126.09885420157923, 8.440886353937504], [126.09236114796505, 8.469437044547488], [126.09189384452243, 8.497987735157473], [126.09146557914582, 8.526538425767455], [126.08416676894011, 8.55508911637744], [126.08279120306759, 8.557210886418083], [126.0558771301707, 8.583639806987424], [126.05186558444908, 8.589389691918807], [126.03850648881541, 8.612190497597407], [126.04446057981713, 8.64074118820739], [126.04173817695565, 8.669291878817374], [126.03274413387884, 8.697842569427358], [126.02474912587157, 8.72639326003734], [126.02093996583059, 8.75037601089766], [126.01997638447993, 8.754943950647325], [126.02093996583059, 8.766855035860287], [126.02199535646363, 8.78349464125731], [126.03392857825415, 8.812045331867292], [126.0518655844491, 8.829927079886808], [126.07578845998134, 8.840596022477277], [126.08279120306759, 8.84335301258903], [126.11371682168607, 8.84749027665684], [126.14464244030457, 8.844484750748883], [126.15553620028595, 8.840596022477277], [126.17556805892305, 8.834898181881105], [126.20649367754154, 8.823283650803118], [126.22804829719797, 8.812045331867292], [126.23741929616003, 8.807448013006017], [126.26834491477852, 8.783927046408799], [126.26882067835133, 8.78349464125731], [126.29872636620375, 8.754943950647325], [126.29927053339702, 8.754467459216476], [126.3301961520155, 8.738756633386465], [126.361121770634, 8.735410476188594], [126.3920473892525, 8.73888206785849], [126.42297300787098, 8.741822490854176], [126.45389862648946, 8.738349895483449], [126.47587903943455, 8.72639326003734], [126.48482424510796, 8.720799891064864], [126.50710205997524, 8.697842569427358], [126.5141154552528, 8.669291878817374], [126.51474348552809, 8.64074118820739], [126.51574986372646, 8.636822812584992], [126.52438576892568, 8.612190497597407], [126.53379421878793, 8.583639806987424], [126.54340608953773, 8.55508911637744], [126.54667548234495, 8.545609407090655], [126.55611006133307, 8.526538425767455], [126.55907189208153, 8.497987735157473], [126.54667548234497, 8.483535498523569], [126.51574986372646, 8.475084970334752], [126.48482424510797, 8.488272543510135], [126.46651596820952, 8.497987735157473], [126.45389862648949, 8.503902167314422], [126.42297300787098, 8.515774688582987], [126.3920473892525, 8.5264403236589], [126.39150825126973, 8.526538425767455], [126.36112177063401, 8.531317178410404], [126.33019615201549, 8.52774326633496], [126.32804301958697, 8.526538425767455], [126.29927053339702, 8.507991121500353], [126.28874879507916, 8.497987735157473], [126.26834491477854, 8.480951480557932], [126.25585350480915, 8.469437044547488], [126.23741929616003, 8.45286274049193], [126.22551070940253, 8.440886353937504], [126.20649367754154, 8.422851764511737], [126.19076866042286, 8.412335663327521], [126.17556805892305, 8.403108170267341], [126.14464244030457, 8.400185201543742], [126.12144642016916, 8.412335663327521]]]}, "properties": {"fillColor": "#00FF00", "fillOpacity": 0.7, "color": "#000000", "weight": 0.2, "stroke": false}}, {"type": "Feature", "geometry": {"type": "Polygon", "coordinates": [[[126.69829260029691, 8.754943950647325], [126.68593447487315, 8.78349464125731], [126.70130357543741, 8.804823114278204], [126.71181423261586, 8.812045331867292], [126.73222919405589, 8.824580069697852], [126.75575060347522, 8.812045331867292], [126.73280283253578, 8.78349464125731], [126.73222919405589, 8.782978590753569], [126.70225824939448, 8.754943950647325], [126.70130357543741, 8.753880387025504], [126.69829260029691, 8.754943950647325]]]}, "properties": {"fillColor": "#00FF00", "fillOpacity": 0.7, "color": "#000000", "weight": 0.2, "stroke": false}}, {"type": "Feature", "geometry": {"type": "Polygon", "coordinates": [[[126.96501974549625, 9.040450856747162], [126.97585929546935, 9.069001547357146], [126.9796341430038, 9.075108577512694], [126.9994722371438, 9.097552237967129], [127.01055976162232, 9.109516536242515], [127.02945120920296, 9.097552237967129], [127.02028009362468, 9.069001547357146], [127.01055976162232, 9.050993649780317], [126.99934994156325, 9.040450856747164], [126.97963414300384, 9.01663538045282], [126.96501974549625, 9.040450856747162]]]}, "properties": {"fillColor": "#00FF00", "fillOpacity": 0.7, "color": "#000000", "weight": 0.2, "stroke": false}}, {"type": "Feature", "geometry": {"type": "Polygon", "coordinates": [[[138.2984105573716, 8.634022962717491], [138.32933617599008, 8.624378828560861], [138.36026179460856, 8.620940783165796], [138.39118741322704, 8.620667320977372], [138.42211303184556, 8.623173458700148], [138.45303865046404, 8.630837165330863], [138.48396426908255, 8.638273582292143], [138.49164945737868, 8.64074118820739], [138.51488988770103, 8.654335137967685], [138.5244058238734, 8.669291878817374], [138.52308436528193, 8.697842569427358], [138.51488988770103, 8.718859321755199], [138.51346216982537, 8.72639326003734], [138.50717582626024, 8.754943950647325], [138.49807587601356, 8.78349464125731], [138.48396426908255, 8.801952908963463], [138.47448309600568, 8.812045331867292], [138.45303865046404, 8.827692500641275], [138.42211303184556, 8.838220482730488], [138.40224823455247, 8.840596022477277], [138.39118741322704, 8.843292557882995], [138.3602617946086, 8.841423188701029], [138.3579438820553, 8.840596022477277], [138.32933617599008, 8.83583433726237], [138.2984105573716, 8.822791086511963], [138.28272363964726, 8.812045331867292], [138.26748493875309, 8.803409041834515], [138.2443248129698, 8.78349464125731], [138.2365593201346, 8.77109766870581], [138.22516390765736, 8.754943950647325], [138.21892998728177, 8.72639326003734], [138.2234458215782, 8.697842569427358], [138.2365593201346, 8.677659622730648], [138.24093525662164, 8.669291878817374], [138.26748493875309, 8.646843135366934], [138.2850125311106, 8.64074118820739], [138.2984105573716, 8.634022962717491]]]}, "properties": {"fillColor": "#00FF00", "fillOpacity": 0.7, "color": "#000000", "weight": 0.2, "stroke": false}}, {"type": "Feature", "geometry": {"type": "Polygon", "coordinates": [[[138.33746879029172, 8.64074118820739], [138.3293361759901, 8.641171522244164], [138.2984105573716, 8.64745395311009], [138.26748493875309, 8.66510253922465], [138.26253029018787, 8.669291878817374], [138.2421532934523, 8.697842569427358], [138.23863753056432, 8.72639326003734], [138.24450155133894, 8.754943950647325], [138.26748493875309, 8.781554866163145], [138.2695322746489, 8.78349464125731], [138.2984105573716, 8.804935463849151], [138.31602130556382, 8.812045331867292], [138.32933617599008, 8.819570569817571], [138.36026179460856, 8.82831150772659], [138.39118741322704, 8.828943641435448], [138.42211303184556, 8.822031021802168], [138.44103988199842, 8.812045331867292], [138.45303865046404, 8.805099876776502], [138.47485893415956, 8.78349464125731], [138.48396426908255, 8.759184765700745], [138.48585235738463, 8.754943950647325], [138.49299521640353, 8.72639326003734], [138.49462508261513, 8.697842569427358], [138.48396426908255, 8.675388426602282], [138.48003113466865, 8.669291878817374], [138.45303865046404, 8.654145072050506], [138.42211303184556, 8.644067607434964], [138.39465386680368, 8.64074118820739], [138.39118741322704, 8.640078063703491], [138.36026179460856, 8.637429708915958], [138.33746879029172, 8.64074118820739]]]}, "properties": {"fillColor": "#00FF00", "fillOpacity": 0.7, "color": "#000000", "weight": 0.2, "stroke": false}}, {"type": "Feature", "geometry": {"type": "Polygon", "coordinates": [[[135.39140240723341, 8.80232749621402], [135.4223280258519, 8.792622814611526], [135.4532536444704, 8.78967067426921], [135.4841792630889, 8.791074966550287], [135.51510488170737, 8.79795093378701], [135.53221359246746, 8.812045331867292], [135.54603050032588, 8.832863022236026], [135.55104424531345, 8.840596022477277], [135.55431636986808, 8.869146713087261], [135.54603050032588, 8.884055612690648], [135.5389723626617, 8.897697403697244], [135.51510488170737, 8.921007108749984], [135.5094848148113, 8.926248094307226], [135.4841792630889, 8.943536801893249], [135.4532536444704, 8.954517321641744], [135.45188415374406, 8.95479878491721], [135.4223280258519, 8.963602843511197], [135.39140240723341, 8.964248795653972], [135.36047678861493, 8.957957054932606], [135.35116778393012, 8.95479878491721], [135.32955116999642, 8.948196514375134], [135.30757509514984, 8.926248094307226], [135.30289253714656, 8.897697403697244], [135.31123021197408, 8.869146713087261], [135.32955116999642, 8.846742792768739], [135.33476332901105, 8.840596022477277], [135.36047678861493, 8.81930435427141], [135.3750734264662, 8.812045331867292], [135.39140240723341, 8.80232749621402]]]}, "properties": {"fillColor": "#00FF00", "fillOpacity": 0.7, "color": "#000000", "weight": 0.2, "stroke": false}}, {"type": "Feature", "geometry": {"type": "Polygon", "coordinates": [[[135.36832422252172, 8.840596022477278], [135.36047678861493, 8.846277549491846], [135.33901497950922, 8.869146713087261], [135.33083428662718, 8.897697403697245], [135.343287501577, 8.926248094307226], [135.36047678861493, 8.937041855952256], [135.39140240723341, 8.944350506330702], [135.42232802585187, 8.942800371020482], [135.4532536444704, 8.932821519347096], [135.46562841368836, 8.926248094307226], [135.4841792630889, 8.911960477557162], [135.49951585134903, 8.897697403697244], [135.51437897266447, 8.869146713087261], [135.51224260294634, 8.840596022477277], [135.4841792630889, 8.820199646366962], [135.4532536444704, 8.816086919586278], [135.4223280258519, 8.817525926151792], [135.39140240723341, 8.826060063560053], [135.36832422252172, 8.840596022477278]]]}, "properties": {"fillColor": "#00FF00", "fillOpacity": 0.7, "color": "#000000", "weight": 0.2, "stroke": false}}, {"type": "Feature", "geometry": {"type": "Polygon", "coordinates": [[[134.92751812795603, 9.037952442673738], [134.95844374657455, 9.034582786183567], [134.97320242359615, 9.040450856747162], [134.98936936519303, 9.04778460108746], [135.0096362317127, 9.069001547357146], [135.01496032609703, 9.097552237967129], [134.9996276959068, 9.126102928577112], [134.98936936519303, 9.133373493501054], [134.95844374657455, 9.148068605291076], [134.92751812795603, 9.147185781168945], [134.89659250933755, 9.13501650942952], [134.8849928104965, 9.126102928577112], [134.86994061917986, 9.097552237967129], [134.8772619374622, 9.069001547357146], [134.89659250933755, 9.05071882459994], [134.9216030304914, 9.040450856747162], [134.92751812795603, 9.037952442673738]]]}, "properties": {"fillColor": "#00FF00", "fillOpacity": 0.7, "color": "#000000", "weight": 0.2, "stroke": false}}, {"type": "Feature", "geometry": {"type": "Polygon", "coordinates": [[[134.92048403546144, 9.069001547357146], [134.9043081474308, 9.097552237967129], [134.92751812795603, 9.118665032715299], [134.95844374657455, 9.118595715226354], [134.97858477262636, 9.097552237967129], [134.9705124544593, 9.069001547357146], [134.95844374657455, 9.061333997607848], [134.92751812795603, 9.064938928148067], [134.92048403546144, 9.069001547357146]]]}, "properties": {"fillColor": "#00FF00", "fillOpacity": 0.7, "color": "#000000", "weight": 0.2, "stroke": false}}, {"type": "Feature", "geometry": {"type": "Polygon", "coordinates": [[[133.22660910393904, 9.48245680422789], [133.25753472255752, 9.477064608629638], [133.288460341176, 9.48603933100653], [133.30163775713925, 9.4972619065069], [133.3170838504151, 9.525812597116884], [133.31795968834612, 9.554363287726868], [133.30826873780086, 9.582913978336851], [133.288460341176, 9.606400064347413], [133.27905471295327, 9.611464668946834], [133.25753472255752, 9.622369541632507], [133.22660910393904, 9.616018794655528], [133.22044029786676, 9.611464668946834], [133.19568348532056, 9.590645248698038], [133.18900128361315, 9.582913978336851], [133.17701460569904, 9.554363287726868], [133.1805271954392, 9.525812597116882], [133.19568348532056, 9.505388158091996], [133.2037525249189, 9.4972619065069], [133.22660910393904, 9.48245680422789]]]}, "properties": {"fillColor": "#00FF00", "fillOpacity": 0.7, "color": "#000000", "weight": 0.2, "stroke": false}}, {"type": "Feature", "geometry": {"type": "Polygon", "coordinates": [[[133.218224709617, 9.525812597116884], [133.21167152599762, 9.554363287726868], [133.22660910393904, 9.57809362872738], [133.2423692055998, 9.582913978336851], [133.25753472255752, 9.585974551018442], [133.26218751694955, 9.582913978336851], [133.2870472490996, 9.554363287726868], [133.2840791913154, 9.525812597116882], [133.25753472255752, 9.508340703427518], [133.22660910393904, 9.517637802561984], [133.218224709617, 9.525812597116884]]]}, "properties": {"fillColor": "#00FF00", "fillOpacity": 0.7, "color": "#000000", "weight": 0.2, "stroke": false}}, {"type": "Feature", "geometry": {"type": "Polygon", "coordinates": [[[140.92708813994332, 9.777026931251267], [140.95801375856183, 9.763866491282059], [140.98893937718032, 9.761434971958796], [141.0198649957988, 9.764236829390443], [141.0507906144173, 9.770166465517022], [141.0817162330358, 9.778560721581075], [141.09686163267997, 9.782768812606736], [141.11264185165427, 9.790717112255763], [141.14356747027279, 9.806259984608507], [141.1535486842174, 9.811319503216723], [141.15342043218664, 9.839870193826705], [141.14356747027279, 9.84724002901748], [141.11264185165427, 9.863125434228069], [141.0817162330358, 9.867110508691377], [141.0507906144173, 9.865052354584025], [141.0198649957988, 9.860130049373067], [140.98893937718032, 9.852798179604221], [140.95801375856183, 9.841737084095385], [140.95449638125527, 9.839870193826705], [140.92708813994332, 9.81952537375192], [140.91942322728366, 9.81131950321672], [140.92069690668714, 9.782768812606736], [140.92708813994332, 9.777026931251267]]]}, "properties": {"fillColor": "#00FF00", "fillOpacity": 0.7, "color": "#000000", "weight": 0.2, "stroke": false}}, {"type": "Feature", "geometry": {"type": "Polygon", "coordinates": [[[131.64940255439598, 9.835402540842964], [131.6803281730145, 9.837912795332485], [131.68666138197756, 9.839870193826705], [131.71125379163297, 9.843212904247654], [131.74217941025145, 9.851559874398074], [131.7716853852983, 9.868420884436688], [131.77310502886996, 9.869054723075056], [131.80403064748845, 9.884946231281123], [131.82098472994272, 9.89697157504667], [131.83495626610693, 9.905829878860963], [131.8658818847254, 9.924773129652738], [131.86744384403696, 9.925522265656655], [131.89680750334392, 9.934761471455074], [131.9277331219624, 9.93792552091286], [131.9586587405809, 9.944551386057793], [131.98555262043692, 9.95407295626664], [131.9895843591994, 9.95489221252732], [132.02050997781788, 9.95877229255358], [132.05143559643636, 9.966608823335427], [132.077342645764, 9.982623646876622], [132.08236121505487, 9.985523056874385], [132.11217829564941, 10.011174337486606], [132.11328683367336, 10.013404448272741], [132.1326524156056, 10.03972502809659], [132.14112345669614, 10.068275718706573], [132.14421245229184, 10.07361219966099], [132.17031780962031, 10.096826409316556], [132.17513807091035, 10.098754354367207], [132.20426338743752, 10.096826409316556], [132.20606368952883, 10.096533576506545], [132.23698930814732, 10.074506838760978], [132.2515898982843, 10.068275718706573], [132.2679149267658, 10.06217313095603], [132.2988405453843, 10.057751696161302], [132.3297661640028, 10.059025612330956], [132.36069178262127, 10.06542009557468], [132.36808415848247, 10.068275718706573], [132.39161740123978, 10.074316229607945], [132.42254301985827, 10.091874878463114], [132.42895205448394, 10.096826409316556], [132.45346863847675, 10.118224942448963], [132.46036421625854, 10.12537709992654], [132.4803446189965, 10.153927790536525], [132.48439425709526, 10.168085897263737], [132.49008641405325, 10.182478481146507], [132.48901064108247, 10.211029171756492], [132.48439425709526, 10.221879931511605], [132.4804884676318, 10.239579862366476], [132.46934504786984, 10.268130552976459], [132.45346863847675, 10.289448992509266], [132.44910682337607, 10.296681243586441], [132.42254301985827, 10.321838836310151], [132.41686726883296, 10.325231934196427], [132.39161740123978, 10.340816213486852], [132.36069178262127, 10.349214297824467], [132.3297661640028, 10.353665466192144], [132.3288975443791, 10.35378262480641], [132.2988405453843, 10.365126409334028], [132.2679149267658, 10.374920177715298], [132.2413902836118, 10.382333315416393], [132.23698930814732, 10.385814579187416], [132.20606368952883, 10.404334799678356], [132.18661721495585, 10.410884006026377], [132.17513807091035, 10.415815914887588], [132.14421245229184, 10.424639635523707], [132.11328683367336, 10.429988007426807], [132.08236121505487, 10.432012857301228], [132.05143559643636, 10.430640326925936], [132.02050997781788, 10.424565826474694], [131.99168699612494, 10.410884006026377], [131.9895843591994, 10.409857986434062], [131.9586587405809, 10.383680070661976], [131.95746011588335, 10.382333315416393], [131.9404008595635, 10.35378262480641], [131.93920307601388, 10.325231934196427], [131.94282245794383, 10.296681243586441], [131.94231943561948, 10.268130552976459], [131.93213698802583, 10.239579862366476], [131.9277331219624, 10.234200281985402], [131.9016081038463, 10.211029171756492], [131.89680750334392, 10.207716323086641], [131.8658818847254, 10.191989169774722], [131.84271886236888, 10.182478481146507], [131.83495626610693, 10.179926254736666], [131.80403064748845, 10.17153274021776], [131.77310502886996, 10.15770364066567], [131.76739350647762, 10.153927790536525], [131.74217941025145, 10.128218463913152], [131.73999797542132, 10.12537709992654], [131.72517009195033, 10.096826409316556], [131.71365287872123, 10.068275718706573], [131.71125379163297, 10.065366047367222], [131.6896324739402, 10.03972502809659], [131.6803281730145, 10.033721794097524], [131.65034630362274, 10.011174337486606], [131.64940255439598, 10.010675662080043], [131.6184769357775, 9.989357086282023], [131.6114324789346, 9.982623646876622], [131.58982848209084, 9.95407295626664], [131.587551317159, 9.947810125372744], [131.5743621310619, 9.925522265656655], [131.5709451114089, 9.89697157504667], [131.58178080688455, 9.868420884436688], [131.587551317159, 9.862087399180846], [131.6184769357775, 9.841728853471922], [131.631580462447, 9.839870193826705], [131.64940255439598, 9.835402540842964]]]}, "properties": {"fillColor": "#00FF00", "fillOpacity": 0.7, "color": "#000000", "weight": 0.2, "stroke": false}}, {"type": "Feature", "geometry": {"type": "Polygon", "coordinates": [[[131.60477708018942, 9.868420884436688], [131.5908933430519, 9.89697157504667], [131.5924596474814, 9.925522265656655], [131.60516051215592, 9.95407295626664], [131.6184769357775, 9.969019550358443], [131.63320365787698, 9.982623646876622], [131.64940255439598, 9.9956709766409], [131.67874285194793, 10.011174337486606], [131.6803281730145, 10.012366556607283], [131.71125379163297, 10.034337797977503], [131.72004418978304, 10.03972502809659], [131.74217941025145, 10.064862378646518], [131.74562761934845, 10.068275718706573], [131.76389527795004, 10.096826409316556], [131.77310502886996, 10.10960147764142], [131.78872810422223, 10.12537709992654], [131.80403064748845, 10.13600239541408], [131.83495626610693, 10.148988861433567], [131.84768084580983, 10.153927790536525], [131.8658818847254, 10.160794919152135], [131.89680750334392, 10.177558737906482], [131.90310800125033, 10.182478481146507], [131.9277331219624, 10.200689205437943], [131.93961657355723, 10.211029171756492], [131.9586587405809, 10.233288384201385], [131.96254278293588, 10.239579862366476], [131.97010167085526, 10.268130552976459], [131.97208932428947, 10.296681243586441], [131.974037101398, 10.325231934196427], [131.9850949990293, 10.35378262480641], [131.9895843591994, 10.35915776602414], [132.0184869998813, 10.382333315416393], [132.02050997781788, 10.383563865142106], [132.05143559643636, 10.39429990558521], [132.08236121505485, 10.396630537262402], [132.11328683367336, 10.393070228994265], [132.14421245229184, 10.38375376726337], [132.14813259076973, 10.382333315416393], [132.17513807091035, 10.376425391284778], [132.20606368952883, 10.369039555503363], [132.23698930814732, 10.35928674577837], [132.25345634994517, 10.35378262480641], [132.2679149267658, 10.352055990136373], [132.2988405453843, 10.348027487144153], [132.3297661640028, 10.342908662542692], [132.36069178262127, 10.335523086170895], [132.383647138733, 10.325231934196427], [132.39161740123978, 10.322419195534033], [132.42254301985827, 10.301413124898637], [132.4275393947828, 10.296681243586441], [132.448289675287, 10.268130552976459], [132.45346863847675, 10.25266856378184], [132.4603524842942, 10.239579862366476], [132.46736767237053, 10.211029171756492], [132.467082592184, 10.182478481146507], [132.45346863847675, 10.156641419581703], [132.45221393810837, 10.153927790536526], [132.4278101715587, 10.12537709992654], [132.42254301985827, 10.120655921375475], [132.39161740123978, 10.099578481943983], [132.38346088779258, 10.096826409316556], [132.36069178262127, 10.087225828389265], [132.32976616400282, 10.081803211883642], [132.2988405453843, 10.083004780626721], [132.2679149267658, 10.093819041870862], [132.2630669703979, 10.096826409316556], [132.23698930814732, 10.115387166495653], [132.22421313651756, 10.12537709992654], [132.20606368952883, 10.133127789282607], [132.17513807091035, 10.128699266936824], [132.1661844213779, 10.12537709992654], [132.14421245229184, 10.112157500323061], [132.1173841269708, 10.096826409316556], [132.11328683367336, 10.090634833377019], [132.10644886413252, 10.068275718706573], [132.10037206195847, 10.03972502809659], [132.08236121505487, 10.012598677098083], [132.0812791308335, 10.011174337486606], [132.05143559643636, 9.990437768421977], [132.0291171269676, 9.982623646876622], [132.02050997781788, 9.979154936593982], [131.9895843591994, 9.973394011783093], [131.9586587405809, 9.968494475944631], [131.9277331219624, 9.96335028062053], [131.89680750334392, 9.960324691987923], [131.8813761469262, 9.95407295626664], [131.8658818847254, 9.947653643394588], [131.83495626610693, 9.930356861599147], [131.82912569807087, 9.925522265656655], [131.80403064748845, 9.906765807090656], [131.78959823216198, 9.89697157504667], [131.77310502886996, 9.885617978441193], [131.74217941025145, 9.870559257833111], [131.73631434987936, 9.868420884436688], [131.71125379163297, 9.856661478984822], [131.6803281730145, 9.849452481750067], [131.64940255439598, 9.848509256679447], [131.6184769357775, 9.857701299329419], [131.60477708018942, 9.868420884436688]]]}, "properties": {"fillColor": "#00FF00", "fillOpacity": 0.7, "color": "#000000", "weight": 0.2, "stroke": false}}, {"type": "Feature", "geometry": {"type": "Polygon", "coordinates": [[[122.24801449437467, 9.857137492731509], [122.27894011299315, 9.844325486623307], [122.30986573161167, 9.844504275954069], [122.34079135023015, 9.858873291130536], [122.35081807272425, 9.868420884436688], [122.36889366898505, 9.89697157504667], [122.37171696884866, 9.90712156818071], [122.37917343967429, 9.925522265656653], [122.38373250142034, 9.95407295626664], [122.38272588372757, 9.982623646876622], [122.37335735504159, 10.011174337486606], [122.37171696884865, 10.013714004493629], [122.34580613758382, 10.039725028096589], [122.34079135023015, 10.042889238840573], [122.30986573161167, 10.046109873038816], [122.29258491582817, 10.03972502809659], [122.27894011299317, 10.036277563873895], [122.24801449437467, 10.014481843045308], [122.24470717041343, 10.011174337486606], [122.22326863595943, 9.982623646876622], [122.21708887575619, 9.960820025774922], [122.21412957250516, 9.95407295626664], [122.21324123681214, 9.925522265656653], [122.21708887575619, 9.913568317454452], [122.22039904763868, 9.89697157504667], [122.23606850602442, 9.868420884436688], [122.24801449437467, 9.857137492731509]]]}, "properties": {"fillColor": "#00FF00", "fillOpacity": 0.7, "color": "#000000", "weight": 0.2, "stroke": false}}, {"type": "Feature", "geometry": {"type": "Polygon", "coordinates": [[[122.24464554095069, 9.89697157504667], [122.23408249045444, 9.925522265656655], [122.23463155065176, 9.95407295626664], [122.24801449437467, 9.980520087072929], [122.24908931032552, 9.982623646876622], [122.27894011299315, 10.010085571950956], [122.28281471319967, 10.011174337486606], [122.30986573161167, 10.02090143549889], [122.34079135023015, 10.011297039163235], [122.34091953953482, 10.011174337486606], [122.35959257681625, 9.982623646876622], [122.36179522306071, 9.95407295626664], [122.3575296433099, 9.925522265656655], [122.3425931136454, 9.89697157504667], [122.34079135023015, 9.894687622303895], [122.30986573161167, 9.870052386615532], [122.27894011299317, 9.868952053331698], [122.24801449437467, 9.89232644389157], [122.24464554095069, 9.89697157504667]]]}, "properties": {"fillColor": "#00FF00", "fillOpacity": 0.7, "color": "#000000", "weight": 0.2, "stroke": false}}, {"type": "Feature", "geometry": {"type": "Polygon", "coordinates": [[[120.85636165654256, 10.061452912279396], [120.88728727516107, 10.057845976688252], [120.91821289377955, 10.060826012522954], [120.94913851239804, 10.068132056867311], [120.94969798170514, 10.068275718706573], [120.98006413101653, 10.072424478722013], [121.01098974963503, 10.07922780305044], [121.03618331905551, 10.096826409316556], [121.04191536825353, 10.102050897502462], [121.06167972129887, 10.12537709992654], [121.07133896368637, 10.153927790536525], [121.07074079816684, 10.182478481146507], [121.05300417816748, 10.211029171756492], [121.04191536825354, 10.219533253332486], [121.01098974963503, 10.229884783024737], [120.98006413101655, 10.228658656875927], [120.94913851239805, 10.218025666379061], [120.93165183974884, 10.211029171756492], [120.91821289377955, 10.207726938322546], [120.88728727516107, 10.207191126025037], [120.8572527334519, 10.211029171756492], [120.85636165654257, 10.21127188273133], [120.82543603792408, 10.220418796358077], [120.7945104193056, 10.224628410705115], [120.76358480068708, 10.222665238991066], [120.7342041941751, 10.211029171756492], [120.7326591820686, 10.210530747948454], [120.7017335634501, 10.18552627391866], [120.69896229319265, 10.182478481146507], [120.68540654603498, 10.153927790536525], [120.68893347683604, 10.125377099926542], [120.70173356345012, 10.111496427124958], [120.72672038384452, 10.096826409316556], [120.7326591820686, 10.094169059363452], [120.7635848006871, 10.082940340162516], [120.7945104193056, 10.075560924219868], [120.82543603792408, 10.06974073986192], [120.83462350693512, 10.068275718706573], [120.85636165654256, 10.061452912279396]]]}, "properties": {"fillColor": "#00FF00", "fillOpacity": 0.7, "color": "#000000", "weight": 0.2, "stroke": false}}, {"type": "Feature", "geometry": {"type": "Polygon", "coordinates": [[[120.78982864240386, 10.096826409316556], [120.7635848006871, 10.10293956780625], [120.7326591820686, 10.117068638982667], [120.72187248566453, 10.12537709992654], [120.71213385228248, 10.153927790536525], [120.72844256693097, 10.182478481146507], [120.7326591820686, 10.18610643116932], [120.7635848006871, 10.20161476512069], [120.79451041930558, 10.204395526945344], [120.82543603792408, 10.202024849931723], [120.85636165654257, 10.195754892784244], [120.88728727516107, 10.188046537242467], [120.91821289377955, 10.187767692786586], [120.94913851239804, 10.198058641181795], [120.98006413101655, 10.207096916218642], [121.01098974963503, 10.206664904514001], [121.04191536825353, 10.185410328274582], [121.04426726567446, 10.182478481146507], [121.0484663317605, 10.153927790536525], [121.04191536825354, 10.141012191750123], [121.0342195132763, 10.12537709992654], [121.01098974963503, 10.104086813158325], [120.98892233969401, 10.096826409316556], [120.98006413101653, 10.093768572060918], [120.94913851239806, 10.08853265403551], [120.91821289377955, 10.084818668186195], [120.88728727516107, 10.08312073938216], [120.85636165654257, 10.084317705437464], [120.82543603792408, 10.0882193610381], [120.7945104193056, 10.095262204444477], [120.78982864240386, 10.096826409316556]]]}, "properties": {"fillColor": "#00FF00", "fillOpacity": 0.7, "color": "#000000", "weight": 0.2, "stroke": false}}, {"type": "Feature", "geometry": {"type": "Polygon", "coordinates": [[[122.55727068055958, 10.065255218072217], [122.58819629917808, 10.06186303348694], [122.60226791142236, 10.068275718706573], [122.61912191779658, 10.078802889175897], [122.63273171866888, 10.096826409316556], [122.63217548349951, 10.12537709992654], [122.61912191779658, 10.140619131116832], [122.58819629917808, 10.152630187068265], [122.55727068055958, 10.147244833020789], [122.53457367929454, 10.12537709992654], [122.53102786963488, 10.096826409316556], [122.55290899949232, 10.068275718706575], [122.55727068055958, 10.065255218072217]]]}, "properties": {"fillColor": "#00FF00", "fillOpacity": 0.7, "color": "#000000", "weight": 0.2, "stroke": false}}, {"type": "Feature", "geometry": {"type": "Polygon", "coordinates": [[[133.93789833216434, 10.180395296357435], [133.96882395078282, 10.164836759340055], [133.99974956940133, 10.163166216157332], [134.0306751880198, 10.169789380370855], [134.05310245183094, 10.182478481146507], [134.0616008066383, 10.190536127680478], [134.07534896321792, 10.211029171756492], [134.07373109481347, 10.239579862366476], [134.0616008066383, 10.258066050778286], [134.053236197974, 10.268130552976459], [134.0306751880198, 10.285610528639417], [134.0035720269114, 10.296681243586441], [133.99974956940133, 10.298542569421254], [133.96882395078282, 10.304228219908994], [133.93789833216434, 10.297635064827823], [133.93665453364153, 10.296681243586441], [133.9247216556438, 10.268130552976459], [133.9222475280505, 10.239579862366476], [133.9232624833557, 10.211029171756492], [133.93558737785992, 10.182478481146505], [133.93789833216434, 10.180395296357435]]]}, "properties": {"fillColor": "#00FF00", "fillOpacity": 0.7, "color": "#000000", "weight": 0.2, "stroke": false}}, {"type": "Feature", "geometry": {"type": "Polygon", "coordinates": [[[134.61826194177115, 10.316316825903627], [134.64918756038963, 10.306445552843742], [134.68011317900812, 10.302428634333767], [134.7110387976266, 10.302782622756853], [134.7419644162451, 10.310636954363247], [134.76268263428832, 10.325231934196427], [134.7728900348636, 10.341180651714229], [134.78012103741813, 10.35378262480641], [134.77908848594234, 10.382333315416394], [134.77289003486362, 10.392840983918273], [134.764830973948, 10.410884006026377], [134.7419644162451, 10.43326377559457], [134.73508849156337, 10.439434696636361], [134.7110387976266, 10.457147390011666], [134.6897047775659, 10.467985387246344], [134.68011317900812, 10.473872339080698], [134.64918756038963, 10.48718612071104], [134.61826194177115, 10.492094604206908], [134.58733632315264, 10.490630912853351], [134.55641070453416, 10.47569198190841], [134.54837679589565, 10.467985387246344], [134.5332507122721, 10.439434696636361], [134.53238971153053, 10.410884006026375], [134.54029396538417, 10.382333315416393], [134.55641070453416, 10.360913958311745], [134.56166046127754, 10.35378262480641], [134.58733632315264, 10.331901285881543], [134.60309827182346, 10.325231934196427], [134.61826194177115, 10.316316825903627]]]}, "properties": {"fillColor": "#00FF00", "fillOpacity": 0.7, "color": "#000000", "weight": 0.2, "stroke": false}}, {"type": "Feature", "geometry": {"type": "Polygon", "coordinates": [[[134.65759025627858, 10.325231934196427], [134.64918756038963, 10.32603641755248], [134.61826194177115, 10.333181618626545], [134.58733632315264, 10.352274566364162], [134.5855667467846, 10.35378262480641], [134.56033970348537, 10.382333315416394], [134.55641070453416, 10.395854128496818], [134.54981614988407, 10.410884006026377], [134.5531178451795, 10.439434696636361], [134.55641070453416, 10.44439838495307], [134.58026807494252, 10.467985387246344], [134.58733632315264, 10.47226982515879], [134.61826194177115, 10.477195472795252], [134.64918756038963, 10.469050616499263], [134.65129688201984, 10.467985387246344], [134.68011317900812, 10.456536041292592], [134.70515142177206, 10.439434696636361], [134.7110387976266, 10.434680954787185], [134.73722497681794, 10.410884006026377], [134.7419644162451, 10.4019600748939], [134.7542925687338, 10.382333315416393], [134.7523258337409, 10.35378262480641], [134.7419644162451, 10.341459383147278], [134.7132245769794, 10.325231934196427], [134.7110387976266, 10.324336409009199], [134.68011317900812, 10.321141320710245], [134.65759025627858, 10.325231934196427]]]}, "properties": {"fillColor": "#00FF00", "fillOpacity": 0.7, "color": "#000000", "weight": 0.2, "stroke": false}}, {"type": "Feature", "geometry": {"type": "Polygon", "coordinates": [[[140.52505509790296, 10.407291053354385], [140.55598071652145, 10.393321179971856], [140.58690633513993, 10.387363100608551], [140.6178319537584, 10.38902230661061], [140.64875757237692, 10.3978718406782], [140.66853216578573, 10.410884006026377], [140.6796831909954, 10.416905783377606], [140.7106088096139, 10.436504283616994], [140.7144392161223, 10.439434696636361], [140.7106088096139, 10.450168650938664], [140.7002603799194, 10.467985387246344], [140.6796831909954, 10.485443405160076], [140.6685949554901, 10.496536077856328], [140.64875757237692, 10.521909439689837], [140.64670272163215, 10.525086768466313], [140.6178319537584, 10.551274068705585], [140.61463259201247, 10.553637459076295], [140.58690633513993, 10.56566862151389], [140.55598071652145, 10.57505079589576], [140.52505509790296, 10.581370310072147], [140.5205112058701, 10.582188149686278], [140.49412947928445, 10.589984659505129], [140.46320386066597, 10.596961103274692], [140.43227824204746, 10.60290378468691], [140.40135262342898, 10.607819397596058], [140.37264280583335, 10.61073884029626], [140.3704270048105, 10.611243350715883], [140.339501386192, 10.613733667891998], [140.31248028608113, 10.610738840296262], [140.3085757675735, 10.610335667428329], [140.27765014895502, 10.594992191244287], [140.26638448570182, 10.582188149686278], [140.25932028378838, 10.553637459076295], [140.26576156394626, 10.525086768466313], [140.27765014895502, 10.506265061906642], [140.28220679557623, 10.496536077856328], [140.3085757675735, 10.469021433959586], [140.30982075730967, 10.467985387246344], [140.339501386192, 10.448000326155494], [140.36543282640724, 10.439434696636361], [140.3704270048105, 10.437117271445787], [140.40135262342898, 10.426173645566799], [140.43227824204746, 10.419258134044641], [140.46320386066597, 10.4149785751514], [140.49412947928445, 10.412365594232508], [140.513615760003, 10.410884006026377], [140.52505509790296, 10.407291053354385]]]}, "properties": {"fillColor": "#00FF00", "fillOpacity": 0.7, "color": "#000000", "weight": 0.2, "stroke": false}}, {"type": "Feature", "geometry": {"type": "Polygon", "coordinates": [[[140.4330871062806, 10.439434696636363], [140.43227824204746, 10.439543985763446], [140.40135262342898, 10.44485981316837], [140.3704270048105, 10.454885988430728], [140.34659789578396, 10.467985387246344], [140.339501386192, 10.472689474389046], [140.31200474704187, 10.496536077856328], [140.3085757675735, 10.502723637090742], [140.29526927031884, 10.525086768466313], [140.2940775254359, 10.553637459076295], [140.30857576757347, 10.57422679038551], [140.31769780462298, 10.582188149686278], [140.339501386192, 10.591863462245435], [140.3704270048105, 10.595326159012743], [140.40135262342898, 10.590761811970848], [140.42753548813644, 10.582188149686278], [140.43227824204746, 10.581112757588635], [140.46320386066597, 10.574927509928994], [140.49412947928448, 10.567992401183997], [140.52505509790296, 10.558368293154647], [140.53738832913754, 10.553637459076295], [140.55598071652145, 10.543549551248791], [140.58190518856827, 10.525086768466313], [140.58690633513993, 10.51783391007348], [140.6022886715951, 10.496536077856328], [140.6178319537584, 10.47942333583628], [140.62909318119225, 10.467985387246344], [140.64875757237692, 10.445583304452482], [140.655401016636, 10.439434696636361], [140.64875757237692, 10.435768590659707], [140.6178319537584, 10.42037997561599], [140.58690633513993, 10.414186218376486], [140.55598071652145, 10.418855635471992], [140.52505509790296, 10.421864353103544], [140.49412947928445, 10.425625025240267], [140.46320386066597, 10.431550107257797], [140.4330871062806, 10.439434696636363]]]}, "properties": {"fillColor": "#00FF00", "fillOpacity": 0.7, "color": "#000000", "weight": 0.2, "stroke": false}}, {"type": "Feature", "geometry": {"type": "Polygon", "coordinates": [[[138.8859973111229, 10.524412224576603], [138.89717759578735, 10.525086768466313], [138.91692292974142, 10.526258621831008], [138.9478485483599, 10.529166335661222], [138.9626376852674, 10.553637459076295], [138.9478485483599, 10.580631330438086], [138.94700421023478, 10.582188149686278], [138.92281860078023, 10.610738840296264], [138.91692292974142, 10.616274248669452], [138.88616111954912, 10.639289530906247], [138.8859973111229, 10.639403340679763], [138.85507169250442, 10.654912863125357], [138.82414607388594, 10.665136555706269], [138.80335836232126, 10.66784022151623], [138.79322045526743, 10.669494766305835], [138.78700127118157, 10.66784022151623], [138.76229483664895, 10.6561328634188], [138.75069659247004, 10.639289530906247], [138.74897964746654, 10.610738840296262], [138.7621337922582, 10.582188149686278], [138.76229483664895, 10.582003005995094], [138.7927536496465, 10.553637459076295], [138.79322045526743, 10.553280614175058], [138.82414607388594, 10.53635468509015], [138.85507169250442, 10.52658216133683], [138.87729754845068, 10.525086768466313], [138.8859973111229, 10.524412224576603]]]}, "properties": {"fillColor": "#00FF00", "fillOpacity": 0.7, "color": "#000000", "weight": 0.2, "stroke": false}}, {"type": "Feature", "geometry": {"type": "Polygon", "coordinates": [[[139.75191463244067, 10.780652572362623], [139.78284025105916, 10.765500300761948], [139.81376586967764, 10.759787555513274], [139.84469148829615, 10.761329239544583], [139.87561710691463, 10.776942196535096], [139.88128948268275, 10.782042983956163], [139.90111656208097, 10.81059367456615], [139.90654272553311, 10.830996768851886], [139.91034209431902, 10.839144365176132], [139.91555361922104, 10.867695055786115], [139.90663287855702, 10.896245746396099], [139.91127538829386, 10.924796437006083], [139.93180656449607, 10.953347127616066], [139.93746834415163, 10.961921684003606], [139.95345593051456, 10.98189781822605], [139.9683939627701, 10.999056699028067], [139.97844926899003, 11.010448508836035], [139.9993195813886, 11.038273453693035], [139.99988589807506, 11.038999199446017], [140.01641643087297, 11.067549890056], [140.02027117223807, 11.096100580665984], [140.0139889640621, 11.124651271275969], [139.9993195813886, 11.147537235379707], [139.99595745238898, 11.153201961885951], [139.9683939627701, 11.177230642211104], [139.9586267777204, 11.181752652495936], [139.93746834415163, 11.191474127284136], [139.90654272553311, 11.19720001671173], [139.87561710691463, 11.197302049838356], [139.84469148829618, 11.193152434903597], [139.81376586967764, 11.184916966531041], [139.80359198390474, 11.181752652495938], [139.78284025105916, 11.178153390253202], [139.75191463244067, 11.171630231038412], [139.7209890138222, 11.159613611991087], [139.71086315666844, 11.153201961885951], [139.69006339520368, 11.13961698216522], [139.6754606610578, 11.124651271275969], [139.6591377765852, 11.09710724767679], [139.65841076898715, 11.096100580665984], [139.6390471086816, 11.067549890056], [139.62821215796671, 11.055314858171196], [139.6020972242202, 11.038999199446017], [139.5972865393482, 11.036881601935132], [139.56636092072972, 11.023564871485231], [139.54933544546552, 11.010448508836035], [139.53917446749588, 10.98189781822605], [139.55078468999284, 10.953347127616066], [139.56636092072972, 10.938984493378266], [139.5859998721534, 10.924796437006083], [139.5972865393482, 10.917031216774522], [139.62821215796671, 10.897243418782057], [139.62941372514348, 10.896245746396099], [139.65600118118425, 10.867695055786115], [139.6591377765852, 10.8642404556237], [139.67508903876347, 10.839144365176132], [139.69006339520368, 10.82385437669318], [139.70277193357018, 10.81059367456615], [139.7209890138222, 10.795912026691607], [139.7497351255473, 10.782042983956165], [139.75191463244067, 10.780652572362623]]]}, "properties": {"fillColor": "#00FF00", "fillOpacity": 0.7, "color": "#000000", "weight": 0.2, "stroke": false}}, {"type": "Feature", "geometry": {"type": "Polygon", "coordinates": [[[139.79340040008577, 10.782042983956163], [139.78284025105916, 10.78357303389959], [139.75191463244067, 10.79471386216207], [139.728630432586, 10.81059367456615], [139.7209890138222, 10.81695276081432], [139.69846460443634, 10.839144365176132], [139.69006339520368, 10.854068497328589], [139.6797055806413, 10.867695055786115], [139.66388289718608, 10.896245746396099], [139.6591377765852, 10.903074351126804], [139.63254017178753, 10.924796437006083], [139.62821215796671, 10.927599950072919], [139.5972865393482, 10.94733644008095], [139.58957528199974, 10.953347127616066], [139.5728582216223, 10.981897818226049], [139.5972865393482, 11.009814749374238], [139.59810558135177, 11.010448508836035], [139.6282121579667, 11.02561383574734], [139.64817416781642, 11.038999199446017], [139.6591377765852, 11.05146419487031], [139.66705058587547, 11.067549890056], [139.68137400389807, 11.096100580665984], [139.69006339520368, 11.107355910782015], [139.70626363349135, 11.124651271275969], [139.7209890138222, 11.135953730863864], [139.75191463244067, 11.149517735038485], [139.76476790972436, 11.153201961885951], [139.78284025105916, 11.159505983327106], [139.81376586967764, 11.168295304110327], [139.84469148829615, 11.174598423410735], [139.87561710691463, 11.177609327281605], [139.90654272553311, 11.17637944473464], [139.93746834415163, 11.16820601542498], [139.96053756671907, 11.153201961885951], [139.9683939627701, 11.144996557545273], [139.9840642097448, 11.124651271275969], [139.9913036272869, 11.096100580665983], [139.98600653494918, 11.067549890056], [139.9683939627701, 11.042220369610815], [139.96600466172208, 11.038999199446017], [139.93746834415163, 11.010664505988279], [139.93722984650688, 11.010448508836035], [139.91460285486434, 10.98189781822605], [139.90654272553311, 10.97143913561999], [139.88557408618763, 10.953347127616066], [139.87561710691463, 10.938627998628196], [139.8697964600775, 10.924796437006083], [139.8756171069146, 10.913330799302159], [139.88247128169886, 10.896245746396099], [139.89560302055142, 10.867695055786115], [139.89276176095981, 10.839144365176132], [139.87730097615102, 10.81059367456615], [139.87561710691463, 10.80847223078644], [139.84469148829615, 10.783192450077081], [139.83795645896026, 10.782042983956163], [139.81376586967764, 10.776970343021357], [139.79340040008577, 10.782042983956163]]]}, "properties": {"fillColor": "#00FF00", "fillOpacity": 0.7, "color": "#000000", "weight": 0.2, "stroke": false}}, {"type": "Feature", "geometry": {"type": "Polygon", "coordinates": [[[143.7722450528445, 10.894356827969276], [143.7877576496678, 10.896245746396099], [143.80317067146302, 10.897280728046914], [143.8340962900815, 10.905531617029911], [143.8650219087, 10.922087626060197], [143.86964176012154, 10.924796437006083], [143.89594752731847, 10.932302694242335], [143.92687314593698, 10.941438013596567], [143.95779876455546, 10.952752237225297], [143.95947718369942, 10.953347127616066], [143.98872438317397, 10.958507759203407], [144.01965000179246, 10.966980130174747], [144.04606785562507, 10.98189781822605], [144.05057562041094, 10.983566466767527], [144.08150123902942, 10.995967220965353], [144.11130448470507, 11.010448508836035], [144.11242685764793, 11.010878458025577], [144.14335247626641, 11.020929500074143], [144.17427809488493, 11.033952305253772], [144.18606895670035, 11.038999199446017], [144.2052037135034, 11.046814610492666], [144.2361293321219, 11.059645839876763], [144.25519871410427, 11.067549890056], [144.26705495074037, 11.073614213946561], [144.29798056935886, 11.089027218806262], [144.31094217765323, 11.096100580665984], [144.32890618797737, 11.11805395294914], [144.3343256301059, 11.124651271275969], [144.32890618797737, 11.135630783487203], [144.31904886613745, 11.153201961885951], [144.29798056935886, 11.163466530836985], [144.26705495074037, 11.175377649142428], [144.24380830364757, 11.181752652495934], [144.2361293321219, 11.183527627944917], [144.2052037135034, 11.18948333605709], [144.17427809488493, 11.194757591973989], [144.14335247626641, 11.201016170553665], [144.11242685764793, 11.20925158668993], [144.10951517968527, 11.21030334310592], [144.08150123902942, 11.223884354612991], [144.05057562041094, 11.23557589987064], [144.03327581956975, 11.238854033715903], [144.01965000179246, 11.242438277925245], [143.98872438317397, 11.246547811314551], [143.95779876455546, 11.253911815780437], [143.92687314593698, 11.249949723345864], [143.90732031895917, 11.238854033715903], [143.89594752731847, 11.233845158288988], [143.87214774444053, 11.238854033715903], [143.8650219087, 11.240765873904989], [143.8340962900815, 11.26446463157071], [143.82747508877466, 11.267404724325885], [143.80317067146302, 11.279451891529419], [143.7722450528445, 11.283251011052615], [143.74131943422603, 11.274050588302167], [143.72992487927897, 11.267404724325885], [143.71039381560755, 11.258242756176283], [143.6823779169446, 11.238854033715903], [143.67946819698903, 11.237051589927667], [143.64885979649708, 11.21030334310592], [143.64854257837055, 11.20997782410399], [143.62678504209293, 11.181752652495936], [143.61761695975207, 11.157771300616483], [143.61521892981867, 11.153201961885951], [143.60459620579948, 11.124651271275969], [143.5998419336599, 11.096100580665984], [143.59952647213015, 11.067549890056], [143.60475370469769, 11.038999199446017], [143.61761695975207, 11.01432169973251], [143.61894182999853, 11.010448508836035], [143.6354750775211, 10.981897818226049], [143.64854257837055, 10.96806847729373], [143.66273181553836, 10.953347127616066], [143.67946819698903, 10.937314907535123], [143.69673762317063, 10.924796437006083], [143.71039381560752, 10.913721740206746], [143.74131943422603, 10.899744250759356], [143.76514936885354, 10.896245746396099], [143.7722450528445, 10.894356827969276]]]}, "properties": {"fillColor": "#00FF00", "fillOpacity": 0.7, "color": "#000000", "weight": 0.2, "stroke": false}}, {"type": "Feature", "geometry": {"type": "Polygon", "coordinates": [[[143.73787336378703, 10.924796437006083], [143.71039381560752, 10.93614432335793], [143.68903296492667, 10.953347127616066], [143.67946819698903, 10.960284395595608], [143.65740670606456, 10.981897818226049], [143.64854257837055, 10.99410821727718], [143.635867513658, 11.010448508836035], [143.62398504993507, 11.038999199446017], [143.61928474749638, 11.067549890056], [143.61944155527374, 11.096100580665984], [143.62370907954283, 11.124651271275967], [143.6329893784835, 11.153201961885951], [143.64854257837055, 11.178141282476474], [143.6510547447906, 11.181752652495936], [143.67946819698903, 11.209600560552891], [143.6801555680954, 11.21030334310592], [143.71039381560755, 11.233708022845626], [143.71934569823398, 11.238854033715903], [143.74131943422603, 11.25391095639003], [143.7722450528445, 11.26179693385836], [143.80317067146302, 11.25579928175305], [143.8301318134611, 11.238854033715905], [143.8340962900815, 11.235395683294051], [143.85904362055763, 11.210303343105922], [143.8650219087, 11.20439164794007], [143.89594752731847, 11.200079170238578], [143.92479974740556, 11.21030334310592], [143.926873145937, 11.211364241971102], [143.95779876455546, 11.215736169016923], [143.98872438317397, 11.212861152779544], [144.01965000179246, 11.210574914900988], [144.0205967966616, 11.21030334310592], [144.05057562041094, 11.203143498786366], [144.08150123902942, 11.190548798099393], [144.1024292368196, 11.181752652495934], [144.11242685764793, 11.177949886186612], [144.14335247626641, 11.16854566213236], [144.1742780948849, 11.159992021797311], [144.195208359547, 11.153201961885951], [144.2052037135034, 11.146646433227563], [144.22827619530898, 11.124651271275969], [144.2152320166225, 11.096100580665984], [144.2052037135034, 11.08926962307822], [144.17755164448417, 11.067549890056], [144.1742780948849, 11.065771699004282], [144.1433524762664, 11.047629739131665], [144.12809323836643, 11.038999199446017], [144.11242685764793, 11.031021403107475], [144.08150123902942, 11.016761960123798], [144.06786850298508, 11.010448508836035], [144.05057562041094, 11.000915071216872], [144.01965000179246, 10.98745414328096], [144.0006029360027, 10.98189781822605], [143.98872438317397, 10.976894662585192], [143.95779876455546, 10.967199743864313], [143.92687314593698, 10.959646220111422], [143.89643813921128, 10.953347127616066], [143.89594752731847, 10.953158489374044], [143.8650219087, 10.939272081861107], [143.8340962900815, 10.928448376368255], [143.81400301160934, 10.924796437006083], [143.80317067146302, 10.920420459438096], [143.7722450528445, 10.916359110863663], [143.74131943422603, 10.922885286073987], [143.73787336378703, 10.924796437006083]]]}, "properties": {"fillColor": "#00FF00", "fillOpacity": 0.7, "color": "#000000", "weight": 0.2, "stroke": false}}, {"type": "Feature", "geometry": {"type": "Polygon", "coordinates": [[[134.92751812795603, 10.978788256619474], [134.93122965020916, 10.981897818226049], [134.92751812795603, 10.986587080506427], [134.9181842364946, 10.98189781822605], [134.92751812795603, 10.978788256619474]]]}, "properties": {"fillColor": "#00FF00", "fillOpacity": 0.7, "color": "#000000", "weight": 0.2, "stroke": false}}, {"type": "Feature", "geometry": {"type": "Polygon", "coordinates": [[[135.39140240723341, 11.59678893328959], [135.4223280258519, 11.599559089813972], [135.44710946824938, 11.610013011645691], [135.4532536444704, 11.612866986626162], [135.4841792630889, 11.624883146895503], [135.51510488170737, 11.630325999612118], [135.54603050032588, 11.631802926478825], [135.5769561189444, 11.62760843486501], [135.60788173756285, 11.636588065786736], [135.6108130346356, 11.638563702255674], [135.63880735618136, 11.6636233598552], [135.6423923463823, 11.667114392865658], [135.65577301401302, 11.695665083475642], [135.64995664543525, 11.724215774085625], [135.63880735618136, 11.735308908387633], [135.60788173756285, 11.751776650208685], [135.599985030761, 11.752766464695608], [135.57695611894437, 11.75614506154567], [135.56056631473632, 11.752766464695608], [135.54603050032588, 11.75067187478152], [135.51510488170737, 11.737898059945923], [135.4956537733628, 11.724215774085625], [135.4841792630889, 11.713662893783239], [135.46203218711761, 11.695665083475642], [135.4532536444704, 11.68619682042979], [135.4239086276575, 11.667114392865658], [135.4223280258519, 11.665658013531418], [135.39140240723341, 11.643397396166872], [135.38543614275054, 11.638563702255674], [135.3750908181397, 11.610013011645691], [135.39140240723341, 11.59678893328959]]]}, "properties": {"fillColor": "#00FF00", "fillOpacity": 0.7, "color": "#000000", "weight": 0.2, "stroke": false}}, {"type": "Feature", "geometry": {"type": "Polygon", "coordinates": [[[135.51068722758052, 11.667114392865658], [135.5090741871701, 11.695665083475642], [135.51510488170737, 11.70121401712416], [135.54376779900724, 11.724215774085625], [135.54603050032588, 11.725401951296307], [135.57695611894437, 11.730762548261065], [135.59906051913077, 11.724215774085625], [135.60788173756285, 11.719168527376116], [135.62280072209467, 11.695665083475642], [135.61407409851182, 11.66711439286566], [135.60788173756285, 11.661500793463505], [135.57695611894437, 11.65189838339289], [135.54603050032588, 11.657239493829536], [135.51510488170737, 11.665238480261081], [135.51068722758052, 11.667114392865658]]]}, "properties": {"fillColor": "#00FF00", "fillOpacity": 0.7, "color": "#000000", "weight": 0.2, "stroke": false}}, {"type": "Feature", "geometry": {"type": "Polygon", "coordinates": [[[135.8552866865108, 11.629728156363903], [135.88621230512928, 11.637388179727443], [135.88795462027787, 11.638563702255674], [135.91713792374776, 11.660775325495319], [135.92497734322131, 11.667114392865658], [135.94806354236624, 11.683565531773173], [135.9617277301448, 11.695665083475642], [135.97898916098475, 11.708515760495924], [136.00305636267032, 11.724215774085625], [136.00991477960324, 11.727356672614595], [136.04084039822175, 11.740368164528554], [136.06015984013354, 11.752766464695608], [136.07176601684023, 11.759236770941275], [136.1026916354587, 11.776107573900735], [136.1221326075866, 11.781317155305594], [136.1336172540772, 11.782902822618064], [136.1645428726957, 11.782974224342595], [136.1954684913142, 11.783161265234355], [136.22639410993267, 11.786147030308292], [136.25731972855118, 11.79420726744642], [136.2820663692017, 11.809867845915576], [136.28824534716966, 11.813933160811533], [136.31241059472495, 11.838418536525559], [136.31917096578815, 11.854201874327657], [136.327974525531, 11.866969227135543], [136.33107703200915, 11.895519917745528], [136.31917096578815, 11.916099396553967], [136.31499904515059, 11.92407060835551], [136.28824534716966, 11.94693453946011], [136.27634166733193, 11.952621298965495], [136.25731972855118, 11.962213470331296], [136.22639410993267, 11.969203781951654], [136.1954684913142, 11.97148026292162], [136.1645428726957, 11.974958339450884], [136.1336172540772, 11.979294055649694], [136.1277488625941, 11.98117198957548], [136.1026916354587, 11.99392116091502], [136.07322328895228, 12.009722680185462], [136.07176601684023, 12.01097278172107], [136.04084039822175, 12.03265801900798], [136.02942685972502, 12.038273370795444], [136.00991477960324, 12.053522483352296], [135.97898916098475, 12.064007960380074], [135.94806354236624, 12.066200058946182], [135.91713792374776, 12.065389245079752], [135.88621230512928, 12.064456401444133], [135.8552866865108, 12.064491379762813], [135.8243610678923, 12.066698568003726], [135.7934354492738, 12.064008243272779], [135.76250983065532, 12.048213815734716], [135.75221046659829, 12.038273370795444], [135.73409559820544, 12.009722680185462], [135.7315842120368, 12.002185725424198], [135.7230591535258, 11.98117198957548], [135.7177722179443, 11.952621298965495], [135.7123176521245, 11.92407060835551], [135.71393607586663, 11.895519917745528], [135.72969975606722, 11.866969227135545], [135.7315842120368, 11.864114406759057], [135.74334586296055, 11.838418536525559], [135.75705933416785, 11.809867845915576], [135.76250983065532, 11.796282292100255], [135.76661664746584, 11.781317155305594], [135.77162588350416, 11.752766464695608], [135.77465456238798, 11.724215774085625], [135.7814728003755, 11.695665083475642], [135.7934354492738, 11.674950932816689], [135.79775936897963, 11.667114392865658], [135.82436106789228, 11.641810306089761], [135.83304748860508, 11.638563702255674], [135.8552866865108, 11.629728156363903]]]}, "properties": {"fillColor": "#00FF00", "fillOpacity": 0.7, "color": "#000000", "weight": 0.2, "stroke": false}}, {"type": "Feature", "geometry": {"type": "Polygon", "coordinates": [[[135.85161860938751, 11.667114392865658], [135.82436106789228, 11.685651501432675], [135.81770079421665, 11.695665083475642], [135.81033636229168, 11.724215774085625], [135.80500520182352, 11.752766464695608], [135.79435246072492, 11.781317155305594], [135.7934354492738, 11.782793584367717], [135.77957305575978, 11.809867845915576], [135.7675519628015, 11.838418536525559], [135.76250983065532, 11.849794112219824], [135.7519653159498, 11.866969227135543], [135.73824005157942, 11.895519917745528], [135.73625973637292, 11.924070608355509], [135.74233770666385, 11.952621298965495], [135.74975897073307, 11.98117198957548], [135.76250983065532, 12.004420827774839], [135.76683518547776, 12.009722680185462], [135.7934354492738, 12.03068411428881], [135.81569318376356, 12.038273370795444], [135.82436106789228, 12.041063369750612], [135.8552866865108, 12.046333584346062], [135.88621230512928, 12.048838624133925], [135.91713792374776, 12.048401689187173], [135.94806354236624, 12.042444099471826], [135.95944184142462, 12.038273370795444], [135.97898916098475, 12.033745524775092], [136.00991477960324, 12.02072873006487], [136.02799136805098, 12.009722680185462], [136.04084039822175, 12.00204974998823], [136.07176601684023, 11.983392842597603], [136.07552743507432, 11.98117198957548], [136.1026916354587, 11.968908545133704], [136.1336172540772, 11.959544932784437], [136.1645428726957, 11.9553776142459], [136.17524270606123, 11.952621298965495], [136.1954684913142, 11.94872195045186], [136.22639410993267, 11.943743986767117], [136.25731972855118, 11.933411138790081], [136.27168972885642, 11.92407060835551], [136.28824534716966, 11.906231070164683], [136.2960508727448, 11.895519917745528], [136.29756057330408, 11.866969227135545], [136.28824534716966, 11.850115639424317], [136.28199595928027, 11.838418536525559], [136.25731972855118, 11.819512969954612], [136.22639410993267, 11.810378608141725], [136.2223010971952, 11.809867845915576], [136.1954684913142, 11.804904126062466], [136.1645428726957, 11.804585983940434], [136.1336172540772, 11.806215873837237], [136.1026916354587, 11.802527150032205], [136.07176601684023, 11.789143744907317], [136.05747448868482, 11.781317155305594], [136.04084039822175, 11.770403107200444], [136.00991477960324, 11.756617277429816], [135.99929912627076, 11.752766464695608], [135.97898916098475, 11.74256292821003], [135.94979694837457, 11.724215774085625], [135.94806354236624, 11.722860261555839], [135.91713792374776, 11.705687032224446], [135.8970640340337, 11.695665083475642], [135.88621230512928, 11.686290195100357], [135.8593809732337, 11.667114392865658], [135.8552866865108, 11.665425075285162], [135.85161860938751, 11.667114392865658]]]}, "properties": {"fillColor": "#00FF00", "fillOpacity": 0.7, "color": "#000000", "weight": 0.2, "stroke": false}}, {"type": "Feature", "geometry": {"type": "Polygon", "coordinates": [[[129.94849353037898, 12.24306635561991], [129.97941914899747, 12.2382479932951], [130.01034476761595, 12.240319378097329], [130.04127038623443, 12.252859005580884], [130.0565359386652, 12.266678895675312], [130.07062441800238, 12.295229586285298], [130.07219600485294, 12.30947324912402], [130.0758427025159, 12.323780276895281], [130.07219600485294, 12.341010086130623], [130.0710323412352, 12.352330967505265], [130.05632442847204, 12.38088165811525], [130.0412703862345, 12.394153788121532], [130.01034476761595, 12.40523293491011], [129.97941914899747, 12.405799181658708], [129.94849353037898, 12.397063291090477], [129.92951276391162, 12.38088165811525], [129.91756791176047, 12.362601790345495], [129.9110081571515, 12.352330967505264], [129.90223562418768, 12.323780276895281], [129.90498737263283, 12.295229586285298], [129.91756791176047, 12.273359975591681], [129.92108864048072, 12.266678895675314], [129.94849353037898, 12.24306635561991]]]}, "properties": {"fillColor": "#00FF00", "fillOpacity": 0.7, "color": "#000000", "weight": 0.2, "stroke": false}}, {"type": "Feature", "geometry": {"type": "Polygon", "coordinates": [[[129.9417146276618, 12.266678895675314], [129.92208180813222, 12.295229586285298], [129.91957604547542, 12.323780276895281], [129.92788431539867, 12.352330967505264], [129.94849353037898, 12.375527123983442], [129.96029603875394, 12.38088165811525], [129.97941914899747, 12.389999388076998], [130.01034476761595, 12.388544266311854], [130.0245174497404, 12.38088165811525], [130.0412703862345, 12.370041268734997], [130.05525770110194, 12.352330967505265], [130.06183833303444, 12.323780276895281], [130.0565640108617, 12.295229586285298], [130.04127038623446, 12.2752692645059], [130.03154229222446, 12.266678895675312], [130.01034476761595, 12.25336843150954], [129.97941914899747, 12.249707496339866], [129.94849353037898, 12.260838072649385], [129.9417146276618, 12.266678895675314]]]}, "properties": {"fillColor": "#00FF00", "fillOpacity": 0.7, "color": "#000000", "weight": 0.2, "stroke": false}}, {"type": "Feature", "geometry": {"type": "Polygon", "coordinates": [[[144.57631113692528, 12.721806658799217], [144.6072367555438, 12.717863481485589], [144.63816237416228, 12.71986589680025], [144.64998864739167, 12.723489945435055], [144.66906241721222, 12.752040636045036], [144.63816237416228, 12.765719107721116], [144.6072367555438, 12.763873343417213], [144.57631113692528, 12.752204450100043], [144.57603842695514, 12.752040636045036], [144.57231254165183, 12.723489945435054], [144.57631113692528, 12.721806658799217]]]}, "properties": {"fillColor": "#00FF00", "fillOpacity": 0.7, "color": "#000000", "weight": 0.2, "stroke": false}}, {"type": "Feature", "geometry": {"type": "Polygon", "coordinates": [[[120.94913851239805, 12.807303970025385], [120.98006413101653, 12.796061924855254], [121.01098974963503, 12.793342066595368], [121.04191536825353, 12.796354744678592], [121.07284098687201, 12.806948353876914], [121.07686280004027, 12.809142017265001], [121.1037666054905, 12.82547198229624], [121.11779582637509, 12.837692707874988], [121.13423548734374, 12.866243398484972], [121.12848856670895, 12.894794089094955], [121.1037666054905, 12.908307923044843], [121.07284098687201, 12.914981842415], [121.04191536825354, 12.918007341900116], [121.01098974963503, 12.918242701140631], [120.98006413101653, 12.913616320735564], [120.94913851239806, 12.89963771665768], [120.94212284096017, 12.894794089094955], [120.92348377111664, 12.866243398484972], [120.92347623970122, 12.837692707874988], [120.94599029621226, 12.809142017265003], [120.94913851239805, 12.807303970025385]]]}, "properties": {"fillColor": "#00FF00", "fillOpacity": 0.7, "color": "#000000", "weight": 0.2, "stroke": false}}, {"type": "Feature", "geometry": {"type": "Polygon", "coordinates": [[[121.01988223386235, 12.866243398484972], [121.04191536825353, 12.869815751584634], [121.05001093001461, 12.866243398484972], [121.04191536825353, 12.855777374526998], [121.01988223386235, 12.866243398484972]]]}, "properties": {"fillColor": "#00FF00", "fillOpacity": 0.7, "color": "#000000", "weight": 0.2, "stroke": false}}, {"type": "Feature", "geometry": {"type": "Polygon", "coordinates": [[[144.57631113692528, 13.174869474617598], [144.6072367555438, 13.165953124852637], [144.63816237416228, 13.161235812288309], [144.66908799278076, 13.160393281443811], [144.70001361139924, 13.164934646338224], [144.73093923001775, 13.179617303396418], [144.73193054811182, 13.180300995194791], [144.76186484863624, 13.199751387693887], [144.77143096900363, 13.208851685804778], [144.79271463751087, 13.237402376414758], [144.79279046725472, 13.237559541019678], [144.80907132345527, 13.265953067024743], [144.8113229718557, 13.294503757634725], [144.80337676851403, 13.32305444824471], [144.79279046725472, 13.340649428514077], [144.78807752469035, 13.351605138854694], [144.76448513407615, 13.380155829464679], [144.76186484863624, 13.382524434680661], [144.73093923001775, 13.406140929649371], [144.72613860563993, 13.40870652007466], [144.70001361139924, 13.42352267369942], [144.66908799278076, 13.433143944197276], [144.6467774114531, 13.437257210684642], [144.63816237416228, 13.440338414627686], [144.6072367555438, 13.44974597760513], [144.57631113692528, 13.457673176563576], [144.5453855183068, 13.463923463330111], [144.5349770787769, 13.465807901294628], [144.5144598996883, 13.473269013985275], [144.4835342810698, 13.481830445101716], [144.45260866245133, 13.488172125729633], [144.42168304383284, 13.493303545688455], [144.4150177726517, 13.494358591904613], [144.39075742521436, 13.501395464916936], [144.35983180659585, 13.508706717181], [144.32890618797737, 13.51448090335545], [144.29798056935886, 13.518933766573236], [144.26705495074037, 13.521712955728324], [144.2361293321219, 13.521341325819108], [144.2052037135034, 13.514188902081417], [144.1787464305118, 13.494358591904613], [144.1742780948849, 13.490298802487], [144.15371630070882, 13.465807901294628], [144.14335247626641, 13.45233271092788], [144.12934290725372, 13.437257210684646], [144.11242685764793, 13.418983726785195], [144.09876639009082, 13.408706520074661], [144.08150123902942, 13.391830553890678], [144.0643467549984, 13.380155829464677], [144.0516893550761, 13.351605138854694], [144.06377324858215, 13.32305444824471], [144.08150123902942, 13.308800475357723], [144.09264092902163, 13.294503757634725], [144.11242685764793, 13.27991393850991], [144.13056772818993, 13.265953067024743], [144.14335247626641, 13.256634283544077], [144.17271911279397, 13.23740237641476], [144.1742780948849, 13.236258209593654], [144.2052037135034, 13.218547862932219], [144.2361293321219, 13.211275793353366], [144.26705495074037, 13.208892221603287], [144.27157622629636, 13.208851685804776], [144.29798056935886, 13.208414861911843], [144.30837929063608, 13.208851685804776], [144.32890618797737, 13.209225877627382], [144.35983180659585, 13.21050680450106], [144.39075742521436, 13.21256988926555], [144.42168304383284, 13.213120489218866], [144.45260866245133, 13.210908580683746], [144.4665289862201, 13.208851685804776], [144.4835342810698, 13.203462332306211], [144.5144598996883, 13.192792758721406], [144.5453855183068, 13.18422435112183], [144.5625585802166, 13.180300995194791], [144.57631113692528, 13.174869474617598]]]}, "properties": {"fillColor": "#00FF00", "fillOpacity": 0.7, "color": "#000000", "weight": 0.2, "stroke": false}}, {"type": "Feature", "geometry": {"type": "Polygon", "coordinates": [[[144.53294184457204, 13.208851685804776], [144.5144598996883, 13.213007259124064], [144.4835342810698, 13.220136884562518], [144.45260866245133, 13.22621976379119], [144.42168304383284, 13.229152448723076], [144.39075742521436, 13.22813974855104], [144.35983180659585, 13.225458619417248], [144.32890618797737, 13.226741665177826], [144.29798056935886, 13.22845330555276], [144.26705495074037, 13.230766406155333], [144.2361293321219, 13.236430118897653], [144.23354265377193, 13.237402376414758], [144.2052037135034, 13.246695712934494], [144.17548538642072, 13.265953067024743], [144.1742780948849, 13.266805783313044], [144.14335247626641, 13.290958075869211], [144.13902168141468, 13.294503757634725], [144.12319404611645, 13.323054448244712], [144.12424769263208, 13.351605138854694], [144.13673894435922, 13.380155829464677], [144.14335247626641, 13.388831153930694], [144.15452323368385, 13.40870652007466], [144.1742780948849, 13.434672834356165], [144.176077274876, 13.437257210684644], [144.20174940031507, 13.465807901294628], [144.2052037135034, 13.468963963625699], [144.2361293321219, 13.485973291068884], [144.26705495074037, 13.491166485420111], [144.29798056935886, 13.491012139026456], [144.32890618797737, 13.48849062042329], [144.35983180659588, 13.484579017061293], [144.39075742521436, 13.479505368439906], [144.42168304383284, 13.47346815506215], [144.45260866245133, 13.466049017218129], [144.45347152180744, 13.465807901294628], [144.4835342810698, 13.461214038858923], [144.5144598996883, 13.455417732041642], [144.5453855183068, 13.44800158146983], [144.57631113692528, 13.437583089999707], [144.5772400048005, 13.437257210684644], [144.6072367555438, 13.431376066462537], [144.63816237416228, 13.424844642265125], [144.66908799278076, 13.415771426005831], [144.6845369842685, 13.408706520074661], [144.70001361139924, 13.4026620428487], [144.73093923001775, 13.382580494344777], [144.73397478938423, 13.380155829464677], [144.75993852243187, 13.351605138854694], [144.76186484863624, 13.347359759647754], [144.77545405427594, 13.32305444824471], [144.78453375137954, 13.294503757634725], [144.78000342988202, 13.265953067024743], [144.7622036386962, 13.237402376414758], [144.76186484863624, 13.237013148699775], [144.73405841807323, 13.208851685804776], [144.73093923001775, 13.206460881151303], [144.70001361139924, 13.19054573049574], [144.66908799278076, 13.184248027840999], [144.63816237416228, 13.183756821709139], [144.6072367555438, 13.18725257465529], [144.57631113692528, 13.194007171583891], [144.5453855183068, 13.203970497528545], [144.53294184457204, 13.208851685804776]]]}, "properties": {"fillColor": "#00FF00", "fillOpacity": 0.7, "color": "#000000", "weight": 0.2, "stroke": false}}, {"type": "Feature", "geometry": {"type": "Polygon", "coordinates": [[[148.31831098976272, 13.405873829615045], [148.3492366083812, 13.403245159810384], [148.36399139191036, 13.40870652007466], [148.3801622269997, 13.41364327994367], [148.4110878456182, 13.433998531879467], [148.41472183786357, 13.437257210684646], [148.44201346423668, 13.462963444088038], [148.4451138409897, 13.465807901294628], [148.4729390828552, 13.488791398075819], [148.48040540786906, 13.494358591904613], [148.50386470147367, 13.51166240732535], [148.51785126967593, 13.522909282514595], [148.53479032009216, 13.543357877956131], [148.54176012643188, 13.55145997312458], [148.55923107169906, 13.580010663734562], [148.56571593871064, 13.585224914935477], [148.59664155732915, 13.603287562011529], [148.60708938224099, 13.608561354344548], [148.62756717594763, 13.613818362450532], [148.65849279456611, 13.62430027528519], [148.68115740215234, 13.63711204495453], [148.68941841318463, 13.64121005482983], [148.71823332469305, 13.665662735564513], [148.7203440318031, 13.668502536001796], [148.73866438854373, 13.694213426174496], [148.74644007632193, 13.72276411678448], [148.74753630381076, 13.751314807394465], [148.74187208393232, 13.779865498004447], [148.7203440318031, 13.806514298273651], [148.71859167267024, 13.808416188614432], [148.68941841318463, 13.83192813780423], [148.68074678568024, 13.836966879224416], [148.65849279456611, 13.851823683805375], [148.62756717594763, 13.865125314537403], [148.62637176919415, 13.865517569834399], [148.59664155732915, 13.881380909695388], [148.56571593871064, 13.89133031473274], [148.55383091274393, 13.894068260444385], [148.53479032009216, 13.905219800266364], [148.50386470147367, 13.917754951795416], [148.4729390828552, 13.92244243334002], [148.44201346423668, 13.922043294849427], [148.4110878456182, 13.91980995320026], [148.3801622269997, 13.918066629134735], [148.3492366083812, 13.917708311381418], [148.31831098976272, 13.920033363439593], [148.294253686978, 13.922618951054366], [148.28738537114424, 13.92399267993475], [148.25645975252576, 13.932879460646532], [148.22553413390725, 13.947469761023344], [148.2170754330142, 13.95116964166435], [148.19460851528873, 13.962899569748568], [148.16368289667025, 13.970265017307778], [148.13275727805177, 13.973484565797055], [148.1018316594333, 13.973434327553537], [148.0709060408148, 13.968378633033574], [148.0399804221963, 13.953495007720946], [148.03668069875926, 13.95116964166435], [148.0120169670591, 13.922618951054366], [148.0090548035778, 13.919142293673378], [147.98742470671263, 13.894068260444383], [147.9781291849593, 13.889148157146426], [147.94720356634082, 13.878745379064792], [147.91627794772234, 13.872272993295432], [147.88535232910385, 13.867888305032197], [147.86940730811077, 13.865517569834399], [147.85442671048537, 13.864534776637448], [147.82350109186686, 13.861163682468723], [147.79257547324838, 13.854751230544178], [147.76164985462987, 13.844822302167586], [147.74108204626233, 13.836966879224416], [147.73072423601138, 13.831614763529872], [147.70284679582235, 13.808416188614432], [147.70658567102186, 13.779865498004447], [147.73072423601138, 13.75594750232657], [147.7353267220363, 13.751314807394465], [147.76164985462987, 13.734355419334232], [147.78717723306625, 13.72276411678448], [147.79257547324838, 13.71985240006222], [147.82350109186686, 13.704444520667124], [147.8457645571109, 13.694213426174496], [147.85442671048537, 13.68843493768916], [147.88535232910385, 13.66889582632945], [147.89094427618977, 13.665662735564513], [147.91627794772234, 13.647738033965325], [147.9377942362757, 13.63711204495453], [147.94720356634082, 13.629982741097935], [147.9781291849593, 13.610473208438687], [147.98161980273252, 13.608561354344548], [148.0090548035778, 13.586359373772472], [148.02128890017264, 13.580010663734562], [148.03998042219632, 13.568069306065539], [148.0709060408148, 13.56048555686631], [148.1018316594333, 13.559724915638654], [148.13275727805177, 13.560952885913736], [148.16368289667025, 13.562273284404814], [148.19460851528876, 13.56564664332571], [148.22553413390725, 13.570336710235864], [148.25645975252573, 13.571764900861027], [148.28738537114424, 13.569208193564553], [148.31831098976272, 13.564123889649226], [148.34326879703033, 13.55145997312458], [148.33896583072627, 13.522909282514593], [148.32915001084825, 13.494358591904613], [148.31831098976272, 13.471765642369297], [148.31438346149076, 13.465807901294628], [148.3020537420086, 13.437257210684644], [148.31301905351359, 13.408706520074661], [148.31831098976272, 13.405873829615045]]]}, "properties": {"fillColor": "#00FF00", "fillOpacity": 0.7, "color": "#000000", "weight": 0.2, "stroke": false}}, {"type": "Feature", "geometry": {"type": "Polygon", "coordinates": [[[148.36179908320065, 13.465807901294628], [148.36833477135724, 13.494358591904614], [148.37628518769347, 13.522909282514595], [148.3801622269997, 13.534386691739275], [148.39712271052568, 13.55145997312458], [148.4110878456182, 13.56260165468504], [148.44201346423668, 13.568139985099428], [148.4729390828552, 13.570110653682033], [148.48494421789383, 13.55145997312458], [148.4729390828552, 13.535587429230926], [148.4628492889173, 13.522909282514597], [148.44201346423668, 13.507348086543736], [148.42921593510107, 13.494358591904614], [148.4110878456182, 13.476586740625873], [148.39701708978646, 13.465807901294628], [148.3801622269997, 13.45461444880645], [148.36179908320065, 13.465807901294628]]]}, "properties": {"fillColor": "#00FF00", "fillOpacity": 0.7, "color": "#000000", "weight": 0.2, "stroke": false}}, {"type": "Feature", "geometry": {"type": "Polygon", "coordinates": [[[148.02137738585208, 13.608561354344547], [148.0090548035778, 13.613891214174586], [147.9781291849593, 13.633178554705555], [147.97265036677823, 13.63711204495453], [147.94720356634082, 13.64915621485288], [147.9219257609079, 13.665662735564513], [147.91627794772234, 13.66874132481482], [147.88535232910385, 13.688331695611545], [147.87706347904057, 13.694213426174498], [147.85442671048537, 13.707905310417237], [147.8291706593162, 13.722764116784479], [147.82350109186686, 13.725785739362456], [147.79257547324838, 13.741047236107992], [147.77543623110353, 13.751314807394465], [147.76164985462987, 13.765518270937525], [147.74710782607787, 13.779865498004447], [147.75145642836944, 13.808416188614432], [147.76164985462987, 13.81518674111113], [147.79257547324838, 13.832314436372053], [147.80392422264225, 13.836966879224416], [147.82350109186686, 13.844017854982038], [147.85442671048537, 13.850588192406235], [147.88535232910385, 13.854132688988239], [147.91627794772234, 13.857533147961105], [147.94720356634082, 13.86046700570538], [147.9781291849593, 13.865146725243779], [147.9794882096725, 13.8655175698344], [148.0090548035778, 13.882977419280177], [148.0245008183726, 13.894068260444383], [148.0399804221963, 13.910580373368134], [148.05668343876636, 13.922618951054366], [148.0709060408148, 13.932796358417948], [148.1018316594333, 13.942220716498737], [148.13275727805177, 13.94365355703373], [148.16368289667025, 13.940916550755052], [148.19460851528876, 13.933319608613088], [148.2142296886092, 13.922618951054366], [148.22553413390725, 13.917381966641342], [148.25645975252573, 13.90569262511194], [148.28738537114424, 13.900154599888408], [148.31831098976272, 13.896029008502737], [148.3347593562287, 13.894068260444383], [148.3492366083812, 13.893094713957527], [148.38016222699972, 13.892535773221793], [148.4110878456182, 13.892405419873016], [148.44201346423668, 13.891997929593838], [148.4729390828552, 13.890305158588458], [148.50386470147367, 13.885031638072093], [148.53479032009216, 13.877142543867208], [148.56571593871064, 13.86641040664834], [148.5677483956417, 13.865517569834399], [148.59664155732915, 13.858278982500506], [148.62756717594763, 13.845243238663492], [148.6411993482107, 13.836966879224416], [148.65849279456611, 13.828347363559924], [148.6861985844216, 13.80841618861443], [148.68941841318463, 13.805806042795162], [148.71525506040004, 13.779865498004447], [148.7203440318031, 13.762895249038952], [148.7246772429378, 13.751314807394465], [148.72362417924995, 13.72276411678448], [148.7203440318031, 13.7147439216063], [148.71332963454282, 13.6942134261745], [148.68941841318463, 13.666695078392978], [148.6881625410767, 13.665662735564513], [148.65849279456611, 13.646696210612994], [148.6288978805168, 13.63711204495453], [148.62756717594763, 13.636538079504895], [148.59664155732915, 13.626881523607384], [148.56571593871064, 13.619721206292038], [148.53479032009216, 13.61408518784], [148.50386470147367, 13.610831512338265], [148.4729390828552, 13.609854755873096], [148.44201346423668, 13.609561819784807], [148.4365707162712, 13.608561354344547], [148.4110878456182, 13.590976605941217], [148.3801622269997, 13.583508682918021], [148.3492366083812, 13.58690240709444], [148.31831098976272, 13.587745019676698], [148.28738537114424, 13.587516395664295], [148.25645975252573, 13.587590479461701], [148.22553413390725, 13.586781581581151], [148.19460851528876, 13.584556693403506], [148.16368289667028, 13.583046218279808], [148.13275727805177, 13.583174472029386], [148.1018316594333, 13.584687787509072], [148.0709060408148, 13.587583158855553], [148.0399804221963, 13.596627032043003], [148.02137738585208, 13.608561354344547]]]}, "properties": {"fillColor": "#00FF00", "fillOpacity": 0.7, "color": "#000000", "weight": 0.2, "stroke": false}}, {"type": "Feature", "geometry": {"type": "Polygon", "coordinates": [[[147.3596168125895, 14.720016029940812], [147.390542431208, 14.709377900211386], [147.42146804982647, 14.706821276314036], [147.45239366844498, 14.715307040325524], [147.46451545438086, 14.72203828813391], [147.48331928706347, 14.733371827325204], [147.50404694844212, 14.750588978743892], [147.51424490568195, 14.770060736173727], [147.51870005029724, 14.779139669353876], [147.51705372834937, 14.807690359963862], [147.51424490568195, 14.813271268084291], [147.50481569436425, 14.836241050573843], [147.48331928706347, 14.862775627918314], [147.48170059607088, 14.864791741183828], [147.45239366844498, 14.890181172215257], [147.4478277673072, 14.893342431793812], [147.42146804982647, 14.909316179962197], [147.390542431208, 14.919907089042873], [147.37817562062648, 14.921893122403795], [147.35961681258948, 14.926054919378537], [147.328691193971, 14.925234926193864], [147.3187786702705, 14.921893122403795], [147.2977655753525, 14.914199640586887], [147.27812589952498, 14.893342431793812], [147.26851630991396, 14.864791741183828], [147.26777471612436, 14.836241050573843], [147.2752083061929, 14.80769035996386], [147.29179318065795, 14.779139669353876], [147.2977655753525, 14.771584429467726], [147.31552650207877, 14.750588978743892], [147.328691193971, 14.73815898753097], [147.35650333257033, 14.72203828813391], [147.3596168125895, 14.720016029940812]]]}, "properties": {"fillColor": "#00FF00", "fillOpacity": 0.7, "color": "#000000", "weight": 0.2, "stroke": false}}, {"type": "Feature", "geometry": {"type": "Polygon", "coordinates": [[[147.3668519263536, 14.750588978743892], [147.35961681258948, 14.753136112508802], [147.328691193971, 14.775326095965017], [147.3251714371664, 14.779139669353876], [147.305462075271, 14.80769035996386], [147.2977655753525, 14.830095828112421], [147.29558728007453, 14.836241050573843], [147.2977655753525, 14.856267860044836], [147.29886942839343, 14.864791741183828], [147.3248100027285, 14.89334243179381], [147.328691193971, 14.895558700511529], [147.35961681258948, 14.899478969468792], [147.38750598773262, 14.89334243179381], [147.390542431208, 14.89259934900224], [147.42146804982647, 14.87671450198141], [147.43752235379014, 14.864791741183828], [147.45239366844498, 14.848435519623443], [147.46270269434285, 14.836241050573843], [147.47524806348304, 14.80769035996386], [147.4729407590736, 14.779139669353874], [147.45239366844498, 14.751310776825791], [147.45155415407976, 14.750588978743892], [147.42146804982647, 14.739142935990342], [147.390542431208, 14.742133214087875], [147.3668519263536, 14.750588978743892]]]}, "properties": {"fillColor": "#00FF00", "fillOpacity": 0.7, "color": "#000000", "weight": 0.2, "stroke": false}}, {"type": "Feature", "geometry": {"type": "Polygon", "coordinates": [[[145.5968565513355, 14.790987810986111], [145.627782169954, 14.785273390034607], [145.65870778857249, 14.7917639055099], [145.6840932553156, 14.80769035996386], [145.68963340719097, 14.813471854359264], [145.70522157901124, 14.836241050573843], [145.70696281661947, 14.86479174118383], [145.68963340719097, 14.887976967098997], [145.68260713153254, 14.893342431793812], [145.65870778857249, 14.904559249997561], [145.627782169954, 14.912520411428286], [145.5968565513355, 14.91545578144099], [145.565930932717, 14.905445659181652], [145.55662082349758, 14.893342431793808], [145.5494138443247, 14.864791741183828], [145.55362360710075, 14.836241050573843], [145.565930932717, 14.815446424467332], [145.57181984657305, 14.80769035996386], [145.5968565513355, 14.790987810986111]]]}, "properties": {"fillColor": "#00FF00", "fillOpacity": 0.7, "color": "#000000", "weight": 0.2, "stroke": false}}, {"type": "Feature", "geometry": {"type": "Polygon", "coordinates": [[[145.44222845824305, 15.338612691972186], [145.47315407686153, 15.3269120920734], [145.50407969548002, 15.3262192629629], [145.53500531409853, 15.33319535461803], [145.56288022604758, 15.35015348155355], [145.565930932717, 15.351530655433171], [145.5968565513355, 15.372669946775291], [145.6047470193394, 15.378704172163532], [145.627782169954, 15.401472981155031], [145.63769266199563, 15.407254862773517], [145.65870778857249, 15.419711905489374], [145.68963340719097, 15.419159935010448], [145.72055902580945, 15.412533690742526], [145.75148464442796, 15.413851503167695], [145.7821984993408, 15.435805553383501], [145.78241026304644, 15.436032356543402], [145.79861838419245, 15.464356243993485], [145.8044702726749, 15.492906934603468], [145.80483089969093, 15.52145762521345], [145.8028575994632, 15.550008315823435], [145.8002890254652, 15.57855900643342], [145.7970470500263, 15.607109697043402], [145.7912259827896, 15.635660387653386], [145.78241026304644, 15.655722474177798], [145.7803385058622, 15.66421107826337], [145.76748544382306, 15.692761768873353], [145.75148464442796, 15.713618911781477], [145.7471540362203, 15.721312459483336], [145.73195806048753, 15.749863150093322], [145.72055902580945, 15.769052803948897], [145.716376387394, 15.778413840703305], [145.6960147749419, 15.806964531313287], [145.68963340719097, 15.8127618567744], [145.65870778857249, 15.830042454086549], [145.627782169954, 15.8353620849439], [145.62448332560638, 15.835515221923272], [145.5968565513355, 15.838332715956213], [145.565930932717, 15.835568014523908], [145.56574531063288, 15.835515221923272], [145.53500531409853, 15.830342108821176], [145.50407969548002, 15.812861923757303], [145.49757662778535, 15.80696453131329], [145.47385352766378, 15.778413840703305], [145.47315407686153, 15.777273249398041], [145.45124319168946, 15.749863150093319], [145.44222845824305, 15.73319917248141], [145.431599419913, 15.721312459483336], [145.41416886551906, 15.692761768873353], [145.41130283962457, 15.685063172132352], [145.39884948107212, 15.664211078263367], [145.38778729084527, 15.635660387653386], [145.38892745164983, 15.607109697043402], [145.41130283962457, 15.58306938548797], [145.41526204533784, 15.57855900643342], [145.43668200797836, 15.550008315823433], [145.4285962914864, 15.52145762521345], [145.4158293548654, 15.492906934603468], [145.41130283962457, 15.480239283784814], [145.4015139010623, 15.464356243993485], [145.3934883129913, 15.4358055533835], [145.39481442975563, 15.407254862773517], [145.40646180988776, 15.378704172163534], [145.41130283962457, 15.372246296636384], [145.42852588918697, 15.350153481553551], [145.44222845824305, 15.338612691972186]]]}, "properties": {"fillColor": "#00FF00", "fillOpacity": 0.7, "color": "#000000", "weight": 0.2, "stroke": false}}, {"type": "Feature", "geometry": {"type": "Polygon", "coordinates": [[[145.46563136678012, 15.35015348155355], [145.44222845824305, 15.36145977406089], [145.42600302718915, 15.378704172163532], [145.41570995025558, 15.407254862773515], [145.4153279481471, 15.435805553383501], [145.42199140491263, 15.464356243993484], [145.43606243022518, 15.492906934603468], [145.44222845824305, 15.502938285630268], [145.44875436530216, 15.52145762521345], [145.45712801559847, 15.550008315823433], [145.4494549968376, 15.578559006433418], [145.44222845824305, 15.588040577982124], [145.42431331313435, 15.607109697043404], [145.4264004428054, 15.635660387653388], [145.4358656558884, 15.664211078263369], [145.44222845824305, 15.677328529877762], [145.44665649700934, 15.692761768873353], [145.45928619431467, 15.721312459483336], [145.47315407686153, 15.741306669969966], [145.47703219719202, 15.749863150093322], [145.496998759955, 15.778413840703305], [145.50407969548002, 15.785872798869669], [145.53443387725503, 15.806964531313287], [145.53500531409853, 15.807339156069418], [145.565930932717, 15.819478788181545], [145.59685655133546, 15.822510126368028], [145.627782169954, 15.819798424686654], [145.65870778857249, 15.808388001317772], [145.66091285500175, 15.806964531313287], [145.68963340719097, 15.782799132533784], [145.69322977561728, 15.778413840703305], [145.71160553045215, 15.74986315009332], [145.72055902580945, 15.729872595019376], [145.72620628027568, 15.721312459483336], [145.74519846522594, 15.692761768873353], [145.75148464442796, 15.680237825559999], [145.7618718299501, 15.664211078263367], [145.7714358196702, 15.635660387653386], [145.77500202171115, 15.607109697043402], [145.77650901102388, 15.57855900643342], [145.77702927403564, 15.550008315823435], [145.77700332635646, 15.52145762521345], [145.77327529259867, 15.492906934603468], [145.75684245288315, 15.464356243993484], [145.75148464442796, 15.458976257557369], [145.72055902580945, 15.453639504052838], [145.68963340719097, 15.456963665171017], [145.65870778857249, 15.454817748215653], [145.627782169954, 15.4373584574963], [145.62673775530754, 15.435805553383501], [145.60762251520904, 15.407254862773517], [145.5968565513355, 15.396988306041818], [145.57925002517055, 15.378704172163534], [145.565930932717, 15.368191118322818], [145.53500531409853, 15.352535914149469], [145.52262951663292, 15.35015348155355], [145.50407969548002, 15.34373055173408], [145.47315407686153, 15.346272625839617], [145.46563136678012, 15.35015348155355]]]}, "properties": {"fillColor": "#00FF00", "fillOpacity": 0.7, "color": "#000000", "weight": 0.2, "stroke": false}}, {"type": "Feature", "geometry": {"type": "Polygon", "coordinates": [[[146.83388129607516, 16.25696291184318], [146.86480691469365, 16.255948451025635], [146.87728330459757, 16.263775581073027], [146.89373444198782, 16.29232627168301], [146.88974614565151, 16.320876962292992], [146.8754439982559, 16.349427652902975], [146.86480691469365, 16.362667086376163], [146.83388129607516, 16.377647048439993], [146.80565870584195, 16.349427652902975], [146.80295567745665, 16.34081424001954], [146.79878949503114, 16.320876962292992], [146.80184792501748, 16.29232627168301], [146.80295567745665, 16.28997054373986], [146.82404783149002, 16.263775581073027], [146.83388129607516, 16.25696291184318]]]}, "properties": {"fillColor": "#00FF00", "fillOpacity": 0.7, "color": "#000000", "weight": 0.2, "stroke": false}}, {"type": "Feature", "geometry": {"type": "Polygon", "coordinates": [[[148.93682336213254, 16.353062274323822], [148.94978886538757, 16.37797834351296], [148.96048571938317, 16.406529034122947], [148.967748980751, 16.4316326982444], [148.9681141434342, 16.43507972473293], [148.9707240963069, 16.463630415342912], [148.97301056168027, 16.492181105952895], [148.97499576779853, 16.520731796562877], [148.97660849853938, 16.54928248717286], [148.9777314463476, 16.577833177782846], [148.97827878598764, 16.606383868392832], [148.97822864168162, 16.634934559002815], [148.97761881018988, 16.663485249612798], [148.97573800812282, 16.69203594022278], [148.97327416811288, 16.720586630832763], [148.97051777517626, 16.74913732144275], [148.96774898075103, 16.77516471619933], [148.96731078880404, 16.77768801205273], [148.96232532527327, 16.806238702662718], [148.9573393598039, 16.8347893932727], [148.95211193175132, 16.863340083882683], [148.94616371569356, 16.891890774492666], [148.93886193006583, 16.92044146510265], [148.93682336213254, 16.926924067503148], [148.92818511952956, 16.948992155712634], [148.91461783181467, 16.977542846322617], [148.90589774351406, 16.992301838943945], [148.8973155248798, 17.006093536932603], [148.87715078046074, 17.034644227542586], [148.87497212489558, 17.03728060222684], [148.8521604202768, 17.06319491815257], [148.84404650627707, 17.072096100646334], [148.81889980130464, 17.09174560876255], [148.81312088765858, 17.096497794294578], [148.78219526904007, 17.09547956230055], [148.7799676105124, 17.09174560876255], [148.7701876344472, 17.06319491815257], [148.7661935786735, 17.034644227542586], [148.76538655414467, 17.006093536932603], [148.766475365713, 16.977542846322617], [148.7688007530192, 16.948992155712634], [148.77198580035716, 16.92044146510265], [148.77581243972224, 16.891890774492666], [148.78013227231338, 16.863340083882683], [148.78219526904007, 16.85232759701732], [148.7869050512497, 16.8347893932727], [148.79481656251673, 16.806238702662718], [148.8022693674892, 16.777688012052728], [148.80933242860425, 16.74913732144275], [148.81312088765858, 16.733522925963708], [148.81734403462394, 16.720586630832763], [148.82596791353075, 16.69203594022278], [148.83363550891517, 16.663485249612798], [148.84060114328508, 16.634934559002815], [148.84404650627707, 16.6201275253108], [148.8481623608852, 16.606383868392832], [148.85627423161668, 16.577833177782846], [148.86420258468877, 16.54928248717286], [148.8715537072157, 16.520731796562877], [148.87497212489558, 16.507001935931214], [148.87986632845804, 16.492181105952895], [148.8886808082052, 16.463630415342912], [148.89688785794345, 16.43507972473293], [148.90482758630944, 16.406529034122947], [148.90589774351406, 16.402946611138475], [148.92153667036678, 16.377978343512957], [148.93682336213254, 16.353062274323822]]]}, "properties": {"fillColor": "#00FF00", "fillOpacity": 0.7, "color": "#000000", "weight": 0.2, "stroke": false}}, {"type": "Feature", "geometry": {"type": "Polygon", "coordinates": [[[130.47422904689333, 25.155673866189517], [130.5051546655118, 25.161399810820015], [130.53608028413032, 25.17074555961208], [130.53799734671, 25.171591051387928], [130.5670059027488, 25.189855930789133], [130.59079229825477, 25.20014174199791], [130.5979315213673, 25.20977122552152], [130.62885713998577, 25.226896981767556], [130.63156701601775, 25.228692432607893], [130.62885713998577, 25.234255406855578], [130.5979315213673, 25.232655213658315], [130.58753184609714, 25.228692432607893], [130.5670059027488, 25.213335245963464], [130.53608028413032, 25.20499568351773], [130.52274861257982, 25.20014174199791], [130.50515466551184, 25.18521589193304], [130.47422904689333, 25.175697451647146], [130.46345815399854, 25.171591051387928], [130.47422904689333, 25.155673866189517]]]}, "properties": {"fillColor": "#00FF00", "fillOpacity": 0.7, "color": "#000000", "weight": 0.2, "stroke": false}}, {"type": "Feature", "geometry": {"type": "Polygon", "coordinates": [[[129.886642293142, 25.311297262440988], [129.91756791176047, 25.308569354057084], [129.94849353037898, 25.306847759463782], [129.97941914899747, 25.30629181671295], [130.01034476761595, 25.30694936668212], [130.04127038623446, 25.308738907814913], [130.07219600485294, 25.31161403574698], [130.09315213110358, 25.314344504437848], [130.10312162347142, 25.315437318154128], [130.13404724208993, 25.319586052793515], [130.16497286070842, 25.324527135768275], [130.1958984793269, 25.330489713377872], [130.22682409794538, 25.33792238804444], [130.24340715444572, 25.342895195047827], [130.2577497165639, 25.34631834477686], [130.28867533518238, 25.354410029276302], [130.31960095380086, 25.363997595369376], [130.33845123441282, 25.371445885657813], [130.35052657241937, 25.375199237690012], [130.38145219103785, 25.386344315990364], [130.41003507136747, 25.399996576267796], [130.41237780965633, 25.40093313981061], [130.44330342827482, 25.41384092059657], [130.46982437070884, 25.42854726687778], [130.47422904689333, 25.430689286320494], [130.5051546655118, 25.447310276800795], [130.51981151356603, 25.45709795748776], [130.53608028413032, 25.466684882996525], [130.56404540456356, 25.485648648097747], [130.5670059027488, 25.487538953774724], [130.5979315213673, 25.507788650656565], [130.60667669353657, 25.514199338707726], [130.62885713998577, 25.529589435345223], [130.6460616447155, 25.542750029317713], [130.65978275860428, 25.553354571907885], [130.68140173254818, 25.5713007199277], [130.69070837722276, 25.579448792492567], [130.713180380172, 25.59985141053768], [130.72163399584124, 25.60807312614674], [130.74227622969877, 25.628402101147664], [130.75255961445976, 25.639477096926612], [130.768819660627, 25.65695279175765], [130.78348523307824, 25.67521778635129], [130.79212940212267, 25.68550348236763], [130.81204725429038, 25.714054172977615], [130.81441085169672, 25.71782967176817], [130.83158667235557, 25.742604863587598], [130.8453364703152, 25.768582830421412], [130.84698466247977, 25.771155554197584], [130.86294302525806, 25.799706244807567], [130.8753520851463, 25.82825693541755], [130.87626208893371, 25.830505390446934], [130.88944984421664, 25.85680762602754], [130.90099025929436, 25.88535831663752], [130.9071877075522, 25.903191937566206], [130.9115930180912, 25.913909007247497], [130.92057443005393, 25.94245969785748], [130.92643213774565, 25.97101038846747], [130.93014701019246, 25.999561079077452], [130.9331095276766, 26.028111769687435], [130.93572392350936, 26.05666246029742], [130.93760955032337, 26.085213150907403], [130.93811332617068, 26.098942820278083], [130.93889609536623, 26.11376384151739], [130.93923888982565, 26.142314532127372], [130.93828591579813, 26.170865222737355], [130.93811332617068, 26.17292922733435], [130.93687890464705, 26.199415913347337], [130.93461358005825, 26.22796660395732], [130.93113415075442, 26.256517294567306], [130.9261100251271, 26.28506798517729], [130.9191954761277, 26.31361867578727], [130.9099876930516, 26.342169366397258], [130.9071877075522, 26.350102487598562], [130.9019284032914, 26.37072005700724], [130.89341866761217, 26.399270747617223], [130.88278925833382, 26.427821438227205], [130.87626208893371, 26.443304440410614], [130.8715664076757, 26.45637212883719], [130.8592384626789, 26.48492281944717], [130.8453364703152, 26.508869593527546], [130.84283651141394, 26.513473510057157], [130.82574306846647, 26.542024200667143], [130.81441085169672, 26.559014377765052], [130.8065815354751, 26.570574891277126], [130.78773892314857, 26.599125581887108], [130.78348523307824, 26.60504409437247], [130.76885231917703, 26.627676272497094], [130.75255961445976, 26.645780536889625], [130.74418644433516, 26.656226963107077], [130.72163399584124, 26.67451906069389], [130.70790925745968, 26.68477765371706], [130.69070837722276, 26.695693853215417], [130.65978275860428, 26.710783187989584], [130.65401683635702, 26.713328344327042], [130.62885713998577, 26.726237989702035], [130.5979315213673, 26.737883218735163], [130.58507772418332, 26.74187903493703], [130.5670059027488, 26.749180172478177], [130.53608028413032, 26.75764525708427], [130.5051546655118, 26.76395319692766], [130.47422904689333, 26.768448460257243], [130.45717250354505, 26.77042972554701], [130.44330342827482, 26.7738593227555], [130.41237780965633, 26.78000402869024], [130.38145219103785, 26.784268058331527], [130.35052657241937, 26.78795714620669], [130.31960095380086, 26.791478342934983], [130.28867533518238, 26.794655138497944], [130.2577497165639, 26.797514117323047], [130.23843549658673, 26.798980416156994], [130.22682409794538, 26.80053767132542], [130.1958984793269, 26.802401659954622], [130.16497286070842, 26.801251873641135], [130.14859232725456, 26.798980416156994], [130.13404724208993, 26.797887128599807], [130.10312162347142, 26.794071068201603], [130.07219600485294, 26.78884183420886], [130.04127038623446, 26.781550971663354], [130.01034476761595, 26.770649973239095], [130.00982134761864, 26.77042972554701], [129.97941914899747, 26.761822099526007], [129.94849353037898, 26.74838036316926], [129.93651838579558, 26.74187903493703], [129.91756791176047, 26.733304845519548], [129.886642293142, 26.714985257839466], [129.88400380394248, 26.713328344327042], [129.8557166745235, 26.69703985365439], [129.83813250836144, 26.68477765371706], [129.824791055905, 26.675400506616384], [129.80028949565732, 26.656226963107077], [129.7938654372865, 26.65069910427284], [129.76515762540106, 26.627676272497094], [129.76293981866803, 26.62560508738558], [129.73201420004955, 26.604077284722877], [129.72512857594128, 26.599125581887108], [129.70108858143104, 26.582291432213253], [129.69138521944063, 26.570574891277126], [129.67102611294405, 26.542024200667143], [129.67016296281255, 26.5407892242279], [129.65255517116762, 26.513473510057157], [129.63923734419407, 26.49057224882771], [129.63613528565682, 26.48492281944717], [129.62231401795378, 26.45637212883719], [129.6097690206435, 26.427821438227205], [129.60831172557556, 26.424609449709425], [129.59710753902243, 26.399270747617223], [129.5865439155684, 26.37072005700724], [129.57738610695708, 26.342316388996075], [129.57733228357145, 26.342169366397258], [129.56885094286577, 26.31361867578727], [129.56240031157716, 26.285067985177285], [129.55696119005222, 26.25651729456731], [129.5525559502983, 26.22796660395732], [129.54989383075326, 26.199415913347337], [129.54989648843383, 26.170865222737355], [129.55294324665468, 26.142314532127372], [129.55865187224552, 26.113763841517386], [129.56628599048977, 26.085213150907403], [129.576558572208, 26.05666246029742], [129.57738610695708, 26.05472239807794], [129.58614536550516, 26.028111769687435], [129.59685527497155, 25.999561079077456], [129.60831172557556, 25.97453751504766], [129.60978438490724, 25.97101038846747], [129.6216749000649, 25.942459697857483], [129.6358176107842, 25.9139090072475], [129.63923734419407, 25.908307406458363], [129.65205563353916, 25.885358316637518], [129.67016296281255, 25.860887312298026], [129.67309558500634, 25.856807626027535], [129.6953272803134, 25.82825693541755], [129.70108858143104, 25.816476543275378], [129.71003588927755, 25.799706244807567], [129.70108858143104, 25.79235228129884], [129.67016296281255, 25.799374340015113], [129.66950120456676, 25.799706244807567], [129.63923734419407, 25.815859397293167], [129.60993335290073, 25.828256935417546], [129.60831172557556, 25.82905225660382], [129.57738610695708, 25.84096589713793], [129.5464604883386, 25.845655207375813], [129.5155348697201, 25.833968418588654], [129.5111215159747, 25.82825693541755], [129.51164006894203, 25.799706244807567], [129.5155348697201, 25.792646002138184], [129.52547967603164, 25.771155554197584], [129.5464604883386, 25.74474095615253], [129.54807919843262, 25.742604863587598], [129.57446523961434, 25.714054172977615], [129.57738610695708, 25.71097211286083], [129.6004199655996, 25.685503482367633], [129.60831172557556, 25.67772266967834], [129.63039869154, 25.65695279175765], [129.63923734419407, 25.6508004974666], [129.67016296281255, 25.63359063515006], [129.681633956457, 25.628402101147664], [129.70108858143104, 25.61643606117434], [129.73201420004955, 25.603022515270222], [129.7406554148547, 25.59985141053768], [129.76293981866803, 25.583535123123163], [129.78478962876687, 25.5713007199277], [129.7938654372865, 25.558567691911932], [129.8078098406461, 25.542750029317713], [129.7938654372865, 25.526242298071242], [129.76293981866803, 25.51545915505032], [129.7350633866056, 25.514199338707726], [129.73201420004955, 25.514118187666348], [129.73029720923265, 25.51419933870773], [129.70108858143104, 25.51579183920465], [129.67016296281255, 25.51887633248989], [129.63923734419407, 25.522811138574276], [129.60831172557556, 25.527120378268002], [129.57738610695708, 25.53110997362758], [129.5464604883386, 25.53227495050643], [129.5155348697201, 25.520422715386246], [129.50781023531962, 25.514199338707733], [129.50411750182866, 25.48564864809775], [129.5155348697201, 25.460872785927286], [129.51714796469514, 25.45709795748776], [129.54225046242797, 25.42854726687778], [129.5464604883386, 25.425094885262702], [129.57738610695708, 25.402380013260018], [129.5806789590145, 25.399996576267796], [129.60831172557556, 25.385396924874716], [129.63798302545166, 25.371445885657813], [129.63923734419407, 25.370949939472748], [129.67016296281255, 25.35947838499085], [129.70108858143104, 25.34949639836351], [129.72319721027955, 25.34289519504783], [129.73201420004955, 25.34052081670499], [129.76293981866803, 25.33254960686216], [129.7938654372865, 25.325463684978516], [129.824791055905, 25.319579235569982], [129.8557166745235, 25.314981744028355], [129.86107708901866, 25.314344504437845], [129.886642293142, 25.311297262440988]]]}, "properties": {"fillColor": "#00FF00", "fillOpacity": 0.7, "color": "#000000", "weight": 0.2, "stroke": false}}, {"type": "Feature", "geometry": {"type": "Polygon", "coordinates": [[[129.89653526058618, 25.371445885657813], [129.886642293142, 25.376056096994038], [129.8557166745235, 25.39010682654521], [129.83029430398793, 25.399996576267796], [129.8557166745235, 25.422267153716106], [129.8690356076304, 25.42854726687778], [129.886642293142, 25.431117378695], [129.91756791176047, 25.436681717525698], [129.94849353037898, 25.443603745767017], [129.97941914899747, 25.452238329028056], [129.99427725916723, 25.45709795748776], [130.01034476761595, 25.46698961974863], [130.0373155378004, 25.485648648097747], [130.01034476761595, 25.501011526996933], [129.99458728813852, 25.51419933870773], [129.97941914899747, 25.52015792865857], [129.94849353037898, 25.537555665932608], [129.94176585353551, 25.542750029317713], [129.91756791176047, 25.559127992368197], [129.90016576254908, 25.5713007199277], [129.886642293142, 25.578324527049624], [129.8557166745235, 25.59197115300032], [129.83927767248198, 25.59985141053768], [129.824791055905, 25.60464693616086], [129.7938654372865, 25.61429708753971], [129.76293981866803, 25.625226404717857], [129.7559741008444, 25.628402101147664], [129.73201420004955, 25.63909095189733], [129.70108858143104, 25.652784533746004], [129.6934121639788, 25.65695279175765], [129.67016296281255, 25.67506391966304], [129.65795761148905, 25.685503482367633], [129.63923734419407, 25.711291733620236], [129.63690460838802, 25.714054172977615], [129.6170943213467, 25.742604863587598], [129.63923734419404, 25.75960825007308], [129.67016296281255, 25.74832538809397], [129.6829931817973, 25.742604863587598], [129.70108858143104, 25.7345245642299], [129.73201420004955, 25.723239587596574], [129.75878330175806, 25.71405417297762], [129.76293981866803, 25.712747324311376], [129.7938654372865, 25.707398425098262], [129.824791055905, 25.708975522917004], [129.83356968770153, 25.714054172977615], [129.824791055905, 25.724192869754738], [129.8156276348282, 25.742604863587598], [129.7938654372865, 25.768207499942005], [129.79190845239708, 25.771155554197584], [129.76740157451303, 25.799706244807567], [129.76293981866803, 25.805261853358257], [129.74335590807414, 25.82825693541755], [129.73201420004955, 25.842779128071644], [129.72027462827737, 25.856807626027535], [129.70108858143104, 25.883986332241633], [129.7000879035176, 25.885358316637518], [129.68404902377856, 25.9139090072475], [129.67016296281255, 25.93767557221476], [129.6677140349173, 25.942459697857483], [129.65450403790348, 25.97101038846747], [129.64005090399303, 25.999561079077452], [129.63923734419407, 26.00118983513466], [129.6300623793839, 26.028111769687435], [129.62196320831083, 26.056662460297417], [129.6138171502585, 26.085213150907403], [129.60831172557556, 26.103132058956202], [129.60670023937328, 26.113763841517386], [129.60474074823168, 26.142314532127372], [129.60467590824075, 26.170865222737355], [129.60661472243999, 26.199415913347337], [129.60831172557556, 26.212823556512756], [129.6113645333495, 26.199415913347337], [129.6184938817635, 26.170865222737355], [129.63923734419407, 26.14704684376929], [129.64050615351388, 26.142314532127372], [129.6502808029414, 26.113763841517383], [129.6671229940228, 26.0852131509074], [129.67016296281255, 26.081959057854704], [129.6827952239849, 26.05666246029742], [129.70108858143104, 26.031305370217577], [129.70317542984637, 26.028111769687435], [129.72240291696698, 25.999561079077452], [129.73201420004955, 25.98825666170061], [129.74443216145647, 25.97101038846747], [129.76293981866803, 25.94888218333915], [129.7680081574606, 25.942459697857487], [129.7938654372865, 25.915899604635104], [129.79588571349845, 25.9139090072475], [129.824791055905, 25.8904452116398], [129.83161356881507, 25.885358316637518], [129.8557166745235, 25.869505661234065], [129.87760599462993, 25.856807626027535], [129.886642293142, 25.852316989535773], [129.91756791176047, 25.84050987509853], [129.944472299513, 25.82825693541755], [129.94849353037898, 25.82681311765821], [129.97941914899747, 25.819646068685174], [130.01034476761595, 25.817461604521093], [130.04127038623446, 25.824009547026435], [130.04802834717907, 25.82825693541755], [130.04127038623446, 25.829598901162708], [130.01034476761595, 25.839984591767408], [129.99128271860823, 25.856807626027532], [129.97941914899747, 25.860719768938264], [129.94849353037898, 25.876976874136503], [129.93932261382133, 25.885358316637518], [129.91756791176047, 25.897887397011548], [129.89959989945882, 25.9139090072475], [129.88664229314202, 25.92469717273131], [129.86795876446413, 25.942459697857487], [129.8557166745235, 25.95537111823679], [129.83897890372512, 25.97101038846747], [129.824791055905, 25.988216555728293], [129.8136983365847, 25.999561079077452], [129.79506564122198, 26.028111769687435], [129.7938654372865, 26.030554293516566], [129.7770660063756, 26.056662460297417], [129.76777588569615, 26.085213150907403], [129.76293981866803, 26.10845365241446], [129.76095178079618, 26.113763841517386], [129.7527327473639, 26.142314532127372], [129.74818512559972, 26.170865222737355], [129.7460848116817, 26.199415913347337], [129.74586863653857, 26.22796660395732], [129.74740562985698, 26.25651729456731], [129.7506712313749, 26.28506798517729], [129.75582945751032, 26.313618675787268], [129.76293981866803, 26.338626503303463], [129.76368189161911, 26.342169366397258], [129.77090021102788, 26.37072005700724], [129.78068968045926, 26.399270747617223], [129.7938654372865, 26.42534385246211], [129.79509753957086, 26.427821438227205], [129.8061126164652, 26.45637212883719], [129.81583210525852, 26.484922819447174], [129.80475094862618, 26.51347351005716], [129.7938654372865, 26.526478478946153], [129.78670714428134, 26.542024200667143], [129.7938654372865, 26.566935090356058], [129.79466952499467, 26.570574891277126], [129.8137885983789, 26.599125581887108], [129.824791055905, 26.610678358109176], [129.83901122085317, 26.62767627249709], [129.8557166745235, 26.642479078549123], [129.8697969193699, 26.65622696310708], [129.886642293142, 26.669127412822434], [129.90615037015368, 26.684777653717056], [129.91756791176047, 26.692404174229875], [129.94849353037898, 26.71128002768396], [129.9519929472042, 26.713328344327042], [129.97941914899747, 26.72746559334612], [130.01034476761595, 26.739082936913668], [130.02010946558158, 26.74187903493703], [130.04127038623446, 26.748520492870746], [130.07219600485294, 26.754296076003314], [130.10312162347142, 26.757142835129756], [130.13404724208993, 26.757880852793743], [130.16497286070842, 26.757301904987013], [130.1958984793269, 26.756348911295802], [130.22682409794538, 26.755458865752384], [130.2577497165639, 26.75442073693142], [130.28867533518238, 26.753239769112216], [130.31960095380086, 26.75197902868116], [130.35052657241937, 26.750796160882366], [130.38145219103785, 26.749452805378738], [130.41237780965633, 26.74681733826165], [130.44330342827482, 26.742505396412916], [130.44668248900618, 26.74187903493703], [130.47422904689333, 26.736164235708312], [130.5051546655118, 26.729447470380865], [130.53608028413032, 26.721918683643267], [130.5616178306264, 26.713328344327046], [130.5670059027488, 26.711002694424455], [130.5979315213673, 26.69933195440678], [130.62885713998577, 26.686040024152184], [130.63146785697467, 26.68477765371706], [130.65978275860428, 26.66493968301034], [130.67202608787966, 26.656226963107073], [130.6902233947811, 26.627676272497094], [130.69070837722276, 26.627156091779142], [130.71201415620007, 26.599125581887108], [130.72163399584124, 26.590067557763696], [130.73939386547016, 26.570574891277126], [130.75255961445976, 26.557094572974734], [130.76588654983723, 26.542024200667143], [130.78348523307824, 26.52028413208197], [130.78874092072246, 26.513473510057157], [130.80849182755705, 26.484922819447174], [130.81441085169672, 26.475391486506933], [130.82623549467434, 26.45637212883719], [130.841433091387, 26.427821438227205], [130.8453364703152, 26.419907134450504], [130.85602121629873, 26.399270747617223], [130.86820898383365, 26.37072005700724], [130.87626208893371, 26.346881194056746], [130.8781973922298, 26.342169366397258], [130.88860315309347, 26.31361867578727], [130.89631016810418, 26.285067985177292], [130.90188418342666, 26.256517294567306], [130.90567625661748, 26.227966603957324], [130.9071877075522, 26.208857599957383], [130.90829472117113, 26.199415913347337], [130.9094846748415, 26.170865222737355], [130.90854991172654, 26.142314532127372], [130.9071877075522, 26.128908384495915], [130.90610255382012, 26.11376384151739], [130.90277965812984, 26.085213150907403], [130.89814022577897, 26.05666246029742], [130.89253275503415, 26.028111769687435], [130.88672458512337, 25.999561079077452], [130.88121326382654, 25.97101038846747], [130.87626208893371, 25.946799414893036], [130.87555072240886, 25.942459697857483], [130.86913160998475, 25.9139090072475], [130.86062376454203, 25.885358316637518], [130.85031917454754, 25.856807626027535], [130.8453364703152, 25.845373573913086], [130.8386990505899, 25.82825693541755], [130.8259545329709, 25.799706244807567], [130.81441085169672, 25.778339258589146], [130.8106283254131, 25.771155554197584], [130.79391327103667, 25.742604863587598], [130.78348523307824, 25.72739718096929], [130.77427859204744, 25.714054172977615], [130.75255961445976, 25.686136131082844], [130.75203166400001, 25.685503482367633], [130.72683808136614, 25.656952791757654], [130.72163399584124, 25.651516856340454], [130.69886006624648, 25.628402101147664], [130.69070837722276, 25.62054672938863], [130.66841990087647, 25.59985141053768], [130.65978275860428, 25.592221528509523], [130.6350277041934, 25.5713007199277], [130.62885713998577, 25.56637563080487], [130.59794813270616, 25.542750029317713], [130.5979315213673, 25.542737781819053], [130.5670059027488, 25.521038782785954], [130.55724968191876, 25.51419933870773], [130.53608028413032, 25.500288159138915], [130.5132158757357, 25.485648648097747], [130.5051546655118, 25.480547558006073], [130.47422904689333, 25.462872110542634], [130.4637013900455, 25.457097957487765], [130.44330342827482, 25.44654416476996], [130.41237780965633, 25.432582076792126], [130.4032454159772, 25.42854726687778], [130.38145219103785, 25.419380148352666], [130.35052657241937, 25.40823854853018], [130.32527283648452, 25.399996576267796], [130.31960095380086, 25.398126726967444], [130.28867533518238, 25.390202153176077], [130.2577497165639, 25.38316736091798], [130.22682409794538, 25.376300351924108], [130.20411384802856, 25.371445885657813], [130.1958984793269, 25.36986600051355], [130.16497286070842, 25.365364974851776], [130.13404724208993, 25.362074510821643], [130.10312162347142, 25.359816765978707], [130.07219600485294, 25.358410421309724], [130.04127038623446, 25.357838286148095], [130.01034476761595, 25.358219681021744], [129.97941914899747, 25.35986861810325], [129.94849353037898, 25.363091854958473], [129.91756791176047, 25.367677343126246], [129.89653526058618, 25.371445885657813]]]}, "properties": {"fillColor": "#00FF00", "fillOpacity": 0.7, "color": "#000000", "weight": 0.2, "stroke": false}}, {"type": "Feature", "geometry": {"type": "Polygon", "coordinates": [[[129.70078832709575, 26.142314532127372], [129.69400490289914, 26.170865222737355], [129.68884376550886, 26.199415913347337], [129.68611821881814, 26.22796660395732], [129.6868508044475, 26.256517294567306], [129.69094199008194, 26.285067985177292], [129.6972415653005, 26.313618675787275], [129.70108858143104, 26.32638105177408], [129.7068117504565, 26.31361867578727], [129.71048242684725, 26.28506798517729], [129.7115243185073, 26.25651729456731], [129.71203236746493, 26.22796660395732], [129.7123328546196, 26.199415913347337], [129.7117530557368, 26.170865222737355], [129.70242494278813, 26.142314532127372], [129.70108858143104, 26.141412263594397], [129.70078832709575, 26.142314532127372]]]}, "properties": {"fillColor": "#00FF00", "fillOpacity": 0.7, "color": "#000000", "weight": 0.2, "stroke": false}}, {"type": "Feature", "geometry": {"type": "Polygon", "coordinates": [[[130.16497286070842, 25.998196371266914], [130.1958984793269, 25.997491635652786], [130.2157100604432, 25.999561079077452], [130.22682409794538, 26.001272652478843], [130.2577497165639, 26.010894583355523], [130.28867533518238, 26.026527707418328], [130.29088105354188, 26.028111769687435], [130.31960095380086, 26.053968259739957], [130.32202576151258, 26.056662460297424], [130.33978978746933, 26.085213150907403], [130.35052657241937, 26.113671736841987], [130.35055998279586, 26.11376384151739], [130.35533690922279, 26.142314532127372], [130.35426190822315, 26.170865222737355], [130.35052657241937, 26.185958896126536], [130.3468805238031, 26.199415913347337], [130.33294389434073, 26.22796660395732], [130.31960095380086, 26.246604782629277], [130.31093869514834, 26.256517294567306], [130.28867533518238, 26.27348545621276], [130.27025358793463, 26.285067985177285], [130.2577497165639, 26.289287625352898], [130.22682409794538, 26.29527279452878], [130.1958984793269, 26.29697226507195], [130.16497286070842, 26.294574909745023], [130.13404724208993, 26.288698856548592], [130.12241451867322, 26.28506798517729], [130.10312162347142, 26.275032425288686], [130.07219600485294, 26.257520936321797], [130.07094108375563, 26.256517294567306], [130.04256576362266, 26.22796660395732], [130.04127038623446, 26.226395462110393], [130.02683045448973, 26.199415913347337], [130.01446174796976, 26.170865222737355], [130.01034476761595, 26.149744217624093], [130.00961379503582, 26.142314532127372], [130.01034476761595, 26.132860843864478], [130.01336431389606, 26.11376384151739], [130.02577167948198, 26.085213150907403], [130.04127038623446, 26.057405093653202], [130.04191632839988, 26.05666246029742], [130.07219600485294, 26.029514021937175], [130.07430771548334, 26.028111769687435], [130.10312162347142, 26.014527968909356], [130.13404724208993, 26.003908505598687], [130.15613440874196, 25.999561079077452], [130.16497286070842, 25.998196371266914]]]}, "properties": {"fillColor": "#00FF00", "fillOpacity": 0.7, "color": "#000000", "weight": 0.2, "stroke": false}}, {"type": "Feature", "geometry": {"type": "Polygon", "coordinates": [[[130.10865746038584, 26.028111769687435], [130.10312162347142, 26.03043121838269], [130.07219600485294, 26.050097711783472], [130.06487409342805, 26.05666246029742], [130.04127038623446, 26.083799410353464], [130.04048244373027, 26.085213150907403], [130.03222479934306, 26.113763841517386], [130.02931169633976, 26.142314532127372], [130.0327347433186, 26.170865222737355], [130.04087588945202, 26.199415913347337], [130.04127038623446, 26.20015299059723], [130.064202195925, 26.22796660395732], [130.07219600485294, 26.236231733790127], [130.097511259417, 26.256517294567306], [130.10312162347142, 26.259615510407702], [130.13404724208993, 26.271615722755328], [130.16497286070842, 26.28256248807307], [130.17989812993866, 26.28506798517729], [130.1958984793269, 26.286027914682656], [130.21446618419577, 26.28506798517729], [130.22682409794538, 26.28318134012467], [130.2577497165639, 26.270273091015156], [130.28299748374764, 26.256517294567306], [130.28867533518238, 26.251246735083573], [130.3073647057892, 26.22796660395732], [130.31960095380086, 26.208834810554304], [130.32370135641645, 26.199415913347337], [130.3297846779482, 26.170865222737355], [130.3301869245447, 26.142314532127372], [130.32486705281244, 26.113763841517386], [130.31960095380086, 26.100502064671474], [130.3097707036924, 26.085213150907407], [130.28867533518238, 26.059373313113817], [130.28544568456792, 26.05666246029742], [130.25774971656386, 26.039675576191314], [130.23453034100947, 26.028111769687435], [130.22682409794538, 26.02560399140449], [130.1958984793269, 26.020283988248043], [130.16497286070842, 26.019184770269458], [130.13404724208993, 26.02220086609844], [130.10865746038584, 26.028111769687435]]]}, "properties": {"fillColor": "#00FF00", "fillOpacity": 0.7, "color": "#000000", "weight": 0.2, "stroke": false}}, {"type": "Feature", "geometry": {"type": "Polygon", "coordinates": [[[130.90718770755217, 26.70559967570634], [130.92393844765138, 26.713328344327042], [130.9071877075522, 26.737818556789136], [130.90519712205247, 26.74187903493703], [130.8768891910619, 26.77042972554701], [130.87626208893371, 26.77096021146233], [130.84644983578036, 26.798980416156994], [130.8453364703152, 26.799916327751003], [130.81523459506843, 26.82753110676698], [130.81441085169672, 26.8282060086009], [130.78348523307824, 26.854594909948645], [130.78198980096414, 26.856081797376962], [130.75255961445976, 26.87828370563025], [130.74476417372944, 26.884632487986945], [130.72163399584124, 26.899938388918976], [130.70149924000324, 26.91318317859693], [130.69070837722276, 26.919483626068995], [130.65978275860428, 26.935905858128226], [130.64883058596888, 26.941733869206914], [130.62885713998577, 26.951098661881815], [130.5979315213673, 26.96374731576482], [130.58142536813298, 26.970284559816896], [130.5670059027488, 26.97554301273608], [130.53608028413032, 26.9848425807333], [130.5051546655118, 26.992795163651014], [130.47975999956404, 26.99883525042688], [130.47422904689333, 27.00013202075246], [130.44330342827482, 27.00565847998506], [130.41237780965633, 27.00926301793647], [130.38145219103785, 27.011024696143455], [130.35052657241937, 27.010749425496595], [130.31960095380086, 27.008064818277315], [130.28867533518238, 27.00244914026756], [130.27541873088202, 26.99883525042688], [130.2577497165639, 26.987784196183796], [130.23530020807948, 26.970284559816896], [130.23733697895028, 26.941733869206914], [130.2577497165639, 26.92580747705434], [130.280253128803, 26.913183178596928], [130.28867533518238, 26.909804364115267], [130.31960095380086, 26.90056268835631], [130.35052657241937, 26.894119559943242], [130.38145219103785, 26.888911612143243], [130.40803133411964, 26.884632487986945], [130.41237780965633, 26.883803270498507], [130.44330342827482, 26.87783780146661], [130.47422904689333, 26.872159290569478], [130.5051546655118, 26.8663003016879], [130.53608028413032, 26.85977560959288], [130.5507712874158, 26.856081797376962], [130.5670059027488, 26.851475821786046], [130.5979315213673, 26.842694267891268], [130.62885713998577, 26.833586444050376], [130.64649983811032, 26.82753110676698], [130.65978275860428, 26.822559988147965], [130.69070837722276, 26.811414982932185], [130.72112179148303, 26.79898041615699], [130.72163399584124, 26.798747897543972], [130.75255961445976, 26.785680015144486], [130.78338499553794, 26.770429725547014], [130.78348523307824, 26.770375415908227], [130.81441085169672, 26.75598658443041], [130.83924587113782, 26.74187903493703], [130.8453364703152, 26.738255396304115], [130.87626208893371, 26.722972246771235], [130.89331544962192, 26.713328344327042], [130.90718770755217, 26.70559967570634]]]}, "properties": {"fillColor": "#00FF00", "fillOpacity": 0.7, "color": "#000000", "weight": 0.2, "stroke": false}}, {"type": "Feature", "geometry": {"type": "Polygon", "coordinates": [[[114.33105612804094, 5.7820602004939365], [114.3549988033352, 5.7856721272090255], [114.36198174665942, 5.786348341796322], [114.39290736527792, 5.794470661926929], [114.42383298389642, 5.806952951092642], [114.43591508860163, 5.814222817819009], [114.4547586025149, 5.822166299826137], [114.48235655750611, 5.8427735084289925], [114.4856842211334, 5.845072684628342], [114.51270087456724, 5.871324199038976], [114.51660983975188, 5.876353549008391], [114.53588251817364, 5.8998748896489595], [114.54753545837038, 5.92610404783921], [114.54921943399702, 5.928425580258944], [114.56619198443786, 5.956976270868927], [114.57846107698887, 5.98533562463754], [114.57867730173442, 5.98552696147891], [114.60932511066622, 6.014077652088894], [114.60938669560736, 6.01420184240399], [114.64031231422585, 6.0373222028011755], [114.65151248282322, 6.042628342698878], [114.64031231422587, 6.051996461720207], [114.60938669560736, 6.062945009394456], [114.60001073723592, 6.071179033308862], [114.57846107698887, 6.0887852615968665], [114.57244914455897, 6.099729723918845], [114.55494867242149, 6.128280414528829], [114.54753545837038, 6.135397267635452], [114.51920861945732, 6.156831105138813], [114.5166098397519, 6.158655799500834], [114.48738861785345, 6.185381795748796], [114.4856842211334, 6.189998162216212], [114.48063672293695, 6.213932486358781], [114.48507637054523, 6.242483176968763], [114.4856842211334, 6.244666317171166], [114.49475182002254, 6.271033867578748], [114.50453463468172, 6.299584558188731], [114.51660983975188, 6.319171719208644], [114.52313066395638, 6.328135248798715], [114.53349919711637, 6.356685939408698], [114.53839726421293, 6.385236630018682], [114.54105605710645, 6.413787320628666], [114.54089789999492, 6.4423380112386495], [114.53804776570391, 6.470888701848633], [114.53243097677623, 6.4994393924586165], [114.52334994279234, 6.5279900830686], [114.51660983975188, 6.543331117519891], [114.51239673960498, 6.556540773678584], [114.49791486630582, 6.585091464288567], [114.4856842211334, 6.601838663235899], [114.46674441531863, 6.613642154898551], [114.4547586025149, 6.629576603131751], [114.42383298389643, 6.624117427360957], [114.41657238258011, 6.613642154898551], [114.39290736527792, 6.605745601677967], [114.36911231800694, 6.585091464288567], [114.36198174665942, 6.580629329056444], [114.33121147914075, 6.556540773678584], [114.33105612804094, 6.556431315475161], [114.30013050942244, 6.5520066595234], [114.2972647567045, 6.556540773678584], [114.30013050942244, 6.566823403972229], [114.30523640576061, 6.585091464288567], [114.32502470000901, 6.613642154898551], [114.33105612804094, 6.619763208239187], [114.36095149752884, 6.642192845508535], [114.36198174665942, 6.642901302121797], [114.39290736527792, 6.652562751759548], [114.42383298389642, 6.658495474541969], [114.4541898246224, 6.670743536118518], [114.4547586025149, 6.670919729402758], [114.4856842211334, 6.6709499227226114], [114.48604971888916, 6.670743536118518], [114.51660983975188, 6.655678711614254], [114.53068861896654, 6.642192845508535], [114.54753545837036, 6.628710054071176], [114.56420747960341, 6.613642154898551], [114.57846107698887, 6.602744042469254], [114.60938669560736, 6.603120294789043], [114.61493574876116, 6.613642154898551], [114.62463416185935, 6.642192845508536], [114.63111768562509, 6.670743536118518], [114.63644970121605, 6.699294226728503], [114.64031231422585, 6.720959541350492], [114.64134358377613, 6.727844917338485], [114.64581660979219, 6.75639560794847], [114.65074769391924, 6.784946298558454], [114.65640854879123, 6.813496989168437], [114.66141783597918, 6.84204767977842], [114.66345565661081, 6.870598370388404], [114.65955789468663, 6.899149060998388], [114.64845770332599, 6.9276997516083725], [114.64031231422584, 6.94153479080069], [114.62749727724741, 6.956250442218355], [114.60938669560736, 6.977149307363863], [114.6038995777881, 6.984801132828339], [114.58211382485402, 7.013351823438322], [114.57846107698887, 7.0174142466651075], [114.55815719865504, 7.0419025140483065], [114.54753545837036, 7.050815749635678], [114.52719151304609, 7.070453204658289], [114.51660983975188, 7.0781759124114565], [114.49445283534553, 7.0990038952682735], [114.48568422113341, 7.106142808608131], [114.46705168935523, 7.127554585878256], [114.45475860251489, 7.141764388037292], [114.44479479930656, 7.1561052764882405], [114.42506317242547, 7.184655967098224], [114.42383298389642, 7.1864769978371745], [114.40964989232094, 7.2132066577082075], [114.39468940026903, 7.241757348318192], [114.39290736527794, 7.245437469147455], [114.38714274851239, 7.270308038928175], [114.3828734610199, 7.298858729538159], [114.3808729006488, 7.3274094201481415], [114.37330821646239, 7.355960110758126], [114.36198174665942, 7.369405304903081], [114.33105612804094, 7.381938899942186], [114.30013050942244, 7.3839345013413595], [114.26920489080396, 7.381429375486759], [114.23827927218547, 7.377113024815602], [114.20735365356697, 7.372248102617979], [114.17642803494849, 7.363441795403523], [114.16172987687398, 7.355960110758126], [114.14550241632999, 7.349879288453045], [114.1146224152505, 7.327409420148142], [114.1145767977115, 7.327370832163244], [114.09046771127049, 7.298858729538159], [114.08365117909301, 7.2819591234703545], [114.07792629810793, 7.270308038928175], [114.07013171773187, 7.241757348318192], [114.06791218817952, 7.2132066577082075], [114.07011931029314, 7.184655967098225], [114.07690050091678, 7.1561052764882405], [114.08365117909301, 7.1376685859695606], [114.0867067242076, 7.127554585878258], [114.09447143190374, 7.0990038952682735], [114.09985057807029, 7.070453204658289], [114.10203997289464, 7.0419025140483065], [114.10327443944843, 7.013351823438322], [114.10490592141394, 6.9848011328283395], [114.10692819556274, 6.956250442218354], [114.11015065074152, 6.927699751608372], [114.1145767977115, 6.903131141539818], [114.1153109076912, 6.899149060998388], [114.12151128473508, 6.870598370388404], [114.12863961928909, 6.84204767977842], [114.13648739655241, 6.813496989168437], [114.14372226008823, 6.784946298558453], [114.14550241632999, 6.776061804743032], [114.14959552183218, 6.75639560794847], [114.15448661710997, 6.727844917338485], [114.15737988533076, 6.699294226728503], [114.15700466507468, 6.670743536118518], [114.15380097578326, 6.642192845508535], [114.14899290024144, 6.613642154898551], [114.14550241632999, 6.596259733735649], [114.14335961031719, 6.585091464288566], [114.13772778125188, 6.556540773678584], [114.13173281654835, 6.5279900830686], [114.12677474916032, 6.4994393924586165], [114.125989202196, 6.470888701848633], [114.12983364379465, 6.4423380112386495], [114.13802300762404, 6.413787320628666], [114.14550241632999, 6.393894382279932], [114.15076671981285, 6.385236630018682], [114.16853386580618, 6.356685939408698], [114.17642803494849, 6.345710758388247], [114.20735365356697, 6.332265605648244], [114.21193345454321, 6.328135248798715], [114.23827927218547, 6.301048784007063], [114.23861882975075, 6.299584558188731], [114.24250327443808, 6.271033867578748], [114.24265664534178, 6.242483176968763], [114.24024231299506, 6.213932486358781], [114.23827927218545, 6.201435968972263], [114.23417519610393, 6.185381795748796], [114.22533984876986, 6.156831105138814], [114.21710611338492, 6.128280414528829], [114.20993746458517, 6.099729723918845], [114.20735365356697, 6.084829837136601], [114.20397535413905, 6.071179033308862], [114.20139758070911, 6.042628342698877], [114.20735365356697, 6.015820364302788], [114.20777774318442, 6.014077652088894], [114.22947801454745, 5.985526961478911], [114.23827927218547, 5.978979714984605], [114.25485211351204, 5.956976270868927], [114.26920489080396, 5.940823489163756], [114.2760713167432, 5.928425580258944], [114.28907820390347, 5.8998748896489595], [114.29425599917016, 5.871324199038977], [114.29103153109907, 5.842773508428992], [114.28999995761674, 5.81422281781901], [114.30013050942244, 5.79568305421935], [114.31785770561066, 5.7856721272090255], [114.33105612804094, 5.7820602004939365]]]}, "properties": {"fillColor": "#FFFF00", "fillOpacity": 0.7, "color": "#000000", "weight": 0.2, "stroke": false}}, {"type": "Feature", "geometry": {"type": "Polygon", "coordinates": [[[114.32581214759666, 5.814222817819009], [114.31386344036125, 5.8427735084289925], [114.31461670056848, 5.871324199038977], [114.3128026093751, 5.8998748896489595], [114.30380549573478, 5.928425580258944], [114.30013050942244, 5.936775267702863], [114.28757265867121, 5.956976270868927], [114.27255278915348, 5.985526961478911], [114.26920489080396, 5.994035139486233], [114.25692944970237, 6.014077652088894], [114.24602545567444, 6.042628342698878], [114.2415881820274, 6.071179033308862], [114.24145203919355, 6.099729723918845], [114.24385886311424, 6.128280414528829], [114.24921191767447, 6.156831105138813], [114.25471698351375, 6.185381795748796], [114.2598124096224, 6.213932486358781], [114.26497173919074, 6.242483176968763], [114.26920489080396, 6.269029269710608], [114.26942004585963, 6.271033867578748], [114.27075579014242, 6.29958455818873], [114.27068036457668, 6.3281352487987155], [114.26989079502789, 6.356685939408698], [114.26994674862246, 6.385236630018682], [114.27326317460056, 6.413787320628666], [114.28239813220888, 6.44233801123865], [114.30013050942244, 6.467795985496993], [114.30095936762855, 6.470888701848633], [114.3110491002663, 6.499439392458616], [114.33105612804094, 6.526174090956762], [114.33253022063597, 6.527990083068601], [114.36198174665942, 6.551318738413097], [114.36897106444731, 6.556540773678584], [114.39290736527792, 6.574730630338063], [114.42383298389642, 6.584206675590328], [114.4547586025149, 6.582241590788671], [114.4856842211334, 6.5589793076835], [114.48756300832744, 6.556540773678584], [114.50524192002581, 6.5279900830686], [114.5138496017305, 6.4994393924586165], [114.51660983975188, 6.484206244160442], [114.52058878720038, 6.470888701848633], [114.52372793714416, 6.4423380112386495], [114.52134415227076, 6.413787320628666], [114.51660983975188, 6.392792793618747], [114.51542719153124, 6.385236630018682], [114.5111891223369, 6.356685939408699], [114.49939221765531, 6.328135248798715], [114.48568422113341, 6.30729628596714], [114.48185921072285, 6.299584558188731], [114.47280924307606, 6.271033867578748], [114.46207610919984, 6.242483176968763], [114.4547586025149, 6.22100663141577], [114.4523681836767, 6.213932486358781], [114.4524326523372, 6.185381795748797], [114.4547586025149, 6.181469772010506], [114.47408937637502, 6.156831105138812], [114.4856842211334, 6.1489343755261245], [114.51357084351396, 6.128280414528829], [114.51660983975188, 6.125639903844084], [114.53850088201142, 6.099729723918845], [114.54753545837038, 6.079645990860444], [114.55266990829142, 6.071179033308862], [114.56896091550578, 6.042628342698878], [114.57049576196185, 6.014077652088895], [114.56230313449316, 5.985526961478911], [114.54907743294918, 5.956976270868927], [114.54753545837038, 5.954441775980981], [114.5390619224055, 5.928425580258944], [114.52216081973404, 5.8998748896489595], [114.51660983975188, 5.893100196054635], [114.4996848664029, 5.871324199038976], [114.4856842211334, 5.857720066241752], [114.46405163951535, 5.8427735084289925], [114.4547586025149, 5.835834459789948], [114.42383298389643, 5.82102281229109], [114.39931946308988, 5.814222817819009], [114.39290736527792, 5.811438369630777], [114.36198174665942, 5.805495861918875], [114.33105612804094, 5.810235072917271], [114.32581214759666, 5.814222817819009]]]}, "properties": {"fillColor": "#FFFF00", "fillOpacity": 0.7, "color": "#000000", "weight": 0.2, "stroke": false}}, {"type": "Feature", "geometry": {"type": "Polygon", "coordinates": [[[114.20141267373128, 6.556540773678584], [114.19581560999112, 6.585091464288567], [114.19790063636228, 6.613642154898551], [114.20299641001063, 6.642192845508535], [114.20735365356697, 6.662135187606994], [114.21040035331455, 6.670743536118518], [114.21631386211516, 6.699294226728503], [114.21185025359708, 6.727844917338484], [114.20735365356698, 6.734596008045142], [114.19938989595487, 6.75639560794847], [114.18722120685594, 6.784946298558452], [114.17642803494849, 6.810900530994028], [114.17558620323888, 6.813496989168437], [114.16448882644741, 6.842047679778419], [114.15188174767192, 6.870598370388404], [114.14550241632999, 6.883953707985606], [114.14014704688543, 6.899149060998388], [114.13202433150721, 6.927699751608372], [114.12735533397475, 6.956250442218355], [114.12484421122556, 6.984801132828339], [114.12341509823914, 7.013351823438322], [114.12329679852363, 7.041902514048307], [114.12187416509602, 7.070453204658289], [114.11497661811788, 7.099003895268273], [114.1145767977115, 7.099918837971216], [114.10352026794541, 7.127554585878256], [114.09244579316794, 7.1561052764882405], [114.08530608294608, 7.184655967098225], [114.08365117909301, 7.200685284199145], [114.08186008681281, 7.2132066577082075], [114.08365117909301, 7.231661067669257], [114.08429829532398, 7.241757348318193], [114.09094523173565, 7.270308038928175], [114.10536957945223, 7.298858729538159], [114.11457679771152, 7.309747452034651], [114.135456237802, 7.327409420148142], [114.14550241632999, 7.334719533509544], [114.17642803494849, 7.348546321027296], [114.20735365356695, 7.355109455706136], [114.21620970695622, 7.355960110758126], [114.23827927218545, 7.359344541224172], [114.26920489080396, 7.363228419793906], [114.30013050942244, 7.364959430450307], [114.33105612804094, 7.359519528273965], [114.33739874398438, 7.355960110758126], [114.36198174665942, 7.328126661758094], [114.362276627381, 7.327409420148142], [114.3669655726061, 7.298858729538159], [114.37277951725322, 7.2703080389281745], [114.38097283936155, 7.241757348318192], [114.38846167316922, 7.2132066577082075], [114.39290736527792, 7.196701157955443], [114.39971417777139, 7.184655967098225], [114.41730573680533, 7.1561052764882405], [114.4238329838964, 7.146381341783197], [114.43763179294007, 7.127554585878257], [114.45475860251491, 7.1044166697991775], [114.4596105596631, 7.0990038952682735], [114.48345862085533, 7.070453204658289], [114.4856842211334, 7.067308177447136], [114.50784105991082, 7.041902514048306], [114.51660983975188, 7.028684052362895], [114.52839748968428, 7.013351823438322], [114.54077512877225, 6.984801132828339], [114.5465826014016, 6.956250442218355], [114.54705133275225, 6.927699751608372], [114.54692125710778, 6.899149060998388], [114.54753545837038, 6.895787939525297], [114.55630897024994, 6.870598370388404], [114.56130162229049, 6.84204767977842], [114.57310538868066, 6.813496989168437], [114.57846107698887, 6.811229601063642], [114.60297061072961, 6.784946298558453], [114.60359829348573, 6.75639560794847], [114.59244729300298, 6.727844917338485], [114.57846107698887, 6.708824151952056], [114.56513586883366, 6.727844917338485], [114.55068413304362, 6.75639560794847], [114.54753545837038, 6.767741156242108], [114.51660983975188, 6.777126662501814], [114.4856842211334, 6.762035328327359], [114.48142014929192, 6.75639560794847], [114.4547586025149, 6.738891540883982], [114.42383298389642, 6.729467365040094], [114.41072561119714, 6.727844917338485], [114.39290736527792, 6.722975020574796], [114.36198174665941, 6.706629449101986], [114.35303914206636, 6.699294226728503], [114.33105612804093, 6.683059108546089], [114.31847871198732, 6.670743536118518], [114.30013050942244, 6.653680600081164], [114.28844208863501, 6.642192845508536], [114.26920489080396, 6.620382364160741], [114.26132756680198, 6.613642154898551], [114.23827927218547, 6.586808246825085], [114.2352652490361, 6.585091464288567], [114.21097839392979, 6.556540773678584], [114.20735365356697, 6.547553315610067], [114.20141267373128, 6.556540773678584]]]}, "properties": {"fillColor": "#FFFF00", "fillOpacity": 0.7, "color": "#000000", "weight": 0.2, "stroke": false}}, {"type": "Feature", "geometry": {"type": "Polygon", "coordinates": [[[124.62928712799848, 6.094752949934299], [124.660212746617, 6.098640151026009], [124.66227390307333, 6.099729723918845], [124.69113836523547, 6.119731880043045], [124.69751570739237, 6.128280414528829], [124.70320728794044, 6.156831105138813], [124.69505983091926, 6.185381795748796], [124.69113836523549, 6.190757692198963], [124.66740243504898, 6.213932486358781], [124.66021274661699, 6.218856225089064], [124.62928712799851, 6.224831945684037], [124.59842822013275, 6.213932486358781], [124.59836150938, 6.21390424239502], [124.57321507325487, 6.185381795748796], [124.5674358907615, 6.161498816967027], [124.56607543053883, 6.156831105138813], [124.56743589076152, 6.148306475560108], [124.57035534664615, 6.128280414528829], [124.59836150938, 6.103150284705875], [124.61159272972722, 6.099729723918845], [124.62928712799848, 6.094752949934299]]]}, "properties": {"fillColor": "#FFFF00", "fillOpacity": 0.7, "color": "#000000", "weight": 0.2, "stroke": false}}, {"type": "Feature", "geometry": {"type": "Polygon", "coordinates": [[[124.5888618754179, 6.128280414528829], [124.58013992657007, 6.156831105138813], [124.59003503564398, 6.185381795748796], [124.59836150938, 6.194826132182996], [124.6292871279985, 6.2101012685651895], [124.66021274661699, 6.203809898628656], [124.67961726755684, 6.185381795748796], [124.68838471500369, 6.156831105138813], [124.68010255342219, 6.128280414528829], [124.66021274661699, 6.112246574662219], [124.6292871279985, 6.1081870096909086], [124.59836150938, 6.119756325134415], [124.5888618754179, 6.128280414528829]]]}, "properties": {"fillColor": "#FFFF00", "fillOpacity": 0.7, "color": "#000000", "weight": 0.2, "stroke": false}}, {"type": "Feature", "geometry": {"type": "Polygon", "coordinates": [[[124.84576645832793, 7.865963569543485], [124.87669207694643, 7.850820423533047], [124.90761769556491, 7.850510598679113], [124.9385433141834, 7.860625007462636], [124.95080381129281, 7.869872541737832], [124.9694689328019, 7.889215382959736], [124.97665141084018, 7.898423232347815], [124.98826277774478, 7.926973922957799], [124.99008075308343, 7.955524613567782], [124.98350265749173, 7.984075304177766], [124.9694689328019, 8.002716588989905], [124.95674764629973, 8.01262599478775], [124.93854331418342, 8.022971034856832], [124.90761769556491, 8.026140893666959], [124.87669207694643, 8.019435680203193], [124.86422338553527, 8.01262599478775], [124.84576645832793, 8.00173658274134], [124.82936083370252, 7.984075304177766], [124.81851803815488, 7.955524613567783], [124.81715732639118, 7.926973922957799], [124.82346294486547, 7.898423232347815], [124.84188288380201, 7.869872541737833], [124.84576645832793, 7.865963569543485]]]}, "properties": {"fillColor": "#FFFF00", "fillOpacity": 0.7, "color": "#000000", "weight": 0.2, "stroke": false}}, {"type": "Feature", "geometry": {"type": "Polygon", "coordinates": [[[124.86679835338359, 7.869872541737832], [124.84576645832793, 7.885017713925697], [124.83624062313726, 7.898423232347815], [124.82666085584398, 7.926973922957799], [124.82787237593413, 7.955524613567783], [124.84322496178886, 7.984075304177766], [124.84576645832793, 7.986811321816197], [124.87669207694644, 8.00874812460157], [124.89830982898634, 8.01262599478775], [124.90761769556491, 8.01504807979031], [124.92239542478166, 8.01262599478775], [124.9385433141834, 8.010726059301792], [124.9694689328019, 7.984092551220068], [124.96948191689854, 7.984075304177766], [124.98009994732831, 7.955524613567783], [124.97750001228354, 7.926973922957799], [124.9694689328019, 7.910882548530544], [124.96355788573942, 7.898423232347815], [124.93854331418342, 7.8740355787917995], [124.92668301413812, 7.869872541737832], [124.90761769556491, 7.86209821785358], [124.87669207694643, 7.864466040934132], [124.86679835338359, 7.869872541737832]]]}, "properties": {"fillColor": "#FFFF00", "fillOpacity": 0.7, "color": "#000000", "weight": 0.2, "stroke": false}}, {"type": "Feature", "geometry": {"type": "Polygon", "coordinates": [[[126.14464244030458, 8.400185201543744], [126.17556805892305, 8.403108170267341], [126.19076866042286, 8.412335663327521], [126.20649367754154, 8.422851764511737], [126.22551070940253, 8.440886353937504], [126.23741929616003, 8.45286274049193], [126.25585350480915, 8.469437044547488], [126.26834491477852, 8.480951480557932], [126.28874879507916, 8.497987735157473], [126.29927053339702, 8.507991121500353], [126.32804301958699, 8.526538425767455], [126.3301961520155, 8.52774326633496], [126.36112177063401, 8.531317178410404], [126.39150825126974, 8.526538425767455], [126.3920473892525, 8.5264403236589], [126.42297300787098, 8.515774688582988], [126.45389862648948, 8.503902167314422], [126.46651596820952, 8.497987735157473], [126.48482424510796, 8.488272543510133], [126.51574986372646, 8.475084970334752], [126.54667548234495, 8.483535498523569], [126.55907189208153, 8.497987735157473], [126.55611006133307, 8.526538425767455], [126.54667548234494, 8.545609407090655], [126.54340608953771, 8.55508911637744], [126.53379421878793, 8.583639806987424], [126.5243857689257, 8.612190497597407], [126.51574986372646, 8.636822812584992], [126.51474348552809, 8.64074118820739], [126.51411545525279, 8.669291878817374], [126.50710205997524, 8.697842569427358], [126.48482424510796, 8.720799891064864], [126.47587903943455, 8.72639326003734], [126.45389862648946, 8.738349895483447], [126.42297300787098, 8.741822490854176], [126.39204738925248, 8.738882067858489], [126.36112177063401, 8.735410476188594], [126.3301961520155, 8.738756633386465], [126.29927053339702, 8.754467459216476], [126.29872636620375, 8.754943950647325], [126.26882067835133, 8.78349464125731], [126.26834491477852, 8.783927046408799], [126.23741929616003, 8.807448013006017], [126.22804829719797, 8.812045331867292], [126.20649367754154, 8.823283650803118], [126.17556805892305, 8.834898181881105], [126.15553620028597, 8.840596022477277], [126.14464244030457, 8.844484750748883], [126.11371682168607, 8.84749027665684], [126.08279120306759, 8.84335301258903], [126.07578845998134, 8.840596022477277], [126.0518655844491, 8.829927079886808], [126.03392857825415, 8.812045331867292], [126.02199535646363, 8.78349464125731], [126.0209399658306, 8.766855035860287], [126.01997638447993, 8.754943950647325], [126.02093996583059, 8.75037601089766], [126.02474912587157, 8.72639326003734], [126.03274413387885, 8.697842569427358], [126.04173817695565, 8.669291878817376], [126.04446057981713, 8.64074118820739], [126.03850648881541, 8.612190497597407], [126.05186558444908, 8.589389691918807], [126.0558771301707, 8.583639806987424], [126.08279120306759, 8.557210886418083], [126.08416676894011, 8.55508911637744], [126.09146557914582, 8.526538425767455], [126.09189384452243, 8.497987735157473], [126.09236114796505, 8.469437044547488], [126.09885420157921, 8.440886353937504], [126.11371682168607, 8.418267467477682], [126.12144642016916, 8.412335663327521], [126.14464244030458, 8.400185201543744]]]}, "properties": {"fillColor": "#FFFF00", "fillOpacity": 0.7, "color": "#000000", "weight": 0.2, "stroke": false}}, {"type": "Feature", "geometry": {"type": "Polygon", "coordinates": [[[126.12491261137124, 8.440886353937504], [126.11371682168607, 8.465325267448446], [126.1124661194957, 8.469437044547488], [126.11150418646909, 8.497987735157473], [126.11283492280306, 8.526538425767455], [126.1098444384326, 8.55508911637744], [126.09301072470438, 8.583639806987424], [126.08279120306759, 8.597270314890197], [126.07117736851471, 8.612190497597407], [126.07003331086207, 8.64074118820739], [126.0634839627096, 8.669291878817374], [126.05434484241802, 8.697842569427358], [126.05186558444909, 8.705911305216464], [126.04449712494916, 8.72639326003734], [126.0391537795518, 8.754943950647325], [126.04255871516952, 8.78349464125731], [126.05186558444909, 8.799805179413234], [126.0632415421523, 8.812045331867292], [126.08279120306759, 8.823394514270953], [126.11371682168607, 8.828423652895486], [126.14464244030457, 8.825040928463519], [126.17556805892305, 8.815029566332303], [126.18285158702268, 8.812045331867292], [126.20649367754154, 8.803729266587357], [126.23741929616003, 8.78681330500943], [126.24176381794479, 8.78349464125731], [126.26834491477852, 8.757600683542066], [126.27113092463777, 8.754943950647325], [126.29927053339702, 8.730303945503774], [126.30762816870647, 8.72639326003734], [126.33019615201552, 8.719987563174001], [126.36112177063399, 8.718214156338838], [126.39204738925251, 8.72003867111219], [126.42297300787098, 8.721694033239489], [126.45389862648948, 8.717974298285917], [126.48103115429991, 8.697842569427358], [126.48482424510797, 8.688435758270074], [126.49227812328373, 8.669291878817374], [126.49504225350414, 8.64074118820739], [126.5033039278886, 8.612190497597407], [126.5085053866462, 8.583639806987424], [126.51263793563693, 8.55508911637744], [126.51574986372646, 8.540985086629313], [126.51922673846664, 8.526538425767455], [126.51574986372646, 8.516780346349389], [126.48482424510796, 8.515456649232506], [126.45389862648948, 8.52523921582676], [126.45060199604755, 8.526538425767455], [126.42297300787098, 8.535570234571505], [126.3920473892525, 8.544702487420178], [126.361121770634, 8.553869437350235], [126.34889279329389, 8.55508911637744], [126.3301961520155, 8.557156187022267], [126.32382415952452, 8.55508911637744], [126.29927053339702, 8.543404619649493], [126.2848104974417, 8.526538425767455], [126.26834491477851, 8.510944269221145], [126.25601008305794, 8.497987735157473], [126.23741929616004, 8.480847451123509], [126.22608866015628, 8.469437044547487], [126.20649367754154, 8.449926991749571], [126.19517679849463, 8.440886353937504], [126.17556805892303, 8.426925864124676], [126.14464244030458, 8.424787731888898], [126.12491261137124, 8.440886353937504]]]}, "properties": {"fillColor": "#FFFF00", "fillOpacity": 0.7, "color": "#000000", "weight": 0.2, "stroke": false}}, {"type": "Feature", "geometry": {"type": "Polygon", "coordinates": [[[138.36026179460856, 8.637429708915958], [138.39118741322704, 8.640078063703491], [138.39465386680368, 8.64074118820739], [138.42211303184556, 8.644067607434964], [138.45303865046404, 8.654145072050508], [138.48003113466865, 8.669291878817374], [138.48396426908255, 8.675388426602282], [138.49462508261513, 8.697842569427358], [138.49299521640353, 8.72639326003734], [138.48585235738463, 8.754943950647325], [138.48396426908255, 8.759184765700745], [138.47485893415956, 8.78349464125731], [138.45303865046404, 8.805099876776502], [138.44103988199842, 8.812045331867292], [138.42211303184556, 8.822031021802168], [138.39118741322704, 8.828943641435448], [138.36026179460856, 8.82831150772659], [138.32933617599008, 8.819570569817571], [138.31602130556382, 8.812045331867292], [138.2984105573716, 8.804935463849151], [138.2695322746489, 8.78349464125731], [138.26748493875309, 8.781554866163145], [138.24450155133894, 8.754943950647325], [138.23863753056432, 8.72639326003734], [138.2421532934523, 8.697842569427358], [138.26253029018787, 8.669291878817376], [138.26748493875309, 8.66510253922465], [138.2984105573716, 8.64745395311009], [138.32933617599008, 8.641171522244164], [138.33746879029172, 8.64074118820739], [138.36026179460856, 8.637429708915958]]]}, "properties": {"fillColor": "#FFFF00", "fillOpacity": 0.7, "color": "#000000", "weight": 0.2, "stroke": false}}, {"type": "Feature", "geometry": {"type": "Polygon", "coordinates": [[[138.27835270946983, 8.669291878817376], [138.26748493875309, 8.679840146126924], [138.25309520828768, 8.697842569427358], [138.24795323033428, 8.72639326003734], [138.25730621026318, 8.754943950647325], [138.26748493875309, 8.766729214456456], [138.28518001082685, 8.78349464125731], [138.2984105573716, 8.793317725406151], [138.32933617599008, 8.807816710993276], [138.34935563578878, 8.812045331867292], [138.36026179460856, 8.815728497264168], [138.39118741322704, 8.816254533813645], [138.40553676072932, 8.812045331867292], [138.42211303184556, 8.807882026295127], [138.45303865046404, 8.78733767948841], [138.45691994045882, 8.78349464125731], [138.47206515759763, 8.754943950647325], [138.47682008958347, 8.72639326003734], [138.47458792741892, 8.697842569427358], [138.45303865046404, 8.673207146850318], [138.44788276146986, 8.669291878817374], [138.42211303184556, 8.656359595231756], [138.39118741322704, 8.648818257883887], [138.36026179460856, 8.645750958459143], [138.32933617599008, 8.64717699793292], [138.2984105573716, 8.656469782462857], [138.27835270946983, 8.669291878817376]]]}, "properties": {"fillColor": "#FFFF00", "fillOpacity": 0.7, "color": "#000000", "weight": 0.2, "stroke": false}}, {"type": "Feature", "geometry": {"type": "Polygon", "coordinates": [[[126.70130357543741, 8.753880387025504], [126.70225824939448, 8.754943950647325], [126.73222919405589, 8.782978590753567], [126.73280283253578, 8.78349464125731], [126.7557506034752, 8.812045331867292], [126.73222919405589, 8.824580069697854], [126.71181423261586, 8.812045331867292], [126.70130357543741, 8.804823114278204], [126.68593447487316, 8.78349464125731], [126.6982926002969, 8.754943950647325], [126.70130357543741, 8.753880387025504]]]}, "properties": {"fillColor": "#FFFF00", "fillOpacity": 0.7, "color": "#000000", "weight": 0.2, "stroke": false}}, {"type": "Feature", "geometry": {"type": "Polygon", "coordinates": [[[135.39140240723341, 8.826060063560053], [135.4223280258519, 8.817525926151792], [135.4532536444704, 8.816086919586278], [135.4841792630889, 8.820199646366962], [135.51224260294634, 8.840596022477277], [135.51437897266447, 8.869146713087261], [135.49951585134906, 8.897697403697244], [135.4841792630889, 8.911960477557162], [135.46562841368836, 8.926248094307226], [135.4532536444704, 8.932821519347096], [135.4223280258519, 8.942800371020482], [135.39140240723341, 8.944350506330702], [135.36047678861493, 8.937041855952256], [135.343287501577, 8.926248094307226], [135.33083428662718, 8.897697403697244], [135.33901497950922, 8.869146713087261], [135.36047678861493, 8.846277549491846], [135.3683242225217, 8.840596022477277], [135.39140240723341, 8.826060063560053]]]}, "properties": {"fillColor": "#FFFF00", "fillOpacity": 0.7, "color": "#000000", "weight": 0.2, "stroke": false}}, {"type": "Feature", "geometry": {"type": "Polygon", "coordinates": [[[135.40569548117017, 8.840596022477277], [135.39140240723341, 8.845127928619684], [135.36047678861493, 8.868816195007296], [135.36016661041762, 8.869146713087261], [135.348818793901, 8.897697403697244], [135.36047678861493, 8.914777218511968], [135.380255418017, 8.926248094307226], [135.39140240723341, 8.929814595463437], [135.42150465437606, 8.926248094307226], [135.4223280258519, 8.9261175387166], [135.4532536444704, 8.910288619734786], [135.46876337765764, 8.897697403697244], [135.4841792630889, 8.869967509711623], [135.48466007763463, 8.869146713087261], [135.4841792630889, 8.867013090354655], [135.4704249310512, 8.840596022477277], [135.4532536444704, 8.835692980588904], [135.4223280258519, 8.8352583853218], [135.40569548117017, 8.840596022477277]]]}, "properties": {"fillColor": "#FFFF00", "fillOpacity": 0.7, "color": "#000000", "weight": 0.2, "stroke": false}}, {"type": "Feature", "geometry": {"type": "Polygon", "coordinates": [[[126.97963414300382, 9.01663538045282], [126.99934994156324, 9.040450856747162], [127.01055976162232, 9.050993649780317], [127.02028009362468, 9.069001547357146], [127.02945120920295, 9.097552237967129], [127.01055976162232, 9.109516536242515], [126.9994722371438, 9.097552237967129], [126.97963414300382, 9.075108577512694], [126.97585929546935, 9.069001547357146], [126.96501974549625, 9.040450856747162], [126.97963414300382, 9.01663538045282]]]}, "properties": {"fillColor": "#FFFF00", "fillOpacity": 0.7, "color": "#000000", "weight": 0.2, "stroke": false}}, {"type": "Feature", "geometry": {"type": "Polygon", "coordinates": [[[134.92751812795603, 9.064938928148067], [134.95844374657455, 9.061333997607848], [134.9705124544593, 9.069001547357146], [134.97858477262636, 9.097552237967129], [134.95844374657455, 9.118595715226354], [134.92751812795603, 9.1186650327153], [134.9043081474308, 9.097552237967129], [134.92048403546144, 9.069001547357146], [134.92751812795603, 9.064938928148067]]]}, "properties": {"fillColor": "#FFFF00", "fillOpacity": 0.7, "color": "#000000", "weight": 0.2, "stroke": false}}, {"type": "Feature", "geometry": {"type": "Polygon", "coordinates": [[[133.22660910393904, 9.517637802561982], [133.25753472255752, 9.508340703427518], [133.2840791913154, 9.525812597116882], [133.2870472490996, 9.554363287726868], [133.26218751694955, 9.582913978336851], [133.25753472255752, 9.585974551018442], [133.2423692055998, 9.582913978336851], [133.22660910393904, 9.57809362872738], [133.21167152599764, 9.554363287726868], [133.218224709617, 9.525812597116884], [133.22660910393904, 9.517637802561982]]]}, "properties": {"fillColor": "#FFFF00", "fillOpacity": 0.7, "color": "#000000", "weight": 0.2, "stroke": false}}, {"type": "Feature", "geometry": {"type": "Polygon", "coordinates": [[[131.6184769357775, 9.857701299329417], [131.64940255439598, 9.848509256679447], [131.6803281730145, 9.849452481750067], [131.71125379163297, 9.856661478984822], [131.73631434987936, 9.868420884436688], [131.74217941025145, 9.87055925783311], [131.77310502886996, 9.885617978441193], [131.78959823216198, 9.89697157504667], [131.80403064748845, 9.906765807090657], [131.82912569807087, 9.925522265656655], [131.83495626610693, 9.930356861599147], [131.8658818847254, 9.947653643394588], [131.8813761469262, 9.95407295626664], [131.89680750334392, 9.960324691987921], [131.9277331219624, 9.96335028062053], [131.9586587405809, 9.968494475944631], [131.9895843591994, 9.973394011783093], [132.02050997781788, 9.979154936593982], [132.0291171269676, 9.982623646876622], [132.05143559643636, 9.990437768421977], [132.08127913083348, 10.011174337486606], [132.08236121505487, 10.012598677098083], [132.10037206195847, 10.03972502809659], [132.10644886413252, 10.068275718706573], [132.11328683367336, 10.090634833377017], [132.1173841269708, 10.096826409316556], [132.14421245229184, 10.112157500323061], [132.1661844213779, 10.12537709992654], [132.17513807091035, 10.128699266936824], [132.20606368952883, 10.133127789282609], [132.22421313651756, 10.12537709992654], [132.23698930814732, 10.115387166495653], [132.26306697039786, 10.096826409316556], [132.2679149267658, 10.093819041870862], [132.2988405453843, 10.083004780626721], [132.3297661640028, 10.08180321188364], [132.3606917826213, 10.087225828389265], [132.38346088779258, 10.096826409316556], [132.39161740123978, 10.099578481943983], [132.42254301985827, 10.120655921375475], [132.4278101715587, 10.125377099926542], [132.45221393810837, 10.153927790536525], [132.45346863847675, 10.156641419581701], [132.467082592184, 10.182478481146507], [132.46736767237053, 10.211029171756492], [132.4603524842942, 10.239579862366476], [132.45346863847675, 10.25266856378184], [132.448289675287, 10.268130552976459], [132.4275393947828, 10.296681243586443], [132.42254301985827, 10.301413124898637], [132.39161740123978, 10.322419195534035], [132.383647138733, 10.325231934196427], [132.36069178262127, 10.335523086170895], [132.3297661640028, 10.342908662542692], [132.2988405453843, 10.348027487144153], [132.2679149267658, 10.352055990136371], [132.25345634994517, 10.35378262480641], [132.23698930814732, 10.35928674577837], [132.20606368952883, 10.369039555503363], [132.17513807091035, 10.376425391284778], [132.14813259076973, 10.382333315416393], [132.14421245229184, 10.38375376726337], [132.11328683367336, 10.393070228994265], [132.08236121505487, 10.396630537262403], [132.05143559643636, 10.39429990558521], [132.02050997781788, 10.383563865142104], [132.0184869998813, 10.382333315416393], [131.9895843591994, 10.35915776602414], [131.9850949990293, 10.35378262480641], [131.974037101398, 10.325231934196427], [131.97208932428947, 10.296681243586441], [131.97010167085526, 10.268130552976459], [131.96254278293588, 10.239579862366476], [131.9586587405809, 10.233288384201385], [131.93961657355723, 10.211029171756492], [131.9277331219624, 10.200689205437943], [131.90310800125033, 10.182478481146507], [131.89680750334392, 10.177558737906482], [131.8658818847254, 10.160794919152135], [131.84768084580983, 10.153927790536525], [131.83495626610693, 10.148988861433567], [131.80403064748845, 10.13600239541408], [131.78872810422223, 10.12537709992654], [131.77310502886996, 10.10960147764142], [131.76389527795004, 10.096826409316556], [131.74562761934845, 10.068275718706573], [131.74217941025145, 10.064862378646518], [131.72004418978304, 10.03972502809659], [131.71125379163297, 10.034337797977503], [131.6803281730145, 10.012366556607283], [131.67874285194793, 10.011174337486606], [131.64940255439598, 9.995670976640898], [131.63320365787695, 9.982623646876622], [131.6184769357775, 9.969019550358443], [131.60516051215592, 9.95407295626664], [131.59245964748143, 9.925522265656653], [131.5908933430519, 9.89697157504667], [131.60477708018942, 9.868420884436688], [131.6184769357775, 9.857701299329417]]]}, "properties": {"fillColor": "#FFFF00", "fillOpacity": 0.7, "color": "#000000", "weight": 0.2, "stroke": false}}, {"type": "Feature", "geometry": {"type": "Polygon", "coordinates": [[[131.62649203006367, 9.868420884436688], [131.6184769357775, 9.873613710869904], [131.60201893753458, 9.89697157504667], [131.60287095678672, 9.925522265656655], [131.6184769357775, 9.95177084548962], [131.6197622534195, 9.95407295626664], [131.64940255439598, 9.981445811126072], [131.6513891275674, 9.982623646876622], [131.6803281730145, 10.001697446772013], [131.70067466091987, 10.011174337486606], [131.71125379163297, 10.018801455367074], [131.74217941025145, 10.038067792227658], [131.7453759829247, 10.03972502809659], [131.77310502886996, 10.066911545647], [131.77516233528468, 10.068275718706573], [131.80130826271318, 10.096826409316556], [131.80403064748845, 10.099521066610297], [131.83495626610693, 10.118175880361388], [131.85126762128755, 10.12537709992654], [131.8658818847254, 10.130813801355835], [131.89680750334392, 10.151186452258925], [131.89917647316187, 10.153927790536525], [131.9277331219624, 10.17690334186727], [131.93380866331515, 10.182478481146507], [131.9586587405809, 10.204308730945678], [131.96527917876716, 10.211029171756493], [131.98290045207986, 10.239579862366476], [131.9895843591994, 10.26242750582274], [131.99092635171502, 10.268130552976459], [131.99460560656564, 10.296681243586441], [132.00195652831044, 10.325231934196427], [132.02050997781788, 10.350238899732412], [132.02531703778828, 10.353782624806412], [132.05143559643636, 10.367268938902079], [132.08236121505487, 10.37189620423952], [132.11328683367336, 10.369628089637574], [132.14421245229184, 10.362608605296991], [132.17513807091035, 10.354768446228979], [132.17895271250785, 10.35378262480641], [132.20606368952883, 10.350299966475376], [132.23698930814732, 10.346540428217033], [132.2679149267658, 10.343419973407721], [132.2988405453843, 10.338791435160315], [132.3297661640028, 10.33215185889324], [132.35207845890244, 10.325231934196427], [132.36069178262127, 10.323390591219436], [132.39161740123978, 10.311641679331508], [132.41152432184478, 10.296681243586441], [132.42254301985827, 10.284330040344269], [132.43546590505773, 10.268130552976459], [132.44629604473914, 10.239579862366476], [132.4503241465865, 10.211029171756492], [132.4491411210199, 10.182478481146507], [132.43450209946852, 10.153927790536525], [132.42254301985827, 10.141068544534217], [132.40442075863803, 10.12537709992654], [132.39161740123978, 10.115885111207149], [132.36069178262127, 10.103642072335054], [132.3297661640028, 10.098947082050294], [132.2988405453843, 10.101340602667449], [132.2679149267658, 10.115887602966778], [132.2559341336036, 10.12537709992654], [132.23698930814732, 10.137790062244878], [132.20606368952883, 10.151797640199199], [132.17513807091035, 10.14211096049867], [132.14421245229184, 10.129334135986234], [132.13278709765484, 10.12537709992654], [132.11328683367336, 10.113140820814714], [132.0995063410162, 10.096826409316556], [132.08886117481458, 10.068275718706573], [132.08236121505487, 10.049464784004417], [132.07919983469785, 10.03972502809659], [132.05579434854783, 10.011174337486606], [132.05143559643636, 10.008145689371666], [132.02050997781788, 9.99440793998848], [131.9895843591994, 9.989957255047894], [131.9586587405809, 9.98841440558519], [131.9277331219624, 9.985910305177757], [131.89922459580634, 9.982623646876622], [131.89680750334392, 9.982368078837668], [131.8658818847254, 9.972199950250843], [131.8442905305247, 9.95407295626664], [131.83495626610693, 9.948471729447931], [131.80727899759933, 9.925522265656655], [131.80403064748845, 9.923094394708064], [131.77310502886996, 9.900219523253565], [131.76782478543893, 9.89697157504667], [131.74217941025145, 9.881008690047455], [131.71125379163297, 9.869380537746444], [131.70728379973013, 9.868420884436688], [131.6803281730145, 9.85969007403294], [131.64940255439598, 9.858772718919303], [131.62649203006367, 9.868420884436688]]]}, "properties": {"fillColor": "#FFFF00", "fillOpacity": 0.7, "color": "#000000", "weight": 0.2, "stroke": false}}, {"type": "Feature", "geometry": {"type": "Polygon", "coordinates": [[[122.24801449437467, 9.89232644389157], [122.27894011299317, 9.868952053331698], [122.30986573161167, 9.87005238661553], [122.34079135023015, 9.894687622303895], [122.34259311364539, 9.89697157504667], [122.3575296433099, 9.925522265656655], [122.36179522306071, 9.95407295626664], [122.35959257681625, 9.982623646876622], [122.34091953953482, 10.011174337486606], [122.34079135023016, 10.011297039163235], [122.30986573161167, 10.02090143549889], [122.28281471319967, 10.011174337486606], [122.27894011299317, 10.010085571950958], [122.24908931032552, 9.982623646876622], [122.24801449437467, 9.980520087072929], [122.23463155065174, 9.95407295626664], [122.23408249045445, 9.925522265656655], [122.24464554095067, 9.89697157504667], [122.24801449437467, 9.89232644389157]]]}, "properties": {"fillColor": "#FFFF00", "fillOpacity": 0.7, "color": "#000000", "weight": 0.2, "stroke": false}}, {"type": "Feature", "geometry": {"type": "Polygon", "coordinates": [[[122.26621767533837, 9.89697157504667], [122.25226005341102, 9.925522265656653], [122.2525785709109, 9.95407295626664], [122.26819619317433, 9.982623646876622], [122.27894011299318, 9.99250776035774], [122.30986573161167, 10.002363780884316], [122.34079135023015, 9.984696941552869], [122.34215157103985, 9.982623646876622], [122.34654510726952, 9.95407295626664], [122.34079135023015, 9.928850963419414], [122.33998923949366, 9.925522265656655], [122.32299034311315, 9.89697157504667], [122.30986573161167, 9.88601124766219], [122.27894011299315, 9.886444556453348], [122.26621767533837, 9.89697157504667]]]}, "properties": {"fillColor": "#FFFF00", "fillOpacity": 0.7, "color": "#000000", "weight": 0.2, "stroke": false}}, {"type": "Feature", "geometry": {"type": "Polygon", "coordinates": [[[120.7945104193056, 10.095262204444477], [120.82543603792408, 10.0882193610381], [120.85636165654257, 10.084317705437464], [120.88728727516107, 10.08312073938216], [120.91821289377955, 10.084818668186191], [120.94913851239806, 10.08853265403551], [120.98006413101653, 10.093768572060918], [120.988922339694, 10.096826409316556], [121.01098974963503, 10.104086813158325], [121.0342195132763, 10.12537709992654], [121.04191536825354, 10.141012191750125], [121.0484663317605, 10.153927790536525], [121.04426726567446, 10.182478481146507], [121.04191536825354, 10.185410328274582], [121.01098974963503, 10.206664904514], [120.98006413101653, 10.207096916218642], [120.94913851239804, 10.198058641181795], [120.91821289377955, 10.187767692786586], [120.88728727516107, 10.18804653724247], [120.85636165654259, 10.195754892784246], [120.82543603792408, 10.202024849931723], [120.7945104193056, 10.204395526945344], [120.7635848006871, 10.20161476512069], [120.7326591820686, 10.18610643116932], [120.72844256693098, 10.182478481146507], [120.71213385228248, 10.153927790536525], [120.72187248566453, 10.125377099926538], [120.7326591820686, 10.117068638982667], [120.7635848006871, 10.10293956780625], [120.78982864240386, 10.096826409316556], [120.7945104193056, 10.095262204444477]]]}, "properties": {"fillColor": "#FFFF00", "fillOpacity": 0.7, "color": "#000000", "weight": 0.2, "stroke": false}}, {"type": "Feature", "geometry": {"type": "Polygon", "coordinates": [[[120.74794749813165, 10.12537709992654], [120.7326591820686, 10.152834818100615], [120.73216530643802, 10.153927790536525], [120.7326591820686, 10.154731242372252], [120.7566997160549, 10.182478481146507], [120.7635848006871, 10.186230096906359], [120.7945104193056, 10.191824131469678], [120.82543603792408, 10.189417063786465], [120.85023478594266, 10.182478481146507], [120.85636165654257, 10.18084824183777], [120.88728727516107, 10.174012622797898], [120.91821289377955, 10.174438157283857], [120.94913851239805, 10.181724211471563], [120.95181697315071, 10.182478481146507], [120.98006413101652, 10.191761399732414], [121.01098974963503, 10.188190105743326], [121.0188245025713, 10.182478481146507], [121.02850029876087, 10.153927790536525], [121.0120231437901, 10.12537709992654], [121.01098974963503, 10.124429984912979], [120.98006413101655, 10.109910723325394], [120.94913851239806, 10.104791920965527], [120.91821289377955, 10.10257971428598], [120.88728727516107, 10.102068965807376], [120.85636165654256, 10.101780656132968], [120.82543603792406, 10.103005703177802], [120.7945104193056, 10.107110466046286], [120.76358480068708, 10.11667523546761], [120.74794749813165, 10.12537709992654]]]}, "properties": {"fillColor": "#FFFF00", "fillOpacity": 0.7, "color": "#000000", "weight": 0.2, "stroke": false}}, {"type": "Feature", "geometry": {"type": "Polygon", "coordinates": [[[134.68011317900812, 10.321141320710245], [134.7110387976266, 10.324336409009199], [134.7132245769794, 10.325231934196427], [134.7419644162451, 10.341459383147278], [134.7523258337409, 10.35378262480641], [134.75429256873383, 10.382333315416393], [134.7419644162451, 10.4019600748939], [134.73722497681794, 10.410884006026377], [134.7110387976266, 10.434680954787185], [134.70515142177206, 10.439434696636361], [134.68011317900812, 10.45653604129259], [134.65129688201984, 10.467985387246344], [134.64918756038966, 10.469050616499263], [134.61826194177115, 10.477195472795254], [134.58733632315267, 10.47226982515879], [134.58026807494252, 10.467985387246344], [134.55641070453416, 10.44439838495307], [134.5531178451795, 10.43943469663636], [134.54981614988407, 10.410884006026377], [134.55641070453416, 10.395854128496818], [134.56033970348537, 10.382333315416393], [134.5855667467846, 10.35378262480641], [134.58733632315264, 10.352274566364164], [134.61826194177115, 10.333181618626545], [134.64918756038963, 10.32603641755248], [134.65759025627858, 10.325231934196427], [134.68011317900812, 10.321141320710245]]]}, "properties": {"fillColor": "#FFFF00", "fillOpacity": 0.7, "color": "#000000", "weight": 0.2, "stroke": false}}, {"type": "Feature", "geometry": {"type": "Polygon", "coordinates": [[[134.6041686265511, 10.35378262480641], [134.58733632315264, 10.365454249376967], [134.57188108263426, 10.382333315416393], [134.5624009479393, 10.410884006026377], [134.56760621866658, 10.439434696636361], [134.58733632315264, 10.458200091438382], [134.61826194177115, 10.464561686342522], [134.64918756038963, 10.458691618615623], [134.68011317900812, 10.442267753413585], [134.68426108461307, 10.439434696636361], [134.7110387976266, 10.417813122250328], [134.71866360200391, 10.410884006026377], [134.73514270584946, 10.382333315416393], [134.72903018910827, 10.35378262480641], [134.7110387976266, 10.340671415581475], [134.68011317900812, 10.333967675197183], [134.64918756038963, 10.33590082170992], [134.61826194177115, 10.344785848815434], [134.6041686265511, 10.35378262480641]]]}, "properties": {"fillColor": "#FFFF00", "fillOpacity": 0.7, "color": "#000000", "weight": 0.2, "stroke": false}}, {"type": "Feature", "geometry": {"type": "Polygon", "coordinates": [[[140.46320386066597, 10.431550107257795], [140.49412947928448, 10.425625025240269], [140.52505509790296, 10.421864353103544], [140.55598071652145, 10.418855635471992], [140.58690633513993, 10.414186218376486], [140.6178319537584, 10.42037997561599], [140.64875757237692, 10.435768590659707], [140.655401016636, 10.439434696636361], [140.64875757237692, 10.445583304452482], [140.62909318119225, 10.467985387246344], [140.6178319537584, 10.47942333583628], [140.6022886715951, 10.496536077856328], [140.58690633513993, 10.51783391007348], [140.58190518856827, 10.525086768466313], [140.55598071652145, 10.543549551248791], [140.53738832913754, 10.553637459076295], [140.52505509790296, 10.558368293154647], [140.49412947928445, 10.567992401183997], [140.46320386066597, 10.574927509928994], [140.43227824204746, 10.581112757588635], [140.42753548813644, 10.582188149686278], [140.40135262342898, 10.590761811970848], [140.3704270048105, 10.595326159012743], [140.339501386192, 10.591863462245435], [140.31769780462298, 10.582188149686278], [140.3085757675735, 10.57422679038551], [140.2940775254359, 10.553637459076295], [140.29526927031884, 10.525086768466313], [140.3085757675735, 10.502723637090742], [140.31200474704187, 10.496536077856328], [140.339501386192, 10.472689474389044], [140.34659789578396, 10.467985387246344], [140.3704270048105, 10.454885988430728], [140.40135262342898, 10.44485981316837], [140.43227824204746, 10.439543985763448], [140.4330871062806, 10.439434696636361], [140.46320386066597, 10.431550107257795]]]}, "properties": {"fillColor": "#FFFF00", "fillOpacity": 0.7, "color": "#000000", "weight": 0.2, "stroke": false}}, {"type": "Feature", "geometry": {"type": "Polygon", "coordinates": [[[140.49186089690602, 10.439434696636361], [140.46320386066597, 10.44405016741919], [140.43227824204746, 10.448096485595055], [140.40135262342898, 10.455607924496487], [140.37511264692785, 10.467985387246344], [140.3704270048105, 10.470769494934949], [140.339501386192, 10.492574235007336], [140.3349331312899, 10.496536077856328], [140.31745440422333, 10.525086768466313], [140.31978985352703, 10.553637459076295], [140.339501386192, 10.571328372291273], [140.3704270048105, 10.580226460205003], [140.40135262342898, 10.577129466518155], [140.43227824204746, 10.569301269973494], [140.46320386066597, 10.560366948269271], [140.4848695424473, 10.553637459076295], [140.49412947928445, 10.54998918452847], [140.52505509790296, 10.53481883816565], [140.54011886883112, 10.525086768466313], [140.55598071652145, 10.505564672843759], [140.5630221348211, 10.496536077856328], [140.58610098256725, 10.467985387246344], [140.58690633513993, 10.463432478449882], [140.59507921523635, 10.439434696636361], [140.58690633513993, 10.436490256910218], [140.55598071652145, 10.433273175403517], [140.52505509790296, 10.433615525090437], [140.49412947928445, 10.438884456248026], [140.49186089690602, 10.439434696636361]]]}, "properties": {"fillColor": "#FFFF00", "fillOpacity": 0.7, "color": "#000000", "weight": 0.2, "stroke": false}}, {"type": "Feature", "geometry": {"type": "Polygon", "coordinates": [[[139.81376586967764, 10.776970343021356], [139.83795645896026, 10.782042983956163], [139.84469148829615, 10.783192450077081], [139.87561710691463, 10.80847223078644], [139.87730097615102, 10.81059367456615], [139.8927617609598, 10.839144365176132], [139.89560302055142, 10.867695055786115], [139.88247128169886, 10.896245746396099], [139.87561710691463, 10.913330799302159], [139.86979646007748, 10.924796437006083], [139.87561710691463, 10.938627998628196], [139.8855740861876, 10.953347127616066], [139.90654272553311, 10.97143913561999], [139.91460285486434, 10.981897818226049], [139.93722984650688, 11.010448508836035], [139.93746834415163, 11.010664505988279], [139.9660046617221, 11.038999199446017], [139.9683939627701, 11.042220369610815], [139.98600653494918, 11.067549890056], [139.9913036272869, 11.096100580665984], [139.9840642097448, 11.124651271275969], [139.9683939627701, 11.144996557545275], [139.96053756671907, 11.153201961885951], [139.93746834415163, 11.16820601542498], [139.90654272553311, 11.17637944473464], [139.87561710691463, 11.177609327281605], [139.84469148829615, 11.174598423410735], [139.81376586967764, 11.168295304110327], [139.78284025105916, 11.159505983327106], [139.76476790972438, 11.153201961885951], [139.75191463244067, 11.149517735038485], [139.7209890138222, 11.135953730863864], [139.70626363349135, 11.124651271275969], [139.6900633952037, 11.107355910782015], [139.68137400389807, 11.096100580665984], [139.6670505858755, 11.067549890056], [139.6591377765852, 11.051464194870306], [139.64817416781642, 11.038999199446017], [139.62821215796671, 11.02561383574734], [139.59810558135177, 11.010448508836035], [139.5972865393482, 11.009814749374238], [139.57285822162234, 10.98189781822605], [139.58957528199974, 10.953347127616066], [139.5972865393482, 10.94733644008095], [139.62821215796671, 10.927599950072919], [139.6325401717875, 10.924796437006083], [139.6591377765852, 10.903074351126804], [139.66388289718608, 10.896245746396099], [139.6797055806413, 10.867695055786115], [139.6900633952037, 10.854068497328589], [139.69846460443637, 10.839144365176132], [139.7209890138222, 10.81695276081432], [139.728630432586, 10.81059367456615], [139.75191463244067, 10.79471386216207], [139.78284025105916, 10.78357303389959], [139.79340040008577, 10.782042983956163], [139.81376586967764, 10.776970343021356]]]}, "properties": {"fillColor": "#FFFF00", "fillOpacity": 0.7, "color": "#000000", "weight": 0.2, "stroke": false}}, {"type": "Feature", "geometry": {"type": "Polygon", "coordinates": [[[139.74805326361917, 10.81059367456615], [139.7209890138222, 10.83311618040188], [139.7148704250309, 10.839144365176132], [139.69749014983174, 10.867695055786115], [139.69006339520368, 10.892820508508947], [139.68829169302256, 10.896245746396099], [139.6735008118917, 10.924796437006083], [139.6591377765852, 10.937290656886589], [139.63235459697063, 10.953347127616068], [139.62821215796671, 10.956573754427557], [139.60569549787292, 10.98189781822605], [139.62821215796671, 10.999857600476485], [139.64413101511502, 11.010448508836035], [139.6591377765852, 11.019744847396229], [139.67437450528791, 11.038999199446017], [139.68654177955963, 11.067549890056], [139.69006339520368, 11.074026793453614], [139.70154800769348, 11.096100580665984], [139.7209890138222, 11.115865789079361], [139.73418125991827, 11.124651271275969], [139.75191463244067, 11.13419459842892], [139.78284025105916, 11.144970937562876], [139.81306117561184, 11.153201961885951], [139.81376586967764, 11.153431387536013], [139.84469148829615, 11.16201618875929], [139.87561710691463, 11.165467144583513], [139.90654272553311, 11.162428790185624], [139.92962511175745, 11.153201961885951], [139.93746834415163, 11.14916540227526], [139.96214878416873, 11.124651271275969], [139.9683939627701, 11.103353743669526], [139.9708049425836, 11.096100580665984], [139.9683939627701, 11.087077103629953], [139.96392616586394, 11.067549890056], [139.9408016592749, 11.038999199446017], [139.93746834415163, 11.035689435949608], [139.9095980615799, 11.010448508836035], [139.90654272553311, 11.006792233100466], [139.87561710691463, 10.983879597816843], [139.87015793014854, 10.98189781822605], [139.84469148829612, 10.966496711553752], [139.81376586967764, 10.955327863440695], [139.80725761184303, 10.953347127616066], [139.81376586967764, 10.951843508968023], [139.83990373326466, 10.924796437006083], [139.84469148829615, 10.922085481607613], [139.8664127188568, 10.896245746396099], [139.87561710691463, 10.877532781150475], [139.88108127538177, 10.867695055786115], [139.877601450573, 10.839144365176132], [139.87561710691463, 10.835619493853835], [139.86040019120213, 10.81059367456615], [139.84469148829615, 10.797177455176396], [139.81376586967764, 10.789156585075839], [139.78284025105916, 10.793568187811768], [139.75191463244067, 10.807960223002796], [139.74805326361917, 10.81059367456615]]]}, "properties": {"fillColor": "#FFFF00", "fillOpacity": 0.7, "color": "#000000", "weight": 0.2, "stroke": false}}, {"type": "Feature", "geometry": {"type": "Polygon", "coordinates": [[[143.74131943422603, 10.922885286073987], [143.77224505284448, 10.916359110863663], [143.80317067146302, 10.920420459438096], [143.81400301160934, 10.924796437006083], [143.8340962900815, 10.928448376368255], [143.8650219087, 10.939272081861105], [143.89594752731847, 10.953158489374044], [143.89643813921128, 10.953347127616066], [143.92687314593698, 10.959646220111422], [143.95779876455546, 10.967199743864313], [143.98872438317397, 10.976894662585192], [144.0006029360027, 10.98189781822605], [144.01965000179246, 10.98745414328096], [144.05057562041094, 11.000915071216872], [144.06786850298508, 11.010448508836035], [144.08150123902942, 11.016761960123798], [144.1124268576479, 11.031021403107474], [144.12809323836643, 11.038999199446017], [144.14335247626641, 11.047629739131665], [144.1742780948849, 11.065771699004282], [144.17755164448417, 11.067549890056], [144.2052037135034, 11.08926962307822], [144.2152320166225, 11.096100580665984], [144.22827619530898, 11.124651271275969], [144.2052037135034, 11.146646433227563], [144.195208359547, 11.153201961885951], [144.1742780948849, 11.159992021797311], [144.14335247626641, 11.16854566213236], [144.11242685764793, 11.177949886186612], [144.1024292368196, 11.181752652495936], [144.08150123902942, 11.190548798099393], [144.05057562041094, 11.203143498786366], [144.02059679666164, 11.21030334310592], [144.01965000179243, 11.210574914900988], [143.988724383174, 11.212861152779544], [143.95779876455546, 11.215736169016921], [143.92687314593698, 11.211364241971102], [143.92479974740556, 11.21030334310592], [143.89594752731847, 11.200079170238578], [143.8650219087, 11.20439164794007], [143.85904362055763, 11.21030334310592], [143.8340962900815, 11.235395683294051], [143.8301318134611, 11.238854033715903], [143.80317067146302, 11.255799281753053], [143.7722450528445, 11.261796933858358], [143.74131943422603, 11.25391095639003], [143.71934569823398, 11.238854033715903], [143.71039381560755, 11.233708022845624], [143.6801555680954, 11.21030334310592], [143.67946819698903, 11.209600560552891], [143.6510547447906, 11.181752652495936], [143.64854257837055, 11.178141282476473], [143.6329893784835, 11.153201961885951], [143.62370907954283, 11.124651271275969], [143.61944155527374, 11.096100580665986], [143.61928474749638, 11.067549890056], [143.62398504993507, 11.038999199446017], [143.635867513658, 11.010448508836035], [143.64854257837055, 10.99410821727718], [143.65740670606456, 10.98189781822605], [143.67946819698903, 10.960284395595608], [143.68903296492667, 10.953347127616066], [143.71039381560755, 10.93614432335793], [143.73787336378703, 10.924796437006082], [143.74131943422603, 10.922885286073987]]]}, "properties": {"fillColor": "#FFFF00", "fillOpacity": 0.7, "color": "#000000", "weight": 0.2, "stroke": false}}, {"type": "Feature", "geometry": {"type": "Polygon", "coordinates": [[[143.71042653338029, 10.953347127616064], [143.71039381560755, 10.953360123059287], [143.67946819698903, 10.975802928767303], [143.6732469542558, 10.98189781822605], [143.65042918864447, 11.010448508836035], [143.64854257837055, 11.016503126278355], [143.6366887844676, 11.038999199446017], [143.63079472363316, 11.067549890056], [143.63093977350627, 11.096100580665986], [143.6364413549303, 11.124651271275969], [143.64854257837055, 11.15154932074588], [143.64923661590078, 11.153201961885951], [143.66947911334847, 11.181752652495936], [143.67946819698903, 11.191542912435246], [143.69781722675623, 11.21030334310592], [143.71039381560755, 11.220037737738563], [143.741319434226, 11.238183028591626], [143.74404419586523, 11.238854033715903], [143.7722450528445, 11.24895350337448], [143.80060518998974, 11.238854033715903], [143.80317067146305, 11.23776389551979], [143.83394170111325, 11.21030334310592], [143.8340962900815, 11.21011048655604], [143.86304145005087, 11.181752652495936], [143.8650219087, 11.180446464801038], [143.89594752731847, 11.177944522191439], [143.91034681954602, 11.181752652495936], [143.92687314593698, 11.188074866863627], [143.95779876455546, 11.191416045136775], [143.98872438317397, 11.190689449708321], [144.01965000179246, 11.188130751623717], [144.03953875381507, 11.181752652495934], [144.05057562041094, 11.178293137223429], [144.08150123902942, 11.165107683585584], [144.1095586116772, 11.153201961885951], [144.1124268576479, 11.15189835336811], [144.14335247626641, 11.139819924740367], [144.16953034087538, 11.124651271275969], [144.16896514482212, 11.096100580665984], [144.14335247626641, 11.071200402607424], [144.14031720104416, 11.067549890056], [144.11242685764793, 11.049701477590702], [144.0958954066568, 11.038999199446017], [144.08150123902942, 11.031335539018535], [144.05057562041094, 11.015847312846518], [144.03948494737458, 11.010448508836035], [144.01965000179246, 11.000188812744598], [143.98872438317397, 10.9891462249917], [143.9595594301095, 10.98189781822605], [143.95779876455546, 10.981279134635747], [143.92687314593698, 10.970872598256387], [143.89594752731847, 10.962015498592496], [143.8650219087, 10.953930463700036], [143.86316040922387, 10.953347127616066], [143.8340962900815, 10.938859036524839], [143.80317067146302, 10.931903011887155], [143.7722450528445, 10.930537685197255], [143.74131943422603, 10.93536927338514], [143.71042653338029, 10.953347127616064]]]}, "properties": {"fillColor": "#FFFF00", "fillOpacity": 0.7, "color": "#000000", "weight": 0.2, "stroke": false}}, {"type": "Feature", "geometry": {"type": "Polygon", "coordinates": [[[135.51510488170737, 11.665238480261081], [135.54603050032588, 11.657239493829536], [135.57695611894437, 11.65189838339289], [135.60788173756285, 11.661500793463505], [135.61407409851182, 11.667114392865658], [135.62280072209467, 11.695665083475642], [135.60788173756285, 11.719168527376116], [135.59906051913077, 11.724215774085625], [135.57695611894437, 11.730762548261065], [135.54603050032588, 11.725401951296307], [135.54376779900724, 11.724215774085625], [135.51510488170737, 11.70121401712416], [135.5090741871701, 11.695665083475642], [135.51068722758052, 11.667114392865658], [135.51510488170737, 11.665238480261081]]]}, "properties": {"fillColor": "#FFFF00", "fillOpacity": 0.7, "color": "#000000", "weight": 0.2, "stroke": false}}, {"type": "Feature", "geometry": {"type": "Polygon", "coordinates": [[[135.5690283121311, 11.695665083475642], [135.57695611894437, 11.697702429309132], [135.5800836891193, 11.695665083475642], [135.57695611894437, 11.69189508816698], [135.5690283121311, 11.695665083475642]]]}, "properties": {"fillColor": "#FFFF00", "fillOpacity": 0.7, "color": "#000000", "weight": 0.2, "stroke": false}}, {"type": "Feature", "geometry": {"type": "Polygon", "coordinates": [[[135.8552866865108, 11.66542507528516], [135.8593809732337, 11.667114392865658], [135.88621230512928, 11.686290195100357], [135.8970640340337, 11.695665083475642], [135.91713792374776, 11.705687032224446], [135.94806354236624, 11.722860261555839], [135.94979694837457, 11.724215774085625], [135.97898916098475, 11.74256292821003], [135.99929912627076, 11.752766464695608], [136.00991477960324, 11.756617277429816], [136.04084039822175, 11.770403107200444], [136.05747448868485, 11.781317155305594], [136.07176601684023, 11.789143744907317], [136.1026916354587, 11.802527150032205], [136.1336172540772, 11.806215873837239], [136.1645428726957, 11.804585983940434], [136.1954684913142, 11.804904126062466], [136.2223010971952, 11.809867845915576], [136.22639410993267, 11.810378608141727], [136.25731972855118, 11.819512969954612], [136.28199595928027, 11.838418536525559], [136.28824534716966, 11.850115639424317], [136.2975605733041, 11.866969227135545], [136.29605087274481, 11.895519917745528], [136.28824534716966, 11.906231070164681], [136.27168972885642, 11.92407060835551], [136.25731972855118, 11.933411138790081], [136.22639410993267, 11.943743986767117], [136.1954684913142, 11.948721950451858], [136.17524270606123, 11.952621298965495], [136.1645428726957, 11.9553776142459], [136.1336172540772, 11.95954493278444], [136.1026916354587, 11.968908545133704], [136.07552743507432, 11.98117198957548], [136.07176601684023, 11.983392842597603], [136.04084039822175, 12.00204974998823], [136.027991368051, 12.009722680185462], [136.00991477960324, 12.02072873006487], [135.97898916098475, 12.033745524775092], [135.9594418414246, 12.038273370795444], [135.94806354236624, 12.042444099471828], [135.91713792374776, 12.048401689187173], [135.88621230512928, 12.048838624133925], [135.8552866865108, 12.046333584346062], [135.82436106789228, 12.04106336975061], [135.81569318376356, 12.038273370795444], [135.7934354492738, 12.03068411428881], [135.76683518547773, 12.009722680185462], [135.76250983065532, 12.004420827774837], [135.74975897073304, 11.98117198957548], [135.74233770666385, 11.952621298965495], [135.73625973637292, 11.92407060835551], [135.73824005157942, 11.895519917745528], [135.7519653159498, 11.866969227135542], [135.76250983065532, 11.849794112219824], [135.7675519628015, 11.838418536525559], [135.77957305575978, 11.809867845915576], [135.7934354492738, 11.782793584367717], [135.79435246072492, 11.781317155305594], [135.80500520182352, 11.752766464695608], [135.81033636229168, 11.724215774085625], [135.81770079421665, 11.695665083475642], [135.82436106789228, 11.685651501432675], [135.85161860938751, 11.667114392865658], [135.8552866865108, 11.66542507528516]]]}, "properties": {"fillColor": "#FFFF00", "fillOpacity": 0.7, "color": "#000000", "weight": 0.2, "stroke": false}}, {"type": "Feature", "geometry": {"type": "Polygon", "coordinates": [[[135.84017682304952, 11.752766464695608], [135.82436106789228, 11.769304228433018], [135.81824505225734, 11.781317155305594], [135.79861185204823, 11.809867845915576], [135.7934354492738, 11.81854535228196], [135.78297410678377, 11.838418536525559], [135.76977008432792, 11.866969227135542], [135.76250983065532, 11.884803713592568], [135.75684804379358, 11.895519917745528], [135.7543099355274, 11.92407060835551], [135.7608681789972, 11.952621298965495], [135.76250983065532, 11.957320906576719], [135.77248462066348, 11.98117198957548], [135.7934354492738, 12.00416806187667], [135.80052054847587, 12.009722680185462], [135.82436106789228, 12.02293419401313], [135.8552866865108, 12.032209765780596], [135.88621230512928, 12.03561489367877], [135.91713792374776, 12.035032975861855], [135.94806354236624, 12.030971387870586], [135.97898916098475, 12.018733391259827], [135.9951054146327, 12.009722680185462], [136.00991477960326, 11.999712562280692], [136.03728585299572, 11.98117198957548], [136.04084039822175, 11.979238430899866], [136.07176601684023, 11.964343604540478], [136.09501395298005, 11.952621298965495], [136.1026916354587, 11.94929288325467], [136.1336172540772, 11.943262488657954], [136.1645428726957, 11.940904975600603], [136.1954684913142, 11.934067701834799], [136.22639410993267, 11.925588022644702], [136.2300515312441, 11.92407060835551], [136.25731972855118, 11.907398213367138], [136.26892275722906, 11.895519917745528], [136.27449682943154, 11.866969227135545], [136.25731972855118, 11.839101315684804], [136.25666693989743, 11.838418536525557], [136.22639410993267, 11.825045833010233], [136.1954684913142, 11.820238331681676], [136.1645428726957, 11.820505931303], [136.1336172540772, 11.822646142013607], [136.1026916354587, 11.821089581535183], [136.07176601684023, 11.810278970389712], [136.07102422849104, 11.809867845915578], [136.04084039822175, 11.791244048390663], [136.01816319891046, 11.781317155305594], [136.00991477960324, 11.777063062440334], [135.97898916098475, 11.764674266376357], [135.9537613404369, 11.752766464695608], [135.94806354236624, 11.749037053722278], [135.91713792374776, 11.735011937116543], [135.88621230512928, 11.730804569093122], [135.8552866865108, 11.73353148281775], [135.84017682304952, 11.752766464695608]]]}, "properties": {"fillColor": "#FFFF00", "fillOpacity": 0.7, "color": "#000000", "weight": 0.2, "stroke": false}}, {"type": "Feature", "geometry": {"type": "Polygon", "coordinates": [[[129.94849353037898, 12.260838072649385], [129.97941914899747, 12.249707496339866], [130.01034476761595, 12.25336843150954], [130.0315422922245, 12.266678895675314], [130.04127038623446, 12.275269264505901], [130.0565640108617, 12.295229586285298], [130.06183833303444, 12.323780276895281], [130.05525770110194, 12.352330967505265], [130.04127038623446, 12.370041268734997], [130.0245174497404, 12.38088165811525], [130.01034476761595, 12.388544266311854], [129.97941914899747, 12.389999388076998], [129.96029603875394, 12.38088165811525], [129.94849353037898, 12.375527123983442], [129.92788431539867, 12.352330967505264], [129.91957604547542, 12.323780276895281], [129.92208180813222, 12.295229586285298], [129.9417146276618, 12.266678895675314], [129.94849353037898, 12.260838072649385]]]}, "properties": {"fillColor": "#FFFF00", "fillOpacity": 0.7, "color": "#000000", "weight": 0.2, "stroke": false}}, {"type": "Feature", "geometry": {"type": "Polygon", "coordinates": [[[129.96651062797426, 12.266678895675314], [129.94849353037898, 12.275185488883967], [129.93231144259897, 12.295229586285298], [129.92857925415754, 12.323780276895281], [129.94124153327147, 12.352330967505267], [129.94849353037898, 12.36049326091848], [129.97941914899747, 12.377000916619968], [130.01034476761595, 12.375401858321666], [130.03980451142138, 12.352330967505267], [130.04127038623446, 12.348638701346248], [130.05017072531712, 12.323780276895281], [130.04250360372106, 12.295229586285298], [130.04127038623446, 12.29362006477184], [130.01076107622941, 12.266678895675314], [130.01034476761595, 12.266417484921748], [129.97941914899747, 12.261166999384635], [129.96651062797426, 12.266678895675314]]]}, "properties": {"fillColor": "#FFFF00", "fillOpacity": 0.7, "color": "#000000", "weight": 0.2, "stroke": false}}, {"type": "Feature", "geometry": {"type": "Polygon", "coordinates": [[[121.04191536825353, 12.855777374526998], [121.05001093001461, 12.866243398484972], [121.04191536825353, 12.869815751584634], [121.01988223386235, 12.866243398484972], [121.04191536825353, 12.855777374526998]]]}, "properties": {"fillColor": "#FFFF00", "fillOpacity": 0.7, "color": "#000000", "weight": 0.2, "stroke": false}}, {"type": "Feature", "geometry": {"type": "Polygon", "coordinates": [[[144.5453855183068, 13.203970497528543], [144.57631113692528, 13.194007171583891], [144.6072367555438, 13.18725257465529], [144.63816237416228, 13.183756821709139], [144.66908799278076, 13.184248027840999], [144.70001361139924, 13.19054573049574], [144.73093923001775, 13.206460881151303], [144.73405841807323, 13.208851685804778], [144.76186484863626, 13.237013148699775], [144.76220363869618, 13.237402376414758], [144.78000342988202, 13.265953067024743], [144.78453375137954, 13.294503757634725], [144.77545405427594, 13.323054448244708], [144.76186484863624, 13.347359759647752], [144.75993852243187, 13.351605138854694], [144.73397478938423, 13.380155829464677], [144.73093923001775, 13.382580494344777], [144.70001361139924, 13.402662042848702], [144.6845369842685, 13.408706520074661], [144.66908799278076, 13.415771426005831], [144.63816237416228, 13.424844642265125], [144.6072367555438, 13.431376066462537], [144.57724000480053, 13.437257210684644], [144.57631113692528, 13.437583089999709], [144.54538551830677, 13.448001581469828], [144.5144598996883, 13.455417732041642], [144.4835342810698, 13.461214038858923], [144.45347152180744, 13.465807901294628], [144.45260866245133, 13.466049017218129], [144.42168304383284, 13.47346815506215], [144.39075742521436, 13.479505368439906], [144.35983180659585, 13.484579017061295], [144.32890618797737, 13.48849062042329], [144.29798056935886, 13.491012139026457], [144.26705495074037, 13.491166485420111], [144.2361293321219, 13.485973291068884], [144.2052037135034, 13.468963963625697], [144.20174940031507, 13.46580790129463], [144.176077274876, 13.437257210684644], [144.1742780948849, 13.434672834356165], [144.15452323368385, 13.408706520074663], [144.14335247626641, 13.388831153930694], [144.1367389443592, 13.380155829464677], [144.12424769263208, 13.351605138854694], [144.12319404611645, 13.32305444824471], [144.13902168141468, 13.294503757634724], [144.14335247626641, 13.290958075869211], [144.1742780948849, 13.266805783313044], [144.17548538642072, 13.265953067024743], [144.2052037135034, 13.246695712934494], [144.23354265377193, 13.237402376414758], [144.2361293321219, 13.236430118897653], [144.26705495074037, 13.230766406155334], [144.29798056935886, 13.228453305552758], [144.32890618797737, 13.226741665177824], [144.35983180659585, 13.225458619417248], [144.39075742521436, 13.22813974855104], [144.42168304383284, 13.229152448723076], [144.45260866245133, 13.226219763791189], [144.4835342810698, 13.220136884562518], [144.5144598996883, 13.213007259124062], [144.53294184457206, 13.208851685804778], [144.5453855183068, 13.203970497528543]]]}, "properties": {"fillColor": "#FFFF00", "fillOpacity": 0.7, "color": "#000000", "weight": 0.2, "stroke": false}}, {"type": "Feature", "geometry": {"type": "Polygon", "coordinates": [[[144.58109819629277, 13.208851685804774], [144.57631113692528, 13.209567221291353], [144.5453855183068, 13.215868880816679], [144.5144598996883, 13.224325754229136], [144.4835342810698, 13.233637721672041], [144.46781205544602, 13.237402376414758], [144.45260866245133, 13.239159153418473], [144.42168304383284, 13.241164910582059], [144.39075742521436, 13.241038671935568], [144.35983180659588, 13.23935658090336], [144.32890618797737, 13.24162906507407], [144.29798056935886, 13.24456925091489], [144.26705495074037, 13.247706426718267], [144.2361293321219, 13.253935112083568], [144.209817062732, 13.265953067024741], [144.20520371350338, 13.268589859482145], [144.1742780948849, 13.290726930251033], [144.16961019777088, 13.294503757634725], [144.16031440456493, 13.32305444824471], [144.16718191880466, 13.351605138854694], [144.17427809488487, 13.372842920870776], [144.1762510044398, 13.380155829464677], [144.18970537684476, 13.408706520074661], [144.2052037135034, 13.429878966494766], [144.21143213256806, 13.437257210684642], [144.2361293321219, 13.456661517814684], [144.2614239793872, 13.465807901294628], [144.26705495074037, 13.467480122011207], [144.29798056935886, 13.470663345047297], [144.32890618797737, 13.47010862921503], [144.35983180659585, 13.466786740655355], [144.3652960453016, 13.465807901294628], [144.39075742521436, 13.462932547299655], [144.42168304383284, 13.459069166347344], [144.45260866245133, 13.454669896080796], [144.4835342810698, 13.449116154844358], [144.5144598996883, 13.441865881612507], [144.530268912447, 13.437257210684644], [144.5453855183068, 13.434778161366179], [144.5763111369253, 13.428415350120336], [144.6072367555438, 13.420148992813385], [144.63816237416228, 13.411183047033907], [144.645399725329, 13.408706520074661], [144.66908799278076, 13.40259046396423], [144.70001361139924, 13.387825286951713], [144.71131915722205, 13.380155829464677], [144.73093923001775, 13.3621620539233], [144.74093903282795, 13.351605138854694], [144.75533214195497, 13.323054448244712], [144.76186484863624, 13.305192913298152], [144.7664141626624, 13.294503757634725], [144.76186484863624, 13.279235000620059], [144.75769091128777, 13.265953067024743], [144.73907707985322, 13.237402376414758], [144.73093923001775, 13.229419457053512], [144.70001361139924, 13.209450058587112], [144.6979432861936, 13.208851685804778], [144.66908799278076, 13.199989395495749], [144.63816237416228, 13.198071758563405], [144.6072367555438, 13.201773227113836], [144.58109819629277, 13.208851685804774]]]}, "properties": {"fillColor": "#FFFF00", "fillOpacity": 0.7, "color": "#000000", "weight": 0.2, "stroke": false}}, {"type": "Feature", "geometry": {"type": "Polygon", "coordinates": [[[148.3801622269997, 13.45461444880645], [148.39701708978646, 13.465807901294628], [148.4110878456182, 13.476586740625873], [148.42921593510107, 13.494358591904613], [148.44201346423668, 13.507348086543736], [148.4628492889173, 13.522909282514595], [148.4729390828552, 13.535587429230926], [148.48494421789383, 13.55145997312458], [148.4729390828552, 13.570110653682033], [148.44201346423668, 13.568139985099428], [148.4110878456182, 13.56260165468504], [148.39712271052568, 13.55145997312458], [148.3801622269997, 13.534386691739275], [148.37628518769347, 13.522909282514597], [148.36833477135724, 13.494358591904614], [148.36179908320065, 13.465807901294628], [148.3801622269997, 13.45461444880645]]]}, "properties": {"fillColor": "#FFFF00", "fillOpacity": 0.7, "color": "#000000", "weight": 0.2, "stroke": false}}, {"type": "Feature", "geometry": {"type": "Polygon", "coordinates": [[[148.0399804221963, 13.596627032043003], [148.0709060408148, 13.587583158855553], [148.1018316594333, 13.58468778750907], [148.13275727805177, 13.583174472029388], [148.16368289667025, 13.583046218279808], [148.19460851528876, 13.584556693403508], [148.22553413390725, 13.586781581581151], [148.25645975252573, 13.587590479461701], [148.28738537114424, 13.587516395664295], [148.31831098976272, 13.587745019676698], [148.3492366083812, 13.58690240709444], [148.3801622269997, 13.583508682918021], [148.4110878456182, 13.590976605941217], [148.43657071627123, 13.608561354344547], [148.44201346423668, 13.609561819784807], [148.4729390828552, 13.609854755873096], [148.50386470147367, 13.610831512338265], [148.53479032009216, 13.614085187840002], [148.56571593871064, 13.619721206292038], [148.59664155732915, 13.626881523607384], [148.6275671759476, 13.636538079504895], [148.6288978805168, 13.63711204495453], [148.65849279456611, 13.646696210612994], [148.6881625410767, 13.665662735564513], [148.68941841318463, 13.666695078392978], [148.71332963454282, 13.694213426174498], [148.7203440318031, 13.714743921606297], [148.72362417924998, 13.72276411678448], [148.7246772429378, 13.751314807394465], [148.7203440318031, 13.762895249038952], [148.71525506040004, 13.779865498004447], [148.68941841318463, 13.805806042795162], [148.6861985844216, 13.808416188614432], [148.65849279456611, 13.828347363559923], [148.6411993482107, 13.836966879224416], [148.62756717594763, 13.845243238663492], [148.59664155732915, 13.858278982500506], [148.5677483956417, 13.865517569834399], [148.56571593871064, 13.86641040664834], [148.53479032009216, 13.877142543867208], [148.50386470147367, 13.885031638072094], [148.4729390828552, 13.890305158588458], [148.44201346423668, 13.891997929593838], [148.4110878456182, 13.892405419873015], [148.3801622269997, 13.892535773221793], [148.3492366083812, 13.893094713957527], [148.3347593562287, 13.894068260444383], [148.3183109897627, 13.896029008502735], [148.28738537114424, 13.900154599888408], [148.25645975252573, 13.90569262511194], [148.22553413390725, 13.917381966641344], [148.2142296886092, 13.922618951054366], [148.19460851528876, 13.933319608613086], [148.16368289667025, 13.940916550755052], [148.13275727805177, 13.94365355703373], [148.1018316594333, 13.942220716498735], [148.0709060408148, 13.932796358417946], [148.05668343876633, 13.922618951054364], [148.0399804221963, 13.910580373368134], [148.0245008183726, 13.894068260444383], [148.0090548035778, 13.882977419280177], [147.9794882096725, 13.865517569834399], [147.9781291849593, 13.865146725243777], [147.94720356634082, 13.86046700570538], [147.91627794772234, 13.857533147961105], [147.88535232910385, 13.85413268898824], [147.85442671048537, 13.850588192406235], [147.82350109186686, 13.844017854982036], [147.80392422264225, 13.836966879224416], [147.79257547324838, 13.832314436372053], [147.76164985462987, 13.81518674111113], [147.75145642836944, 13.808416188614432], [147.74710782607787, 13.779865498004447], [147.76164985462987, 13.765518270937525], [147.77543623110353, 13.751314807394465], [147.79257547324838, 13.741047236107992], [147.82350109186686, 13.725785739362456], [147.8291706593162, 13.72276411678448], [147.85442671048537, 13.707905310417237], [147.87706347904057, 13.694213426174498], [147.88535232910385, 13.688331695611545], [147.91627794772234, 13.668741324814818], [147.92192576090787, 13.665662735564513], [147.94720356634082, 13.64915621485288], [147.97265036677823, 13.63711204495453], [147.9781291849593, 13.633178554705555], [148.0090548035778, 13.613891214174588], [148.02137738585208, 13.608561354344547], [148.0399804221963, 13.596627032043003]]]}, "properties": {"fillColor": "#FFFF00", "fillOpacity": 0.7, "color": "#000000", "weight": 0.2, "stroke": false}}, {"type": "Feature", "geometry": {"type": "Polygon", "coordinates": [[[148.06162070335697, 13.608561354344548], [148.0399804221963, 13.61426365908592], [148.0090548035778, 13.629650885132397], [147.99779399018948, 13.63711204495453], [147.9781291849593, 13.645943195068451], [147.94720356634082, 13.664124795758706], [147.94484839144613, 13.665662735564513], [147.91627794772234, 13.681236313874368], [147.89777588507627, 13.694213426174496], [147.88535232910385, 13.70314010744396], [147.8563754851197, 13.72276411678448], [147.85442671048537, 13.724109912165066], [147.82350109186686, 13.740793425263606], [147.8052371725225, 13.751314807394465], [147.79257547324838, 13.764216598001116], [147.77701866183259, 13.779865498004447], [147.78554236556457, 13.808416188614432], [147.79257547324838, 13.812798674545572], [147.82350109186686, 13.828607216691639], [147.85442671048537, 13.836700075701362], [147.8561522101647, 13.836966879224414], [147.88535232910385, 13.841824643100146], [147.91627794772234, 13.847197191407322], [147.94720356634082, 13.85077129346994], [147.9781291849593, 13.855553743289132], [148.0090548035778, 13.863850601221602], [148.01291793173866, 13.865517569834399], [148.03998042219627, 13.885663500046029], [148.05293734198926, 13.894068260444385], [148.0709060408148, 13.908089939717113], [148.10183165943332, 13.918881645600353], [148.13275727805177, 13.920925305405376], [148.16368289667025, 13.918834791462416], [148.1946085152888, 13.911914245384475], [148.22553413390725, 13.895726221589182], [148.229705776572, 13.894068260444381], [148.25645975252573, 13.886384917260886], [148.28738537114424, 13.883512636487868], [148.31831098976272, 13.881569145590152], [148.3492366083812, 13.879553376070973], [148.3801622269997, 13.878820904869542], [148.4110878456182, 13.87830158016206], [148.44201346423668, 13.876909808640253], [148.4729390828552, 13.873341925355174], [148.50386470147367, 13.866502818927152], [148.50723967077687, 13.865517569834399], [148.53479032009216, 13.860793585137237], [148.56571593871064, 13.854218767328605], [148.59664155732915, 13.844067007033559], [148.61090338700336, 13.836966879224416], [148.62756717594763, 13.830797336485642], [148.65849279456611, 13.812024785252726], [148.66350900762967, 13.808416188614434], [148.68941841318463, 13.787412796333012], [148.6969354829269, 13.779865498004447], [148.70810388006964, 13.751314807394465], [148.70724918386583, 13.722764116784479], [148.69426975950785, 13.694213426174498], [148.68941841318463, 13.688630230179157], [148.66147785402114, 13.665662735564513], [148.65849279456611, 13.6637545222734], [148.62756717594766, 13.650325760739305], [148.59664155732915, 13.64322031115078], [148.56571593871064, 13.639073899629345], [148.53902699686662, 13.63711204495453], [148.53479032009216, 13.636486260782183], [148.50386470147367, 13.633209441033028], [148.4729390828552, 13.629087869836724], [148.44201346423668, 13.623794068322795], [148.4110878456182, 13.617186921565484], [148.3801622269997, 13.61297521536892], [148.3492366083812, 13.60878014266048], [148.34736320961338, 13.608561354344545], [148.31831098976272, 13.603155194716866], [148.28738537114424, 13.59965647884686], [148.25645975252573, 13.598220346671683], [148.22553413390725, 13.596928849909611], [148.19460851528876, 13.594321045502625], [148.16368289667025, 13.59302646517298], [148.13275727805177, 13.594214370733248], [148.1018316594333, 13.59816302394443], [148.0709060408148, 13.604920435508253], [148.06162070335697, 13.608561354344548]]]}, "properties": {"fillColor": "#FFFF00", "fillOpacity": 0.7, "color": "#000000", "weight": 0.2, "stroke": false}}, {"type": "Feature", "geometry": {"type": "Polygon", "coordinates": [[[147.390542431208, 14.742133214087875], [147.42146804982647, 14.739142935990342], [147.45155415407976, 14.750588978743892], [147.45239366844498, 14.751310776825791], [147.4729407590736, 14.779139669353876], [147.47524806348304, 14.80769035996386], [147.46270269434285, 14.836241050573843], [147.45239366844498, 14.848435519623443], [147.43752235379014, 14.864791741183828], [147.42146804982647, 14.87671450198141], [147.390542431208, 14.892599349002237], [147.38750598773262, 14.893342431793808], [147.35961681258948, 14.899478969468792], [147.328691193971, 14.895558700511529], [147.3248100027285, 14.89334243179381], [147.29886942839343, 14.864791741183828], [147.2977655753525, 14.856267860044836], [147.29558728007453, 14.836241050573843], [147.2977655753525, 14.830095828112421], [147.305462075271, 14.80769035996386], [147.3251714371664, 14.779139669353876], [147.328691193971, 14.775326095965017], [147.35961681258948, 14.753136112508802], [147.3668519263536, 14.750588978743892], [147.390542431208, 14.742133214087875]]]}, "properties": {"fillColor": "#FFFF00", "fillOpacity": 0.7, "color": "#000000", "weight": 0.2, "stroke": false}}, {"type": "Feature", "geometry": {"type": "Polygon", "coordinates": [[[147.36685385456775, 14.779139669353874], [147.3596168125895, 14.782303378886738], [147.33458862587247, 14.80769035996386], [147.328691193971, 14.820118273041732], [147.3236566198192, 14.836241050573843], [147.328691193971, 14.854604982010283], [147.33759168345682, 14.864791741183826], [147.35961681258948, 14.871800742520628], [147.3897631658626, 14.864791741183828], [147.390542431208, 14.864450145948515], [147.42146804982647, 14.836245192733712], [147.42147180653762, 14.836241050573843], [147.42877231131033, 14.80769035996386], [147.42146804982647, 14.784480246828167], [147.41782905827355, 14.779139669353876], [147.390542431208, 14.771890065446295], [147.36685385456775, 14.779139669353874]]]}, "properties": {"fillColor": "#FFFF00", "fillOpacity": 0.7, "color": "#000000", "weight": 0.2, "stroke": false}}, {"type": "Feature", "geometry": {"type": "Polygon", "coordinates": [[[145.47315407686153, 15.34627262583962], [145.50407969548002, 15.34373055173408], [145.52262951663292, 15.35015348155355], [145.53500531409853, 15.352535914149469], [145.565930932717, 15.368191118322818], [145.57925002517055, 15.378704172163534], [145.5968565513355, 15.39698830604182], [145.60762251520904, 15.407254862773517], [145.62673775530754, 15.435805553383501], [145.627782169954, 15.437358457496298], [145.65870778857249, 15.454817748215653], [145.68963340719097, 15.456963665171017], [145.72055902580945, 15.453639504052838], [145.75148464442796, 15.45897625755737], [145.75684245288315, 15.464356243993482], [145.77327529259867, 15.492906934603468], [145.77700332635646, 15.52145762521345], [145.77702927403567, 15.550008315823435], [145.77650901102388, 15.57855900643342], [145.77500202171115, 15.607109697043402], [145.7714358196702, 15.635660387653388], [145.7618718299501, 15.664211078263367], [145.75148464442796, 15.680237825559999], [145.74519846522594, 15.692761768873353], [145.7262062802757, 15.721312459483336], [145.72055902580945, 15.729872595019376], [145.71160553045215, 15.74986315009332], [145.69322977561728, 15.778413840703305], [145.68963340719097, 15.782799132533782], [145.66091285500175, 15.806964531313287], [145.65870778857249, 15.808388001317772], [145.627782169954, 15.819798424686656], [145.5968565513355, 15.82251012636803], [145.565930932717, 15.819478788181545], [145.53500531409853, 15.807339156069418], [145.53443387725503, 15.80696453131329], [145.50407969548002, 15.785872798869669], [145.496998759955, 15.778413840703305], [145.477032197192, 15.749863150093322], [145.47315407686153, 15.741306669969966], [145.45928619431467, 15.721312459483336], [145.44665649700934, 15.692761768873353], [145.44222845824305, 15.677328529877762], [145.4358656558884, 15.664211078263369], [145.4264004428054, 15.635660387653388], [145.42431331313435, 15.607109697043402], [145.44222845824305, 15.588040577982124], [145.4494549968376, 15.57855900643342], [145.45712801559847, 15.550008315823433], [145.44875436530216, 15.52145762521345], [145.44222845824305, 15.502938285630268], [145.43606243022518, 15.492906934603468], [145.42199140491263, 15.464356243993484], [145.4153279481471, 15.435805553383501], [145.41570995025558, 15.407254862773517], [145.42600302718915, 15.378704172163532], [145.44222845824305, 15.36145977406089], [145.46563136678014, 15.35015348155355], [145.47315407686153, 15.34627262583962]]]}, "properties": {"fillColor": "#FFFF00", "fillOpacity": 0.7, "color": "#000000", "weight": 0.2, "stroke": false}}, {"type": "Feature", "geometry": {"type": "Polygon", "coordinates": [[[145.4428311917219, 15.378704172163532], [145.44222845824305, 15.379847412379425], [145.4279196638903, 15.407254862773517], [145.4279758882841, 15.435805553383501], [145.436847041014, 15.464356243993484], [145.44222845824305, 15.474136329257565], [145.4476539812752, 15.492906934603468], [145.46035365038014, 15.52145762521345], [145.47315407686153, 15.548485760876774], [145.47369417625652, 15.550008315823435], [145.47315407686153, 15.565587426702479], [145.47198776459462, 15.57855900643342], [145.44965916292665, 15.607109697043402], [145.45041384614427, 15.635660387653386], [145.45584991626652, 15.664211078263369], [145.4650486510039, 15.692761768873353], [145.47315407686153, 15.70847038332902], [145.47701906740414, 15.721312459483336], [145.49119798455877, 15.74986315009332], [145.50407969548002, 15.766055224664193], [145.51529368653564, 15.778413840703307], [145.53500531409856, 15.794219855257307], [145.565930932717, 15.804952331661882], [145.58742452688062, 15.806964531313287], [145.5968565513355, 15.808337152259735], [145.60785810070323, 15.806964531313287], [145.627782169954, 15.805255989244754], [145.65870778857249, 15.793496244141778], [145.67581925886105, 15.778413840703305], [145.68963340719097, 15.761060271452896], [145.69738392753607, 15.74986315009332], [145.71350263275016, 15.721312459483336], [145.72055902580945, 15.706962885937305], [145.73089695528358, 15.692761768873353], [145.74645955973554, 15.664211078263369], [145.75148464442796, 15.648060860315468], [145.75650157728435, 15.635660387653386], [145.76049535063217, 15.607109697043402], [145.761572761433, 15.57855900643342], [145.76035584013658, 15.550008315823435], [145.75741296086753, 15.52145762521345], [145.75148464442796, 15.503145250227504], [145.73877004329177, 15.492906934603468], [145.72055902580945, 15.485600035603555], [145.68963340719097, 15.484092428621619], [145.65870778857249, 15.47646183751776], [145.63543594351577, 15.464356243993484], [145.627782169954, 15.459497549134921], [145.6118479811252, 15.435805553383501], [145.5968565513355, 15.417120823870821], [145.59120652548177, 15.407254862773517], [145.565930932717, 15.382538820453114], [145.56038304505296, 15.378704172163532], [145.53500531409853, 15.362271724129611], [145.50407969548002, 15.354786008934525], [145.47315407686153, 15.35715830202532], [145.4428311917219, 15.378704172163532]]]}, "properties": {"fillColor": "#FFFF00", "fillOpacity": 0.7, "color": "#000000", "weight": 0.2, "stroke": false}}, {"type": "Feature", "geometry": {"type": "Polygon", "coordinates": [[[129.91756791176047, 25.367677343126246], [129.94849353037898, 25.36309185495847], [129.97941914899747, 25.35986861810325], [130.01034476761595, 25.358219681021744], [130.0412703862345, 25.357838286148095], [130.07219600485294, 25.358410421309724], [130.10312162347142, 25.359816765978707], [130.13404724208993, 25.362074510821643], [130.16497286070842, 25.365364974851776], [130.1958984793269, 25.36986600051355], [130.20411384802856, 25.371445885657813], [130.22682409794538, 25.376300351924108], [130.2577497165639, 25.38316736091798], [130.28867533518238, 25.390202153176077], [130.31960095380086, 25.398126726967444], [130.32527283648452, 25.399996576267796], [130.35052657241937, 25.40823854853018], [130.38145219103785, 25.419380148352666], [130.40324541597718, 25.42854726687778], [130.41237780965633, 25.432582076792126], [130.44330342827482, 25.44654416476996], [130.4637013900455, 25.45709795748776], [130.47422904689333, 25.462872110542634], [130.5051546655118, 25.480547558006073], [130.5132158757357, 25.485648648097747], [130.53608028413032, 25.50028815913891], [130.55724968191876, 25.514199338707733], [130.5670059027488, 25.521038782785954], [130.5979315213673, 25.542737781819053], [130.59794813270616, 25.542750029317713], [130.62885713998577, 25.56637563080487], [130.63502770419342, 25.5713007199277], [130.65978275860428, 25.59222152850952], [130.66841990087647, 25.59985141053768], [130.69070837722276, 25.62054672938863], [130.69886006624645, 25.628402101147664], [130.72163399584124, 25.65151685634045], [130.72683808136614, 25.65695279175765], [130.75203166400001, 25.685503482367633], [130.75255961445976, 25.686136131082844], [130.77427859204744, 25.714054172977615], [130.78348523307824, 25.72739718096929], [130.79391327103667, 25.742604863587598], [130.8106283254131, 25.771155554197584], [130.81441085169672, 25.778339258589146], [130.8259545329709, 25.799706244807567], [130.8386990505899, 25.82825693541755], [130.8453364703152, 25.845373573913086], [130.8503191745475, 25.856807626027532], [130.86062376454203, 25.88535831663752], [130.86913160998478, 25.913909007247504], [130.87555072240886, 25.942459697857483], [130.87626208893371, 25.946799414893036], [130.88121326382654, 25.97101038846747], [130.88672458512337, 25.999561079077452], [130.89253275503413, 26.028111769687435], [130.89814022577897, 26.05666246029742], [130.90277965812984, 26.085213150907403], [130.9061025538201, 26.113763841517386], [130.9071877075522, 26.128908384495915], [130.90854991172654, 26.142314532127376], [130.9094846748415, 26.170865222737355], [130.90829472117113, 26.199415913347337], [130.9071877075522, 26.20885759995739], [130.90567625661748, 26.22796660395732], [130.90188418342666, 26.256517294567306], [130.89631016810418, 26.285067985177292], [130.88860315309347, 26.313618675787268], [130.8781973922298, 26.342169366397258], [130.87626208893371, 26.346881194056746], [130.86820898383365, 26.37072005700724], [130.85602121629873, 26.399270747617223], [130.8453364703152, 26.419907134450504], [130.841433091387, 26.427821438227205], [130.82623549467434, 26.45637212883719], [130.81441085169672, 26.475391486506933], [130.80849182755705, 26.484922819447174], [130.78874092072246, 26.513473510057157], [130.78348523307824, 26.52028413208197], [130.76588654983723, 26.542024200667143], [130.75255961445976, 26.557094572974734], [130.73939386547016, 26.570574891277126], [130.72163399584124, 26.590067557763696], [130.71201415620007, 26.599125581887108], [130.69070837722276, 26.627156091779145], [130.6902233947811, 26.627676272497094], [130.67202608787966, 26.656226963107073], [130.65978275860428, 26.664939683010342], [130.63146785697464, 26.68477765371706], [130.62885713998577, 26.686040024152184], [130.5979315213673, 26.699331954406784], [130.5670059027488, 26.711002694424455], [130.5616178306264, 26.713328344327042], [130.53608028413032, 26.721918683643267], [130.5051546655118, 26.729447470380865], [130.47422904689333, 26.736164235708312], [130.44668248900618, 26.74187903493703], [130.44330342827482, 26.74250539641292], [130.41237780965633, 26.74681733826165], [130.38145219103785, 26.74945280537874], [130.35052657241937, 26.750796160882366], [130.31960095380086, 26.75197902868116], [130.28867533518238, 26.75323976911222], [130.25774971656386, 26.754420736931415], [130.22682409794538, 26.755458865752384], [130.1958984793269, 26.756348911295802], [130.16497286070842, 26.757301904987013], [130.13404724208993, 26.75788085279374], [130.10312162347142, 26.757142835129756], [130.07219600485294, 26.754296076003314], [130.04127038623446, 26.748520492870746], [130.02010946558158, 26.74187903493703], [130.01034476761595, 26.739082936913665], [129.97941914899747, 26.72746559334612], [129.9519929472042, 26.713328344327042], [129.94849353037898, 26.711280027683962], [129.91756791176047, 26.692404174229875], [129.90615037015368, 26.684777653717056], [129.886642293142, 26.66912741282243], [129.8697969193699, 26.656226963107077], [129.8557166745235, 26.642479078549123], [129.8390112208532, 26.627676272497094], [129.824791055905, 26.610678358109176], [129.8137885983789, 26.599125581887108], [129.79466952499467, 26.570574891277126], [129.7938654372865, 26.566935090356058], [129.78670714428137, 26.542024200667143], [129.7938654372865, 26.526478478946153], [129.80475094862618, 26.513473510057157], [129.81583210525852, 26.484922819447174], [129.8061126164652, 26.45637212883719], [129.79509753957086, 26.427821438227205], [129.7938654372865, 26.42534385246211], [129.7806896804593, 26.399270747617223], [129.77090021102788, 26.37072005700724], [129.76368189161911, 26.342169366397258], [129.76293981866803, 26.338626503303463], [129.75582945751032, 26.31361867578727], [129.75067123137487, 26.285067985177285], [129.74740562985698, 26.256517294567306], [129.74586863653855, 26.22796660395732], [129.7460848116817, 26.199415913347337], [129.74818512559972, 26.170865222737355], [129.7527327473639, 26.142314532127372], [129.76095178079618, 26.113763841517386], [129.76293981866803, 26.10845365241446], [129.76777588569615, 26.085213150907403], [129.77706600637563, 26.05666246029742], [129.7938654372865, 26.030554293516566], [129.79506564122198, 26.028111769687435], [129.81369833658474, 25.999561079077452], [129.824791055905, 25.988216555728293], [129.83897890372512, 25.97101038846747], [129.8557166745235, 25.95537111823679], [129.86795876446413, 25.942459697857483], [129.886642293142, 25.924697172731307], [129.89959989945882, 25.9139090072475], [129.91756791176047, 25.897887397011548], [129.93932261382133, 25.885358316637518], [129.94849353037898, 25.876976874136503], [129.97941914899747, 25.860719768938264], [129.99128271860826, 25.856807626027535], [130.01034476761595, 25.839984591767408], [130.04127038623446, 25.829598901162708], [130.04802834717907, 25.82825693541755], [130.04127038623446, 25.824009547026435], [130.01034476761595, 25.817461604521093], [129.97941914899747, 25.819646068685174], [129.94849353037898, 25.82681311765821], [129.944472299513, 25.82825693541755], [129.91756791176047, 25.84050987509853], [129.886642293142, 25.852316989535773], [129.87760599462993, 25.85680762602754], [129.8557166745235, 25.869505661234065], [129.83161356881507, 25.885358316637515], [129.824791055905, 25.8904452116398], [129.79588571349845, 25.9139090072475], [129.7938654372865, 25.915899604635108], [129.7680081574606, 25.942459697857487], [129.76293981866803, 25.94888218333915], [129.74443216145647, 25.97101038846747], [129.73201420004955, 25.98825666170061], [129.72240291696698, 25.999561079077452], [129.70317542984637, 26.028111769687435], [129.70108858143104, 26.031305370217577], [129.6827952239849, 26.05666246029742], [129.67016296281255, 26.081959057854704], [129.6671229940228, 26.085213150907403], [129.6502808029414, 26.113763841517383], [129.64050615351388, 26.142314532127372], [129.63923734419407, 26.14704684376929], [129.6184938817635, 26.170865222737355], [129.6113645333495, 26.199415913347337], [129.60831172557556, 26.212823556512756], [129.60661472243999, 26.199415913347337], [129.60467590824072, 26.170865222737355], [129.60474074823168, 26.142314532127372], [129.60670023937328, 26.11376384151739], [129.60831172557556, 26.103132058956206], [129.6138171502585, 26.085213150907403], [129.62196320831083, 26.05666246029742], [129.6300623793839, 26.028111769687435], [129.63923734419407, 26.00118983513466], [129.64005090399303, 25.999561079077452], [129.65450403790348, 25.97101038846747], [129.6677140349173, 25.942459697857483], [129.67016296281255, 25.937675572214758], [129.68404902377856, 25.9139090072475], [129.70008790351758, 25.885358316637515], [129.70108858143104, 25.883986332241633], [129.72027462827737, 25.856807626027535], [129.73201420004955, 25.842779128071644], [129.7433559080741, 25.82825693541755], [129.76293981866803, 25.805261853358257], [129.76740157451303, 25.799706244807567], [129.79190845239708, 25.77115555419758], [129.7938654372865, 25.768207499942005], [129.8156276348282, 25.742604863587598], [129.824791055905, 25.724192869754738], [129.83356968770153, 25.714054172977615], [129.824791055905, 25.708975522917], [129.7938654372865, 25.707398425098262], [129.76293981866803, 25.712747324311373], [129.75878330175806, 25.714054172977615], [129.73201420004955, 25.723239587596574], [129.70108858143104, 25.7345245642299], [129.68299318179731, 25.7426048635876], [129.67016296281255, 25.74832538809397], [129.63923734419407, 25.759608250073086], [129.6170943213467, 25.742604863587598], [129.63690460838802, 25.714054172977615], [129.63923734419407, 25.711291733620232], [129.65795761148905, 25.68550348236763], [129.67016296281255, 25.67506391966304], [129.6934121639788, 25.65695279175765], [129.70108858143104, 25.652784533746004], [129.73201420004955, 25.63909095189733], [129.7559741008444, 25.628402101147664], [129.76293981866803, 25.625226404717857], [129.7938654372865, 25.61429708753971], [129.824791055905, 25.60464693616086], [129.83927767248198, 25.59985141053768], [129.8557166745235, 25.59197115300032], [129.886642293142, 25.578324527049624], [129.90016576254908, 25.5713007199277], [129.91756791176047, 25.5591279923682], [129.94176585353551, 25.54275002931771], [129.94849353037898, 25.537555665932608], [129.97941914899747, 25.52015792865857], [129.99458728813852, 25.51419933870773], [130.01034476761595, 25.501011526996933], [130.03731553780042, 25.485648648097747], [130.01034476761595, 25.46698961974863], [129.99427725916723, 25.45709795748776], [129.97941914899747, 25.452238329028052], [129.94849353037898, 25.443603745767017], [129.91756791176047, 25.4366817175257], [129.886642293142, 25.431117378695], [129.8690356076304, 25.42854726687778], [129.8557166745235, 25.422267153716106], [129.83029430398793, 25.399996576267796], [129.8557166745235, 25.39010682654521], [129.886642293142, 25.376056096994038], [129.89653526058618, 25.371445885657813], [129.91756791176047, 25.367677343126246]]]}, "properties": {"fillColor": "#FFFF00", "fillOpacity": 0.7, "color": "#000000", "weight": 0.2, "stroke": false}}, {"type": "Feature", "geometry": {"type": "Polygon", "coordinates": [[[130.27216729062854, 25.45709795748776], [130.28867533518238, 25.468341154046797], [130.30819845295218, 25.48564864809775], [130.31960095380086, 25.49533972934922], [130.34683644180174, 25.51419933870773], [130.31960095380086, 25.53996822864215], [130.28867533518238, 25.538285123643643], [130.2577497165639, 25.53709223181576], [130.22682409794538, 25.537049323547627], [130.1958984793269, 25.538642380404916], [130.16497286070842, 25.541844236832436], [130.15836300676006, 25.542750029317713], [130.13404724208993, 25.547073316138004], [130.10312162347142, 25.558624130152246], [130.08483938304144, 25.5713007199277], [130.07219600485294, 25.58826671295212], [130.06554947687175, 25.59985141053768], [130.04127038623446, 25.615440134065693], [130.02661261865302, 25.628402101147664], [130.01034476761595, 25.635009686211543], [129.97941914899747, 25.647116411222335], [129.95450189569672, 25.65695279175765], [129.9558343180822, 25.685503482367633], [129.94849353037898, 25.688483702108158], [129.91756791176047, 25.706117680663773], [129.9093006612706, 25.71405417297761], [129.88664229314202, 25.72664884320107], [129.86584760585137, 25.7426048635876], [129.85571667452348, 25.751876287261396], [129.83431405830794, 25.771155554197584], [129.824791055905, 25.785239568941392], [129.81284481582134, 25.799706244807567], [129.79811239891708, 25.828256935417553], [129.824791055905, 25.841410744280523], [129.8557166745235, 25.83156926907273], [129.86474081958164, 25.82825693541755], [129.886642293142, 25.82093050481852], [129.91756791176047, 25.81160929461553], [129.94849353037898, 25.80109167399494], [129.9527473580772, 25.799706244807567], [129.97941914899747, 25.792049324349794], [130.01034476761595, 25.78693735291757], [130.04127038623446, 25.783019739265292], [130.07219600485294, 25.779191374167315], [130.10312162347142, 25.776903805348493], [130.13404724208993, 25.77730358009084], [130.16497286070842, 25.78080759424745], [130.1958984793269, 25.789550225468055], [130.21704814488817, 25.799706244807567], [130.20032480047809, 25.82825693541755], [130.1958984793269, 25.829096725616004], [130.16497286070842, 25.83346914640814], [130.13404724208993, 25.836462922673466], [130.10312162347142, 25.839127957366827], [130.07219600485294, 25.843211085836774], [130.04127038623446, 25.854049377378935], [130.0365333450692, 25.856807626027535], [130.01034476761595, 25.86400565140228], [129.97941914899747, 25.877422728133457], [129.96763865887033, 25.885358316637518], [129.94849353037898, 25.894924297320628], [129.92275384645066, 25.9139090072475], [129.91756791176047, 25.917673061953096], [129.88914760640807, 25.94245969785748], [129.886642293142, 25.944983450021162], [129.86062373397584, 25.971010388467473], [129.8557166745235, 25.976976454665333], [129.83484834772122, 25.999561079077452], [129.824791055905, 26.014069310723453], [129.81346565767046, 26.028111769687435], [129.79796335337517, 26.05666246029742], [129.7938654372865, 26.06705210067897], [129.78483629418838, 26.085213150907403], [129.77555177829157, 26.11376384151739], [129.76945250427113, 26.142314532127372], [129.76573885344735, 26.170865222737355], [129.7640975645421, 26.199415913347337], [129.7643063065743, 26.227966603957324], [129.7663941809424, 26.256517294567306], [129.77033263008238, 26.28506798517729], [129.77627766443632, 26.31361867578727], [129.785399035705, 26.342169366397258], [129.7938654372865, 26.36207351503559], [129.79773256930437, 26.37072005700724], [129.8127016413675, 26.399270747617223], [129.824791055905, 26.417863690636473], [129.8332317273604, 26.42782143822721], [129.8557166745235, 26.45475416067014], [129.85778459499906, 26.456372128837188], [129.886642293142, 26.480405744911472], [129.89508970893667, 26.484922819447174], [129.91756791176047, 26.498785987922922], [129.94849353037898, 26.51161911609405], [129.95189225404462, 26.513473510057157], [129.97941914899747, 26.52930355037939], [130.00250902743267, 26.542024200667143], [130.01034476761595, 26.547436756962526], [130.04127038623446, 26.56821032038302], [130.04527274464047, 26.570574891277126], [130.07219600485294, 26.59325949086341], [130.08230686562482, 26.599125581887108], [130.10312162347142, 26.623892645442993], [130.10803513359562, 26.627676272497098], [130.10312162347142, 26.64028765338705], [130.07219600485294, 26.645190341776605], [130.04127038623446, 26.638810005312337], [130.01034476761595, 26.631007206105412], [129.99652677300224, 26.627676272497094], [129.97941914899747, 26.62257592633405], [129.94849353037898, 26.618309681657017], [129.91756791176047, 26.625040233413348], [129.9155052729707, 26.627676272497094], [129.91756791176047, 26.631139925220154], [129.92838752689312, 26.656226963107077], [129.94849353037898, 26.67349175230609], [129.95899226091115, 26.68477765371706], [129.97941914899747, 26.696406176246], [130.01034476761595, 26.713124500889496], [130.01081963707944, 26.713328344327046], [130.04127038623446, 26.721392361341334], [130.07219600485294, 26.72483501184771], [130.10312162347142, 26.723493249410282], [130.13404724208993, 26.717913089359392], [130.16318083763505, 26.713328344327042], [130.16497286070842, 26.71250458557488], [130.1958984793269, 26.712978933709543], [130.19764286354894, 26.713328344327042], [130.22682409794538, 26.716316377185805], [130.2577497165639, 26.719495022615646], [130.28867533518238, 26.72205521028143], [130.31960095380086, 26.7234736118762], [130.35052657241937, 26.72333017410048], [130.38145219103785, 26.721224747254013], [130.41237780965633, 26.716358410125803], [130.42627389644716, 26.713328344327042], [130.44330342827482, 26.709214308417586], [130.47422904689333, 26.700505325365306], [130.5051546655118, 26.688717041230273], [130.51473558653072, 26.68477765371706], [130.53608028413032, 26.67726419089216], [130.5670059027488, 26.66084655574323], [130.5737984264805, 26.656226963107077], [130.5979315213673, 26.644587150243932], [130.61800703110796, 26.627676272497094], [130.62885713998577, 26.6209521564717], [130.65548538348582, 26.599125581887108], [130.65978275860428, 26.596041535622106], [130.69034903630626, 26.570574891277126], [130.69070837722276, 26.5702758220946], [130.72163399584124, 26.54211649123315], [130.72172666851813, 26.542024200667143], [130.74904954831018, 26.513473510057157], [130.75255961445976, 26.5093347451561], [130.77247030278198, 26.48492281944717], [130.78348523307824, 26.469854169419698], [130.79315095181522, 26.45637212883719], [130.81189749547553, 26.427821438227205], [130.81441085169672, 26.423909606323075], [130.82964504790397, 26.399270747617223], [130.84351496279388, 26.370720057007237], [130.8453364703152, 26.366490024081315], [130.85651089498964, 26.342169366397258], [130.8665530299652, 26.313618675787275], [130.874292318814, 26.28506798517729], [130.87626208893371, 26.275916229689713], [130.8813160693227, 26.256517294567306], [130.88639308748725, 26.22796660395732], [130.8891914384555, 26.199415913347337], [130.88985876540295, 26.170865222737355], [130.88842472313206, 26.142314532127372], [130.88479170531866, 26.113763841517386], [130.87867906315705, 26.085213150907403], [130.87626208893371, 26.076470990678555], [130.87248195514647, 26.05666246029742], [130.86611436287066, 26.028111769687435], [130.85854674066155, 25.999561079077452], [130.84975890884968, 25.97101038846747], [130.8453364703152, 25.95620253464134], [130.84216471223687, 25.94245969785748], [130.8349846830689, 25.913909007247497], [130.82639735971176, 25.885358316637518], [130.8171263028113, 25.856807626027535], [130.81441085169672, 25.849561062664968], [130.80602680677885, 25.82825693541755], [130.793150448672, 25.799706244807567], [130.78348523307824, 25.781035143388443], [130.77769465448938, 25.77115555419758], [130.75983135045453, 25.742604863587594], [130.75255961445976, 25.73207836533184], [130.73833922952832, 25.714054172977615], [130.72163399584124, 25.693656127489636], [130.71359886005072, 25.685503482367633], [130.69070837722276, 25.661392190781225], [130.68558660070005, 25.65695279175765], [130.65978275860428, 25.632832583814388], [130.65411885992467, 25.628402101147664], [130.62885713998577, 25.607250759663955], [130.61923291482486, 25.59985141053768], [130.5979315213673, 25.583603152377105], [130.58246981397411, 25.5713007199277], [130.5670059027488, 25.56036651301978], [130.54411887038708, 25.542750029317713], [130.53608028413032, 25.53757581532744], [130.5051546655118, 25.517098306381463], [130.5011244040295, 25.514199338707726], [130.47422904689333, 25.500348973464888], [130.45091467756328, 25.48564864809775], [130.44330342827482, 25.48208298184108], [130.41237780965633, 25.47026444158532], [130.38611404747306, 25.45709795748776], [130.38145219103785, 25.455513486729032], [130.35052657241937, 25.44804005069362], [130.31960095380086, 25.442933622911767], [130.28867533518238, 25.44462432975995], [130.27216729062854, 25.45709795748776]]]}, "properties": {"fillColor": "#FFFF00", "fillOpacity": 0.7, "color": "#000000", "weight": 0.2, "stroke": false}}, {"type": "Feature", "geometry": {"type": "Polygon", "coordinates": [[[130.13404724208993, 25.989998461240766], [130.16497286070842, 25.9838467321043], [130.1958984793269, 25.98098810901531], [130.22682409794538, 25.98157410579817], [130.25774971656392, 25.986188987948346], [130.28867533518238, 25.997903582983948], [130.29178318704496, 25.999561079077452], [130.31960095380086, 26.016579335910638], [130.33363704831146, 26.028111769687435], [130.35052657241937, 26.049680156916537], [130.35649259331183, 26.05666246029742], [130.37023155663675, 26.0852131509074], [130.37597679862026, 26.113763841517386], [130.37768145792236, 26.142314532127372], [130.37543376206526, 26.170865222737355], [130.36782767625604, 26.199415913347337], [130.3536134398082, 26.22796660395732], [130.35052657241937, 26.232143046639838], [130.3326017696836, 26.256517294567306], [130.31960095380086, 26.267880530203907], [130.2975640133757, 26.285067985177285], [130.28867533518238, 26.28920078160353], [130.2577497165639, 26.299687157147364], [130.22682409794538, 26.306110254277165], [130.1958984793269, 26.30791661546124], [130.16497286070842, 26.304928969511767], [130.13404724208993, 26.29794972987755], [130.10312162347142, 26.287858200088127], [130.09746243093346, 26.28506798517729], [130.07219600485294, 26.268288162768002], [130.05747809303566, 26.256517294567306], [130.04127038623446, 26.240485886900984], [130.03133317987033, 26.22796660395732], [130.01278501952746, 26.199415913347337], [130.01034476761595, 26.194185835474237], [130.00351002315398, 26.170865222737355], [130.00039071055093, 26.142314532127372], [130.00291314704154, 26.113763841517386], [130.01034476761595, 26.086777328392703], [130.01106091523366, 26.085213150907403], [130.03013132100318, 26.056662460297417], [130.04127038623446, 26.04271124523477], [130.05740876424537, 26.028111769687435], [130.07219600485294, 26.01694020426456], [130.10312162347142, 25.999914590560305], [130.1040727918682, 25.999561079077452], [130.13404724208993, 25.989998461240766]]]}, "properties": {"fillColor": "#FFFF00", "fillOpacity": 0.7, "color": "#000000", "weight": 0.2, "stroke": false}}, {"type": "Feature", "geometry": {"type": "Polygon", "coordinates": [[[130.15613440874196, 25.999561079077452], [130.13404724208993, 26.003908505598687], [130.10312162347142, 26.014527968909356], [130.07430771548334, 26.02811176968744], [130.07219600485294, 26.029514021937175], [130.04191632839988, 26.056662460297417], [130.04127038623446, 26.057405093653202], [130.02577167948198, 26.085213150907403], [130.01336431389606, 26.11376384151739], [130.01034476761595, 26.132860843864478], [130.00961379503582, 26.142314532127372], [130.01034476761595, 26.14974421762409], [130.01446174796976, 26.170865222737355], [130.02683045448973, 26.199415913347337], [130.04127038623446, 26.226395462110393], [130.04256576362266, 26.22796660395732], [130.07094108375563, 26.256517294567306], [130.07219600485294, 26.2575209363218], [130.1031216234714, 26.275032425288686], [130.12241451867322, 26.285067985177285], [130.13404724208993, 26.28869885654859], [130.16497286070842, 26.294574909745023], [130.1958984793269, 26.29697226507195], [130.22682409794538, 26.29527279452878], [130.2577497165639, 26.289287625352898], [130.27025358793463, 26.28506798517729], [130.28867533518238, 26.27348545621276], [130.31093869514834, 26.256517294567306], [130.31960095380086, 26.246604782629277], [130.3329438943407, 26.22796660395732], [130.3468805238031, 26.199415913347337], [130.35052657241937, 26.185958896126536], [130.35426190822315, 26.170865222737355], [130.35533690922279, 26.142314532127372], [130.35055998279586, 26.113763841517386], [130.35052657241937, 26.113671736841987], [130.33978978746933, 26.085213150907403], [130.32202576151258, 26.05666246029742], [130.31960095380086, 26.053968259739957], [130.29088105354188, 26.028111769687435], [130.28867533518238, 26.026527707418328], [130.2577497165639, 26.010894583355523], [130.22682409794538, 26.001272652478843], [130.2157100604432, 25.999561079077452], [130.1958984793269, 25.997491635652782], [130.16497286070842, 25.998196371266914], [130.15613440874196, 25.999561079077452]]]}, "properties": {"fillColor": "#FFFF00", "fillOpacity": 0.7, "color": "#000000", "weight": 0.2, "stroke": false}}, {"type": "Feature", "geometry": {"type": "Polygon", "coordinates": [[[114.33105612804096, 5.810235072917271], [114.36198174665942, 5.805495861918875], [114.39290736527792, 5.811438369630777], [114.39931946308988, 5.814222817819009], [114.42383298389642, 5.82102281229109], [114.45475860251491, 5.8358344597899485], [114.46405163951535, 5.8427735084289925], [114.4856842211334, 5.857720066241752], [114.4996848664029, 5.871324199038976], [114.51660983975188, 5.893100196054635], [114.52216081973404, 5.8998748896489595], [114.5390619224055, 5.928425580258944], [114.54753545837038, 5.954441775980981], [114.54907743294918, 5.956976270868927], [114.56230313449316, 5.985526961478911], [114.57049576196187, 6.014077652088894], [114.56896091550578, 6.042628342698878], [114.55266990829142, 6.071179033308862], [114.54753545837038, 6.079645990860444], [114.53850088201142, 6.099729723918845], [114.51660983975188, 6.125639903844084], [114.51357084351396, 6.128280414528829], [114.4856842211334, 6.1489343755261245], [114.47408937637502, 6.156831105138813], [114.4547586025149, 6.181469772010506], [114.4524326523372, 6.185381795748796], [114.45236818367668, 6.213932486358781], [114.45475860251489, 6.2210066314157695], [114.46207610919984, 6.242483176968763], [114.47280924307606, 6.271033867578748], [114.48185921072285, 6.299584558188731], [114.4856842211334, 6.307296285967139], [114.49939221765533, 6.328135248798715], [114.5111891223369, 6.356685939408698], [114.51542719153124, 6.385236630018682], [114.51660983975188, 6.392792793618747], [114.52134415227076, 6.413787320628665], [114.52372793714416, 6.4423380112386495], [114.52058878720037, 6.470888701848633], [114.51660983975188, 6.484206244160442], [114.5138496017305, 6.4994393924586165], [114.50524192002581, 6.5279900830686], [114.48756300832744, 6.556540773678584], [114.4856842211334, 6.5589793076835], [114.4547586025149, 6.58224159078867], [114.42383298389642, 6.584206675590328], [114.39290736527792, 6.574730630338063], [114.36897106444731, 6.556540773678584], [114.36198174665942, 6.551318738413097], [114.33253022063597, 6.5279900830686], [114.33105612804094, 6.526174090956762], [114.3110491002663, 6.4994393924586165], [114.30095936762855, 6.470888701848633], [114.30013050942244, 6.467795985496993], [114.28239813220888, 6.4423380112386495], [114.27326317460056, 6.413787320628666], [114.26994674862246, 6.385236630018682], [114.26989079502789, 6.356685939408698], [114.27068036457668, 6.328135248798715], [114.27075579014243, 6.299584558188731], [114.26942004585963, 6.271033867578748], [114.26920489080396, 6.269029269710608], [114.26497173919074, 6.242483176968763], [114.2598124096224, 6.213932486358781], [114.25471698351375, 6.185381795748796], [114.24921191767447, 6.156831105138813], [114.24385886311424, 6.128280414528829], [114.24145203919355, 6.099729723918845], [114.2415881820274, 6.071179033308862], [114.24602545567444, 6.042628342698878], [114.25692944970237, 6.0140776520888934], [114.26920489080396, 5.994035139486232], [114.27255278915348, 5.985526961478911], [114.2875726586712, 5.9569762708689264], [114.30013050942244, 5.936775267702863], [114.30380549573479, 5.928425580258944], [114.31280260937508, 5.8998748896489595], [114.31461670056846, 5.871324199038976], [114.31386344036125, 5.8427735084289925], [114.32581214759665, 5.814222817819008], [114.33105612804096, 5.810235072917271]]]}, "properties": {"fillColor": "#FFA500", "fillOpacity": 0.7, "color": "#000000", "weight": 0.2, "stroke": false}}, {"type": "Feature", "geometry": {"type": "Polygon", "coordinates": [[[114.35542113619579, 5.871324199038975], [114.3520136359555, 5.8998748896489595], [114.34894518172564, 5.928425580258944], [114.34170846949712, 5.9569762708689264], [114.33348921346257, 5.985526961478911], [114.33105612804094, 6.000369513494753], [114.32816804804428, 6.0140776520888934], [114.32884614547373, 6.042628342698878], [114.33105612804094, 6.053359587348726], [114.33559692087766, 6.071179033308862], [114.35378330343997, 6.099729723918845], [114.36198174665944, 6.108412911645099], [114.39290736527792, 6.116617075976366], [114.42383298389642, 6.11320418297728], [114.4547586025149, 6.103075300147075], [114.46032865355527, 6.099729723918845], [114.4856842211334, 6.083482948425221], [114.49582995455322, 6.071179033308862], [114.51241629400182, 6.042628342698877], [114.51660983975188, 6.034256676035506], [114.5258008204789, 6.014077652088894], [114.52903341445892, 5.985526961478911], [114.5244926827041, 5.956976270868927], [114.51660983975188, 5.9385801503438], [114.51311239495355, 5.928425580258944], [114.495990364871, 5.8998748896489595], [114.4856842211334, 5.88837817025665], [114.46495446641457, 5.871324199038976], [114.4547586025149, 5.863465996475044], [114.42383298389642, 5.850697411873009], [114.39290736527792, 5.846832938085578], [114.36198174665941, 5.859755147816392], [114.35542113619579, 5.871324199038975]]]}, "properties": {"fillColor": "#FFA500", "fillOpacity": 0.7, "color": "#000000", "weight": 0.2, "stroke": false}}, {"type": "Feature", "geometry": {"type": "Polygon", "coordinates": [[[114.32308313468907, 6.185381795748796], [114.31275556276842, 6.213932486358781], [114.3112482988555, 6.242483176968763], [114.31315638627203, 6.271033867578748], [114.31686880380965, 6.299584558188731], [114.3224748551857, 6.328135248798715], [114.3303594369805, 6.356685939408698], [114.33105612804094, 6.359302077364458], [114.33814345818894, 6.385236630018682], [114.34115006496322, 6.413787320628666], [114.34140590248543, 6.442338011238649], [114.34617446269039, 6.470888701848633], [114.36068145618464, 6.4994393924586165], [114.36198174665942, 6.5008632363639025], [114.38899897952346, 6.5279900830686], [114.39290736527792, 6.531122863291845], [114.42383298389643, 6.545566646792784], [114.4547586025149, 6.5383902084037775], [114.46535712445038, 6.5279900830686], [114.48243014064015, 6.499439392458617], [114.4856842211334, 6.4865397402584435], [114.48969001788362, 6.470888701848633], [114.49014640475768, 6.4423380112386495], [114.4856842211334, 6.419352225721076], [114.48464729144553, 6.413787320628667], [114.47734949430551, 6.385236630018682], [114.46651708670089, 6.356685939408698], [114.45475860251491, 6.339015784878576], [114.44700740098494, 6.328135248798715], [114.4355418815858, 6.299584558188731], [114.42383298389642, 6.271813047971682], [114.42343902595414, 6.271033867578748], [114.40649404489125, 6.242483176968763], [114.39290736527792, 6.22128368451492], [114.38537542829567, 6.21393248635878], [114.3621837425528, 6.185381795748796], [114.36198174665942, 6.185008294832111], [114.33105612804094, 6.173265237235056], [114.32308313468907, 6.185381795748796]]]}, "properties": {"fillColor": "#FFA500", "fillOpacity": 0.7, "color": "#000000", "weight": 0.2, "stroke": false}}, {"type": "Feature", "geometry": {"type": "Polygon", "coordinates": [[[124.59836150938, 6.119756325134415], [124.6292871279985, 6.1081870096909086], [124.66021274661699, 6.112246574662219], [124.68010255342219, 6.128280414528829], [124.68838471500369, 6.156831105138813], [124.67961726755684, 6.185381795748796], [124.66021274661699, 6.203809898628656], [124.62928712799848, 6.21010126856519], [124.59836150938, 6.194826132182996], [124.59003503564398, 6.185381795748796], [124.58013992657007, 6.156831105138813], [124.5888618754179, 6.128280414528829], [124.59836150938, 6.119756325134415]]]}, "properties": {"fillColor": "#FFA500", "fillOpacity": 0.7, "color": "#000000", "weight": 0.2, "stroke": false}}, {"type": "Feature", "geometry": {"type": "Polygon", "coordinates": [[[124.62612624642597, 6.156831105138813], [124.62928712799848, 6.1615057512290345], [124.63704976473622, 6.156831105138813], [124.6292871279985, 6.153150726135313], [124.62612624642597, 6.156831105138813]]]}, "properties": {"fillColor": "#FFA500", "fillOpacity": 0.7, "color": "#000000", "weight": 0.2, "stroke": false}}, {"type": "Feature", "geometry": {"type": "Polygon", "coordinates": [[[114.20735365356697, 6.547553315610067], [114.21097839392979, 6.556540773678584], [114.2352652490361, 6.585091464288567], [114.23827927218547, 6.586808246825086], [114.261327566802, 6.613642154898551], [114.26920489080396, 6.620382364160742], [114.28844208863501, 6.642192845508536], [114.30013050942244, 6.653680600081164], [114.31847871198732, 6.670743536118518], [114.33105612804093, 6.683059108546089], [114.35303914206636, 6.699294226728503], [114.36198174665942, 6.706629449101987], [114.39290736527792, 6.722975020574796], [114.41072561119714, 6.727844917338485], [114.42383298389642, 6.729467365040094], [114.4547586025149, 6.738891540883982], [114.48142014929194, 6.75639560794847], [114.4856842211334, 6.762035328327359], [114.51660983975188, 6.777126662501814], [114.54753545837039, 6.767741156242109], [114.55068413304362, 6.75639560794847], [114.56513586883366, 6.727844917338485], [114.57846107698887, 6.708824151952056], [114.59244729300298, 6.727844917338485], [114.60359829348573, 6.75639560794847], [114.60297061072961, 6.784946298558453], [114.57846107698887, 6.811229601063642], [114.57310538868064, 6.813496989168437], [114.56130162229047, 6.842047679778419], [114.55630897024994, 6.870598370388404], [114.54753545837038, 6.895787939525297], [114.5469212571078, 6.899149060998388], [114.54705133275225, 6.927699751608372], [114.5465826014016, 6.956250442218355], [114.54077512877225, 6.984801132828339], [114.52839748968428, 7.013351823438322], [114.51660983975188, 7.0286840523628955], [114.50784105991082, 7.0419025140483065], [114.4856842211334, 7.067308177447136], [114.48345862085533, 7.070453204658289], [114.4596105596631, 7.099003895268273], [114.45475860251491, 7.104416669799178], [114.43763179294005, 7.127554585878256], [114.42383298389642, 7.146381341783197], [114.41730573680533, 7.1561052764882405], [114.3997141777714, 7.184655967098225], [114.39290736527792, 7.196701157955443], [114.38846167316922, 7.2132066577082075], [114.38097283936153, 7.241757348318192], [114.37277951725322, 7.2703080389281745], [114.3669655726061, 7.298858729538159], [114.362276627381, 7.327409420148142], [114.36198174665942, 7.328126661758094], [114.33739874398438, 7.355960110758126], [114.33105612804094, 7.359519528273965], [114.30013050942244, 7.364959430450307], [114.26920489080396, 7.363228419793906], [114.23827927218545, 7.359344541224172], [114.21620970695622, 7.355960110758126], [114.20735365356697, 7.3551094557061365], [114.17642803494849, 7.348546321027296], [114.14550241632999, 7.334719533509544], [114.135456237802, 7.327409420148142], [114.11457679771152, 7.309747452034651], [114.10536957945223, 7.298858729538159], [114.09094523173565, 7.270308038928175], [114.08429829532398, 7.241757348318192], [114.08365117909301, 7.231661067669258], [114.08186008681281, 7.2132066577082075], [114.08365117909301, 7.200685284199145], [114.08530608294608, 7.184655967098225], [114.09244579316795, 7.1561052764882405], [114.10352026794541, 7.127554585878256], [114.1145767977115, 7.099918837971216], [114.1149766181179, 7.0990038952682735], [114.12187416509602, 7.070453204658289], [114.12329679852361, 7.0419025140483065], [114.12341509823915, 7.013351823438322], [114.12484421122558, 6.9848011328283395], [114.12735533397475, 6.956250442218355], [114.13202433150721, 6.927699751608372], [114.14014704688543, 6.899149060998388], [114.14550241632999, 6.883953707985606], [114.15188174767191, 6.870598370388404], [114.16448882644741, 6.842047679778419], [114.17558620323888, 6.813496989168437], [114.17642803494849, 6.810900530994027], [114.18722120685594, 6.784946298558452], [114.19938989595487, 6.756395607948469], [114.20735365356697, 6.734596008045142], [114.21185025359708, 6.727844917338485], [114.21631386211516, 6.699294226728503], [114.21040035331455, 6.670743536118518], [114.20735365356697, 6.662135187606994], [114.20299641001061, 6.642192845508534], [114.19790063636228, 6.613642154898551], [114.19581560999112, 6.585091464288567], [114.2014126737313, 6.556540773678584], [114.20735365356697, 6.547553315610067]]]}, "properties": {"fillColor": "#FFA500", "fillOpacity": 0.7, "color": "#000000", "weight": 0.2, "stroke": false}}, {"type": "Feature", "geometry": {"type": "Polygon", "coordinates": [[[114.23561764643827, 6.927699751608371], [114.20972754435162, 6.956250442218354], [114.20735365356698, 6.959966210735305], [114.19715021528, 6.984801132828339], [114.1876939895414, 7.013351823438322], [114.18557110026325, 7.0419025140483065], [114.19111780710415, 7.070453204658289], [114.17835101040534, 7.099003895268273], [114.17642803494847, 7.10055232331503], [114.15609793775369, 7.127554585878256], [114.14550241632999, 7.13789441273741], [114.13418067506674, 7.1561052764882405], [114.11581146009694, 7.184655967098225], [114.1145767977115, 7.188382873332217], [114.10911793679193, 7.2132066577082075], [114.11193161861301, 7.241757348318192], [114.1145767977115, 7.249426666783789], [114.12309987754787, 7.2703080389281745], [114.14550241632999, 7.298289740490073], [114.14631921218898, 7.298858729538159], [114.17642803494849, 7.314997212898229], [114.20735365356697, 7.321691266550074], [114.23827927218545, 7.323926610115096], [114.26920489080396, 7.325375490800814], [114.30013050942246, 7.32053892831348], [114.32835219077425, 7.29885872953816], [114.33105612804094, 7.2951444094124644], [114.34032132745475, 7.270308038928175], [114.34966063927752, 7.241757348318192], [114.35600733486609, 7.2132066577082075], [114.3602976402506, 7.184655967098226], [114.36198174665941, 7.174721829535434], [114.36683626300909, 7.1561052764882405], [114.37355303005967, 7.127554585878257], [114.3795955408873, 7.0990038952682735], [114.39290736527792, 7.074230540054414], [114.39499252976874, 7.070453204658289], [114.40079024119467, 7.0419025140483065], [114.3929358499012, 7.013351823438322], [114.39807512244818, 6.984801132828339], [114.42383298389642, 6.962253616336736], [114.42707619628283, 6.956250442218355], [114.42383298389642, 6.935002406488718], [114.39290736527792, 6.945785404163164], [114.36922052550044, 6.956250442218355], [114.36198174665944, 6.95979716839499], [114.35802635149219, 6.956250442218355], [114.33105612804094, 6.9423657709658535], [114.30569994189169, 6.927699751608371], [114.30013050942244, 6.924844611682792], [114.26920489080396, 6.918463583377703], [114.23827927218547, 6.925431107040575], [114.23561764643827, 6.927699751608371]]]}, "properties": {"fillColor": "#FFA500", "fillOpacity": 0.7, "color": "#000000", "weight": 0.2, "stroke": false}}, {"type": "Feature", "geometry": {"type": "Polygon", "coordinates": [[[124.87669207694643, 7.864466040934133], [124.90761769556491, 7.86209821785358], [124.92668301413812, 7.869872541737832], [124.9385433141834, 7.8740355787917995], [124.9635578857394, 7.898423232347815], [124.9694689328019, 7.910882548530543], [124.97750001228354, 7.926973922957799], [124.98009994732831, 7.955524613567783], [124.96948191689854, 7.984075304177766], [124.9694689328019, 7.984092551220068], [124.9385433141834, 8.010726059301792], [124.92239542478166, 8.01262599478775], [124.90761769556491, 8.01504807979031], [124.89830982898634, 8.01262599478775], [124.87669207694643, 8.00874812460157], [124.84576645832794, 7.986811321816197], [124.84322496178888, 7.984075304177766], [124.82787237593413, 7.955524613567784], [124.82666085584398, 7.926973922957799], [124.83624062313726, 7.898423232347815], [124.84576645832792, 7.885017713925697], [124.86679835338359, 7.869872541737832], [124.87669207694643, 7.864466040934133]]]}, "properties": {"fillColor": "#FFA500", "fillOpacity": 0.7, "color": "#000000", "weight": 0.2, "stroke": false}}, {"type": "Feature", "geometry": {"type": "Polygon", "coordinates": [[[124.87122641227576, 7.898423232347815], [124.85303927433732, 7.926973922957799], [124.85361752536365, 7.955524613567784], [124.87439019415797, 7.984075304177766], [124.87669207694643, 7.9858074341233936], [124.90761769556491, 7.995943700972391], [124.9385433141834, 7.986836706027245], [124.9417485403213, 7.984075304177766], [124.95753379622542, 7.955524613567784], [124.95469129199384, 7.926973922957799], [124.9385433141834, 7.903673906838295], [124.9299290721182, 7.898423232347815], [124.90761769556491, 7.887527135493601], [124.87669207694643, 7.893948111878054], [124.87122641227576, 7.898423232347815]]]}, "properties": {"fillColor": "#FFA500", "fillOpacity": 0.7, "color": "#000000", "weight": 0.2, "stroke": false}}, {"type": "Feature", "geometry": {"type": "Polygon", "coordinates": [[[126.14464244030458, 8.424787731888898], [126.17556805892303, 8.426925864124673], [126.19517679849463, 8.440886353937504], [126.20649367754154, 8.449926991749571], [126.22608866015631, 8.469437044547488], [126.23741929616003, 8.480847451123507], [126.25601008305794, 8.497987735157473], [126.26834491477851, 8.510944269221147], [126.28481049744168, 8.526538425767455], [126.29927053339702, 8.543404619649493], [126.32382415952452, 8.55508911637744], [126.3301961520155, 8.557156187022267], [126.34889279329389, 8.55508911637744], [126.36112177063399, 8.553869437350235], [126.3920473892525, 8.544702487420178], [126.42297300787098, 8.535570234571505], [126.45060199604757, 8.526538425767455], [126.45389862648946, 8.52523921582676], [126.48482424510794, 8.515456649232505], [126.51574986372646, 8.516780346349389], [126.51922673846664, 8.526538425767455], [126.51574986372646, 8.540985086629314], [126.51263793563693, 8.55508911637744], [126.5085053866462, 8.583639806987424], [126.5033039278886, 8.612190497597407], [126.49504225350415, 8.64074118820739], [126.49227812328373, 8.669291878817374], [126.48482424510797, 8.688435758270074], [126.48103115429991, 8.697842569427358], [126.45389862648948, 8.717974298285917], [126.42297300787098, 8.721694033239487], [126.3920473892525, 8.72003867111219], [126.36112177063399, 8.718214156338838], [126.3301961520155, 8.719987563174001], [126.30762816870646, 8.72639326003734], [126.29927053339702, 8.730303945503774], [126.27113092463777, 8.754943950647325], [126.26834491477852, 8.757600683542066], [126.24176381794477, 8.78349464125731], [126.23741929616003, 8.78681330500943], [126.20649367754154, 8.803729266587357], [126.1828515870227, 8.812045331867292], [126.17556805892305, 8.815029566332303], [126.14464244030457, 8.825040928463519], [126.11371682168607, 8.828423652895486], [126.0827912030676, 8.823394514270953], [126.0632415421523, 8.812045331867292], [126.05186558444909, 8.799805179413234], [126.04255871516952, 8.78349464125731], [126.03915377955181, 8.754943950647325], [126.04449712494915, 8.72639326003734], [126.0518655844491, 8.705911305216464], [126.05434484241802, 8.697842569427358], [126.0634839627096, 8.669291878817374], [126.07003331086206, 8.64074118820739], [126.07117736851471, 8.612190497597407], [126.08279120306759, 8.5972703148902], [126.0930107247044, 8.583639806987424], [126.10984443843259, 8.55508911637744], [126.11283492280306, 8.526538425767457], [126.11150418646909, 8.497987735157473], [126.1124661194957, 8.469437044547488], [126.11371682168607, 8.465325267448446], [126.12491261137123, 8.440886353937504], [126.14464244030458, 8.424787731888898]]]}, "properties": {"fillColor": "#FFA500", "fillOpacity": 0.7, "color": "#000000", "weight": 0.2, "stroke": false}}, {"type": "Feature", "geometry": {"type": "Polygon", "coordinates": [[[126.17112319371311, 8.526538425767455], [126.17090307897712, 8.55508911637744], [126.17293875991312, 8.583639806987424], [126.16282768470165, 8.612190497597407], [126.14464244030455, 8.627168073330228], [126.13380455934765, 8.64074118820739], [126.11436560726492, 8.669291878817374], [126.11371682168607, 8.670681001186301], [126.1036205413946, 8.697842569427358], [126.09798703683774, 8.72639326003734], [126.10159464188942, 8.754943950647325], [126.11371682168607, 8.767716319919614], [126.14464244030457, 8.772663445070485], [126.17556805892305, 8.766973582389072], [126.20247986380564, 8.754943950647325], [126.20649367754154, 8.752472358478949], [126.22779755590639, 8.72639326003734], [126.23741929616003, 8.70215026251401], [126.23943304410028, 8.697842569427358], [126.2484178495153, 8.669291878817374], [126.25382820530643, 8.64074118820739], [126.24144319277505, 8.612190497597407], [126.23741929616003, 8.601534518950587], [126.22938049628897, 8.583639806987424], [126.21432289601765, 8.55508911637744], [126.20649367754154, 8.544627906369978], [126.18540722317343, 8.526538425767455], [126.17556805892303, 8.519050712269165], [126.17112319371311, 8.526538425767455]]]}, "properties": {"fillColor": "#FFA500", "fillOpacity": 0.7, "color": "#000000", "weight": 0.2, "stroke": false}}, {"type": "Feature", "geometry": {"type": "Polygon", "coordinates": [[[126.36555228767017, 8.612190497597407], [126.36112177063399, 8.614615149805154], [126.3301961520155, 8.633247707745069], [126.31590521819746, 8.64074118820739], [126.32541640395156, 8.669291878817374], [126.3301961520155, 8.671582150502244], [126.361121770634, 8.68001002421246], [126.3920473892525, 8.680940760370103], [126.42297300787098, 8.676238724546687], [126.43324387657756, 8.669291878817374], [126.44483933891959, 8.64074118820739], [126.44288291149515, 8.612190497597407], [126.42297300787098, 8.595870465952302], [126.3920473892525, 8.600678939777978], [126.36555228767017, 8.612190497597407]]]}, "properties": {"fillColor": "#FFA500", "fillOpacity": 0.7, "color": "#000000", "weight": 0.2, "stroke": false}}, {"type": "Feature", "geometry": {"type": "Polygon", "coordinates": [[[138.2984105573716, 8.656469782462857], [138.32933617599008, 8.64717699793292], [138.36026179460856, 8.645750958459143], [138.39118741322704, 8.648818257883887], [138.42211303184556, 8.656359595231754], [138.44788276146986, 8.669291878817374], [138.45303865046404, 8.673207146850318], [138.47458792741892, 8.697842569427358], [138.47682008958347, 8.72639326003734], [138.47206515759763, 8.754943950647325], [138.45691994045882, 8.78349464125731], [138.45303865046404, 8.78733767948841], [138.42211303184556, 8.807882026295127], [138.40553676072932, 8.812045331867292], [138.39118741322704, 8.816254533813643], [138.36026179460856, 8.815728497264168], [138.34935563578878, 8.812045331867292], [138.32933617599008, 8.807816710993276], [138.2984105573716, 8.79331772540615], [138.28518001082685, 8.78349464125731], [138.26748493875309, 8.766729214456456], [138.25730621026318, 8.754943950647325], [138.24795323033428, 8.72639326003734], [138.25309520828768, 8.697842569427358], [138.26748493875309, 8.679840146126924], [138.27835270946983, 8.669291878817374], [138.2984105573716, 8.656469782462857]]]}, "properties": {"fillColor": "#FFA500", "fillOpacity": 0.7, "color": "#000000", "weight": 0.2, "stroke": false}}, {"type": "Feature", "geometry": {"type": "Polygon", "coordinates": [[[138.31999870206522, 8.669291878817374], [138.2984105573716, 8.679685434041845], [138.2792172196178, 8.697842569427358], [138.2728337907094, 8.72639326003734], [138.28525200531448, 8.754943950647325], [138.2984105573716, 8.76725428729175], [138.32809041370862, 8.78349464125731], [138.32933617599008, 8.784206340432526], [138.36026179460856, 8.792950954089719], [138.39118741322704, 8.79085345639739], [138.40822428941294, 8.78349464125731], [138.42211303184556, 8.773009764381799], [138.43626492486607, 8.754943950647325], [138.44122128529506, 8.72639326003734], [138.43249051366388, 8.697842569427358], [138.42211303184556, 8.689196005278161], [138.39118741322704, 8.6729927484612], [138.37813180757297, 8.669291878817374], [138.36026179460856, 8.664557120176111], [138.32933617599008, 8.665193424999195], [138.31999870206522, 8.669291878817374]]]}, "properties": {"fillColor": "#FFA500", "fillOpacity": 0.7, "color": "#000000", "weight": 0.2, "stroke": false}}, {"type": "Feature", "geometry": {"type": "Polygon", "coordinates": [[[135.4223280258519, 8.8352583853218], [135.4532536444704, 8.835692980588904], [135.4704249310512, 8.840596022477277], [135.4841792630889, 8.867013090354655], [135.48466007763463, 8.869146713087261], [135.4841792630889, 8.869967509711623], [135.46876337765764, 8.897697403697244], [135.4532536444704, 8.910288619734787], [135.4223280258519, 8.9261175387166], [135.42150465437606, 8.926248094307226], [135.39140240723341, 8.929814595463437], [135.380255418017, 8.926248094307226], [135.36047678861493, 8.914777218511968], [135.348818793901, 8.897697403697244], [135.36016661041762, 8.869146713087261], [135.36047678861493, 8.868816195007296], [135.39140240723341, 8.845127928619684], [135.40569548117017, 8.840596022477277], [135.4223280258519, 8.8352583853218]]]}, "properties": {"fillColor": "#FFA500", "fillOpacity": 0.7, "color": "#000000", "weight": 0.2, "stroke": false}}, {"type": "Feature", "geometry": {"type": "Polygon", "coordinates": [[[131.64940255439598, 9.858772718919303], [131.6803281730145, 9.85969007403294], [131.70728379973013, 9.868420884436688], [131.71125379163297, 9.869380537746444], [131.74217941025145, 9.881008690047455], [131.76782478543893, 9.89697157504667], [131.77310502886996, 9.900219523253567], [131.80403064748845, 9.923094394708064], [131.80727899759933, 9.925522265656655], [131.83495626610693, 9.948471729447933], [131.8442905305247, 9.95407295626664], [131.8658818847254, 9.972199950250841], [131.89680750334392, 9.982368078837668], [131.89922459580634, 9.982623646876622], [131.9277331219624, 9.985910305177757], [131.9586587405809, 9.98841440558519], [131.9895843591994, 9.989957255047894], [132.02050997781788, 9.99440793998848], [132.05143559643636, 10.008145689371668], [132.0557943485478, 10.011174337486606], [132.07919983469785, 10.03972502809659], [132.08236121505487, 10.049464784004417], [132.08886117481458, 10.068275718706573], [132.0995063410162, 10.096826409316556], [132.11328683367336, 10.113140820814714], [132.13278709765484, 10.12537709992654], [132.14421245229184, 10.129334135986234], [132.17513807091035, 10.14211096049867], [132.20606368952883, 10.151797640199199], [132.23698930814732, 10.137790062244878], [132.2559341336036, 10.12537709992654], [132.2679149267658, 10.115887602966778], [132.2988405453843, 10.101340602667449], [132.3297661640028, 10.098947082050294], [132.36069178262127, 10.103642072335054], [132.39161740123978, 10.115885111207149], [132.40442075863803, 10.12537709992654], [132.42254301985827, 10.141068544534217], [132.43450209946852, 10.153927790536525], [132.4491411210199, 10.182478481146507], [132.4503241465865, 10.211029171756493], [132.44629604473914, 10.239579862366476], [132.43546590505775, 10.268130552976459], [132.42254301985827, 10.284330040344269], [132.41152432184478, 10.296681243586441], [132.39161740123978, 10.311641679331508], [132.36069178262127, 10.323390591219436], [132.35207845890244, 10.325231934196427], [132.3297661640028, 10.33215185889324], [132.2988405453843, 10.338791435160315], [132.2679149267658, 10.34341997340772], [132.23698930814732, 10.346540428217033], [132.20606368952883, 10.350299966475376], [132.17895271250785, 10.35378262480641], [132.17513807091035, 10.35476844622898], [132.14421245229184, 10.362608605296991], [132.11328683367336, 10.369628089637574], [132.08236121505487, 10.37189620423952], [132.05143559643636, 10.367268938902079], [132.02531703778826, 10.35378262480641], [132.02050997781788, 10.350238899732412], [132.00195652831042, 10.325231934196427], [131.99460560656564, 10.296681243586441], [131.99092635171502, 10.268130552976459], [131.9895843591994, 10.26242750582274], [131.98290045207986, 10.239579862366476], [131.96527917876716, 10.211029171756492], [131.9586587405809, 10.204308730945678], [131.93380866331515, 10.182478481146507], [131.9277331219624, 10.17690334186727], [131.89917647316187, 10.153927790536525], [131.89680750334392, 10.151186452258925], [131.8658818847254, 10.130813801355835], [131.85126762128755, 10.12537709992654], [131.83495626610693, 10.118175880361388], [131.80403064748845, 10.099521066610297], [131.8013082627132, 10.096826409316558], [131.77516233528468, 10.068275718706573], [131.77310502886996, 10.066911545647], [131.7453759829247, 10.03972502809659], [131.74217941025145, 10.038067792227658], [131.71125379163297, 10.018801455367074], [131.70067466091984, 10.011174337486606], [131.6803281730145, 10.001697446772013], [131.6513891275674, 9.982623646876622], [131.64940255439598, 9.981445811126072], [131.6197622534195, 9.95407295626664], [131.6184769357775, 9.95177084548962], [131.60287095678672, 9.925522265656655], [131.60201893753458, 9.89697157504667], [131.6184769357775, 9.873613710869904], [131.62649203006367, 9.868420884436688], [131.64940255439598, 9.858772718919303]]]}, "properties": {"fillColor": "#FFA500", "fillOpacity": 0.7, "color": "#000000", "weight": 0.2, "stroke": false}}, {"type": "Feature", "geometry": {"type": "Polygon", "coordinates": [[[131.6341396577235, 9.89697157504667], [131.62980235143962, 9.925522265656655], [131.64909317086196, 9.95407295626664], [131.64940255439598, 9.954358672345553], [131.6803281730145, 9.975411936635297], [131.6979575398517, 9.982623646876622], [131.71125379163297, 9.989716706780197], [131.74217941025145, 10.001137314924211], [131.77310502886996, 9.997040228275745], [131.78599376784513, 9.982623646876622], [131.7910182975936, 9.95407295626664], [131.77310502886996, 9.933734022117852], [131.76691467573477, 9.925522265656655], [131.74217941025145, 9.908429633755992], [131.7203255191692, 9.89697157504667], [131.71125379163297, 9.892301809232327], [131.6803281730145, 9.88256111524965], [131.64940255439598, 9.885026099273311], [131.6341396577235, 9.89697157504667]]]}, "properties": {"fillColor": "#FFA500", "fillOpacity": 0.7, "color": "#000000", "weight": 0.2, "stroke": false}}, {"type": "Feature", "geometry": {"type": "Polygon", "coordinates": [[[131.97327271877933, 10.03972502809659], [131.9586587405809, 10.048762891562271], [131.94192469095162, 10.068275718706573], [131.93545044064763, 10.096826409316556], [131.94117458667705, 10.125377099926542], [131.9586587405809, 10.147855954508794], [131.9637106279137, 10.153927790536526], [131.9895843591994, 10.176392702144453], [131.99827634539568, 10.182478481146507], [132.02050997781788, 10.209544144175904], [132.0216745705423, 10.211029171756492], [132.03151300995964, 10.239579862366476], [132.03985629842762, 10.268130552976459], [132.05143559643636, 10.291940760716445], [132.05493576919693, 10.296681243586441], [132.08236121505487, 10.316125170865778], [132.11328683367336, 10.322059373724684], [132.14421245229184, 10.321562899999064], [132.17513807091035, 10.320717995916057], [132.20606368952883, 10.32098564400954], [132.23698930814732, 10.321361529190101], [132.2679149267658, 10.32082684357856], [132.2988405453843, 10.317268809428294], [132.3297661640028, 10.311087890106183], [132.36069178262127, 10.301146673049628], [132.36910357509657, 10.296681243586441], [132.39161740123978, 10.281326534468867], [132.4043012769939, 10.268130552976459], [132.41599750365748, 10.239579862366476], [132.41915779805043, 10.211029171756492], [132.41222723345703, 10.182478481146507], [132.39161740123978, 10.16062332157027], [132.3785227952671, 10.153927790536525], [132.36069178262127, 10.142848873774986], [132.32976616400276, 10.134284236794528], [132.2988405453843, 10.139379751981977], [132.2766918298937, 10.153927790536525], [132.2679149267658, 10.158301404346442], [132.23698930814732, 10.172434973680879], [132.20606368952883, 10.179423465142637], [132.17513807091035, 10.1711339211457], [132.14421245229184, 10.15918552879883], [132.11404996825163, 10.153927790536525], [132.11328683367336, 10.153754419227177], [132.08236121505487, 10.136063769463961], [132.07424529976635, 10.12537709992654], [132.0598771233138, 10.096826409316556], [132.05143559643636, 10.074133066614351], [132.04854702656385, 10.068275718706573], [132.02431126459135, 10.03972502809659], [132.02050997781788, 10.03709094485934], [131.9895843591994, 10.033785303020721], [131.97327271877933, 10.03972502809659]]]}, "properties": {"fillColor": "#FFA500", "fillOpacity": 0.7, "color": "#000000", "weight": 0.2, "stroke": false}}, {"type": "Feature", "geometry": {"type": "Polygon", "coordinates": [[[122.27894011299315, 9.886444556453348], [122.30986573161167, 9.88601124766219], [122.32299034311315, 9.89697157504667], [122.33998923949366, 9.925522265656655], [122.34079135023015, 9.928850963419414], [122.34654510726952, 9.95407295626664], [122.34215157103985, 9.982623646876622], [122.34079135023015, 9.984696941552867], [122.30986573161167, 10.002363780884316], [122.27894011299318, 9.99250776035774], [122.26819619317433, 9.982623646876622], [122.25257857091088, 9.95407295626664], [122.25226005341102, 9.925522265656653], [122.26621767533837, 9.89697157504667], [122.27894011299315, 9.886444556453348]]]}, "properties": {"fillColor": "#FFA500", "fillOpacity": 0.7, "color": "#000000", "weight": 0.2, "stroke": false}}, {"type": "Feature", "geometry": {"type": "Polygon", "coordinates": [[[120.76358480068708, 10.11667523546761], [120.7945104193056, 10.107110466046286], [120.82543603792408, 10.103005703177802], [120.85636165654257, 10.101780656132968], [120.88728727516107, 10.102068965807378], [120.91821289377955, 10.10257971428598], [120.94913851239806, 10.104791920965527], [120.98006413101655, 10.109910723325394], [121.01098974963503, 10.124429984912979], [121.0120231437901, 10.12537709992654], [121.02850029876089, 10.153927790536525], [121.0188245025713, 10.182478481146507], [121.01098974963504, 10.188190105743326], [120.98006413101653, 10.191761399732414], [120.95181697315071, 10.182478481146507], [120.94913851239805, 10.181724211471565], [120.91821289377955, 10.174438157283857], [120.88728727516107, 10.174012622797898], [120.85636165654257, 10.180848241837772], [120.85023478594266, 10.182478481146507], [120.82543603792408, 10.189417063786465], [120.7945104193056, 10.191824131469678], [120.7635848006871, 10.186230096906359], [120.7566997160549, 10.182478481146507], [120.7326591820686, 10.154731242372254], [120.73216530643802, 10.153927790536525], [120.7326591820686, 10.152834818100615], [120.74794749813165, 10.12537709992654], [120.76358480068708, 10.11667523546761]]]}, "properties": {"fillColor": "#FFA500", "fillOpacity": 0.7, "color": "#000000", "weight": 0.2, "stroke": false}}, {"type": "Feature", "geometry": {"type": "Polygon", "coordinates": [[[120.79344639155492, 10.153927790536525], [120.7945104193056, 10.154447095660283], [120.82543603792408, 10.153968994997419], [120.82558043701202, 10.153927790536525], [120.82543603792408, 10.15383327434335], [120.7945104193056, 10.153079252754448], [120.79344639155492, 10.153927790536525]]]}, "properties": {"fillColor": "#FFA500", "fillOpacity": 0.7, "color": "#000000", "weight": 0.2, "stroke": false}}, {"type": "Feature", "geometry": {"type": "Polygon", "coordinates": [[[134.61826194177115, 10.344785848815432], [134.64918756038963, 10.33590082170992], [134.68011317900812, 10.333967675197183], [134.7110387976266, 10.340671415581475], [134.72903018910827, 10.35378262480641], [134.73514270584948, 10.382333315416393], [134.71866360200391, 10.410884006026377], [134.7110387976266, 10.417813122250328], [134.6842610846131, 10.439434696636363], [134.68011317900812, 10.442267753413583], [134.64918756038963, 10.458691618615623], [134.61826194177115, 10.464561686342522], [134.58733632315264, 10.458200091438382], [134.56760621866658, 10.439434696636361], [134.56240094793932, 10.410884006026377], [134.57188108263426, 10.382333315416393], [134.58733632315264, 10.365454249376967], [134.6041686265511, 10.35378262480641], [134.61826194177115, 10.344785848815432]]]}, "properties": {"fillColor": "#FFA500", "fillOpacity": 0.7, "color": "#000000", "weight": 0.2, "stroke": false}}, {"type": "Feature", "geometry": {"type": "Polygon", "coordinates": [[[134.6039476905529, 10.382333315416393], [134.59177789254994, 10.410884006026377], [134.61826194177115, 10.437311522928638], [134.64918756038963, 10.429357325042124], [134.67577795753425, 10.410884006026375], [134.68011317900812, 10.401881671348134], [134.68999429501235, 10.382333315416393], [134.68011317900812, 10.372143915565363], [134.64918756038963, 10.363924590310203], [134.61826194177115, 10.37115634177136], [134.6039476905529, 10.382333315416393]]]}, "properties": {"fillColor": "#FFA500", "fillOpacity": 0.7, "color": "#000000", "weight": 0.2, "stroke": false}}, {"type": "Feature", "geometry": {"type": "Polygon", "coordinates": [[[140.49412947928445, 10.438884456248026], [140.52505509790296, 10.433615525090437], [140.55598071652145, 10.433273175403517], [140.58690633513993, 10.436490256910218], [140.59507921523635, 10.439434696636361], [140.58690633513993, 10.463432478449882], [140.58610098256725, 10.467985387246344], [140.5630221348211, 10.496536077856328], [140.55598071652145, 10.505564672843759], [140.5401188688311, 10.525086768466313], [140.52505509790296, 10.534818838165648], [140.49412947928445, 10.54998918452847], [140.4848695424473, 10.553637459076295], [140.46320386066594, 10.560366948269271], [140.43227824204746, 10.569301269973494], [140.40135262342898, 10.577129466518155], [140.3704270048105, 10.580226460205003], [140.339501386192, 10.571328372291273], [140.31978985352703, 10.553637459076295], [140.31745440422333, 10.525086768466313], [140.3349331312899, 10.496536077856328], [140.339501386192, 10.492574235007336], [140.3704270048105, 10.470769494934947], [140.37511264692787, 10.467985387246344], [140.40135262342898, 10.455607924496485], [140.43227824204746, 10.448096485595055], [140.46320386066597, 10.44405016741919], [140.49186089690605, 10.439434696636361], [140.49412947928445, 10.438884456248026]]]}, "properties": {"fillColor": "#FFA500", "fillOpacity": 0.7, "color": "#000000", "weight": 0.2, "stroke": false}}, {"type": "Feature", "geometry": {"type": "Polygon", "coordinates": [[[140.38840684023097, 10.496536077856328], [140.37155624142505, 10.525086768466313], [140.40135262342898, 10.54317031357238], [140.43227824204746, 10.533051273676467], [140.44843333329396, 10.525086768466313], [140.46320386066597, 10.512404816508731], [140.48161962700738, 10.496536077856328], [140.46320386066597, 10.475847009313618], [140.43227824204746, 10.476819554140146], [140.40135262342898, 10.487989300008909], [140.38840684023097, 10.496536077856328]]]}, "properties": {"fillColor": "#FFA500", "fillOpacity": 0.7, "color": "#000000", "weight": 0.2, "stroke": false}}, {"type": "Feature", "geometry": {"type": "Polygon", "coordinates": [[[139.75191463244067, 10.807960223002796], [139.78284025105916, 10.793568187811768], [139.81376586967764, 10.789156585075839], [139.84469148829612, 10.797177455176396], [139.86040019120213, 10.81059367456615], [139.87561710691463, 10.835619493853835], [139.877601450573, 10.839144365176132], [139.8810812753818, 10.867695055786115], [139.87561710691463, 10.877532781150475], [139.8664127188568, 10.896245746396099], [139.84469148829615, 10.922085481607613], [139.83990373326466, 10.924796437006083], [139.81376586967764, 10.951843508968023], [139.80725761184303, 10.953347127616066], [139.81376586967764, 10.955327863440695], [139.84469148829615, 10.966496711553752], [139.87015793014854, 10.98189781822605], [139.87561710691463, 10.983879597816843], [139.90654272553311, 11.006792233100466], [139.9095980615799, 11.010448508836035], [139.93746834415163, 11.03568943594961], [139.94080165927494, 11.038999199446017], [139.96392616586394, 11.067549890056], [139.9683939627701, 11.087077103629955], [139.9708049425836, 11.096100580665984], [139.9683939627701, 11.103353743669526], [139.96214878416873, 11.124651271275969], [139.93746834415163, 11.149165402275262], [139.92962511175745, 11.153201961885951], [139.90654272553311, 11.162428790185622], [139.87561710691466, 11.165467144583513], [139.84469148829618, 11.16201618875929], [139.81376586967764, 11.153431387536015], [139.81306117561184, 11.153201961885951], [139.78284025105916, 11.144970937562876], [139.75191463244067, 11.13419459842892], [139.73418125991827, 11.124651271275969], [139.7209890138222, 11.115865789079361], [139.70154800769348, 11.096100580665984], [139.69006339520368, 11.074026793453614], [139.68654177955963, 11.067549890056], [139.67437450528791, 11.038999199446017], [139.6591377765852, 11.019744847396229], [139.64413101511508, 11.010448508836035], [139.62821215796671, 10.999857600476485], [139.6056954978729, 10.98189781822605], [139.62821215796671, 10.956573754427556], [139.6323545969706, 10.953347127616066], [139.6591377765852, 10.937290656886589], [139.6735008118917, 10.924796437006083], [139.68829169302256, 10.896245746396099], [139.69006339520368, 10.892820508508947], [139.69749014983174, 10.867695055786115], [139.71487042503088, 10.839144365176132], [139.7209890138222, 10.83311618040188], [139.74805326361917, 10.81059367456615], [139.75191463244067, 10.807960223002796]]]}, "properties": {"fillColor": "#FFA500", "fillOpacity": 0.7, "color": "#000000", "weight": 0.2, "stroke": false}}, {"type": "Feature", "geometry": {"type": "Polygon", "coordinates": [[[139.7533316436911, 10.839144365176132], [139.75191463244067, 10.840956304323932], [139.7357116725843, 10.867695055786115], [139.73893906794652, 10.896245746396099], [139.75191463244067, 10.91070671157755], [139.78284025105916, 10.91952117911077], [139.81376586967764, 10.91159235793229], [139.83365469280798, 10.896245746396099], [139.84469148829615, 10.881364490248657], [139.85442013360736, 10.867695055786115], [139.8488880898672, 10.839144365176132], [139.84469148829615, 10.833981617958594], [139.81376586967764, 10.817823186208239], [139.78284025105916, 10.821679371151962], [139.7533316436911, 10.839144365176132]]]}, "properties": {"fillColor": "#FFA500", "fillOpacity": 0.7, "color": "#000000", "weight": 0.2, "stroke": false}}, {"type": "Feature", "geometry": {"type": "Polygon", "coordinates": [[[139.76624754817504, 11.038999199446017], [139.75191463244067, 11.054836226698383], [139.7444335623082, 11.067549890056], [139.75191463244067, 11.077723357699863], [139.76574721473492, 11.096100580665984], [139.78284025105916, 11.10558137597733], [139.81376586967764, 11.121487385996817], [139.82180092305748, 11.124651271275969], [139.84469148829615, 11.131437453768285], [139.87561710691463, 11.133525864759829], [139.90631922812355, 11.124651271275969], [139.90654272553311, 11.12450086956066], [139.9247018606347, 11.096100580665986], [139.91420378704535, 11.067549890056], [139.90654272553311, 11.06007598463768], [139.87860076653357, 11.038999199446017], [139.87561710691463, 11.036872541173167], [139.84469148829615, 11.024119675570171], [139.81376586967764, 11.021123323725387], [139.78284025105916, 11.030130051640077], [139.76624754817504, 11.038999199446017]]]}, "properties": {"fillColor": "#FFA500", "fillOpacity": 0.7, "color": "#000000", "weight": 0.2, "stroke": false}}, {"type": "Feature", "geometry": {"type": "Polygon", "coordinates": [[[143.74131943422603, 10.93536927338514], [143.7722450528445, 10.930537685197255], [143.80317067146302, 10.931903011887155], [143.8340962900815, 10.938859036524839], [143.86316040922384, 10.953347127616066], [143.8650219087, 10.953930463700036], [143.89594752731847, 10.962015498592496], [143.92687314593698, 10.970872598256387], [143.95779876455546, 10.981279134635747], [143.9595594301095, 10.981897818226049], [143.98872438317397, 10.9891462249917], [144.01965000179246, 11.0001888127446], [144.03948494737458, 11.010448508836035], [144.05057562041094, 11.015847312846518], [144.08150123902942, 11.031335539018537], [144.0958954066568, 11.038999199446017], [144.11242685764793, 11.049701477590702], [144.14031720104416, 11.067549890056], [144.14335247626641, 11.071200402607424], [144.16896514482212, 11.096100580665984], [144.16953034087538, 11.124651271275969], [144.14335247626641, 11.139819924740365], [144.11242685764793, 11.15189835336811], [144.1095586116772, 11.153201961885951], [144.08150123902942, 11.165107683585584], [144.05057562041094, 11.178293137223429], [144.0395387538151, 11.181752652495936], [144.01965000179246, 11.188130751623717], [143.98872438317397, 11.190689449708321], [143.9577987645555, 11.191416045136775], [143.92687314593698, 11.188074866863627], [143.91034681954602, 11.181752652495936], [143.89594752731847, 11.177944522191439], [143.8650219087, 11.18044646480104], [143.86304145005087, 11.181752652495936], [143.8340962900815, 11.21011048655604], [143.83394170111325, 11.21030334310592], [143.80317067146302, 11.23776389551979], [143.80060518998974, 11.238854033715903], [143.77224505284448, 11.24895350337448], [143.74404419586523, 11.238854033715903], [143.74131943422603, 11.238183028591628], [143.71039381560755, 11.220037737738563], [143.69781722675623, 11.21030334310592], [143.67946819698903, 11.191542912435246], [143.66947911334847, 11.181752652495938], [143.64923661590078, 11.153201961885951], [143.64854257837055, 11.15154932074588], [143.63644135493027, 11.124651271275969], [143.63093977350627, 11.096100580665984], [143.6307947236332, 11.067549890056], [143.6366887844676, 11.038999199446017], [143.64854257837055, 11.016503126278355], [143.65042918864444, 11.010448508836035], [143.6732469542558, 10.981897818226049], [143.67946819698903, 10.975802928767303], [143.71039381560755, 10.953360123059285], [143.71042653338029, 10.953347127616066], [143.74131943422603, 10.93536927338514]]]}, "properties": {"fillColor": "#FFA500", "fillOpacity": 0.7, "color": "#000000", "weight": 0.2, "stroke": false}}, {"type": "Feature", "geometry": {"type": "Polygon", "coordinates": [[[143.7043910009918, 10.98189781822605], [143.67946819698903, 11.003332940501444], [143.672966260833, 11.010448508836035], [143.65704101870193, 11.038999199446017], [143.65462866764298, 11.067549890056], [143.65652231641803, 11.096100580665984], [143.66497460920044, 11.124651271275969], [143.67946819698903, 11.147447483484763], [143.68201425392292, 11.153201961885951], [143.70017671411918, 11.181752652495936], [143.71039381560755, 11.191642987061345], [143.73933602793682, 11.21030334310592], [143.74131943422603, 11.21168806349479], [143.7722450528445, 11.216621472180533], [143.78283431665267, 11.21030334310592], [143.80317067146302, 11.190169246097044], [143.81033062641148, 11.181752652495938], [143.8340962900815, 11.156831972924644], [143.83966873175092, 11.153201961885951], [143.8650219087, 11.137803246353712], [143.89594752731847, 11.13113292164062], [143.92687314593698, 11.13214871735427], [143.95779876455546, 11.13567971024673], [143.98872438317397, 11.135006311052186], [144.01965000179246, 11.124911706054487], [144.0201354183519, 11.124651271275969], [144.05057562041094, 11.10360631702877], [144.06227989922886, 11.096100580665984], [144.06440812341881, 11.067549890056], [144.05057562041094, 11.057619008709656], [144.02720516620502, 11.038999199446017], [144.01965000179246, 11.035117095280816], [143.98872438317397, 11.018932901847752], [143.97326559263885, 11.010448508836035], [143.95779876455546, 11.00400703688768], [143.92687314593698, 10.993177216765261], [143.89594752731847, 10.985351336824415], [143.88470736458964, 10.98189781822605], [143.8650219087, 10.97356413180297], [143.8340962900815, 10.962172096392404], [143.80317067146302, 10.956316694442062], [143.7722450528445, 10.95666146976093], [143.741319434226, 10.961145291622113], [143.71039381560755, 10.976958173345546], [143.7043910009918, 10.98189781822605]]]}, "properties": {"fillColor": "#FFA500", "fillOpacity": 0.7, "color": "#000000", "weight": 0.2, "stroke": false}}, {"type": "Feature", "geometry": {"type": "Polygon", "coordinates": [[[135.57695611894437, 11.69189508816698], [135.5800836891193, 11.695665083475642], [135.57695611894437, 11.697702429309132], [135.5690283121311, 11.695665083475642], [135.57695611894437, 11.69189508816698]]]}, "properties": {"fillColor": "#FFA500", "fillOpacity": 0.7, "color": "#000000", "weight": 0.2, "stroke": false}}, {"type": "Feature", "geometry": {"type": "Polygon", "coordinates": [[[135.8552866865108, 11.73353148281775], [135.88621230512928, 11.730804569093124], [135.91713792374776, 11.735011937116543], [135.94806354236624, 11.749037053722278], [135.9537613404369, 11.752766464695608], [135.97898916098475, 11.764674266376357], [136.00991477960324, 11.777063062440336], [136.01816319891046, 11.781317155305594], [136.04084039822175, 11.791244048390663], [136.07102422849104, 11.809867845915576], [136.07176601684023, 11.810278970389712], [136.1026916354587, 11.821089581535183], [136.1336172540772, 11.822646142013607], [136.1645428726957, 11.820505931303], [136.1954684913142, 11.820238331681676], [136.22639410993267, 11.825045833010233], [136.25666693989743, 11.838418536525559], [136.25731972855118, 11.839101315684804], [136.27449682943154, 11.866969227135543], [136.26892275722906, 11.895519917745528], [136.25731972855118, 11.907398213367138], [136.2300515312441, 11.92407060835551], [136.22639410993267, 11.925588022644702], [136.1954684913142, 11.934067701834799], [136.1645428726957, 11.940904975600603], [136.1336172540772, 11.943262488657954], [136.1026916354587, 11.94929288325467], [136.09501395298003, 11.952621298965495], [136.07176601684023, 11.964343604540478], [136.04084039822175, 11.979238430899866], [136.03728585299572, 11.98117198957548], [136.00991477960324, 11.99971256228069], [135.9951054146327, 12.009722680185462], [135.97898916098475, 12.018733391259827], [135.94806354236624, 12.030971387870586], [135.91713792374776, 12.035032975861855], [135.88621230512928, 12.035614893678773], [135.8552866865108, 12.032209765780598], [135.82436106789228, 12.02293419401313], [135.80052054847587, 12.009722680185462], [135.7934354492738, 12.00416806187667], [135.77248462066348, 11.98117198957548], [135.76250983065532, 11.957320906576719], [135.7608681789972, 11.952621298965497], [135.7543099355274, 11.92407060835551], [135.75684804379358, 11.895519917745528], [135.76250983065532, 11.884803713592568], [135.76977008432792, 11.866969227135542], [135.78297410678377, 11.838418536525559], [135.7934354492738, 11.81854535228196], [135.79861185204825, 11.809867845915576], [135.81824505225734, 11.781317155305594], [135.82436106789228, 11.769304228433018], [135.8401768230495, 11.752766464695608], [135.8552866865108, 11.73353148281775]]]}, "properties": {"fillColor": "#FFA500", "fillOpacity": 0.7, "color": "#000000", "weight": 0.2, "stroke": false}}, {"type": "Feature", "geometry": {"type": "Polygon", "coordinates": [[[135.85772499004185, 11.809867845915576], [135.8552866865108, 11.811620736216243], [135.82617297343458, 11.838418536525559], [135.82436106789228, 11.840835289422714], [135.80980329647076, 11.866969227135543], [135.79901774806444, 11.895519917745528], [135.7976573207517, 11.92407060835551], [135.80663371962225, 11.952621298965495], [135.82436106789228, 11.975546230669751], [135.82864972158217, 11.98117198957548], [135.8552866865108, 12.000849830228539], [135.88192699270124, 12.009722680185462], [135.88621230512928, 12.010962163385082], [135.91713792374776, 12.010957534513649], [135.92344260360605, 12.009722680185462], [135.94806354236624, 12.006408862345507], [135.97898916098475, 11.988102260324226], [135.9876470741245, 11.98117198957548], [136.00991477960324, 11.959613800660152], [136.02084626574882, 11.952621298965495], [136.04084039822175, 11.93924161342784], [136.0641265661519, 11.92407060835551], [136.07176601684023, 11.914172210217293], [136.10016397590533, 11.895519917745528], [136.08982191517325, 11.866969227135543], [136.07176601684023, 11.859085508838387], [136.046496418151, 11.838418536525559], [136.04084039822175, 11.834938858141628], [136.00991477960324, 11.81724592115767], [135.98760307985103, 11.809867845915576], [135.97898916098475, 11.806548950921599], [135.94806354236624, 11.796432191813592], [135.91713792374776, 11.787676154777865], [135.88621230512928, 11.790278564326604], [135.85772499004185, 11.809867845915576]]]}, "properties": {"fillColor": "#FFA500", "fillOpacity": 0.7, "color": "#000000", "weight": 0.2, "stroke": false}}, {"type": "Feature", "geometry": {"type": "Polygon", "coordinates": [[[136.15731913536547, 11.866969227135542], [136.14599268973743, 11.895519917745528], [136.16454287269568, 11.896104995449157], [136.16637708723493, 11.895519917745528], [136.17393549648125, 11.866969227135545], [136.1645428726957, 11.866008443375238], [136.15731913536547, 11.866969227135542]]]}, "properties": {"fillColor": "#FFA500", "fillOpacity": 0.7, "color": "#000000", "weight": 0.2, "stroke": false}}, {"type": "Feature", "geometry": {"type": "Polygon", "coordinates": [[[129.97941914899747, 12.261166999384635], [130.01034476761595, 12.266417484921748], [130.01076107622941, 12.266678895675314], [130.04127038623446, 12.29362006477184], [130.04250360372106, 12.295229586285298], [130.05017072531712, 12.323780276895281], [130.04127038623446, 12.348638701346248], [130.03980451142138, 12.352330967505265], [130.01034476761595, 12.375401858321665], [129.97941914899747, 12.377000916619968], [129.94849353037898, 12.36049326091848], [129.94124153327147, 12.352330967505265], [129.92857925415754, 12.323780276895281], [129.93231144259897, 12.295229586285298], [129.94849353037898, 12.275185488883967], [129.96651062797426, 12.266678895675316], [129.97941914899747, 12.261166999384635]]]}, "properties": {"fillColor": "#FFA500", "fillOpacity": 0.7, "color": "#000000", "weight": 0.2, "stroke": false}}, {"type": "Feature", "geometry": {"type": "Polygon", "coordinates": [[[129.96577680710044, 12.295229586285298], [129.95641973417145, 12.323780276895281], [129.97941914899747, 12.348908297347439], [130.01034476761595, 12.34261214972814], [130.02225266857863, 12.323780276895281], [130.01257714676228, 12.295229586285298], [130.01034476761595, 12.29321213946318], [129.97941914899747, 12.286445776500907], [129.96577680710044, 12.295229586285298]]]}, "properties": {"fillColor": "#FFA500", "fillOpacity": 0.7, "color": "#000000", "weight": 0.2, "stroke": false}}, {"type": "Feature", "geometry": {"type": "Polygon", "coordinates": [[[144.6072367555438, 13.201773227113836], [144.63816237416228, 13.198071758563405], [144.66908799278076, 13.199989395495749], [144.6979432861936, 13.208851685804776], [144.70001361139924, 13.209450058587112], [144.73093923001775, 13.22941945705351], [144.7390770798532, 13.237402376414758], [144.75769091128777, 13.265953067024743], [144.76186484863624, 13.279235000620059], [144.7664141626624, 13.294503757634725], [144.7618648486362, 13.30519291329815], [144.75533214195497, 13.323054448244712], [144.74093903282795, 13.351605138854694], [144.73093923001775, 13.3621620539233], [144.71131915722205, 13.380155829464677], [144.70001361139924, 13.387825286951713], [144.66908799278076, 13.40259046396423], [144.645399725329, 13.408706520074661], [144.63816237416228, 13.411183047033907], [144.6072367555438, 13.420148992813383], [144.57631113692528, 13.428415350120336], [144.5453855183068, 13.434778161366179], [144.530268912447, 13.437257210684644], [144.5144598996883, 13.441865881612507], [144.4835342810698, 13.449116154844358], [144.45260866245133, 13.454669896080796], [144.42168304383284, 13.459069166347344], [144.39075742521436, 13.462932547299655], [144.3652960453016, 13.465807901294628], [144.35983180659585, 13.466786740655357], [144.32890618797737, 13.47010862921503], [144.29798056935886, 13.470663345047297], [144.26705495074037, 13.467480122011208], [144.26142397938722, 13.465807901294628], [144.2361293321219, 13.456661517814684], [144.21143213256806, 13.437257210684644], [144.2052037135034, 13.429878966494766], [144.18970537684476, 13.408706520074661], [144.1762510044398, 13.380155829464677], [144.1742780948849, 13.372842920870777], [144.16718191880466, 13.351605138854694], [144.16031440456493, 13.323054448244712], [144.16961019777088, 13.294503757634725], [144.1742780948849, 13.290726930251033], [144.2052037135034, 13.268589859482145], [144.209817062732, 13.265953067024743], [144.2361293321219, 13.253935112083568], [144.26705495074037, 13.247706426718269], [144.29798056935886, 13.24456925091489], [144.32890618797737, 13.24162906507407], [144.35983180659588, 13.23935658090336], [144.39075742521436, 13.241038671935568], [144.42168304383284, 13.241164910582059], [144.45260866245133, 13.239159153418473], [144.46781205544602, 13.237402376414758], [144.4835342810698, 13.233637721672041], [144.5144598996883, 13.224325754229136], [144.5453855183068, 13.21586888081668], [144.57631113692528, 13.209567221291353], [144.58109819629277, 13.208851685804776], [144.6072367555438, 13.201773227113836]]]}, "properties": {"fillColor": "#FFA500", "fillOpacity": 0.7, "color": "#000000", "weight": 0.2, "stroke": false}}, {"type": "Feature", "geometry": {"type": "Polygon", "coordinates": [[[144.56373263215602, 13.237402376414758], [144.5453855183068, 13.240672609630527], [144.5144598996883, 13.246493874486283], [144.4835342810698, 13.25242952864097], [144.45260866245133, 13.25870466038356], [144.42168304383284, 13.264418784450688], [144.4071915834403, 13.265953067024743], [144.39075742521436, 13.267607505476585], [144.35983180659585, 13.268686005344492], [144.32890618797737, 13.275104658365072], [144.29798056935886, 13.284939315846032], [144.27203326957687, 13.294503757634725], [144.26705495074037, 13.302660096814861], [144.25725713397267, 13.32305444824471], [144.2602588520714, 13.351605138854694], [144.26705495074037, 13.374628207622889], [144.268697632495, 13.380155829464677], [144.29160891540573, 13.408706520074661], [144.29798056935886, 13.412341975195824], [144.32890618797737, 13.425645373537485], [144.35983180659585, 13.430600420953619], [144.39075742521436, 13.430545737725971], [144.42168304383284, 13.429097926364378], [144.45260866245133, 13.42680217815824], [144.4835342810698, 13.423354976615794], [144.5144598996883, 13.418515470011618], [144.5453855183068, 13.411907444257968], [144.55596814258922, 13.408706520074661], [144.57631113692528, 13.403958478032514], [144.6072367555438, 13.394829289351417], [144.63816237416228, 13.385430640789096], [144.65167117247344, 13.380155829464677], [144.66908799278076, 13.371819263551137], [144.69514939867454, 13.351605138854694], [144.70001361139924, 13.344716949156581], [144.71392587760036, 13.32305444824471], [144.72295080305986, 13.294503757634725], [144.70683524241582, 13.265953067024743], [144.70001361139924, 13.25769598179117], [144.67572763092147, 13.237402376414758], [144.66908799278076, 13.234233107944524], [144.63816237416228, 13.227411045282853], [144.6072367555438, 13.228005582071752], [144.57631113692528, 13.2336115520337], [144.56373263215602, 13.237402376414758]]]}, "properties": {"fillColor": "#FFA500", "fillOpacity": 0.7, "color": "#000000", "weight": 0.2, "stroke": false}}, {"type": "Feature", "geometry": {"type": "Polygon", "coordinates": [[[148.0709060408148, 13.604920435508253], [148.1018316594333, 13.59816302394443], [148.13275727805177, 13.594214370733246], [148.16368289667025, 13.59302646517298], [148.19460851528876, 13.594321045502625], [148.22553413390725, 13.596928849909611], [148.25645975252576, 13.598220346671685], [148.28738537114424, 13.59965647884686], [148.31831098976272, 13.603155194716866], [148.34736320961338, 13.608561354344547], [148.3492366083812, 13.608780142660478], [148.3801622269997, 13.61297521536892], [148.4110878456182, 13.617186921565484], [148.44201346423668, 13.623794068322795], [148.4729390828552, 13.629087869836722], [148.50386470147367, 13.633209441033028], [148.53479032009216, 13.636486260782183], [148.53902699686662, 13.637112044954529], [148.56571593871064, 13.639073899629345], [148.59664155732915, 13.64322031115078], [148.62756717594763, 13.650325760739305], [148.6584927945661, 13.6637545222734], [148.66147785402114, 13.665662735564513], [148.68941841318463, 13.688630230179157], [148.69426975950785, 13.694213426174498], [148.70724918386583, 13.72276411678448], [148.70810388006964, 13.751314807394465], [148.6969354829269, 13.779865498004447], [148.68941841318463, 13.787412796333012], [148.66350900762967, 13.808416188614432], [148.6584927945661, 13.812024785252724], [148.62756717594763, 13.830797336485642], [148.61090338700336, 13.836966879224416], [148.59664155732915, 13.844067007033557], [148.56571593871064, 13.854218767328607], [148.53479032009216, 13.860793585137237], [148.50723967077687, 13.865517569834399], [148.50386470147367, 13.866502818927152], [148.4729390828552, 13.873341925355174], [148.44201346423668, 13.876909808640253], [148.41108784561823, 13.87830158016206], [148.3801622269997, 13.878820904869542], [148.3492366083812, 13.879553376070971], [148.31831098976272, 13.881569145590152], [148.28738537114424, 13.883512636487868], [148.25645975252573, 13.886384917260884], [148.22970577657196, 13.894068260444383], [148.22553413390722, 13.895726221589182], [148.19460851528876, 13.911914245384475], [148.16368289667025, 13.918834791462416], [148.13275727805177, 13.920925305405374], [148.1018316594333, 13.918881645600353], [148.0709060408148, 13.908089939717113], [148.05293734198926, 13.894068260444385], [148.0399804221963, 13.885663500046029], [148.01291793173863, 13.865517569834399], [148.0090548035778, 13.863850601221602], [147.9781291849593, 13.855553743289132], [147.94720356634082, 13.85077129346994], [147.91627794772234, 13.847197191407322], [147.88535232910385, 13.841824643100146], [147.8561522101647, 13.836966879224416], [147.85442671048537, 13.83670007570136], [147.82350109186686, 13.828607216691639], [147.79257547324838, 13.812798674545572], [147.78554236556457, 13.808416188614434], [147.77701866183259, 13.779865498004447], [147.79257547324838, 13.764216598001118], [147.8052371725225, 13.751314807394465], [147.82350109186686, 13.740793425263607], [147.85442671048537, 13.724109912165066], [147.85637548511968, 13.72276411678448], [147.88535232910385, 13.703140107443962], [147.89777588507627, 13.694213426174496], [147.91627794772234, 13.681236313874368], [147.9448483914461, 13.665662735564513], [147.94720356634085, 13.664124795758706], [147.9781291849593, 13.645943195068453], [147.9977939901895, 13.63711204495453], [148.0090548035778, 13.629650885132397], [148.0399804221963, 13.61426365908592], [148.06162070335697, 13.608561354344548], [148.0709060408148, 13.604920435508253]]]}, "properties": {"fillColor": "#FFA500", "fillOpacity": 0.7, "color": "#000000", "weight": 0.2, "stroke": false}}, {"type": "Feature", "geometry": {"type": "Polygon", "coordinates": [[[148.0620304609535, 13.63711204495453], [148.0399804221963, 13.644489405821236], [148.0090548035778, 13.658310386350184], [147.99570617429515, 13.665662735564513], [147.9781291849593, 13.67381549192139], [147.94720356634082, 13.691398092771866], [147.94290144966718, 13.694213426174498], [147.91627794772234, 13.713930039756008], [147.90469182896092, 13.722764116784482], [147.88535232910385, 13.74156464515223], [147.87131925582625, 13.751314807394465], [147.85442671048537, 13.771421661936273], [147.84575601384333, 13.779865498004447], [147.85442671048537, 13.79190307784213], [147.87372801603732, 13.808416188614434], [147.88535232910385, 13.811519580077187], [147.91627794772234, 13.822080229990974], [147.94720356634082, 13.828362218980665], [147.9781291849593, 13.83183210744874], [148.00905480357778, 13.834648032800258], [148.02439274382968, 13.836966879224416], [148.0399804221963, 13.842400309046091], [148.0709060408148, 13.855178665606406], [148.1018316594333, 13.865290978542752], [148.10371227923875, 13.865517569834399], [148.13275727805177, 13.868700491906488], [148.16368289667025, 13.869723170031765], [148.17749759199245, 13.865517569834399], [148.19460851528876, 13.859200898523502], [148.22553413390725, 13.845185870063792], [148.25645975252573, 13.843902023833355], [148.28738537114424, 13.845929314667298], [148.31831098976272, 13.847412975756267], [148.3492366083812, 13.847297811817239], [148.3801622269997, 13.84608976170456], [148.4110878456182, 13.842929744823524], [148.44201346423668, 13.837953552843878], [148.44927534252417, 13.836966879224416], [148.4729390828552, 13.834378662196505], [148.50386470147367, 13.832508690783355], [148.53479032009216, 13.829321749780876], [148.56571593871064, 13.823267908415595], [148.59664155732915, 13.814518271185259], [148.61009741506098, 13.808416188614432], [148.62756717594763, 13.800301671270097], [148.6556206532812, 13.779865498004447], [148.65849279456611, 13.772467387683754], [148.66682908114058, 13.751314807394465], [148.66401804178426, 13.72276411678448], [148.65849279456611, 13.714332268841488], [148.64002274612483, 13.694213426174498], [148.62756717594763, 13.686912984325124], [148.59664155732915, 13.676743535400842], [148.56571593871064, 13.671181677194294], [148.53479032009216, 13.667196413733796], [148.52353089054196, 13.665662735564513], [148.50386470147367, 13.66278254524899], [148.4729390828552, 13.658066283835202], [148.44201346423668, 13.652783885463979], [148.4110878456182, 13.647708693524251], [148.3801622269997, 13.642776627515895], [148.3492366083812, 13.63755323337857], [148.3467825034573, 13.63711204495453], [148.31831098976272, 13.630371965591522], [148.28738537114424, 13.62475620685878], [148.25645975252573, 13.621038620991154], [148.22553413390725, 13.618901003032782], [148.19460851528876, 13.617209080438844], [148.16368289667025, 13.61720301700516], [148.13275727805177, 13.61953490118155], [148.1018316594333, 13.624747740094996], [148.0709060408148, 13.63339053766365], [148.0620304609535, 13.63711204495453]]]}, "properties": {"fillColor": "#FFA500", "fillOpacity": 0.7, "color": "#000000", "weight": 0.2, "stroke": false}}, {"type": "Feature", "geometry": {"type": "Polygon", "coordinates": [[[147.390542431208, 14.771890065446295], [147.41782905827355, 14.779139669353876], [147.42146804982647, 14.784480246828167], [147.42877231131033, 14.80769035996386], [147.42147180653762, 14.836241050573843], [147.42146804982647, 14.836245192733712], [147.390542431208, 14.864450145948515], [147.3897631658626, 14.864791741183828], [147.35961681258948, 14.871800742520628], [147.33759168345682, 14.864791741183826], [147.328691193971, 14.854604982010283], [147.3236566198192, 14.836241050573843], [147.328691193971, 14.820118273041732], [147.33458862587247, 14.80769035996386], [147.35961681258948, 14.782303378886736], [147.36685385456775, 14.779139669353876], [147.390542431208, 14.771890065446295]]]}, "properties": {"fillColor": "#FFA500", "fillOpacity": 0.7, "color": "#000000", "weight": 0.2, "stroke": false}}, {"type": "Feature", "geometry": {"type": "Polygon", "coordinates": [[[145.47315407686153, 15.357158302025319], [145.50407969548002, 15.354786008934525], [145.53500531409853, 15.362271724129611], [145.56038304505296, 15.378704172163532], [145.565930932717, 15.382538820453114], [145.5912065254818, 15.407254862773517], [145.5968565513355, 15.417120823870821], [145.6118479811252, 15.435805553383501], [145.627782169954, 15.45949754913492], [145.6354359435158, 15.464356243993485], [145.65870778857249, 15.47646183751776], [145.68963340719097, 15.484092428621617], [145.72055902580945, 15.485600035603555], [145.73877004329177, 15.492906934603468], [145.75148464442796, 15.503145250227503], [145.75741296086755, 15.52145762521345], [145.76035584013658, 15.550008315823433], [145.761572761433, 15.57855900643342], [145.76049535063217, 15.607109697043402], [145.75650157728435, 15.635660387653386], [145.75148464442796, 15.648060860315468], [145.74645955973554, 15.664211078263369], [145.73089695528358, 15.692761768873353], [145.72055902580945, 15.706962885937305], [145.71350263275016, 15.721312459483336], [145.69738392753607, 15.74986315009332], [145.68963340719097, 15.761060271452896], [145.67581925886105, 15.778413840703305], [145.65870778857249, 15.793496244141778], [145.627782169954, 15.805255989244754], [145.60785810070323, 15.806964531313287], [145.5968565513355, 15.808337152259735], [145.58742452688062, 15.806964531313287], [145.565930932717, 15.804952331661882], [145.53500531409853, 15.794219855257307], [145.51529368653564, 15.778413840703305], [145.50407969548002, 15.766055224664193], [145.49119798455877, 15.74986315009332], [145.47701906740414, 15.721312459483336], [145.47315407686153, 15.70847038332902], [145.46504865100394, 15.692761768873353], [145.45584991626652, 15.664211078263369], [145.45041384614427, 15.635660387653386], [145.44965916292665, 15.607109697043402], [145.47198776459462, 15.57855900643342], [145.47315407686153, 15.565587426702479], [145.47369417625654, 15.550008315823435], [145.47315407686153, 15.548485760876773], [145.46035365038014, 15.52145762521345], [145.4476539812752, 15.492906934603468], [145.44222845824305, 15.474136329257565], [145.436847041014, 15.464356243993484], [145.4279758882841, 15.435805553383501], [145.4279196638903, 15.407254862773517], [145.44222845824305, 15.379847412379425], [145.44283119172192, 15.378704172163532], [145.47315407686153, 15.357158302025319]]]}, "properties": {"fillColor": "#FFA500", "fillOpacity": 0.7, "color": "#000000", "weight": 0.2, "stroke": false}}, {"type": "Feature", "geometry": {"type": "Polygon", "coordinates": [[[145.4937970633159, 15.378704172163534], [145.47315407686153, 15.383288862201432], [145.45437458596135, 15.407254862773517], [145.45154692638567, 15.435805553383501], [145.4571570964788, 15.464356243993482], [145.47106508106918, 15.492906934603468], [145.47315407686153, 15.496438508366715], [145.48478552424572, 15.52145762521345], [145.49975840291927, 15.550008315823435], [145.50407969548002, 15.565959039074194], [145.50738001260754, 15.57855900643342], [145.50407969548002, 15.59673098107353], [145.5007781789745, 15.607109697043402], [145.49357206979326, 15.635660387653385], [145.49297585380626, 15.664211078263367], [145.49675892330566, 15.692761768873353], [145.50407969548002, 15.71058820635777], [145.50763755336112, 15.721312459483336], [145.52447373788291, 15.749863150093322], [145.53500531409853, 15.760642191691407], [145.565930932717, 15.777767925040978], [145.57052641166635, 15.778413840703305], [145.5968565513355, 15.782691283561245], [145.6177825648577, 15.778413840703305], [145.627782169954, 15.776479248427865], [145.65870778857249, 15.759439357726773], [145.66756959887854, 15.749863150093319], [145.68624688592524, 15.721312459483336], [145.68963340719097, 15.71291887390015], [145.7007117629256, 15.692761768873353], [145.7128116898134, 15.664211078263367], [145.72055902580945, 15.6433835506], [145.72346437757622, 15.635660387653386], [145.72787299806774, 15.607109697043402], [145.7243626185896, 15.57855900643342], [145.72055902580945, 15.5692449114139], [145.69891791026853, 15.550008315823435], [145.68963340719097, 15.544783496862133], [145.65870778857249, 15.526266007811753], [145.65421669299394, 15.521457625213452], [145.627782169954, 15.500150915561552], [145.6210771683427, 15.492906934603468], [145.59685655133546, 15.465739936877211], [145.5960376003945, 15.464356243993484], [145.58189245924612, 15.435805553383501], [145.565930932717, 15.413715092799656], [145.56062723099734, 15.407254862773517], [145.53500531409853, 15.38738468269284], [145.509346387193, 15.378704172163532], [145.50407969548002, 15.376733762897565], [145.4937970633159, 15.378704172163534]]]}, "properties": {"fillColor": "#FFA500", "fillOpacity": 0.7, "color": "#000000", "weight": 0.2, "stroke": false}}, {"type": "Feature", "geometry": {"type": "Polygon", "coordinates": [[[130.28867533518238, 25.44462432975995], [130.31960095380086, 25.442933622911767], [130.35052657241937, 25.44804005069362], [130.38145219103785, 25.455513486729032], [130.38611404747306, 25.457097957487758], [130.41237780965633, 25.47026444158532], [130.44330342827482, 25.48208298184108], [130.45091467756328, 25.48564864809775], [130.47422904689333, 25.500348973464888], [130.5011244040295, 25.51419933870773], [130.5051546655118, 25.517098306381463], [130.53608028413032, 25.53757581532744], [130.54411887038708, 25.542750029317713], [130.5670059027488, 25.56036651301978], [130.58246981397411, 25.5713007199277], [130.5979315213673, 25.583603152377105], [130.61923291482486, 25.59985141053768], [130.62885713998577, 25.607250759663955], [130.65411885992467, 25.628402101147664], [130.65978275860428, 25.632832583814384], [130.68558660070005, 25.65695279175765], [130.69070837722276, 25.661392190781225], [130.71359886005072, 25.68550348236763], [130.72163399584124, 25.693656127489636], [130.73833922952832, 25.714054172977615], [130.75255961445976, 25.73207836533184], [130.75983135045453, 25.742604863587594], [130.77769465448938, 25.771155554197584], [130.78348523307824, 25.781035143388443], [130.793150448672, 25.799706244807567], [130.80602680677885, 25.82825693541755], [130.81441085169672, 25.849561062664964], [130.8171263028113, 25.856807626027535], [130.82639735971176, 25.885358316637518], [130.8349846830689, 25.913909007247497], [130.84216471223687, 25.942459697857483], [130.8453364703152, 25.956202534641342], [130.84975890884968, 25.97101038846747], [130.85854674066155, 25.999561079077452], [130.86611436287063, 26.028111769687435], [130.87248195514644, 26.05666246029742], [130.87626208893371, 26.076470990678555], [130.87867906315705, 26.085213150907403], [130.88479170531866, 26.113763841517383], [130.88842472313206, 26.142314532127372], [130.88985876540298, 26.170865222737355], [130.8891914384555, 26.199415913347337], [130.88639308748725, 26.22796660395732], [130.8813160693227, 26.25651729456731], [130.87626208893371, 26.275916229689713], [130.874292318814, 26.285067985177285], [130.8665530299652, 26.313618675787275], [130.85651089498964, 26.342169366397258], [130.8453364703152, 26.366490024081315], [130.84351496279388, 26.37072005700724], [130.82964504790397, 26.399270747617223], [130.81441085169672, 26.423909606323075], [130.81189749547553, 26.427821438227205], [130.79315095181522, 26.45637212883719], [130.78348523307824, 26.469854169419698], [130.77247030278198, 26.484922819447174], [130.75255961445976, 26.5093347451561], [130.74904954831018, 26.513473510057157], [130.72172666851813, 26.542024200667143], [130.72163399584124, 26.542116491233145], [130.69070837722276, 26.570275822094604], [130.69034903630626, 26.570574891277126], [130.65978275860428, 26.596041535622106], [130.6554853834858, 26.599125581887108], [130.62885713998577, 26.6209521564717], [130.61800703110794, 26.627676272497094], [130.5979315213673, 26.644587150243936], [130.5737984264805, 26.656226963107077], [130.5670059027488, 26.66084655574323], [130.53608028413032, 26.67726419089216], [130.51473558653072, 26.684777653717063], [130.5051546655118, 26.688717041230273], [130.47422904689333, 26.700505325365306], [130.44330342827482, 26.709214308417586], [130.42627389644716, 26.713328344327046], [130.41237780965633, 26.716358410125803], [130.38145219103785, 26.721224747254013], [130.35052657241937, 26.72333017410048], [130.31960095380083, 26.7234736118762], [130.2886753351824, 26.722055210281432], [130.2577497165639, 26.71949502261565], [130.22682409794538, 26.716316377185805], [130.19764286354894, 26.713328344327042], [130.1958984793269, 26.712978933709543], [130.16497286070842, 26.712504585574884], [130.16318083763505, 26.713328344327042], [130.13404724208993, 26.71791308935939], [130.10312162347142, 26.723493249410282], [130.07219600485294, 26.72483501184771], [130.04127038623446, 26.721392361341334], [130.01081963707944, 26.713328344327042], [130.01034476761595, 26.713124500889496], [129.97941914899747, 26.696406176246], [129.95899226091115, 26.684777653717056], [129.94849353037898, 26.67349175230609], [129.9283875268931, 26.656226963107073], [129.91756791176047, 26.631139925220154], [129.91550527297073, 26.627676272497098], [129.91756791176047, 26.625040233413348], [129.94849353037898, 26.618309681657017], [129.97941914899747, 26.62257592633405], [129.99652677300224, 26.627676272497094], [130.01034476761595, 26.631007206105416], [130.04127038623446, 26.638810005312337], [130.07219600485294, 26.645190341776605], [130.10312162347142, 26.64028765338705], [130.10803513359562, 26.627676272497094], [130.10312162347142, 26.623892645442996], [130.08230686562482, 26.599125581887108], [130.07219600485294, 26.59325949086341], [130.04527274464047, 26.570574891277126], [130.04127038623446, 26.56821032038302], [130.01034476761595, 26.54743675696253], [130.00250902743267, 26.54202420066714], [129.97941914899747, 26.52930355037939], [129.95189225404462, 26.51347351005716], [129.94849353037898, 26.51161911609405], [129.91756791176047, 26.498785987922922], [129.89508970893667, 26.484922819447174], [129.886642293142, 26.480405744911472], [129.85778459499906, 26.45637212883719], [129.8557166745235, 26.45475416067014], [129.83323172736038, 26.427821438227205], [129.824791055905, 26.417863690636473], [129.81270164136754, 26.399270747617223], [129.79773256930437, 26.37072005700724], [129.7938654372865, 26.36207351503559], [129.785399035705, 26.342169366397258], [129.77627766443632, 26.31361867578727], [129.77033263008238, 26.285067985177292], [129.7663941809424, 26.256517294567306], [129.7643063065743, 26.22796660395732], [129.7640975645421, 26.199415913347337], [129.76573885344735, 26.170865222737355], [129.76945250427113, 26.142314532127372], [129.77555177829154, 26.113763841517386], [129.78483629418838, 26.085213150907403], [129.7938654372865, 26.067052100678968], [129.79796335337517, 26.05666246029742], [129.81346565767046, 26.028111769687435], [129.824791055905, 26.01406931072345], [129.83484834772122, 25.999561079077452], [129.8557166745235, 25.976976454665333], [129.86062373397584, 25.97101038846747], [129.886642293142, 25.944983450021162], [129.88914760640807, 25.94245969785748], [129.91756791176047, 25.917673061953096], [129.92275384645066, 25.9139090072475], [129.94849353037898, 25.894924297320628], [129.96763865887033, 25.88535831663752], [129.97941914899747, 25.877422728133457], [130.01034476761595, 25.864005651402277], [130.0365333450692, 25.856807626027535], [130.04127038623446, 25.854049377378935], [130.07219600485294, 25.843211085836774], [130.10312162347142, 25.83912795736683], [130.13404724208993, 25.836462922673466], [130.16497286070842, 25.83346914640814], [130.1958984793269, 25.829096725616], [130.20032480047809, 25.82825693541755], [130.21704814488817, 25.799706244807567], [130.1958984793269, 25.78955022546806], [130.16497286070842, 25.78080759424745], [130.13404724208993, 25.77730358009084], [130.10312162347142, 25.776903805348496], [130.07219600485294, 25.779191374167315], [130.04127038623446, 25.783019739265292], [130.01034476761595, 25.786937352917565], [129.97941914899747, 25.792049324349794], [129.9527473580772, 25.799706244807563], [129.94849353037898, 25.80109167399494], [129.91756791176047, 25.81160929461553], [129.886642293142, 25.82093050481852], [129.86474081958164, 25.82825693541755], [129.8557166745235, 25.831569269072734], [129.824791055905, 25.841410744280523], [129.79811239891708, 25.82825693541755], [129.81284481582134, 25.799706244807567], [129.824791055905, 25.785239568941392], [129.83431405830794, 25.771155554197584], [129.8557166745235, 25.751876287261396], [129.86584760585137, 25.742604863587594], [129.886642293142, 25.726648843201065], [129.9093006612706, 25.71405417297761], [129.91756791176047, 25.706117680663773], [129.94849353037898, 25.688483702108158], [129.9558343180822, 25.685503482367633], [129.95450189569672, 25.65695279175765], [129.97941914899747, 25.64711641122234], [130.01034476761595, 25.63500968621154], [130.026612618653, 25.628402101147664], [130.04127038623446, 25.615440134065693], [130.06554947687175, 25.59985141053768], [130.07219600485294, 25.58826671295212], [130.08483938304144, 25.5713007199277], [130.10312162347142, 25.558624130152246], [130.13404724208993, 25.547073316138004], [130.15836300676006, 25.542750029317716], [130.16497286070842, 25.54184423683244], [130.1958984793269, 25.538642380404916], [130.22682409794538, 25.537049323547627], [130.2577497165639, 25.53709223181576], [130.28867533518238, 25.538285123643643], [130.31960095380086, 25.53996822864215], [130.34683644180174, 25.51419933870773], [130.31960095380086, 25.49533972934922], [130.30819845295218, 25.48564864809775], [130.28867533518238, 25.468341154046797], [130.27216729062854, 25.45709795748776], [130.28867533518238, 25.44462432975995]]]}, "properties": {"fillColor": "#FFA500", "fillOpacity": 0.7, "color": "#000000", "weight": 0.2, "stroke": false}}, {"type": "Feature", "geometry": {"type": "Polygon", "coordinates": [[[130.3480358165494, 25.628402101147664], [130.31960095380086, 25.631917405324526], [130.28867533518238, 25.639037365253106], [130.2577497165639, 25.644284397572243], [130.22682409794538, 25.647218629094276], [130.1958984793269, 25.650504952209786], [130.16497286070842, 25.656145404581537], [130.162024780891, 25.656952791757647], [130.16497286070842, 25.657889064366138], [130.1958984793269, 25.667801680557275], [130.21718859075304, 25.685503482367636], [130.22682409794538, 25.69205549021585], [130.2577497165639, 25.70723339990281], [130.2712780898663, 25.71405417297762], [130.28867533518238, 25.73580533810351], [130.2944192909414, 25.7426048635876], [130.3196009538009, 25.763037958037422], [130.32648905318143, 25.771155554197584], [130.35052657241937, 25.787733990885094], [130.36484368491432, 25.799706244807567], [130.38145219103785, 25.811829751693455], [130.4019686960154, 25.82825693541755], [130.41237780965633, 25.837419138727583], [130.43525010777324, 25.856807626027532], [130.44330342827482, 25.864138284762483], [130.47257280404688, 25.885358316637518], [130.47422904689333, 25.886910112452057], [130.5051546655118, 25.9121014666327], [130.5081303662987, 25.9139090072475], [130.53608028413032, 25.935136603719286], [130.54597379355644, 25.942459697857487], [130.5670059027488, 25.958924467925662], [130.57767285291953, 25.97101038846747], [130.5979315213673, 25.993537154086024], [130.60136927114263, 25.999561079077452], [130.61392059756164, 26.028111769687435], [130.61981460324242, 26.05666246029742], [130.62007502220152, 26.085213150907403], [130.61611368204814, 26.113763841517386], [130.60701959011394, 26.142314532127372], [130.5979315213673, 26.157144285450613], [130.58517834973733, 26.142314532127372], [130.56814352542634, 26.113763841517386], [130.5670059027488, 26.112519123687132], [130.5578825636659, 26.085213150907403], [130.53608028413032, 26.05792180028271], [130.53377038839184, 26.05666246029742], [130.5051546655118, 26.044540990138522], [130.4956942250653, 26.05666246029742], [130.48048998657373, 26.0852131509074], [130.47422904689333, 26.09753715094636], [130.46779774605287, 26.113763841517386], [130.45499410614278, 26.142314532127372], [130.44558715117455, 26.170865222737355], [130.44330342827482, 26.177456809629252], [130.4285435967697, 26.199415913347337], [130.41237780965633, 26.2205206239322], [130.40578061364087, 26.22796660395732], [130.38344681768393, 26.256517294567306], [130.38145219103785, 26.258830063102096], [130.35365296012253, 26.28506798517729], [130.35052657241937, 26.28735099416225], [130.31960095380086, 26.30532989511452], [130.30204081668512, 26.313618675787268], [130.28867533518238, 26.317793212573065], [130.25774971656392, 26.32492486126666], [130.22682409794538, 26.328793122423683], [130.1958984793269, 26.329601476438313], [130.16497286070842, 26.327379373984623], [130.13404724208993, 26.321829747662527], [130.10762498255536, 26.31361867578727], [130.10312162347142, 26.311839059467005], [130.07219600485294, 26.295477765393425], [130.05711754849185, 26.28506798517729], [130.04127038623446, 26.272004320903026], [130.02571590272476, 26.256517294567306], [130.01034476761595, 26.23834924039373], [130.00300550114108, 26.22796660395732], [129.98785872012596, 26.199415913347337], [129.97941914899747, 26.17664725547722], [129.9776877863956, 26.170865222737355], [129.97479424117054, 26.142314532127372], [129.97719032735532, 26.113763841517386], [129.97941914899747, 26.10542296486745], [129.9862416373178, 26.085213150907403], [129.99985804282093, 26.05666246029742], [130.01034476761595, 26.040102416649177], [130.02016172501013, 26.028111769687435], [130.04127038623446, 26.00587862903718], [130.0495141076451, 25.999561079077452], [130.07219600485294, 25.982354104891], [130.09376508326858, 25.97101038846747], [130.10312162347142, 25.964196684381857], [130.13404724208993, 25.948520638241334], [130.1497375849018, 25.942459697857483], [130.16497286070842, 25.920863782780533], [130.1704293198834, 25.913909007247497], [130.16497286070842, 25.909639783033672], [130.13404724208993, 25.89004170931345], [130.12203368092239, 25.885358316637518], [130.10312162347142, 25.881932608204696], [130.07219600485294, 25.881110478407034], [130.04741553926343, 25.885358316637518], [130.04127038623446, 25.88640688987404], [130.01034476761595, 25.895407678556097], [129.97941914899747, 25.908355243892], [129.97034188654249, 25.9139090072475], [129.94849353037898, 25.927502380368733], [129.9291502768984, 25.94245969785748], [129.91756791176044, 25.9527329350329], [129.89904396816746, 25.97101038846747], [129.886642293142, 25.985528577340936], [129.8743189569082, 25.999561079077452], [129.8557166745235, 26.02584149816178], [129.85394192482585, 26.028111769687435], [129.83620743000714, 26.05666246029742], [129.824791055905, 26.079467521609825], [129.82188307873355, 26.085213150907403], [129.81033672233292, 26.113763841517386], [129.80215853201585, 26.142314532127372], [129.79705766341306, 26.17086522273735], [129.7952979664802, 26.199415913347337], [129.79689289190176, 26.22796660395732], [129.8020975430553, 26.256517294567306], [129.8105274698576, 26.28506798517729], [129.82430656041456, 26.31361867578727], [129.824791055905, 26.314501548885545], [129.84258241217302, 26.342169366397258], [129.8557166745235, 26.35776404671656], [129.86663787115123, 26.37072005700724], [129.886642293142, 26.388340281628626], [129.89524788660844, 26.399270747617223], [129.91756791176044, 26.419937312022213], [129.92480318969484, 26.427821438227205], [129.94849353037898, 26.449182235439096], [129.95570156651635, 26.45637212883719], [129.97941914899747, 26.476989825647927], [129.99029939513832, 26.484922819447174], [130.01034476761595, 26.5007686834929], [130.0318548230837, 26.513473510057157], [130.04127038623446, 26.520677177646103], [130.07219600485294, 26.538490526313463], [130.0824780469447, 26.542024200667143], [130.10312162347142, 26.55239712845971], [130.13404724208993, 26.564922707529917], [130.1495983655987, 26.570574891277126], [130.16497286070842, 26.578102055803793], [130.1958984793269, 26.59178035342563], [130.212252880057, 26.599125581887108], [130.22682409794538, 26.607823289252515], [130.2577497165639, 26.62080045387519], [130.28338711398442, 26.627676272497098], [130.28867533518238, 26.629364089390975], [130.31960095380086, 26.636554154854494], [130.35052657241937, 26.642001488571694], [130.38145219103785, 26.64422181653621], [130.41237780965633, 26.642260359460607], [130.44330342827482, 26.63679569918826], [130.47422904689333, 26.627745051767295], [130.47439920733243, 26.627676272497094], [130.5051546655118, 26.616754895524235], [130.53608028413032, 26.602231082395473], [130.54179219496186, 26.599125581887108], [130.5670059027488, 26.586238097470364], [130.5918887658579, 26.570574891277126], [130.5979315213673, 26.56675189054762], [130.62885713998577, 26.544504989631616], [130.631985762258, 26.542024200667143], [130.65978275860428, 26.518556600953254], [130.66535667739385, 26.513473510057153], [130.69070837722276, 26.487881992972966], [130.69353726246132, 26.484922819447174], [130.71849836585335, 26.45637212883719], [130.72163399584124, 26.452432341540646], [130.7418926195773, 26.427821438227205], [130.75255961445976, 26.414364766188356], [130.7642356548554, 26.399270747617223], [130.78348523307824, 26.372831078890425], [130.78484828889455, 26.37072005700724], [130.8006988063879, 26.342169366397258], [130.81441085169672, 26.313686488193017], [130.81443935271264, 26.31361867578727], [130.82454964871397, 26.28506798517729], [130.83278712789456, 26.256517294567306], [130.83897320871475, 26.22796660395732], [130.84275877043885, 26.199415913347337], [130.84409560246212, 26.170865222737355], [130.84322228004442, 26.142314532127376], [130.8404221140834, 26.113763841517386], [130.83586127530089, 26.0852131509074], [130.829605535694, 26.05666246029742], [130.82139123174485, 26.028111769687435], [130.81441085169672, 26.00922421474465], [130.81128717062103, 25.999561079077452], [130.8007204453129, 25.97101038846747], [130.7869103086196, 25.942459697857483], [130.78348523307824, 25.936119409430567], [130.77210631080268, 25.913909007247504], [130.75255961445976, 25.885951240868877], [130.75214840638424, 25.885358316637518], [130.73110707807894, 25.856807626027535], [130.72163399584124, 25.846054114656027], [130.70496775569455, 25.82825693541755], [130.69070837722276, 25.814185979401962], [130.6739851710421, 25.799706244807567], [130.65978275860428, 25.787775642514916], [130.63915786703797, 25.771155554197584], [130.62885713998577, 25.76303268196253], [130.6018146776531, 25.742604863587598], [130.5979315213673, 25.73960014905652], [130.5670059027488, 25.714918883489645], [130.56594693475083, 25.71405417297761], [130.53608028413032, 25.69092434208701], [130.52731229524062, 25.685503482367633], [130.5051546655118, 25.671766390021112], [130.47422904689333, 25.65792623096614], [130.47180551404685, 25.65695279175765], [130.44330342827482, 25.64598914472811], [130.41237780965633, 25.63834247745408], [130.38145219103785, 25.63079066415444], [130.35283952801487, 25.628402101147664], [130.35052657241937, 25.62824813719414], [130.3480358165494, 25.628402101147664]]]}, "properties": {"fillColor": "#FFA500", "fillOpacity": 0.7, "color": "#000000", "weight": 0.2, "stroke": false}}, {"type": "Feature", "geometry": {"type": "Polygon", "coordinates": [[[130.1040727918682, 25.999561079077452], [130.10312162347142, 25.999914590560305], [130.07219600485294, 26.016940204264564], [130.0574087642454, 26.028111769687435], [130.04127038623446, 26.04271124523477], [130.0301313210032, 26.05666246029742], [130.01106091523366, 26.085213150907407], [130.01034476761595, 26.086777328392703], [130.00291314704154, 26.113763841517386], [130.00039071055093, 26.142314532127372], [130.00351002315398, 26.170865222737355], [130.01034476761595, 26.194185835474237], [130.01278501952746, 26.199415913347337], [130.03133317987033, 26.22796660395732], [130.04127038623446, 26.240485886900984], [130.05747809303566, 26.256517294567306], [130.07219600485294, 26.268288162768002], [130.09746243093346, 26.28506798517729], [130.10312162347142, 26.287858200088127], [130.13404724208993, 26.29794972987755], [130.16497286070842, 26.304928969511767], [130.1958984793269, 26.30791661546124], [130.22682409794538, 26.306110254277165], [130.2577497165639, 26.299687157147364], [130.28867533518238, 26.28920078160353], [130.2975640133757, 26.28506798517729], [130.31960095380086, 26.267880530203907], [130.3326017696836, 26.256517294567306], [130.35052657241937, 26.232143046639838], [130.3536134398082, 26.22796660395732], [130.367827676256, 26.199415913347337], [130.37543376206526, 26.170865222737355], [130.3776814579224, 26.142314532127372], [130.37597679862026, 26.113763841517386], [130.37023155663675, 26.0852131509074], [130.35649259331183, 26.05666246029742], [130.35052657241937, 26.049680156916537], [130.33363704831146, 26.028111769687435], [130.31960095380086, 26.01657933591064], [130.29178318704496, 25.999561079077452], [130.28867533518238, 25.997903582983945], [130.2577497165639, 25.986188987948346], [130.22682409794538, 25.98157410579817], [130.1958984793269, 25.98098810901531], [130.16497286070842, 25.983846732104304], [130.13404724208993, 25.989998461240766], [130.1040727918682, 25.999561079077452]]]}, "properties": {"fillColor": "#FFA500", "fillOpacity": 0.7, "color": "#000000", "weight": 0.2, "stroke": false}}, {"type": "Feature", "geometry": {"type": "Polygon", "coordinates": [[[114.36198174665942, 5.859755147816392], [114.39290736527792, 5.846832938085579], [114.42383298389642, 5.850697411873009], [114.45475860251491, 5.863465996475044], [114.46495446641457, 5.871324199038976], [114.4856842211334, 5.88837817025665], [114.495990364871, 5.8998748896489595], [114.51311239495355, 5.928425580258944], [114.51660983975188, 5.9385801503438], [114.5244926827041, 5.956976270868928], [114.52903341445894, 5.985526961478911], [114.5258008204789, 6.014077652088895], [114.51660983975188, 6.034256676035505], [114.51241629400184, 6.042628342698878], [114.49582995455322, 6.071179033308863], [114.4856842211334, 6.083482948425221], [114.46032865355527, 6.099729723918845], [114.4547586025149, 6.103075300147075], [114.4238329838964, 6.11320418297728], [114.39290736527792, 6.116617075976366], [114.36198174665944, 6.108412911645099], [114.35378330343997, 6.099729723918845], [114.33559692087766, 6.071179033308862], [114.33105612804094, 6.053359587348726], [114.32884614547373, 6.042628342698878], [114.32816804804428, 6.014077652088894], [114.33105612804094, 6.000369513494753], [114.33348921346257, 5.985526961478911], [114.34170846949712, 5.956976270868927], [114.34894518172564, 5.928425580258944], [114.3520136359555, 5.8998748896489595], [114.35542113619579, 5.871324199038975], [114.36198174665942, 5.859755147816392]]]}, "properties": {"fillColor": "#FF0000", "fillOpacity": 0.7, "color": "#000000", "weight": 0.2, "stroke": false}}, {"type": "Feature", "geometry": {"type": "Polygon", "coordinates": [[[124.6292871279985, 6.153150726135313], [124.63704976473622, 6.156831105138814], [124.62928712799848, 6.1615057512290345], [124.62612624642597, 6.156831105138813], [124.6292871279985, 6.153150726135313]]]}, "properties": {"fillColor": "#FF0000", "fillOpacity": 0.7, "color": "#000000", "weight": 0.2, "stroke": false}}, {"type": "Feature", "geometry": {"type": "Polygon", "coordinates": [[[114.33105612804096, 6.173265237235056], [114.36198174665942, 6.185008294832111], [114.3621837425528, 6.185381795748796], [114.38537542829567, 6.213932486358781], [114.39290736527792, 6.221283684514921], [114.40649404489125, 6.242483176968763], [114.42343902595414, 6.271033867578748], [114.42383298389642, 6.271813047971682], [114.43554188158579, 6.29958455818873], [114.44700740098494, 6.328135248798715], [114.4547586025149, 6.339015784878576], [114.46651708670089, 6.356685939408698], [114.4773494943055, 6.385236630018682], [114.48464729144553, 6.413787320628666], [114.4856842211334, 6.419352225721076], [114.49014640475768, 6.4423380112386495], [114.48969001788362, 6.470888701848633], [114.4856842211334, 6.4865397402584435], [114.48243014064015, 6.4994393924586165], [114.46535712445038, 6.5279900830686], [114.45475860251489, 6.538390208403777], [114.42383298389643, 6.545566646792784], [114.39290736527792, 6.531122863291845], [114.38899897952346, 6.5279900830686], [114.36198174665942, 6.5008632363639025], [114.36068145618464, 6.499439392458616], [114.34617446269039, 6.470888701848633], [114.34140590248543, 6.442338011238649], [114.34115006496322, 6.413787320628666], [114.33814345818894, 6.385236630018682], [114.33105612804094, 6.359302077364458], [114.3303594369805, 6.356685939408698], [114.3224748551857, 6.328135248798715], [114.31686880380965, 6.299584558188732], [114.31315638627203, 6.271033867578748], [114.3112482988555, 6.242483176968763], [114.31275556276842, 6.213932486358781], [114.32308313468906, 6.185381795748796], [114.33105612804096, 6.173265237235056]]]}, "properties": {"fillColor": "#FF0000", "fillOpacity": 0.7, "color": "#000000", "weight": 0.2, "stroke": false}}, {"type": "Feature", "geometry": {"type": "Polygon", "coordinates": [[[114.23827927218547, 6.925431107040574], [114.26920489080396, 6.918463583377703], [114.30013050942244, 6.924844611682792], [114.3056999418917, 6.927699751608372], [114.33105612804096, 6.9423657709658535], [114.35802635149219, 6.956250442218355], [114.36198174665942, 6.9597971683949895], [114.36922052550044, 6.956250442218355], [114.39290736527792, 6.945785404163164], [114.42383298389642, 6.935002406488718], [114.42707619628284, 6.956250442218356], [114.4238329838964, 6.962253616336735], [114.39807512244818, 6.984801132828339], [114.3929358499012, 7.013351823438322], [114.40079024119467, 7.0419025140483065], [114.39499252976876, 7.070453204658289], [114.39290736527792, 7.074230540054414], [114.3795955408873, 7.0990038952682735], [114.37355303005967, 7.127554585878257], [114.36683626300909, 7.1561052764882405], [114.36198174665942, 7.174721829535435], [114.36029764025058, 7.184655967098225], [114.35600733486609, 7.2132066577082075], [114.34966063927752, 7.241757348318192], [114.34032132745475, 7.270308038928175], [114.33105612804094, 7.2951444094124644], [114.32835219077425, 7.298858729538159], [114.30013050942244, 7.32053892831348], [114.26920489080396, 7.325375490800814], [114.23827927218547, 7.323926610115096], [114.20735365356697, 7.321691266550075], [114.17642803494849, 7.314997212898229], [114.14631921218897, 7.298858729538159], [114.14550241632999, 7.298289740490073], [114.12309987754787, 7.2703080389281745], [114.11457679771149, 7.249426666783789], [114.11193161861301, 7.241757348318192], [114.10911793679193, 7.213206657708207], [114.1145767977115, 7.188382873332217], [114.11581146009694, 7.184655967098225], [114.13418067506674, 7.1561052764882405], [114.14550241632999, 7.13789441273741], [114.15609793775369, 7.127554585878256], [114.17642803494849, 7.10055232331503], [114.17835101040535, 7.0990038952682735], [114.19111780710415, 7.070453204658289], [114.18557110026325, 7.0419025140483065], [114.1876939895414, 7.013351823438322], [114.19715021528, 6.984801132828339], [114.20735365356697, 6.959966210735305], [114.20972754435164, 6.956250442218355], [114.23561764643827, 6.927699751608371], [114.23827927218547, 6.925431107040574]]]}, "properties": {"fillColor": "#FF0000", "fillOpacity": 0.7, "color": "#000000", "weight": 0.2, "stroke": false}}, {"type": "Feature", "geometry": {"type": "Polygon", "coordinates": [[[124.87669207694643, 7.8939481118780535], [124.90761769556491, 7.887527135493601], [124.9299290721182, 7.898423232347815], [124.9385433141834, 7.903673906838295], [124.95469129199384, 7.926973922957799], [124.95753379622542, 7.955524613567784], [124.9417485403213, 7.984075304177766], [124.9385433141834, 7.986836706027245], [124.90761769556491, 7.995943700972391], [124.87669207694643, 7.9858074341233936], [124.87439019415795, 7.984075304177766], [124.85361752536363, 7.955524613567783], [124.85303927433732, 7.926973922957799], [124.87122641227576, 7.898423232347815], [124.87669207694643, 7.8939481118780535]]]}, "properties": {"fillColor": "#FF0000", "fillOpacity": 0.7, "color": "#000000", "weight": 0.2, "stroke": false}}, {"type": "Feature", "geometry": {"type": "Polygon", "coordinates": [[[126.17556805892303, 8.519050712269165], [126.18540722317343, 8.526538425767455], [126.20649367754156, 8.544627906369978], [126.21432289601765, 8.55508911637744], [126.22938049628897, 8.583639806987424], [126.23741929616003, 8.601534518950587], [126.24144319277505, 8.612190497597407], [126.25382820530643, 8.64074118820739], [126.2484178495153, 8.669291878817374], [126.23943304410028, 8.697842569427358], [126.23741929616003, 8.70215026251401], [126.22779755590639, 8.72639326003734], [126.20649367754154, 8.752472358478949], [126.20247986380564, 8.754943950647325], [126.17556805892305, 8.766973582389072], [126.14464244030457, 8.772663445070485], [126.11371682168607, 8.767716319919614], [126.10159464188942, 8.754943950647325], [126.09798703683774, 8.72639326003734], [126.1036205413946, 8.697842569427358], [126.11371682168607, 8.670681001186301], [126.11436560726492, 8.669291878817374], [126.13380455934765, 8.64074118820739], [126.14464244030457, 8.627168073330228], [126.16282768470165, 8.612190497597407], [126.17293875991312, 8.583639806987424], [126.17090307897712, 8.55508911637744], [126.17112319371311, 8.526538425767455], [126.17556805892303, 8.519050712269165]]]}, "properties": {"fillColor": "#FF0000", "fillOpacity": 0.7, "color": "#000000", "weight": 0.2, "stroke": false}}, {"type": "Feature", "geometry": {"type": "Polygon", "coordinates": [[[126.39204738925251, 8.600678939777978], [126.42297300787098, 8.595870465952304], [126.44288291149513, 8.612190497597407], [126.4448393389196, 8.64074118820739], [126.43324387657758, 8.669291878817374], [126.42297300787098, 8.676238724546687], [126.3920473892525, 8.680940760370103], [126.36112177063399, 8.68001002421246], [126.3301961520155, 8.671582150502244], [126.32541640395156, 8.669291878817374], [126.31590521819746, 8.64074118820739], [126.3301961520155, 8.633247707745069], [126.36112177063399, 8.614615149805154], [126.36555228767017, 8.612190497597407], [126.39204738925251, 8.600678939777978]]]}, "properties": {"fillColor": "#FF0000", "fillOpacity": 0.7, "color": "#000000", "weight": 0.2, "stroke": false}}, {"type": "Feature", "geometry": {"type": "Polygon", "coordinates": [[[138.32933617599008, 8.665193424999195], [138.36026179460856, 8.664557120176111], [138.37813180757297, 8.669291878817374], [138.39118741322704, 8.672992748461198], [138.42211303184556, 8.689196005278161], [138.43249051366388, 8.697842569427358], [138.44122128529506, 8.72639326003734], [138.43626492486607, 8.754943950647325], [138.42211303184556, 8.773009764381799], [138.40822428941294, 8.78349464125731], [138.39118741322704, 8.79085345639739], [138.36026179460856, 8.792950954089719], [138.3293361759901, 8.784206340432526], [138.32809041370862, 8.78349464125731], [138.2984105573716, 8.76725428729175], [138.28525200531448, 8.754943950647325], [138.2728337907094, 8.72639326003734], [138.2792172196178, 8.697842569427358], [138.2984105573716, 8.679685434041843], [138.31999870206522, 8.669291878817374], [138.32933617599008, 8.665193424999195]]]}, "properties": {"fillColor": "#FF0000", "fillOpacity": 0.7, "color": "#000000", "weight": 0.2, "stroke": false}}, {"type": "Feature", "geometry": {"type": "Polygon", "coordinates": [[[131.64940255439598, 9.885026099273311], [131.6803281730145, 9.88256111524965], [131.71125379163297, 9.892301809232327], [131.7203255191692, 9.89697157504667], [131.74217941025145, 9.908429633755992], [131.76691467573477, 9.925522265656655], [131.77310502886996, 9.933734022117852], [131.7910182975936, 9.95407295626664], [131.78599376784513, 9.982623646876622], [131.77310502886996, 9.997040228275745], [131.74217941025145, 10.001137314924211], [131.71125379163297, 9.989716706780197], [131.6979575398517, 9.982623646876622], [131.6803281730145, 9.975411936635297], [131.64940255439598, 9.954358672345553], [131.64909317086196, 9.95407295626664], [131.62980235143962, 9.925522265656655], [131.6341396577235, 9.89697157504667], [131.64940255439598, 9.885026099273311]]]}, "properties": {"fillColor": "#FF0000", "fillOpacity": 0.7, "color": "#000000", "weight": 0.2, "stroke": false}}, {"type": "Feature", "geometry": {"type": "Polygon", "coordinates": [[[131.9895843591994, 10.03378530302072], [132.02050997781788, 10.03709094485934], [132.02431126459135, 10.03972502809659], [132.04854702656385, 10.068275718706573], [132.05143559643636, 10.07413306661435], [132.0598771233138, 10.096826409316556], [132.07424529976635, 10.12537709992654], [132.08236121505487, 10.136063769463961], [132.11328683367336, 10.153754419227177], [132.11404996825163, 10.153927790536525], [132.14421245229184, 10.15918552879883], [132.17513807091035, 10.1711339211457], [132.20606368952883, 10.179423465142637], [132.23698930814732, 10.172434973680879], [132.2679149267658, 10.158301404346442], [132.2766918298937, 10.153927790536525], [132.2988405453843, 10.139379751981977], [132.3297661640028, 10.134284236794528], [132.36069178262127, 10.142848873774986], [132.3785227952671, 10.153927790536525], [132.39161740123978, 10.16062332157027], [132.41222723345703, 10.182478481146507], [132.41915779805043, 10.211029171756492], [132.41599750365748, 10.239579862366476], [132.4043012769939, 10.268130552976459], [132.39161740123978, 10.281326534468867], [132.36910357509657, 10.296681243586441], [132.36069178262127, 10.301146673049628], [132.3297661640028, 10.311087890106185], [132.2988405453843, 10.317268809428294], [132.2679149267658, 10.320826843578558], [132.23698930814732, 10.321361529190101], [132.20606368952883, 10.32098564400954], [132.17513807091035, 10.320717995916057], [132.14421245229184, 10.321562899999064], [132.11328683367336, 10.322059373724684], [132.08236121505487, 10.316125170865778], [132.05493576919693, 10.296681243586441], [132.05143559643636, 10.291940760716443], [132.03985629842762, 10.268130552976459], [132.03151300995964, 10.239579862366476], [132.0216745705423, 10.211029171756492], [132.02050997781788, 10.209544144175904], [131.99827634539568, 10.182478481146507], [131.9895843591994, 10.176392702144453], [131.96371062791368, 10.153927790536525], [131.9586587405809, 10.147855954508794], [131.94117458667705, 10.12537709992654], [131.93545044064763, 10.096826409316556], [131.94192469095162, 10.068275718706573], [131.9586587405809, 10.048762891562271], [131.9732727187793, 10.03972502809659], [131.9895843591994, 10.03378530302072]]]}, "properties": {"fillColor": "#FF0000", "fillOpacity": 0.7, "color": "#000000", "weight": 0.2, "stroke": false}}, {"type": "Feature", "geometry": {"type": "Polygon", "coordinates": [[[120.79451041930561, 10.153079252754448], [120.82543603792408, 10.15383327434335], [120.82558043701202, 10.153927790536525], [120.82543603792408, 10.153968994997419], [120.79451041930558, 10.154447095660283], [120.79344639155492, 10.153927790536525], [120.79451041930561, 10.153079252754448]]]}, "properties": {"fillColor": "#FF0000", "fillOpacity": 0.7, "color": "#000000", "weight": 0.2, "stroke": false}}, {"type": "Feature", "geometry": {"type": "Polygon", "coordinates": [[[134.61826194177115, 10.37115634177136], [134.64918756038963, 10.363924590310203], [134.68011317900812, 10.372143915565363], [134.68999429501235, 10.382333315416393], [134.68011317900812, 10.401881671348134], [134.67577795753425, 10.410884006026375], [134.64918756038963, 10.429357325042124], [134.61826194177115, 10.43731152292864], [134.59177789254994, 10.410884006026377], [134.6039476905529, 10.382333315416393], [134.61826194177115, 10.37115634177136]]]}, "properties": {"fillColor": "#FF0000", "fillOpacity": 0.7, "color": "#000000", "weight": 0.2, "stroke": false}}, {"type": "Feature", "geometry": {"type": "Polygon", "coordinates": [[[140.40135262342898, 10.487989300008909], [140.43227824204746, 10.476819554140146], [140.46320386066597, 10.47584700931362], [140.48161962700738, 10.496536077856328], [140.46320386066597, 10.512404816508731], [140.44843333329396, 10.525086768466313], [140.43227824204746, 10.533051273676467], [140.40135262342898, 10.543170313572382], [140.37155624142505, 10.525086768466313], [140.38840684023097, 10.496536077856328], [140.40135262342898, 10.487989300008909]]]}, "properties": {"fillColor": "#FF0000", "fillOpacity": 0.7, "color": "#000000", "weight": 0.2, "stroke": false}}, {"type": "Feature", "geometry": {"type": "Polygon", "coordinates": [[[139.78284025105916, 10.821679371151962], [139.81376586967764, 10.81782318620824], [139.84469148829615, 10.833981617958594], [139.8488880898672, 10.839144365176132], [139.85442013360736, 10.867695055786115], [139.84469148829615, 10.881364490248657], [139.83365469280798, 10.896245746396099], [139.81376586967764, 10.91159235793229], [139.78284025105916, 10.91952117911077], [139.75191463244067, 10.91070671157755], [139.73893906794652, 10.896245746396099], [139.7357116725843, 10.867695055786115], [139.75191463244067, 10.840956304323932], [139.7533316436911, 10.839144365176132], [139.78284025105916, 10.821679371151962]]]}, "properties": {"fillColor": "#FF0000", "fillOpacity": 0.7, "color": "#000000", "weight": 0.2, "stroke": false}}, {"type": "Feature", "geometry": {"type": "Polygon", "coordinates": [[[143.71039381560755, 10.976958173345546], [143.74131943422603, 10.961145291622113], [143.7722450528445, 10.956661469760927], [143.80317067146302, 10.956316694442062], [143.8340962900815, 10.962172096392404], [143.8650219087, 10.973564131802972], [143.88470736458967, 10.98189781822605], [143.89594752731847, 10.985351336824415], [143.92687314593698, 10.993177216765261], [143.95779876455546, 11.00400703688768], [143.97326559263888, 11.010448508836035], [143.98872438317397, 11.018932901847752], [144.01965000179246, 11.035117095280816], [144.02720516620502, 11.038999199446017], [144.05057562041094, 11.057619008709656], [144.06440812341881, 11.067549890056], [144.06227989922888, 11.096100580665984], [144.05057562041094, 11.10360631702877], [144.0201354183519, 11.12465127127597], [144.01965000179246, 11.124911706054487], [143.98872438317397, 11.135006311052186], [143.95779876455546, 11.13567971024673], [143.926873145937, 11.13214871735427], [143.89594752731847, 11.131132921640619], [143.8650219087, 11.137803246353712], [143.8396687317509, 11.153201961885951], [143.8340962900815, 11.156831972924644], [143.81033062641148, 11.181752652495936], [143.80317067146302, 11.190169246097044], [143.78283431665267, 11.21030334310592], [143.7722450528445, 11.216621472180533], [143.74131943422603, 11.21168806349479], [143.73933602793682, 11.21030334310592], [143.71039381560752, 11.191642987061345], [143.70017671411918, 11.181752652495936], [143.68201425392292, 11.153201961885951], [143.67946819698903, 11.147447483484763], [143.66497460920044, 11.124651271275969], [143.65652231641803, 11.096100580665984], [143.65462866764298, 11.067549890056], [143.65704101870193, 11.038999199446017], [143.672966260833, 11.010448508836035], [143.67946819698903, 11.003332940501444], [143.7043910009918, 10.981897818226052], [143.71039381560755, 10.976958173345546]]]}, "properties": {"fillColor": "#FF0000", "fillOpacity": 0.7, "color": "#000000", "weight": 0.2, "stroke": false}}, {"type": "Feature", "geometry": {"type": "Polygon", "coordinates": [[[139.78284025105916, 11.030130051640077], [139.81376586967764, 11.021123323725387], [139.84469148829615, 11.024119675570171], [139.87561710691463, 11.036872541173167], [139.87860076653357, 11.038999199446017], [139.90654272553311, 11.06007598463768], [139.91420378704532, 11.067549890056], [139.9247018606347, 11.096100580665984], [139.90654272553311, 11.12450086956066], [139.90631922812355, 11.124651271275969], [139.87561710691463, 11.133525864759829], [139.84469148829615, 11.131437453768285], [139.82180092305748, 11.124651271275969], [139.81376586967764, 11.121487385996817], [139.78284025105916, 11.10558137597733], [139.76574721473492, 11.096100580665984], [139.75191463244067, 11.077723357699863], [139.7444335623082, 11.067549890056], [139.75191463244067, 11.054836226698383], [139.76624754817504, 11.038999199446017], [139.78284025105916, 11.030130051640077]]]}, "properties": {"fillColor": "#FF0000", "fillOpacity": 0.7, "color": "#000000", "weight": 0.2, "stroke": false}}, {"type": "Feature", "geometry": {"type": "Polygon", "coordinates": [[[135.88621230512928, 11.790278564326604], [135.91713792374776, 11.787676154777865], [135.94806354236624, 11.796432191813592], [135.97898916098475, 11.806548950921599], [135.98760307985103, 11.809867845915576], [136.00991477960324, 11.81724592115767], [136.04084039822175, 11.834938858141628], [136.046496418151, 11.838418536525559], [136.07176601684023, 11.859085508838387], [136.08982191517327, 11.866969227135543], [136.10016397590536, 11.895519917745528], [136.07176601684023, 11.914172210217293], [136.0641265661519, 11.92407060835551], [136.04084039822175, 11.93924161342784], [136.02084626574882, 11.952621298965495], [136.00991477960324, 11.95961380066015], [135.9876470741245, 11.98117198957548], [135.97898916098475, 11.988102260324224], [135.94806354236624, 12.006408862345507], [135.92344260360605, 12.009722680185462], [135.91713792374776, 12.010957534513647], [135.88621230512928, 12.010962163385084], [135.88192699270124, 12.009722680185462], [135.8552866865108, 12.000849830228539], [135.82864972158214, 11.98117198957548], [135.82436106789228, 11.975546230669751], [135.80663371962225, 11.952621298965495], [135.7976573207517, 11.92407060835551], [135.79901774806444, 11.895519917745528], [135.80980329647076, 11.866969227135542], [135.82436106789228, 11.840835289422714], [135.82617297343458, 11.838418536525559], [135.8552866865108, 11.811620736216243], [135.85772499004185, 11.809867845915576], [135.88621230512928, 11.790278564326604]]]}, "properties": {"fillColor": "#FF0000", "fillOpacity": 0.7, "color": "#000000", "weight": 0.2, "stroke": false}}, {"type": "Feature", "geometry": {"type": "Polygon", "coordinates": [[[136.1645428726957, 11.866008443375238], [136.17393549648125, 11.866969227135545], [136.16637708723496, 11.895519917745528], [136.16454287269568, 11.896104995449157], [136.14599268973745, 11.895519917745528], [136.15731913536544, 11.866969227135542], [136.1645428726957, 11.866008443375238]]]}, "properties": {"fillColor": "#FF0000", "fillOpacity": 0.7, "color": "#000000", "weight": 0.2, "stroke": false}}, {"type": "Feature", "geometry": {"type": "Polygon", "coordinates": [[[129.97941914899747, 12.286445776500907], [130.01034476761595, 12.293212139463177], [130.01257714676228, 12.295229586285298], [130.02225266857863, 12.323780276895281], [130.01034476761595, 12.34261214972814], [129.97941914899747, 12.348908297347439], [129.95641973417145, 12.323780276895281], [129.96577680710044, 12.295229586285298], [129.97941914899747, 12.286445776500907]]]}, "properties": {"fillColor": "#FF0000", "fillOpacity": 0.7, "color": "#000000", "weight": 0.2, "stroke": false}}, {"type": "Feature", "geometry": {"type": "Polygon", "coordinates": [[[144.57631113692528, 13.2336115520337], [144.6072367555438, 13.228005582071752], [144.63816237416228, 13.227411045282853], [144.6690879927808, 13.234233107944526], [144.67572763092147, 13.237402376414758], [144.70001361139924, 13.25769598179117], [144.70683524241582, 13.265953067024743], [144.72295080305986, 13.294503757634725], [144.71392587760033, 13.323054448244708], [144.70001361139924, 13.34471694915658], [144.69514939867454, 13.351605138854694], [144.66908799278076, 13.371819263551137], [144.65167117247347, 13.380155829464677], [144.63816237416228, 13.385430640789094], [144.6072367555438, 13.394829289351417], [144.57631113692528, 13.403958478032513], [144.55596814258922, 13.408706520074663], [144.5453855183068, 13.411907444257968], [144.5144598996883, 13.418515470011618], [144.4835342810698, 13.423354976615794], [144.45260866245133, 13.426802178158237], [144.42168304383284, 13.429097926364378], [144.39075742521436, 13.430545737725971], [144.35983180659585, 13.430600420953619], [144.32890618797737, 13.425645373537485], [144.29798056935886, 13.412341975195824], [144.2916089154057, 13.408706520074661], [144.268697632495, 13.380155829464677], [144.26705495074037, 13.374628207622889], [144.2602588520714, 13.351605138854694], [144.2572571339727, 13.323054448244712], [144.26705495074037, 13.302660096814861], [144.27203326957687, 13.294503757634725], [144.29798056935886, 13.284939315846032], [144.32890618797737, 13.275104658365072], [144.35983180659585, 13.268686005344492], [144.39075742521436, 13.267607505476585], [144.4071915834403, 13.265953067024743], [144.42168304383284, 13.264418784450688], [144.45260866245133, 13.258704660383557], [144.4835342810698, 13.25242952864097], [144.5144598996883, 13.246493874486283], [144.5453855183068, 13.240672609630527], [144.56373263215602, 13.237402376414758], [144.57631113692528, 13.2336115520337]]]}, "properties": {"fillColor": "#FF0000", "fillOpacity": 0.7, "color": "#000000", "weight": 0.2, "stroke": false}}, {"type": "Feature", "geometry": {"type": "Polygon", "coordinates": [[[148.0709060408148, 13.633390537663649], [148.1018316594333, 13.624747740094996], [148.13275727805177, 13.61953490118155], [148.16368289667025, 13.61720301700516], [148.19460851528876, 13.617209080438842], [148.22553413390725, 13.618901003032782], [148.25645975252573, 13.621038620991154], [148.28738537114424, 13.62475620685878], [148.31831098976272, 13.630371965591522], [148.3467825034573, 13.63711204495453], [148.3492366083812, 13.63755323337857], [148.3801622269997, 13.642776627515895], [148.4110878456182, 13.647708693524251], [148.44201346423668, 13.652783885463979], [148.4729390828552, 13.658066283835202], [148.50386470147367, 13.662782545248989], [148.52353089054196, 13.665662735564513], [148.53479032009216, 13.667196413733796], [148.56571593871064, 13.671181677194294], [148.59664155732915, 13.676743535400842], [148.62756717594766, 13.686912984325126], [148.64002274612483, 13.694213426174498], [148.65849279456611, 13.714332268841488], [148.66401804178426, 13.722764116784479], [148.66682908114058, 13.751314807394465], [148.65849279456611, 13.772467387683754], [148.6556206532812, 13.779865498004447], [148.62756717594763, 13.800301671270097], [148.610097415061, 13.808416188614434], [148.59664155732915, 13.814518271185259], [148.56571593871064, 13.823267908415593], [148.53479032009216, 13.829321749780876], [148.50386470147367, 13.832508690783355], [148.4729390828552, 13.834378662196505], [148.44927534252417, 13.836966879224416], [148.44201346423668, 13.837953552843878], [148.4110878456182, 13.842929744823525], [148.3801622269997, 13.84608976170456], [148.3492366083812, 13.847297811817237], [148.31831098976272, 13.847412975756267], [148.28738537114424, 13.845929314667298], [148.25645975252573, 13.843902023833355], [148.22553413390725, 13.845185870063792], [148.19460851528876, 13.859200898523502], [148.17749759199245, 13.865517569834399], [148.16368289667025, 13.869723170031765], [148.13275727805177, 13.868700491906488], [148.10371227923875, 13.865517569834399], [148.1018316594333, 13.865290978542754], [148.0709060408148, 13.855178665606406], [148.0399804221963, 13.842400309046091], [148.02439274382968, 13.836966879224416], [148.0090548035778, 13.83464803280026], [147.9781291849593, 13.83183210744874], [147.94720356634082, 13.828362218980665], [147.91627794772234, 13.822080229990972], [147.88535232910385, 13.811519580077187], [147.87372801603732, 13.808416188614434], [147.85442671048537, 13.791903077842129], [147.84575601384333, 13.77986549800445], [147.85442671048537, 13.771421661936273], [147.87131925582622, 13.751314807394465], [147.88535232910385, 13.74156464515223], [147.90469182896092, 13.722764116784482], [147.91627794772234, 13.713930039756008], [147.9429014496672, 13.694213426174498], [147.94720356634082, 13.691398092771866], [147.9781291849593, 13.673815491921392], [147.99570617429515, 13.665662735564513], [148.0090548035778, 13.658310386350184], [148.0399804221963, 13.644489405821236], [148.0620304609535, 13.63711204495453], [148.0709060408148, 13.633390537663649]]]}, "properties": {"fillColor": "#FF0000", "fillOpacity": 0.7, "color": "#000000", "weight": 0.2, "stroke": false}}, {"type": "Feature", "geometry": {"type": "Polygon", "coordinates": [[[145.50407969548002, 15.376733762897565], [145.509346387193, 15.378704172163534], [145.53500531409853, 15.38738468269284], [145.5606272309973, 15.407254862773517], [145.565930932717, 15.413715092799656], [145.58189245924612, 15.435805553383501], [145.5960376003945, 15.464356243993484], [145.5968565513355, 15.465739936877213], [145.6210771683427, 15.492906934603468], [145.627782169954, 15.500150915561552], [145.6542166929939, 15.52145762521345], [145.65870778857249, 15.526266007811753], [145.68963340719097, 15.544783496862133], [145.69891791026853, 15.550008315823437], [145.72055902580945, 15.5692449114139], [145.7243626185896, 15.57855900643342], [145.72787299806774, 15.607109697043402], [145.72346437757622, 15.635660387653386], [145.72055902580945, 15.6433835506], [145.7128116898134, 15.664211078263369], [145.7007117629256, 15.692761768873353], [145.68963340719097, 15.71291887390015], [145.68624688592524, 15.721312459483336], [145.66756959887854, 15.74986315009332], [145.65870778857249, 15.759439357726773], [145.627782169954, 15.776479248427865], [145.6177825648577, 15.778413840703305], [145.5968565513355, 15.782691283561244], [145.57052641166635, 15.778413840703305], [145.565930932717, 15.777767925040978], [145.53500531409853, 15.760642191691407], [145.52447373788291, 15.749863150093322], [145.50763755336112, 15.721312459483336], [145.50407969548002, 15.71058820635777], [145.49675892330566, 15.692761768873352], [145.49297585380626, 15.664211078263369], [145.49357206979326, 15.635660387653386], [145.50077817897454, 15.607109697043402], [145.50407969548002, 15.59673098107353], [145.50738001260754, 15.57855900643342], [145.50407969548002, 15.565959039074194], [145.49975840291927, 15.550008315823435], [145.48478552424572, 15.52145762521345], [145.47315407686153, 15.496438508366715], [145.47106508106918, 15.492906934603468], [145.45715709647882, 15.464356243993484], [145.45154692638567, 15.435805553383501], [145.45437458596135, 15.407254862773517], [145.47315407686153, 15.383288862201432], [145.4937970633159, 15.378704172163534], [145.50407969548002, 15.376733762897565]]]}, "properties": {"fillColor": "#FF0000", "fillOpacity": 0.7, "color": "#000000", "weight": 0.2, "stroke": false}}, {"type": "Feature", "geometry": {"type": "Polygon", "coordinates": [[[130.35052657241937, 25.62824813719414], [130.35283952801487, 25.628402101147664], [130.38145219103785, 25.63079066415444], [130.41237780965633, 25.63834247745408], [130.44330342827482, 25.645989144728105], [130.47180551404685, 25.656952791757654], [130.47422904689333, 25.65792623096614], [130.5051546655118, 25.671766390021112], [130.52731229524062, 25.685503482367633], [130.53608028413032, 25.69092434208701], [130.56594693475083, 25.714054172977615], [130.5670059027488, 25.714918883489645], [130.5979315213673, 25.73960014905652], [130.6018146776531, 25.742604863587594], [130.62885713998577, 25.76303268196253], [130.63915786703797, 25.771155554197584], [130.65978275860428, 25.787775642514916], [130.6739851710421, 25.799706244807567], [130.69070837722276, 25.814185979401962], [130.70496775569455, 25.82825693541755], [130.72163399584127, 25.846054114656027], [130.73110707807894, 25.856807626027532], [130.7521484063842, 25.885358316637518], [130.75255961445976, 25.885951240868877], [130.77210631080268, 25.9139090072475], [130.78348523307824, 25.936119409430567], [130.7869103086196, 25.942459697857483], [130.8007204453129, 25.97101038846747], [130.81128717062103, 25.999561079077452], [130.81441085169672, 26.00922421474465], [130.82139123174485, 26.028111769687435], [130.829605535694, 26.056662460297417], [130.83586127530089, 26.085213150907403], [130.8404221140834, 26.113763841517386], [130.84322228004442, 26.142314532127372], [130.84409560246212, 26.170865222737355], [130.84275877043885, 26.199415913347337], [130.83897320871475, 26.22796660395732], [130.83278712789456, 26.256517294567306], [130.82454964871397, 26.28506798517729], [130.81443935271264, 26.31361867578727], [130.81441085169672, 26.313686488193017], [130.8006988063879, 26.342169366397258], [130.78484828889455, 26.37072005700724], [130.78348523307824, 26.372831078890425], [130.7642356548554, 26.399270747617223], [130.75255961445976, 26.414364766188356], [130.7418926195773, 26.427821438227205], [130.72163399584124, 26.452432341540646], [130.71849836585335, 26.45637212883719], [130.69353726246132, 26.484922819447174], [130.69070837722276, 26.487881992972966], [130.66535667739385, 26.513473510057153], [130.65978275860428, 26.518556600953254], [130.631985762258, 26.542024200667143], [130.62885713998577, 26.54450498963162], [130.5979315213673, 26.56675189054762], [130.5918887658579, 26.570574891277126], [130.5670059027488, 26.586238097470364], [130.54179219496186, 26.599125581887108], [130.53608028413032, 26.602231082395473], [130.5051546655118, 26.61675489552423], [130.47439920733243, 26.627676272497094], [130.47422904689333, 26.627745051767295], [130.44330342827482, 26.63679569918826], [130.41237780965633, 26.642260359460607], [130.38145219103785, 26.64422181653621], [130.35052657241937, 26.642001488571694], [130.31960095380086, 26.636554154854494], [130.28867533518238, 26.629364089390975], [130.28338711398442, 26.627676272497094], [130.2577497165639, 26.62080045387519], [130.22682409794538, 26.607823289252515], [130.212252880057, 26.599125581887108], [130.1958984793269, 26.591780353425634], [130.16497286070842, 26.578102055803793], [130.1495983655987, 26.570574891277126], [130.13404724208993, 26.564922707529917], [130.10312162347142, 26.55239712845971], [130.0824780469447, 26.542024200667143], [130.07219600485294, 26.538490526313463], [130.04127038623446, 26.520677177646103], [130.0318548230837, 26.513473510057153], [130.01034476761595, 26.5007686834929], [129.99029939513832, 26.484922819447174], [129.97941914899747, 26.476989825647927], [129.95570156651635, 26.45637212883719], [129.94849353037898, 26.449182235439096], [129.92480318969484, 26.427821438227205], [129.91756791176047, 26.419937312022213], [129.89524788660844, 26.399270747617223], [129.886642293142, 26.388340281628626], [129.86663787115123, 26.37072005700724], [129.8557166745235, 26.35776404671656], [129.84258241217302, 26.342169366397258], [129.824791055905, 26.314501548885545], [129.82430656041456, 26.31361867578727], [129.8105274698576, 26.285067985177285], [129.8020975430553, 26.256517294567306], [129.79689289190176, 26.22796660395732], [129.7952979664802, 26.199415913347337], [129.79705766341306, 26.170865222737355], [129.80215853201585, 26.142314532127372], [129.81033672233292, 26.113763841517386], [129.82188307873355, 26.085213150907403], [129.824791055905, 26.079467521609825], [129.83620743000714, 26.05666246029742], [129.85394192482585, 26.028111769687435], [129.8557166745235, 26.02584149816178], [129.8743189569082, 25.999561079077452], [129.886642293142, 25.985528577340936], [129.89904396816746, 25.97101038846747], [129.91756791176047, 25.952732935032902], [129.9291502768984, 25.942459697857483], [129.94849353037898, 25.927502380368733], [129.97034188654249, 25.913909007247504], [129.97941914899747, 25.908355243892], [130.01034476761595, 25.8954076785561], [130.04127038623446, 25.886406889874042], [130.0474155392634, 25.885358316637518], [130.07219600485294, 25.88111047840703], [130.10312162347142, 25.881932608204696], [130.12203368092239, 25.885358316637518], [130.13404724208993, 25.89004170931345], [130.16497286070842, 25.909639783033672], [130.1704293198834, 25.9139090072475], [130.16497286070842, 25.920863782780533], [130.1497375849018, 25.942459697857483], [130.13404724208993, 25.948520638241334], [130.10312162347142, 25.964196684381854], [130.09376508326858, 25.97101038846747], [130.07219600485294, 25.982354104891], [130.0495141076451, 25.999561079077452], [130.04127038623446, 26.005878629037177], [130.02016172501013, 26.028111769687435], [130.01034476761595, 26.040102416649177], [129.99985804282093, 26.05666246029742], [129.9862416373178, 26.085213150907403], [129.97941914899747, 26.10542296486745], [129.97719032735532, 26.113763841517386], [129.97479424117057, 26.142314532127372], [129.9776877863956, 26.170865222737355], [129.97941914899747, 26.17664725547722], [129.98785872012596, 26.199415913347337], [130.00300550114108, 26.22796660395732], [130.01034476761595, 26.23834924039373], [130.02571590272476, 26.25651729456731], [130.04127038623443, 26.272004320903026], [130.05711754849185, 26.28506798517729], [130.07219600485294, 26.29547776539343], [130.10312162347142, 26.311839059467005], [130.10762498255536, 26.31361867578727], [130.13404724208993, 26.321829747662527], [130.16497286070842, 26.327379373984623], [130.1958984793269, 26.329601476438313], [130.22682409794538, 26.328793122423683], [130.2577497165639, 26.32492486126666], [130.28867533518238, 26.317793212573065], [130.30204081668512, 26.31361867578727], [130.31960095380086, 26.30532989511452], [130.35052657241937, 26.28735099416225], [130.35365296012253, 26.28506798517729], [130.38145219103785, 26.258830063102096], [130.38344681768393, 26.256517294567306], [130.40578061364087, 26.22796660395732], [130.41237780965633, 26.2205206239322], [130.4285435967697, 26.199415913347337], [130.44330342827482, 26.177456809629252], [130.44558715117455, 26.170865222737355], [130.45499410614278, 26.142314532127372], [130.46779774605287, 26.11376384151739], [130.47422904689333, 26.09753715094636], [130.48048998657373, 26.0852131509074], [130.4956942250653, 26.05666246029742], [130.5051546655118, 26.044540990138522], [130.53377038839184, 26.056662460297417], [130.53608028413032, 26.05792180028271], [130.5578825636659, 26.0852131509074], [130.5670059027488, 26.112519123687132], [130.56814352542634, 26.113763841517386], [130.58517834973733, 26.142314532127372], [130.5979315213673, 26.157144285450617], [130.60701959011396, 26.142314532127372], [130.61611368204814, 26.113763841517386], [130.62007502220152, 26.085213150907403], [130.6198146032424, 26.05666246029742], [130.61392059756164, 26.028111769687435], [130.60136927114263, 25.999561079077452], [130.5979315213673, 25.993537154086027], [130.57767285291953, 25.97101038846747], [130.5670059027488, 25.958924467925662], [130.5459737935564, 25.942459697857487], [130.53608028413032, 25.935136603719283], [130.5081303662987, 25.9139090072475], [130.5051546655118, 25.9121014666327], [130.47422904689333, 25.886910112452057], [130.47257280404688, 25.885358316637518], [130.44330342827482, 25.864138284762483], [130.43525010777324, 25.856807626027535], [130.41237780965633, 25.837419138727583], [130.4019686960154, 25.82825693541755], [130.38145219103785, 25.811829751693455], [130.36484368491432, 25.799706244807567], [130.35052657241937, 25.787733990885094], [130.32648905318143, 25.771155554197584], [130.31960095380086, 25.763037958037422], [130.2944192909414, 25.7426048635876], [130.28867533518238, 25.73580533810351], [130.2712780898663, 25.714054172977615], [130.2577497165639, 25.70723339990281], [130.22682409794538, 25.69205549021585], [130.21718859075304, 25.685503482367636], [130.1958984793269, 25.667801680557275], [130.16497286070842, 25.657889064366138], [130.162024780891, 25.65695279175765], [130.16497286070842, 25.656145404581533], [130.1958984793269, 25.650504952209786], [130.22682409794538, 25.647218629094276], [130.2577497165639, 25.644284397572243], [130.28867533518238, 25.639037365253103], [130.31960095380086, 25.631917405324526], [130.3480358165494, 25.628402101147664], [130.35052657241937, 25.62824813719414]]]}, "properties": {"fillColor": "#FF0000", "fillOpacity": 0.7, "color": "#000000", "weight": 0.2, "stroke": false}}]}