{"type": "FeatureCollection", "features": [{"type": "Feature", "geometry": {"type": "Polygon", "coordinates": [[[115.72270896587304, 4.231525217782341], [115.75363458449154, 4.229080029315636], [115.78456020311003, 4.2305494296661035], [115.81548582172852, 4.238651900928367], [115.82506679892452, 4.243934834269908], [115.84641144034701, 4.246205601106539], [115.87733705896548, 4.252801496330496], [115.90826267758398, 4.272376467741468], [115.90838080640674, 4.272485524879891], [115.93918829620247, 4.281701720903752], [115.96639767687971, 4.301036215489876], [115.97011391482097, 4.306546568319638], [115.98696997156111, 4.329586906099859], [115.99669828742938, 4.358137596709843], [115.99762676873691, 4.386688287319826], [115.99459283621024, 4.41523897792981], [115.97011391482097, 4.441988974880422], [115.9692410971696, 4.443789668539793], [115.9547348897116, 4.4723403591497775], [115.93918829620247, 4.486709358393119], [115.90990315338139, 4.500891049759761], [115.90826267758399, 4.502269759024891], [115.87733705896548, 4.519317791429777], [115.84641144034701, 4.525782323505119], [115.81548582172852, 4.529331452089879], [115.81482681697402, 4.5294417403697445], [115.78456020311003, 4.54778793284934], [115.75363458449154, 4.554084251674649], [115.74370126261132, 4.557992430979728], [115.72270896587304, 4.576817864972446], [115.69178334725456, 4.585877271114464], [115.68613306314919, 4.5865431215897114], [115.66085772863606, 4.597822261058408], [115.62993211001756, 4.597672280169959], [115.60370280527556, 4.5865431215897114], [115.59900649139908, 4.585862857351715], [115.56808087278058, 4.5712187316729995], [115.55425334647882, 4.557992430979728], [115.5402848751016, 4.5294417403697445], [115.53715525416212, 4.504879918482967], [115.53454277886127, 4.500891049759761], [115.51735418787769, 4.4723403591497775], [115.5135490220559, 4.443789668539793], [115.51258968822266, 4.41523897792981], [115.51390923069083, 4.386688287319826], [115.52020124212554, 4.358137596709843], [115.5371552541621, 4.338838581953027], [115.54178950510482, 4.329586906099859], [115.56808087278058, 4.302129963922475], [115.56961621635297, 4.301036215489876], [115.59900649139908, 4.28060443620356], [115.62299370809878, 4.272485524879891], [115.62993211001756, 4.26607995644309], [115.66085772863606, 4.252001643859333], [115.69178334725456, 4.24409113065579], [115.69307938905483, 4.243934834269908], [115.72270896587304, 4.231525217782341]]]}, "properties": {"fillColor": "#8A2BE2", "fillOpacity": 0.7, "color": "#000000", "weight": 0.2, "stroke": false}}, {"type": "Feature", "geometry": {"type": "Polygon", "coordinates": [[[117.6400973202195, 4.740481532617699], [117.67102293883798, 4.733860755703594], [117.70194855745648, 4.7308146081028415], [117.73287417607497, 4.730200797874512], [117.76379979469345, 4.731654650523118], [117.79472541331195, 4.735990232110812], [117.82565103193043, 4.744065878325618], [117.84761522839071, 4.757847265249613], [117.85657665054893, 4.760137105308937], [117.88750226916741, 4.773168482613898], [117.90366274703507, 4.786397955859598], [117.9184278877859, 4.799287202380423], [117.9335638427003, 4.814948646469581], [117.94935350640442, 4.837233040663457], [117.95723296096432, 4.843499337079566], [117.98027912502289, 4.847737533957821], [118.01120474364139, 4.843939810676398], [118.04213036225988, 4.843524088112881], [118.07305598087837, 4.8442050438571975], [118.10398159949686, 4.846073249195404], [118.13490721811536, 4.8511020804225975], [118.16250508621701, 4.872050027689548], [118.16583283673384, 4.873742957578616], [118.19299290396864, 4.900600718299532], [118.19675845535234, 4.913918715681175], [118.21083840259348, 4.929151408909515], [118.21684788541216, 4.9577020995195], [118.21298004588894, 4.986252790129483], [118.19675845535234, 5.0068884953508155], [118.19540766170917, 5.014803480739467], [118.17837891589411, 5.04335417134945], [118.16583283673384, 5.054936776337648], [118.13490721811536, 5.07146370856165], [118.13247317217616, 5.071904861959434], [118.10398159949686, 5.090664590966716], [118.07305598087837, 5.093233929386133], [118.04213036225988, 5.092715152076606], [118.0112047436414, 5.092631459448013], [117.98027912502289, 5.096093907685738], [117.94978917642814, 5.100455552569418], [117.9493535064044, 5.100843791504708], [117.9184278877859, 5.106724983029336], [117.88881310041393, 5.100455552569418], [117.88750226916743, 5.100391938487729], [117.85657665054893, 5.097921575141373], [117.82565103193042, 5.090791004573167], [117.79472541331194, 5.07370385012625], [117.79277678017006, 5.071904861959434], [117.76379979469345, 5.061742428278302], [117.73287417607497, 5.048530566814481], [117.72484059642677, 5.04335417134945], [117.70194855745648, 5.039793964991698], [117.67102293883798, 5.025770892989588], [117.65803845554035, 5.014803480739467], [117.6400973202195, 5.009124516842237], [117.61596626231524, 4.986252790129483], [117.609171701601, 4.980683511940306], [117.58459325858334, 4.9577020995195], [117.57824608298253, 4.944942392840563], [117.56114155989641, 4.929151408909515], [117.55366493755658, 4.900600718299532], [117.55203880034678, 4.872050027689548], [117.55113769425235, 4.843499337079565], [117.55587580221052, 4.814948646469581], [117.57824608298252, 4.789801565825587], [117.58017461966779, 4.786397955859598], [117.609171701601, 4.760411581985698], [117.61596097487163, 4.757847265249613], [117.6400973202195, 4.740481532617699]]]}, "properties": {"fillColor": "#8A2BE2", "fillOpacity": 0.7, "color": "#000000", "weight": 0.2, "stroke": false}}, {"type": "Feature", "geometry": {"type": "Polygon", "coordinates": [[[117.68032671496796, 4.872050027689548], [117.68595360474816, 4.900600718299532], [117.70194855745648, 4.913620445223637], [117.73287417607497, 4.917362482726933], [117.75828751337205, 4.900600718299532], [117.75374137112254, 4.872050027689548], [117.73287417607497, 4.854659400107859], [117.70194855745649, 4.851601703847127], [117.68032671496796, 4.872050027689548]]]}, "properties": {"fillColor": "#8A2BE2", "fillOpacity": 0.7, "color": "#000000", "weight": 0.2, "stroke": false}}, {"type": "Feature", "geometry": {"type": "Polygon", "coordinates": [[[118.0609206253687, 4.929151408909515], [118.04213036225987, 4.934541317127406], [118.02065682186142, 4.9577020995195], [118.02772675781388, 4.986252790129483], [118.04213036225988, 4.9960367162964925], [118.07305598087837, 4.999969300636331], [118.09962106088437, 4.986252790129482], [118.10398159949686, 4.977585105434948], [118.11017994024517, 4.9577020995195], [118.10398159949686, 4.947939130899273], [118.07907006668333, 4.929151408909515], [118.07305598087837, 4.926681970415231], [118.0609206253687, 4.929151408909515]]]}, "properties": {"fillColor": "#8A2BE2", "fillOpacity": 0.7, "color": "#000000", "weight": 0.2, "stroke": false}}, {"type": "Feature", "geometry": {"type": "Polygon", "coordinates": [[[118.28953531120781, 5.440367003013969], [118.32046092982631, 5.425225867919973], [118.3513865484448, 5.435204506643415], [118.36806333270425, 5.443063839889222], [118.38231216706328, 5.447863541002712], [118.41323778568177, 5.4696818926679525], [118.41662077547684, 5.471614530499205], [118.44416340430027, 5.485056986207754], [118.45937347970155, 5.500165221109189], [118.47508902291875, 5.52382901010528], [118.47863178521641, 5.528715911719172], [118.49238040067841, 5.557266602329156], [118.49875487955931, 5.58581729293914], [118.49595255745086, 5.614367983549124], [118.47772973351962, 5.642918674159107], [118.47508902291875, 5.645432631958764], [118.44416340430027, 5.669784573645521], [118.43925228880624, 5.671469364769091], [118.41323778568179, 5.683008598003942], [118.38231216706328, 5.678656026647318], [118.37289834721273, 5.671469364769091], [118.3513865484448, 5.658441677099566], [118.33661727832474, 5.642918674159107], [118.32046092982628, 5.623119386513293], [118.31098156016257, 5.614367983549124], [118.29546123516087, 5.58581729293914], [118.29004674798558, 5.557266602329156], [118.28953531120781, 5.548909498785275], [118.28731447881121, 5.528715911719172], [118.2753803771698, 5.500165221109189], [118.27731025742142, 5.471614530499205], [118.28664366768909, 5.443063839889222], [118.28953531120781, 5.440367003013969]]]}, "properties": {"fillColor": "#8A2BE2", "fillOpacity": 0.7, "color": "#000000", "weight": 0.2, "stroke": false}}, {"type": "Feature", "geometry": {"type": "Polygon", "coordinates": [[[124.81484083970945, 6.382112414641848], [124.84576645832793, 6.381364583335813], [124.84996059291554, 6.385236630018682], [124.8713227180405, 6.413787320628666], [124.87263268535428, 6.4423380112386495], [124.86577845743508, 6.470888701848633], [124.84576645832793, 6.494424321961817], [124.84292487179485, 6.4994393924586165], [124.81484083970945, 6.526987120826846], [124.81398182020166, 6.5279900830686], [124.78391522109095, 6.555613843303407], [124.78321207767029, 6.556540773678584], [124.76621337593764, 6.585091464288567], [124.75298960247245, 6.597758558716318], [124.72206398385397, 6.609443931986652], [124.69113836523547, 6.612057162811219], [124.66021274661699, 6.587539388253457], [124.65756119734347, 6.585091464288567], [124.64126469071425, 6.556540773678584], [124.63538259714448, 6.5279900830686], [124.64390050827836, 6.4994393924586165], [124.66021274661699, 6.4761457176517], [124.66241856299341, 6.470888701848633], [124.69113836523547, 6.4432701275317354], [124.69231228331729, 6.4423380112386495], [124.72206398385397, 6.417165436455478], [124.72996635896853, 6.413787320628666], [124.75298960247244, 6.39885216827713], [124.78391522109095, 6.3879569721467355], [124.8063659226532, 6.385236630018682], [124.81484083970945, 6.382112414641848]]]}, "properties": {"fillColor": "#8A2BE2", "fillOpacity": 0.7, "color": "#000000", "weight": 0.2, "stroke": false}}, {"type": "Feature", "geometry": {"type": "Polygon", "coordinates": [[[116.77417999890173, 6.519407750742367], [116.80510561752023, 6.503304943743995], [116.83603123613872, 6.50910541427184], [116.85563574008178, 6.5279900830686], [116.8669568547572, 6.5463483461538114], [116.87138251068859, 6.556540773678584], [116.8978824733757, 6.583955174738206], [116.89891947676271, 6.585091464288567], [116.9288080919942, 6.602669692131049], [116.95368752973779, 6.613642154898551], [116.95973371061268, 6.615695757075686], [116.98569997978767, 6.642192845508536], [116.99065932923116, 6.650917229997504], [117.00325945909438, 6.670743536118518], [117.00611741759096, 6.699294226728503], [117.00399222714509, 6.727844917338485], [116.99351733756095, 6.75639560794847], [116.99065932923118, 6.759742236957912], [116.97407213792869, 6.784946298558453], [116.95973371061268, 6.797624301684919], [116.9288080919942, 6.811077046416313], [116.8978824733757, 6.80721400790232], [116.86695685475722, 6.79844712353883], [116.85233299258584, 6.784946298558453], [116.83603123613872, 6.760213085524926], [116.8318962098717, 6.75639560794847], [116.82087432705626, 6.727844917338485], [116.81884400716342, 6.699294226728503], [116.81199325279181, 6.670743536118518], [116.80510561752023, 6.65207314777725], [116.79816443087414, 6.642192845508535], [116.77417999890173, 6.618529429888905], [116.7697608183805, 6.613642154898551], [116.74658662871408, 6.585091464288567], [116.74325438028325, 6.57314783212912], [116.74018237678976, 6.556540773678584], [116.74325438028325, 6.5405739006208545], [116.74845669336213, 6.5279900830686], [116.77417999890173, 6.519407750742367]]]}, "properties": {"fillColor": "#8A2BE2", "fillOpacity": 0.7, "color": "#000000", "weight": 0.2, "stroke": false}}, {"type": "Feature", "geometry": {"type": "Polygon", "coordinates": [[[120.76358480068708, 6.514613762984065], [120.7945104193056, 6.514844121749878], [120.81738486693109, 6.5279900830686], [120.82543603792408, 6.52928891605706], [120.85454031543046, 6.556540773678584], [120.85636165654257, 6.559845515496569], [120.87958063655506, 6.585091464288567], [120.88274725977821, 6.613642154898551], [120.88207726645071, 6.642192845508535], [120.87568534261366, 6.670743536118518], [120.85636165654257, 6.692987245342373], [120.8533474772864, 6.699294226728503], [120.82543603792408, 6.725036868821653], [120.8160422127888, 6.727844917338485], [120.7945104193056, 6.7427571328506755], [120.76358480068711, 6.7470556923463], [120.7326591820686, 6.741523844299902], [120.71387332187598, 6.727844917338485], [120.70173356345012, 6.722995351182556], [120.67774839332574, 6.699294226728503], [120.67080794483161, 6.673584405422822], [120.66817963455685, 6.670743536118518], [120.65591666452897, 6.642192845508535], [120.65812735642822, 6.613642154898551], [120.67080794483161, 6.594509535119968], [120.67208406140985, 6.585091464288567], [120.68787695987618, 6.556540773678584], [120.70173356345012, 6.543748285792571], [120.7326591820686, 6.528766262878348], [120.73906337840091, 6.5279900830686], [120.76358480068708, 6.514613762984065]]]}, "properties": {"fillColor": "#8A2BE2", "fillOpacity": 0.7, "color": "#000000", "weight": 0.2, "stroke": false}}, {"type": "Feature", "geometry": {"type": "Polygon", "coordinates": [[[115.47530401692511, 6.692908840580882], [115.5062296355436, 6.6916883745282405], [115.5371552541621, 6.6904455624314325], [115.56808087278058, 6.688929134512679], [115.59900649139908, 6.685253091744534], [115.62993211001756, 6.681109409282406], [115.66085772863606, 6.678327014200899], [115.69178334725456, 6.673121962058293], [115.72270896587304, 6.672737100112666], [115.75363458449152, 6.675510220589], [115.78456020311003, 6.686379287706508], [115.80771004492595, 6.699294226728503], [115.81548582172852, 6.700984509202148], [115.846411440347, 6.715942945449004], [115.85971934428596, 6.727844917338485], [115.8773370589655, 6.738188223020648], [115.89596000409722, 6.75639560794847], [115.90826267758399, 6.7733241542470015], [115.92065617645588, 6.784946298558453], [115.92967944912527, 6.813496989168437], [115.93761132273573, 6.84204767977842], [115.93295054795692, 6.870598370388404], [115.90826267758399, 6.895316994948824], [115.90331193368651, 6.899149060998388], [115.87733705896548, 6.918608900124749], [115.84641144034701, 6.926351983361047], [115.82377907228403, 6.927699751608372], [115.81548582172852, 6.929219365976431], [115.79945495397583, 6.927699751608372], [115.78456020311002, 6.927374284990073], [115.75363458449155, 6.92451338064118], [115.72270896587304, 6.918833865032674], [115.69178334725457, 6.901514726981173], [115.68929050220153, 6.899149060998388], [115.66085772863606, 6.892316352967241], [115.62993211001756, 6.88796916589718], [115.59900649139908, 6.876983579887212], [115.5920901419329, 6.870598370388404], [115.56808087278058, 6.855509640824405], [115.54671153768342, 6.842047679778421], [115.53715525416212, 6.833952163392509], [115.51682985912043, 6.813496989168437], [115.5062296355436, 6.799196690691437], [115.49351233299909, 6.784946298558453], [115.47530401692511, 6.75650013367675], [115.47521413158474, 6.75639560794847], [115.45913438638668, 6.727844917338485], [115.44596133810495, 6.699294226728503], [115.47530401692511, 6.692908840580882]]]}, "properties": {"fillColor": "#8A2BE2", "fillOpacity": 0.7, "color": "#000000", "weight": 0.2, "stroke": false}}, {"type": "Feature", "geometry": {"type": "Polygon", "coordinates": [[[116.34122133824286, 6.895076491291346], [116.37214695686136, 6.892934166933215], [116.40307257547985, 6.895388912071348], [116.42062336717379, 6.899149060998388], [116.43399819409834, 6.902300034355511], [116.46492381271683, 6.912893115589492], [116.47945520037564, 6.9276997516083725], [116.48200689390548, 6.956250442218355], [116.46492381271683, 6.9715362741533955], [116.44832661189265, 6.984801132828339], [116.43399819409832, 6.994915004609329], [116.40307257547985, 7.000576159729013], [116.37214695686136, 7.0056575779144525], [116.35482517603197, 7.013351823438322], [116.34122133824286, 7.021466080528377], [116.31029571962438, 7.02263977907171], [116.2793701010059, 7.020323898190549], [116.25001632414849, 7.013351823438322], [116.24844448238738, 7.012602814774961], [116.23624532298248, 6.984801132828339], [116.24055775737331, 6.956250442218355], [116.24844448238738, 6.947589981368349], [116.2717593670903, 6.9276997516083725], [116.27937010100588, 6.921619854295352], [116.31029571962438, 6.912785014030931], [116.33616743045324, 6.899149060998388], [116.34122133824286, 6.895076491291346]]]}, "properties": {"fillColor": "#8A2BE2", "fillOpacity": 0.7, "color": "#000000", "weight": 0.2, "stroke": false}}, {"type": "Feature", "geometry": {"type": "Polygon", "coordinates": [[[126.3920473892525, 7.370716778229321], [126.42297300787098, 7.366302807133623], [126.45389862648946, 7.367663923510696], [126.48444850589127, 7.38451080136811], [126.48482424510796, 7.384627863685679], [126.51574986372647, 7.410977306296184], [126.51800741792749, 7.413061491978093], [126.53479987802807, 7.441612182588077], [126.54304365652912, 7.470162873198061], [126.54376168567327, 7.498713563808044], [126.54156552961186, 7.527264254418029], [126.53005013265437, 7.555814945028011], [126.51574986372646, 7.574992848782275], [126.51271356040765, 7.584365635637996], [126.48482424510796, 7.611400892339651], [126.48264565618514, 7.612916326247979], [126.45389862648948, 7.6340627884069265], [126.42297300787098, 7.640481424913978], [126.41429782751057, 7.641467016857963], [126.3920473892525, 7.653590890594691], [126.361121770634, 7.656764643433684], [126.33019615201549, 7.653508662996689], [126.30508429491832, 7.641467016857963], [126.29927053339702, 7.640017197944815], [126.2700209870561, 7.612916326247979], [126.26834491477852, 7.609145864903816], [126.25154854700025, 7.584365635637996], [126.2471041875972, 7.555814945028011], [126.24709590026629, 7.527264254418029], [126.25216448511749, 7.498713563808044], [126.26834491477851, 7.480481891737026], [126.27122676029292, 7.470162873198061], [126.28435720944128, 7.441612182588077], [126.29927053339702, 7.426832837365325], [126.31301342906222, 7.413061491978093], [126.3301961520155, 7.397948454012077], [126.361121770634, 7.385270849563987], [126.365391875125, 7.38451080136811], [126.3920473892525, 7.370716778229321]]]}, "properties": {"fillColor": "#8A2BE2", "fillOpacity": 0.7, "color": "#000000", "weight": 0.2, "stroke": false}}, {"type": "Feature", "geometry": {"type": "Polygon", "coordinates": [[[118.19675845535235, 7.435537380131968], [118.2276840739708, 7.424106481646419], [118.25860969258932, 7.424133217282353], [118.28953531120783, 7.425677933535749], [118.32046092982628, 7.433793278964628], [118.32893023219017, 7.441612182588077], [118.3513865484448, 7.4519260658086575], [118.3777993613506, 7.470162873198061], [118.38231216706328, 7.4758690791122415], [118.39924089067217, 7.498713563808044], [118.40938743114242, 7.527264254418029], [118.41133937794365, 7.555814945028011], [118.41020544544972, 7.584365635637996], [118.40415943291198, 7.612916326247978], [118.39243004929986, 7.641467016857963], [118.38231216706328, 7.655111782051725], [118.37929932287219, 7.670017707467947], [118.35842816395738, 7.69856839807793], [118.3513865484448, 7.706430277079958], [118.34068626701827, 7.727119088687914], [118.32046092982631, 7.7454744042538355], [118.29655972653026, 7.755669779297897], [118.28953531120781, 7.761184394432729], [118.25860969258932, 7.772052723279972], [118.22768407397082, 7.7731252732193985], [118.19675845535232, 7.767312412107328], [118.17616305604443, 7.7556697792978975], [118.16583283673384, 7.753049195296136], [118.1376689484381, 7.727119088687914], [118.13490721811536, 7.723991426908938], [118.11080875678527, 7.69856839807793], [118.10398159949688, 7.6767734433973605], [118.09801203787572, 7.670017707467947], [118.08912803026027, 7.641467016857963], [118.08728705956375, 7.61291632624798], [118.08952288278505, 7.584365635637996], [118.0977426042422, 7.555814945028011], [118.10398159949686, 7.544467643269], [118.1066119113518, 7.527264254418029], [118.11907895675401, 7.498713563808044], [118.13490721811536, 7.483004933276425], [118.1462015077715, 7.470162873198061], [118.16583283673384, 7.452471737622607], [118.18915940422981, 7.441612182588077], [118.19675845535235, 7.435537380131968]]]}, "properties": {"fillColor": "#8A2BE2", "fillOpacity": 0.7, "color": "#000000", "weight": 0.2, "stroke": false}}, {"type": "Feature", "geometry": {"type": "Polygon", "coordinates": [[[148.19460851528876, 7.5824804430705], [148.1966312994673, 7.584365635637996], [148.19871144728432, 7.612916326247979], [148.20085506129087, 7.641467016857963], [148.20292906229633, 7.670017707467946], [148.20477986716105, 7.69856839807793], [148.20649601616762, 7.727119088687914], [148.20893643528515, 7.755669779297898], [148.19460851528876, 7.772581862195503], [148.19278259903504, 7.7556697792978975], [148.1920857615316, 7.727119088687914], [148.19138846705997, 7.69856839807793], [148.19087204165882, 7.670017707467947], [148.19078767528285, 7.641467016857963], [148.1912617112559, 7.612916326247979], [148.19242481995371, 7.5843656356379965], [148.19460851528876, 7.5824804430705]]]}, "properties": {"fillColor": "#8A2BE2", "fillOpacity": 0.7, "color": "#000000", "weight": 0.2, "stroke": false}}, {"type": "Feature", "geometry": {"type": "Polygon", "coordinates": [[[120.48525423312068, 7.7799206628852415], [120.51617985173917, 7.7776831544692016], [120.52492142464158, 7.784220469907882], [120.54710547035766, 7.786372627004309], [120.57803108897616, 7.789829304132965], [120.60895670759464, 7.804969160909189], [120.61740769981952, 7.812771160517865], [120.63988232621314, 7.826887566359188], [120.6555172960247, 7.841321851127848], [120.67080794483164, 7.8650473463349115], [120.67603451377278, 7.869872541737833], [120.69675301001675, 7.898423232347815], [120.70120740215208, 7.926973922957799], [120.70173356345012, 7.935345364524335], [120.71099910671346, 7.955524613567783], [120.71379989141747, 7.984075304177766], [120.71957710556057, 8.01262599478775], [120.7200783203827, 8.041176685397733], [120.71838004756509, 8.069727376007718], [120.70648571987861, 8.098278066617702], [120.70173356345012, 8.103263900073799], [120.67842632457979, 8.126828757227685], [120.67080794483162, 8.133286793445752], [120.63988232621315, 8.142046417814402], [120.60895670759464, 8.142372151017225], [120.57803108897616, 8.137158909332115], [120.56071709068127, 8.126828757227685], [120.54710547035765, 8.124161955623425], [120.51617985173917, 8.114340631587709], [120.49534879226206, 8.098278066617702], [120.48525423312068, 8.094612861931651], [120.4543286145022, 8.07987923504403], [120.44333229482943, 8.069727376007718], [120.42340299588369, 8.054644733782446], [120.40881463675883, 8.041176685397733], [120.39247737726521, 8.018177129983739], [120.38646448278513, 8.01262599478775], [120.36730647445117, 7.984075304177766], [120.36272291384697, 7.955524613567784], [120.36175221508327, 7.926973922957799], [120.3625832820329, 7.898423232347815], [120.366018766903, 7.869872541737832], [120.38190789777919, 7.841321851127848], [120.3924773772652, 7.83123876517446], [120.41222963671649, 7.812771160517864], [120.42340299588369, 7.803112673414074], [120.4543286145022, 7.78744604610371], [120.47823325075701, 7.784220469907881], [120.48525423312068, 7.7799206628852415]]]}, "properties": {"fillColor": "#8A2BE2", "fillOpacity": 0.7, "color": "#000000", "weight": 0.2, "stroke": false}}, {"type": "Feature", "geometry": {"type": "Polygon", "coordinates": [[[120.50830818521997, 7.926973922957799], [120.51471061584219, 7.955524613567783], [120.51617985173917, 7.957176551343951], [120.5446820640741, 7.984075304177766], [120.54710547035766, 7.985605882516098], [120.57803108897616, 8.00034725218724], [120.6024578024302, 7.984075304177766], [120.5983894757556, 7.955524613567782], [120.58209869824992, 7.926973922957799], [120.57803108897616, 7.922522955035463], [120.54710547035766, 7.905965169266553], [120.51617985173917, 7.915541841740738], [120.50830818521997, 7.926973922957799]]]}, "properties": {"fillColor": "#8A2BE2", "fillOpacity": 0.7, "color": "#000000", "weight": 0.2, "stroke": false}}, {"type": "Feature", "geometry": {"type": "Polygon", "coordinates": [[[148.22553413390725, 7.797130903550899], [148.22586345306965, 7.8127711605178645], [148.22553413390725, 7.81312824377357], [148.22352588691913, 7.812771160517865], [148.22553413390725, 7.797130903550899]]]}, "properties": {"fillColor": "#8A2BE2", "fillOpacity": 0.7, "color": "#000000", "weight": 0.2, "stroke": false}}, {"type": "Feature", "geometry": {"type": "Polygon", "coordinates": [[[148.22553413390725, 8.03975308265083], [148.2281770893991, 8.041176685397733], [148.23263398544572, 8.069727376007718], [148.24689591575316, 8.098278066617702], [148.25645975252573, 8.104523325180304], [148.2601000023226, 8.126828757227685], [148.2640835464403, 8.155379447837667], [148.27100236405744, 8.18393013844765], [148.28738537114424, 8.208825049678149], [148.28959776690783, 8.212480829057636], [148.29271276670403, 8.241031519667619], [148.29581050818769, 8.269582210277603], [148.29899326140884, 8.298132900887587], [148.30218341570702, 8.32668359149757], [148.30541836602748, 8.355234282107554], [148.30874666056357, 8.383784972717539], [148.31220947237503, 8.412335663327521], [148.31583563292116, 8.440886353937504], [148.31831098976272, 8.459886200581561], [148.3196070688439, 8.469437044547488], [148.32254210780482, 8.497987735157473], [148.32459317815048, 8.526538425767455], [148.32608259108935, 8.55508911637744], [148.32690806938874, 8.583639806987424], [148.32679614023527, 8.612190497597407], [148.32741954121332, 8.64074118820739], [148.32825134660754, 8.669291878817374], [148.32927447741815, 8.697842569427358], [148.33049672088623, 8.72639326003734], [148.33186546063558, 8.754943950647325], [148.33321727369474, 8.78349464125731], [148.33421409782264, 8.812045331867292], [148.33420328260434, 8.840596022477277], [148.3232033988781, 8.869146713087261], [148.31831098976272, 8.87508362158561], [148.3149387425388, 8.869146713087261], [148.31126418263378, 8.840596022477277], [148.30906352270972, 8.812045331867292], [148.30700572218993, 8.78349464125731], [148.30478035306916, 8.754943950647325], [148.28738537114424, 8.73267808895395], [148.28244053667652, 8.72639326003734], [148.27574261021851, 8.697842569427358], [148.27210934893048, 8.669291878817374], [148.26795150291974, 8.64074118820739], [148.26304179149344, 8.612190497597407], [148.2571224700638, 8.583639806987424], [148.2564597525257, 8.580892533365716], [148.25208309377888, 8.55508911637744], [148.24826362076863, 8.526538425767455], [148.24536097847766, 8.497987735157473], [148.2441637113754, 8.469437044547488], [148.24265000939948, 8.440886353937504], [148.24086324893813, 8.412335663327521], [148.23912896074233, 8.383784972717539], [148.23739574719013, 8.355234282107554], [148.23563738562925, 8.32668359149757], [148.2338462126189, 8.298132900887587], [148.23199146783656, 8.269582210277603], [148.2299737865985, 8.241031519667619], [148.22756349526742, 8.212480829057636], [148.22553413390725, 8.193283194894992], [148.2249714676795, 8.18393013844765], [148.2235101563933, 8.155379447837667], [148.22238610915235, 8.126828757227685], [148.22315257057264, 8.098278066617702], [148.22379199737142, 8.069727376007718], [148.22447970264216, 8.041176685397733], [148.22553413390725, 8.03975308265083]]]}, "properties": {"fillColor": "#8A2BE2", "fillOpacity": 0.7, "color": "#000000", "weight": 0.2, "stroke": false}}, {"type": "Feature", "geometry": {"type": "Polygon", "coordinates": [[[121.50579964753089, 8.456398520208367], [121.53672526614938, 8.462341921161475], [121.54728432892787, 8.46943704454749], [121.56765088476787, 8.472398986283343], [121.59735335494153, 8.497987735157473], [121.59857650338637, 8.500052790016923], [121.62159353097755, 8.526538425767455], [121.62625619769913, 8.55508911637744], [121.6265338233388, 8.583639806987424], [121.62370008132444, 8.612190497597407], [121.61067023108096, 8.64074118820739], [121.59857650338637, 8.65332552767287], [121.59255815315676, 8.669291878817374], [121.56765088476786, 8.692744969425789], [121.56089221864677, 8.697842569427358], [121.53672526614938, 8.719336125483338], [121.50579964753089, 8.726135263353884], [121.50400014992094, 8.72639326003734], [121.47487402891238, 8.746320735717894], [121.4439484102939, 8.75150956902952], [121.41302279167542, 8.75240145175054], [121.38209717305692, 8.751537574937837], [121.35117155443845, 8.745900630419532], [121.33004150525923, 8.72639326003734], [121.32024593581994, 8.708828085452867], [121.30834661318801, 8.697842569427358], [121.29759982954636, 8.669291878817374], [121.29559251425165, 8.64074118820739], [121.29660527407319, 8.612190497597407], [121.30287644469882, 8.583639806987424], [121.32024593581994, 8.560979798742357], [121.32187778977877, 8.55508911637744], [121.35117155443844, 8.526931950551747], [121.35171606623489, 8.526538425767455], [121.38209717305692, 8.50302968982946], [121.3998867857252, 8.497987735157473], [121.41302279167542, 8.485860506714214], [121.4439484102939, 8.472611892540394], [121.4748740289124, 8.469495411970348], [121.47645394175845, 8.469437044547488], [121.50579964753089, 8.456398520208367]]]}, "properties": {"fillColor": "#8A2BE2", "fillOpacity": 0.7, "color": "#000000", "weight": 0.2, "stroke": false}}, {"type": "Feature", "geometry": {"type": "Polygon", "coordinates": [[[121.45249267372894, 8.55508911637744], [121.4439484102939, 8.559293908342882], [121.4155646956263, 8.583639806987424], [121.41302279167543, 8.587991389045492], [121.39854907546354, 8.612190497597407], [121.4011372348476, 8.64074118820739], [121.41302279167542, 8.654711843111082], [121.4439484102939, 8.664745482275247], [121.4748740289124, 8.65934238986851], [121.50516255246707, 8.640741188207388], [121.50579964753089, 8.640261830492133], [121.53034768875241, 8.612190497597407], [121.53672526614938, 8.58467521287557], [121.53704750915185, 8.583639806987424], [121.53672526614938, 8.582777639919795], [121.52336141832329, 8.55508911637744], [121.50579964753089, 8.543625300520882], [121.4748740289124, 8.543650879044478], [121.45249267372894, 8.55508911637744]]]}, "properties": {"fillColor": "#8A2BE2", "fillOpacity": 0.7, "color": "#000000", "weight": 0.2, "stroke": false}}, {"type": "Feature", "geometry": {"type": "Polygon", "coordinates": [[[141.4528236564577, 8.460116633058833], [141.48374927507618, 8.451703154056236], [141.51467489369466, 8.44807390522208], [141.54560051231317, 8.447160527360044], [141.57652613093165, 8.448527287565925], [141.60745174955014, 8.457147668357496], [141.6207633911599, 8.469437044547488], [141.63837736816862, 8.471687577125225], [141.66930298678713, 8.47235204933884], [141.7002286054056, 8.47567770223488], [141.7311542240241, 8.483741282621807], [141.7576144480192, 8.497987735157473], [141.7620798426426, 8.49847295094567], [141.7930054612611, 8.506640179623622], [141.82166336393664, 8.526538425767455], [141.82393107987957, 8.527464193373238], [141.85485669849805, 8.552829057857789], [141.8573047551419, 8.55508911637744], [141.87902310278315, 8.583639806987424], [141.8845013062061, 8.612190497597407], [141.88578231711656, 8.637010680323106], [141.88729446133783, 8.64074118820739], [141.88578231711656, 8.642778768977141], [141.88295693043258, 8.669291878817374], [141.87259846113565, 8.697842569427358], [141.85485669849805, 8.71556636498891], [141.8367360878177, 8.72639326003734], [141.82393107987957, 8.736735652008619], [141.7930054612611, 8.744748265308004], [141.7620798426426, 8.744447052042275], [141.7311542240241, 8.734127427806666], [141.721380787685, 8.72639326003734], [141.7002286054056, 8.722175613583195], [141.66930298678713, 8.702820809743045], [141.6638226456828, 8.697842569427358], [141.63837736816862, 8.689984504379822], [141.61608515987572, 8.669291878817374], [141.60745174955014, 8.664948375574145], [141.57652613093165, 8.644002531425542], [141.5729934998676, 8.64074118820739], [141.54560051231317, 8.629760402956961], [141.52509306992073, 8.612190497597407], [141.51467489369466, 8.607275270110012], [141.48374927507618, 8.591021116348754], [141.47510854307995, 8.583639806987424], [141.4528236564577, 8.56483581303834], [141.44213802425858, 8.555089116377438], [141.42420472554002, 8.526538425767455], [141.42189803783918, 8.50000436987124], [141.42149513279176, 8.497987735157473], [141.42189803783918, 8.497195377950197], [141.4369977921533, 8.469437044547488], [141.4528236564577, 8.460116633058833]]]}, "properties": {"fillColor": "#8A2BE2", "fillOpacity": 0.7, "color": "#000000", "weight": 0.2, "stroke": false}}, {"type": "Feature", "geometry": {"type": "Polygon", "coordinates": [[[138.66951798079347, 8.550547486952377], [138.70044359941198, 8.536475855623852], [138.73136921803047, 8.549868640538428], [138.73680409015918, 8.55508911637744], [138.74314975390587, 8.583639806987424], [138.73642012042419, 8.612190497597407], [138.73136921803047, 8.617046999680698], [138.70044359941198, 8.626320337934713], [138.66951798079347, 8.623136199810048], [138.65375872802755, 8.612190497597407], [138.64701383563178, 8.583639806987424], [138.66135422166406, 8.55508911637744], [138.66951798079347, 8.550547486952377]]]}, "properties": {"fillColor": "#8A2BE2", "fillOpacity": 0.7, "color": "#000000", "weight": 0.2, "stroke": false}}, {"type": "Feature", "geometry": {"type": "Polygon", "coordinates": [[[140.09209643724407, 8.626642147264972], [140.12302205586258, 8.615901300188387], [140.15394767448106, 8.625513527778427], [140.18487329309954, 8.638561145430778], [140.18851894481858, 8.64074118820739], [140.18487329309954, 8.648094793497739], [140.17328920845128, 8.669291878817374], [140.15394767448106, 8.678329471242307], [140.12302205586258, 8.678587263059928], [140.11116503598598, 8.669291878817374], [140.09209643724407, 8.649044584947505], [140.08578067627326, 8.64074118820739], [140.09209643724407, 8.626642147264972]]]}, "properties": {"fillColor": "#8A2BE2", "fillOpacity": 0.7, "color": "#000000", "weight": 0.2, "stroke": false}}, {"type": "Feature", "geometry": {"type": "Polygon", "coordinates": [[[140.43227824204746, 8.697706967858583], [140.43480432894398, 8.697842569427358], [140.46320386066597, 8.698380052710197], [140.49412947928445, 8.703907807839496], [140.51828199226225, 8.72639326003734], [140.52499863058367, 8.754943950647325], [140.52192539225902, 8.78349464125731], [140.49412947928445, 8.810155218129276], [140.4877944908805, 8.812045331867292], [140.463203860666, 8.821755416115474], [140.43227824204746, 8.824488309428869], [140.40135262342898, 8.82100993816644], [140.37927026010107, 8.812045331867292], [140.3704270048105, 8.80881655811135], [140.34157766934743, 8.78349464125731], [140.339501386192, 8.77942300556511], [140.3276421961512, 8.754943950647325], [140.329566361, 8.72639326003734], [140.339501386192, 8.715356956147367], [140.3704270048105, 8.704528522916696], [140.40135262342898, 8.69976461518036], [140.43153854709203, 8.697842569427358], [140.43227824204746, 8.697706967858583]]]}, "properties": {"fillColor": "#8A2BE2", "fillOpacity": 0.7, "color": "#000000", "weight": 0.2, "stroke": false}}, {"type": "Feature", "geometry": {"type": "Polygon", "coordinates": [[[137.83452627809422, 8.778007164249816], [137.86545189671273, 8.770537286124128], [137.8963775153312, 8.764149192182959], [137.9273031339497, 8.759800043889802], [137.95822875256817, 8.757179008537305], [137.9891543711867, 8.755930241416522], [138.02007998980514, 8.756192299303622], [138.05100560842365, 8.75930749843245], [138.08193122704216, 8.781253725399598], [138.08564552353562, 8.78349464125731], [138.11285684566064, 8.796189604501784], [138.1297753899897, 8.812045331867292], [138.14378246427913, 8.825238656116198], [138.1606177287309, 8.840596022477277], [138.1747080828976, 8.852485446869673], [138.1934630283493, 8.869146713087261], [138.20563370151612, 8.87982412071128], [138.22581196167306, 8.897697403697244], [138.2365593201346, 8.905458201581954], [138.26748493875309, 8.913033495052044], [138.2984105573716, 8.915425227985407], [138.32933617599008, 8.92007711311796], [138.3360204770239, 8.926248094307226], [138.36026179460856, 8.947428191536764], [138.36824549500267, 8.95479878491721], [138.36496664722634, 8.983349475527195], [138.36026179460856, 8.987995324918721], [138.33817322934965, 9.011900166137178], [138.32933617599008, 9.019601345439085], [138.2984105573716, 9.027428591263048], [138.26748493875309, 9.027365724812501], [138.2375937189907, 9.011900166137178], [138.2365593201346, 9.011363275965994], [138.20563370151612, 8.999941411547734], [138.1747080828976, 8.997016390951275], [138.14378246427913, 9.000624837516373], [138.11285684566064, 9.005901799138265], [138.08193122704216, 9.01033245367561], [138.07421066653114, 9.011900166137178], [138.05100560842365, 9.023848377995145], [138.02007998980517, 9.036553893393332], [137.9891543711867, 9.039888374190438], [137.96139121606748, 9.040450856747162], [137.95822875256815, 9.040645954640024], [137.95463718942244, 9.040450856747162], [137.9273031339497, 9.03991353824619], [137.8963775153312, 9.04016004738186], [137.89205718360432, 9.040450856747162], [137.8654518967127, 9.044539319439401], [137.83452627809422, 9.060702264330077], [137.80984889510864, 9.069001547357146], [137.80360065947573, 9.072338624621406], [137.7732194855891, 9.097552237967129], [137.7726750408572, 9.098100153126083], [137.74600331950455, 9.126102928577112], [137.74174942223874, 9.130441364576612], [137.71082380362026, 9.148118701792814], [137.67989818500178, 9.150194233138002], [137.64897256638326, 9.141170489990174], [137.63906648044866, 9.126102928577112], [137.6199233515064, 9.097552237967129], [137.61804694776478, 9.094818151344336], [137.60459895909074, 9.069001547357146], [137.60111939715563, 9.040450856747162], [137.58965155891917, 9.011900166137178], [137.5871213291463, 8.997158467775684], [137.5837838407358, 8.983349475527195], [137.58535205631384, 8.954798784917209], [137.5871213291463, 8.952870671676102], [137.60206581767417, 8.926248094307226], [137.60828802357034, 8.897697403697244], [137.61804694776478, 8.886842844726518], [137.63472023767147, 8.869146713087261], [137.64897256638326, 8.854428132160614], [137.66526478255798, 8.840596022477277], [137.67989818500178, 8.831137536364254], [137.71082380362026, 8.815394675521398], [137.71800410597865, 8.812045331867292], [137.74174942223874, 8.802167588845245], [137.77267504085722, 8.798989407428296], [137.80360065947573, 8.795853307713317], [137.82791472083557, 8.78349464125731], [137.83452627809422, 8.778007164249816]]]}, "properties": {"fillColor": "#8A2BE2", "fillOpacity": 0.7, "color": "#000000", "weight": 0.2, "stroke": false}}, {"type": "Feature", "geometry": {"type": "Polygon", "coordinates": [[[119.27915510699953, 9.065497890770926], [119.28122062378, 9.069001547357146], [119.27915510699953, 9.072432486014797], [119.26487927544758, 9.069001547357146], [119.27915510699953, 9.065497890770926]]]}, "properties": {"fillColor": "#8A2BE2", "fillOpacity": 0.7, "color": "#000000", "weight": 0.2, "stroke": false}}, {"type": "Feature", "geometry": {"type": "Polygon", "coordinates": [[[143.24650953633017, 9.262779545766184], [143.27743515494865, 9.25194664858234], [143.30836077356716, 9.247707576806334], [143.33928639218564, 9.246199404516332], [143.37021201080415, 9.245771281483812], [143.40113762942264, 9.245885712411695], [143.43206324804112, 9.246591909198681], [143.4629888666596, 9.248359627099173], [143.49391448527808, 9.252674404108198], [143.5248401038966, 9.265407647510932], [143.5285757135688, 9.268856381627032], [143.55576572251508, 9.275881624182968], [143.5866913411336, 9.289695239299187], [143.59504466636633, 9.297407072237014], [143.61761695975207, 9.311082626095235], [143.63398129825373, 9.325957762846999], [143.64854257837055, 9.340842948836249], [143.66380415481208, 9.354508453456983], [143.6787083827285, 9.383059144066966], [143.67946819698903, 9.386581678572407], [143.6922094150613, 9.411609834676948], [143.69804264019962, 9.440160525286933], [143.70358210728392, 9.468711215896917], [143.71039381560755, 9.487471931542323], [143.71832166768388, 9.4972619065069], [143.72739219675498, 9.525812597116884], [143.73735754078666, 9.554363287726868], [143.74131943422603, 9.56158879053006], [143.76328738010102, 9.582913978336851], [143.7722450528445, 9.594363486250016], [143.7896829832027, 9.611464668946834], [143.80127280718958, 9.640015359556818], [143.80317067146302, 9.664550013931683], [143.80362035846227, 9.668566050166802], [143.80357360456657, 9.697116740776785], [143.80735724418668, 9.72566743138677], [143.826426163586, 9.754218121996754], [143.8340962900815, 9.765434522312752], [143.8420671140267, 9.782768812606736], [143.8650219087, 9.805204683934495], [143.87215387717436, 9.81131950321672], [143.89594752731847, 9.838945021434721], [143.89679981484025, 9.839870193826705], [143.89964475342282, 9.868420884436688], [143.89594752731847, 9.879037811955156], [143.88082213650506, 9.89697157504667], [143.8650219087, 9.902736162026029], [143.8340962900815, 9.921957969508833], [143.80317067146302, 9.924675495063974], [143.79379805241396, 9.925522265656655], [143.7722450528445, 9.927236873257733], [143.74131943422603, 9.93811384112075], [143.72848962677296, 9.95407295626664], [143.71579312949646, 9.982623646876622], [143.72907286963044, 10.011174337486606], [143.7337997029536, 10.03972502809659], [143.74131943422603, 10.049434030799016], [143.75934243064677, 10.068275718706573], [143.7722450528445, 10.078528079452859], [143.79289914422347, 10.096826409316556], [143.80317067146302, 10.106698914801024], [143.82242065603575, 10.12537709992654], [143.80317067146302, 10.141285104988896], [143.77224505284448, 10.136421598401032], [143.76704543806602, 10.125377099926538], [143.74446054167487, 10.096826409316556], [143.74131943422603, 10.093222795424067], [143.71039381560755, 10.069221165246633], [143.67946819698903, 10.070609095160272], [143.64854257837055, 10.080589514180891], [143.62869369218606, 10.096826409316556], [143.61761695975207, 10.105449864126546], [143.5866913411336, 10.111481797958614], [143.55576572251508, 10.112017491311477], [143.52590975083456, 10.096826409316556], [143.5248401038966, 10.09642610625734], [143.49391448527808, 10.08077391003889], [143.47017108541888, 10.068275718706573], [143.4629888666596, 10.066211953052266], [143.43206324804112, 10.053142293348207], [143.4046039024958, 10.03972502809659], [143.40113762942264, 10.038707842109503], [143.37021201080415, 10.024871214168659], [143.3438879248376, 10.011174337486606], [143.33928639218567, 10.009406220969389], [143.30836077356716, 9.992467551757269], [143.29769802455647, 9.982623646876622], [143.27743515494865, 9.97232718820671], [143.24650953633017, 9.955867846829314], [143.24435228635213, 9.95407295626664], [143.21558391771168, 9.938015647553051], [143.20081376395274, 9.925522265656655], [143.1846582990932, 9.913484800697912], [143.16627716884676, 9.89697157504667], [143.1537326804747, 9.881895852214559], [143.14017725593817, 9.868420884436688], [143.12682599559452, 9.839870193826705], [143.1228070618562, 9.814037907619337], [143.1217800706162, 9.811319503216723], [143.11575664195576, 9.782768812606736], [143.1126868368446, 9.754218121996754], [143.11004210068077, 9.72566743138677], [143.10740425271393, 9.697116740776785], [143.10117461586745, 9.668566050166802], [143.09920816065033, 9.640015359556818], [143.1228070618562, 9.6238325110785], [143.1537326804747, 9.614765720726737], [143.16838026348643, 9.611464668946834], [143.1846582990932, 9.6047307146244], [143.21558391771168, 9.600776328609754], [143.22322362414184, 9.582913978336851], [143.21558391771168, 9.574004890092315], [143.19699888963743, 9.554363287726868], [143.18504219977092, 9.525812597116884], [143.1846582990932, 9.524879734305332], [143.1583298374163, 9.4972619065069], [143.1537326804747, 9.485205365020276], [143.13824317384172, 9.468711215896917], [143.12336380437975, 9.440160525286933], [143.1228070618562, 9.437476183606146], [143.1042821778026, 9.411609834676948], [143.09580237751493, 9.383059144066966], [143.09490617444172, 9.354508453456983], [143.09816474376825, 9.325957762846999], [143.1228070618562, 9.297930308872958], [143.12332296003933, 9.297407072237014], [143.1537326804747, 9.276583033061899], [143.1846582990932, 9.272523097470033], [143.21558391771168, 9.270063300086125], [143.23653066146102, 9.268856381627032], [143.24650953633017, 9.262779545766184]]]}, "properties": {"fillColor": "#8A2BE2", "fillOpacity": 0.7, "color": "#000000", "weight": 0.2, "stroke": false}}, {"type": "Feature", "geometry": {"type": "Polygon", "coordinates": [[[143.23287510338253, 9.354508453456983], [143.21558391771168, 9.375177920383488], [143.2106516342199, 9.383059144066966], [143.21233982747424, 9.411609834676948], [143.21558391771168, 9.41769711753549], [143.22273957268436, 9.440160525286931], [143.23955323352982, 9.468711215896917], [143.24650953633017, 9.477756107154521], [143.2589795583551, 9.4972619065069], [143.27743515494865, 9.516396605080706], [143.28891620030967, 9.525812597116884], [143.30836077356716, 9.540715584109849], [143.3390415746577, 9.554363287726868], [143.33928639218564, 9.55451154587976], [143.37021201080415, 9.568321675462567], [143.40113762942264, 9.573021834551843], [143.43206324804112, 9.567727921295326], [143.4538139658182, 9.554363287726868], [143.4629888666596, 9.547958412778808], [143.48388802356288, 9.525812597116882], [143.49391448527808, 9.509546105467741], [143.50365984019484, 9.4972619065069], [143.52098979262797, 9.468711215896917], [143.5248401038966, 9.454941314622065], [143.53148522557072, 9.440160525286933], [143.5248401038966, 9.421022155987846], [143.52209017584872, 9.411609834676948], [143.49933334979028, 9.383059144066966], [143.49391448527808, 9.378605480427375], [143.4629888666596, 9.358367475829619], [143.45405225731844, 9.354508453456983], [143.43206324804112, 9.344917987066687], [143.40113762942264, 9.33703875783009], [143.37021201080415, 9.33345736817988], [143.33928639218567, 9.332928105725129], [143.30836077356716, 9.334511515820898], [143.27743515494865, 9.337653764591803], [143.24650953633017, 9.346490078279738], [143.23287510338253, 9.354508453456983]]]}, "properties": {"fillColor": "#8A2BE2", "fillOpacity": 0.7, "color": "#000000", "weight": 0.2, "stroke": false}}, {"type": "Feature", "geometry": {"type": "Polygon", "coordinates": [[[144.5453855183068, 9.288247963673124], [144.57631113692528, 9.28712751028944], [144.59329458343822, 9.297407072237014], [144.6072367555438, 9.299747642305343], [144.63816237416228, 9.300079533637765], [144.66908799278076, 9.302674234682785], [144.70001361139924, 9.310153805081445], [144.73092197934807, 9.325957762846999], [144.73093923001775, 9.325961843897273], [144.76186484863624, 9.333437471460677], [144.79279046725472, 9.343207940610766], [144.82371608587323, 9.354244102892222], [144.82404505941898, 9.354508453456983], [144.8546417044917, 9.371375864862793], [144.86728561069185, 9.383059144066966], [144.87701551340345, 9.411609834676948], [144.87751706081505, 9.440160525286933], [144.86179791918468, 9.468711215896917], [144.8546417044917, 9.480162298670898], [144.84889742611858, 9.4972619065069], [144.8271408009703, 9.525812597116884], [144.82371608587323, 9.529117219497314], [144.8140753812334, 9.554363287726868], [144.81047322678612, 9.582913978336851], [144.81055068998364, 9.611464668946834], [144.81378128141998, 9.640015359556818], [144.8156186484381, 9.668566050166802], [144.81545902735158, 9.697116740776785], [144.80451382816025, 9.725667431386768], [144.79279046725472, 9.747841764775991], [144.79184644347254, 9.754218121996754], [144.77544510207642, 9.782768812606736], [144.76186484863624, 9.795306172623992], [144.73385400458343, 9.811319503216719], [144.73093923001775, 9.814010438128943], [144.70001361139924, 9.829450102003928], [144.66908799278076, 9.833471832034538], [144.63816237416228, 9.83269702891053], [144.6072367555438, 9.82440021059556], [144.5840294934779, 9.81131950321672], [144.57631113692528, 9.81042794817335], [144.5453855183068, 9.803368893101121], [144.51600427832278, 9.782768812606736], [144.5144598996883, 9.782373975244573], [144.4835342810698, 9.773031043550656], [144.4589185310188, 9.754218121996754], [144.45260866245133, 9.751783997598444], [144.42168304383284, 9.730262135852978], [144.416706138723, 9.72566743138677], [144.39075742521436, 9.707201871202304], [144.37983338482883, 9.697116740776785], [144.36037480878983, 9.668566050166802], [144.35983180659585, 9.666253356581677], [144.34246479523944, 9.640015359556818], [144.33690901190892, 9.611464668946834], [144.33579140060402, 9.582913978336851], [144.33778436048084, 9.554363287726868], [144.34834890002995, 9.525812597116884], [144.35983180659585, 9.515211518551208], [144.37630704196403, 9.4972619065069], [144.39075742521436, 9.483921238161182], [144.42168304383284, 9.4731826015758], [144.4304436015599, 9.468711215896917], [144.43707771684782, 9.440160525286933], [144.43019863281046, 9.411609834676948], [144.42777234764532, 9.383059144066966], [144.43222721518933, 9.354508453456983], [144.45260866245133, 9.332099540039637], [144.45906953716528, 9.325957762846999], [144.4835342810698, 9.309699832129294], [144.5144598996883, 9.298191262985995], [144.5192813839794, 9.297407072237014], [144.5453855183068, 9.288247963673124]]]}, "properties": {"fillColor": "#8A2BE2", "fillOpacity": 0.7, "color": "#000000", "weight": 0.2, "stroke": false}}, {"type": "Feature", "geometry": {"type": "Polygon", "coordinates": [[[144.493065706503, 9.554363287726868], [144.4835342810698, 9.558358551036447], [144.46085441810874, 9.582913978336851], [144.45889394250304, 9.611464668946834], [144.47285807673953, 9.640015359556818], [144.4835342810698, 9.651333190952828], [144.5024804437444, 9.668566050166802], [144.5144598996883, 9.677815179418126], [144.54538551830677, 9.695796022099723], [144.5486529257661, 9.697116740776785], [144.57631113692528, 9.709371734620955], [144.6072367555438, 9.714660421313694], [144.63816237416228, 9.71175038808394], [144.66378573753397, 9.697116740776785], [144.66908799278076, 9.690748258910093], [144.68030176456583, 9.668566050166802], [144.676241728224, 9.640015359556818], [144.66908799278076, 9.620429701769034], [144.66506993022662, 9.611464668946834], [144.6398649510081, 9.582913978336851], [144.63816237416228, 9.58146332861211], [144.6072367555438, 9.562770029616964], [144.58339132661888, 9.554363287726868], [144.57631113692528, 9.551602945674249], [144.5453855183068, 9.544969868675299], [144.5144598996883, 9.546343239656958], [144.493065706503, 9.554363287726868]]]}, "properties": {"fillColor": "#8A2BE2", "fillOpacity": 0.7, "color": "#000000", "weight": 0.2, "stroke": false}}, {"type": "Feature", "geometry": {"type": "Polygon", "coordinates": [[[148.4110878456182, 9.352487051406628], [148.41327739366585, 9.354508453456983], [148.41446266010604, 9.383059144066964], [148.41700273108165, 9.411609834676948], [148.41399405227267, 9.440160525286933], [148.4110878456182, 9.451394974867434], [148.40669237685262, 9.440160525286933], [148.39781149996648, 9.411609834676948], [148.40681656807308, 9.383059144066966], [148.40889829757057, 9.354508453456983], [148.4110878456182, 9.352487051406628]]]}, "properties": {"fillColor": "#8A2BE2", "fillOpacity": 0.7, "color": "#000000", "weight": 0.2, "stroke": false}}, {"type": "Feature", "geometry": {"type": "Polygon", "coordinates": [[[148.4110878456182, 9.590401663806169], [148.4182409023564, 9.611464668946834], [148.42331782001096, 9.640015359556818], [148.42828718104806, 9.668566050166802], [148.4317843711095, 9.697116740776785], [148.44201346423668, 9.70319055829545], [148.46636002784365, 9.72566743138677], [148.46731991549052, 9.754218121996754], [148.46761894973034, 9.782768812606736], [148.46720234132684, 9.81131950321672], [148.46583192339207, 9.839870193826705], [148.4629274889938, 9.868420884436688], [148.45655214834, 9.89697157504667], [148.44201346423668, 9.914867768800407], [148.42242397457568, 9.89697157504667], [148.4110878456182, 9.868811096404265], [148.41085771010995, 9.868420884436688], [148.3865547157589, 9.839870193826705], [148.3801622269997, 9.814265844891972], [148.37883140399532, 9.81131950321672], [148.36962272639155, 9.782768812606736], [148.36608480288942, 9.754218121996754], [148.36598340450547, 9.72566743138677], [148.3689474644127, 9.697116740776785], [148.3801622269997, 9.674078146033136], [148.38319273069712, 9.668566050166802], [148.3988578712254, 9.640015359556818], [148.4034416340026, 9.611464668946834], [148.4110878456182, 9.590401663806169]]]}, "properties": {"fillColor": "#8A2BE2", "fillOpacity": 0.7, "color": "#000000", "weight": 0.2, "stroke": false}}, {"type": "Feature", "geometry": {"type": "Polygon", "coordinates": [[[134.33993137420472, 9.637410554610534], [134.3708569928232, 9.634010708264947], [134.4017826114417, 9.635477916474175], [134.40959587273966, 9.640015359556818], [134.4327082300602, 9.649419338076497], [134.46363384867868, 9.6594024507612], [134.47542643626545, 9.668566050166802], [134.49455946729717, 9.680030618485876], [134.5128775435337, 9.697116740776785], [134.52548508591568, 9.705482818071587], [134.55641070453416, 9.72031246193743], [134.56251022272997, 9.72566743138677], [134.58733632315264, 9.744574885498462], [134.59840013596306, 9.754218121996754], [134.61826194177115, 9.767609104966178], [134.63749393889486, 9.782768812606736], [134.64918756038963, 9.787843756683692], [134.68011317900812, 9.800588926455488], [134.69281190047906, 9.81131950321672], [134.7110387976266, 9.830032724707461], [134.71966726530582, 9.839870193826705], [134.73335735032424, 9.868420884436688], [134.7419644162451, 9.870386649053978], [134.74786795444308, 9.868420884436688], [134.7728900348636, 9.847937988465809], [134.80381565348208, 9.841919319483326], [134.81418144147858, 9.839870193826705], [134.8347412721006, 9.82088925215749], [134.86566689071907, 9.812451131331333], [134.86957301110175, 9.81131950321672], [134.89659250933755, 9.788110039228735], [134.92642097981542, 9.782768812606736], [134.92751812795603, 9.781755919784683], [134.95844374657455, 9.757778008803857], [134.97957990324738, 9.754218121996754], [134.98936936519303, 9.74518044023859], [135.02029498381154, 9.729799094893421], [135.05122060243002, 9.727398159456369], [135.0810513291653, 9.72566743138677], [135.0821462210485, 9.724656621553187], [135.113071839667, 9.71185184718886], [135.14399745828553, 9.711476425031226], [135.17492307690398, 9.720127888961844], [135.18361639095107, 9.72566743138677], [135.20584869552246, 9.728928147610134], [135.23677431414097, 9.744815279536754], [135.24857189333352, 9.754218121996754], [135.26769993275946, 9.76414459959284], [135.28845689270022, 9.782768812606736], [135.29862555137794, 9.790239318369515], [135.32130141645632, 9.81131950321672], [135.32955116999642, 9.81844725577251], [135.3517221942603, 9.839870193826705], [135.36047678861493, 9.8490512738719], [135.38066832989958, 9.868420884436688], [135.39140240723341, 9.88093980840793], [135.4087677420207, 9.89697157504667], [135.4223280258519, 9.912135258766682], [135.43682860221895, 9.925522265656653], [135.45318340849698, 9.95407295626664], [135.4532536444704, 9.954282463736357], [135.47474315349479, 9.982623646876622], [135.478879373079, 10.011174337486606], [135.47929189061344, 10.03972502809659], [135.47652424999393, 10.068275718706573], [135.45907318480934, 10.096826409316556], [135.4532536444704, 10.102199038972202], [135.44375048818947, 10.12537709992654], [135.4223280258519, 10.145154427644666], [135.41564033535462, 10.153927790536525], [135.39140240723341, 10.177086615018448], [135.38316059262067, 10.182478481146507], [135.36047678861493, 10.202435749731182], [135.32955116999642, 10.210940583711395], [135.3292805949453, 10.211029171756492], [135.29862555137794, 10.235792181900766], [135.26771112324863, 10.239579862366476], [135.26769993275946, 10.239590193483807], [135.23677431414097, 10.263529033413977], [135.20584869552246, 10.266658983115912], [135.1872148946024, 10.268130552976459], [135.17492307690398, 10.279478422471675], [135.1439974582855, 10.291024057320762], [135.113071839667, 10.29386214877532], [135.0821462210485, 10.29489382716196], [135.05122060243002, 10.29539677629104], [135.02029498381154, 10.295708542307164], [134.98936936519303, 10.296510407224481], [134.9857092627578, 10.296681243586441], [134.95844374657455, 10.314348021420326], [134.92751812795603, 10.319938584129632], [134.89659250933755, 10.322326959197701], [134.86566689071907, 10.32371705169006], [134.8347412721006, 10.32506271592205], [134.83295541682645, 10.325231934196427], [134.80381565348208, 10.34432176465646], [134.7728900348636, 10.348317902375726], [134.7419644162451, 10.350129363352945], [134.7110387976266, 10.35106579200292], [134.68011317900812, 10.351453759372378], [134.64918756038963, 10.351128329227816], [134.61826194177115, 10.349160377728236], [134.58733632315264, 10.336483269099825], [134.56707545356846, 10.325231934196427], [134.55641070453416, 10.324157854070757], [134.52548508591568, 10.317669216634673], [134.49778237214127, 10.296681243586441], [134.49455946729717, 10.29620530433765], [134.46363384867868, 10.293840375550165], [134.4327082300602, 10.292713193331384], [134.4017826114417, 10.292061988513737], [134.3708569928232, 10.296415161612744], [134.37042140162168, 10.296681243586441], [134.33993137420472, 10.324308003556286], [134.3391808725572, 10.325231934196427], [134.31981792004672, 10.35378262480641], [134.3090057555862, 10.364366210251188], [134.29582988917724, 10.382333315416393], [134.27808013696773, 10.399122601207125], [134.2635176295127, 10.410884006026377], [134.24715451834925, 10.425674858286307], [134.21622889973077, 10.438260168431297], [134.21196326421182, 10.439434696636361], [134.18530328111225, 10.459560964503604], [134.15437766249377, 10.465311993531099], [134.1234520438753, 10.466578058330311], [134.09252642525678, 10.46617075197079], [134.0616008066383, 10.463418455880786], [134.0306751880198, 10.449220078421941], [134.01219263184106, 10.439434696636361], [133.99974956940133, 10.43786084266165], [133.96882395078282, 10.433400407654098], [133.93789833216434, 10.431030288441198], [133.90697271354583, 10.434812880236452], [133.87604709492734, 10.43702291749957], [133.84512147630886, 10.437072525314136], [133.81419585769038, 10.43307845147772], [133.78327023907187, 10.419068165957503], [133.77440529733718, 10.410884006026379], [133.75234462045339, 10.40003479435766], [133.73095790280513, 10.382333315416393], [133.7214190018349, 10.3780437843495], [133.6904933832164, 10.356577383053096], [133.68531989596673, 10.35378262480641], [133.6595677645979, 10.349619145948056], [133.62864214597943, 10.34863801855464], [133.59771652736094, 10.350557991699981], [133.56679090874243, 10.353116215582334], [133.53586529012395, 10.353430880466494], [133.50493967150544, 10.335004258569409], [133.49436018462416, 10.325231934196427], [133.47401405288696, 10.29810674414797], [133.47246997511635, 10.296681243586441], [133.44477161080957, 10.268130552976459], [133.44308843426847, 10.264920758733016], [133.4259182157786, 10.239579862366476], [133.41741643954956, 10.211029171756492], [133.4132002279272, 10.182478481146507], [133.41540081685045, 10.153927790536525], [133.4381130759717, 10.125377099926538], [133.44308843426847, 10.12084305857675], [133.47401405288696, 10.11302967549165], [133.50493967150544, 10.11113874531986], [133.53586529012395, 10.099942219099855], [133.56679090874243, 10.111060504176313], [133.59771652736094, 10.118072231501177], [133.62864214597943, 10.122128887892345], [133.6595677645979, 10.110962989057166], [133.6681842494891, 10.096826409316556], [133.6904933832164, 10.074154431569522], [133.69502979875014, 10.068275718706573], [133.7214190018349, 10.04361173246018], [133.73907767642683, 10.03972502809659], [133.75234462045339, 10.032062573764083], [133.78327023907187, 10.019000038507809], [133.81419585769038, 10.013091495471809], [133.84512147630886, 10.011188723470761], [133.8455107226655, 10.011174337486606], [133.87604709492734, 10.001322235551207], [133.90697271354583, 10.001285049013342], [133.93558649747337, 10.011174337486606], [133.93789833216434, 10.011284395360166], [133.96882395078282, 10.01600124219264], [133.99974956940133, 10.032730489362358], [134.00742649009516, 10.03972502809659], [134.0306751880198, 10.060290041485842], [134.03921651768098, 10.068275718706573], [134.0605681669286, 10.096826409316556], [134.0616008066383, 10.098418468752746], [134.0701296250627, 10.096826409316556], [134.09252642525678, 10.07500968450697], [134.09344974060346, 10.068275718706573], [134.09479574418037, 10.03972502809659], [134.09561354552068, 10.011174337486606], [134.09510666473062, 9.982623646876622], [134.09252642525678, 9.974103260947587], [134.0616008066383, 9.963755814756352], [134.0337409168997, 9.982623646876622], [134.0306751880198, 9.985453943590267], [133.99974956940133, 9.992801294607608], [133.97390723186913, 9.982623646876622], [133.96882395078282, 9.981156917490795], [133.93789833216434, 9.956753003666517], [133.93499535076538, 9.95407295626664], [133.91773738533067, 9.925522265656655], [133.9339219339634, 9.89697157504667], [133.93789833216434, 9.893280385201024], [133.9684917738129, 9.86842088443669], [133.96882395078282, 9.86812505444881], [133.99974956940133, 9.858639889110167], [134.01984116465982, 9.839870193826705], [134.02785666725265, 9.81131950321672], [134.0306751880198, 9.808476122670326], [134.0473238979434, 9.782768812606736], [134.05570494580866, 9.754218121996754], [134.0616008066383, 9.748222726626288], [134.09252642525678, 9.726338167662721], [134.11102747456766, 9.72566743138677], [134.1234520438753, 9.72526784453794], [134.12422599643847, 9.72566743138677], [134.15437766249377, 9.735782283656835], [134.18530328111228, 9.744874168297136], [134.19819174120798, 9.754218121996754], [134.21622889973077, 9.762788122182593], [134.24715451834925, 9.756727538088038], [134.25133396514568, 9.754218121996754], [134.27464725617818, 9.72566743138677], [134.27808013696773, 9.722477238038834], [134.29347645376345, 9.697116740776785], [134.30246316140952, 9.668566050166802], [134.3090057555862, 9.661834942134284], [134.33668522849985, 9.640015359556818], [134.33993137420472, 9.637410554610534]]]}, "properties": {"fillColor": "#8A2BE2", "fillOpacity": 0.7, "color": "#000000", "weight": 0.2, "stroke": false}}, {"type": "Feature", "geometry": {"type": "Polygon", "coordinates": [[[134.99675831367267, 9.81131950321672], [134.98936936519303, 9.813684142004641], [134.95844374657455, 9.82689502150783], [134.93881398862672, 9.839870193826705], [134.92751812795603, 9.844904013369042], [134.89659250933755, 9.862132671494027], [134.88716540755303, 9.868420884436688], [134.86566689071907, 9.877396019578196], [134.8347412721006, 9.896470887701161], [134.8339558371111, 9.89697157504667], [134.80381565348208, 9.90979555663836], [134.7814671328311, 9.925522265656655], [134.7728900348636, 9.93053524735471], [134.7419644162451, 9.951406952911054], [134.73637732694968, 9.95407295626664], [134.7110387976266, 9.961148244092078], [134.68011317900812, 9.960538255846766], [134.64992376675022, 9.95407295626664], [134.64918756038963, 9.953722932470532], [134.61826194177115, 9.94007299746647], [134.58733632315264, 9.930041886988583], [134.56511678334974, 9.925522265656655], [134.55641070453416, 9.922834206526694], [134.52548508591568, 9.918184713841411], [134.49455946729717, 9.91851158085308], [134.46897096307484, 9.925522265656655], [134.46363384867868, 9.926963193992588], [134.4327082300602, 9.947273166778864], [134.42580859669943, 9.95407295626664], [134.4017826114417, 9.97921744328637], [134.39826735728664, 9.982623646876622], [134.3708569928232, 10.005299993081517], [134.36088881573775, 10.011174337486606], [134.33993137420472, 10.022352109672266], [134.3090057555862, 10.036029543841533], [134.3035366653984, 10.03972502809659], [134.27808013696773, 10.060516079836463], [134.27194723869985, 10.068275718706573], [134.2547547140394, 10.096826409316556], [134.24715451834925, 10.111680443417537], [134.2407286744833, 10.12537709992654], [134.22665544180478, 10.153927790536525], [134.21622889973077, 10.16904683463764], [134.20575048786418, 10.182478481146507], [134.18530328111225, 10.200064936396197], [134.16888302117405, 10.211029171756492], [134.15437766249377, 10.218526859595332], [134.1234520438753, 10.232329102318975], [134.10752412095556, 10.239579862366476], [134.09252642525678, 10.246709840525316], [134.0616008066383, 10.262166158380625], [134.04238485182205, 10.268130552976459], [134.03471048533623, 10.296681243586441], [134.05915569731133, 10.325231934196427], [134.0616008066383, 10.326920188229256], [134.09252642525678, 10.347148969574254], [134.11801280610345, 10.35378262480641], [134.1234520438753, 10.354993705315037], [134.1322972204376, 10.35378262480641], [134.15437766249377, 10.350788080845954], [134.18530328111225, 10.336746378924774], [134.2012636750722, 10.325231934196427], [134.21622889973077, 10.311046354768518], [134.2297262179184, 10.296681243586441], [134.24715451834925, 10.27334712454418], [134.2513837552225, 10.268130552976459], [134.27313541555847, 10.239579862366476], [134.27808013696773, 10.23419624227413], [134.30376486640768, 10.211029171756492], [134.3090057555862, 10.207610878415169], [134.33993137420472, 10.194394805489303], [134.3708569928232, 10.192804043089819], [134.40178261144172, 10.19948002856883], [134.4327082300602, 10.208425642336714], [134.44204538194109, 10.211029171756492], [134.46363384867868, 10.218342177395066], [134.49455946729717, 10.226086835723144], [134.52548508591568, 10.231609116687512], [134.55641070453416, 10.236288807513757], [134.58298087324124, 10.239579862366476], [134.58733632315264, 10.240694510542326], [134.61826194177115, 10.244964103826558], [134.64918756038963, 10.24495000669803], [134.68011317900812, 10.240897785208466], [134.68705636609133, 10.239579862366476], [134.7110387976266, 10.237250355990215], [134.7419644162451, 10.23543725467124], [134.7728900348636, 10.236654426023003], [134.7951786900005, 10.239579862366476], [134.80381565348208, 10.241352023110505], [134.8347412721006, 10.24689985494201], [134.86566689071907, 10.248515327743704], [134.89659250933755, 10.246840318504592], [134.92751812795603, 10.243208016875565], [134.95402489631968, 10.239579862366476], [134.95844374657455, 10.239319011163758], [134.98936936519303, 10.237769815630363], [135.02029498381154, 10.236286817282222], [135.05122060243002, 10.234477811909553], [135.0821462210485, 10.231852403092805], [135.113071839667, 10.22780376385052], [135.1439974582855, 10.221234076497106], [135.17142803500627, 10.211029171756492], [135.17492307690398, 10.21027448436508], [135.20584869552246, 10.201690272925207], [135.23677431414097, 10.187392564719154], [135.24521565568523, 10.182478481146507], [135.26769993275946, 10.172329327389175], [135.29547102135615, 10.153927790536525], [135.29862555137794, 10.151599911426109], [135.32953198005336, 10.12537709992654], [135.32955116999642, 10.125352621249029], [135.35404321081057, 10.096826409316556], [135.36047678861493, 10.081130667265402], [135.36722129143044, 10.068275718706573], [135.36924713634772, 10.03972502809659], [135.36047678861493, 10.020070764023192], [135.35710133700488, 10.011174337486606], [135.33103199345587, 9.982623646876622], [135.32955116999642, 9.981253143463665], [135.29967730008522, 9.95407295626664], [135.29862555137794, 9.953148534879737], [135.26769993275948, 9.926345497662476], [135.2666756934402, 9.925522265656657], [135.23677431414097, 9.899356837910716], [135.23408096093007, 9.89697157504667], [135.20584869552246, 9.868437274235509], [135.2058355962692, 9.868420884436686], [135.1856969105893, 9.839870193826705], [135.17492307690398, 9.829129403091336], [135.15667464026228, 9.81131950321672], [135.1439974582855, 9.802577394020101], [135.113071839667, 9.79015477597438], [135.0821462210485, 9.787532043687198], [135.05122060243002, 9.790361871502304], [135.02029498381154, 9.798596893095429], [134.99675831367267, 9.81131950321672]]]}, "properties": {"fillColor": "#8A2BE2", "fillOpacity": 0.7, "color": "#000000", "weight": 0.2, "stroke": false}}, {"type": "Feature", "geometry": {"type": "Polygon", "coordinates": [[[133.842096303609, 10.096826409316556], [133.81419585769038, 10.104036618828358], [133.78327023907187, 10.123414477064978], [133.7810071251545, 10.12537709992654], [133.7565326053405, 10.153927790536525], [133.75234462045339, 10.163470348155949], [133.7415726281557, 10.182478481146507], [133.73302855314702, 10.211029171756492], [133.73140041239643, 10.239579862366476], [133.74078015008632, 10.268130552976459], [133.75234462045339, 10.281940304931329], [133.76441013298887, 10.296681243586441], [133.78327023907184, 10.312660713237456], [133.80262053147456, 10.325231934196427], [133.81419585769038, 10.332992609636927], [133.84512147630886, 10.343994185702588], [133.87604709492734, 10.344653184529854], [133.90697271354583, 10.337782705488383], [133.93654366495292, 10.325231934196427], [133.93789833216437, 10.324671425038371], [133.96882395078282, 10.310184519333642], [133.99566427131543, 10.296681243586441], [133.99974956940133, 10.29073841027603], [134.02353433201944, 10.268130552976459], [134.01313597557936, 10.239579862366476], [134.0067617384229, 10.211029171756492], [133.99974956940133, 10.188637832186282], [133.99873726834477, 10.182478481146507], [133.98816504871633, 10.153927790536525], [133.96882395078282, 10.129652163664284], [133.96468688212238, 10.12537709992654], [133.93789833216434, 10.105527690934156], [133.91038361577563, 10.096826409316556], [133.90697271354583, 10.095489027104666], [133.87604709492734, 10.091406674975245], [133.84512147630886, 10.095717692516342], [133.842096303609, 10.096826409316556]]]}, "properties": {"fillColor": "#8A2BE2", "fillOpacity": 0.7, "color": "#000000", "weight": 0.2, "stroke": false}}, {"type": "Feature", "geometry": {"type": "Polygon", "coordinates": [[[141.0507906144173, 9.817162526675283], [141.0817162330358, 9.823963105732743], [141.11264185165427, 9.836070087010587], [141.1167580622115, 9.839870193826705], [141.127194145865, 9.868420884436688], [141.12176659894794, 9.89697157504667], [141.11264185165427, 9.905395588809794], [141.0817162330358, 9.913494310352053], [141.0507906144173, 9.908469137365215], [141.03777060233585, 9.89697157504667], [141.0198649957988, 9.87139838375908], [141.01720758799138, 9.868420884436688], [141.0198649957988, 9.859118563589792], [141.02425794303673, 9.839870193826705], [141.0507906144173, 9.817162526675283]]]}, "properties": {"fillColor": "#8A2BE2", "fillOpacity": 0.7, "color": "#000000", "weight": 0.2, "stroke": false}}, {"type": "Feature", "geometry": {"type": "Polygon", "coordinates": [[[133.6904933832164, 9.890404080705478], [133.69899617336625, 9.89697157504667], [133.7214190018349, 9.909332026491715], [133.73721700368816, 9.925522265656655], [133.73773830555876, 9.95407295626664], [133.7214190018349, 9.973076227839957], [133.7172962873957, 9.982623646876622], [133.70460011764058, 10.011174337486608], [133.6904933832164, 10.025025694659357], [133.67318513917988, 10.03972502809659], [133.6595677645979, 10.050445899442444], [133.62864214597943, 10.066112513848124], [133.62400644187923, 10.068275718706573], [133.59771652736094, 10.08599076037804], [133.56679090874243, 10.094651599657805], [133.53586529012395, 10.096685652876305], [133.50493967150547, 10.08076349503774], [133.49413214497264, 10.068275718706573], [133.4863584217875, 10.03972502809659], [133.49361754401605, 10.011174337486606], [133.50493967150547, 9.998812843312855], [133.51457998348363, 9.982623646876622], [133.53586529012395, 9.963595136474801], [133.55359138810488, 9.95407295626664], [133.56679090874243, 9.942762199791389], [133.59523584786734, 9.925522265656655], [133.59771652736094, 9.923317377115687], [133.62864214597943, 9.904523652251086], [133.6595677645979, 9.897695336920847], [133.6680260068224, 9.89697157504667], [133.6904933832164, 9.890404080705478]]]}, "properties": {"fillColor": "#8A2BE2", "fillOpacity": 0.7, "color": "#000000", "weight": 0.2, "stroke": false}}, {"type": "Feature", "geometry": {"type": "Polygon", "coordinates": [[[132.91735291775413, 10.08288138482609], [132.9482785363726, 10.088142454294928], [132.95801010476308, 10.096826409316556], [132.9792041549911, 10.112073883815356], [132.99765856914462, 10.12537709992654], [133.0101297736096, 10.13071278576218], [133.0410553922281, 10.14308513722554], [133.05273684498147, 10.153927790536525], [133.06475426767318, 10.182478481146507], [133.0410553922281, 10.208800294714095], [133.0395940579986, 10.211029171756492], [133.01428062318942, 10.239579862366476], [133.0101297736096, 10.243411948106896], [132.98467908242995, 10.268130552976459], [132.9792041549911, 10.27318503422538], [132.9482785363726, 10.292188285162279], [132.9233433094496, 10.296681243586441], [132.91735291775413, 10.299089730682173], [132.88642729913562, 10.30616106663257], [132.85550168051714, 10.306225299738111], [132.8372376946004, 10.296681243586441], [132.82457606189865, 10.290416125269669], [132.80399069402284, 10.268130552976459], [132.79691173749865, 10.239579862366476], [132.79735486571857, 10.211029171756492], [132.80889517109262, 10.182478481146507], [132.82457606189865, 10.157810230793423], [132.82699472859332, 10.153927790536525], [132.85550168051714, 10.1258161518367], [132.85616912062662, 10.12537709992654], [132.88642729913562, 10.098162949310012], [132.8884925935325, 10.096826409316556], [132.91735291775413, 10.08288138482609]]]}, "properties": {"fillColor": "#8A2BE2", "fillOpacity": 0.7, "color": "#000000", "weight": 0.2, "stroke": false}}, {"type": "Feature", "geometry": {"type": "Polygon", "coordinates": [[[132.11328683367336, 10.253550096000165], [132.14421245229184, 10.247913664191186], [132.17513807091035, 10.247128145012795], [132.20606368952883, 10.24983692384721], [132.23698930814732, 10.26214806576795], [132.24409942330453, 10.268130552976459], [132.2679149267658, 10.284245490621924], [132.28092959527072, 10.296681243586441], [132.29729346921474, 10.325231934196427], [132.2988405453843, 10.328522353557684], [132.31703587104303, 10.35378262480641], [132.3252202563004, 10.382333315416393], [132.32732852080503, 10.410884006026377], [132.32766566704785, 10.439434696636361], [132.32651299303217, 10.467985387246344], [132.3213541713027, 10.496536077856328], [132.30867841876093, 10.525086768466313], [132.2988405453843, 10.536252040305563], [132.29341141636175, 10.553637459076295], [132.26855353486016, 10.582188149686278], [132.2679149267658, 10.582841975261838], [132.23698930814732, 10.609486809083768], [132.23476041150184, 10.610738840296262], [132.20606368952883, 10.63427778594221], [132.17513807091035, 10.639197745235034], [132.1746169196404, 10.639289530906247], [132.14421245229184, 10.658883319787721], [132.11328683367336, 10.663356330404662], [132.08236121505487, 10.665026660387625], [132.05143559643636, 10.665900193817706], [132.02050997781788, 10.66636986270688], [131.9895843591994, 10.666403895916213], [131.9586587405809, 10.665820678037415], [131.9277331219624, 10.66407414699835], [131.89680750334392, 10.659214966137922], [131.87055387874562, 10.639289530906247], [131.8658818847254, 10.636896160724403], [131.83495626610693, 10.62898177790049], [131.80403064748845, 10.62596378927433], [131.77310502886996, 10.619611062538539], [131.76355775041785, 10.61073884029626], [131.74217941025145, 10.586298586475499], [131.7376731273, 10.582188149686278], [131.7122851951737, 10.553637459076295], [131.71125379163297, 10.551238350250634], [131.69857599319266, 10.525086768466313], [131.6819029053055, 10.496536077856328], [131.6803281730145, 10.494573530542947], [131.65497695949102, 10.467985387246344], [131.64940255439598, 10.459419144347118], [131.63723129380986, 10.439434696636361], [131.6454614683768, 10.410884006026377], [131.64940255439598, 10.406809296440905], [131.6803281730145, 10.38257405780637], [131.68119698152861, 10.382333315416393], [131.71125379163297, 10.375008416002618], [131.74217941025145, 10.366734289399645], [131.77310502886996, 10.37275821401284], [131.80403064748845, 10.378935205189725], [131.83495626610693, 10.375522938444618], [131.8658818847254, 10.365866062782953], [131.89680750334392, 10.354833282829974], [131.90420936696424, 10.35378262480641], [131.9277331219624, 10.345509910782365], [131.9586587405809, 10.340964160281802], [131.9895843591994, 10.339050088770279], [132.02050997781788, 10.338269770548322], [132.05143559643636, 10.329878684037634], [132.0583798370003, 10.325231934196427], [132.07359943878748, 10.296681243586441], [132.08236121505487, 10.284823661871847], [132.09722161776313, 10.268130552976459], [132.11328683367336, 10.253550096000165]]]}, "properties": {"fillColor": "#8A2BE2", "fillOpacity": 0.7, "color": "#000000", "weight": 0.2, "stroke": false}}, {"type": "Feature", "geometry": {"type": "Polygon", "coordinates": [[[144.42168304383284, 10.319500674397208], [144.45260866245133, 10.307943438463266], [144.4835342810698, 10.303932710623009], [144.5144598996883, 10.304683693655566], [144.5453855183068, 10.307969789138625], [144.57059720242182, 10.325231934196427], [144.57631113692528, 10.325887396259635], [144.6072367555438, 10.33157589849036], [144.63304586088168, 10.35378262480641], [144.63816237416228, 10.35634562597797], [144.66523974782393, 10.382333315416393], [144.66908799278076, 10.383352288596534], [144.70001361139924, 10.391689889625253], [144.72080434923635, 10.410884006026377], [144.73093923001775, 10.410963285454388], [144.74679073860884, 10.410884006026377], [144.7618648486362, 10.39696750990314], [144.79279046725472, 10.395117680182647], [144.82371608587323, 10.397056923070433], [144.8546417044917, 10.391108306953262], [144.8855673231102, 10.397894725184699], [144.9047995428203, 10.410884006026377], [144.91649294172868, 10.412504098611535], [144.9474185603472, 10.423564831514126], [144.9674660263365, 10.439434696636361], [144.97834417896567, 10.441101234524268], [145.00926979758418, 10.445908873820942], [145.03984265466028, 10.467985387246344], [145.04019541620266, 10.468054729451662], [145.07112103482115, 10.47505540650729], [145.0942907915474, 10.496536077856328], [145.10204665343963, 10.500401041683398], [145.1287858094985, 10.525086768466313], [145.13297227205814, 10.528130776706169], [145.16060067313526, 10.553637459076295], [145.16389789067662, 10.55711385233975], [145.19162484841817, 10.582188149686278], [145.1948235092951, 10.58973708328649], [145.21641990601933, 10.610738840296262], [145.22422474692794, 10.639289530906247], [145.22574912791362, 10.640708706440165], [145.2566747465321, 10.642164646951132], [145.28760036515058, 10.641870564346966], [145.31852598376906, 10.644859494144143], [145.34945160238757, 10.651279779547675], [145.37289567094666, 10.66784022151623], [145.38037722100606, 10.672182597955944], [145.4063719486296, 10.696390912126214], [145.41130283962457, 10.703579241847702], [145.43283104901928, 10.724941602736198], [145.44222845824305, 10.73303835299808], [145.46675551126847, 10.75349229334618], [145.47315407686153, 10.756034964996918], [145.50407969548002, 10.76215789623101], [145.53500531409853, 10.771714241743027], [145.55907654868597, 10.782042983956163], [145.565930932717, 10.782462700317025], [145.5968565513355, 10.788077529486804], [145.627782169954, 10.804540945128648], [145.63433838271754, 10.81059367456615], [145.65870778857249, 10.822499251708809], [145.67673749012974, 10.839144365176132], [145.68963340719097, 10.849855570900976], [145.70895683139267, 10.867695055786115], [145.72055902580945, 10.879690040962632], [145.73849188211722, 10.896245746396099], [145.75148464442796, 10.911711387241533], [145.76565814601327, 10.924796437006083], [145.78241026304644, 10.951003448162181], [145.80367747967898, 10.924796437006083], [145.81333588166493, 10.901793006873127], [145.81442553299408, 10.896245746396099], [145.8429516189738, 10.867695055786113], [145.84426150028344, 10.866485766605257], [145.87518711890192, 10.84785075633297], [145.9061127375204, 10.842021926654205], [145.93703835613888, 10.839154239428549], [145.93721764905249, 10.839144365176132], [145.9679639747574, 10.82987560217331], [145.99888959337588, 10.832084561158535], [146.0117784442832, 10.839144365176132], [146.0298152119944, 10.840129415290797], [146.06074083061287, 10.841836464932882], [146.09166644923135, 10.842541177468826], [146.12259206784984, 10.840201151113103], [146.12498088776337, 10.839144365176132], [146.15351768646835, 10.813400619126876], [146.15619166019562, 10.81059367456615], [146.18444330508683, 10.78753891459332], [146.1900390980638, 10.782042983956163], [146.2153689237053, 10.757867055629978], [146.23078897256636, 10.75349229334618], [146.24629454232382, 10.741478694594754], [146.2772201609423, 10.736003654951455], [146.3081457795608, 10.733550399772163], [146.33907139817927, 10.73820169430331], [146.365629847391, 10.75349229334618], [146.36999701679778, 10.754177456568863], [146.40092263541626, 10.767701639328607], [146.41663440315477, 10.782042983956163], [146.43184825403478, 10.800421138909346], [146.44234229268102, 10.81059367456615], [146.4600561202289, 10.839144365176132], [146.46277387265326, 10.846493945880992], [146.4822563017098, 10.867695055786115], [146.4920793882272, 10.896245746396099], [146.49369949127174, 10.903187941417736], [146.5099837679469, 10.924796437006083], [146.52272128844163, 10.953347127616066], [146.52462510989022, 10.961576131471311], [146.53929421332492, 10.98189781822605], [146.55237950307057, 11.010448508836035], [146.55555072850873, 11.022273036034472], [146.56854154191024, 11.038999199446017], [146.58558528213266, 11.067549890056], [146.58647634712722, 11.068965372240164], [146.61161124901255, 11.096100580665984], [146.6174019657457, 11.104875758485324], [146.63737892820703, 11.124651271275969], [146.64756810987504, 11.153201961885951], [146.6483275843642, 11.157625702238514], [146.66219523254358, 11.181752652495938], [146.6683915863111, 11.21030334310592], [146.67023016583917, 11.238854033715903], [146.66955570606845, 11.267404724325885], [146.66562563662285, 11.295955414935872], [146.6483275843642, 11.31974683888409], [146.64743205838082, 11.324506105545854], [146.64040243462472, 11.353056796155837], [146.6174019657457, 11.380469859550098], [146.61632835240346, 11.381607486765821], [146.58647634712722, 11.405142328157012], [146.57192345988187, 11.410158177375806], [146.55555072850873, 11.422873551482663], [146.52462510989022, 11.43241374394157], [146.49369949127174, 11.435118768331238], [146.46277387265326, 11.435861240858141], [146.43184825403478, 11.435810315627439], [146.40092263541626, 11.435147822328304], [146.36999701679778, 11.43471400807156], [146.33907139817927, 11.434716280110592], [146.3081457795608, 11.432557954339568], [146.2772201609423, 11.427473804505032], [146.24629454232382, 11.418601177295862], [146.22530480961495, 11.410158177375806], [146.2153689237053, 11.409782245735306], [146.20927371116443, 11.410158177375806], [146.18444330508683, 11.427535807134934], [146.18072956343616, 11.438708867985788], [146.17377547022613, 11.467259558595773], [146.15351768646835, 11.495292703293716], [146.15321980230934, 11.495810249205757], [146.13209436476484, 11.52436093981574], [146.12259206784984, 11.53383135442708], [146.09166644923135, 11.55193814848879], [146.08771851445866, 11.552911630425722], [146.06747475542204, 11.581462321035707], [146.09166644923135, 11.58473131011166], [146.12259206784984, 11.591718045343907], [146.15232928866484, 11.610013011645691], [146.15351768646835, 11.610309691956196], [146.18444330508683, 11.622685448526017], [146.20222264297414, 11.638563702255674], [146.2153689237053, 11.653232460283434], [146.22978910619264, 11.667114392865658], [146.24171665856187, 11.695665083475642], [146.24492301491964, 11.724215774085625], [146.2454227606123, 11.752766464695608], [146.24390171656387, 11.781317155305594], [146.23579606345476, 11.809867845915576], [146.21589063121306, 11.838418536525559], [146.2153689237053, 11.838900179587457], [146.18444330508683, 11.866766037128894], [146.18404180904798, 11.866969227135543], [146.15351768646835, 11.88837242025189], [146.12259206784984, 11.894367417651345], [146.1145216365373, 11.895519917745528], [146.09166644923135, 11.908969458113402], [146.06074083061287, 11.919795135883565], [146.0298152119944, 11.92267759238402], [145.99888959337588, 11.921182009163026], [145.9679639747574, 11.9042141830633], [145.95862761675735, 11.895519917745528], [145.93703835613888, 11.880271421955877], [145.90835791899102, 11.866969227135543], [145.9061127375204, 11.866559463470397], [145.89805524805274, 11.866969227135543], [145.87518711890192, 11.87069741562589], [145.84426150028344, 11.877380145124103], [145.81333588166493, 11.881884903927288], [145.78241026304644, 11.884473965788601], [145.75148464442796, 11.885773949084813], [145.72055902580945, 11.88521436131775], [145.68963340719097, 11.882504654938966], [145.65870778857249, 11.871080282484504], [145.64978327155202, 11.866969227135542], [145.627782169954, 11.861237171460571], [145.5968565513355, 11.847436006354412], [145.58611100566137, 11.838418536525559], [145.565930932717, 11.826810267708058], [145.5350053140985, 11.812066975036656], [145.53226307127656, 11.809867845915576], [145.50407969548002, 11.790751999710867], [145.49382438019424, 11.781317155305594], [145.47315407686153, 11.767836590159927], [145.44222845824305, 11.760999075887227], [145.43244394157642, 11.752766464695608], [145.41130283962457, 11.748467835741016], [145.38112875495202, 11.724215774085625], [145.38037722100606, 11.724039167279587], [145.34950823194592, 11.695665083475642], [145.34945160238757, 11.695623181823565], [145.31973074807416, 11.667114392865658], [145.31852598376906, 11.666165455666311], [145.28760036515058, 11.651060715279053], [145.27406381488248, 11.638563702255674], [145.2566747465321, 11.636529036545117], [145.22574912791362, 11.621560248652308], [145.21324135874465, 11.610013011645691], [145.1948235092951, 11.608414638234445], [145.16389789067662, 11.59666142040238], [145.1474344868039, 11.581462321035707], [145.13297227205814, 11.579045222178104], [145.10204665343963, 11.57264183377298], [145.07112103482115, 11.57509549870325], [145.04019541620266, 11.57940199276235], [145.01577430316573, 11.581462321035707], [145.00926979758418, 11.585160469416268], [144.97834417896567, 11.599230341802844], [144.9474185603472, 11.604623435537857], [144.91649294172868, 11.60945432053049], [144.91254227933865, 11.610013011645691], [144.8855673231102, 11.62430330443167], [144.8546417044917, 11.635074823270264], [144.8430691203103, 11.638563702255674], [144.82371608587323, 11.651650471442927], [144.79279046725472, 11.665990590933216], [144.7893180610452, 11.667114392865658], [144.76186484863624, 11.682024772082492], [144.73093923001775, 11.695444958962279], [144.7294360821009, 11.695665083475642], [144.70001361139924, 11.703837206224456], [144.66908799278076, 11.705475367480366], [144.63816237416228, 11.702677223807408], [144.62325960713162, 11.695665083475642], [144.6072367555438, 11.690330756764697], [144.57631113692526, 11.679413802155807], [144.55573904112057, 11.667114392865658], [144.5453855183068, 11.660372331914115], [144.51722918190706, 11.638563702255674], [144.5144598996883, 11.636522007832239], [144.4835342810698, 11.625000757715881], [144.45950815393985, 11.610013011645691], [144.45260866245133, 11.605806363847796], [144.42168304383284, 11.59751328834153], [144.3961411530509, 11.581462321035707], [144.39075742521436, 11.577655242382031], [144.3610628587189, 11.552911630425722], [144.35983180659582, 11.551248814050588], [144.3501221818988, 11.52436093981574], [144.33058840962812, 11.495810249205757], [144.32890618797737, 11.492672479900675], [144.32179577527486, 11.46725955859577], [144.29798056935886, 11.448851056582079], [144.28552291481157, 11.438708867985788], [144.26705495074037, 11.428563137588178], [144.24413610707984, 11.410158177375806], [144.2361293321219, 11.405280196214639], [144.2052037135034, 11.396501782963432], [144.18141933215287, 11.381607486765821], [144.1742780948849, 11.378992669636746], [144.14335247626641, 11.371882443420892], [144.1124268576479, 11.353328802326724], [144.1119283612982, 11.353056796155837], [144.08150123902942, 11.337952948746963], [144.06617857879488, 11.324506105545854], [144.05057562041094, 11.307503012983053], [144.038493871375, 11.295955414935872], [144.01965000179246, 11.274399053447352], [144.01220973873666, 11.267404724325885], [143.98872438317397, 11.243001990072075], [143.98431079878515, 11.238854033715903], [143.98872438317397, 11.23623088149615], [144.01965000179246, 11.223088927887268], [144.0214923165239, 11.21030334310592], [144.01965000179246, 11.210017307248474], [143.98872438317397, 11.206030267371252], [143.95779876455546, 11.20382779867299], [143.92687314593698, 11.196117894378], [143.89929451232302, 11.181752652495936], [143.89594752731847, 11.181440810502634], [143.89111162067078, 11.181752652495936], [143.8650219087, 11.19529295238911], [143.8529025025317, 11.21030334310592], [143.8340962900815, 11.228866842019977], [143.80317067146302, 11.231717472329896], [143.7723250919462, 11.21030334310592], [143.7722450528445, 11.210251247261027], [143.74587048575853, 11.181752652495938], [143.74131943422603, 11.163923688531533], [143.73534251128237, 11.153201961885951], [143.741319434226, 11.143448153479712], [143.74674926233575, 11.124651271275969], [143.74131943422603, 11.116018032835328], [143.72536897997867, 11.096100580665984], [143.71039381560755, 11.073540876540632], [143.7039044817521, 11.067549890056], [143.68654592158128, 11.038999199446017], [143.68225179027849, 11.010448508836035], [143.68096282203774, 10.98189781822605], [143.67946819698903, 10.954249146202503], [143.67849114591968, 10.953347127616066], [143.65699608386763, 10.924796437006083], [143.65191595832403, 10.896245746396099], [143.64854257837055, 10.868762579582272], [143.6476843207537, 10.867695055786113], [143.62663512705268, 10.839144365176132], [143.62565145648267, 10.81059367456615], [143.63945878243618, 10.782042983956163], [143.64854257837055, 10.774752709831914], [143.67946819698903, 10.763111112921193], [143.71039381560755, 10.760995149645868], [143.74131943422603, 10.762442150384695], [143.7722450528445, 10.765175027981364], [143.80317067146302, 10.778561831387503], [143.81130835498766, 10.782042983956163], [143.8340962900815, 10.78345837595627], [143.8650219087, 10.786028482993126], [143.89594752731847, 10.789579477357966], [143.92687314593698, 10.791349560764306], [143.95779876455546, 10.791245441276782], [143.98872438317397, 10.783738569027886], [143.9931123113969, 10.782042983956163], [144.01965000179246, 10.762981134763052], [144.05057562041094, 10.757268807803342], [144.08150123902942, 10.754241748592417], [144.10834022592132, 10.75349229334618], [144.11242685764793, 10.75198218045556], [144.14335247626641, 10.746322919829566], [144.1742780948849, 10.74229963569556], [144.2052037135034, 10.737131845240992], [144.2361293321219, 10.729565538564966], [144.26705495074037, 10.726059309450504], [144.281580102585, 10.724941602736198], [144.29798056935886, 10.71506732585609], [144.32890618797737, 10.705749377782203], [144.35983180659585, 10.702642334601336], [144.39075742521436, 10.70201596343194], [144.42168304383284, 10.703579544782778], [144.45260866245133, 10.709688781640313], [144.47666743532082, 10.724941602736198], [144.4835342810698, 10.72780197837792], [144.5106925931653, 10.75349229334618], [144.5144598996883, 10.762717500281045], [144.52870897639121, 10.782042983956163], [144.5453855183068, 10.800450576333185], [144.56176812428825, 10.782042983956163], [144.55057487584662, 10.75349229334618], [144.54776934860902, 10.724941602736198], [144.5453855183068, 10.700330275617016], [144.5420445074476, 10.696390912126214], [144.5299343799647, 10.66784022151623], [144.52502088138814, 10.639289530906247], [144.52692939548558, 10.610738840296262], [144.5453855183068, 10.585725453018888], [144.5658030924382, 10.582188149686278], [144.5453855183068, 10.580983230658306], [144.5144598996883, 10.575464610006076], [144.4835342810698, 10.55433805164698], [144.48277541120765, 10.553637459076295], [144.45260866245133, 10.540874074097493], [144.4355081236366, 10.525086768466313], [144.42168304383284, 10.514873752613912], [144.40181998890188, 10.496536077856328], [144.39075742521436, 10.473781481624021], [144.38447919514806, 10.467985387246344], [144.3683779089244, 10.439434696636361], [144.36564081177178, 10.410884006026377], [144.36699361100972, 10.382333315416393], [144.37677147127474, 10.35378262480641], [144.39075742521436, 10.340870719995662], [144.41547504147047, 10.32523193419643], [144.42168304383284, 10.319500674397208]]]}, "properties": {"fillColor": "#8A2BE2", "fillOpacity": 0.7, "color": "#000000", "weight": 0.2, "stroke": false}}, {"type": "Feature", "geometry": {"type": "Polygon", "coordinates": [[[144.49935268846366, 10.410884006026377], [144.4904716826557, 10.439434696636361], [144.5089541355851, 10.467985387246344], [144.5144598996883, 10.472596635000157], [144.5453855183068, 10.488673554597655], [144.5621093962859, 10.496536077856328], [144.57631113692528, 10.502823470773928], [144.59835367411196, 10.525086768466313], [144.6072367555438, 10.532904874780002], [144.61666303721285, 10.553637459076295], [144.63816237416228, 10.578649243646547], [144.63970608148523, 10.582188149686278], [144.6599861456906, 10.610738840296262], [144.66908799278076, 10.620793263144478], [144.68473136961907, 10.639289530906247], [144.67449189157193, 10.667840221516228], [144.66908799278076, 10.67325206106988], [144.6510832059812, 10.696390912126214], [144.65755401394998, 10.724941602736198], [144.66908799278076, 10.736967454919297], [144.68529067763882, 10.75349229334618], [144.70001361139924, 10.764887611048678], [144.73093923001775, 10.781255775081375], [144.73406772087193, 10.782042983956163], [144.76186484863624, 10.789730477243655], [144.79279046725472, 10.787865572744145], [144.81523020833447, 10.782042983956163], [144.82371608587323, 10.78098646313154], [144.8546417044917, 10.777553898317022], [144.8855673231102, 10.77495161667058], [144.91649294172868, 10.773614190270589], [144.9474185603472, 10.77342549254671], [144.97834417896567, 10.772384282695242], [145.00926979758418, 10.76912000016916], [145.04019541620266, 10.761279725478925], [145.0537808116047, 10.75349229334618], [145.07112103482115, 10.748497187411763], [145.10204665343963, 10.729436982614423], [145.11167935876264, 10.724941602736198], [145.13297227205814, 10.710999154713733], [145.1439381646864, 10.696390912126214], [145.14751595462582, 10.66784022151623], [145.14000806621564, 10.639289530906247], [145.13297227205814, 10.628859535004826], [145.12314979967738, 10.610738840296262], [145.10204665343963, 10.589517056081757], [145.09362437422865, 10.582188149686278], [145.07112103482115, 10.564207140641347], [145.05250546927783, 10.553637459076295], [145.04019541620266, 10.5452551057142], [145.00926979758418, 10.530264299849613], [144.99441256121304, 10.525086768466313], [144.97834417896567, 10.51684818719964], [144.9474185603472, 10.503953943304232], [144.92667199965805, 10.496536077856328], [144.91649294172868, 10.490785171209401], [144.8855673231102, 10.47442196967495], [144.86911312388935, 10.467985387246344], [144.8546417044917, 10.459414148842434], [144.82371608587323, 10.447434857763033], [144.7927904672547, 10.441775727008961], [144.77386122773686, 10.439434696636361], [144.76186484863624, 10.434880756444281], [144.73093923001775, 10.430783142457175], [144.70001361139924, 10.430608844040963], [144.66908799278076, 10.429191373265484], [144.63816237416228, 10.426052217926497], [144.6072367555438, 10.419574920599509], [144.5813273412054, 10.410884006026377], [144.57631113692528, 10.408543868138358], [144.5453855183068, 10.401174319699535], [144.5144598996883, 10.402789873915811], [144.49935268846366, 10.410884006026377]]]}, "properties": {"fillColor": "#8A2BE2", "fillOpacity": 0.7, "color": "#000000", "weight": 0.2, "stroke": false}}, {"type": "Feature", "geometry": {"type": "Polygon", "coordinates": [[[145.15006624585294, 10.75349229334618], [145.13297227205814, 10.765208784124072], [145.10962075027447, 10.782042983956163], [145.10204665343963, 10.785395102052167], [145.07112103482115, 10.80030011675618], [145.05884670962996, 10.81059367456615], [145.04019541620266, 10.828935008670204], [145.03250458401138, 10.839144365176132], [145.01528810249715, 10.867695055786115], [145.00926979758418, 10.874344146514877], [144.9924500849487, 10.896245746396099], [144.97834417896567, 10.92161304257393], [144.97588981442837, 10.924796437006083], [144.96112887142777, 10.953347127616066], [144.9496034081576, 10.98189781822605], [144.9474185603472, 10.985889782443962], [144.91649294172868, 11.001745025852523], [144.8855673231102, 10.993176970245884], [144.86531611791037, 10.98189781822605], [144.8546417044917, 10.975518053119334], [144.82371608587323, 10.959980257011914], [144.80545269496264, 10.953347127616066], [144.79279046725472, 10.947670836038444], [144.76186484863624, 10.936494205003306], [144.73093923001775, 10.928209403844894], [144.70001361139924, 10.92558765940287], [144.67450267653197, 10.953347127616066], [144.66908799278076, 10.969388710205749], [144.66469177272165, 10.98189781822605], [144.64603793178037, 11.010448508836035], [144.63816237416228, 11.016473125188881], [144.6072367555438, 11.020801778074706], [144.57631113692528, 11.01633484897567], [144.55410873116296, 11.010448508836035], [144.54538551830677, 11.007814106833262], [144.5144598996883, 10.995699710118718], [144.4835342810698, 10.9849631715985], [144.474979283836, 10.98189781822605], [144.45260866245133, 10.968385226029596], [144.4396942223569, 10.953347127616066], [144.4450345842627, 10.924796437006083], [144.44751868876364, 10.896245746396097], [144.43813897020738, 10.867695055786115], [144.42168304383284, 10.840490319026795], [144.42040310359988, 10.839144365176132], [144.39135565605622, 10.81059367456615], [144.39075742521436, 10.810198642145147], [144.35983180659585, 10.801864911294448], [144.32890618797737, 10.802594610199993], [144.29798056935886, 10.806682642261249], [144.27414013279335, 10.81059367456615], [144.2670549507404, 10.811407070372757], [144.2361293321219, 10.815084440142169], [144.2052037135034, 10.819414638948196], [144.1742780948849, 10.824825435066785], [144.14335247626641, 10.83220774600988], [144.12356945203493, 10.839144365176132], [144.11242685764793, 10.842709946780955], [144.08150123902942, 10.85471509698588], [144.05388677585375, 10.867695055786113], [144.05057562041094, 10.868474196774232], [144.01965000179246, 10.873717342392304], [143.98872438317397, 10.876268614305985], [143.95779876455546, 10.877866068193246], [143.92687314593698, 10.880707333689756], [143.89594752731847, 10.882087494668191], [143.8650219087, 10.882907948796193], [143.8340962900815, 10.885073294726496], [143.80317067146302, 10.891459397165319], [143.79415537024727, 10.896245746396099], [143.7722450528445, 10.914132640093795], [143.7657671848606, 10.924796437006083], [143.75749276256087, 10.953347127616066], [143.75960663875395, 10.98189781822605], [143.7722450528445, 11.006117085991551], [143.7741588092805, 11.010448508836035], [143.79952782984662, 11.038999199446017], [143.80317067146302, 11.042334783376655], [143.8340962900815, 11.065853556044779], [143.8369687684282, 11.067549890055998], [143.8650219087, 11.084453248179871], [143.89594752731844, 11.093110658453208], [143.9177634170622, 11.096100580665984], [143.92687314593698, 11.09852665825344], [143.95779876455546, 11.105170553928687], [143.98872438317397, 11.109870484305958], [144.01965000179246, 11.111442208903291], [144.05057562041094, 11.109373981441976], [144.08150123902942, 11.10228067627009], [144.09843260770805, 11.096100580665983], [144.11242685764793, 11.091829630006789], [144.14335247626641, 11.081123187246856], [144.1742780948849, 11.070505309049725], [144.18865343038192, 11.067549890056], [144.2052037135034, 11.065074129362362], [144.23413435035903, 11.067549890056], [144.2361293321219, 11.06795367614447], [144.25860888840342, 11.096100580665983], [144.26705495074037, 11.104542707805216], [144.28562482008496, 11.124651271275969], [144.29798056935886, 11.133161938191616], [144.32890618797737, 11.149109596556425], [144.33997889833182, 11.153201961885951], [144.35983180659585, 11.161008576419738], [144.39075742521436, 11.16973024478741], [144.42168304383284, 11.17607076922265], [144.4526086624513, 11.180932002075227], [144.46054608676081, 11.181752652495938], [144.4835342810698, 11.186269628734172], [144.5144598996883, 11.18691717940053], [144.53963266071688, 11.181752652495938], [144.5453855183068, 11.180878925513218], [144.57631113692528, 11.172804694764235], [144.6072367555438, 11.162266663154593], [144.63816237416228, 11.16309329689793], [144.6546484762871, 11.181752652495936], [144.66908799278076, 11.198167994369655], [144.6794712928997, 11.21030334310592], [144.70001361139924, 11.222130967274415], [144.73093923001775, 11.237590661826918], [144.73329592604017, 11.238854033715903], [144.76186484863624, 11.252445936003395], [144.78956781187975, 11.267404724325885], [144.79279046725472, 11.272349453804988], [144.80393433974604, 11.295955414935872], [144.79279046725472, 11.309800503501222], [144.78487381349908, 11.324506105545854], [144.76428779611828, 11.353056796155835], [144.76186484863624, 11.357134677455003], [144.74860016624268, 11.381607486765821], [144.7401612899855, 11.410158177375806], [144.73866838193126, 11.438708867985788], [144.74633841519858, 11.467259558595773], [144.76186484863624, 11.486812818985447], [144.77704997034914, 11.495810249205757], [144.79279046725472, 11.502063352033552], [144.82371608587323, 11.505114426816645], [144.8546417044917, 11.503647959197984], [144.8855673231102, 11.501846482071684], [144.91649294172868, 11.502233580873977], [144.9474185603472, 11.503830560671705], [144.97834417896567, 11.503045170809749], [145.00926979758418, 11.496795641722068], [145.01289240057397, 11.495810249205757], [145.04019541620266, 11.491950467645363], [145.07112103482118, 11.492821896654124], [145.08444816320826, 11.495810249205757], [145.10204665343963, 11.502317791488696], [145.13297227205814, 11.518199702625648], [145.14635039504054, 11.52436093981574], [145.16389789067662, 11.536399813491581], [145.1948235092951, 11.550475062174783], [145.20161032001488, 11.552911630425722], [145.22574912791362, 11.567832935530998], [145.2566747465321, 11.57878067246492], [145.26413151386174, 11.581462321035707], [145.28760036515058, 11.596586268597036], [145.315223051128, 11.610013011645691], [145.31852598376906, 11.61260908603231], [145.3494516023876, 11.637589405159238], [145.35075879381938, 11.638563702255674], [145.38037722100606, 11.663873519080973], [145.38789670630072, 11.66711439286566], [145.41130283962457, 11.68295187915545], [145.44222845824305, 11.689472685704372], [145.47315407686153, 11.688633712880687], [145.50407969548002, 11.677937485501747], [145.51753794326663, 11.667114392865658], [145.53500531409853, 11.644034741480294], [145.53936188713044, 11.638563702255674], [145.559404394813, 11.610013011645691], [145.565930932717, 11.592972637658793], [145.57512115224011, 11.581462321035707], [145.59162967303516, 11.552911630425724], [145.59685655133552, 11.53946531339908], [145.60492378716455, 11.52436093981574], [145.61080175774066, 11.495810249205757], [145.6096373396005, 11.467259558595773], [145.6093187089015, 11.438708867985788], [145.627782169954, 11.424446937714787], [145.65870778857249, 11.413730943036892], [145.6750943078721, 11.410158177375806], [145.68963340719097, 11.408877866486838], [145.72055902580945, 11.40557562937897], [145.75148464442796, 11.39916175494428], [145.78241026304644, 11.38374143970138], [145.78618190942754, 11.381607486765821], [145.81333588166495, 11.355876724437241], [145.81761703059794, 11.353056796155837], [145.83176670432505, 11.324506105545854], [145.82357027049517, 11.295955414935872], [145.81333588166493, 11.28495307246769], [145.8082816674675, 11.267404724325885], [145.80418830534964, 11.238854033715903], [145.80781949669122, 11.21030334310592], [145.81074048837638, 11.181752652495936], [145.81266647862643, 11.153201961885951], [145.81333588166493, 11.145237867270206], [145.82225739658293, 11.124651271275969], [145.81333588166493, 11.10407022187306], [145.81156051905313, 11.096100580665984], [145.78241026304644, 11.076129174473271], [145.77219143205667, 11.067549890056], [145.751484644428, 11.052232672531881], [145.73759287950395, 11.038999199446017], [145.72055902580945, 11.020078013370046], [145.71419017882286, 11.010448508836035], [145.6909980684759, 10.98189781822605], [145.68963340719097, 10.980382170558546], [145.66735726702697, 10.953347127616066], [145.65870778857249, 10.944473542385824], [145.63986002559977, 10.924796437006083], [145.627782169954, 10.913476378721057], [145.6045771209307, 10.896245746396099], [145.5968565513355, 10.890531845984363], [145.565930932717, 10.876585315590702], [145.53500531409853, 10.87333745605892], [145.50407969548002, 10.878759136967904], [145.47315407686153, 10.895183349593145], [145.4716655069142, 10.896245746396099], [145.44222845824305, 10.912515352710209], [145.42515062480544, 10.924796437006083], [145.41130283962457, 10.93213808033188], [145.38037722100606, 10.94826734668253], [145.35322216129848, 10.953347127616066], [145.34945160238757, 10.953861748348821], [145.34826302084474, 10.953347127616066], [145.31852598376906, 10.930750496430479], [145.31433942603906, 10.924796437006083], [145.28840312898288, 10.896245746396099], [145.28760036515058, 10.895374839761676], [145.26829723693706, 10.867695055786115], [145.26507365339472, 10.839144365176132], [145.2703395492493, 10.81059367456615], [145.27656321416606, 10.782042983956163], [145.26752775392097, 10.75349229334618], [145.2566747465321, 10.744297141320049], [145.22574912791362, 10.733526023197188], [145.1948235092951, 10.732510954807417], [145.16389789067662, 10.739612024847986], [145.15006624585294, 10.75349229334618]]]}, "properties": {"fillColor": "#8A2BE2", "fillOpacity": 0.7, "color": "#000000", "weight": 0.2, "stroke": false}}, {"type": "Feature", "geometry": {"type": "Polygon", "coordinates": [[[144.82326782972305, 10.839144365176132], [144.82371608587323, 10.83945736462646], [144.8546417044917, 10.85395049334777], [144.86952957889912, 10.867695055786115], [144.8855673231102, 10.873791827052795], [144.91649294172868, 10.881994364504578], [144.92163114122866, 10.867695055786115], [144.91649294172868, 10.84676358093713], [144.9082399378341, 10.839144365176132], [144.8855673231102, 10.837307255616624], [144.8546417044917, 10.837566567266997], [144.82371608587323, 10.839076504821884], [144.82326782972305, 10.839144365176132]]]}, "properties": {"fillColor": "#8A2BE2", "fillOpacity": 0.7, "color": "#000000", "weight": 0.2, "stroke": false}}, {"type": "Feature", "geometry": {"type": "Polygon", "coordinates": [[[146.24672845043045, 10.867695055786115], [146.24629454232382, 10.868053748108435], [146.22023648340138, 10.896245746396099], [146.2153689237053, 10.901974442924631], [146.19234238415083, 10.924796437006083], [146.1844433050868, 10.930556569423667], [146.15351768646835, 10.939746609126125], [146.12259206784984, 10.93948541000427], [146.09166644923135, 10.937596127040866], [146.06074083061287, 10.938798027413588], [146.0298152119944, 10.945803690531559], [146.00980191891387, 10.953347127616066], [145.99888959337588, 10.956535707592849], [145.9679639747574, 10.971208434990046], [145.9557719888485, 10.98189781822605], [145.93703835613888, 10.995596266501957], [145.9223186157029, 11.010448508836035], [145.9061127375204, 11.025013140695444], [145.8894536750795, 11.038999199446017], [145.87518711890192, 11.054950322027555], [145.85906248311278, 11.067549890056], [145.84426150028344, 11.09522102743871], [145.83763957811644, 11.096100580665984], [145.84426150028344, 11.097271812262793], [145.87518711890192, 11.122785929252453], [145.87691270291234, 11.124651271275969], [145.9061127375204, 11.142165337814783], [145.91942354241013, 11.153201961885951], [145.93703835613888, 11.171151128713221], [145.94526808056327, 11.181752652495936], [145.9679639747574, 11.208679741461944], [145.96942994473085, 11.210303343105922], [145.99598191411079, 11.238854033715903], [145.99888959337588, 11.241335138729664], [146.0212660415093, 11.267404724325885], [146.0298152119944, 11.274021319482033], [146.05769700536362, 11.295955414935872], [146.06074083061287, 11.298025786055991], [146.09166644923135, 11.316477123762358], [146.12259206784987, 11.323939997151657], [146.12765438386273, 11.324506105545854], [146.15351768646835, 11.329485432840153], [146.18444330508683, 11.332225301198482], [146.2153689237053, 11.334323925304428], [146.24629454232382, 11.337212156891962], [146.2772201609423, 11.341058271463615], [146.3081457795608, 11.345100679851859], [146.33907139817927, 11.348567358487225], [146.36999701679778, 11.350950137976582], [146.40092263541626, 11.352131061746762], [146.43184825403478, 11.352742258143717], [146.46277387265326, 11.35108137647057], [146.49369949127174, 11.343979049831802], [146.52462510989022, 11.324767714105056], [146.52493921778006, 11.324506105545854], [146.54954332296703, 11.295955414935872], [146.55555072850873, 11.273630836175554], [146.55785121547333, 11.267404724325885], [146.55860970266798, 11.238854033715903], [146.55555072850873, 11.229159313829184], [146.551522524768, 11.21030334310592], [146.5370214015696, 11.181752652495936], [146.52462510989022, 11.166588566018959], [146.51353305533792, 11.153201961885951], [146.49369949127174, 11.13296188747763], [146.4851667618378, 11.124651271275969], [146.46277387265326, 11.10141742605084], [146.45733832491555, 11.096100580665984], [146.4339929615556, 11.067549890056], [146.43184825403478, 11.063998362185007], [146.41796337943612, 11.038999199446017], [146.40664305993158, 11.010448508836035], [146.40092263541626, 10.992773624619446], [146.39799895166018, 10.98189781822605], [146.39112102739037, 10.953347127616066], [146.38405444429264, 10.924796437006083], [146.37308808521968, 10.896245746396097], [146.36999701679778, 10.891379821442062], [146.35377172563122, 10.867695055786115], [146.33907139817927, 10.854318271175659], [146.3081457795608, 10.84297959028224], [146.2772201609423, 10.847117871533126], [146.24672845043045, 10.867695055786115]]]}, "properties": {"fillColor": "#8A2BE2", "fillOpacity": 0.7, "color": "#000000", "weight": 0.2, "stroke": false}}, {"type": "Feature", "geometry": {"type": "Polygon", "coordinates": [[[145.89668298631904, 11.295955414935872], [145.8835958593388, 11.324506105545854], [145.88168087544034, 11.353056796155837], [145.89264694274806, 11.381607486765821], [145.9061127375204, 11.392808232532783], [145.93703835613888, 11.389239238827837], [145.9477376586932, 11.381607486765821], [145.96402541047726, 11.353056796155837], [145.9561692926509, 11.324506105545854], [145.9386609065941, 11.295955414935872], [145.93703835613888, 11.293541557738656], [145.9061127375204, 11.28564696216289], [145.89668298631904, 11.295955414935872]]]}, "properties": {"fillColor": "#8A2BE2", "fillOpacity": 0.7, "color": "#000000", "weight": 0.2, "stroke": false}}, {"type": "Feature", "geometry": {"type": "Polygon", "coordinates": [[[145.9308232446, 11.667114392865656], [145.9357626890649, 11.695665083475642], [145.93703835613888, 11.697018493693001], [145.95136458971223, 11.724215774085625], [145.9679639747574, 11.747128051235535], [145.97091767863353, 11.752766464695608], [145.99364372328012, 11.781317155305594], [145.99888959337588, 11.785490789588193], [146.0298152119944, 11.801476501323728], [146.06074083061287, 11.804349855274246], [146.09166644923135, 11.795547502367652], [146.1121736507501, 11.781317155305594], [146.12259206784984, 11.761524718381871], [146.12713112353114, 11.752766464695608], [146.12284746059603, 11.724215774085625], [146.12259206784984, 11.72383013034132], [146.10434707796603, 11.695665083475642], [146.09166644923135, 11.685199241620008], [146.06074083061287, 11.668474728704531], [146.056539730075, 11.667114392865658], [146.0298152119944, 11.656856201888282], [145.99888959337588, 11.65165986683186], [145.96796397475737, 11.65171659806996], [145.93703835613888, 11.662497657028311], [145.9308232446, 11.667114392865656]]]}, "properties": {"fillColor": "#8A2BE2", "fillOpacity": 0.7, "color": "#000000", "weight": 0.2, "stroke": false}}, {"type": "Feature", "geometry": {"type": "Polygon", "coordinates": [[[132.45346863847675, 10.33574061983125], [132.48439425709526, 10.331841730517327], [132.51531987571374, 10.332845220583401], [132.54624549433223, 10.338919858765637], [132.5661435795467, 10.35378262480641], [132.57717111295074, 10.373091480301358], [132.58124100173038, 10.382333315416393], [132.57717111295074, 10.389897982699123], [132.56230203292097, 10.410884006026377], [132.55602607862158, 10.439434696636361], [132.56539678078835, 10.467985387246344], [132.54624549433223, 10.484193730799657], [132.51531987571374, 10.481170993631101], [132.48439425709526, 10.481610979982309], [132.45824368678282, 10.467985387246344], [132.45346863847675, 10.466142727839383], [132.42254301985827, 10.453810477135212], [132.4115150252333, 10.439434696636361], [132.40634631904237, 10.410884006026377], [132.40836644934, 10.382333315416393], [132.42254301985827, 10.35959788382997], [132.42912176666175, 10.35378262480641], [132.45346863847675, 10.33574061983125]]]}, "properties": {"fillColor": "#8A2BE2", "fillOpacity": 0.7, "color": "#000000", "weight": 0.2, "stroke": false}}, {"type": "Feature", "geometry": {"type": "Polygon", "coordinates": [[[131.37107198682958, 10.393627659360803], [131.40199760544806, 10.38766579752107], [131.43292322406654, 10.386755345553407], [131.46384884268502, 10.388201736030036], [131.49477446130354, 10.39514183970533], [131.513290092001, 10.410884006026377], [131.52570007992202, 10.415462073288456], [131.55662569854053, 10.437057785495737], [131.55920032794018, 10.439434696636361], [131.587551317159, 10.451301705696324], [131.6062679165945, 10.467985387246344], [131.6184769357775, 10.475251465806727], [131.64647175081754, 10.496536077856328], [131.64940255439598, 10.501516685381773], [131.66827973435988, 10.525086768466313], [131.67546065212704, 10.553637459076295], [131.6798277114246, 10.582188149686278], [131.6803281730145, 10.587918145105599], [131.69393298525432, 10.610738840296262], [131.7004183095578, 10.639289530906247], [131.7024611644934, 10.66784022151623], [131.7017928780667, 10.696390912126214], [131.69617151887803, 10.724941602736198], [131.6803281730145, 10.747295642732455], [131.67934020446407, 10.75349229334618], [131.6700978836069, 10.782042983956163], [131.64940255439598, 10.805738246398771], [131.64746122353793, 10.81059367456615], [131.6300516581931, 10.839144365176132], [131.6184769357775, 10.849830208607816], [131.60685549774036, 10.867695055786115], [131.587551317159, 10.885516774861678], [131.57744168253663, 10.896245746396099], [131.55662569854053, 10.915463170181452], [131.54548117228046, 10.924796437006083], [131.52570007992202, 10.943089951135429], [131.51475638914786, 10.953347127616066], [131.49477446130354, 10.972670886924679], [131.48134204619237, 10.98189781822605], [131.46384884268502, 10.997044353219803], [131.43292322406654, 11.008901405210612], [131.4275514177919, 11.010448508836035], [131.40199760544806, 11.02977350071831], [131.37107198682958, 11.03655259998479], [131.35117306483107, 11.038999199446017], [131.34014636821107, 11.046743250046408], [131.30922074959258, 11.059092900213297], [131.2782951309741, 11.06336417673377], [131.2560062968846, 11.067549890056], [131.2473695123556, 11.075523414078091], [131.2164438937371, 11.093984366708407], [131.21293064042723, 11.096100580665984], [131.18551827511862, 11.120310104589393], [131.17717834229347, 11.124651271275969], [131.15459265650014, 11.141859313877301], [131.135379351413, 11.153201961885951], [131.12366703788163, 11.163447126831286], [131.09274141926315, 11.181528697178278], [131.09236460705392, 11.181752652495936], [131.09274141926315, 11.182598835956256], [131.10876249370892, 11.21030334310592], [131.12366703788163, 11.224269658798924], [131.13760258251034, 11.238854033715903], [131.14271605976447, 11.267404724325885], [131.12579038301428, 11.295955414935872], [131.12366703788163, 11.298059240124875], [131.09707585476937, 11.324506105545854], [131.09274141926315, 11.328342425885555], [131.06181580064467, 11.344277445910297], [131.03089018202616, 11.346381692578506], [130.99996456340767, 11.346396100529645], [130.9690389447892, 11.346326535506497], [130.93811332617068, 11.347157043925126], [130.9071877075522, 11.34808079789199], [130.87626208893371, 11.3478942158637], [130.8453364703152, 11.345406564910348], [130.81441085169672, 11.334150227483496], [130.80233258831043, 11.324506105545854], [130.78348523307824, 11.32080831292733], [130.75255961445976, 11.308508893530966], [130.73739933907356, 11.295955414935872], [130.72163399584124, 11.291156912300206], [130.69070837722276, 11.267501721863315], [130.69058474304188, 11.267404724325885], [130.65978275860428, 11.259379236328641], [130.6367673754309, 11.238854033715903], [130.62885713998577, 11.23246256342262], [130.6049025975559, 11.21030334310592], [130.5979315213673, 11.202283759511388], [130.56736077290972, 11.181752652495936], [130.5670059027488, 11.181613171863122], [130.566635887191, 11.181752652495936], [130.53608028413032, 11.205159791125162], [130.52750521947294, 11.21030334310592], [130.5051546655118, 11.225487663919628], [130.47422904689333, 11.235500611487842], [130.4606515210371, 11.238854033715903], [130.44330342827482, 11.246854637652511], [130.41237780965633, 11.250233117876945], [130.38145219103785, 11.253882912377254], [130.36665555942008, 11.267404724325885], [130.35052657241937, 11.282295088311502], [130.3414096807012, 11.295955414935872], [130.32242603461026, 11.324506105545856], [130.31960095380086, 11.327211960556747], [130.30248358606272, 11.353056796155837], [130.28867533518238, 11.367011807845163], [130.27735028173603, 11.381607486765821], [130.2577497165639, 11.401085645436464], [130.24915422629368, 11.410158177375806], [130.22682409794538, 11.431349357950177], [130.21718857689447, 11.438708867985788], [130.1958984793269, 11.457325487905381], [130.1734280708767, 11.467259558595773], [130.16497286070842, 11.473176565545291], [130.13404724208993, 11.488033633982734], [130.10312162347142, 11.495193658294752], [130.0993232530683, 11.495810249205757], [130.07219600485294, 11.505877616363133], [130.04127038623446, 11.51206664673034], [130.01034476761595, 11.521531116464244], [129.98193730667933, 11.52436093981574], [129.97941914899747, 11.525138872043431], [129.94849353037898, 11.531888679546991], [129.91756791176044, 11.535636028397498], [129.886642293142, 11.538275117656607], [129.8557166745235, 11.5445245019582], [129.824791055905, 11.550543578786161], [129.80645527894478, 11.552911630425722], [129.7938654372865, 11.557244054241472], [129.76293981866803, 11.574458324344311], [129.73201420004955, 11.579288024672344], [129.70108858143104, 11.57920652145915], [129.67016296281255, 11.575729472789098], [129.63923734419407, 11.570768018853006], [129.60831172557556, 11.570874236564144], [129.57738610695708, 11.570476020188785], [129.5464604883386, 11.57939673558036], [129.54409617563383, 11.581462321035707], [129.52736562409115, 11.610013011645691], [129.5155348697201, 11.62125471139072], [129.50112016079063, 11.638563702255674], [129.4846092511016, 11.653494434987923], [129.47906003557628, 11.667114392865658], [129.47638158735356, 11.695665083475642], [129.47370614255442, 11.724215774085625], [129.4679267791314, 11.752766464695608], [129.45368363248312, 11.77746356363698], [129.45248086881222, 11.781317155305594], [129.4290628265944, 11.809867845915576], [129.4227580138646, 11.815688481545273], [129.39183239524613, 11.829881926199196], [129.36090677662764, 11.837181848274646], [129.32998115800916, 11.83241964593187], [129.29905553939065, 11.82821963287456], [129.27000232343906, 11.809867845915576], [129.26812992077217, 11.808978252271068], [129.23747754007726, 11.781317155305594], [129.23720430215369, 11.781002304487092], [129.21069456338952, 11.752766464695608], [129.20627868353517, 11.739898142758097], [129.19486240748728, 11.724215774085625], [129.18080214577088, 11.695665083475642], [129.17630747047252, 11.667114392865658], [129.1753530649167, 11.656824490104675], [129.16746149595332, 11.638563702255674], [129.15476892182514, 11.610013011645691], [129.1516332623946, 11.581462321035708], [129.15141640264642, 11.552911630425722], [129.1542381762625, 11.52436093981574], [129.17347814426876, 11.495810249205757], [129.1753530649167, 11.492501311041806], [129.17793339543687, 11.467259558595773], [129.18405477961937, 11.438708867985788], [129.20595028908477, 11.410158177375806], [129.20627868353517, 11.409704803825523], [129.21129651364092, 11.381607486765821], [129.22825911062856, 11.353056796155837], [129.23720430215369, 11.341635064893174], [129.24251728273018, 11.324506105545854], [129.26812992077217, 11.297365056818617], [129.26923914973793, 11.295955414935872], [129.29905553939065, 11.26781851578823], [129.29974997837266, 11.267404724325885], [129.32998115800916, 11.242382020542557], [129.35772693487277, 11.238854033715903], [129.36090677662764, 11.237690293679291], [129.36254842302134, 11.238854033715905], [129.39183239524613, 11.245697970457233], [129.4227580138646, 11.257421453391387], [129.45368363248312, 11.245403128868311], [129.45683529186192, 11.238854033715903], [129.45368363248312, 11.236978462697268], [129.4227580138646, 11.232098564519498], [129.39278371324787, 11.21030334310592], [129.39183239524613, 11.209023800297645], [129.3706245309484, 11.181752652495936], [129.36752602991274, 11.153201961885951], [129.37039902213542, 11.124651271275969], [129.39183239524613, 11.099027470833548], [129.39206756014195, 11.096100580665984], [129.39385594909535, 11.067549890056], [129.40018051530083, 11.038999199446017], [129.4227580138646, 11.016050723388375], [129.4248023392313, 11.010448508836035], [129.45368363248312, 10.982852796157777], [129.45567272186665, 10.98189781822605], [129.45368363248312, 10.973853848380978], [129.4227580138646, 10.976864297292861], [129.4010291052904, 10.981897818226052], [129.39183239524613, 10.988319285897242], [129.36090677662764, 10.996139832236201], [129.32998115800916, 10.99932627182466], [129.29905553939065, 10.999602463868207], [129.26812992077217, 10.996919471557028], [129.23720430215369, 10.990014459178113], [129.21485872866128, 10.98189781822605], [129.20627868353517, 10.981359484429086], [129.1753530649167, 10.977345253598964], [129.1444274462982, 10.974832062361546], [129.11350182767973, 10.969248098052589], [129.08257620906122, 10.956516971355821], [129.0779072325567, 10.953347127616068], [129.05165059044273, 10.951378028350621], [129.02072497182425, 10.949896510341047], [128.98979935320574, 10.949422827491668], [128.95887373458726, 10.95183815028271], [128.95025555218808, 10.953347127616066], [128.92794811596877, 10.968454701470105], [128.89702249735026, 10.977123122737638], [128.8664972752156, 10.98189781822605], [128.86609687873178, 10.982224048836562], [128.8351712601133, 10.986778442813085], [128.81479087227365, 10.98189781822605], [128.8042456414948, 10.98148920249246], [128.7733200228763, 10.976304238815587], [128.74239440425782, 10.95480355415054], [128.74064070685935, 10.953347127616066], [128.7144657396549, 10.924796437006083], [128.71146878563934, 10.905603342334306], [128.70571385275733, 10.8962457463961], [128.6943628088103, 10.867695055786115], [128.6966686580387, 10.839144365176132], [128.71146878563934, 10.816620535192657], [128.7121220309961, 10.81059367456615], [128.71705725772293, 10.782042983956163], [128.74239440425782, 10.75567108897032], [128.74489746386593, 10.75349229334618], [128.7733200228763, 10.730014339485418], [128.79068460384957, 10.724941602736198], [128.8042456414948, 10.71470859582174], [128.8351712601133, 10.702265795740852], [128.86609687873178, 10.698011635048049], [128.89702249735026, 10.6965879650951], [128.8985410659993, 10.696390912126214], [128.92794811596877, 10.679645799887563], [128.95887373458726, 10.672996504023539], [128.98979935320574, 10.669983243181901], [129.0009346726294, 10.66784022151623], [129.02072497182425, 10.65230453676758], [129.05165059044273, 10.645801311179886], [129.08257620906122, 10.643517062517235], [129.11350182767973, 10.642791180457639], [129.1444274462982, 10.643021400243695], [129.1753530649167, 10.645404805199291], [129.18972491841618, 10.639289530906247], [129.20627868353517, 10.617421444841696], [129.2067820153774, 10.610738840296262], [129.21170346626596, 10.582188149686278], [129.23720430215369, 10.558645646472124], [129.23982343972423, 10.553637459076295], [129.26812992077217, 10.52548907613008], [129.2684836272643, 10.525086768466313], [129.29905553939065, 10.496822766868926], [129.2994217654274, 10.496536077856328], [129.32998115800916, 10.469837119983383], [129.3356246161634, 10.467985387246344], [129.36090677662764, 10.445763744647833], [129.39183239524613, 10.441135145575142], [129.41996972655716, 10.43943469663636], [129.4227580138646, 10.437357424733776], [129.45368363248312, 10.42762822373087], [129.4846092511016, 10.430999894307877], [129.49647476489815, 10.439434696636361], [129.5155348697201, 10.441642460696102], [129.5464604883386, 10.452849466489756], [129.56781465867692, 10.467985387246344], [129.57738610695708, 10.469681821588328], [129.60831172557556, 10.472483818934322], [129.63923734419407, 10.473218108043922], [129.67016296281255, 10.474193679552718], [129.70108858143104, 10.47624513152142], [129.73201420004955, 10.480937650985542], [129.76293981866803, 10.491890405730679], [129.7730551671769, 10.496536077856328], [129.7938654372865, 10.49766728352292], [129.824791055905, 10.500371522839671], [129.8557166745235, 10.502376477012099], [129.886642293142, 10.505229998175786], [129.91756791176047, 10.513293864016639], [129.939035465414, 10.525086768466313], [129.94849353037898, 10.527027379103803], [129.97941914899747, 10.537522310493209], [129.99645515731993, 10.553637459076295], [130.00712435909955, 10.582188149686278], [130.0090620170979, 10.610738840296262], [130.01034476761595, 10.611814413386105], [130.04127038623446, 10.612262077047056], [130.07219600485294, 10.61089287756772], [130.07541283406485, 10.610738840296262], [130.10312162347142, 10.594655453635578], [130.13404724208993, 10.58986055327641], [130.16497286070842, 10.58865512011844], [130.1958984793269, 10.588181707606253], [130.22682409794538, 10.58774908863023], [130.2577497165639, 10.588743450891588], [130.28867533518238, 10.594442834930764], [130.31425938798304, 10.610738840296264], [130.31960095380086, 10.611563212725276], [130.35052657241937, 10.621591400491347], [130.37424187667403, 10.639289530906247], [130.38145219103785, 10.642374420668599], [130.41237780965633, 10.65408265854499], [130.44330342827482, 10.659183018769538], [130.47422904689333, 10.654707074958134], [130.4911462442588, 10.639289530906247], [130.5051546655118, 10.625916829989976], [130.5206009065237, 10.610738840296262], [130.53608028413032, 10.6005174172209], [130.5670059027488, 10.588517179679089], [130.58392358173322, 10.582188149686278], [130.5979315213673, 10.576343313049867], [130.62885713998577, 10.576599716686248], [130.63682381122325, 10.582188149686278], [130.65978275860428, 10.590634366785222], [130.69070837722276, 10.594647511904887], [130.72163399584124, 10.600066892561445], [130.75255961445976, 10.603937912259056], [130.78348523307824, 10.594538699818996], [130.79960678931687, 10.582188149686278], [130.81441085169672, 10.571699765796486], [130.8453364703152, 10.555855289488065], [130.84895174724258, 10.553637459076295], [130.87626208893371, 10.5305488840443], [130.88294909654869, 10.525086768466313], [130.9071877075522, 10.50178035941985], [130.9134631760133, 10.49653607785633], [130.93811332617068, 10.482116319235779], [130.96755724226867, 10.467985387246344], [130.9690389447892, 10.466617471837404], [130.99996456340767, 10.459959178841961], [131.03089018202616, 10.462039734395168], [131.0452982320158, 10.467985387246344], [131.06181580064467, 10.47025406739513], [131.09274141926315, 10.478375591319711], [131.12366703788163, 10.488080090008857], [131.13627592908335, 10.496536077856328], [131.15459265650014, 10.502086605943852], [131.1812806330474, 10.525086768466313], [131.18551827511862, 10.526687328358834], [131.2164438937371, 10.532136407925554], [131.21851430601825, 10.525086768466313], [131.23150005424884, 10.496536077856328], [131.2473695123556, 10.481885312284145], [131.25471023009214, 10.467985387246344], [131.2782951309741, 10.446063809837426], [131.2903717877324, 10.439434696636361], [131.30922074959258, 10.42222975746085], [131.34014636821107, 10.412590627830237], [131.34920715535867, 10.410884006026377], [131.37107198682958, 10.393627659360803]]]}, "properties": {"fillColor": "#8A2BE2", "fillOpacity": 0.7, "color": "#000000", "weight": 0.2, "stroke": false}}, {"type": "Feature", "geometry": {"type": "Polygon", "coordinates": [[[131.34567456703556, 10.496536077856328], [131.34014636821107, 10.497779145863447], [131.30922074959258, 10.514164925641658], [131.29756649204663, 10.525086768466313], [131.2782951309741, 10.545729406709349], [131.27144910876427, 10.553637459076295], [131.25077859665126, 10.582188149686276], [131.2473695123556, 10.58688981272069], [131.22280895909924, 10.610738840296264], [131.2164438937371, 10.615698563122795], [131.18551827511862, 10.622409888652191], [131.15459265650014, 10.617698276859432], [131.12366703788163, 10.618869394541498], [131.09274141926315, 10.627840523296907], [131.07118913892182, 10.639289530906247], [131.06181580064467, 10.644455009603105], [131.03610282508623, 10.66784022151623], [131.03089018202616, 10.672861097137389], [131.0047335059512, 10.696390912126214], [130.99996456340767, 10.699991302439198], [130.9690389447892, 10.723162823547643], [130.96675128433995, 10.724941602736198], [130.94165868637353, 10.75349229334618], [130.93811332617068, 10.76313080173182], [130.93132087472435, 10.782042983956163], [130.9255824267139, 10.81059367456615], [130.9214558731497, 10.839144365176132], [130.9170010862552, 10.867695055786115], [130.91095012034967, 10.896245746396099], [130.9071877075522, 10.90954410325835], [130.87626208893371, 10.918512730979447], [130.8453364703152, 10.911350954859241], [130.81441085169672, 10.913052377013216], [130.78348523307824, 10.924481468086183], [130.78289943971203, 10.924796437006083], [130.75255961445976, 10.939492448431594], [130.73080638307107, 10.953347127616066], [130.72163399584124, 10.96109596447963], [130.70333900822118, 10.98189781822605], [130.69674605118428, 11.010448508836035], [130.70637985420117, 11.038999199446017], [130.72163399584124, 11.058576340726502], [130.73198203629494, 11.067549890056], [130.75255961445976, 11.08276219564685], [130.78348523307824, 11.090845217950214], [130.81441085169672, 11.088893997767608], [130.8453364703152, 11.08107233073004], [130.87626208893371, 11.067772782260235], [130.8766364943909, 11.067549890056], [130.9071877075522, 11.047456807966167], [130.91951732883615, 11.038999199446017], [130.93811332617068, 11.026233971587125], [130.9690389447892, 11.023192123181449], [130.99996456340767, 11.025382915714783], [131.03089018202616, 11.026277141404336], [131.06181580064467, 11.025611184814021], [131.09274141926315, 11.022977926955999], [131.12366703788163, 11.012900370302829], [131.12752218518042, 11.010448508836035], [131.15459265650014, 10.997582136886606], [131.17714298451446, 10.981897818226052], [131.18551827511862, 10.978566212360478], [131.2164438937371, 10.97362367474093], [131.2473695123556, 10.971991822211418], [131.2782951309741, 10.970379373576137], [131.30922074959258, 10.965099430081562], [131.34014636821107, 10.954291645265199], [131.3420802502357, 10.953347127616066], [131.37107198682958, 10.94268520152357], [131.39860837872212, 10.924796437006083], [131.40199760544806, 10.92269930213796], [131.43292322406654, 10.898634680882946], [131.43568633941763, 10.896245746396099], [131.46384884268502, 10.87158035894421], [131.4681221856309, 10.867695055786115], [131.49477446130354, 10.843524700005222], [131.49941987420593, 10.839144365176132], [131.52570007992202, 10.812773779795542], [131.52785403388833, 10.81059367456615], [131.55333685882897, 10.782042983956162], [131.55662569854053, 10.777478098344506], [131.57512421532996, 10.75349229334618], [131.587551317159, 10.72660575374562], [131.58856174563482, 10.724941602736198], [131.59832267701813, 10.696390912126214], [131.59950704092077, 10.66784022151623], [131.59529533431976, 10.639289530906247], [131.587551317159, 10.614890469578121], [131.58636671252967, 10.610738840296262], [131.57145778235494, 10.582188149686278], [131.55662569854053, 10.566087096100231], [131.53651322852636, 10.553637459076295], [131.52570007992202, 10.547116164907914], [131.49477446130354, 10.53311642255515], [131.47784369724397, 10.525086768466313], [131.46384884268502, 10.515954270167551], [131.43297409708813, 10.496536077856328], [131.43292322406654, 10.49650862340559], [131.40199760544806, 10.486169799494874], [131.37107198682958, 10.486955891202516], [131.34567456703556, 10.496536077856328]]]}, "properties": {"fillColor": "#8A2BE2", "fillOpacity": 0.7, "color": "#000000", "weight": 0.2, "stroke": false}}, {"type": "Feature", "geometry": {"type": "Polygon", "coordinates": [[[129.36604500901237, 10.525086768466313], [129.36090677662764, 10.526933468701268], [129.32998115800916, 10.547967076816205], [129.32389404588307, 10.553637459076295], [129.29905553939065, 10.581272019550397], [129.29817586290403, 10.582188149686278], [129.27496718011056, 10.610738840296262], [129.26812992077217, 10.631539931862768], [129.2634303665359, 10.639289530906247], [129.2553971943844, 10.66784022151623], [129.25622582795842, 10.696390912126214], [129.26174693142354, 10.724941602736198], [129.26812992077217, 10.7455681296433], [129.27044456587944, 10.75349229334618], [129.26812992077214, 10.763097634321863], [129.25037483354686, 10.75349229334618], [129.23720430215369, 10.75152224737412], [129.20627868353517, 10.745484679058919], [129.1753530649167, 10.746498789015758], [129.1444274462982, 10.751411542793408], [129.124671935583, 10.75349229334618], [129.11350182767973, 10.754675380039064], [129.08257620906122, 10.756219309173558], [129.05165059044273, 10.762898210369308], [129.02072497182425, 10.777126598021471], [129.01316054233357, 10.782042983956163], [128.99420337750652, 10.81059367456615], [129.0140069038589, 10.839144365176132], [129.02072497182425, 10.84218436675941], [129.05165059044273, 10.851812425363946], [129.08257620906124, 10.856658690225796], [129.11350182767973, 10.859765831358281], [129.1444274462982, 10.862862646971926], [129.1753530649167, 10.865616669758575], [129.20627868353517, 10.86633223625956], [129.22699695869287, 10.867695055786115], [129.23720430215369, 10.868368055082438], [129.26812992077217, 10.871734851090478], [129.29905553939065, 10.87149386961944], [129.31433861742045, 10.867695055786115], [129.32898561919683, 10.839144365176132], [129.30371762596562, 10.81059367456615], [129.29905553939068, 10.793208374976643], [129.29036392542463, 10.782042983956163], [129.29905553939065, 10.78036664314635], [129.32998115800916, 10.781267985437593], [129.36090677662764, 10.781001411138819], [129.39183239524613, 10.779443180696754], [129.4227580138646, 10.778193816497119], [129.45368363248312, 10.780800129999246], [129.46179103088497, 10.782042983956163], [129.4846092511016, 10.792039294729667], [129.5155348697201, 10.799883565056634], [129.5464604883386, 10.80531847429666], [129.57738610695708, 10.80745542620441], [129.60831172557556, 10.807624921072136], [129.63923734419407, 10.806138327886393], [129.67016296281255, 10.802198554026436], [129.70108858143104, 10.793438706022778], [129.72329846296765, 10.782042983956163], [129.73201420004955, 10.778732207474164], [129.76293981866803, 10.765341769260491], [129.78819002964096, 10.75349229334618], [129.7938654372865, 10.751500661339659], [129.824791055905, 10.744382929513863], [129.8557166745235, 10.749848854270429], [129.886642293142, 10.734393717544574], [129.8939117895257, 10.724941602736198], [129.90356589738525, 10.696390912126212], [129.9028832982945, 10.66784022151623], [129.88865512058152, 10.639289530906247], [129.886642293142, 10.637492498365704], [129.8557166745235, 10.624317087481117], [129.82577371883903, 10.610738840296262], [129.824791055905, 10.610253101391407], [129.7938654372865, 10.596068820563683], [129.76293981866803, 10.586020416410893], [129.74668893132025, 10.582188149686278], [129.73201420004955, 10.578064165612599], [129.70108858143104, 10.570861524320833], [129.67016296281255, 10.56526643172097], [129.63923734419407, 10.560711637440765], [129.60831172557556, 10.556606118231466], [129.5876870570984, 10.553637459076295], [129.57738610695708, 10.550567449541932], [129.5464604883386, 10.537530613495822], [129.5155348697201, 10.526473910390177], [129.51111343101815, 10.525086768466313], [129.4846092511016, 10.511271439557206], [129.45368363248312, 10.504911988084032], [129.4227580138646, 10.504858110371405], [129.39183239524613, 10.510980352211057], [129.36604500901237, 10.525086768466313]]]}, "properties": {"fillColor": "#8A2BE2", "fillOpacity": 0.7, "color": "#000000", "weight": 0.2, "stroke": false}}, {"type": "Feature", "geometry": {"type": "Polygon", "coordinates": [[[130.10779542251203, 10.66784022151623], [130.10312162347142, 10.668968505631527], [130.07219600485294, 10.67368749365552], [130.04127038623446, 10.679840855883587], [130.01034476761595, 10.693011606122186], [130.0048531827992, 10.696390912126214], [129.97941914899747, 10.72249526110686], [129.9772020964316, 10.724941602736198], [129.96977792828582, 10.75349229334618], [129.97941914899747, 10.774459870517608], [129.9821488569323, 10.782042983956165], [130.01034476761595, 10.804732176615946], [130.02413270957172, 10.81059367456615], [130.04127038623446, 10.818253748400206], [130.07219600485294, 10.828431125398426], [130.10312162347142, 10.836309429561867], [130.11259745887594, 10.839144365176132], [130.13404724208993, 10.850595659538715], [130.16497286070842, 10.859575006460846], [130.1958984793269, 10.863126486282102], [130.22682409794538, 10.86452943841197], [130.2577497165639, 10.863625910110368], [130.28867533518238, 10.859065215162131], [130.31960095380086, 10.84555532954034], [130.32791546093944, 10.839144365176132], [130.34845063799165, 10.81059367456615], [130.35052657241937, 10.795575968104044], [130.3536279068053, 10.782042983956163], [130.35052657241937, 10.769734629774828], [130.3482874277501, 10.75349229334618], [130.33457354424795, 10.724941602736198], [130.31960095380086, 10.708975492176975], [130.30824668167216, 10.696390912126214], [130.28867533518238, 10.680403648813886], [130.2604058234967, 10.66784022151623], [130.2577497165639, 10.66636903447515], [130.22682409794538, 10.655711917325583], [130.1958984793269, 10.650519486602345], [130.16497286070842, 10.649835137833406], [130.13404724208993, 10.657512971199687], [130.10779542251203, 10.66784022151623]]]}, "properties": {"fillColor": "#8A2BE2", "fillOpacity": 0.7, "color": "#000000", "weight": 0.2, "stroke": false}}, {"type": "Feature", "geometry": {"type": "Polygon", "coordinates": [[[130.48796309463643, 10.724941602736198], [130.47422904689333, 10.732038680168918], [130.46319567003525, 10.75349229334618], [130.45051872007198, 10.782042983956163], [130.44330342827482, 10.792532823126432], [130.44171182562553, 10.81059367456615], [130.44140021446665, 10.839144365176132], [130.44330342827482, 10.847559315692148], [130.4625523046668, 10.867695055786115], [130.46959980706293, 10.896245746396099], [130.45590278778502, 10.924796437006083], [130.44330342827482, 10.936391537658734], [130.41237780965633, 10.946342220183077], [130.3902619184594, 10.953347127616066], [130.388683521613, 10.98189781822605], [130.38359905992826, 11.010448508836033], [130.38145219103785, 11.01311552599786], [130.35052657241937, 11.025931878995197], [130.31960095380086, 11.031163859384957], [130.28867533518238, 11.033833882718602], [130.27530102828766, 11.038999199446017], [130.2577497165639, 11.063251508824642], [130.25687724134457, 11.067549890056], [130.2519007626916, 11.096100580665984], [130.22682409794538, 11.124080958259716], [130.22642840536537, 11.124651271275969], [130.22390737351398, 11.153201961885951], [130.22682409794538, 11.156006255534972], [130.2577497165639, 11.164034190990751], [130.28501159122357, 11.15320196188595], [130.28867533518238, 11.149819574567134], [130.31308188779622, 11.124651271275969], [130.31960095380086, 11.11863283591788], [130.34336527624248, 11.096100580665984], [130.35052657241937, 11.089489235100519], [130.37704179760846, 11.067549890055998], [130.38145219103785, 11.062215933870526], [130.41237780965633, 11.039761091547787], [130.41374564057529, 11.038999199446017], [130.44330342827482, 11.02443355133831], [130.47140707900573, 11.010448508836035], [130.47422904689333, 11.008375197127064], [130.5051546655118, 10.996466637399756], [130.5359107476952, 10.98189781822605], [130.53608028413032, 10.981741301314749], [130.54705300989386, 10.953347127616066], [130.5670059027488, 10.926231474882588], [130.56749110949048, 10.924796437006083], [130.57827824923905, 10.896245746396099], [130.5979315213673, 10.87224106196765], [130.6008034792231, 10.867695055786115], [130.62885713998577, 10.839923540411187], [130.6296053318836, 10.839144365176132], [130.64271063071456, 10.81059367456615], [130.636368510772, 10.782042983956163], [130.62885713998577, 10.771785596899349], [130.6093204901548, 10.75349229334618], [130.5979315213673, 10.74330744518511], [130.57032033479564, 10.724941602736198], [130.5670059027488, 10.722381885703301], [130.53608028413032, 10.713776666968709], [130.5051546655118, 10.714681955121044], [130.48796309463643, 10.724941602736198]]]}, "properties": {"fillColor": "#8A2BE2", "fillOpacity": 0.7, "color": "#000000", "weight": 0.2, "stroke": false}}, {"type": "Feature", "geometry": {"type": "Polygon", "coordinates": [[[129.77823952023954, 10.839144365176132], [129.76293981866803, 10.848789754678123], [129.73201420004955, 10.862400529212445], [129.70108858143104, 10.866398100767977], [129.67016296281255, 10.867629162702205], [129.66513237772148, 10.867695055786115], [129.63923734419407, 10.873071629463517], [129.60831172557556, 10.871030083626495], [129.59731039479357, 10.867695055786115], [129.57738610695708, 10.867394008419248], [129.5464604883386, 10.866359875631227], [129.5155348697201, 10.863140738550824], [129.4846092511016, 10.856587106193501], [129.48339088898663, 10.867695055786115], [129.4838235161128, 10.896245746396099], [129.48102874359563, 10.924796437006083], [129.4697157944939, 10.953347127616066], [129.4846092511016, 10.95734428344025], [129.5155348697201, 10.953808117496093], [129.52417210606927, 10.953347127616066], [129.5464604883386, 10.939306731600936], [129.57738610695708, 10.933714179576215], [129.60831172557556, 10.935870201200911], [129.63923734419407, 10.942699410432247], [129.67016296281255, 10.936009751986639], [129.70108858143104, 10.943800349742533], [129.71344494823427, 10.953347127616066], [129.73201420004955, 10.972113107753803], [129.74074920916058, 10.981897818226049], [129.75390786482774, 11.010448508836035], [129.75850981568274, 11.038999199446017], [129.76293981866803, 11.041574962502121], [129.7938654372865, 11.04110334021185], [129.824791055905, 11.043616514736598], [129.85571667452348, 11.060686570523341], [129.863299568293, 11.067549890056], [129.886642293142, 11.075737788552166], [129.91630266290088, 11.096100580665984], [129.91756791176047, 11.096183910891007], [129.94849353037898, 11.096673471695155], [129.97941914899747, 11.096121016009203], [129.97953883673708, 11.096100580665984], [129.98774168595216, 11.067549890056], [129.99077422963708, 11.038999199446017], [129.99795087159472, 11.010448508836035], [130.01034476761595, 10.987989729550517], [130.0116398862466, 10.98189781822605], [130.02039763842006, 10.953347127616066], [130.017709179413, 10.924796437006083], [130.01034476761595, 10.917463168453352], [129.97941914899747, 10.910136318811968], [129.9566436189244, 10.896245746396099], [129.94849353037898, 10.893376428319842], [129.91756791176047, 10.886679146865934], [129.886642293142, 10.87534774435489], [129.87333655362522, 10.867695055786115], [129.8557166745235, 10.864883549187944], [129.82604226210793, 10.839144365176132], [129.824791055905, 10.838462417586163], [129.7938654372865, 10.837457092605836], [129.77823952023954, 10.839144365176132]]]}, "properties": {"fillColor": "#8A2BE2", "fillOpacity": 0.7, "color": "#000000", "weight": 0.2, "stroke": false}}, {"type": "Feature", "geometry": {"type": "Polygon", "coordinates": [[[129.51988046107545, 11.010448508836035], [129.5155348697201, 11.0124437958055], [129.4846092511016, 11.038533220032932], [129.48413435696193, 11.038999199446017], [129.46273355378844, 11.067549890056], [129.45634939683015, 11.096100580665984], [129.45750405161436, 11.124651271275969], [129.47892531716911, 11.153201961885951], [129.4846092511016, 11.157089698790035], [129.5155348697201, 11.167266324534438], [129.5464604883386, 11.16966263439062], [129.57738610695708, 11.168692463790602], [129.60508885168178, 11.153201961885951], [129.60831172557556, 11.152338781179058], [129.63923734419407, 11.141751239743556], [129.66110000584354, 11.124651271275969], [129.67016296281255, 11.112897515428866], [129.6834760912989, 11.096100580665984], [129.69084414231838, 11.067549890056], [129.68843238789728, 11.038999199446017], [129.67016296281255, 11.01171617660522], [129.66929293001766, 11.010448508836035], [129.63923734419407, 10.988735558903404], [129.60831172557556, 10.985582420439803], [129.57738610695708, 10.98782895742907], [129.5464604883386, 10.994975916622419], [129.51988046107545, 11.010448508836035]]]}, "properties": {"fillColor": "#8A2BE2", "fillOpacity": 0.7, "color": "#000000", "weight": 0.2, "stroke": false}}, {"type": "Feature", "geometry": {"type": "Polygon", "coordinates": [[[129.7233475586165, 11.153201961885951], [129.70108858143104, 11.177779704257187], [129.69777352993586, 11.181752652495936], [129.6721322875811, 11.210303343105918], [129.67016296281255, 11.211779383109649], [129.63923734419407, 11.226506725175941], [129.6125730848106, 11.238854033715903], [129.60831172557556, 11.240205894160312], [129.57738610695708, 11.250851125139064], [129.55273167555652, 11.267404724325884], [129.5464604883386, 11.271414108046256], [129.5214561147708, 11.295955414935872], [129.5155348697201, 11.305246953292372], [129.50241002435845, 11.324506105545854], [129.49378998799676, 11.353056796155837], [129.4921363748249, 11.381607486765821], [129.49545856725047, 11.410158177375806], [129.50682390620608, 11.438708867985788], [129.5155348697201, 11.45018991082976], [129.53316486640094, 11.467259558595773], [129.5464604883386, 11.476419829667249], [129.57738610695708, 11.486442352122594], [129.60831172557556, 11.488176466046779], [129.6392373441941, 11.48401895510806], [129.67016296281255, 11.469974441706652], [129.67419961210888, 11.46725955859577], [129.70108858143104, 11.451276883037993], [129.71654803891218, 11.438708867985788], [129.73201420004955, 11.427604085908069], [129.75400936229428, 11.410158177375806], [129.76293981866803, 11.404106464988006], [129.79229685129405, 11.381607486765821], [129.7938654372865, 11.380550082435224], [129.824791055905, 11.361443329513275], [129.83712519654915, 11.353056796155837], [129.85571667452348, 11.343168405895502], [129.886642293142, 11.324981995655488], [129.8874474463123, 11.324506105545854], [129.91756791176047, 11.309721579007185], [129.9388419614437, 11.295955414935872], [129.94849353037898, 11.290011772214433], [129.97661837993726, 11.267404724325884], [129.97941914899747, 11.264117969448321], [129.9985700826691, 11.238854033715903], [130.0017641811321, 11.21030334310592], [129.98428649618018, 11.181752652495936], [129.97941914899747, 11.17796401449116], [129.94849353037898, 11.162535027598322], [129.91756791176047, 11.157370810807143], [129.886642293142, 11.156163969463712], [129.8557166745235, 11.154622385757193], [129.84847949394032, 11.153201961885951], [129.824791055905, 11.144433621602149], [129.7938654372865, 11.132454813173004], [129.76293981866803, 11.13060238860181], [129.73201420004955, 11.145597956031656], [129.7233475586165, 11.153201961885951]]]}, "properties": {"fillColor": "#8A2BE2", "fillOpacity": 0.7, "color": "#000000", "weight": 0.2, "stroke": false}}, {"type": "Feature", "geometry": {"type": "Polygon", "coordinates": [[[133.0101297736096, 10.428185271454245], [133.0410553922281, 10.41149975545437], [133.07198101084657, 10.411074400916199], [133.10290662946505, 10.438553630310121], [133.10351510795238, 10.439434696636363], [133.12120359967315, 10.467985387246344], [133.1250039104417, 10.496536077856328], [133.1184368397544, 10.525086768466313], [133.10836634634927, 10.553637459076295], [133.10290662946508, 10.564373166797195], [133.09898253967214, 10.582188149686278], [133.08519467343552, 10.610738840296262], [133.07198101084657, 10.623696941907996], [133.05884584522911, 10.639289530906247], [133.0410553922281, 10.655610060405369], [133.0128878391224, 10.66784022151623], [133.0101297736096, 10.6701056830974], [133.0068792262674, 10.66784022151623], [132.9792041549911, 10.658921719083988], [132.95911279920568, 10.639289530906247], [132.9482785363726, 10.6188164553427], [132.9406925186825, 10.610738840296262], [132.93719641027147, 10.582188149686278], [132.94623633288296, 10.553637459076295], [132.9482785363726, 10.551752086281812], [132.95598878676824, 10.525086768466313], [132.96083473869243, 10.496536077856328], [132.97798919823504, 10.467985387246344], [132.9792041549911, 10.466719522086201], [132.9985519810766, 10.439434696636361], [133.0101297736096, 10.428185271454245]]]}, "properties": {"fillColor": "#8A2BE2", "fillOpacity": 0.7, "color": "#000000", "weight": 0.2, "stroke": false}}, {"type": "Feature", "geometry": {"type": "Polygon", "coordinates": [[[132.57717111295074, 10.487360992923803], [132.60809673156922, 10.491183265085574], [132.6390223501877, 10.493231749494514], [132.6403701508904, 10.496536077856328], [132.6390223501877, 10.498303339912527], [132.60809673156922, 10.499396483251962], [132.57717111295074, 10.49942379259878], [132.5686176518513, 10.496536077856328], [132.57717111295074, 10.487360992923803]]]}, "properties": {"fillColor": "#8A2BE2", "fillOpacity": 0.7, "color": "#000000", "weight": 0.2, "stroke": false}}, {"type": "Feature", "geometry": {"type": "Polygon", "coordinates": [[[132.39161740123978, 10.606990197834328], [132.42254301985827, 10.598590850588952], [132.45346863847675, 10.599389048047374], [132.47828301933953, 10.61073884029626], [132.48439425709526, 10.613587950654942], [132.50938056203648, 10.639289530906247], [132.51497110874155, 10.66784022151623], [132.51387185886557, 10.696390912126214], [132.50358258487682, 10.724941602736198], [132.4872481605284, 10.75349229334618], [132.48439425709526, 10.7561270317149], [132.4655148467702, 10.782042983956163], [132.45346863847675, 10.793164105581962], [132.4345102625033, 10.81059367456615], [132.42254301985827, 10.821641894698054], [132.39161740123978, 10.832782861569651], [132.37524791563195, 10.839144365176132], [132.36069178262127, 10.852582662246007], [132.3297661640028, 10.855141880948251], [132.2988405453843, 10.843218254111688], [132.29442777872882, 10.839144365176132], [132.2679149267658, 10.821618660881223], [132.25597285059288, 10.81059367456615], [132.23908882575088, 10.782042983956163], [132.23892268439351, 10.75349229334618], [132.25135963163012, 10.724941602736198], [132.2679149267658, 10.700858189296703], [132.27011362225338, 10.696390912126214], [132.2988405453843, 10.667854025123612], [132.29885539744166, 10.66784022151623], [132.3297661640028, 10.64083469717601], [132.332761836772, 10.639289530906247], [132.36069178262127, 10.622161712134375], [132.38755693598875, 10.610738840296262], [132.39161740123978, 10.606990197834328]]]}, "properties": {"fillColor": "#8A2BE2", "fillOpacity": 0.7, "color": "#000000", "weight": 0.2, "stroke": false}}, {"type": "Feature", "geometry": {"type": "Polygon", "coordinates": [[[133.47401405288696, 10.65683472622717], [133.50493967150547, 10.648819207690055], [133.53586529012395, 10.647492226115821], [133.56679090874243, 10.650105944031598], [133.59771652736094, 10.664790488572494], [133.60101994580342, 10.66784022151623], [133.62864214597943, 10.678883697397595], [133.6481409274158, 10.696390912126214], [133.6595677645979, 10.708729835305771], [133.6770344336682, 10.724941602736198], [133.6904933832164, 10.753245699215993], [133.69074474055438, 10.75349229334618], [133.71483349057948, 10.782042983956163], [133.7214190018349, 10.804238038078555], [133.72751007984292, 10.81059367456615], [133.74396436000023, 10.839144365176132], [133.74966768761803, 10.867695055786115], [133.7508483674545, 10.896245746396099], [133.75009564546056, 10.924796437006083], [133.74495570222834, 10.953347127616066], [133.7214190018349, 10.979427978747092], [133.71955211527458, 10.981897818226052], [133.6904933832164, 11.006730831865305], [133.67402928548077, 11.010448508836035], [133.6595677645979, 11.019494140070744], [133.62864214597943, 11.02518704902944], [133.59771652736094, 11.023901561641718], [133.56679090874243, 11.013718727862713], [133.56324866355476, 11.010448508836035], [133.53586529012395, 11.004862741742304], [133.50493967150547, 10.995182776038716], [133.48490494512959, 10.98189781822605], [133.47401405288696, 10.977963382409918], [133.44308843426847, 10.961119304490936], [133.43080754778592, 10.953347127616066], [133.41216281565, 10.94594072366811], [133.38123719703148, 10.932329329503684], [133.36994741559184, 10.924796437006083], [133.350311578413, 10.910248996476758], [133.33629884747566, 10.896245746396099], [133.33127677662347, 10.867695055786115], [133.34597091778545, 10.839144365176132], [133.350311578413, 10.831763913251336], [133.35485358598953, 10.81059367456615], [133.37101494209145, 10.782042983956163], [133.38123719703148, 10.772404954753513], [133.3869413963161, 10.75349229334618], [133.39549856783555, 10.724941602736198], [133.41216281565, 10.702238526928603], [133.4151993298787, 10.696390912126214], [133.44308843426847, 10.675424911653558], [133.46209308905927, 10.66784022151623], [133.47401405288696, 10.65683472622717]]]}, "properties": {"fillColor": "#8A2BE2", "fillOpacity": 0.7, "color": "#000000", "weight": 0.2, "stroke": false}}, {"type": "Feature", "geometry": {"type": "Polygon", "coordinates": [[[133.52225338793343, 10.782042983956163], [133.50517579133222, 10.81059367456615], [133.50898606228117, 10.839144365176132], [133.52435220935723, 10.867695055786115], [133.53586529012395, 10.879897686960703], [133.5576414169855, 10.896245746396099], [133.56679090874243, 10.902039546610244], [133.59771652736094, 10.907991721142636], [133.6220792735815, 10.896245746396097], [133.62864214597943, 10.882102768567666], [133.6319102640754, 10.867695055786115], [133.62864214597943, 10.857728882104858], [133.62289771806866, 10.839144365176132], [133.60538273674848, 10.81059367456615], [133.59771652736094, 10.801691337173956], [133.57226836118076, 10.782042983956163], [133.56679090874243, 10.778224971045287], [133.53586529012395, 10.773816692433156], [133.52225338793343, 10.782042983956163]]]}, "properties": {"fillColor": "#8A2BE2", "fillOpacity": 0.7, "color": "#000000", "weight": 0.2, "stroke": false}}, {"type": "Feature", "geometry": {"type": "Polygon", "coordinates": [[[127.90740270155855, 10.717656739708465], [127.93832832017705, 10.711910207225023], [127.96925393879553, 10.711094224283308], [128.00017955741404, 10.714942848145434], [128.0152900170474, 10.724941602736198], [128.03110517603253, 10.725985451683115], [128.062030794651, 10.728572498428823], [128.09295641326952, 10.736514231920063], [128.11134675834796, 10.75349229334618], [128.123882031888, 10.769712651082141], [128.13723803707575, 10.782042983956163], [128.14799114541103, 10.81059367456615], [128.14978945290255, 10.839144365176132], [128.14816111522535, 10.867695055786115], [128.13712473957625, 10.8962457463961], [128.123882031888, 10.908471482434242], [128.10876529571368, 10.924796437006083], [128.09295641326952, 10.939391278814146], [128.062030794651, 10.949804021534861], [128.0357243991279, 10.953347127616066], [128.03110517603253, 10.957460182590529], [128.00017955741404, 10.971547948250036], [127.96925393879553, 10.976338839583747], [127.93832832017705, 10.9788524315578], [127.91570368767003, 10.98189781822605], [127.90740270155855, 10.989561331417175], [127.87647708294007, 11.005278237951295], [127.84555146432157, 11.010412539579619], [127.84530063493229, 11.010448508836035], [127.81462584570309, 11.029039540710384], [127.78370022708461, 11.032801689318273], [127.7527746084661, 11.033661620537398], [127.72184898984762, 11.033181925451217], [127.69092337122912, 11.031142994669956], [127.65999775261062, 11.025681494362466], [127.62939689208456, 11.010448508836035], [127.62907213399214, 11.01031649461351], [127.60049489220772, 10.98189781822605], [127.59814651537366, 10.966663025117096], [127.59325930631198, 10.953347127616066], [127.59518996912976, 10.924796437006083], [127.59814651537366, 10.918258224512535], [127.60066310538173, 10.896245746396099], [127.61064566547154, 10.867695055786115], [127.62907213399214, 10.848460435293491], [127.63377170024503, 10.839144365176132], [127.65999775261062, 10.811027872251199], [127.66033537391525, 10.81059367456615], [127.69092337122912, 10.783872225374651], [127.69417259294235, 10.782042983956163], [127.72184898984762, 10.759619107530453], [127.7527746084661, 10.753948320676114], [127.75494418425215, 10.75349229334618], [127.78370022708461, 10.733351898001711], [127.81462584570309, 10.728645116720315], [127.84555146432157, 10.727392065303638], [127.87647708294007, 10.72646774292098], [127.89859367282887, 10.724941602736198], [127.90740270155855, 10.717656739708465]]]}, "properties": {"fillColor": "#8A2BE2", "fillOpacity": 0.7, "color": "#000000", "weight": 0.2, "stroke": false}}, {"type": "Feature", "geometry": {"type": "Polygon", "coordinates": [[[127.92334953412761, 10.81059367456615], [127.90740270155854, 10.812075126308224], [127.87647708294007, 10.815902826773124], [127.84555146432156, 10.822293439975013], [127.81462584570309, 10.834519419248846], [127.80689619221943, 10.839144365176132], [127.78370022708461, 10.860185849483267], [127.77658251464757, 10.867695055786115], [127.77308994925109, 10.896245746396099], [127.78370022708461, 10.90634598939471], [127.81462584570309, 10.91491562034098], [127.84555146432157, 10.910823363037945], [127.87647708294007, 10.900785462832694], [127.88763040580866, 10.896245746396099], [127.90740270155857, 10.887658192430404], [127.93832832017705, 10.87818281963249], [127.96925393879553, 10.871754830202724], [127.98432458096475, 10.867695055786115], [128.00017955741404, 10.859686259278554], [128.0187168052155, 10.839144365176132], [128.00017955741404, 10.819037235532983], [127.97658365941294, 10.81059367456615], [127.96925393879553, 10.809223035202963], [127.93832832017705, 10.809400815730157], [127.92334953412761, 10.81059367456615]]]}, "properties": {"fillColor": "#8A2BE2", "fillOpacity": 0.7, "color": "#000000", "weight": 0.2, "stroke": false}}, {"type": "Feature", "geometry": {"type": "Polygon", "coordinates": [[[128.27851012498044, 10.821057970460503], [128.30943574359895, 10.812160138237951], [128.34036136221744, 10.81346883618573], [128.37128698083592, 10.836455508645042], [128.37402824487262, 10.839144365176132], [128.38686983933025, 10.867695055786115], [128.38865403869625, 10.896245746396099], [128.38627390843422, 10.924796437006083], [128.37780139082076, 10.953347127616066], [128.37128698083592, 10.960100629680575], [128.34705037897677, 10.981897818226049], [128.34036136221744, 10.987706278090068], [128.30943574359895, 10.997219938157635], [128.27851012498044, 11.002423287044081], [128.2528160218336, 11.010448508836035], [128.24758450636196, 11.013917121519757], [128.2400047714924, 11.010448508836035], [128.21665888774348, 10.998349073531845], [128.20138606540633, 10.98189781822605], [128.1966837013041, 10.953347127616066], [128.20584329434675, 10.924796437006083], [128.21556936723326, 10.896245746396099], [128.21665888774348, 10.89446654323918], [128.22711599054514, 10.867695055786115], [128.24758450636196, 10.846927243061351], [128.2567000345007, 10.839144365176132], [128.27851012498044, 10.821057970460503]]]}, "properties": {"fillColor": "#8A2BE2", "fillOpacity": 0.7, "color": "#000000", "weight": 0.2, "stroke": false}}, {"type": "Feature", "geometry": {"type": "Polygon", "coordinates": [[[127.16518785471479, 10.942453669653656], [127.19611347333324, 10.943277360338776], [127.2217784171437, 10.953347127616066], [127.22703909195175, 10.960016313799166], [127.23533243270117, 10.98189781822605], [127.23583448574817, 11.010448508836035], [127.2276490871996, 11.038999199446017], [127.22703909195175, 11.039562350204914], [127.19611347333326, 11.066944397289003], [127.1943973298607, 11.067549890056], [127.16518785471477, 11.074782632566597], [127.13426223609628, 11.073321407057053], [127.11869965215644, 11.067549890056], [127.1033366174778, 11.046826489280706], [127.10066722818105, 11.038999199446017], [127.10111798621928, 11.010448508836035], [127.10333661747781, 11.00322325056055], [127.10996922602408, 10.981897818226052], [127.13426223609628, 10.955941075827173], [127.13794862952521, 10.953347127616066], [127.16518785471479, 10.942453669653656]]]}, "properties": {"fillColor": "#8A2BE2", "fillOpacity": 0.7, "color": "#000000", "weight": 0.2, "stroke": false}}, {"type": "Feature", "geometry": {"type": "Polygon", "coordinates": [[[139.9993195813886, 11.033663183957653], [140.0302452000071, 11.033125927279613], [140.0368548197003, 11.038999199446017], [140.0304496346127, 11.067549890056], [140.0302452000071, 11.069563265245995], [140.02434703546908, 11.096100580665984], [140.0302452000071, 11.096814134833373], [140.06117081862558, 11.107480863974109], [140.08740892881667, 11.124651271275969], [140.09209643724407, 11.127349405569934], [140.11856594245353, 11.153201961885951], [140.12302205586258, 11.16381733160495], [140.1361191822591, 11.181752652495936], [140.1453920148997, 11.21030334310592], [140.14827510619634, 11.238854033715903], [140.1491727644422, 11.267404724325885], [140.15171535443267, 11.295955414935872], [140.15394767448106, 11.298325825927517], [140.18487329309954, 11.302451847969138], [140.21579891171803, 11.311551577916225], [140.23357403272655, 11.324506105545854], [140.24672453033654, 11.329457130016284], [140.27216613150765, 11.353056796155837], [140.27765014895502, 11.361558693249343], [140.29679634969983, 11.381607486765821], [140.30756977598597, 11.410158177375806], [140.3085757675735, 11.411679986540744], [140.339501386192, 11.423862286691227], [140.3704270048105, 11.428778840257985], [140.391144601914, 11.438708867985788], [140.40135262342898, 11.440357074384545], [140.43227824204746, 11.461564848436591], [140.4384466544663, 11.46725955859577], [140.45764422970646, 11.495810249205757], [140.46320386066597, 11.509041830439962], [140.47979725732324, 11.52436093981574], [140.48812677398433, 11.552911630425722], [140.49047444302573, 11.581462321035707], [140.49114016481803, 11.610013011645691], [140.49116039217031, 11.638563702255674], [140.49047123844306, 11.667114392865658], [140.48850745892, 11.695665083475642], [140.48166634975564, 11.724215774085625], [140.46320386066597, 11.745753227851527], [140.46075105567473, 11.752766464695608], [140.43510542246983, 11.781317155305594], [140.43227824204746, 11.783927222852945], [140.40135262342898, 11.80907888115907], [140.39998622913052, 11.809867845915576], [140.3704270048105, 11.83253264314323], [140.36226163793262, 11.838418536525559], [140.339501386192, 11.85943091832034], [140.33408870393504, 11.866969227135543], [140.3123767223236, 11.895519917745528], [140.3085757675735, 11.899028978774547], [140.28740332664103, 11.924070608355509], [140.27765014895502, 11.93307479229806], [140.24672453033654, 11.949879966276564], [140.23878562087526, 11.952621298965493], [140.21579891171803, 11.970781586883897], [140.18487329309954, 11.976860358339602], [140.15394767448106, 11.978954153103862], [140.12302205586258, 11.97889552856115], [140.09209643724407, 11.975748452070011], [140.06117081862558, 11.963958593447309], [140.04348554478355, 11.952621298965495], [140.0302452000071, 11.949722290142923], [139.9993195813886, 11.929759819915606], [139.99068802157552, 11.92407060835551], [139.9683939627701, 11.915006250058685], [139.94574371660937, 11.895519917745528], [139.93746834415163, 11.886883144277638], [139.92083354464688, 11.866969227135543], [139.9088163308858, 11.838418536525559], [139.90654272553311, 11.829638604527776], [139.89388712677123, 11.809867845915576], [139.88956384547708, 11.781317155305594], [139.88915882215204, 11.752766464695608], [139.89210202130806, 11.724215774085625], [139.90654272553311, 11.702610449164286], [139.90772470212124, 11.695665083475642], [139.9111259476443, 11.667114392865658], [139.9197084663927, 11.638563702255674], [139.93746834415163, 11.620821206721443], [139.9683939627701, 11.61196369483967], [139.9993195813886, 11.611086348835228], [140.00009853228036, 11.610013011645691], [139.9993195813886, 11.592050608075574], [139.996075562551, 11.581462321035705], [139.97304361537408, 11.552911630425722], [139.9683939627701, 11.543211714979572], [139.94797512627528, 11.52436093981574], [139.93746834415163, 11.517887667087264], [139.9086907991961, 11.495810249205757], [139.90654272553311, 11.494796211425943], [139.87561710691463, 11.488354411949453], [139.84469148829615, 11.477400336568563], [139.83340996343193, 11.467259558595773], [139.81772577053925, 11.438708867985788], [139.81376586967764, 11.430123623912458], [139.79673675033894, 11.410158177375806], [139.79011787408805, 11.381607486765821], [139.78682179623823, 11.353056796155837], [139.7849704667118, 11.324506105545854], [139.78284025105916, 11.30289839081479], [139.77931402301772, 11.295955414935872], [139.76780597377552, 11.267404724325885], [139.77277457562553, 11.238854033715903], [139.78284025105916, 11.223148429420617], [139.7887724576506, 11.21030334310592], [139.81376586967764, 11.18424228922349], [139.83805656211186, 11.181752652495934], [139.84469148829615, 11.180678662280295], [139.87561710691463, 11.174231788974758], [139.90654272553311, 11.162131140581668], [139.92229889641982, 11.153201961885951], [139.93746834415163, 11.139197449502314], [139.95896316789376, 11.124651271275969], [139.9683939627701, 11.115011210546193], [139.99086388822008, 11.096100580665984], [139.98233313824514, 11.067549890056], [139.98669551198287, 11.038999199446017], [139.9993195813886, 11.033663183957653]]]}, "properties": {"fillColor": "#8A2BE2", "fillOpacity": 0.7, "color": "#000000", "weight": 0.2, "stroke": false}}, {"type": "Feature", "geometry": {"type": "Polygon", "coordinates": [[[139.99622019992344, 11.295955414935872], [139.97639778442166, 11.324506105545854], [139.9875663849757, 11.353056796155837], [139.9993195813886, 11.366579586778862], [140.01307212708218, 11.353056796155837], [140.01398165230273, 11.324506105545854], [140.00170336236326, 11.295955414935872], [139.9993195813886, 11.293926595480183], [139.99622019992344, 11.295955414935872]]]}, "properties": {"fillColor": "#8A2BE2", "fillOpacity": 0.7, "color": "#000000", "weight": 0.2, "stroke": false}}, {"type": "Feature", "geometry": {"type": "Polygon", "coordinates": [[[140.03109085256435, 11.410158177375806], [140.03253776500114, 11.438708867985788], [140.0362536894246, 11.46725955859577], [140.04178112114985, 11.495810249205757], [140.05058138560292, 11.52436093981574], [140.06117081862558, 11.54496656685141], [140.06375753618983, 11.552911630425722], [140.0782825115329, 11.581462321035707], [140.09209643724407, 11.598294589899812], [140.10340160808383, 11.610013011645691], [140.12302205586258, 11.627082882949777], [140.14896718212842, 11.638563702255674], [140.15394767448106, 11.6415503985889], [140.18487329309954, 11.653249322155656], [140.21579891171803, 11.665799588656359], [140.21754481700265, 11.66711439286566], [140.22950438145944, 11.695665083475642], [140.22624938784145, 11.724215774085625], [140.21579891171803, 11.739854357023402], [140.1958383557906, 11.752766464695608], [140.18487329309954, 11.757657328418961], [140.15394767448106, 11.76016345570599], [140.12302205586258, 11.755633472867702], [140.09543990413732, 11.752766464695608], [140.09209643724407, 11.752438230830585], [140.09084995301075, 11.752766464695608], [140.06117081862558, 11.778757897886088], [140.06016131118167, 11.781317155305594], [140.06117081862558, 11.784190405857439], [140.07143980846263, 11.809867845915576], [140.09209643724407, 11.831215486233761], [140.10213393682528, 11.838418536525559], [140.12302205586258, 11.849717059399154], [140.15394767448106, 11.857985710507393], [140.18487329309954, 11.854204317009152], [140.2119621806266, 11.838418536525559], [140.21579891171803, 11.83586411394493], [140.24331126303136, 11.809867845915576], [140.24672453033654, 11.806190161880119], [140.2719725040194, 11.781317155305594], [140.27765014895502, 11.777252342609724], [140.3085757675735, 11.757323822667296], [140.31476622230736, 11.752766464695608], [140.339501386192, 11.736555292606042], [140.3532570956972, 11.724215774085625], [140.3704270048105, 11.700701810787741], [140.37397287201114, 11.695665083475642], [140.38545515923656, 11.667114392865658], [140.38964494334948, 11.638563702255674], [140.38814885847458, 11.610013011645691], [140.37840159764698, 11.581462321035707], [140.3704270048105, 11.570433971152266], [140.35142965051222, 11.552911630425722], [140.339501386192, 11.545161963255023], [140.3085757675735, 11.529482202334332], [140.3023158158119, 11.52436093981574], [140.27765014895502, 11.504111910207474], [140.27174033088184, 11.495810249205757], [140.24770709413312, 11.467259558595773], [140.24672453033656, 11.466137345683217], [140.22636947153848, 11.438708867985788], [140.21579891171803, 11.42778196253321], [140.1918031164139, 11.410158177375806], [140.18487329309954, 11.405174798194682], [140.15394767448106, 11.393104503193392], [140.12302205586258, 11.390196624479026], [140.09209643724407, 11.391131564242212], [140.06117081862558, 11.392798545447278], [140.03109085256435, 11.410158177375806]]]}, "properties": {"fillColor": "#8A2BE2", "fillOpacity": 0.7, "color": "#000000", "weight": 0.2, "stroke": false}}, {"type": "Feature", "geometry": {"type": "Polygon", "coordinates": [[[141.23634432612823, 11.090363093771519], [141.26726994474674, 11.080756819806043], [141.29819556336525, 11.08302762289852], [141.31617845534723, 11.096100580665984], [141.3291211819837, 11.110056921944512], [141.34269431093497, 11.124651271275969], [141.3451054699717, 11.153201961885951], [141.3291211819837, 11.173580823397076], [141.32202372976255, 11.181752652495936], [141.29819556336523, 11.198465180203117], [141.26726994474674, 11.201439832108163], [141.23634432612823, 11.183935571983962], [141.23395331741725, 11.181752652495938], [141.21249329533865, 11.153201961885951], [141.2120597014719, 11.124651271275969], [141.2286513562788, 11.096100580665984], [141.23634432612823, 11.090363093771519]]]}, "properties": {"fillColor": "#8A2BE2", "fillOpacity": 0.7, "color": "#000000", "weight": 0.2, "stroke": false}}, {"type": "Feature", "geometry": {"type": "Polygon", "coordinates": [[[126.73222919405589, 11.11325800578185], [126.7631548126744, 11.115118768509298], [126.76996665344303, 11.124651271275969], [126.7631548126744, 11.136250744963682], [126.73222919405589, 11.142342791366364], [126.72208315130501, 11.124651271275969], [126.73222919405589, 11.11325800578185]]]}, "properties": {"fillColor": "#8A2BE2", "fillOpacity": 0.7, "color": "#000000", "weight": 0.2, "stroke": false}}, {"type": "Feature", "geometry": {"type": "Polygon", "coordinates": [[[132.3297661640028, 11.314148074120174], [132.36069178262127, 11.301415678713711], [132.39161740123978, 11.312930801132229], [132.42254301985827, 11.324154662741822], [132.42292369667874, 11.324506105545854], [132.45180572328582, 11.353056796155837], [132.45346863847675, 11.358104713627576], [132.4615282009747, 11.381607486765821], [132.45346863847675, 11.39120280034801], [132.42254301985827, 11.400504090870472], [132.39161740123978, 11.395630224441238], [132.37387122225599, 11.381607486765821], [132.36069178262127, 11.37212390027097], [132.34100215724254, 11.353056796155837], [132.3297661640028, 11.332731447616634], [132.32375613138845, 11.324506105545854], [132.3297661640028, 11.314148074120174]]]}, "properties": {"fillColor": "#8A2BE2", "fillOpacity": 0.7, "color": "#000000", "weight": 0.2, "stroke": false}}, {"type": "Feature", "geometry": {"type": "Polygon", "coordinates": [[[136.62842715197306, 11.311764557487047], [136.65935277059157, 11.308425951533916], [136.69027838921005, 11.312439238658474], [136.72120400782853, 11.313714985919491], [136.75212962644702, 11.313051555303709], [136.78305524506553, 11.31469312169793], [136.813980863684, 11.321132482349764], [136.8214190707042, 11.324506105545854], [136.8449064823025, 11.326526901375795], [136.875832100921, 11.33157229463089], [136.90675771953948, 11.33775805356909], [136.9307494110142, 11.353056796155837], [136.93768333815797, 11.353959739374964], [136.96860895677648, 11.35803195621586], [136.99953457539496, 11.364672616298076], [137.02137804741, 11.381607486765821], [137.03046019401344, 11.3834591641238], [137.06138581263195, 11.390388829266614], [137.08366182979665, 11.410158177375806], [137.09231143125044, 11.413251781337994], [137.12323704986892, 11.4232531661501], [137.1399784011371, 11.438708867985788], [137.1541626684874, 11.444047103085332], [137.1850882871059, 11.449354339396855], [137.2160139057244, 11.463463125147033], [137.22012613735305, 11.467259558595773], [137.2469395243429, 11.482829510472069], [137.26125927551044, 11.495810249205757], [137.2778651429614, 11.50824279168614], [137.30822100870438, 11.52436093981574], [137.30879076157987, 11.524388363629077], [137.33971638019835, 11.52527531232707], [137.37064199881684, 11.526869908076176], [137.40156761743535, 11.529229644738827], [137.43249323605383, 11.534641110904873], [137.45389134415544, 11.552911630425722], [137.4634188546723, 11.56137904593229], [137.48137381814297, 11.581462321035707], [137.49268041785487, 11.610013011645691], [137.49434447329082, 11.615103540669015], [137.51257991090364, 11.638563702255674], [137.5162302373915, 11.66711439286566], [137.51558870521228, 11.695665083475642], [137.51055542611485, 11.724215774085625], [137.49434447329082, 11.748345730851906], [137.49356654399895, 11.752766464695608], [137.48137994525712, 11.781317155305594], [137.4634188546723, 11.798260256359926], [137.43249323605383, 11.809822362919231], [137.4322395344906, 11.809867845915576], [137.40156761743535, 11.82776419676119], [137.37064199881684, 11.833395126892153], [137.33971638019835, 11.835282618673894], [137.30879076157987, 11.835833958162935], [137.2778651429614, 11.835584891006475], [137.24693952434288, 11.834122073131855], [137.2160139057244, 11.828509270422417], [137.18704581166864, 11.809867845915576], [137.1850882871059, 11.809806364708573], [137.1541626684874, 11.80912916694917], [137.12323704986892, 11.808581541957649], [137.09231143125044, 11.806835566036073], [137.06138581263195, 11.796425339853386], [137.04502088613242, 11.781317155305594], [137.03046019401344, 11.77239911180509], [137.00919444723087, 11.752766464695608], [136.99953457539496, 11.747658066690594], [136.97094636648274, 11.724215774085625], [136.96860895677648, 11.722256463394617], [136.94025252360004, 11.695665083475642], [136.93768333815797, 11.69375087762814], [136.90675771953948, 11.673780338411229], [136.89803838620261, 11.667114392865658], [136.875832100921, 11.663509932360768], [136.84490648230252, 11.647996832731152], [136.83211199523316, 11.638563702255674], [136.813980863684, 11.634174553553828], [136.78305524506553, 11.611930395537032], [136.7804064008919, 11.610013011645691], [136.75212962644702, 11.601298152942139], [136.72359712137808, 11.581462321035707], [136.72120400782853, 11.580431911501568], [136.69027838921005, 11.569923321036317], [136.66106806362797, 11.552911630425722], [136.65935277059157, 11.552179023072084], [136.62842715197306, 11.543891314461396], [136.60213565124718, 11.52436093981574], [136.59750153335457, 11.520488764478307], [136.57066932785213, 11.495810249205757], [136.5665759147361, 11.4912691752553], [136.54361365883477, 11.467259558595774], [136.53565029611758, 11.455074277715248], [136.52685329483094, 11.438708867985788], [136.52348055536106, 11.410158177375806], [136.524770005469, 11.381607486765821], [136.53565029611758, 11.366853915042658], [136.54778227123035, 11.353056796155837], [136.5665759147361, 11.33718602045035], [136.59750153335457, 11.327101126259812], [136.6042227085399, 11.324506105545854], [136.62842715197306, 11.311764557487047]]]}, "properties": {"fillColor": "#8A2BE2", "fillOpacity": 0.7, "color": "#000000", "weight": 0.2, "stroke": false}}, {"type": "Feature", "geometry": {"type": "Polygon", "coordinates": [[[136.8458306995442, 11.467259558595774], [136.8449064823025, 11.469268587563917], [136.83581241161946, 11.495810249205757], [136.8449064823025, 11.519540628372654], [136.8461209203272, 11.52436093981574], [136.8661017376114, 11.552911630425722], [136.875832100921, 11.561569021080297], [136.89971804786356, 11.581462321035707], [136.90675771953948, 11.586387774874584], [136.93768333815797, 11.60448862273586], [136.9495466043633, 11.610013011645691], [136.96860895677648, 11.620950959853637], [136.99953457539496, 11.636270733135134], [137.00354446320125, 11.638563702255674], [137.03046019401344, 11.660807084196671], [137.03639380313575, 11.667114392865656], [137.05800717964394, 11.695665083475642], [137.06138581263195, 11.699333205377986], [137.08415950819256, 11.724215774085625], [137.09231143125044, 11.730383089744834], [137.12323704986892, 11.74606420929177], [137.15033616132274, 11.752766464695608], [137.1541626684874, 11.754375530667748], [137.1850882871059, 11.764215342864954], [137.2160139057244, 11.769691441084284], [137.24693952434288, 11.772538588043073], [137.2778651429614, 11.772731483291517], [137.30879076157987, 11.770073445367785], [137.33971638019835, 11.762573570044577], [137.3594745678056, 11.752766464695608], [137.37064199881684, 11.746490530456638], [137.39435846467342, 11.724215774085625], [137.40156761743535, 11.700638401334762], [137.40359071802237, 11.695665083475642], [137.40156761743535, 11.684297685627442], [137.39980777471908, 11.66711439286566], [137.38474957729807, 11.638563702255674], [137.37064199881684, 11.62562927259231], [137.3481650161423, 11.610013011645691], [137.33971638019835, 11.603990453446956], [137.30879076157987, 11.588548142846113], [137.27787297276055, 11.581462321035707], [137.2778651429614, 11.581459494176421], [137.24693952434288, 11.574161422160572], [137.2160139057244, 11.572912930683259], [137.1850882871059, 11.575142851768646], [137.1541626684874, 11.569928074689114], [137.12755669756044, 11.552911630425722], [137.12323704986892, 11.54885191655671], [137.0997987688459, 11.52436093981574], [137.09231143125044, 11.517654819325944], [137.06416415844143, 11.495810249205757], [137.06138581263195, 11.49375323868692], [137.03046019401344, 11.474726630429021], [137.01054201757432, 11.467259558595773], [136.99953457539496, 11.461692731412903], [136.96860895677648, 11.4515459947748], [136.93768333815797, 11.446615101961086], [136.90675771953948, 11.445688443004542], [136.875832100921, 11.450443541184253], [136.8458306995442, 11.467259558595774]]]}, "properties": {"fillColor": "#8A2BE2", "fillOpacity": 0.7, "color": "#000000", "weight": 0.2, "stroke": false}}, {"type": "Feature", "geometry": {"type": "Polygon", "coordinates": [[[148.44201346423668, 11.322563573136721], [148.4729390828552, 11.313364125388173], [148.50386470147367, 11.31342556092775], [148.53138969535252, 11.324506105545854], [148.53479032009216, 11.324795343279982], [148.56571593871064, 11.328153789800975], [148.59114982800983, 11.353056796155837], [148.59474646702265, 11.381607486765821], [148.59559269782076, 11.410158177375806], [148.59573854766668, 11.438708867985788], [148.59528821999328, 11.467259558595773], [148.5930786433624, 11.495810249205757], [148.59664155732915, 11.515308246023997], [148.6064472800522, 11.52436093981574], [148.59664155732915, 11.53341363360748], [148.56571593871064, 11.542779848225905], [148.53479032009216, 11.5526842606038], [148.52939171696238, 11.552911630425722], [148.50386470147367, 11.555890778343503], [148.49778266859082, 11.552911630425722], [148.4729390828552, 11.550117819853385], [148.44201346423668, 11.547339389230645], [148.4110878456182, 11.536060318751867], [148.39757345400912, 11.52436093981574], [148.3801622269997, 11.502852908915486], [148.3737214507067, 11.495810249205757], [148.36064526835497, 11.467259558595773], [148.35754966281058, 11.438708867985788], [148.3585931741771, 11.410158177375806], [148.36643004980942, 11.381607486765821], [148.3801622269997, 11.364408661720232], [148.38723357862787, 11.353056796155837], [148.4110878456182, 11.334782366790776], [148.43990934643233, 11.324506105545856], [148.44201346423668, 11.322563573136721]]]}, "properties": {"fillColor": "#8A2BE2", "fillOpacity": 0.7, "color": "#000000", "weight": 0.2, "stroke": false}}, {"type": "Feature", "geometry": {"type": "Polygon", "coordinates": [[[142.62799716396034, 11.330077299460404], [142.65892278257883, 11.328329286091506], [142.68984840119737, 11.340815535344882], [142.70286070853226, 11.353056796155837], [142.72077401981582, 11.373454263719678], [142.7295615689551, 11.38160748676582], [142.73883174644368, 11.410158177375806], [142.73413600599613, 11.438708867985788], [142.72077401981582, 11.453891898602398], [142.68984840119734, 11.466234662241868], [142.66206768137852, 11.467259558595773], [142.65892278257883, 11.467577710532051], [142.65834121600273, 11.467259558595773], [142.62799716396034, 11.458134695253461], [142.60641665969217, 11.438708867985788], [142.59707154534186, 11.419296127858882], [142.5907848934785, 11.410158177375806], [142.5867211586206, 11.381607486765821], [142.59707154534186, 11.353294202734315], [142.5971522059321, 11.353056796155837], [142.62799716396034, 11.330077299460404]]]}, "properties": {"fillColor": "#8A2BE2", "fillOpacity": 0.7, "color": "#000000", "weight": 0.2, "stroke": false}}, {"type": "Feature", "geometry": {"type": "Polygon", "coordinates": [[[143.15373268047466, 11.33991967251356], [143.1846582990932, 11.34930824045545], [143.19396324772606, 11.353056796155837], [143.21558391771168, 11.36153824202526], [143.24278458018335, 11.381607486765821], [143.24650953633017, 11.388527053599498], [143.25528626954664, 11.410158177375806], [143.24650953633017, 11.424339064779462], [143.23472812623982, 11.438708867985788], [143.21558391771168, 11.451012600353497], [143.1846582990932, 11.454785908263252], [143.1537326804747, 11.44307494893017], [143.14106531399688, 11.438708867985788], [143.1228070618562, 11.431840048824325], [143.1081190958216, 11.410158177375806], [143.10687218488735, 11.381607486765821], [143.1228070618562, 11.357387593614076], [143.1296543916367, 11.353056796155837], [143.15373268047466, 11.33991967251356]]]}, "properties": {"fillColor": "#8A2BE2", "fillOpacity": 0.7, "color": "#000000", "weight": 0.2, "stroke": false}}, {"type": "Feature", "geometry": {"type": "Polygon", "coordinates": [[[131.74217941025145, 11.366129629191215], [131.77310502886996, 11.36323542328347], [131.80403064748845, 11.364793614915602], [131.83495626610693, 11.36924979678337], [131.8658818847254, 11.368169982406116], [131.89680750334392, 11.364273020734176], [131.9277331219624, 11.363194287085001], [131.9586587405809, 11.363216014296848], [131.9895843591994, 11.362376338753894], [132.02050997781788, 11.356369538089696], [132.05143559643636, 11.354173601258044], [132.08236121505487, 11.354960391089856], [132.11328683367336, 11.361392115416107], [132.14421245229184, 11.36746997375112], [132.1675787410447, 11.381607486765823], [132.17513807091035, 11.382437372614547], [132.20606368952883, 11.384067831819754], [132.23698930814732, 11.384149990892077], [132.2679149267658, 11.384716500130576], [132.2988405453843, 11.38632588432007], [132.3297661640028, 11.39072081961361], [132.36069178262127, 11.400583888774213], [132.3689058729603, 11.410158177375806], [132.39161740123978, 11.415334876457791], [132.42254301985827, 11.436545356376033], [132.42392953410453, 11.438708867985788], [132.45346863847675, 11.455589417564923], [132.4661095351778, 11.467259558595773], [132.48439425709526, 11.486948080811057], [132.49399360597445, 11.495810249205757], [132.51258495587842, 11.52436093981574], [132.51531987571374, 11.536198414451079], [132.52789927010377, 11.552911630425722], [132.53698660876918, 11.581462321035705], [132.53949244867223, 11.610013011645691], [132.53940760176062, 11.638563702255674], [132.53660694794223, 11.667114392865658], [132.52668312383904, 11.695665083475642], [132.51531987571374, 11.710759093723627], [132.50358980697996, 11.724215774085625], [132.48439425709526, 11.737312360993233], [132.45346863847675, 11.744559121761071], [132.42254301985827, 11.745812417059033], [132.39161740123978, 11.743499993377645], [132.36069178262127, 11.730459377072876], [132.35392881890084, 11.724215774085625], [132.3297661640028, 11.718568033237185], [132.304958081451, 11.695665083475642], [132.2988405453843, 11.692763980115213], [132.2710573521916, 11.667114392865658], [132.2679149267658, 11.666242190274563], [132.23698930814732, 11.666531551325418], [132.23128444556275, 11.667114392865658], [132.2310354072243, 11.695665083475642], [132.23698930814732, 11.704491526373419], [132.25688339276786, 11.724215774085625], [132.2658169960962, 11.752766464695608], [132.2679149267658, 11.776837087688044], [132.27054671628485, 11.781317155305594], [132.28391459314332, 11.809867845915576], [132.28872121721298, 11.838418536525559], [132.29074094100594, 11.866969227135543], [132.2971803002451, 11.895519917745528], [132.2988405453843, 11.901848864027063], [132.3160025275392, 11.92407060835551], [132.32450534508143, 11.952621298965495], [132.32566746064276, 11.98117198957548], [132.32195163135896, 12.009722680185462], [132.2988405453843, 12.036672181966932], [132.29536198287707, 12.038273370795444], [132.2679149267658, 12.052012704009673], [132.23698930814732, 12.054717618383606], [132.20606368952883, 12.04984545043381], [132.1895450109338, 12.038273370795444], [132.17513807091035, 12.033927275053017], [132.14421245229184, 12.01232968527726], [132.1411853685987, 12.00972268018546], [132.1164645589999, 11.98117198957548], [132.11328683367336, 11.976589606162356], [132.09024578266298, 11.952621298965497], [132.08236121505487, 11.936180489149063], [132.06953954392964, 11.92407060835551], [132.0521669992053, 11.895519917745528], [132.05143559643636, 11.894788351229305], [132.0212234989446, 11.866969227135543], [132.02050997781788, 11.866220605463273], [131.99339174321415, 11.838418536525559], [131.9895843591994, 11.82633947043663], [131.97174257789456, 11.809867845915576], [131.96193357481846, 11.781317155305594], [131.9586587405809, 11.774797623804814], [131.93246878851392, 11.752766464695608], [131.9277331219624, 11.75200013095973], [131.89680750334392, 11.751302723294685], [131.8658818847254, 11.751215668831389], [131.83495626610693, 11.751125369915535], [131.80403064748845, 11.750855116517652], [131.77310502886996, 11.75006446850427], [131.74217941025145, 11.747789604281412], [131.71125379163294, 11.737411861319373], [131.69696001616455, 11.724215774085625], [131.6803281730145, 11.718404097121146], [131.64940255439598, 11.695848009094082], [131.649204412502, 11.695665083475642], [131.61981178331015, 11.667114392865658], [131.6184769357775, 11.660473458776046], [131.6071156746897, 11.638563702255674], [131.60661985448502, 11.610013011645691], [131.60193986259674, 11.581462321035707], [131.602294591407, 11.552911630425722], [131.6025191187066, 11.52436093981574], [131.61763554391536, 11.495810249205757], [131.6184769357775, 11.493730141799587], [131.62216669904663, 11.467259558595773], [131.6393302701054, 11.438708867985788], [131.64940255439598, 11.425612378875574], [131.66057876211016, 11.410158177375806], [131.6803281730145, 11.395831820459692], [131.71125379163297, 11.381766520783533], [131.7118334259031, 11.381607486765821], [131.74217941025145, 11.366129629191215]]]}, "properties": {"fillColor": "#8A2BE2", "fillOpacity": 0.7, "color": "#000000", "weight": 0.2, "stroke": false}}, {"type": "Feature", "geometry": {"type": "Polygon", "coordinates": [[[132.14695911341676, 11.495810249205757], [132.14421245229184, 11.498023200281148], [132.11328683367336, 11.52018542960746], [132.10317533458237, 11.52436093981574], [132.08236121505487, 11.531166037477735], [132.05143559643636, 11.529421695906203], [132.02050997781788, 11.52485817686455], [132.01778727046832, 11.52436093981574], [131.9895843591994, 11.517545349046458], [131.9586587405809, 11.511389584873177], [131.9277331219624, 11.507621844049693], [131.89680750334392, 11.507595238483393], [131.8658818847254, 11.512898877061716], [131.8362539468882, 11.52436093981574], [131.83495626610693, 11.524888861699509], [131.80403064748845, 11.544687793295935], [131.79567203268687, 11.552911630425722], [131.7792063569616, 11.581462321035707], [131.77775683908266, 11.610013011645691], [131.79626476053022, 11.638563702255674], [131.80403064748845, 11.644064698088668], [131.83495626610693, 11.658466588280085], [131.8658818847254, 11.665697164777443], [131.87492369058637, 11.667114392865658], [131.89680750334392, 11.671086513450264], [131.9277331219624, 11.675583633398723], [131.9586587405809, 11.679440640623339], [131.9895843591994, 11.68309829131153], [132.02050997781788, 11.686948236257324], [132.05143559643636, 11.68909642440026], [132.06078671802413, 11.667114392865658], [132.08236121505487, 11.641124033964944], [132.08398966306203, 11.638563702255674], [132.11148566215147, 11.610013011645691], [132.11328683367336, 11.607232809983234], [132.14421245229184, 11.587322969636183], [132.17513807091035, 11.58348515737102], [132.20606368952883, 11.586247663122544], [132.23698930814732, 11.592424067346839], [132.2679149267658, 11.603314266110164], [132.28000793978617, 11.610013011645691], [132.2988405453843, 11.621254007154374], [132.3297661640028, 11.628565238347758], [132.36069178262127, 11.634441200122081], [132.39161740123978, 11.63212477747845], [132.41607106693328, 11.610013011645691], [132.41932657200053, 11.581462321035708], [132.40967381961306, 11.552911630425722], [132.39161740123978, 11.53099394646544], [132.38586537960842, 11.52436093981574], [132.36069178262127, 11.504227101431251], [132.34511071525327, 11.495810249205757], [132.3297661640028, 11.48717912415286], [132.2988405453843, 11.47685074009094], [132.2679149267658, 11.471829430370923], [132.23698930814732, 11.470732790008025], [132.20606368952883, 11.473910370375787], [132.17513807091035, 11.482268973797764], [132.14695911341676, 11.495810249205757]]]}, "properties": {"fillColor": "#8A2BE2", "fillOpacity": 0.7, "color": "#000000", "weight": 0.2, "stroke": false}}, {"type": "Feature", "geometry": {"type": "Polygon", "coordinates": [[[132.04991090990325, 11.724215774085625], [132.0509238087479, 11.752766464695608], [132.05143559643636, 11.754041564060387], [132.06005676876475, 11.781317155305594], [132.0823612150549, 11.809018466195381], [132.08352247085642, 11.809867845915576], [132.11328683367336, 11.828698426265193], [132.14421245229184, 11.832833015188724], [132.17466705647047, 11.809867845915576], [132.17513807091035, 11.805477630663342], [132.1768646941701, 11.781317155305594], [132.17513807091035, 11.7770822081318], [132.16648220877806, 11.752766464695608], [132.14421245229184, 11.72990248418332], [132.13483887960712, 11.724215774085625], [132.11328683367336, 11.710651569509068], [132.08236121505487, 11.700865582971772], [132.05143559643636, 11.712879539102492], [132.04991090990325, 11.724215774085625]]]}, "properties": {"fillColor": "#8A2BE2", "fillOpacity": 0.7, "color": "#000000", "weight": 0.2, "stroke": false}}, {"type": "Feature", "geometry": {"type": "Polygon", "coordinates": [[[130.69070837722276, 11.403115949845208], [130.72163399584124, 11.397421287143505], [130.75255961445976, 11.39574070514993], [130.78348523307824, 11.395768258204363], [130.81441085169672, 11.396456090771895], [130.8453364703152, 11.397647767555954], [130.87626208893371, 11.400171500742587], [130.9071877075522, 11.40708870643039], [130.91058677504637, 11.410158177375806], [130.93811332617068, 11.419577499244157], [130.9690389447892, 11.43174360463512], [130.97674821268637, 11.438708867985788], [130.99996456340767, 11.462674519387038], [131.004812721967, 11.467259558595773], [131.01685665816066, 11.495810249205757], [131.02735955799668, 11.52436093981574], [131.027702111015, 11.552911630425722], [131.0233711256012, 11.581462321035707], [131.00813996356248, 11.610013011645691], [130.99996456340767, 11.624050750382132], [130.99086194609725, 11.638563702255674], [130.9690389447892, 11.65782218878851], [130.94503698310888, 11.667114392865658], [130.93811332617068, 11.670263428931529], [130.9071877075522, 11.67747337057694], [130.87626208893371, 11.680814424100316], [130.8453364703152, 11.681823051235547], [130.81441085169672, 11.680790983393003], [130.78348523307824, 11.677063186923924], [130.75255961445976, 11.669055008272993], [130.7493248412916, 11.667114392865656], [130.72163399584124, 11.657212641324985], [130.69070837722276, 11.643899511285419], [130.68358223393392, 11.638563702255674], [130.65978275860428, 11.622250578076319], [130.64736622531086, 11.610013011645691], [130.62885713998577, 11.585825488128059], [130.62471052252536, 11.581462321035707], [130.6155481802885, 11.552911630425722], [130.6157769878131, 11.52436093981574], [130.61966866073647, 11.495810249205757], [130.62885713998577, 11.4846425606521], [130.63814451912023, 11.467259558595774], [130.64810332413077, 11.438708867985788], [130.65978275860428, 11.426153738276469], [130.68144800981986, 11.410158177375806], [130.69070837722276, 11.403115949845208]]]}, "properties": {"fillColor": "#8A2BE2", "fillOpacity": 0.7, "color": "#000000", "weight": 0.2, "stroke": false}}, {"type": "Feature", "geometry": {"type": "Polygon", "coordinates": [[[148.19460851528876, 11.486917071063873], [148.22553413390725, 11.479355669980986], [148.25645975252576, 11.491259210542143], [148.26609091034356, 11.495810249205757], [148.28738537114424, 11.500818757185003], [148.31436156582205, 11.52436093981574], [148.31831098976272, 11.530987527483322], [148.33341456222703, 11.552911630425722], [148.337385843469, 11.581462321035707], [148.331747307871, 11.610013011645691], [148.31974103599185, 11.638563702255674], [148.31831098976272, 11.642220357505373], [148.31601608429173, 11.667114392865658], [148.3090670267772, 11.695665083475642], [148.29709162410737, 11.724215774085625], [148.28738537114424, 11.73605193492299], [148.28149592037795, 11.752766464695608], [148.27115953723967, 11.781317155305594], [148.25645975252573, 11.80047198445139], [148.25286657193612, 11.809867845915576], [148.24875028192173, 11.838418536525559], [148.24743568707004, 11.866969227135545], [148.2396294467042, 11.895519917745528], [148.22993050372114, 11.92407060835551], [148.22553413390725, 11.929780031460712], [148.21705371142042, 11.952621298965495], [148.19460851528876, 11.977430574956056], [148.1910809871661, 11.98117198957548], [148.16368289667025, 12.006686388594932], [148.1485800652129, 12.009722680185462], [148.13275727805177, 12.015546384383475], [148.1018316594333, 12.013004241412027], [148.0941409754097, 12.009722680185462], [148.0709060408148, 12.003340242373827], [148.04095713617724, 11.98117198957548], [148.0399804221963, 11.979994584727853], [148.0242648587855, 11.952621298965495], [148.02093790962323, 11.92407060835551], [148.02054705837793, 11.895519917745528], [148.01945340168342, 11.866969227135543], [148.0161871089875, 11.838418536525559], [148.01196799728183, 11.809867845915576], [148.0090548035778, 11.801245131467269], [147.99394220203655, 11.781317155305594], [147.9947012642141, 11.752766464695608], [148.0090548035778, 11.725341612429798], [148.00931504203112, 11.724215774085625], [148.01472458414955, 11.695665083475642], [148.03154143658696, 11.66711439286566], [148.0399804221963, 11.659323477826348], [148.05020773150721, 11.638563702255674], [148.06828987481367, 11.610013011645691], [148.07090604081478, 11.607349084621278], [148.08427924194527, 11.581462321035707], [148.1018316594333, 11.562338852974667], [148.1088673770902, 11.552911630425722], [148.13275727805177, 11.528668429967764], [148.13752545462506, 11.52436093981574], [148.16368289667025, 11.504678395758308], [148.1847750109704, 11.495810249205757], [148.19460851528876, 11.486917071063873]]]}, "properties": {"fillColor": "#8A2BE2", "fillOpacity": 0.7, "color": "#000000", "weight": 0.2, "stroke": false}}, {"type": "Feature", "geometry": {"type": "Polygon", "coordinates": [[[135.05122060243002, 11.65307423449033], [135.0821462210485, 11.654240983491228], [135.1065367152611, 11.667114392865658], [135.113071839667, 11.668175421403049], [135.14399745828547, 11.695087807426605], [135.14462275380544, 11.695665083475642], [135.1651938869217, 11.724215774085625], [135.1690177134864, 11.752766464695608], [135.16895402057781, 11.781317155305594], [135.16464639676073, 11.809867845915576], [135.1439974582855, 11.830060203743988], [135.1401357714595, 11.838418536525559], [135.113071839667, 11.863679841365778], [135.1012554921081, 11.866969227135543], [135.0821462210485, 11.882919971189363], [135.05122060243002, 11.88926620299272], [135.02029498381154, 11.889976594846482], [134.98936936519303, 11.885016098952487], [134.9657605652265, 11.866969227135542], [134.95844374657455, 11.864200598091214], [134.92751812795603, 11.854013799000214], [134.90066966134964, 11.866969227135543], [134.89659250933755, 11.870264832488663], [134.86566689071907, 11.880038625975487], [134.8347412721006, 11.879964324092807], [134.80381565348208, 11.875997025245304], [134.79248161534005, 11.866969227135543], [134.7728900348636, 11.855207643563052], [134.7419644162451, 11.841833920415816], [134.73823311647402, 11.838418536525559], [134.71563141940948, 11.809867845915576], [134.7110387976266, 11.786716711841834], [134.70998782863617, 11.781317155305594], [134.7110387976266, 11.769636193384278], [134.7126691184924, 11.752766464695608], [134.7419644162451, 11.725247417611994], [134.74332708320446, 11.724215774085625], [134.7728900348636, 11.704487660283801], [134.80381565348208, 11.699582759154108], [134.8347412721006, 11.697773942245506], [134.86566689071907, 11.697948442243375], [134.89659250933755, 11.706558721705768], [134.91637277568287, 11.724215774085625], [134.92751812795603, 11.73414082135103], [134.93063077638215, 11.724215774085625], [134.9583743299798, 11.695665083475642], [134.95844374657455, 11.69560099771735], [134.98936936519303, 11.671580243436338], [135.02029498381154, 11.667124578614628], [135.0204789723426, 11.667114392865658], [135.05122060243002, 11.65307423449033]]]}, "properties": {"fillColor": "#8A2BE2", "fillOpacity": 0.7, "color": "#000000", "weight": 0.2, "stroke": false}}, {"type": "Feature", "geometry": {"type": "Polygon", "coordinates": [[[132.45346863847675, 11.893210212584332], [132.4600572363211, 11.895519917745528], [132.48439425709526, 11.895774354842672], [132.51531987571374, 11.896014986145232], [132.54624549433223, 11.896073247463912], [132.57717111295074, 11.896401579343074], [132.60809673156922, 11.897128766538987], [132.6390223501877, 11.899446266122386], [132.66994796880618, 11.911659139381566], [132.68339185922645, 11.92407060835551], [132.69875326849007, 11.952621298965493], [132.7008735874247, 11.980763215542115], [132.70113824531552, 11.98117198957548], [132.7008735874247, 11.981702581427175], [132.7004101952416, 12.009722680185462], [132.6998538191018, 12.038273370795444], [132.69935620543367, 12.066824061405429], [132.69748047999138, 12.095374752015413], [132.68668757367732, 12.123925442625396], [132.66994796880618, 12.14045950559066], [132.66227015366874, 12.152476133235378], [132.6390223501877, 12.173088936373976], [132.60809673156922, 12.178900001813835], [132.57717111295074, 12.18003020246041], [132.54624549433223, 12.180524712097277], [132.51531987571374, 12.180845539226826], [132.48439425709526, 12.1807768417167], [132.45346863847675, 12.17985655591279], [132.42254301985827, 12.171042171747493], [132.40240887140502, 12.15247613323538], [132.3931068883053, 12.123925442625396], [132.39187030671388, 12.095374752015413], [132.39161740123978, 12.072040364435408], [132.38967570330638, 12.066824061405429], [132.3849357992649, 12.038273370795444], [132.383205971667, 12.009722680185462], [132.39161740123978, 11.98352723397688], [132.3916344489465, 11.98117198957548], [132.39257741353444, 11.952621298965495], [132.39791551400947, 11.92407060835551], [132.42254301985827, 11.898501616186067], [132.44799015484506, 11.895519917745528], [132.45346863847675, 11.893210212584332]]]}, "properties": {"fillColor": "#8A2BE2", "fillOpacity": 0.7, "color": "#000000", "weight": 0.2, "stroke": false}}, {"type": "Feature", "geometry": {"type": "Polygon", "coordinates": [[[132.4720362423248, 11.952621298965495], [132.45346863847675, 11.964884110061377], [132.438644264633, 11.98117198957548], [132.43130748284963, 12.009722680185462], [132.4330380667232, 12.038273370795444], [132.43924007329522, 12.066824061405429], [132.45346863847675, 12.090960192108138], [132.4557796839162, 12.095374752015413], [132.48439425709526, 12.120085399802605], [132.49985678292063, 12.123925442625396], [132.51531987571374, 12.130005745459814], [132.54624549433223, 12.131583373193568], [132.5720474039795, 12.123925442625396], [132.57717111295074, 12.123199808814277], [132.60809673156922, 12.108758824495002], [132.62191842849572, 12.095374752015413], [132.63560261390415, 12.066824061405429], [132.63879322863264, 12.038273370795444], [132.63696359081646, 12.009722680185462], [132.62457247663858, 11.98117198957548], [132.60809673156922, 11.965984173355983], [132.57761020250996, 11.952621298965495], [132.57717111295074, 11.952385077280653], [132.54624549433223, 11.938593227493692], [132.51531987571374, 11.935792328101241], [132.48439425709526, 11.944348540559336], [132.4720362423248, 11.952621298965495]]]}, "properties": {"fillColor": "#8A2BE2", "fillOpacity": 0.7, "color": "#000000", "weight": 0.2, "stroke": false}}, {"type": "Feature", "geometry": {"type": "Polygon", "coordinates": [[[140.46320386066597, 11.924918946861611], [140.49412947928445, 11.949352652878922], [140.49489493512556, 11.952621298965495], [140.49412947928445, 11.953472570308568], [140.46320386066597, 11.958231970231623], [140.45737090053734, 11.952621298965493], [140.46320386066597, 11.924918946861611]]]}, "properties": {"fillColor": "#8A2BE2", "fillOpacity": 0.7, "color": "#000000", "weight": 0.2, "stroke": false}}, {"type": "Feature", "geometry": {"type": "Polygon", "coordinates": [[[140.46320386066597, 12.018709758437854], [140.49412947928445, 12.010905091618092], [140.52505509790296, 12.012189519259495], [140.55598071652145, 12.026976357898718], [140.56865031186896, 12.038273370795444], [140.58690633513993, 12.049996722513516], [140.6178319537584, 12.062674410553083], [140.62270006458542, 12.066824061405429], [140.64875757237692, 12.086986440948364], [140.65746157957244, 12.095374752015413], [140.66957365907643, 12.123925442625396], [140.6796831909954, 12.144643915464442], [140.68718555396904, 12.152476133235378], [140.69549095048126, 12.181026823845365], [140.7004805055415, 12.209577514455347], [140.70352697379542, 12.23812820506533], [140.70326082113763, 12.266678895675314], [140.7106088096139, 12.28130178484236], [140.7415344282324, 12.270509962181892], [140.76369619801824, 12.266678895675312], [140.77246004685088, 12.260977538233215], [140.80338566546936, 12.252504697702566], [140.83431128408785, 12.25500593310684], [140.8557794106715, 12.266678895675314], [140.86523690270636, 12.269317690669151], [140.8919948743227, 12.295229586285298], [140.89616252132484, 12.30373763458311], [140.91234589158313, 12.323780276895281], [140.92331249812975, 12.352330967505265], [140.92708813994332, 12.366704563109343], [140.93774883867908, 12.38088165811525], [140.94600612783978, 12.409432348725232], [140.94656183271945, 12.437983039335217], [140.94053108235727, 12.466533729945201], [140.92708813994332, 12.482786785446956], [140.92123281121164, 12.495084420555184], [140.89616252132484, 12.520416567282346], [140.89280435157897, 12.523635111165168], [140.86523690270636, 12.548985262171492], [140.8549129141661, 12.55218580177515], [140.83431128408785, 12.56348088493803], [140.80338566546936, 12.57117351990344], [140.77246004685088, 12.573689333675464], [140.7415344282324, 12.573639702024334], [140.7106088096139, 12.570441921586072], [140.6796831909954, 12.5554268820685], [140.67574076837522, 12.55218580177515], [140.64875757237692, 12.547710781179925], [140.6178319537584, 12.533494927784297], [140.6070543032668, 12.523635111165166], [140.58690633513993, 12.516187496741729], [140.56413123622826, 12.495084420555184], [140.55598071652145, 12.489265292773153], [140.53135827735798, 12.4665337299452], [140.52505509790296, 12.460821563548473], [140.49960633409998, 12.437983039335217], [140.49412947928445, 12.434356571090193], [140.4638528864024, 12.409432348725232], [140.46320386066597, 12.409104040962713], [140.45693276254238, 12.409432348725232], [140.43227824204746, 12.419676940636082], [140.41050355636548, 12.437983039335215], [140.40135262342898, 12.446439968125189], [140.3704270048105, 12.462923553091748], [140.35998386907045, 12.466533729945198], [140.339501386192, 12.481858694155894], [140.3085757675735, 12.491274841153732], [140.28203413655197, 12.495084420555184], [140.27765014895502, 12.497115606006762], [140.26452108739983, 12.523635111165168], [140.26735905580955, 12.55218580177515], [140.26869673532383, 12.580736492385135], [140.26172121406262, 12.609287182995118], [140.25052665935547, 12.637837873605102], [140.2467245303365, 12.643648773410991], [140.24335159093295, 12.666388564215087], [140.2290589057556, 12.69493925482507], [140.21579891171803, 12.708073522532757], [140.20904029859162, 12.723489945435054], [140.18487329309954, 12.747262036895279], [140.1830809034394, 12.752040636045036], [140.17207906174573, 12.78059132665502], [140.15394767448106, 12.798621650246329], [140.15000792649545, 12.809142017265003], [140.12302205586258, 12.835528835737689], [140.1205643702129, 12.837692707874988], [140.09209643724407, 12.863321327209068], [140.08561900627885, 12.866243398484972], [140.06117081862558, 12.887014759122959], [140.0486547861469, 12.894794089094955], [140.0302452000071, 12.912127560070518], [140.0156124277126, 12.923344779704939], [139.9993195813886, 12.938241959405012], [139.9683939627701, 12.94980603431759], [139.93746834415163, 12.951552498267588], [139.90654272553311, 12.948921343498903], [139.87561710691463, 12.927165620511719], [139.87155125466268, 12.923344779704939], [139.84923582319527, 12.894794089094955], [139.84469148829615, 12.868630817619453], [139.84306090465694, 12.866243398484972], [139.82622666167737, 12.837692707874988], [139.8220721245379, 12.809142017265003], [139.82694887218597, 12.78059132665502], [139.83795890064889, 12.752040636045038], [139.83595113599785, 12.723489945435052], [139.81376586967764, 12.706357079171687], [139.78789031387413, 12.69493925482507], [139.78284025105916, 12.692465674025907], [139.7620384957383, 12.666388564215087], [139.75191463244067, 12.64759082272876], [139.74316490319015, 12.637837873605102], [139.73814658101222, 12.609287182995118], [139.75191463244067, 12.584131653362745], [139.75267988421305, 12.580736492385135], [139.75704227198088, 12.55218580177515], [139.78284025105916, 12.523669735440366], [139.7828735964432, 12.523635111165168], [139.81215832421148, 12.495084420555184], [139.81376586967764, 12.49358390730195], [139.84469148829615, 12.467656425352464], [139.84642940831353, 12.4665337299452], [139.87561710691463, 12.449792204782248], [139.890845616749, 12.437983039335217], [139.90654272553311, 12.423144256221125], [139.9223431245349, 12.409432348725232], [139.93746834415163, 12.393573396900985], [139.95195473562268, 12.38088165811525], [139.9683939627701, 12.36299303665363], [139.97869081511826, 12.352330967505265], [139.98594086955967, 12.323780276895281], [139.9993195813886, 12.302192052127157], [140.00236346570674, 12.295229586285298], [140.006822664495, 12.266678895675314], [140.02143843117074, 12.23812820506533], [140.0302452000071, 12.212761442522506], [140.03116212962183, 12.209577514455347], [140.05021577561394, 12.181026823845365], [140.06117081862558, 12.170735238546351], [140.0764931833151, 12.15247613323538], [140.09209643724407, 12.137366058027862], [140.1057372249374, 12.123925442625396], [140.12302205586258, 12.106066168744825], [140.13634634415527, 12.095374752015413], [140.15394767448106, 12.081279420442527], [140.18487329309954, 12.074171171848272], [140.21579891171803, 12.070563734260531], [140.24672453033654, 12.068806510404348], [140.27765014895502, 12.068322943522388], [140.3085757675735, 12.069273831906731], [140.339501386192, 12.07724497891408], [140.3704270048105, 12.095081416045312], [140.3707447413046, 12.095374752015413], [140.40135262342898, 12.110394879219774], [140.42939014818657, 12.123925442625396], [140.43227824204746, 12.124690786431037], [140.43586155071534, 12.123925442625396], [140.44545249912676, 12.095374752015413], [140.44163695962123, 12.06682406140543], [140.44559761265344, 12.038273370795444], [140.46320386066597, 12.018709758437854]]]}, "properties": {"fillColor": "#8A2BE2", "fillOpacity": 0.7, "color": "#000000", "weight": 0.2, "stroke": false}}, {"type": "Feature", "geometry": {"type": "Polygon", "coordinates": [[[140.6170972886635, 12.409432348725232], [140.6178319537584, 12.41018344243874], [140.64051688454055, 12.437983039335217], [140.64875757237692, 12.443739989481045], [140.6796831909954, 12.459170609445115], [140.70847715799374, 12.4665337299452], [140.7106088096139, 12.467203939990574], [140.7415344282324, 12.47130922306462], [140.77246004685088, 12.469197426570299], [140.7787880214483, 12.4665337299452], [140.80338566546936, 12.448776071672821], [140.81148872704154, 12.437983039335217], [140.80534505374968, 12.409432348725232], [140.80338566546936, 12.406733008202748], [140.77246004685088, 12.384815405126435], [140.74153442823243, 12.38166712953026], [140.71060880961386, 12.381461403750611], [140.6796831909954, 12.381571225246676], [140.64875757237692, 12.38410444199766], [140.6178319537584, 12.407541441064325], [140.6170972886635, 12.409432348725232]]]}, "properties": {"fillColor": "#8A2BE2", "fillOpacity": 0.7, "color": "#000000", "weight": 0.2, "stroke": false}}, {"type": "Feature", "geometry": {"type": "Polygon", "coordinates": [[[140.01212540846302, 12.723489945435054], [139.9993195813886, 12.743919192775572], [139.99492517771805, 12.752040636045036], [139.99683817806857, 12.78059132665502], [139.9993195813886, 12.783460588886248], [140.0302452000071, 12.791359086210267], [140.05298524730392, 12.78059132665502], [140.06117081862558, 12.775702668176443], [140.07960845131154, 12.752040636045038], [140.08298982865597, 12.723489945435054], [140.06117081862558, 12.705116939087432], [140.03024520000713, 12.70921055063], [140.01212540846302, 12.723489945435054]]]}, "properties": {"fillColor": "#8A2BE2", "fillOpacity": 0.7, "color": "#000000", "weight": 0.2, "stroke": false}}, {"type": "Feature", "geometry": {"type": "Polygon", "coordinates": [[[140.95801375856183, 12.016710216948542], [140.98893937718032, 12.011937183377373], [141.0198649957988, 12.010935301357192], [141.05079061441734, 12.011717484267633], [141.0817162330358, 12.01382080658724], [141.11264185165427, 12.016694448004847], [141.14356747027279, 12.035400114535252], [141.14667973219701, 12.038273370795444], [141.17449308889127, 12.041546070916713], [141.20541870750975, 12.059588670120856], [141.21325595931143, 12.066824061405429], [141.23634432612823, 12.071679036250082], [141.263821485989, 12.095374752015413], [141.26726994474674, 12.096562738009823], [141.29819556336523, 12.102562102432548], [141.3291211819837, 12.103889533418576], [141.36004680060222, 12.103017703401513], [141.3909724192207, 12.102952776605184], [141.42189803783918, 12.107881752575866], [141.44888896035263, 12.123925442625396], [141.4528236564577, 12.124475492332841], [141.48374927507618, 12.130322514875685], [141.5105249062562, 12.15247613323538], [141.51467489369466, 12.155378727523335], [141.54158838781464, 12.181026823845365], [141.54560051231317, 12.19045017115321], [141.56152008436558, 12.209577514455347], [141.57032796848426, 12.238128205065331], [141.57306200137336, 12.266678895675312], [141.56971471549653, 12.295229586285298], [141.5515339921096, 12.323780276895281], [141.54560051231317, 12.329258096045741], [141.5362031357168, 12.352330967505267], [141.51467489369466, 12.375320302829095], [141.51224182412406, 12.38088165811525], [141.50421767376503, 12.409432348725232], [141.48374927507618, 12.436845488941064], [141.4835143544912, 12.437983039335217], [141.47511407758216, 12.466533729945201], [141.4528236564577, 12.48839044856326], [141.4433387267928, 12.495084420555184], [141.42189803783918, 12.512530983764426], [141.3909724192207, 12.520039848582126], [141.36004680060222, 12.522049888506224], [141.3291211819837, 12.522750549022767], [141.29819556336523, 12.523041241211462], [141.26726994474674, 12.52316816224691], [141.23634432612823, 12.52318542412568], [141.20541870750975, 12.523054239946067], [141.17449308889127, 12.522527384783793], [141.14356747027279, 12.520091614542391], [141.11264185165427, 12.497864044222231], [141.1095154449607, 12.495084420555182], [141.0817162330358, 12.47614473792771], [141.07045016410356, 12.466533729945198], [141.0507906144173, 12.450506827148775], [141.03845426893776, 12.437983039335217], [141.02636036087026, 12.409432348725232], [141.022816228513, 12.38088165811525], [141.0198649957988, 12.375862059750961], [140.98893937718032, 12.36336942333621], [140.97522994439052, 12.352330967505264], [140.95801375856183, 12.339259134594695], [140.94305125491036, 12.323780276895281], [140.93110046456144, 12.295229586285298], [140.92708813994332, 12.26684478777281], [140.92690844846723, 12.266678895675314], [140.9043099293433, 12.238128205065331], [140.89971905485714, 12.209577514455347], [140.89616252132484, 12.187745792934479], [140.88888464919216, 12.181026823845365], [140.87551632257606, 12.152476133235382], [140.87437169149229, 12.123925442625396], [140.87892674587846, 12.095374752015413], [140.89616252132484, 12.076288350569177], [140.90086379475872, 12.066824061405427], [140.92708813994332, 12.041381048908395], [140.93241201614975, 12.038273370795444], [140.95801375856183, 12.016710216948542]]]}, "properties": {"fillColor": "#8A2BE2", "fillOpacity": 0.7, "color": "#000000", "weight": 0.2, "stroke": false}}, {"type": "Feature", "geometry": {"type": "Polygon", "coordinates": [[[141.01202826842828, 12.123925442625396], [140.9937897395065, 12.152476133235378], [140.99114855704497, 12.181026823845365], [140.99440182271118, 12.209577514455347], [141.00218612466622, 12.23812820506533], [141.01851204702655, 12.266678895675314], [141.0198649957988, 12.268311553105502], [141.04231345608292, 12.295229586285298], [141.0507906144173, 12.302457995706334], [141.0713506463235, 12.323780276895281], [141.0817162330358, 12.335554314871604], [141.09046228031997, 12.352330967505267], [141.10730798712592, 12.38088165811525], [141.11264185165427, 12.387922715598744], [141.1239762572753, 12.409432348725232], [141.14356747027279, 12.430821354198468], [141.14972722579407, 12.437983039335219], [141.17449308889127, 12.459220956750164], [141.19363267481796, 12.4665337299452], [141.20541870750975, 12.472714560646203], [141.23634432612823, 12.479291674488037], [141.26726994474674, 12.478945084268336], [141.29819556336523, 12.473306411696896], [141.3163124523919, 12.466533729945201], [141.3291211819837, 12.46378366535474], [141.36004680060222, 12.450612812198568], [141.37668156572738, 12.437983039335217], [141.3909724192207, 12.423206963746658], [141.4029751424593, 12.409432348725232], [141.41727690466607, 12.380881658115252], [141.42189803783918, 12.366925841726735], [141.43024565076655, 12.352330967505265], [141.4443226998378, 12.323780276895281], [141.45273554380074, 12.295229586285298], [141.4528236564577, 12.293148347601996], [141.45493684558193, 12.266678895675314], [141.4528236564577, 12.26145656759758], [141.44492150608318, 12.238128205065331], [141.42189803783918, 12.215517252552015], [141.41206990564734, 12.209577514455347], [141.3909724192207, 12.19845004795098], [141.36004680060222, 12.18995811136951], [141.3291211819837, 12.18501059391677], [141.30932243768268, 12.181026823845365], [141.29819556336523, 12.177077309729816], [141.26726994474674, 12.162395601451902], [141.24192186329128, 12.152476133235382], [141.23634432612823, 12.148756788144954], [141.20541870750975, 12.13088539963347], [141.18547006757345, 12.123925442625396], [141.17449308889127, 12.11745801988113], [141.14356747027279, 12.105805974388069], [141.11264185165427, 12.100363015375876], [141.0817162330358, 12.09906836972479], [141.05079061441734, 12.103011036223768], [141.0198649957988, 12.117696567082042], [141.01202826842828, 12.123925442625396]]]}, "properties": {"fillColor": "#8A2BE2", "fillOpacity": 0.7, "color": "#000000", "weight": 0.2, "stroke": false}}, {"type": "Feature", "geometry": {"type": "Polygon", "coordinates": [[[147.88535232910385, 12.058833074587792], [147.91627794772234, 12.063387997067567], [147.91999983370795, 12.066824061405429], [147.92838757512075, 12.095374752015413], [147.92067804095979, 12.123925442625396], [147.91627794772234, 12.127987631396051], [147.88535232910385, 12.144097284281242], [147.85925324933578, 12.15247613323538], [147.85442671048537, 12.1554706342969], [147.85078737330377, 12.15247613323538], [147.82620811319936, 12.123925442625396], [147.83446333362886, 12.095374752015413], [147.85442671048537, 12.0732404914021], [147.8662833719692, 12.066824061405429], [147.88535232910385, 12.058833074587792]]]}, "properties": {"fillColor": "#8A2BE2", "fillOpacity": 0.7, "color": "#000000", "weight": 0.2, "stroke": false}}, {"type": "Feature", "geometry": {"type": "Polygon", "coordinates": [[[122.55727068055958, 12.394847020673243], [122.58819629917807, 12.405890096351245], [122.5916018167948, 12.409432348725232], [122.5881962991781, 12.412775815346413], [122.56058704349333, 12.437983039335219], [122.55727068055958, 12.441447595472283], [122.5263450619411, 12.453445967361061], [122.52623321674858, 12.437983039335217], [122.5263450619411, 12.437851807545474], [122.54271507085187, 12.409432348725232], [122.55727068055958, 12.394847020673243]]]}, "properties": {"fillColor": "#8A2BE2", "fillOpacity": 0.7, "color": "#000000", "weight": 0.2, "stroke": false}}, {"type": "Feature", "geometry": {"type": "Polygon", "coordinates": [[[135.26769993275946, 12.430647484496685], [135.29862555137794, 12.429203419020928], [135.32955116999642, 12.434821233653395], [135.33494601482505, 12.437983039335217], [135.36047678861493, 12.446223356474999], [135.38604505551925, 12.466533729945198], [135.39140240723341, 12.469115813304851], [135.42232802585187, 12.481665037074698], [135.43956284915163, 12.495084420555184], [135.4532536444704, 12.502119658975566], [135.4841792630889, 12.515229513129034], [135.49353758269413, 12.523635111165168], [135.51510488170737, 12.538182359331469], [135.52997074481289, 12.55218580177515], [135.54603050032588, 12.572020966739679], [135.555471008293, 12.580736492385135], [135.56572804054582, 12.609287182995118], [135.56928789934548, 12.637837873605104], [135.57526971378797, 12.666388564215087], [135.5670398670926, 12.69493925482507], [135.55844783314194, 12.723489945435054], [135.54603050032588, 12.735604870793026], [135.527029200442, 12.752040636045036], [135.51510488170737, 12.76241996151419], [135.4841792630889, 12.770121153358605], [135.4532536444704, 12.772857059426203], [135.4223280258519, 12.773645126543101], [135.39140240723341, 12.773249489378838], [135.36047678861493, 12.771591313792682], [135.32955116999642, 12.767723306745557], [135.29862555137794, 12.757863989784024], [135.2919375096517, 12.752040636045036], [135.26769993275946, 12.741780100901249], [135.23677431414097, 12.724551611667303], [135.2355924966006, 12.723489945435054], [135.20584869552246, 12.699595818607278], [135.20092344236386, 12.69493925482507], [135.18573760254313, 12.666388564215087], [135.17492307690398, 12.642390852116495], [135.17048380601204, 12.637837873605102], [135.16634709563786, 12.609287182995118], [135.16904204007878, 12.580736492385135], [135.17492307690398, 12.567443176657761], [135.17860611149712, 12.55218580177515], [135.1908477447555, 12.523635111165166], [135.20584869552246, 12.495696736997173], [135.20612648451248, 12.495084420555184], [135.22086419048202, 12.4665337299452], [135.23677431414097, 12.440419994249654], [135.24347895784584, 12.437983039335219], [135.26769993275946, 12.430647484496685]]]}, "properties": {"fillColor": "#8A2BE2", "fillOpacity": 0.7, "color": "#000000", "weight": 0.2, "stroke": false}}, {"type": "Feature", "geometry": {"type": "Polygon", "coordinates": [[[129.7938654372865, 12.485882878140313], [129.824791055905, 12.482294179990983], [129.8557166745235, 12.49079904270828], [129.86035852234218, 12.495084420555184], [129.8865090053142, 12.523635111165168], [129.886642293142, 12.523960185631612], [129.9031084691737, 12.55218580177515], [129.90639132981426, 12.580736492385135], [129.90598749392973, 12.609287182995118], [129.90244292401596, 12.637837873605102], [129.8932436033672, 12.666388564215087], [129.886642293142, 12.673113811472517], [129.87824893583058, 12.69493925482507], [129.86628246269598, 12.723489945435054], [129.8557166745235, 12.733473343293202], [129.84038094099566, 12.752040636045036], [129.824791055905, 12.76618017087226], [129.80114462124033, 12.780591326655022], [129.7938654372865, 12.787311506824167], [129.76293981866803, 12.79785343928966], [129.73201420004955, 12.799979175380981], [129.70108858143104, 12.797228192304082], [129.67327668069464, 12.78059132665502], [129.67016296281255, 12.778266614023963], [129.64599703522688, 12.752040636045036], [129.63923734419407, 12.727904833193582], [129.63667753402208, 12.723489945435054], [129.61717952171125, 12.69493925482507], [129.61104988365727, 12.666388564215087], [129.60877711403202, 12.637837873605102], [129.60831172557556, 12.634853723016302], [129.59402698377508, 12.609287182995118], [129.60159464043613, 12.580736492385135], [129.60831172557556, 12.575176500007275], [129.63923734419407, 12.556766525059892], [129.64567395122006, 12.552185801775149], [129.67016296281255, 12.534132304505116], [129.70108858143104, 12.525014940511053], [129.70586384620984, 12.523635111165168], [129.73201420004955, 12.506642763552001], [129.76293981866803, 12.49779443251615], [129.77714542363378, 12.495084420555184], [129.7938654372865, 12.485882878140313]]]}, "properties": {"fillColor": "#8A2BE2", "fillOpacity": 0.7, "color": "#000000", "weight": 0.2, "stroke": false}}, {"type": "Feature", "geometry": {"type": "Polygon", "coordinates": [[[132.20606368952883, 12.500185834546308], [132.23698930814732, 12.496886387290216], [132.2679149267658, 12.496341656601782], [132.2988405453843, 12.49710537077489], [132.3297661640028, 12.501293908634825], [132.35494222740604, 12.523635111165168], [132.36069178262127, 12.534606253734786], [132.37727512123834, 12.55218580177515], [132.38199579378227, 12.580736492385135], [132.38015655608262, 12.609287182995118], [132.3669011611544, 12.637837873605102], [132.36069178262127, 12.644293936183379], [132.35409944967134, 12.666388564215087], [132.3297661640028, 12.689705301214719], [132.3206692635768, 12.69493925482507], [132.2988405453843, 12.712952294590172], [132.2679149267658, 12.718742152665442], [132.23698930814732, 12.71977572314023], [132.20606368952883, 12.718346250739874], [132.17513807091035, 12.708687330428946], [132.15838558836703, 12.69493925482507], [132.14439100277957, 12.666388564215087], [132.14421245229184, 12.665088711332492], [132.12951034007875, 12.637837873605102], [132.12794078929636, 12.609287182995118], [132.13639115096436, 12.580736492385135], [132.14421245229184, 12.56972863642321], [132.14742745606003, 12.55218580177515], [132.17513807091035, 12.523947999483195], [132.1755401740273, 12.523635111165168], [132.20606368952883, 12.500185834546308]]]}, "properties": {"fillColor": "#8A2BE2", "fillOpacity": 0.7, "color": "#000000", "weight": 0.2, "stroke": false}}, {"type": "Feature", "geometry": {"type": "Polygon", "coordinates": [[[133.41216281565, 12.518123541285899], [133.44308843426847, 12.513708540504073], [133.47401405288696, 12.515213322851652], [133.4995307132701, 12.523635111165168], [133.50493967150547, 12.523847238395744], [133.53586529012395, 12.527670559985484], [133.5642256330782, 12.55218580177515], [133.56679090874243, 12.55376048013657], [133.59771652736094, 12.577336454801314], [133.60631878569885, 12.580736492385135], [133.62864214597943, 12.58106386922264], [133.6595677645979, 12.581364031947514], [133.6904933832164, 12.583367718724528], [133.7214190018349, 12.602648770717906], [133.72860961620995, 12.609287182995118], [133.7487702139445, 12.637837873605104], [133.75101375143896, 12.666388564215087], [133.75012989451488, 12.69493925482507], [133.74888441903852, 12.723489945435054], [133.74096753604965, 12.752040636045038], [133.7214190018349, 12.770087943655255], [133.718585013424, 12.78059132665502], [133.6904933832164, 12.809009358101267], [133.69038458954296, 12.809142017265003], [133.6595677645979, 12.835668854330187], [133.6555018710124, 12.837692707874988], [133.62864214597943, 12.862489744556663], [133.59771652736094, 12.86547341766402], [133.56679090874243, 12.865919592110385], [133.53586529012395, 12.866116354274059], [133.51940478321112, 12.866243398484972], [133.50493967150547, 12.87580346389063], [133.47401405288696, 12.879531016478614], [133.44308843426847, 12.872997392583732], [133.43410377901557, 12.866243398484972], [133.41216281565, 12.863670342545152], [133.38293746385395, 12.837692707874988], [133.38123719703148, 12.830484495170415], [133.36604583648696, 12.837692707874988], [133.350311578413, 12.84669272455585], [133.32290541017272, 12.866243398484972], [133.31938595979452, 12.86949257322598], [133.288460341176, 12.87919646603168], [133.25753472255752, 12.879172255527218], [133.22660910393904, 12.870335657791408], [133.22012937922665, 12.866243398484972], [133.19568348532056, 12.842172613410103], [133.19243230318017, 12.837692707874988], [133.18625427535656, 12.809142017265003], [133.19568348532056, 12.782221470819989], [133.19595618530525, 12.78059132665502], [133.22283865404177, 12.752040636045036], [133.22660910393904, 12.749335366476043], [133.25753472255752, 12.728816403222849], [133.288460341176, 12.725051923649104], [133.31938595979452, 12.72699990540418], [133.3495822477839, 12.752040636045036], [133.350311578413, 12.752956209010573], [133.35047683959925, 12.752040636045036], [133.35061280258344, 12.723489945435054], [133.350311578413, 12.722688984596559], [133.32154501674896, 12.69493925482507], [133.31938595979452, 12.68880780329286], [133.295101824363, 12.666388564215087], [133.2925113125738, 12.637837873605102], [133.29362116794445, 12.609287182995118], [133.29871298075682, 12.580736492385135], [133.31938595979452, 12.558812620976232], [133.324195375694, 12.55218580177515], [133.350311578413, 12.528169914037173], [133.38123719703148, 12.524316589715722], [133.39614794244716, 12.523635111165168], [133.41216281565, 12.518123541285899]]]}, "properties": {"fillColor": "#8A2BE2", "fillOpacity": 0.7, "color": "#000000", "weight": 0.2, "stroke": false}}, {"type": "Feature", "geometry": {"type": "Polygon", "coordinates": [[[133.4180540097505, 12.609287182995118], [133.41216281565, 12.611525157221338], [133.3874604872585, 12.637837873605102], [133.38741098159332, 12.666388564215087], [133.39056628530173, 12.69493925482507], [133.40088760043582, 12.723489945435052], [133.41216281565, 12.743119134959436], [133.41423198655085, 12.752040636045036], [133.42263335289536, 12.780591326655019], [133.44308843426847, 12.804793471145006], [133.44827702343136, 12.809142017265005], [133.47401405288696, 12.826669863893901], [133.50493967150547, 12.832819970102634], [133.53586529012395, 12.83346827791446], [133.56679090874243, 12.830112818352596], [133.59771652736094, 12.817054801208405], [133.60843883093926, 12.809142017265003], [133.62864214597943, 12.794781049337292], [133.64341283853628, 12.78059132665502], [133.65870227200566, 12.752040636045036], [133.6595677645979, 12.748358880210064], [133.6730166349637, 12.723489945435054], [133.67471276377722, 12.69493925482507], [133.66066889603772, 12.666388564215087], [133.6595677645979, 12.665231933239877], [133.62864214597943, 12.640147292320927], [133.62337257687412, 12.637837873605104], [133.59771652736094, 12.624440250786993], [133.56679090874243, 12.615635471449416], [133.53586529012395, 12.611695079790815], [133.509333010456, 12.609287182995118], [133.50493967150547, 12.607513353307441], [133.47401405288696, 12.599718811893194], [133.44308843426847, 12.60042466070382], [133.4180540097505, 12.609287182995118]]]}, "properties": {"fillColor": "#8A2BE2", "fillOpacity": 0.7, "color": "#000000", "weight": 0.2, "stroke": false}}, {"type": "Feature", "geometry": {"type": "Polygon", "coordinates": [[[120.67080794483162, 12.60537172380931], [120.70173356345012, 12.58623596326563], [120.7326591820686, 12.58374715532365], [120.7635848006871, 12.583802475797231], [120.7945104193056, 12.585030371936154], [120.82543603792408, 12.58558388319513], [120.85636165654257, 12.587073677180793], [120.88728727516107, 12.590996445384118], [120.91821289377955, 12.602387807162732], [120.92568617940381, 12.609287182995118], [120.94913851239805, 12.616493321186232], [120.98006413101655, 12.627539674465197], [120.99582058896914, 12.637837873605102], [121.01098974963503, 12.647992622219693], [121.02954866446522, 12.666388564215087], [121.04058241987893, 12.69493925482507], [121.04191536825351, 12.71152888963473], [121.045048578805, 12.723489945435054], [121.04311169982174, 12.752040636045036], [121.04191536825353, 12.75533549224098], [121.03979765939548, 12.78059132665502], [121.03395513398887, 12.809142017265003], [121.01098974963503, 12.835287944932567], [121.00884556219313, 12.837692707874988], [120.98006413101653, 12.861508266511994], [120.96107530914693, 12.866243398484972], [120.94913851239805, 12.872958017205443], [120.91821289377955, 12.873632565584725], [120.88728727516107, 12.87521047088416], [120.85636165654257, 12.875280193393596], [120.8427229331439, 12.866243398484972], [120.82543603792408, 12.864254432977535], [120.7945104193056, 12.860406563500685], [120.7635848006871, 12.854574547867907], [120.7326591820686, 12.840904695282013], [120.72918001237306, 12.837692707874988], [120.70173356345012, 12.823086751610605], [120.68109592571885, 12.809142017265003], [120.67080794483162, 12.800291985647288], [120.65201158487635, 12.78059132665502], [120.64067644911661, 12.752040636045036], [120.63988232621315, 12.745919234142306], [120.63247020329675, 12.723489945435052], [120.62538616083313, 12.69493925482507], [120.6306548657319, 12.666388564215087], [120.63988232621314, 12.653160051334002], [120.6443967779779, 12.637837873605102], [120.66647875865772, 12.609287182995118], [120.67080794483162, 12.60537172380931]]]}, "properties": {"fillColor": "#8A2BE2", "fillOpacity": 0.7, "color": "#000000", "weight": 0.2, "stroke": false}}, {"type": "Feature", "geometry": {"type": "Polygon", "coordinates": [[[121.22746907996448, 12.605706361290459], [121.23113340807325, 12.609287182995116], [121.23533251890663, 12.6378378736051], [121.22746907996445, 12.645097440992839], [121.21960564102228, 12.6378378736051], [121.22380475185568, 12.609287182995116], [121.22746907996448, 12.605706361290459]]]}, "properties": {"fillColor": "#8A2BE2", "fillOpacity": 0.7, "color": "#000000", "weight": 0.2, "stroke": false}}, {"type": "Feature", "geometry": {"type": "Polygon", "coordinates": [[[146.18444330508683, 12.636229128590042], [146.2153689237053, 12.618188807785302], [146.24629454232382, 12.61415929489947], [146.2772201609423, 12.613133824831833], [146.3081457795608, 12.61192988988212], [146.33907139817927, 12.612995886591348], [146.36999701679778, 12.625495179469851], [146.3841269700618, 12.637837873605102], [146.40092263541626, 12.65477129278314], [146.4127212423267, 12.666388564215087], [146.42712945666395, 12.69493925482507], [146.43047079747254, 12.723489945435054], [146.43136892079858, 12.752040636045036], [146.43093203164779, 12.78059132665502], [146.4280065218559, 12.809142017265003], [146.4216275327058, 12.837692707874988], [146.40092263541626, 12.864086132621608], [146.40002819690505, 12.866243398484972], [146.3795911007892, 12.894794089094955], [146.36999701679775, 12.90372884466914], [146.34083278500057, 12.923344779704939], [146.33907139817927, 12.924951616153802], [146.3081457795608, 12.942316917359225], [146.2772201609423, 12.949423177233617], [146.26746723246967, 12.95189547031492], [146.24629454232382, 12.96694901483562], [146.2153689237053, 12.97432003687645], [146.19122233695606, 12.980446160924906], [146.18444330508683, 12.986704598109998], [146.15351768646835, 12.999152420352615], [146.12259206784984, 13.002695973278133], [146.09166644923135, 13.004619436314766], [146.06074083061287, 13.003209311233789], [146.0298152119944, 12.991615364955068], [146.0195674993222, 12.980446160924906], [146.0042156429384, 12.95189547031492], [145.99888959337588, 12.932377550181386], [145.99239768109, 12.923344779704939], [145.99200738489964, 12.894794089094955], [145.99888959337588, 12.881663718592016], [146.00079227482007, 12.866243398484972], [146.00664776084164, 12.837692707874988], [146.0298152119944, 12.809320959000932], [146.02996992704973, 12.809142017265003], [146.06074083061287, 12.785012117291915], [146.06693561002783, 12.78059132665502], [146.09166644923135, 12.760960765862661], [146.09753618905822, 12.752040636045038], [146.11990053199054, 12.723489945435054], [146.12259206784984, 12.721005105647922], [146.13086544772872, 12.69493925482507], [146.15351768646835, 12.67395269061831], [146.15866625051055, 12.666388564215087], [146.18260606116533, 12.637837873605102], [146.18444330508683, 12.636229128590042]]]}, "properties": {"fillColor": "#8A2BE2", "fillOpacity": 0.7, "color": "#000000", "weight": 0.2, "stroke": false}}, {"type": "Feature", "geometry": {"type": "Polygon", "coordinates": [[[146.2416423674855, 12.752040636045036], [146.2265790595873, 12.78059132665502], [146.24435538533496, 12.809142017265003], [146.24629454232382, 12.809951471624537], [146.2514766890626, 12.809142017265003], [146.2772201609423, 12.803130558037086], [146.2952073714188, 12.78059132665502], [146.2892277978549, 12.752040636045036], [146.2772201609423, 12.743290732346022], [146.24629454232382, 12.748089292559897], [146.2416423674855, 12.752040636045036]]]}, "properties": {"fillColor": "#8A2BE2", "fillOpacity": 0.7, "color": "#000000", "weight": 0.2, "stroke": false}}, {"type": "Feature", "geometry": {"type": "Polygon", "coordinates": [[[121.13469222410899, 12.70638742765594], [121.1656178427275, 12.6972656499316], [121.19654346134598, 12.695776010016473], [121.22746907996446, 12.696323632919238], [121.25839469858296, 12.702706380359684], [121.28367643202306, 12.723489945435054], [121.28932031720144, 12.725385619215396], [121.32024593581994, 12.739217484880221], [121.3339273265564, 12.752040636045036], [121.35117155443842, 12.775204026285323], [121.3570069858433, 12.78059132665502], [121.37642757930413, 12.809142017265003], [121.3778621189979, 12.837692707874988], [121.37641513750569, 12.866243398484972], [121.37265582102292, 12.894794089094955], [121.35511388112792, 12.923344779704939], [121.35117155443844, 12.926984356037543], [121.33869088363761, 12.951895470314922], [121.32024593581994, 12.968923941271514], [121.29830259433928, 12.980446160924906], [121.28932031720144, 12.988738645505375], [121.25839469858295, 12.999668009133346], [121.22746907996446, 13.00200389032739], [121.19654346134598, 13.00140074233849], [121.16561784272749, 12.99670768107202], [121.13701634656519, 12.980446160924906], [121.13469222410899, 12.97988095660856], [121.1037666054905, 12.96379683518673], [121.09112323933319, 12.951895470314922], [121.0734845383831, 12.923344779704939], [121.07284098687201, 12.921351482448555], [121.05367026155847, 12.894794089094955], [121.04961221710181, 12.866243398484972], [121.0496182365147, 12.837692707874988], [121.05271698249732, 12.809142017265003], [121.07284098687201, 12.793189723918697], [121.0752230575572, 12.78059132665502], [121.08045251741854, 12.752040636045036], [121.1037666054905, 12.726160380234317], [121.10916679530553, 12.723489945435055], [121.13469222410899, 12.70638742765594]]]}, "properties": {"fillColor": "#8A2BE2", "fillOpacity": 0.7, "color": "#000000", "weight": 0.2, "stroke": false}}, {"type": "Feature", "geometry": {"type": "Polygon", "coordinates": [[[147.17406310087856, 12.914990569918999], [147.20498871949704, 12.908956532637504], [147.23591433811552, 12.908690522200313], [147.26683995673403, 12.91478052487937], [147.27881587907123, 12.923344779704939], [147.2977655753525, 12.935346200433322], [147.31578665409765, 12.951895470314922], [147.32744874924785, 12.980446160924906], [147.328691193971, 12.984423028117194], [147.34235220002242, 13.008996851534889], [147.328691193971, 13.034671373385201], [147.32750370072648, 13.037547542144873], [147.30540055402395, 13.066098232754857], [147.2977655753525, 13.070457089721804], [147.26683995673403, 13.075734828662783], [147.23591433811555, 13.072589487647862], [147.22706687744838, 13.066098232754857], [147.20498871949704, 13.055724605943965], [147.18292674485747, 13.037547542144873], [147.17406310087856, 13.029112698508328], [147.15592129981638, 13.00899685153489], [147.1470288835832, 12.980446160924906], [147.14313748226004, 12.956124770021514], [147.1414891272476, 12.951895470314922], [147.14313748226002, 12.949865660206337], [147.16233523299172, 12.923344779704939], [147.17406310087856, 12.914990569918999]]]}, "properties": {"fillColor": "#8A2BE2", "fillOpacity": 0.7, "color": "#000000", "weight": 0.2, "stroke": false}}, {"type": "Feature", "geometry": {"type": "Polygon", "coordinates": [[[129.4846092511016, 12.94759391000355], [129.5155348697201, 12.944124451173249], [129.5464604883386, 12.948812110810238], [129.5539916871718, 12.951895470314922], [129.57738610695708, 12.955827894863228], [129.60831172557556, 12.973584535275126], [129.6157463100341, 12.980446160924906], [129.63845905075937, 13.00899685153489], [129.63923734419407, 13.0100947934311], [129.6626104113747, 13.037547542144873], [129.67016296281255, 13.048000599417893], [129.68838863259873, 13.066098232754857], [129.70108858143104, 13.078613028400426], [129.72509871505446, 13.09464892336484], [129.73201420004955, 13.098333904244392], [129.76119146354995, 13.123199613974824], [129.76293981866803, 13.124900657575058], [129.78902657990974, 13.151750304584809], [129.7938654372865, 13.161250035797943], [129.80648118898227, 13.180300995194791], [129.8082867886776, 13.208851685804776], [129.80396433625305, 13.237402376414757], [129.7938654372865, 13.251670880842997], [129.78503912241314, 13.265953067024743], [129.76293981866803, 13.287157183295749], [129.75434781216194, 13.294503757634725], [129.73201420004955, 13.31337705841927], [129.70108858143104, 13.322835618364769], [129.70066551188336, 13.32305444824471], [129.67016296281255, 13.344902822095477], [129.63923734419407, 13.351397718385874], [129.6385387546128, 13.351605138854694], [129.60831172557556, 13.368290286262617], [129.57738610695708, 13.371122210687528], [129.5464604883386, 13.371149947766444], [129.5155348697201, 13.36868392838149], [129.4846092511016, 13.362557680617691], [129.46869393388477, 13.351605138854694], [129.45368363248312, 13.345526101006364], [129.4227580138646, 13.336437453471625], [129.4066811287282, 13.32305444824471], [129.39183239524613, 13.315081994579632], [129.36090677662764, 13.304424352156294], [129.34988306800778, 13.294503757634725], [129.32998115800916, 13.276995722129683], [129.3184369612212, 13.265953067024743], [129.3000935342751, 13.237402376414758], [129.29905553939065, 13.230040620907923], [129.29439527794415, 13.208851685804778], [129.294424674689, 13.180300995194791], [129.29905553939065, 13.15697347309936], [129.299496017284, 13.151750304584809], [129.30571587858788, 13.123199613974824], [129.31809974829216, 13.09464892336484], [129.32998115800916, 13.07631004650461], [129.33402705156396, 13.066098232754857], [129.35207908910212, 13.037547542144875], [129.36090677662764, 13.02634056552215], [129.38038234975053, 13.008996851534892], [129.39183239524613, 13.00138592250891], [129.42008510734078, 12.980446160924906], [129.4227580138646, 12.977978519836377], [129.45368363248312, 12.955299989051339], [129.47366664134353, 12.951895470314923], [129.4846092511016, 12.94759391000355]]]}, "properties": {"fillColor": "#8A2BE2", "fillOpacity": 0.7, "color": "#000000", "weight": 0.2, "stroke": false}}, {"type": "Feature", "geometry": {"type": "Polygon", "coordinates": [[[120.98006413101653, 12.9727985148129], [121.01098974963503, 12.9687947536976], [121.04191536825353, 12.95456017656937], [121.058965906091, 12.980446160924906], [121.04661274461975, 13.00899685153489], [121.04191536825351, 13.013149778437095], [121.01098974963503, 13.020076913576107], [120.9807910816625, 13.037547542144873], [120.98006413101653, 13.038218265294727], [120.9715312434412, 13.037547542144873], [120.94913851239805, 13.033421793556366], [120.94072455371324, 13.00899685153489], [120.94913851239804, 13.00063252644301], [120.97114023006938, 12.980446160924906], [120.98006413101653, 12.9727985148129]]]}, "properties": {"fillColor": "#8A2BE2", "fillOpacity": 0.7, "color": "#000000", "weight": 0.2, "stroke": false}}, {"type": "Feature", "geometry": {"type": "Polygon", "coordinates": [[[121.01098974963503, 13.109197656838653], [121.04191536825353, 13.109464423839675], [121.06321158435333, 13.123199613974823], [121.07284098687202, 13.151649056331905], [121.07288705493959, 13.151750304584809], [121.07284098687201, 13.151813307807277], [121.04883841635359, 13.180300995194791], [121.05940855521423, 13.208851685804776], [121.072840986872, 13.218626422232997], [121.09214690959872, 13.237402376414758], [121.09973588613704, 13.265953067024743], [121.1008153639632, 13.294503757634725], [121.10104273908864, 13.32305444824471], [121.10069122754227, 13.351605138854694], [121.09894048662716, 13.380155829464677], [121.09357831018889, 13.408706520074661], [121.07284098687201, 13.436947694761294], [121.0727979056352, 13.437257210684644], [121.05947151990617, 13.465807901294628], [121.04191536825351, 13.48201583104762], [121.01098974963503, 13.490778597165752], [120.98006413101653, 13.492396161892067], [120.94913851239805, 13.492741387102257], [120.91821289377955, 13.493675358831828], [120.88728727516107, 13.493401507413555], [120.85636165654257, 13.488770062278997], [120.82543603792408, 13.478499846867688], [120.79991078949668, 13.465807901294628], [120.7945104193056, 13.465396948386246], [120.7635848006871, 13.462203479539943], [120.7326591820686, 13.455800241282931], [120.70950292458873, 13.437257210684646], [120.70426773004783, 13.408706520074661], [120.71003906057844, 13.380155829464677], [120.71142974542578, 13.351605138854694], [120.71232350708814, 13.32305444824471], [120.7258909360786, 13.294503757634725], [120.7326591820686, 13.286185355354203], [120.73349699948626, 13.265953067024743], [120.7326591820686, 13.255647528298931], [120.71574958846753, 13.237402376414758], [120.71097458437876, 13.208851685804774], [120.71543857047708, 13.180300995194791], [120.7326591820686, 13.15726895101433], [120.73707712849921, 13.151750304584809], [120.7635848006871, 13.13337293591055], [120.7945104193056, 13.129604798328632], [120.82543603792408, 13.132655920366597], [120.85636165654256, 13.137730168838265], [120.88728727516107, 13.140035516482797], [120.91093400850275, 13.151750304584809], [120.91821289377955, 13.15205158566439], [120.94913851239805, 13.15693219371644], [120.98006413101655, 13.172604054953803], [120.98777004719622, 13.151750304584809], [120.99120367506016, 13.123199613974824], [121.01098974963503, 13.109197656838653]]]}, "properties": {"fillColor": "#8A2BE2", "fillOpacity": 0.7, "color": "#000000", "weight": 0.2, "stroke": false}}, {"type": "Feature", "geometry": {"type": "Polygon", "coordinates": [[[120.85426272398202, 13.208851685804776], [120.82543603792408, 13.218705418580331], [120.80572508758038, 13.237402376414757], [120.79615043295179, 13.265953067024743], [120.7945104193056, 13.276467532803087], [120.78818935356969, 13.294503757634725], [120.78665766044095, 13.323054448244712], [120.7945104193056, 13.342300766389936], [120.79612883260688, 13.351605138854694], [120.80966007464181, 13.380155829464677], [120.82543603792408, 13.395212083143727], [120.85177396612072, 13.408706520074661], [120.85636165654257, 13.411504731532643], [120.88728727516107, 13.432376166922394], [120.91821289377957, 13.434180678283177], [120.94913851239805, 13.433497723475849], [120.98006413101652, 13.429333148367101], [121.01040122834728, 13.408706520074661], [121.01098974963503, 13.408155375773113], [121.03209705309669, 13.380155829464677], [121.03786995439381, 13.351605138854694], [121.03882570875494, 13.323054448244712], [121.03511707908766, 13.294503757634725], [121.01514464827864, 13.265953067024743], [121.01098974963503, 13.261978445921557], [120.98006413101655, 13.237528737098843], [120.97984232525748, 13.237402376414758], [120.94913851239806, 13.217595974014632], [120.91821289377957, 13.210884912033237], [120.8962343561818, 13.208851685804774], [120.88728727516107, 13.206181782808077], [120.85636165654257, 13.207933089331984], [120.85426272398202, 13.208851685804776]]]}, "properties": {"fillColor": "#8A2BE2", "fillOpacity": 0.7, "color": "#000000", "weight": 0.2, "stroke": false}}, {"type": "Feature", "geometry": {"type": "Polygon", "coordinates": [[[120.51617985173917, 13.39318826012375], [120.54710547035766, 13.383990969025154], [120.57803108897616, 13.406607026406723], [120.58005813162531, 13.408706520074663], [120.59623834656105, 13.437257210684644], [120.58747383899679, 13.465807901294628], [120.57803108897616, 13.474749120195291], [120.55587960819341, 13.494358591904613], [120.54710547035766, 13.502445329162569], [120.51617985173917, 13.510939670070842], [120.49793120163365, 13.494358591904613], [120.50090450642381, 13.465807901294628], [120.49849858594308, 13.437257210684644], [120.5037986998723, 13.408706520074661], [120.51617985173917, 13.39318826012375]]]}, "properties": {"fillColor": "#8A2BE2", "fillOpacity": 0.7, "color": "#000000", "weight": 0.2, "stroke": false}}, {"type": "Feature", "geometry": {"type": "Polygon", "coordinates": [[[123.54689047635131, 13.41654531272975], [123.57781609496979, 13.415270288588705], [123.59625613824238, 13.437257210684642], [123.59605486475928, 13.465807901294628], [123.57781609496979, 13.491096178228446], [123.57254613587187, 13.494358591904613], [123.54689047635131, 13.508486101022388], [123.53218399795371, 13.494358591904614], [123.5194552225682, 13.465807901294628], [123.52495614928777, 13.437257210684646], [123.54689047635131, 13.41654531272975]]]}, "properties": {"fillColor": "#8A2BE2", "fillOpacity": 0.7, "color": "#000000", "weight": 0.2, "stroke": false}}, {"type": "Feature", "geometry": {"type": "Polygon", "coordinates": [[[148.19460851528876, 13.62437105429307], [148.22553413390725, 13.620274938391926], [148.25645975252573, 13.620557914816183], [148.28738537114424, 13.625628649422802], [148.30473032702733, 13.63711204495453], [148.31831098976272, 13.640144184409062], [148.3492366083812, 13.652854474531264], [148.36536785154797, 13.665662735564513], [148.3801622269997, 13.687953232575547], [148.38552025546943, 13.6942134261745], [148.4062137198482, 13.72276411678448], [148.41102777154046, 13.751314807394465], [148.4110878456182, 13.751827555637838], [148.42459220630167, 13.779865498004447], [148.4298649585586, 13.808416188614432], [148.43132499023818, 13.836966879224416], [148.42973475628045, 13.865517569834399], [148.42106536282284, 13.894068260444383], [148.4110878456182, 13.903279555787572], [148.39690086335014, 13.922618951054366], [148.3801622269997, 13.938072146463952], [148.3492366083812, 13.944899772649004], [148.31831098976272, 13.948783794165793], [148.28738537114424, 13.950902887931777], [148.2691445727723, 13.95116964166435], [148.2564597525257, 13.95276230222149], [148.25031047837652, 13.95116964166435], [148.22553413390725, 13.95010433500488], [148.19460851528876, 13.944543181140087], [148.16368289667025, 13.927020358687471], [148.15801157262354, 13.922618951054368], [148.13275727805177, 13.900431429931775], [148.12691820726386, 13.894068260444385], [148.10448723703192, 13.865517569834399], [148.1018316594333, 13.854914205488534], [148.0897839291919, 13.836966879224416], [148.08189861264603, 13.808416188614434], [148.07917398318128, 13.779865498004447], [148.07862170520738, 13.751314807394465], [148.0798953761642, 13.72276411678448], [148.0845857302607, 13.694213426174498], [148.10089921243505, 13.665662735564513], [148.1018316594333, 13.664794942088722], [148.13275727805177, 13.643966289116529], [148.16368289667025, 13.637443625124162], [148.16628665796793, 13.63711204495453], [148.19460851528876, 13.62437105429307]]]}, "properties": {"fillColor": "#8A2BE2", "fillOpacity": 0.7, "color": "#000000", "weight": 0.2, "stroke": false}}, {"type": "Feature", "geometry": {"type": "Polygon", "coordinates": [[[148.25644775536048, 13.808416188614432], [148.25645975252573, 13.8084234868316], [148.25647336727167, 13.808416188614432], [148.25645975252573, 13.808339103702872], [148.25644775536048, 13.808416188614432]]]}, "properties": {"fillColor": "#8A2BE2", "fillOpacity": 0.7, "color": "#000000", "weight": 0.2, "stroke": false}}, {"type": "Feature", "geometry": {"type": "Polygon", "coordinates": [[[123.33041114602187, 13.659567660774062], [123.36133676464036, 13.647139260584286], [123.39123790969394, 13.665662735564513], [123.38298522892947, 13.694213426174498], [123.36133676464036, 13.714288115997357], [123.33406592336371, 13.72276411678448], [123.33041114602186, 13.72455159344855], [123.32742186895538, 13.722764116784479], [123.30693777421558, 13.694213426174498], [123.32382637120863, 13.665662735564513], [123.33041114602187, 13.659567660774062]]]}, "properties": {"fillColor": "#8A2BE2", "fillOpacity": 0.7, "color": "#000000", "weight": 0.2, "stroke": false}}, {"type": "Feature", "geometry": {"type": "Polygon", "coordinates": [[[120.45432861450219, 14.550326809681593], [120.45476983256631, 14.550734144474006], [120.45432861450219, 14.55132622029138], [120.45388739643808, 14.550734144474006], [120.45432861450219, 14.550326809681593]]]}, "properties": {"fillColor": "#8A2BE2", "fillOpacity": 0.7, "color": "#000000", "weight": 0.2, "stroke": false}}, {"type": "Feature", "geometry": {"type": "Polygon", "coordinates": [[[121.25839469858296, 14.775200125438841], [121.28932031720144, 14.773277112728703], [121.29561046627052, 14.779139669353876], [121.30541431210787, 14.80769035996386], [121.30538876377767, 14.836241050573843], [121.29932482977674, 14.864791741183828], [121.28932031720146, 14.874027958792414], [121.25839469858296, 14.892178644238552], [121.22746907996446, 14.89192268583965], [121.21136482158792, 14.864791741183828], [121.21938898138137, 14.836241050573843], [121.22746907996446, 14.826323833460375], [121.2385300977308, 14.80769035996386], [121.25473620862272, 14.779139669353876], [121.25839469858296, 14.775200125438841]]]}, "properties": {"fillColor": "#8A2BE2", "fillOpacity": 0.7, "color": "#000000", "weight": 0.2, "stroke": false}}, {"type": "Feature", "geometry": {"type": "Polygon", "coordinates": [[[120.29970052140973, 15.116187278084396], [120.33062614002824, 15.101959800233804], [120.34417642061291, 15.12174795667368], [120.34941338962545, 15.150298647283664], [120.35018985077897, 15.178849337893647], [120.34955974423536, 15.207400028503631], [120.35213859372142, 15.235950719113614], [120.34152530071705, 15.2645014097236], [120.33062614002824, 15.274939610165681], [120.29970052140973, 15.281175763511772], [120.27836680877957, 15.2645014097236], [120.26877490279122, 15.255860840160093], [120.2527589920206, 15.235950719113614], [120.24947432773018, 15.207400028503631], [120.25018150781472, 15.178849337893647], [120.26140852987666, 15.150298647283664], [120.26877490279122, 15.14349797381627], [120.29367728968965, 15.12174795667368], [120.29970052140973, 15.116187278084396]]]}, "properties": {"fillColor": "#8A2BE2", "fillOpacity": 0.7, "color": "#000000", "weight": 0.2, "stroke": false}}, {"type": "Feature", "geometry": {"type": "Polygon", "coordinates": [[[121.32024593581994, 15.513198350738655], [121.35117155443844, 15.49342328246767], [121.38209717305692, 15.495494608572988], [121.40784240447313, 15.52145762521345], [121.41220854235618, 15.550008315823435], [121.41058823608144, 15.57855900643342], [121.4064379114858, 15.607109697043402], [121.38209717305692, 15.63521929260954], [121.38171242109541, 15.635660387653386], [121.35117155443844, 15.663632676891508], [121.35074634853329, 15.664211078263369], [121.3426845273001, 15.692761768873353], [121.32024593581994, 15.716184877584196], [121.31746907483198, 15.721312459483336], [121.31222097178582, 15.749863150093322], [121.29617713223054, 15.778413840703305], [121.28932031720146, 15.784744087702737], [121.27586988757045, 15.806964531313287], [121.25839469858296, 15.823190368457478], [121.22746907996446, 15.835452878836145], [121.22677270573831, 15.835515221923272], [121.19654346134598, 15.842662149364326], [121.16561784272749, 15.836296147943406], [121.16429225529821, 15.835515221923272], [121.14770732802427, 15.806964531313287], [121.14895049390043, 15.778413840703305], [121.14413981922273, 15.74986315009332], [121.14856192340262, 15.721312459483336], [121.15739317099697, 15.692761768873353], [121.16561784272749, 15.677161778476922], [121.16802137971831, 15.664211078263369], [121.18155688859272, 15.635660387653388], [121.19654346134598, 15.621349626782452], [121.20984818684362, 15.607109697043402], [121.22746907996446, 15.591662059207458], [121.25839469858296, 15.578660729457273], [121.2586102349346, 15.57855900643342], [121.28932031720144, 15.55043809149247], [121.28968429821346, 15.550008315823435], [121.31129963129925, 15.52145762521345], [121.32024593581994, 15.513198350738655]]]}, "properties": {"fillColor": "#8A2BE2", "fillOpacity": 0.7, "color": "#000000", "weight": 0.2, "stroke": false}}, {"type": "Feature", "geometry": {"type": "Polygon", "coordinates": [[[120.29970052140973, 15.54726126031576], [120.30267608484232, 15.550008315823435], [120.3014725101989, 15.578559006433421], [120.30644654696574, 15.607109697043402], [120.32474229479615, 15.635660387653385], [120.328289603359, 15.664211078263369], [120.3291311119813, 15.692761768873353], [120.32926871633782, 15.721312459483336], [120.3286606432959, 15.74986315009332], [120.32608860418779, 15.778413840703305], [120.30977429851708, 15.806964531313287], [120.29970052140973, 15.816264694295114], [120.26877490279124, 15.83435204459379], [120.26145608898045, 15.835515221923272], [120.23784928417277, 15.851131767577996], [120.20692366555426, 15.855665912036747], [120.17599804693577, 15.854680053963385], [120.14507242831729, 15.845995304688813], [120.1290945286209, 15.835515221923272], [120.11414680969878, 15.832218150945533], [120.08771813316774, 15.806964531313287], [120.0832211910803, 15.791250363620872], [120.07189830674133, 15.778413840703305], [120.06080428796591, 15.749863150093319], [120.05738936346442, 15.721312459483336], [120.05641081962003, 15.692761768873353], [120.05702999448985, 15.664211078263369], [120.06061864844762, 15.635660387653386], [120.08230108373114, 15.607109697043402], [120.0832211910803, 15.606260249193124], [120.10260518466919, 15.57855900643342], [120.11414680969878, 15.567903718679236], [120.14507242831728, 15.555620194976322], [120.17599804693577, 15.553856445620095], [120.20692366555426, 15.55424051085484], [120.23784928417275, 15.558336432490048], [120.26751848986525, 15.57855900643342], [120.26877490279124, 15.578878130721309], [120.28821167586015, 15.57855900643342], [120.29672495797715, 15.550008315823435], [120.29970052140973, 15.54726126031576]]]}, "properties": {"fillColor": "#8A2BE2", "fillOpacity": 0.7, "color": "#000000", "weight": 0.2, "stroke": false}}, {"type": "Feature", "geometry": {"type": "Polygon", "coordinates": [[[120.15655181616762, 15.66421107826337], [120.14507242831726, 15.688228391218958], [120.14330069261685, 15.692761768873353], [120.14507242831728, 15.72058475102412], [120.14510988376462, 15.721312459483336], [120.16150400499444, 15.74986315009332], [120.17599804693577, 15.761177212781305], [120.20692366555426, 15.764907823070793], [120.23525339114067, 15.74986315009332], [120.23784928417275, 15.747142139900154], [120.25127611566575, 15.721312459483336], [120.25007172313147, 15.692761768873353], [120.23784928417275, 15.67043107393392], [120.23271853211128, 15.664211078263367], [120.20692366555426, 15.64693429360518], [120.17599804693577, 15.648725764323547], [120.15655181616762, 15.66421107826337]]]}, "properties": {"fillColor": "#8A2BE2", "fillOpacity": 0.7, "color": "#000000", "weight": 0.2, "stroke": false}}, {"type": "Feature", "geometry": {"type": "Polygon", "coordinates": [[[121.28932031720144, 15.919408194888618], [121.29295820717691, 15.921167293753221], [121.28932031720146, 15.923877994090564], [121.28636227703461, 15.921167293753223], [121.28932031720144, 15.919408194888618]]]}, "properties": {"fillColor": "#8A2BE2", "fillOpacity": 0.7, "color": "#000000", "weight": 0.2, "stroke": false}}, {"type": "Feature", "geometry": {"type": "Polygon", "coordinates": [[[121.22746907996446, 15.930678521286598], [121.25839469858296, 15.94125199810973], [121.26751211725302, 15.949717984363206], [121.25839469858296, 15.95943380402764], [121.24495250006979, 15.97826867497319], [121.22746907996446, 15.991973922287109], [121.19961315179111, 16.006819365583173], [121.19654346134598, 16.009292315865714], [121.19450978439119, 16.006819365583173], [121.18547778735686, 15.97826867497319], [121.19654346134598, 15.956409096573498], [121.201647063686, 15.949717984363206], [121.22746907996446, 15.930678521286598]]]}, "properties": {"fillColor": "#8A2BE2", "fillOpacity": 0.7, "color": "#000000", "weight": 0.2, "stroke": false}}, {"type": "Feature", "geometry": {"type": "Polygon", "coordinates": [[[120.60895670759464, 16.687435982135096], [120.63988232621314, 16.688829839347388], [120.67080794483162, 16.688178967673004], [120.70173356345012, 16.687117120104666], [120.72403902668313, 16.69203594022278], [120.7326591820686, 16.692128210687155], [120.7635848006871, 16.693917247989223], [120.7945104193056, 16.70464032443132], [120.81295711312313, 16.720586630832763], [120.82438817114189, 16.74913732144275], [120.8246043088433, 16.77768801205273], [120.82481959893813, 16.806238702662718], [120.82486464206319, 16.8347893932727], [120.82466129525766, 16.863340083882683], [120.82391876564563, 16.891890774492666], [120.82046697062185, 16.92044146510265], [120.7945104193056, 16.947701967502006], [120.79342206133704, 16.948992155712634], [120.7635848006871, 16.973871978322872], [120.7326591820686, 16.97648208885869], [120.70173356345012, 16.97750259153639], [120.70109463949132, 16.977542846322617], [120.67080794483162, 16.9989379047628], [120.63988232621314, 17.00177925478156], [120.60895670759464, 17.000686493729688], [120.57803108897616, 16.993930961486196], [120.55452870467907, 16.977542846322617], [120.54710547035766, 16.975250048888668], [120.5201151947154, 16.948992155712634], [120.51617985173917, 16.93920204357332], [120.49834833232256, 16.92044146510265], [120.49040477939407, 16.891890774492666], [120.4882244751922, 16.863340083882683], [120.48767203869438, 16.8347893932727], [120.48801108402056, 16.806238702662718], [120.49016940436262, 16.77768801205273], [120.49918384374405, 16.74913732144275], [120.51617985173917, 16.7297204032196], [120.52008058408654, 16.720586630832763], [120.54710547035766, 16.696975324347854], [120.57803108897616, 16.692079495030917], [120.58193065859454, 16.69203594022278], [120.60895670759464, 16.687435982135096]]]}, "properties": {"fillColor": "#8A2BE2", "fillOpacity": 0.7, "color": "#000000", "weight": 0.2, "stroke": false}}, {"type": "Feature", "geometry": {"type": "Polygon", "coordinates": [[[120.61368079673812, 16.74913732144275], [120.60895670759464, 16.75029873211781], [120.57803108897616, 16.773170280465312], [120.57393246679491, 16.77768801205273], [120.55837144116298, 16.806238702662718], [120.5550939530605, 16.8347893932727], [120.55837060004589, 16.863340083882683], [120.57453480223596, 16.891890774492666], [120.57803108897616, 16.895623446101094], [120.60895670759464, 16.918153740000918], [120.6179881669235, 16.92044146510265], [120.63988232621314, 16.929258726092232], [120.67080794483161, 16.931330727441125], [120.70173356345012, 16.925338580576472], [120.71116058691268, 16.92044146510265], [120.7326591820686, 16.911628177040406], [120.75364279027858, 16.891890774492666], [120.7635848006871, 16.870697249687808], [120.76805951674598, 16.863340083882683], [120.77558373458692, 16.8347893932727], [120.7737455258472, 16.806238702662718], [120.76358480068711, 16.786224059404958], [120.75988383402529, 16.77768801205273], [120.73265918206862, 16.754127021026193], [120.716478137488, 16.74913732144275], [120.70173356345012, 16.742748308637477], [120.67080794483162, 16.737592280847778], [120.63988232621314, 16.73931732149571], [120.61368079673812, 16.74913732144275]]]}, "properties": {"fillColor": "#8A2BE2", "fillOpacity": 0.7, "color": "#000000", "weight": 0.2, "stroke": false}}, {"type": "Feature", "geometry": {"type": "Polygon", "coordinates": [[[122.24801449437467, 17.198788122218822], [122.26065976617821, 17.20594837120249], [122.24801449437467, 17.216010214924868], [122.24335015564347, 17.20594837120249], [122.24801449437467, 17.198788122218822]]]}, "properties": {"fillColor": "#8A2BE2", "fillOpacity": 0.7, "color": "#000000", "weight": 0.2, "stroke": false}}, {"type": "Feature", "geometry": {"type": "Polygon", "coordinates": [[[122.09338640128222, 17.229440363714453], [122.12431201990071, 17.209451509018024], [122.1552376385192, 17.222074726095443], [122.16820139322661, 17.23449906181247], [122.18616325713771, 17.26203626840574], [122.18726104565025, 17.263049752422454], [122.19998428351428, 17.291600443032436], [122.20087625754738, 17.32015113364242], [122.1972246227746, 17.348701824252405], [122.1861632571377, 17.374566307073753], [122.18468040124233, 17.37725251486239], [122.1552376385192, 17.393716850546824], [122.12431201990071, 17.391944972391613], [122.10675967867269, 17.37725251486239], [122.09338640128222, 17.363548516370287], [122.07927688930909, 17.348701824252405], [122.06337885799206, 17.32015113364242], [122.06246078266372, 17.30823956843861], [122.05961556041292, 17.291600443032436], [122.06246078266375, 17.28897371917601], [122.0731926626421, 17.263049752422454], [122.08790690622472, 17.23449906181247], [122.09338640128222, 17.229440363714453]]]}, "properties": {"fillColor": "#8A2BE2", "fillOpacity": 0.7, "color": "#000000", "weight": 0.2, "stroke": false}}, {"type": "Feature", "geometry": {"type": "Polygon", "coordinates": [[[122.27894011299318, 17.22763035461147], [122.2811112794831, 17.23449906181247], [122.27894011299317, 17.23733911456719], [122.2727702424197, 17.23449906181247], [122.27894011299318, 17.22763035461147]]]}, "properties": {"fillColor": "#8A2BE2", "fillOpacity": 0.7, "color": "#000000", "weight": 0.2, "stroke": false}}, {"type": "Feature", "geometry": {"type": "Polygon", "coordinates": [[[121.25839469858296, 17.253590426949447], [121.28932031720146, 17.244446949906646], [121.30539472490491, 17.263049752422454], [121.318463292767, 17.291600443032436], [121.32024593581994, 17.306773759928618], [121.32190898302605, 17.32015113364242], [121.32024593581994, 17.32994776320331], [121.31703912202683, 17.348701824252405], [121.29144147658386, 17.37725251486239], [121.28932031720144, 17.37896301367573], [121.2840589628653, 17.37725251486239], [121.25839469858298, 17.370440419807423], [121.22746907996446, 17.363068198713474], [121.19889154376004, 17.37725251486239], [121.19654346134598, 17.378771158056765], [121.17014727448239, 17.405803205472374], [121.17467809019797, 17.434353896082357], [121.1750115222485, 17.46290458669234], [121.16561784272747, 17.471889244893088], [121.13469222410899, 17.478749726191186], [121.1037666054905, 17.469962221015813], [121.09565037276063, 17.46290458669234], [121.08964425191738, 17.434353896082357], [121.09713591480347, 17.405803205472374], [121.10376660549052, 17.399607613414414], [121.12293314093841, 17.37725251486239], [121.10703478296213, 17.348701824252405], [121.12939971728277, 17.32015113364242], [121.13469222410899, 17.31526506404391], [121.14019675460034, 17.32015113364242], [121.16561784272747, 17.339504169539914], [121.19120003687118, 17.32015113364242], [121.19654346134598, 17.30071651412077], [121.22746907996446, 17.295025417263883], [121.23110893808266, 17.291600443032436], [121.25289143237936, 17.263049752422454], [121.25839469858296, 17.253590426949447]]]}, "properties": {"fillColor": "#8A2BE2", "fillOpacity": 0.7, "color": "#000000", "weight": 0.2, "stroke": false}}, {"type": "Feature", "geometry": {"type": "Polygon", "coordinates": [[[121.25839469858296, 17.67291994824386], [121.28932031720144, 17.676912298936138], [121.30491578102423, 17.691310111572207], [121.32024593581994, 17.71427506187101], [121.32629631396755, 17.719860802182193], [121.32324659534999, 17.748411492792172], [121.32024593581994, 17.751423014471293], [121.28932031720144, 17.763148404266943], [121.25839469858296, 17.750977228117502], [121.25557003931665, 17.748411492792176], [121.2396386563859, 17.719860802182193], [121.22863005867573, 17.691310111572207], [121.25839469858296, 17.67291994824386]]]}, "properties": {"fillColor": "#8A2BE2", "fillOpacity": 0.7, "color": "#000000", "weight": 0.2, "stroke": false}}, {"type": "Feature", "geometry": {"type": "Polygon", "coordinates": [[[121.07284098687201, 23.225573755028314], [121.07676320830628, 23.23014408990904], [121.07284098687201, 23.233152207353257], [121.07082367449141, 23.23014408990904], [121.07284098687201, 23.225573755028314]]]}, "properties": {"fillColor": "#8A2BE2", "fillOpacity": 0.7, "color": "#000000", "weight": 0.2, "stroke": false}}, {"type": "Feature", "geometry": {"type": "Polygon", "coordinates": [[[121.04191536825351, 23.306879858013588], [121.07284098687201, 23.310459731176664], [121.0793315349195, 23.31579616173899], [121.1037666054905, 23.33858351382127], [121.1094356853076, 23.344346852348973], [121.116532071207, 23.372897542958956], [121.11567767497023, 23.401448233568935], [121.1037666054905, 23.41244459434494], [121.08318803795191, 23.429998924178925], [121.07284098687202, 23.43955137510164], [121.04191536825351, 23.441769901002335], [121.02891442653927, 23.429998924178925], [121.01098974963503, 23.41603016748183], [120.99545285067589, 23.40144823356894], [120.99110259640517, 23.372897542958956], [120.99608999727127, 23.344346852348973], [121.01098974963503, 23.318558252438446], [121.01658863973746, 23.315796161738987], [121.04191536825351, 23.306879858013588]]]}, "properties": {"fillColor": "#8A2BE2", "fillOpacity": 0.7, "color": "#000000", "weight": 0.2, "stroke": false}}, {"type": "Feature", "geometry": {"type": "Polygon", "coordinates": [[[121.13469222410899, 23.53197077625115], [121.16561784272749, 23.531489601840065], [121.18936574359104, 23.54420168661886], [121.19654346134598, 23.564856744056158], [121.19909765849847, 23.57275237722884], [121.19654346134598, 23.57953091067034], [121.18960861837843, 23.601303067838824], [121.16561784272749, 23.62030388774019], [121.14509479422009, 23.62985375844881], [121.13469222410897, 23.635652026322468], [121.12096842062576, 23.62985375844881], [121.1037666054905, 23.61877156284686], [121.08985630771912, 23.601303067838824], [121.08882735794144, 23.572752377228845], [121.1037666054905, 23.55571404436817], [121.1147531099679, 23.54420168661886], [121.13469222410899, 23.53197077625115]]]}, "properties": {"fillColor": "#8A2BE2", "fillOpacity": 0.7, "color": "#000000", "weight": 0.2, "stroke": false}}, {"type": "Feature", "geometry": {"type": "Polygon", "coordinates": [[[126.361121770634, 24.026340743989557], [126.3920473892525, 24.02226864793104], [126.42297300787098, 24.021618466979334], [126.45389862648949, 24.018490550123943], [126.48482424510796, 24.022963310987706], [126.49656311721739, 24.02956342698858], [126.51574986372646, 24.042034720432802], [126.53001410242815, 24.058114117598564], [126.52136379544865, 24.086664808208546], [126.51574986372646, 24.095728373762544], [126.50969633967952, 24.115215498818532], [126.49502611151058, 24.14376618942852], [126.48482424510797, 24.15710798637739], [126.47860166714896, 24.172316880038498], [126.45785885497605, 24.200867570648484], [126.45389862648948, 24.204665933779562], [126.43767788161767, 24.229418261258466], [126.42297300787098, 24.24859591360273], [126.41928626425815, 24.25796895186845], [126.39714251714061, 24.28651964247843], [126.3920473892525, 24.293942216675557], [126.3852909662703, 24.315070333088418], [126.37392719732276, 24.343621023698397], [126.36112177063401, 24.356274281513976], [126.34715677296042, 24.372171714308383], [126.3301961520155, 24.387055970748314], [126.30721224721205, 24.400722404918366], [126.29927053339702, 24.406642182158706], [126.26834491477852, 24.409151163958633], [126.23741929616003, 24.40759052713727], [126.20649367754154, 24.40146797057381], [126.20483878718811, 24.40072240491837], [126.17556805892305, 24.394959989142894], [126.14464244030457, 24.386431551187258], [126.11371682168607, 24.381144438502126], [126.08279120306759, 24.373659801506488], [126.08002359794882, 24.372171714308383], [126.05186558444908, 24.36247947097124], [126.0295599443713, 24.3436210236984], [126.02093996583059, 24.332125406930196], [126.00657257909671, 24.315070333088418], [126.00173436200015, 24.28651964247843], [126.01337862059405, 24.25796895186845], [126.02093996583059, 24.24545392068172], [126.02463249089013, 24.229418261258466], [126.04192677487129, 24.200867570648484], [126.05186558444908, 24.189097768015323], [126.06060934624404, 24.172316880038498], [126.08279120306759, 24.151599381471183], [126.09319837393494, 24.14376618942851], [126.11371682168607, 24.12847508278275], [126.14464244030457, 24.117050178339127], [126.1487713593422, 24.115215498818532], [126.17556805892306, 24.09354641553124], [126.19430463644704, 24.086664808208546], [126.20649367754154, 24.077650502094844], [126.23741929616003, 24.06470091636985], [126.25850619317603, 24.058114117598564], [126.26834491477852, 24.051245144279065], [126.29927053339702, 24.039874493000802], [126.3301961520155, 24.031703943530125], [126.34923319051653, 24.02956342698858], [126.361121770634, 24.026340743989557]]]}, "properties": {"fillColor": "#8A2BE2", "fillOpacity": 0.7, "color": "#000000", "weight": 0.2, "stroke": false}}, {"type": "Feature", "geometry": {"type": "Polygon", "coordinates": [[[127.47444404089968, 24.19385843911791], [127.50536965951818, 24.186791966530446], [127.53629527813666, 24.17819719998476], [127.56722089675516, 24.174418825800043], [127.59814651537364, 24.174398400475596], [127.62907213399214, 24.174848325319182], [127.65999775261062, 24.175105055942325], [127.69092337122912, 24.174863500976258], [127.72184898984762, 24.174226117703], [127.7527746084661, 24.173578377169306], [127.7837002270846, 24.173293834847527], [127.81462584570309, 24.17357578737609], [127.84555146432157, 24.174525030824253], [127.87647708294007, 24.176269321821675], [127.90740270155855, 24.179258802795765], [127.93832832017705, 24.192587085306933], [127.96593787626661, 24.200867570648484], [127.96925393879553, 24.201224984066418], [128.00017955741404, 24.205243194464348], [128.03110517603253, 24.212941042382994], [128.05498958589484, 24.229418261258466], [128.062030794651, 24.231990882026874], [128.09295641326952, 24.240560879846832], [128.11653612749458, 24.25796895186845], [128.123882031888, 24.261222760717963], [128.15480765050648, 24.271899787091925], [128.17424201823508, 24.28651964247843], [128.18573326912497, 24.292017879901426], [128.21665888774348, 24.299877475690508], [128.24758450636196, 24.306773168728753], [128.26541635368645, 24.315070333088418], [128.27851012498044, 24.321625758080668], [128.30943574359895, 24.33170034343251], [128.33228041922416, 24.343621023698404], [128.34036136221744, 24.3481970805896], [128.37128698083592, 24.359465332698296], [128.3917114123303, 24.372171714308386], [128.4022125994544, 24.37904803845345], [128.42799148366242, 24.40072240491837], [128.4331382180729, 24.404386362112504], [128.4640638366914, 24.41787147243946], [128.4793150469685, 24.42927309552835], [128.49498945530988, 24.441646870132608], [128.51278422176682, 24.457823786138334], [128.5259150739284, 24.468721427077163], [128.54499999056878, 24.486374476748317], [128.55684069254687, 24.496680604122048], [128.57627225188008, 24.514925167358303], [128.58776631116535, 24.52546971919076], [128.60666967696622, 24.543475857968286], [128.61869192978386, 24.55518308482609], [128.6363254820392, 24.57202654857827], [128.64961754840235, 24.585801920470136], [128.66519206557624, 24.600577239188254], [128.68054316702083, 24.6175855305257], [128.6925049844242, 24.629127929798237], [128.71146878563934, 24.652731733889723], [128.7154132565814, 24.65767862040822], [128.73041362654453, 24.686229311018206], [128.74239440425782, 24.702097671998764], [128.7549074933312, 24.71478000162819], [128.77324815662627, 24.74333069223817], [128.7733200228763, 24.74349351438907], [128.78707340188728, 24.771881382848154], [128.80305813302175, 24.80043207345814], [128.8042456414948, 24.803564330437904], [128.815981234618, 24.828982764068122], [128.8351712601133, 24.855201643156928], [128.83745984391814, 24.857533454678105], [128.85196188708017, 24.88608414528809], [128.86609687873178, 24.910178419031293], [128.86880075284134, 24.91463483589807], [128.89702249735026, 24.94080962887406], [128.89952458262522, 24.94318552650806], [128.92794811596877, 24.969651731816906], [128.93006140187782, 24.97173621711804], [128.94563200244562, 25.000286907728025], [128.95887373458726, 25.017474663864142], [128.96769495030247, 25.02883759833801], [128.9794162209127, 25.05738828894799], [128.98979935320574, 25.073786386710317], [128.99914025183392, 25.085938979557977], [129.00880102654878, 25.11448967016796], [129.01248698079974, 25.14304036077794], [129.02072497182428, 25.1579920311429], [129.03154296945092, 25.171591051387928], [129.038330345898, 25.20014174199791], [129.04109784054762, 25.228692432607893], [129.04264644385557, 25.257243123217876], [129.05165059044273, 25.275256884973423], [129.06070152094497, 25.285793813827866], [129.06386575954656, 25.31434450443784], [129.0653695295066, 25.34289519504783], [129.0711489943199, 25.371445885657813], [129.08257620906122, 25.377141105558646], [129.10414309408299, 25.371445885657813], [129.11350182767973, 25.365046378301493], [129.12141324826538, 25.34289519504783], [129.12166672474572, 25.314344504437845], [129.1204566125058, 25.285793813827862], [129.11371388231245, 25.257243123217876], [129.11350182767973, 25.25505422996931], [129.10574659751276, 25.22869243260789], [129.09982827978152, 25.20014174199791], [129.09589729760393, 25.171591051387928], [129.0934409552293, 25.14304036077794], [129.09202676042293, 25.11448967016796], [129.09138047112393, 25.085938979557977], [129.09140343559818, 25.05738828894799], [129.092193744565, 25.028837598338008], [129.094090524658, 25.000286907728025], [129.09782791783005, 24.97173621711804], [129.10491175287586, 24.943185526508056], [129.11350182767973, 24.922093771967386], [129.11456323864024, 24.914634835898074], [129.1214330482442, 24.88608414528809], [129.12922763041843, 24.857533454678105], [129.13775251756024, 24.828982764068122], [129.1444274462982, 24.811938553641248], [129.14655895499396, 24.80043207345814], [129.15883712788508, 24.771881382848154], [129.17280012833305, 24.743330692238175], [129.1753530649167, 24.740648826625776], [129.19552604447978, 24.71478000162819], [129.20627868353517, 24.695740775063584], [129.21388657487134, 24.686229311018206], [129.23720430215369, 24.665264835014657], [129.2522185894857, 24.65767862040822], [129.26812992077217, 24.6515798671647], [129.27855567342584, 24.65767862040822], [129.29905553939065, 24.673108447478448], [129.3122793907872, 24.686229311018202], [129.32273672378216, 24.714780001628192], [129.32998115800916, 24.723240028093223], [129.3481629541637, 24.74333069223817], [129.35687718140784, 24.771881382848154], [129.36090677662764, 24.780348239338462], [129.3764466930173, 24.80043207345814], [129.38296490014255, 24.828982764068122], [129.38639303106794, 24.857533454678105], [129.38824510029127, 24.88608414528809], [129.39071637464545, 24.914634835898074], [129.39183239524613, 24.92088962022527], [129.4047290245233, 24.943185526508053], [129.4088575395375, 24.97173621711804], [129.41169122125072, 25.000286907728025], [129.41357963471438, 25.028837598338008], [129.41479047016088, 25.05738828894799], [129.41923765241847, 25.085938979557977], [129.4227580138646, 25.10233109543205], [129.43000726761173, 25.11448967016796], [129.43419030316997, 25.143040360777942], [129.4371134592052, 25.171591051387928], [129.43916985093807, 25.20014174199791], [129.44060800855286, 25.228692432607893], [129.44159218068882, 25.257243123217876], [129.4422273242125, 25.285793813827862], [129.44973177996698, 25.31434450443784], [129.45316598220361, 25.342895195047827], [129.4536753967496, 25.371445885657813], [129.45368363248312, 25.374784461310885], [129.45380500503435, 25.399996576267796], [129.45368363248312, 25.404562152897537], [129.4533164555373, 25.42854726687778], [129.45226478404098, 25.45709795748776], [129.4504035205226, 25.485648648097747], [129.44668229602934, 25.51419933870773], [129.43203853305965, 25.542750029317713], [129.42657801023637, 25.5713007199277], [129.4227580138646, 25.581191425764267], [129.416600005009, 25.59985141053768], [129.40052350158288, 25.628402101147664], [129.39183239524613, 25.65694987894728], [129.39183209077973, 25.65695279175765], [129.3872627451507, 25.685503482367633], [129.3808899003118, 25.714054172977615], [129.37803166848784, 25.742604863587598], [129.37485525414962, 25.771155554197584], [129.37119076150648, 25.799706244807567], [129.36622129758146, 25.82825693541755], [129.36090677662764, 25.848316014163718], [129.36033310484618, 25.856807626027535], [129.35509875186392, 25.885358316637518], [129.34916638632757, 25.9139090072475], [129.34147340408532, 25.942459697857487], [129.32998115800916, 25.96445874950862], [129.32864737780068, 25.97101038846747], [129.31891987098558, 25.999561079077452], [129.30555129134234, 26.028111769687435], [129.29905553939065, 26.03914105244091], [129.29527291029135, 26.05666246029742], [129.28406219889982, 26.085213150907403], [129.27151771969994, 26.113763841517383], [129.26812992077217, 26.122278289059494], [129.26576415237574, 26.142314532127372], [129.26205573368242, 26.170865222737355], [129.25296544298433, 26.199415913347337], [129.24914971601828, 26.22796660395732], [129.24366925790028, 26.256517294567303], [129.23720430215369, 26.28015424145701], [129.23685590243124, 26.28506798517729], [129.23484010242373, 26.313618675787275], [129.23254786807308, 26.342169366397258], [129.22804719432955, 26.37072005700724], [129.22010646676034, 26.399270747617223], [129.2140859487456, 26.427821438227205], [129.20627868353517, 26.4507542868044], [129.20576519687353, 26.45637212883719], [129.2024471514896, 26.484922819447174], [129.1929110829512, 26.513473510057157], [129.1753530649167, 26.5382554367754], [129.17420123274968, 26.542024200667143], [129.1596325356205, 26.570574891277126], [129.1444274462982, 26.584983375379387], [129.13154129625403, 26.599125581887108], [129.11350182767973, 26.615494852041703], [129.09837005450058, 26.627676272497094], [129.08257620906122, 26.641673878292885], [129.05881998172023, 26.656226963107077], [129.0516505904427, 26.662475803008526], [129.02072497182425, 26.682583290194806], [129.01607539168356, 26.68477765371706], [128.98979935320574, 26.704414140833826], [128.95887373458726, 26.712654915497083], [128.95732866392297, 26.713328344327042], [128.92794811596877, 26.737263322516775], [128.91448270864296, 26.74187903493703], [128.89702249735026, 26.755251597027325], [128.86609687873178, 26.766232044080535], [128.8521867877813, 26.77042972554701], [128.8351712601133, 26.78308598106711], [128.8042456414948, 26.79381967120206], [128.78871704830823, 26.798980416156994], [128.7733200228763, 26.82025781896558], [128.7523303539589, 26.82753110676698], [128.74239440425782, 26.837709297088125], [128.71146878563934, 26.851339486790742], [128.68054316702083, 26.851834729066276], [128.67300695554172, 26.856081797376962], [128.64961754840235, 26.877488198905656], [128.63748232409438, 26.884632487986945], [128.61869192978386, 26.897522781352663], [128.58776631116535, 26.90764002772902], [128.5750881795263, 26.913183178596928], [128.55684069254687, 26.923051820489757], [128.53593380921808, 26.913183178596924], [128.5259150739284, 26.909650982738462], [128.49498945530988, 26.897087610007144], [128.4640638366914, 26.89931651241334], [128.4331382180729, 26.90382749699529], [128.4022125994544, 26.90911472265146], [128.37128698083592, 26.91169194253094], [128.36322021644227, 26.913183178596928], [128.34036136221744, 26.9260724875125], [128.30943574359895, 26.937454753648602], [128.28824482839258, 26.941733869206914], [128.27851012498044, 26.94776802803034], [128.24758450636196, 26.95897161892225], [128.21665888774348, 26.958220724450634], [128.18573326912497, 26.94790054838476], [128.17766068764143, 26.941733869206914], [128.15480765050648, 26.93748972909288], [128.123882031888, 26.933150200462748], [128.09295641326952, 26.924912877993513], [128.07315646850626, 26.91318317859693], [128.062030794651, 26.910519970032883], [128.03110517603253, 26.90402226287269], [128.00017955741404, 26.898700595916566], [127.97724516002648, 26.884632487986945], [127.96925393879553, 26.882673850797577], [127.93832832017705, 26.876138091235685], [127.90740270155855, 26.868615477783635], [127.88867504957511, 26.85608179737696], [127.87647708294006, 26.85112127262043], [127.84555146432157, 26.839188204059074], [127.81462584570309, 26.84330373682004], [127.80702739387888, 26.856081797376962], [127.80632417038078, 26.88463248798694], [127.8025995598662, 26.91318317859693], [127.78947939711618, 26.941733869206914], [127.7837002270846, 26.94649727609549], [127.75277460846611, 26.947068805752174], [127.7289592584142, 26.941733869206914], [127.72184898984762, 26.94005626770454], [127.69092337122912, 26.924702798978863], [127.65999775261062, 26.91555592138556], [127.65637127053911, 26.913183178596928], [127.62907213399214, 26.899970804153142], [127.59814651537363, 26.889828966025004], [127.58207084922181, 26.884632487986945], [127.56722089675516, 26.88046586172049], [127.53629527813666, 26.863187362191766], [127.52822117482503, 26.856081797376966], [127.50536965951818, 26.839010818743596], [127.492992409859, 26.827531106766983], [127.47444404089967, 26.81040169973759], [127.46251188402738, 26.798980416156994], [127.44351842228117, 26.779216375286218], [127.43445896602763, 26.770429725547014], [127.4125928036627, 26.744669785899358], [127.40974011368868, 26.74187903493703], [127.39465974776382, 26.713328344327042], [127.3816671850442, 26.69245865865844], [127.37305011874372, 26.68477765371706], [127.36181077216808, 26.656226963107077], [127.35074156642571, 26.636300361520128], [127.34203361022665, 26.65622696310708], [127.34738261748001, 26.684777653717056], [127.34833455765887, 26.713328344327042], [127.34850471674488, 26.74187903493703], [127.3475370853439, 26.77042972554701], [127.3436454789169, 26.798980416156994], [127.32057574120863, 26.827531106766976], [127.31981594780721, 26.82823255195385], [127.28889032918873, 26.852508835408333], [127.2602931132535, 26.856081797376962], [127.25796471057025, 26.85730544429362], [127.22703909195175, 26.868333533756818], [127.19611347333327, 26.8729225102609], [127.16518785471477, 26.874234676063303], [127.13426223609628, 26.872950547513483], [127.1033366174778, 26.868309741228952], [127.0724109988593, 26.8568838653341], [127.07073686715468, 26.856081797376962], [127.0414853802408, 26.854805827729106], [127.01055976162232, 26.85063817008472], [126.97963414300382, 26.845359403416346], [126.94870852438532, 26.836529164482847], [126.92667187742617, 26.82753110676698], [126.91778290576684, 26.827268169159037], [126.88685728714835, 26.826045340424823], [126.85593166852988, 26.822896312670736], [126.82500604991137, 26.818328165443333], [126.79408043129288, 26.808210950461614], [126.77655507626108, 26.798980416156994], [126.76315481267439, 26.79833299837187], [126.73222919405589, 26.796638736699574], [126.70130357543741, 26.793802958492943], [126.67037795681892, 26.78737525239645], [126.64349472552432, 26.77042972554701], [126.63945233820041, 26.768419536379934], [126.61123291090337, 26.74187903493703], [126.60852671958193, 26.730180797121267], [126.59968319070308, 26.713328344327042], [126.59916502000675, 26.68477765371706], [126.60852671958193, 26.66437041665438], [126.60939526381775, 26.656226963107077], [126.61757187713303, 26.627676272497094], [126.63586434688321, 26.599125581887108], [126.63945233820041, 26.595813129797705], [126.64843208108312, 26.570574891277126], [126.67037795681891, 26.54721296726114], [126.6725627022488, 26.542024200667143], [126.70130357543741, 26.514261819966524], [126.70206078323254, 26.513473510057157], [126.72040157884734, 26.48492281944717], [126.73222919405589, 26.474003504084756], [126.74496841026446, 26.45637212883719], [126.75889941567564, 26.427821438227205], [126.7494784543674, 26.399270747617223], [126.7408475798208, 26.37072005700724], [126.73357913589004, 26.342169366397258], [126.73222919405589, 26.33427768165035], [126.71821519813895, 26.31361867578727], [126.70718755844851, 26.285067985177285], [126.7043098785683, 26.256517294567306], [126.7050471263554, 26.22796660395732], [126.71120252408656, 26.199415913347337], [126.73222919405589, 26.17960724457287], [126.74781366185725, 26.170865222737355], [126.7631548126744, 26.15938143573412], [126.79408043129288, 26.15845916795704], [126.82500604991135, 26.17052876785156], [126.82579909391791, 26.170865222737355], [126.85593166852986, 26.17338961370851], [126.85957199411226, 26.170865222737355], [126.86025457419761, 26.142314532127372], [126.86224692332868, 26.113763841517386], [126.86995408593054, 26.085213150907403], [126.88685728714835, 26.06800170146021], [126.89194057627708, 26.056662460297424], [126.88685728714836, 26.05005530872365], [126.85808251112259, 26.028111769687435], [126.85593166852986, 26.027486898996237], [126.82500604991137, 26.00862167244985], [126.81530689234108, 25.999561079077452], [126.79408043129288, 25.978995445896754], [126.78543115397494, 25.97101038846747], [126.7639388450256, 25.942459697857483], [126.76315481267439, 25.941000230480306], [126.73701330003028, 25.913909007247497], [126.73222919405589, 25.89969141098539], [126.71915737793066, 25.885358316637515], [126.70558744890764, 25.856807626027535], [126.7013035754374, 25.83801453635501], [126.69290310224292, 25.82825693541755], [126.67946196491941, 25.799706244807567], [126.67506414438442, 25.771155554197584], [126.67327912233954, 25.742604863587598], [126.67261515058502, 25.714054172977615], [126.67274652350599, 25.685503482367633], [126.67436986049, 25.65695279175765], [126.68066819778915, 25.628402101147664], [126.70130357543741, 25.60087184048373], [126.70139091697519, 25.59985141053768], [126.70315839265204, 25.5713007199277], [126.70604558980908, 25.542750029317713], [126.71432821568195, 25.51419933870773], [126.7303061582378, 25.485648648097747], [126.72889939306916, 25.45709795748776], [126.72362475989253, 25.428547266877775], [126.72078463374865, 25.399996576267796], [126.71932966900604, 25.371445885657813], [126.71854456756249, 25.342895195047824], [126.7201599124409, 25.31434450443784], [126.72443765969342, 25.285793813827862], [126.73222919405589, 25.260553803148525], [126.73236766045281, 25.257243123217876], [126.7338275378294, 25.228692432607893], [126.7359148473138, 25.20014174199791], [126.73962184748001, 25.171591051387928], [126.75289445023301, 25.14304036077794], [126.76315481267437, 25.133567941253425], [126.76676957352761, 25.11448967016796], [126.76973465561157, 25.085938979557977], [126.78526412593723, 25.05738828894799], [126.79408043129288, 25.049249030372856], [126.80136577623236, 25.028837598338008], [126.82500604991137, 25.000544989753067], [126.82513301935037, 25.000286907728025], [126.83565134545798, 24.971736217118043], [126.85593166852986, 24.94973150262843], [126.86002133821093, 24.943185526508056], [126.88685728714835, 24.917462399632637], [126.88893807491446, 24.914634835898074], [126.91778290576684, 24.887882068590656], [126.91917125841726, 24.88608414528809], [126.93372373307926, 24.857533454678105], [126.94870852438532, 24.8434516346847], [126.9596564979881, 24.828982764068122], [126.97963414300384, 24.810767208944664], [126.98686355579207, 24.80043207345814], [127.01055976162232, 24.77855561402056], [127.01547288960741, 24.771881382848154], [127.0414853802408, 24.747866517333872], [127.04535999605298, 24.743330692238175], [127.0724109988593, 24.71835706692965], [127.07623018140697, 24.71478000162819], [127.1033366174778, 24.689755200043958], [127.10831832062127, 24.686229311018206], [127.13426223609628, 24.662277754443807], [127.14359123782896, 24.65767862040822], [127.16518785471476, 24.637102916362476], [127.19611347333326, 24.62921696489958], [127.1964005980202, 24.629127929798237], [127.22703909195175, 24.60449095235191], [127.25057765153512, 24.600577239188254], [127.22703909195175, 24.58728724228554], [127.19611347333326, 24.595895999689652], [127.17630421417559, 24.600577239188254], [127.16518785471477, 24.605030139482828], [127.13426223609628, 24.617893177828044], [127.1033366174778, 24.625166034101095], [127.09608175876505, 24.629127929798237], [127.0724109988593, 24.64175385199291], [127.0414853802408, 24.64742717545889], [127.02553449787592, 24.65767862040822], [127.01055976162232, 24.668339549381102], [126.99705400725215, 24.65767862040822], [127.01055976162232, 24.639128732042447], [127.01739144394568, 24.629127929798237], [127.0357474304287, 24.600577239188254], [127.0414853802408, 24.595439029366425], [127.06555727185702, 24.572026548578272], [127.0724109988593, 24.565907919460486], [127.0958114222124, 24.543475857968286], [127.1033366174778, 24.536792811252717], [127.1267882573629, 24.5149251673583], [127.13426223609628, 24.50829714959285], [127.15674551700025, 24.486374476748317], [127.16518785471477, 24.472057896082138], [127.1727623819759, 24.457823786138334], [127.17764859181689, 24.42927309552835], [127.19266417365859, 24.40072240491837], [127.19611347333327, 24.393414335695326], [127.20461518635578, 24.372171714308383], [127.22703909195175, 24.34887510333511], [127.23206964148333, 24.3436210236984], [127.25796471057023, 24.322278122977394], [127.26729154977524, 24.31507033308842], [127.28889032918873, 24.302815131344886], [127.31981594780723, 24.286791704801356], [127.32021680137339, 24.28651964247843], [127.35074156642571, 24.26329932660728], [127.36031718926786, 24.25796895186845], [127.38166718504421, 24.245652484406936], [127.4125928036627, 24.23052949788095], [127.41453658281722, 24.229418261258466], [127.44351842228119, 24.207881638751534], [127.46116923075735, 24.200867570648484], [127.47444404089968, 24.19385843911791]]]}, "properties": {"fillColor": "#8A2BE2", "fillOpacity": 0.7, "color": "#000000", "weight": 0.2, "stroke": false}}, {"type": "Feature", "geometry": {"type": "Polygon", "coordinates": [[[127.28433344406733, 24.57202654857827], [127.28889032918873, 24.572544480814386], [127.31981594780723, 24.572563665194068], [127.32470095597219, 24.57202654857827], [127.31981594780723, 24.56952121699129], [127.28889032918873, 24.571299959202694], [127.28433344406733, 24.57202654857827]]]}, "properties": {"fillColor": "#8A2BE2", "fillOpacity": 0.7, "color": "#000000", "weight": 0.2, "stroke": false}}, {"type": "Feature", "geometry": {"type": "Polygon", "coordinates": [[[127.37003061243396, 24.629127929798237], [127.35074156642571, 24.63383779812493], [127.31981594780723, 24.64345724094838], [127.29093867742701, 24.65767862040822], [127.28889032918873, 24.658508833427433], [127.25796471057023, 24.671763863489332], [127.23464144094062, 24.686229311018206], [127.22703909195175, 24.690876619167565], [127.19611347333326, 24.71205007946286], [127.19257482627513, 24.71478000162819], [127.16518785471477, 24.73867918772754], [127.1599673210606, 24.74333069223817], [127.136227386907, 24.771881382848154], [127.13426223609628, 24.77650311319777], [127.12055839745554, 24.80043207345814], [127.12576099270684, 24.828982764068122], [127.13426223609628, 24.832951203314817], [127.16518785471477, 24.8313424311353], [127.1732458473987, 24.828982764068122], [127.19611347333326, 24.824142496434554], [127.22703909195175, 24.817023113877376], [127.25796471057023, 24.809268466726714], [127.28805786180513, 24.800432073458143], [127.28889032918873, 24.800261855906616], [127.31981594780723, 24.794906136441465], [127.35074156642571, 24.79037375990808], [127.38166718504422, 24.78683649323338], [127.4125928036627, 24.785237204419737], [127.44351842228117, 24.789910013814172], [127.45391559703842, 24.80043207345814], [127.44351842228119, 24.806335999955152], [127.41520848925202, 24.828982764068122], [127.4125928036627, 24.83193701008683], [127.38166718504421, 24.85525120302423], [127.37893176962709, 24.857533454678105], [127.35074156642571, 24.882176106122827], [127.34414789550036, 24.88608414528809], [127.35074156642571, 24.8974021209087], [127.38166718504421, 24.89121381632644], [127.4125928036627, 24.89426743962325], [127.44351842228119, 24.89796457459952], [127.4744440408997, 24.90395896498608], [127.50536965951818, 24.91201383541772], [127.5141246162672, 24.914634835898074], [127.53629527813666, 24.93718451721062], [127.5473455795731, 24.94318552650806], [127.53629527813666, 24.953035855241673], [127.50818868238305, 24.97173621711804], [127.50536965951818, 24.9725807108746], [127.47444404089967, 24.987010727030516], [127.45188583383361, 25.000286907728025], [127.44351842228119, 25.00481090930045], [127.4125928036627, 25.026899350428472], [127.4104347804568, 25.028837598338008], [127.38166718504421, 25.05572656892981], [127.38017622945377, 25.05738828894799], [127.35614803781617, 25.085938979557973], [127.35074156642573, 25.09298483791109], [127.33494234864716, 25.114489670167956], [127.31981594780723, 25.14192608589526], [127.31907493570822, 25.143040360777942], [127.30088979532076, 25.171591051387928], [127.28889032918873, 25.196321754114123], [127.28703265112429, 25.20014174199791], [127.2788467195899, 25.228692432607893], [127.27589505346697, 25.257243123217876], [127.27476685411362, 25.285793813827862], [127.27537800070053, 25.314344504437845], [127.2782690190168, 25.342895195047827], [127.2838757317684, 25.371445885657813], [127.28889032918873, 25.39697778292349], [127.28926605062672, 25.399996576267796], [127.28889032918872, 25.403175752490295], [127.25796471057026, 25.419782599267002], [127.22703909195175, 25.413332670107174], [127.19762460198274, 25.399996576267796], [127.19611347333326, 25.39923370431163], [127.16656082205819, 25.371445885657813], [127.16518785471477, 25.37020006889766], [127.14157746966511, 25.342895195047827], [127.13426223609628, 25.336073067397766], [127.115332684019, 25.314344504437845], [127.1033366174778, 25.301981106575365], [127.09437541927957, 25.285793813827862], [127.07241099885928, 25.262930071773194], [127.0414853802408, 25.26016281540385], [127.01055976162232, 25.2671571171241], [126.9796341430038, 25.278773374447702], [126.96834776023059, 25.285793813827866], [126.94870852438532, 25.298938170805066], [126.9338009028765, 25.314344504437845], [126.91778290576684, 25.33992144676098], [126.91569223293638, 25.342895195047827], [126.90182309150626, 25.371445885657813], [126.89407623011573, 25.399996576267796], [126.88764728130936, 25.42854726687778], [126.88685728714836, 25.431110410128003], [126.87453775902404, 25.45709795748776], [126.85593166852986, 25.479430408176558], [126.85119248276087, 25.485648648097747], [126.82500604991137, 25.510399574395002], [126.82191606977845, 25.51419933870773], [126.79884199080556, 25.542750029317713], [126.79408043129288, 25.550659895089797], [126.78158289295293, 25.5713007199277], [126.77165234185969, 25.59985141053768], [126.76615024020515, 25.628402101147664], [126.76317329872721, 25.65695279175765], [126.76315481267439, 25.658189641236213], [126.76236045231116, 25.685503482367633], [126.7631548126744, 25.691529915978276], [126.76515357904512, 25.714054172977615], [126.77055038539937, 25.7426048635876], [126.77864341619284, 25.771155554197584], [126.78990177479878, 25.799706244807567], [126.79408043129288, 25.808089078833138], [126.80293369603797, 25.82825693541755], [126.81855268060843, 25.856807626027535], [126.82500604991137, 25.86611956669261], [126.83919406089979, 25.885358316637518], [126.85593166852985, 25.90416871389605], [126.868839690207, 25.9139090072475], [126.88685728714833, 25.92681818463831], [126.91778290576684, 25.9327392745006], [126.94870852438532, 25.913975055660025], [126.94876750020393, 25.9139090072475], [126.96784587453214, 25.885358316637515], [126.9796341430038, 25.872026784727982], [127.01055976162232, 25.87214373434454], [127.04148538024079, 25.885206444225926], [127.0417330383062, 25.885358316637518], [127.07241099885928, 25.903895584524886], [127.08735908976817, 25.913909007247504], [127.1033366174778, 25.924611069070927], [127.12877610553679, 25.942459697857483], [127.13426223609628, 25.946298070967984], [127.16518785471476, 25.96475790232736], [127.178208047558, 25.97101038846747], [127.19611347333324, 25.98045672636454], [127.22703909195177, 25.99697843654467], [127.23101270261971, 25.999561079077452], [127.25796471057026, 26.01807331285262], [127.27136712658047, 26.028111769687435], [127.28889032918875, 26.043737632799115], [127.30234296184848, 26.056662460297424], [127.31981594780723, 26.07798070732337], [127.32550521763068, 26.085213150907407], [127.34166755018784, 26.113763841517386], [127.35074156642571, 26.13223609657354], [127.35532119258934, 26.142314532127372], [127.36748630946576, 26.170865222737355], [127.38091280741192, 26.199415913347337], [127.3816671850442, 26.200928759191317], [127.39354165168811, 26.22796660395732], [127.4077829856069, 26.256517294567306], [127.4125928036627, 26.26553118741249], [127.42241421598612, 26.285067985177285], [127.44101819864179, 26.31361867578727], [127.44351842228119, 26.316721572718535], [127.46169573421633, 26.342169366397258], [127.47444404089967, 26.356727649374065], [127.48551940577345, 26.37072005700724], [127.5053696595182, 26.393146906608326], [127.51049979286542, 26.399270747617223], [127.53629527813666, 26.427477875061108], [127.53659976866668, 26.427821438227205], [127.56171363928246, 26.456372128837188], [127.56722089675516, 26.46222120891776], [127.5875441108655, 26.484922819447174], [127.59814651537364, 26.49538693087395], [127.6169549032713, 26.51347351005716], [127.62907213399214, 26.523263850195505], [127.6553310779862, 26.542024200667143], [127.65999775261062, 26.54502535247737], [127.69092337122912, 26.56420670098811], [127.70189532166921, 26.57057489127713], [127.72184898984762, 26.58252042105911], [127.75277460846611, 26.59858937043366], [127.75383779143039, 26.599125581887108], [127.78370022708458, 26.615722431860974], [127.81138143173341, 26.627676272497094], [127.81462584570309, 26.629395404497473], [127.84555146432157, 26.64382168675241], [127.87647708294008, 26.6548687351125], [127.88056022983164, 26.65622696310708], [127.90740270155855, 26.6691684924976], [127.93832832017705, 26.683390447449625], [127.94100797657147, 26.68477765371706], [127.96925393879553, 26.70251233120797], [127.98899125240231, 26.713328344327042], [128.00017955741404, 26.71947976656817], [128.03110517603253, 26.733070730055253], [128.05794100232512, 26.74187903493703], [128.062030794651, 26.743443492458116], [128.09295641326952, 26.7522670119215], [128.123882031888, 26.758092022575653], [128.15480765050648, 26.761129048195446], [128.18573326912497, 26.760267724446077], [128.21665888774348, 26.75457995529121], [128.24758450636196, 26.747452955475488], [128.27851012498044, 26.743982881867623], [128.30943574359895, 26.74473831289862], [128.34036136221744, 26.747658080767557], [128.37128698083592, 26.750987755368868], [128.4022125994544, 26.753791206428982], [128.4331382180729, 26.75567488611356], [128.4640638366914, 26.756407591694426], [128.49498945530988, 26.75569116270534], [128.5259150739284, 26.753083371080486], [128.55684069254687, 26.747989777845987], [128.57976598243516, 26.74187903493703], [128.58776631116535, 26.74004963983125], [128.61869192978384, 26.730605853973834], [128.64961754840235, 26.718298969185724], [128.66022196927136, 26.713328344327046], [128.68054316702083, 26.704264564736256], [128.71146878563934, 26.689346172022642], [128.7208413256796, 26.684777653717063], [128.74239440425782, 26.673799031672296], [128.7733200228763, 26.65892933804388], [128.77926036728917, 26.656226963107077], [128.8042456414948, 26.643320656305228], [128.8351712601133, 26.627801547459306], [128.8354121631009, 26.627676272497094], [128.86609687873178, 26.608271899623258], [128.87979908245, 26.599125581887108], [128.89702249735026, 26.584511644645694], [128.91231836836872, 26.570574891277126], [128.92794811596877, 26.552196746319105], [128.9361037535504, 26.542024200667143], [128.9537797345049, 26.513473510057153], [128.95887373458726, 26.502772129527273], [128.9674576233384, 26.484922819447174], [128.97819865999173, 26.456372128837195], [128.98741324511008, 26.427821438227205], [128.98979935320574, 26.419428132478814], [128.99545935173614, 26.399270747617223], [129.00272489913775, 26.37072005700724], [129.00967004325742, 26.342169366397258], [129.01653991613128, 26.31361867578727], [129.02072497182425, 26.297543808895416], [129.0236946209976, 26.28506798517729], [129.03083083813937, 26.256517294567306], [129.03750885816441, 26.22796660395732], [129.04175165439594, 26.199415913347337], [129.0349779919584, 26.170865222737355], [129.02072497182425, 26.152219214989174], [129.01428249335208, 26.142314532127372], [129.01980737016916, 26.11376384151739], [129.02072497182425, 26.11214860344349], [129.03763927643547, 26.085213150907403], [129.05165059044273, 26.060101082250863], [129.05359442471737, 26.05666246029742], [129.07046019649562, 26.028111769687435], [129.08257620906122, 26.00026650178759], [129.08292866526864, 25.999561079077452], [129.0958094112035, 25.97101038846747], [129.10645095273776, 25.94245969785748], [129.11350182767973, 25.920889141155445], [129.11618949782485, 25.9139090072475], [129.12768348447577, 25.885358316637518], [129.1402066574864, 25.856807626027535], [129.1444274462982, 25.84724862318022], [129.15290151146544, 25.82825693541755], [129.16484971000494, 25.799706244807567], [129.17530843518097, 25.771155554197584], [129.1753530649167, 25.770998789732193], [129.1823874055759, 25.742604863587598], [129.1844655674504, 25.714054172977615], [129.1753530649167, 25.686498707872364], [129.17402207741412, 25.685503482367633], [129.1444274462982, 25.678778519083526], [129.11350182767973, 25.680004343114064], [129.08257620906122, 25.674732895333847], [129.05363774061, 25.65695279175765], [129.05165059044273, 25.65333683003369], [129.03562767278282, 25.628402101147664], [129.02072497182425, 25.614089818738762], [128.98979935320574, 25.601299141661535], [128.9806543806565, 25.59985141053768], [128.95887373458726, 25.59585621167741], [128.92794811596877, 25.592125377800606], [128.89702249735026, 25.586228222182015], [128.86844296418843, 25.5713007199277], [128.86609687873178, 25.570325795015616], [128.8351712601133, 25.54533805682744], [128.83255692107417, 25.542750029317713], [128.80761069091176, 25.51419933870773], [128.8042456414948, 25.509068243437333], [128.78262965325428, 25.485648648097747], [128.7733200228763, 25.469975724919042], [128.75246099407786, 25.45709795748776], [128.74239440425782, 25.44524893665953], [128.71146878563934, 25.440075258014637], [128.70940428290095, 25.428547266877775], [128.707091965811, 25.399996576267796], [128.7083310732932, 25.371445885657813], [128.71125803009318, 25.342895195047827], [128.71146878563934, 25.34121975618354], [128.71574380351024, 25.314344504437845], [128.71882139964683, 25.285793813827862], [128.72015069335532, 25.257243123217876], [128.7195960539456, 25.228692432607893], [128.7169651620094, 25.20014174199791], [128.71205663729788, 25.171591051387928], [128.71146878563934, 25.16919261299524], [128.70461763827603, 25.143040360777942], [128.69379110541098, 25.11448967016796], [128.68054316702083, 25.08752155266043], [128.6795057603279, 25.085938979557977], [128.65195711314857, 25.05738828894799], [128.64961754840235, 25.05519442006257], [128.61869192978386, 25.042882944264367], [128.58776631116535, 25.041217029006365], [128.55684069254687, 25.048410001902756], [128.54515254017554, 25.05738828894799], [128.5259150739284, 25.07296960719851], [128.51598490539027, 25.08593897955798], [128.50110548170295, 25.114489670167956], [128.49498945530988, 25.134641626919155], [128.4910879696498, 25.143040360777942], [128.48158312205894, 25.171591051387928], [128.4737843695641, 25.20014174199791], [128.46542569772413, 25.228692432607893], [128.4640638366914, 25.2322974287149], [128.4331382180729, 25.25247935013878], [128.42482477958856, 25.228692432607893], [128.42033153498585, 25.20014174199791], [128.41783390238177, 25.171591051387928], [128.41587051940328, 25.143040360777942], [128.41424004661295, 25.11448967016796], [128.413385806368, 25.085938979557977], [128.41421097180233, 25.05738828894799], [128.4153891662425, 25.028837598338008], [128.41452460039366, 25.000286907728025], [128.4107708723501, 24.97173621711804], [128.40396550895443, 24.943185526508056], [128.4022125994544, 24.93729538442863], [128.37128698083592, 24.918089132299684], [128.34036136221744, 24.919524832795346], [128.33399341851012, 24.914634835898074], [128.30943574359895, 24.896770734343136], [128.29981814538397, 24.886084145288088], [128.27851012498044, 24.86630321565042], [128.2696499770443, 24.85753345467811], [128.24758450636196, 24.838901583109692], [128.23600421484815, 24.828982764068122], [128.21665888774348, 24.814377688755965], [128.19866134415025, 24.80043207345814], [128.18573326912497, 24.791267910468928], [128.1591689454441, 24.77188138284815], [128.15480765050648, 24.768825151743897], [128.123882031888, 24.746434311990566], [128.1192993476538, 24.74333069223817], [128.09295641326952, 24.725015203591962], [128.0731359376289, 24.71478000162819], [128.062030794651, 24.708074593914667], [128.03110517603253, 24.694573568142562], [128.00017955741404, 24.68629484457956], [127.99988904525875, 24.686229311018206], [127.96925393879553, 24.67697906922733], [127.93832832017705, 24.669574438578046], [127.90740270155855, 24.66252650776061], [127.88750618335463, 24.65767862040822], [127.87647708294008, 24.654176546366784], [127.84555146432157, 24.644934507647157], [127.81462584570309, 24.637059193583013], [127.7837002270846, 24.63021966614811], [127.7785051819386, 24.629127929798237], [127.7527746084661, 24.622379777080205], [127.72184898984762, 24.615887481607906], [127.6909233712291, 24.61081945804697], [127.65999775261062, 24.606984364844042], [127.62907213399214, 24.60428023442027], [127.59814651537366, 24.60265400847878], [127.56722089675516, 24.602083701589002], [127.53629527813666, 24.602533487540192], [127.50536965951817, 24.603952512159186], [127.4744440408997, 24.606401791086775], [127.44351842228119, 24.610153831666103], [127.4125928036627, 24.615799918286932], [127.38166718504421, 24.624622947717555], [127.37003061243396, 24.629127929798237]]]}, "properties": {"fillColor": "#8A2BE2", "fillOpacity": 0.7, "color": "#000000", "weight": 0.2, "stroke": false}}, {"type": "Feature", "geometry": {"type": "Polygon", "coordinates": [[[127.27334563211602, 24.914634835898074], [127.25796471057023, 24.919741630544873], [127.22703909195175, 24.934421222596598], [127.21304719900186, 24.943185526508056], [127.19611347333324, 24.958864682943624], [127.17991015825179, 24.971736217118043], [127.16518785471476, 24.99093852672736], [127.15719286129564, 25.000286907728025], [127.14017837970249, 25.028837598338008], [127.13426223609628, 25.045118358146347], [127.12935563797683, 25.05738828894799], [127.13024972790147, 25.085938979557977], [127.13426223609628, 25.09248679317904], [127.16518785471477, 25.09456285694787], [127.17863203634488, 25.085938979557977], [127.19611347333324, 25.078210964117645], [127.22271862429903, 25.057388288947994], [127.22703909195175, 25.055206232636316], [127.25796471057025, 25.030325603614738], [127.25943368407906, 25.028837598338008], [127.28712765517365, 25.000286907728025], [127.28889032918873, 24.998040455958193], [127.30831773895908, 24.97173621711804], [127.31981594780723, 24.951080296611163], [127.3259048941115, 24.943185526508056], [127.34175201863204, 24.914634835898077], [127.31981594780723, 24.900310903046517], [127.28889032918873, 24.908618538153785], [127.27334563211602, 24.914634835898074]]]}, "properties": {"fillColor": "#8A2BE2", "fillOpacity": 0.7, "color": "#000000", "weight": 0.2, "stroke": false}}, {"type": "Feature", "geometry": {"type": "Polygon", "coordinates": [[[127.19103901890747, 26.31361867578727], [127.17738937642298, 26.342169366397258], [127.18680312021398, 26.37072005700724], [127.19611347333326, 26.37711657409244], [127.22703909195174, 26.392256918372567], [127.25796471057025, 26.397734107483476], [127.28889032918873, 26.395882338556973], [127.31981594780723, 26.384412638508934], [127.33560815864001, 26.37072005700724], [127.33841664137148, 26.342169366397258], [127.31981594780723, 26.31929792981593], [127.31289057490301, 26.31361867578727], [127.28889032918872, 26.301542651037245], [127.25796471057025, 26.294888361655957], [127.22703909195175, 26.296242461909767], [127.19611347333326, 26.309736746280784], [127.19103901890747, 26.31361867578727]]]}, "properties": {"fillColor": "#8A2BE2", "fillOpacity": 0.7, "color": "#000000", "weight": 0.2, "stroke": false}}, {"type": "Feature", "geometry": {"type": "Polygon", "coordinates": [[[126.86229783251653, 26.342169366397258], [126.85593166852986, 26.35848088380176], [126.85313871955321, 26.37072005700724], [126.85000650769254, 26.399270747617223], [126.84764635552935, 26.427821438227205], [126.84394373655351, 26.45637212883719], [126.8353961341462, 26.484922819447174], [126.82500604991137, 26.505922532307558], [126.81897149072286, 26.513473510057157], [126.79473193453099, 26.542024200667143], [126.79408043129287, 26.542633327715873], [126.76430167213017, 26.570574891277126], [126.76315481267439, 26.57227939288115], [126.7453265741745, 26.599125581887108], [126.73652990932622, 26.62767627249709], [126.73381774371394, 26.656226963107077], [126.74028081185736, 26.684777653717063], [126.76315481267437, 26.706992339419443], [126.77157630967855, 26.713328344327046], [126.79408043129288, 26.726522863422744], [126.82500604991137, 26.73837840060596], [126.83919361786441, 26.74187903493703], [126.85593166852986, 26.748262600041137], [126.88685728714835, 26.756618545948037], [126.91778290576684, 26.762284658511792], [126.94870852438532, 26.766574549511326], [126.97963414300382, 26.770126187948556], [126.98213489268257, 26.77042972554701], [127.01055976162232, 26.777469906773913], [127.0414853802408, 26.78506981015905], [127.0724109988593, 26.792220937904474], [127.1033366174778, 26.797638922512704], [127.1178890066403, 26.798980416156994], [127.13426223609628, 26.80240968816498], [127.16518785471477, 26.800987461658433], [127.17281582914865, 26.798980416156994], [127.19611347333326, 26.795328182963523], [127.22703909195175, 26.782118132710295], [127.2416160176651, 26.77042972554701], [127.25796471057025, 26.74240580997886], [127.25828885444328, 26.74187903493703], [127.26119723934208, 26.713328344327042], [127.25796471057025, 26.707067592738383], [127.24909704349079, 26.68477765371706], [127.22703909195175, 26.664443466168336], [127.21376455962628, 26.656226963107077], [127.19611347333327, 26.645602636597864], [127.16518785471477, 26.63372749786084], [127.14519771569934, 26.62767627249709], [127.13426223609628, 26.62150849032014], [127.10619357702532, 26.599125581887108], [127.1033366174778, 26.593047774154122], [127.09855511136617, 26.570574891277126], [127.0919535569436, 26.542024200667143], [127.07721744251694, 26.513473510057157], [127.0724109988593, 26.506468843967216], [127.06271432816762, 26.48492281944717], [127.04369243764263, 26.45637212883719], [127.0414853802408, 26.45347456754702], [127.02786776623367, 26.427821438227205], [127.01055976162232, 26.407606426630608], [127.00338752181436, 26.399270747617223], [126.97963414300382, 26.375723898083542], [126.97275086796756, 26.37072005700724], [126.94870852438532, 26.349987634438357], [126.93318740985686, 26.342169366397258], [126.91778290576684, 26.33145196844574], [126.88685728714835, 26.324722850882267], [126.86229783251653, 26.342169366397258]]]}, "properties": {"fillColor": "#8A2BE2", "fillOpacity": 0.7, "color": "#000000", "weight": 0.2, "stroke": false}}, {"type": "Feature", "geometry": {"type": "Polygon", "coordinates": [[[127.18929539010159, 26.570574891277126], [127.19611347333326, 26.57232283063325], [127.22703909195175, 26.577077720759284], [127.25796471057026, 26.59159634579168], [127.26846069722893, 26.599125581887108], [127.28889032918873, 26.604218452522968], [127.31569167440819, 26.627676272497094], [127.31981594780723, 26.63274500002715], [127.33713308933723, 26.627676272497094], [127.33053355511217, 26.599125581887108], [127.31981594780723, 26.584122817778166], [127.30529527338999, 26.570574891277126], [127.28889032918873, 26.55879400261525], [127.25796471057023, 26.55347462927823], [127.22703909195175, 26.556058660074576], [127.19611347333326, 26.561195398363232], [127.18929539010159, 26.570574891277126]]]}, "properties": {"fillColor": "#8A2BE2", "fillOpacity": 0.7, "color": "#000000", "weight": 0.2, "stroke": false}}, {"type": "Feature", "geometry": {"type": "Polygon", "coordinates": [[[121.41302279167542, 24.353377474717327], [121.4439484102939, 24.351298466896324], [121.4748740289124, 24.35364474582457], [121.5057996475309, 24.36659401940883], [121.51324224904084, 24.372171714308383], [121.53672526614938, 24.387163359315302], [121.54938262789156, 24.40072240491837], [121.56286035961394, 24.42927309552835], [121.56657310804776, 24.457823786138334], [121.5674763065611, 24.486374476748317], [121.5670877160572, 24.514925167358303], [121.56495796970006, 24.543475857968286], [121.56029840189035, 24.57202654857827], [121.55137199107347, 24.600577239188254], [121.53672526614938, 24.618273317999517], [121.50579964753089, 24.62306231912094], [121.4748740289124, 24.61721943191779], [121.4439484102939, 24.611125794273978], [121.42237118138371, 24.600577239188254], [121.41302279167542, 24.59967052314101], [121.3820971730569, 24.59228615620022], [121.35977366493029, 24.57202654857827], [121.35117155443842, 24.56338816268716], [121.3313503814545, 24.543475857968286], [121.32454677380835, 24.514925167358303], [121.32314680633135, 24.486374476748317], [121.32340053106697, 24.457823786138334], [121.3261712819165, 24.42927309552835], [121.34036621356653, 24.40072240491837], [121.35117155443845, 24.390746858495987], [121.38209717305692, 24.372273423316035], [121.38258226498755, 24.372171714308383], [121.41302279167542, 24.353377474717327]]]}, "properties": {"fillColor": "#8A2BE2", "fillOpacity": 0.7, "color": "#000000", "weight": 0.2, "stroke": false}}, {"type": "Feature", "geometry": {"type": "Polygon", "coordinates": [[[129.5464604883386, 24.62566385903021], [129.54813743297612, 24.629127929798237], [129.5507782859172, 24.65767862040822], [129.55140296451452, 24.686229311018206], [129.55122692135697, 24.71478000162819], [129.55040404264733, 24.743330692238168], [129.54896135192695, 24.771881382848154], [129.5464604883386, 24.78516504929363], [129.53406256414934, 24.771881382848154], [129.52604131014198, 24.743330692238168], [129.52347642161337, 24.714780001628185], [129.5242370374413, 24.686229311018206], [129.5282395090024, 24.65767862040822], [129.54190850918462, 24.629127929798237], [129.5464604883386, 24.62566385903021]]]}, "properties": {"fillColor": "#8A2BE2", "fillOpacity": 0.7, "color": "#000000", "weight": 0.2, "stroke": false}}, {"type": "Feature", "geometry": {"type": "Polygon", "coordinates": [[[126.97963414300382, 24.677809630590065], [126.98715740318528, 24.686229311018202], [126.9796341430038, 24.691868408460934], [126.97078071349114, 24.686229311018206], [126.97963414300382, 24.677809630590065]]]}, "properties": {"fillColor": "#8A2BE2", "fillOpacity": 0.7, "color": "#000000", "weight": 0.2, "stroke": false}}, {"type": "Feature", "geometry": {"type": "Polygon", "coordinates": [[[126.94870852438532, 24.714058669275076], [126.94919268104505, 24.71478000162819], [126.94870852438532, 24.715059954831947], [126.94801585796706, 24.71478000162819], [126.94870852438532, 24.714058669275076]]]}, "properties": {"fillColor": "#8A2BE2", "fillOpacity": 0.7, "color": "#000000", "weight": 0.2, "stroke": false}}, {"type": "Feature", "geometry": {"type": "Polygon", "coordinates": [[[127.62907213399214, 24.96802443330019], [127.65999775261062, 24.967773273911185], [127.68195461779675, 24.971736217118035], [127.69092337122912, 24.97373466460659], [127.72184898984762, 24.989375022325426], [127.73668777874087, 25.000286907728025], [127.7527746084661, 25.01632934020207], [127.76088935586887, 25.028837598338004], [127.77179281868487, 25.05738828894799], [127.77799190244059, 25.085938979557977], [127.77973053662632, 25.11448967016796], [127.77669527838539, 25.143040360777942], [127.7696798473045, 25.171591051387928], [127.760012478583, 25.20014174199791], [127.7527746084661, 25.21448234940962], [127.7411315763749, 25.228692432607893], [127.7218489898476, 25.23873426939003], [127.69092337122912, 25.233716171894805], [127.682864340256, 25.228692432607893], [127.65999775261062, 25.203016622969617], [127.6575165751982, 25.20014174199791], [127.64478139780627, 25.171591051387928], [127.63493804207471, 25.143040360777942], [127.62907213399214, 25.124867450158376], [127.62544291596039, 25.11448967016796], [127.6172467448001, 25.085938979557973], [127.61090494586847, 25.05738828894799], [127.6082223040905, 25.028837598338008], [127.60929191966233, 25.000286907728025], [127.61113972849239, 24.97173621711804], [127.62907213399214, 24.96802443330019]]]}, "properties": {"fillColor": "#8A2BE2", "fillOpacity": 0.7, "color": "#000000", "weight": 0.2, "stroke": false}}, {"type": "Feature", "geometry": {"type": "Polygon", "coordinates": [[[118.50601464153725, 25.62791362859755], [118.53694026015573, 25.627307038948263], [118.56786587877423, 25.62365276673051], [118.59879149739272, 25.617185677499943], [118.62971711601122, 25.614895493294874], [118.6606427346297, 25.614934376360516], [118.69156835324819, 25.61677727214344], [118.72249397186667, 25.622351505116264], [118.73469785933085, 25.628402101147664], [118.7519089048237, 25.65695279175765], [118.75288012394489, 25.685503482367633], [118.75101267835568, 25.714054172977615], [118.74546809176304, 25.742604863587598], [118.72249397186668, 25.76980926921318], [118.72218093413301, 25.771155554197584], [118.71775949613443, 25.799706244807567], [118.71133273516652, 25.82825693541755], [118.69156835324819, 25.854999162544175], [118.69032868161487, 25.856807626027535], [118.6606427346297, 25.877976409633533], [118.62971711601121, 25.88233374669927], [118.59879149739272, 25.883366625573817], [118.56786587877423, 25.883282774202087], [118.53694026015573, 25.88199363810626], [118.50601464153725, 25.877447650750693], [118.47891466666742, 25.856807626027532], [118.47508902291875, 25.85514101479688], [118.44808217822376, 25.82825693541755], [118.44416340430026, 25.810406971803133], [118.43362613546344, 25.799706244807567], [118.42488049038576, 25.771155554197584], [118.42377228695626, 25.7426048635876], [118.4244482066613, 25.714054172977615], [118.42848773495462, 25.685503482367633], [118.44416340430027, 25.661826802848882], [118.44609812965606, 25.65695279175765], [118.47508902291875, 25.633038335296447], [118.50516303496461, 25.628402101147664], [118.50601464153725, 25.62791362859755]]]}, "properties": {"fillColor": "#8A2BE2", "fillOpacity": 0.7, "color": "#000000", "weight": 0.2, "stroke": false}}, {"type": "Feature", "geometry": {"type": "Polygon", "coordinates": [[[118.52565501418337, 25.742604863587598], [118.52626533196104, 25.771155554197584], [118.53694026015573, 25.784552084249377], [118.56655481365874, 25.799706244807567], [118.56786587877423, 25.80020477820397], [118.57038345418444, 25.799706244807567], [118.59879149739272, 25.79234678969172], [118.61737143055635, 25.771155554197584], [118.61748781651035, 25.742604863587594], [118.59879149739274, 25.722857866051292], [118.56786587877423, 25.714828704615513], [118.53694026015572, 25.72796481152004], [118.52565501418337, 25.742604863587598]]]}, "properties": {"fillColor": "#8A2BE2", "fillOpacity": 0.7, "color": "#000000", "weight": 0.2, "stroke": false}}, {"type": "Feature", "geometry": {"type": "Polygon", "coordinates": [[[118.25860969258932, 25.72169465625878], [118.28452287871693, 25.742604863587598], [118.28953531120783, 25.752308431941895], [118.29732743918017, 25.771155554197584], [118.28953531120781, 25.77618793798365], [118.25860969258932, 25.777300800001733], [118.24784854851646, 25.771155554197584], [118.23858024737999, 25.742604863587598], [118.25860969258932, 25.72169465625878]]]}, "properties": {"fillColor": "#8A2BE2", "fillOpacity": 0.7, "color": "#000000", "weight": 0.2, "stroke": false}}, {"type": "Feature", "geometry": {"type": "Polygon", "coordinates": [[[118.90804768357762, 25.77970083181422], [118.9275837964964, 25.799706244807567], [118.90804768357764, 25.811509265161426], [118.89775878359474, 25.799706244807567], [118.90804768357762, 25.77970083181422]]]}, "properties": {"fillColor": "#8A2BE2", "fillOpacity": 0.7, "color": "#000000", "weight": 0.2, "stroke": false}}, {"type": "Feature", "geometry": {"type": "Polygon", "coordinates": [[[126.23741929616003, 25.876489410276445], [126.26834491477852, 25.867789554717973], [126.29927053339702, 25.86900803613675], [126.32900319591616, 25.885358316637518], [126.3301961520155, 25.885688884061917], [126.36112177063401, 25.897684140747188], [126.38225282646472, 25.9139090072475], [126.39150107161747, 25.942459697857483], [126.3920473892525, 25.946498993589543], [126.40132732878644, 25.97101038846747], [126.41070325766017, 25.999561079077452], [126.40732566519537, 26.028111769687435], [126.3920473892525, 26.0501846682795], [126.39054307229472, 26.05666246029742], [126.38617858914748, 26.085213150907403], [126.38060064944457, 26.113763841517386], [126.38300843083877, 26.142314532127372], [126.3920473892525, 26.15882860517506], [126.40367361325822, 26.170865222737355], [126.42297300787098, 26.19255745055419], [126.43011319810256, 26.199415913347337], [126.45355465745743, 26.22796660395732], [126.45389862648948, 26.22847984221133], [126.4796124733916, 26.256517294567306], [126.48482424510796, 26.26711896311481], [126.4978670798136, 26.28506798517729], [126.50875028244324, 26.31361867578727], [126.51574986372646, 26.334774246276453], [126.52041487355947, 26.342169366397258], [126.52519180343705, 26.37072005700724], [126.52577856590004, 26.399270747617223], [126.52252292590603, 26.427821438227205], [126.51574986372646, 26.45010130677359], [126.51374014758437, 26.45637212883719], [126.48482424510796, 26.48364747234552], [126.48256342906076, 26.484922819447174], [126.45389862648948, 26.498079521592814], [126.42297300787098, 26.503192225189053], [126.3920473892525, 26.506156028080653], [126.361121770634, 26.512259834393088], [126.34711552135376, 26.513473510057157], [126.3301961520155, 26.517435663801205], [126.32421446341255, 26.513473510057157], [126.29927053339702, 26.50825492442125], [126.26834491477852, 26.50324323850373], [126.23741929616003, 26.494647204548965], [126.22465796383972, 26.484922819447174], [126.20649367754154, 26.478229166682443], [126.17556805892303, 26.46564485441229], [126.16413319899846, 26.456372128837188], [126.14464244030457, 26.450582331752436], [126.11371682168607, 26.443950059108587], [126.08279120306759, 26.435942400043594], [126.05782172183558, 26.427821438227205], [126.05186558444909, 26.427335708536862], [126.02093996583059, 26.42001765211679], [125.99001434721211, 26.40822135006536], [125.98031920808226, 26.399270747617223], [125.95908872859361, 26.37716028469416], [125.95211278436926, 26.37072005700724], [125.93841021974163, 26.342169366397258], [125.93482303173623, 26.31361867578727], [125.93414450057466, 26.285067985177292], [125.93547352817707, 26.256517294567306], [125.94033950059546, 26.22796660395732], [125.95648102197244, 26.199415913347337], [125.95908872859361, 26.197008465145203], [125.97028037590279, 26.170865222737355], [125.98521911161457, 26.142314532127372], [125.99001434721211, 26.134380061636037], [125.99449632995264, 26.113763841517386], [126.00058217599286, 26.085213150907407], [126.0024170692354, 26.05666246029742], [126.00742937945478, 26.028111769687435], [126.02093996583059, 26.00149062201095], [126.02179751862309, 25.999561079077452], [126.05186558444909, 25.97265501686494], [126.06002472703794, 25.97101038846747], [126.08279120306759, 25.963825619870253], [126.11371682168605, 25.964599484703324], [126.14464244030455, 25.958278173463853], [126.1559841657248, 25.942459697857487], [126.17556805892305, 25.917462292236305], [126.17802108815272, 25.913909007247497], [126.20649367754154, 25.891363493290587], [126.22426969161526, 25.885358316637515], [126.23741929616003, 25.876489410276445]]]}, "properties": {"fillColor": "#8A2BE2", "fillOpacity": 0.7, "color": "#000000", "weight": 0.2, "stroke": false}}, {"type": "Feature", "geometry": {"type": "Polygon", "coordinates": [[[118.81527082772216, 26.01122810809586], [118.84619644634066, 26.01460687604067], [118.86409307434953, 26.028111769687435], [118.87712206495914, 26.04973425079964], [118.88211069366167, 26.056662460297417], [118.90804768357762, 26.06806723060982], [118.9296742642079, 26.085213150907403], [118.93897330219613, 26.0898105433887], [118.96989892081461, 26.09589474210822], [119.0008245394331, 26.08741807119719], [119.014881254373, 26.085213150907403], [119.0317501580516, 26.08217651718377], [119.06267577667008, 26.084945919219216], [119.09360139528857, 26.081903832044148], [119.09549490217279, 26.085213150907403], [119.09360139528857, 26.08753352707181], [119.07567594738617, 26.11376384151739], [119.06545677650084, 26.142314532127372], [119.06267577667009, 26.145182887227463], [119.04438303118314, 26.170865222737355], [119.0317501580516, 26.18179652086111], [119.0008245394331, 26.198163816175015], [118.99814591157433, 26.199415913347337], [118.96989892081461, 26.212282118325493], [118.93897330219612, 26.21227434183202], [118.90804768357762, 26.207843700263652], [118.87712206495914, 26.207812485651274], [118.85905940867153, 26.199415913347337], [118.84619644634066, 26.19364408582712], [118.82951641847202, 26.170865222737355], [118.81527082772216, 26.14547868837471], [118.8118434679188, 26.142314532127372], [118.79009122745974, 26.113763841517386], [118.78434520910366, 26.096619493643246], [118.77833707043013, 26.085213150907407], [118.77983335293831, 26.05666246029742], [118.78434520910366, 26.036327768911054], [118.78659363994132, 26.028111769687435], [118.81527082772216, 26.01122810809586]]]}, "properties": {"fillColor": "#8A2BE2", "fillOpacity": 0.7, "color": "#000000", "weight": 0.2, "stroke": false}}, {"type": "Feature", "geometry": {"type": "Polygon", "coordinates": [[[118.56786587877423, 26.14005889127469], [118.57086326491185, 26.142314532127372], [118.59879149739272, 26.16083918998633], [118.60909670996013, 26.170865222737355], [118.62971711601121, 26.189156106199952], [118.63997567879221, 26.199415913347337], [118.6606427346297, 26.22412259134821], [118.66472759918831, 26.22796660395732], [118.6606427346297, 26.24606787982481], [118.65930575267474, 26.256517294567306], [118.6606427346297, 26.26935208448262], [118.663646465492, 26.285067985177285], [118.6606427346297, 26.298263584161454], [118.6487060177933, 26.313618675787268], [118.62971711601121, 26.318360024442562], [118.62292842726816, 26.31361867578727], [118.59879149739272, 26.302564205443936], [118.56786587877423, 26.289795664275207], [118.56201380075296, 26.28506798517729], [118.53729541915052, 26.256517294567306], [118.53694026015573, 26.255795093730665], [118.52551867398205, 26.22796660395732], [118.5225998194947, 26.199415913347337], [118.52252480885069, 26.170865222737355], [118.53694026015575, 26.14521136116421], [118.55347749591363, 26.142314532127372], [118.56786587877423, 26.14005889127469]]]}, "properties": {"fillColor": "#8A2BE2", "fillOpacity": 0.7, "color": "#000000", "weight": 0.2, "stroke": false}}, {"type": "Feature", "geometry": {"type": "Polygon", "coordinates": [[[114.14550241632999, 26.51642902201965], [114.17642803494849, 26.527349470505342], [114.20043560929057, 26.542024200667143], [114.20735365356697, 26.55694535982876], [114.21408780280771, 26.57057489127713], [114.21495371180012, 26.599125581887108], [114.22188828582173, 26.627676272497098], [114.20735365356697, 26.6497513168665], [114.2042053870912, 26.656226963107077], [114.19619790055576, 26.684777653717063], [114.19452011552985, 26.713328344327042], [114.18923780677326, 26.74187903493703], [114.17642803494849, 26.76464470248511], [114.14550241633, 26.750332779368485], [114.12637140145013, 26.74187903493703], [114.1145767977115, 26.732392071654715], [114.10398188399051, 26.713328344327042], [114.0935978979937, 26.68477765371706], [114.10429511417938, 26.656226963107077], [114.1145767977115, 26.635743888874476], [114.118111983342, 26.627676272497094], [114.12649519574042, 26.599125581887108], [114.12528616950593, 26.570574891277126], [114.12580608743882, 26.542024200667143], [114.14550241632999, 26.51642902201965]]]}, "properties": {"fillColor": "#8A2BE2", "fillOpacity": 0.7, "color": "#000000", "weight": 0.2, "stroke": false}}, {"type": "Feature", "geometry": {"type": "Polygon", "coordinates": [[[128.21665888774348, 26.56603850806097], [128.24758450636196, 26.564454717708166], [128.27851012498044, 26.56469005647116], [128.30943574359895, 26.56586962270999], [128.34036136221744, 26.567769222234233], [128.37071011984102, 26.570574891277126], [128.35377726093736, 26.599125581887108], [128.34036136221744, 26.602328368212955], [128.30943574359895, 26.607672048361323], [128.27851012498044, 26.609969715110168], [128.24758450636196, 26.60920068485247], [128.21665888774348, 26.60470927460456], [128.19901705770397, 26.599125581887108], [128.18821142472157, 26.570574891277126], [128.21665888774348, 26.56603850806097]]]}, "properties": {"fillColor": "#8A2BE2", "fillOpacity": 0.7, "color": "#000000", "weight": 0.2, "stroke": false}}, {"type": "Feature", "geometry": {"type": "Polygon", "coordinates": [[[119.31008072561802, 26.786571874888274], [119.32602787276811, 26.798980416156994], [119.34100634423652, 26.810901684741268], [119.35720586827523, 26.82753110676698], [119.371931962855, 26.840896857078185], [119.38606978686732, 26.85608179737696], [119.39015006409218, 26.884632487986945], [119.39354165485844, 26.913183178596928], [119.371931962855, 26.922926895445435], [119.3410063442365, 26.936153488707955], [119.31008072561801, 26.93464663740314], [119.28689256374778, 26.913183178596928], [119.27915510699953, 26.905307194909565], [119.2603435218853, 26.88463248798695], [119.24822948838104, 26.863559473461436], [119.24466247999058, 26.85608179737696], [119.24822948838103, 26.851031704745665], [119.26259345928625, 26.82753110676698], [119.27915510699953, 26.799653692461668], [119.27997244340058, 26.798980416156994], [119.31008072561802, 26.786571874888274]]]}, "properties": {"fillColor": "#8A2BE2", "fillOpacity": 0.7, "color": "#000000", "weight": 0.2, "stroke": false}}, {"type": "Feature", "geometry": {"type": "Polygon", "coordinates": [[[119.34100634423652, 27.185612530979732], [119.35557141145605, 27.198690084696764], [119.371931962855, 27.206690402602277], [119.39634745064888, 27.22724077530675], [119.40285758147348, 27.231161302880093], [119.43378320009198, 27.25391967614238], [119.43749102891984, 27.255791465916737], [119.46470881871048, 27.268733881651443], [119.47628994870763, 27.28434215652672], [119.4896558961196, 27.312892847136702], [119.49563443732896, 27.333489279803775], [119.4999311316378, 27.341443537746684], [119.49563443732896, 27.359933438148275], [119.49387376531745, 27.369994228356667], [119.46470881871048, 27.392386901843086], [119.44097257529558, 27.39854491896665], [119.433783200092, 27.401978423969208], [119.4242659428385, 27.39854491896665], [119.40285758147348, 27.394530633115323], [119.371931962855, 27.384848622129088], [119.35176413991738, 27.369994228356667], [119.3410063442365, 27.3558777169264], [119.32886022433846, 27.341443537746684], [119.32349038870603, 27.312892847136702], [119.32351574946274, 27.284342156526716], [119.32937016314062, 27.255791465916737], [119.33434999333193, 27.227240775306747], [119.31255225689256, 27.198690084696764], [119.34100634423652, 27.185612530979732]]]}, "properties": {"fillColor": "#8A2BE2", "fillOpacity": 0.7, "color": "#000000", "weight": 0.2, "stroke": false}}, {"type": "Feature", "geometry": {"type": "Polygon", "coordinates": [[[119.58841129318444, 27.69957578831263], [119.61933691180295, 27.694191954912128], [119.65026253042141, 27.68770109433502], [119.68118814903991, 27.70672892765316], [119.68755031889465, 27.712602515676473], [119.7121137676584, 27.732389197850086], [119.72160679135351, 27.741153206286455], [119.74158520442228, 27.769703896896438], [119.74303938627689, 27.77700409900725], [119.75254828594777, 27.798254587506424], [119.75461527463808, 27.826805278116407], [119.74412147641684, 27.85535596872639], [119.74303938627689, 27.856511911054554], [119.7121137676584, 27.88268174413888], [119.70881061089324, 27.883906659336372], [119.68118814903991, 27.898403253540312], [119.65026253042143, 27.897388657387374], [119.62327930530522, 27.883906659336372], [119.61933691180293, 27.88245995286974], [119.58841129318444, 27.859677124052965], [119.58373069181312, 27.85535596872639], [119.56000552041172, 27.826805278116407], [119.55748567456595, 27.815523719284826], [119.55035589363688, 27.798254587506424], [119.5359660607127, 27.769703896896438], [119.5378534194567, 27.741153206286455], [119.55748567456595, 27.7232872062301], [119.5708910953801, 27.712602515676473], [119.58841129318444, 27.69957578831263]]]}, "properties": {"fillColor": "#8A2BE2", "fillOpacity": 0.7, "color": "#000000", "weight": 0.2, "stroke": false}}, {"type": "Feature", "geometry": {"type": "Polygon", "coordinates": [[[117.76379979469345, 27.853188753344668], [117.79472541331194, 27.849171197171476], [117.82565103193043, 27.854435322811455], [117.82784841388508, 27.855355968726386], [117.85657665054893, 27.85724022847273], [117.88750226916743, 27.86578081509156], [117.9073876517869, 27.883906659336372], [117.91842788778591, 27.897868045963996], [117.9325280014265, 27.912457349946358], [117.93880349270344, 27.94100804055634], [117.93779201797193, 27.969558731166323], [117.932269588847, 27.998109421776313], [117.91842788778591, 28.021186536788292], [117.9177483728449, 28.026660112386292], [117.90626920820418, 28.055210802996278], [117.88750226916741, 28.07197199269508], [117.86499255663149, 28.08376149360626], [117.85657665054893, 28.091070935843995], [117.82565103193042, 28.103757591549083], [117.79472541331195, 28.105863492216468], [117.76379979469345, 28.104630343925578], [117.73287417607497, 28.09546414769714], [117.71819088486012, 28.08376149360626], [117.70194855745648, 28.08061153996484], [117.67102293883798, 28.05825906793483], [117.66772111051355, 28.055210802996275], [117.65200546218645, 28.026660112386292], [117.64756493589822, 27.99810942177631], [117.64713802096382, 27.969558731166323], [117.649919465181, 27.94100804055634], [117.66194655473848, 27.912457349946358], [117.67102293883798, 27.901509041766225], [117.68009147187806, 27.88390665933637], [117.70194855745648, 27.8662960118227], [117.73287417607497, 27.857750842321103], [117.76056618229354, 27.85535596872639], [117.76379979469345, 27.853188753344668]]]}, "properties": {"fillColor": "#8A2BE2", "fillOpacity": 0.7, "color": "#000000", "weight": 0.2, "stroke": false}}, {"type": "Feature", "geometry": {"type": "Polygon", "coordinates": [[[117.7763018247963, 27.969558731166323], [117.79472541331194, 27.9899243980578], [117.80468317533682, 27.969558731166323], [117.79472541331195, 27.96179817648963], [117.7763018247963, 27.969558731166323]]]}, "properties": {"fillColor": "#8A2BE2", "fillOpacity": 0.7, "color": "#000000", "weight": 0.2, "stroke": false}}, {"type": "Feature", "geometry": {"type": "Polygon", "coordinates": [[[118.10398159949686, 28.052174337026486], [118.13490721811534, 28.05228974548779], [118.13841134004697, 28.055210802996275], [118.16583283673384, 28.078053176350984], [118.17159593125118, 28.08376149360626], [118.19675845535234, 28.11169576767622], [118.19740858952828, 28.112312184216243], [118.200888989361, 28.140862874826226], [118.19675845535232, 28.145226421059782], [118.16583283673384, 28.15223443217798], [118.13490721811536, 28.153109415337525], [118.11985030301392, 28.140862874826226], [118.10398159949685, 28.124950546032053], [118.09157446430837, 28.112312184216243], [118.09290446457203, 28.08376149360626], [118.10069255161314, 28.05521080299627], [118.10398159949686, 28.052174337026486]]]}, "properties": {"fillColor": "#8A2BE2", "fillOpacity": 0.7, "color": "#000000", "weight": 0.2, "stroke": false}}, {"type": "Feature", "geometry": {"type": "Polygon", "coordinates": [[[126.67037795681891, 28.83307335801741], [126.70130357543741, 28.82751458915213], [126.73222919405589, 28.826823113656996], [126.76315481267439, 28.827602556874073], [126.79408043129288, 28.82974850524949], [126.82500604991137, 28.83681042424398], [126.85190889819269, 28.854630140075816], [126.85593166852986, 28.85513518200799], [126.88685728714836, 28.86410076225003], [126.90945943315003, 28.883180830685802], [126.91778290576684, 28.885827267829775], [126.94735190203818, 28.911731521295785], [126.94870852438532, 28.912518595185638], [126.97898705690172, 28.940282211905767], [126.97963414300382, 28.940837395515615], [127.01055976162232, 28.948333706106908], [127.0414853802408, 28.946342582285677], [127.0724109988593, 28.94381571190295], [127.1033366174778, 28.94316689224298], [127.13426223609628, 28.94324401519859], [127.16518785471477, 28.94383904723148], [127.19611347333326, 28.94516845411355], [127.22703909195175, 28.94717538156118], [127.25796471057023, 28.952114974553055], [127.28856977619566, 28.968832902515754], [127.28889032918873, 28.968977914033434], [127.31981594780723, 28.993697390002], [127.32380877983753, 28.997383593125736], [127.33797463853975, 29.02593428373572], [127.34866966449715, 29.0544849743457], [127.34928749018046, 29.083035664955688], [127.34538778738623, 29.11158635556567], [127.32855888478628, 29.140137046175653], [127.31981594780723, 29.15272115963892], [127.3084932895878, 29.168687736785635], [127.28889032918873, 29.1847355407728], [127.25796471057023, 29.1969015876235], [127.25656764006494, 29.19723842739562], [127.22703909195175, 29.21015701484496], [127.19611347333326, 29.217433857994518], [127.16518785471477, 29.223381077261475], [127.14906647339181, 29.225789118005604], [127.13426223609629, 29.235433544448632], [127.1033366174778, 29.24657221869535], [127.0724109988593, 29.25179166033683], [127.0414853802408, 29.25413050886409], [127.03694978265867, 29.25433980861559], [127.01055976162232, 29.26699009384707], [126.9796341430038, 29.27124475240464], [126.94870852438532, 29.27126205558841], [126.91778290576684, 29.26734681393863], [126.88789238274546, 29.25433980861559], [126.88685728714835, 29.25429000780397], [126.85593166852986, 29.251121936423733], [126.82500604991137, 29.23215020227389], [126.81701163657627, 29.225789118005608], [126.79408043129288, 29.220017940481377], [126.76645015025345, 29.19723842739562], [126.76315481267439, 29.195899247366327], [126.73222919405588, 29.182819500840765], [126.71574611225, 29.16868773678564], [126.70130357543741, 29.159450796928105], [126.68077920170637, 29.140137046175653], [126.67037795681891, 29.12040498219214], [126.66195567607205, 29.11158635556567], [126.64735611250414, 29.083035664955688], [126.64140789061162, 29.054484974345705], [126.63945233820041, 29.037572813450964], [126.62987550556093, 29.025934283735722], [126.62429037175212, 28.997383593125736], [126.62229200042793, 28.968832902515754], [126.6216427481243, 28.940282211905767], [126.62520764621505, 28.911731521295785], [126.63945233820041, 28.883753914160945], [126.63952500213755, 28.883180830685802], [126.64796687466239, 28.854630140075816], [126.67037795681891, 28.83307335801741]]]}, "properties": {"fillColor": "#8A2BE2", "fillOpacity": 0.7, "color": "#000000", "weight": 0.2, "stroke": false}}, {"type": "Feature", "geometry": {"type": "Polygon", "coordinates": [[[126.73292421509811, 28.940282211905767], [126.73222919405588, 28.941505250220235], [126.71842985516788, 28.96883290251575], [126.7139167029355, 28.997383593125733], [126.71456262848228, 29.025934283735722], [126.72433784386129, 29.054484974345705], [126.73222919405589, 29.065709793329937], [126.74014663652382, 29.083035664955688], [126.76315481267439, 29.10712532209557], [126.7676293130037, 29.111586355565667], [126.79408043129288, 29.133375833429533], [126.80644441291417, 29.140137046175653], [126.82500604991137, 29.15375650240007], [126.85593166852988, 29.16809646155289], [126.85756589063448, 29.16868773678564], [126.88685728714836, 29.186079819640398], [126.91778290576684, 29.193919228478183], [126.94870852438532, 29.196913538877013], [126.97963414300382, 29.19683924076108], [127.01055976162233, 29.193113991705953], [127.0414853802408, 29.183204393623427], [127.06617580134335, 29.168687736785643], [127.0724109988593, 29.164861642289317], [127.1033366174778, 29.14362173964544], [127.1082209396914, 29.140137046175653], [127.13426223609628, 29.11232108988458], [127.13501459623899, 29.11158635556567], [127.14686399345962, 29.083035664955688], [127.13426223609628, 29.054911280995658], [127.13406900556346, 29.054484974345698], [127.1033366174778, 29.035198218944565], [127.07241099885928, 29.026767287513323], [127.06600420078092, 29.025934283735722], [127.0414853802408, 29.022019613508117], [127.01055976162232, 29.01903616020269], [126.97963414300382, 29.00876087585397], [126.96044714113901, 28.997383593125736], [126.94870852438532, 28.987479614149628], [126.92671811759564, 28.968832902515754], [126.91778290576684, 28.96102926182403], [126.88685728714835, 28.94167380643156], [126.88337782299566, 28.940282211905767], [126.85593166852986, 28.923653022788166], [126.82500604991137, 28.91577848800997], [126.7940804312929, 28.91332204656851], [126.76315481267437, 28.917401935517262], [126.73292421509811, 28.940282211905767]]]}, "properties": {"fillColor": "#8A2BE2", "fillOpacity": 0.7, "color": "#000000", "weight": 0.2, "stroke": false}}, {"type": "Feature", "geometry": {"type": "Polygon", "coordinates": [[[127.96925393879553, 28.940016966146512], [127.97196259288275, 28.940282211905767], [128.00017955741404, 28.94106996785316], [128.03110517603253, 28.94370593683545], [128.062030794651, 28.949388507811193], [128.09295641326952, 28.96439373358792], [128.09784930908168, 28.968832902515757], [128.12114146259356, 28.997383593125736], [128.123882031888, 29.01213365517458], [128.1269375541032, 29.02593428373572], [128.12904288259546, 29.0544849743457], [128.13813285297437, 29.083035664955688], [128.15480765050648, 29.100609933554388], [128.17131613339745, 29.11158635556567], [128.18573326912497, 29.119631276624], [128.21665888774348, 29.13579263577229], [128.22180130505262, 29.140137046175653], [128.24758450636196, 29.16257993553498], [128.25412379347358, 29.16868773678564], [128.26797139793214, 29.197238427395625], [128.26368474487487, 29.225789118005604], [128.24758450636196, 29.23769198013713], [128.21665888774348, 29.25282690695951], [128.21453868639102, 29.25433980861559], [128.18573326912497, 29.26909068183881], [128.15480765050648, 29.279497171109362], [128.1481409552159, 29.282890499225573], [128.123882031888, 29.29536125833144], [128.09295641326952, 29.300151364294535], [128.062030794651, 29.30715022898338], [128.04805558772185, 29.311441189835556], [128.03110517603253, 29.320088428706963], [128.00017955741401, 29.323844144056295], [127.96925393879553, 29.326997471973748], [127.93832832017705, 29.330320021662168], [127.90740270155855, 29.335799455598533], [127.88484886163008, 29.339991880445538], [127.87647708294007, 29.345191524951463], [127.84555146432157, 29.353163699351207], [127.81462584570309, 29.357765912152367], [127.7837002270846, 29.360238538350664], [127.7527746084661, 29.361413547416962], [127.72184898984762, 29.361723681160942], [127.6909233712291, 29.36132254595789], [127.65999775261062, 29.360055446612677], [127.62907213399214, 29.357252385821923], [127.59814651537364, 29.351127600571026], [127.57725246738022, 29.339991880445538], [127.56722089675516, 29.335848392515373], [127.53963299332196, 29.311441189835556], [127.53629527813666, 29.303505079891025], [127.5250886341401, 29.282890499225573], [127.52344543777832, 29.25433980861559], [127.52899397850125, 29.225789118005604], [127.53629527813666, 29.211327591755996], [127.53950944678117, 29.197238427395625], [127.55854497299907, 29.168687736785643], [127.56722089675515, 29.1608464630087], [127.58324996391974, 29.140137046175653], [127.59814651537363, 29.122870408065868], [127.60656065021445, 29.11158635556567], [127.62907213399214, 29.09414724708317], [127.64939001721044, 29.083035664955688], [127.65999775261062, 29.073242548923975], [127.69092337122912, 29.055016214353127], [127.69191635101458, 29.0544849743457], [127.72184898984762, 29.029962435702323], [127.7311110688652, 29.02593428373572], [127.7527746084661, 29.009461868257787], [127.7837002270846, 28.998581767858916], [127.78653332451779, 28.997383593125736], [127.81462584570309, 28.975105268790173], [127.83568058046004, 28.968832902515757], [127.84555146432157, 28.96164127876698], [127.87647708294007, 28.949676544472105], [127.90740270155854, 28.942778223791233], [127.93832832017705, 28.940737693909686], [127.9655080416602, 28.940282211905764], [127.96925393879553, 28.940016966146512]]]}, "properties": {"fillColor": "#8A2BE2", "fillOpacity": 0.7, "color": "#000000", "weight": 0.2, "stroke": false}}, {"type": "Feature", "geometry": {"type": "Polygon", "coordinates": [[[127.77590374918906, 29.19723842739562], [127.7837002270846, 29.199974209805756], [127.78769985689854, 29.19723842739562], [127.78370022708461, 29.19309414368407], [127.77590374918906, 29.19723842739562]]]}, "properties": {"fillColor": "#8A2BE2", "fillOpacity": 0.7, "color": "#000000", "weight": 0.2, "stroke": false}}, {"type": "Feature", "geometry": {"type": "Polygon", "coordinates": [[[130.53608028413032, 29.3943569486371], [130.5670059027488, 29.385883032846085], [130.5979315213673, 29.382259845775454], [130.62885713998577, 29.377198034607485], [130.65978275860428, 29.37181598943148], [130.69070837722276, 29.3716469108249], [130.72163399584124, 29.373623107374115], [130.75255961445976, 29.38322939893142], [130.78348523307824, 29.396641915991076], [130.7843162018113, 29.397093261665507], [130.81441085169672, 29.4184776166463], [130.82216521584925, 29.425643952275493], [130.82920665952452, 29.454194642885476], [130.81441085169672, 29.469097717486164], [130.7946444853792, 29.48274533349546], [130.78348523307824, 29.4880134717775], [130.75255961445976, 29.491341101784496], [130.72163399584124, 29.493885148099025], [130.69070837722276, 29.496333375662683], [130.65978275860428, 29.4987752287023], [130.62885713998577, 29.500957745764303], [130.5979315213673, 29.507829586561797], [130.58770802645415, 29.51129602410544], [130.5670059027488, 29.521100377509267], [130.53608028413032, 29.522747786122352], [130.5051546655118, 29.521620504150846], [130.48251058739822, 29.51129602410544], [130.47422904689333, 29.506382437250927], [130.44772134324523, 29.48274533349546], [130.44736030172885, 29.454194642885476], [130.46152908255664, 29.425643952275486], [130.47422904689333, 29.418462113159315], [130.5051546655118, 29.407058120183287], [130.53132164215927, 29.397093261665503], [130.53608028413032, 29.3943569486371]]]}, "properties": {"fillColor": "#8A2BE2", "fillOpacity": 0.7, "color": "#000000", "weight": 0.2, "stroke": false}}, {"type": "Feature", "geometry": {"type": "Polygon", "coordinates": [[[117.70194855745649, 4.851601703847127], [117.73287417607497, 4.854659400107859], [117.75374137112254, 4.872050027689548], [117.75828751337204, 4.900600718299531], [117.73287417607497, 4.917362482726933], [117.70194855745646, 4.913620445223637], [117.68595360474816, 4.900600718299532], [117.68032671496796, 4.872050027689548], [117.70194855745649, 4.851601703847127]]]}, "properties": {"fillColor": "#0000FF", "fillOpacity": 0.7, "color": "#000000", "weight": 0.2, "stroke": false}}, {"type": "Feature", "geometry": {"type": "Polygon", "coordinates": [[[118.07305598087837, 4.926681970415231], [118.07907006668333, 4.929151408909515], [118.10398159949686, 4.947939130899273], [118.11017994024519, 4.9577020995195], [118.10398159949686, 4.977585105434948], [118.09962106088439, 4.986252790129483], [118.07305598087837, 4.999969300636331], [118.04213036225988, 4.9960367162964925], [118.02772675781388, 4.986252790129483], [118.02065682186142, 4.9577020995195], [118.04213036225988, 4.934541317127406], [118.06092062536868, 4.929151408909515], [118.07305598087837, 4.926681970415231]]]}, "properties": {"fillColor": "#0000FF", "fillOpacity": 0.7, "color": "#000000", "weight": 0.2, "stroke": false}}, {"type": "Feature", "geometry": {"type": "Polygon", "coordinates": [[[120.51617985173918, 7.915541841740739], [120.54710547035766, 7.905965169266553], [120.57803108897615, 7.922522955035463], [120.58209869824992, 7.926973922957799], [120.5983894757556, 7.955524613567782], [120.6024578024302, 7.984075304177766], [120.57803108897616, 8.00034725218724], [120.54710547035766, 7.985605882516098], [120.5446820640741, 7.984075304177766], [120.51617985173917, 7.957176551343951], [120.51471061584219, 7.955524613567783], [120.50830818521999, 7.9269739229578], [120.51617985173918, 7.915541841740739]]]}, "properties": {"fillColor": "#0000FF", "fillOpacity": 0.7, "color": "#000000", "weight": 0.2, "stroke": false}}, {"type": "Feature", "geometry": {"type": "Polygon", "coordinates": [[[121.4748740289124, 8.543650879044478], [121.50579964753089, 8.543625300520882], [121.52336141832329, 8.55508911637744], [121.53672526614938, 8.582777639919795], [121.53704750915185, 8.583639806987424], [121.53672526614938, 8.58467521287557], [121.53034768875241, 8.612190497597407], [121.50579964753089, 8.64026183049213], [121.50516255246707, 8.64074118820739], [121.47487402891241, 8.659342389868511], [121.4439484102939, 8.664745482275247], [121.41302279167542, 8.654711843111082], [121.40113723484761, 8.64074118820739], [121.39854907546352, 8.612190497597407], [121.41302279167542, 8.587991389045492], [121.41556469562629, 8.583639806987424], [121.4439484102939, 8.559293908342882], [121.45249267372894, 8.55508911637744], [121.4748740289124, 8.543650879044478]]]}, "properties": {"fillColor": "#0000FF", "fillOpacity": 0.7, "color": "#000000", "weight": 0.2, "stroke": false}}, {"type": "Feature", "geometry": {"type": "Polygon", "coordinates": [[[121.45781629280432, 8.583639806987424], [121.4439484102939, 8.598252284694748], [121.43568065222013, 8.612190497597407], [121.4439484102939, 8.625764114216562], [121.47487402891238, 8.627280447934282], [121.4946444234809, 8.612190497597407], [121.50029754780942, 8.583639806987424], [121.4748740289124, 8.57483990885447], [121.45781629280432, 8.583639806987424]]]}, "properties": {"fillColor": "#0000FF", "fillOpacity": 0.7, "color": "#000000", "weight": 0.2, "stroke": false}}, {"type": "Feature", "geometry": {"type": "Polygon", "coordinates": [[[143.24650953633017, 9.346490078279738], [143.27743515494865, 9.337653764591803], [143.30836077356716, 9.334511515820898], [143.33928639218564, 9.332928105725129], [143.37021201080415, 9.33345736817988], [143.40113762942264, 9.33703875783009], [143.43206324804112, 9.344917987066687], [143.45405225731844, 9.354508453456983], [143.4629888666596, 9.35836747582962], [143.49391448527808, 9.378605480427375], [143.49933334979028, 9.383059144066966], [143.52209017584872, 9.411609834676948], [143.5248401038966, 9.421022155987846], [143.5314852255707, 9.440160525286933], [143.5248401038966, 9.454941314622065], [143.52098979262797, 9.468711215896917], [143.50365984019484, 9.4972619065069], [143.49391448527808, 9.509546105467741], [143.48388802356288, 9.525812597116884], [143.4629888666596, 9.547958412778808], [143.4538139658182, 9.554363287726868], [143.43206324804112, 9.567727921295326], [143.40113762942264, 9.573021834551843], [143.37021201080415, 9.568321675462567], [143.33928639218564, 9.55451154587976], [143.33904157465767, 9.554363287726868], [143.30836077356716, 9.540715584109849], [143.28891620030967, 9.525812597116884], [143.27743515494865, 9.516396605080704], [143.25897955835512, 9.4972619065069], [143.24650953633017, 9.47775610715452], [143.2395532335298, 9.468711215896917], [143.22273957268436, 9.440160525286933], [143.21558391771168, 9.41769711753549], [143.21233982747424, 9.411609834676948], [143.2106516342199, 9.383059144066966], [143.21558391771168, 9.375177920383488], [143.23287510338253, 9.354508453456983], [143.24650953633017, 9.346490078279738]]]}, "properties": {"fillColor": "#0000FF", "fillOpacity": 0.7, "color": "#000000", "weight": 0.2, "stroke": false}}, {"type": "Feature", "geometry": {"type": "Polygon", "coordinates": [[[143.24020929007085, 9.383059144066966], [143.23547904223793, 9.411609834676948], [143.24650953633017, 9.436834980659338], [143.24752197589484, 9.440160525286933], [143.26234839517184, 9.468711215896917], [143.27743515494865, 9.487337701644835], [143.28585174887968, 9.4972619065069], [143.30836077356716, 9.516791095120023], [143.32478084142286, 9.525812597116884], [143.33928639218564, 9.534725533021481], [143.37021201080415, 9.546508007720272], [143.40113762942264, 9.549829831207349], [143.43206324804112, 9.542123439909597], [143.45259337624336, 9.525812597116884], [143.4629888666596, 9.51107876065354], [143.47293605029807, 9.4972619065069], [143.48684545583214, 9.468711215896917], [143.49205066746848, 9.440160525286931], [143.47872451713877, 9.411609834676948], [143.4629888666596, 9.395482858639214], [143.44765849315564, 9.383059144066966], [143.43206324804112, 9.374043517635153], [143.40113762942264, 9.362652197123456], [143.37021201080412, 9.357397659632094], [143.33928639218564, 9.35615401389908], [143.3083607735672, 9.356572239630504], [143.27743515494865, 9.359827884401616], [143.24650953633017, 9.376562359302232], [143.24020929007085, 9.383059144066966]]]}, "properties": {"fillColor": "#0000FF", "fillOpacity": 0.7, "color": "#000000", "weight": 0.2, "stroke": false}}, {"type": "Feature", "geometry": {"type": "Polygon", "coordinates": [[[144.5144598996883, 9.546343239656958], [144.5453855183068, 9.544969868675299], [144.57631113692528, 9.551602945674249], [144.58339132661888, 9.554363287726868], [144.6072367555438, 9.562770029616964], [144.63816237416228, 9.58146332861211], [144.6398649510081, 9.582913978336851], [144.66506993022662, 9.611464668946834], [144.66908799278076, 9.620429701769034], [144.67624172822397, 9.640015359556818], [144.68030176456583, 9.668566050166802], [144.66908799278076, 9.690748258910093], [144.66378573753397, 9.697116740776785], [144.63816237416228, 9.71175038808394], [144.6072367555438, 9.714660421313694], [144.57631113692528, 9.709371734620955], [144.54865292576608, 9.697116740776785], [144.5453855183068, 9.695796022099724], [144.5144598996883, 9.677815179418126], [144.5024804437444, 9.668566050166802], [144.4835342810698, 9.651333190952828], [144.47285807673953, 9.64001535955682], [144.45889394250304, 9.611464668946834], [144.46085441810874, 9.582913978336851], [144.4835342810698, 9.558358551036447], [144.493065706503, 9.554363287726868], [144.5144598996883, 9.546343239656958]]]}, "properties": {"fillColor": "#0000FF", "fillOpacity": 0.7, "color": "#000000", "weight": 0.2, "stroke": false}}, {"type": "Feature", "geometry": {"type": "Polygon", "coordinates": [[[144.50232459492742, 9.611464668946834], [144.5144598996883, 9.631420476819505], [144.52214841438123, 9.640015359556818], [144.54538551830683, 9.655491282977508], [144.57631113692528, 9.667223017372192], [144.6072367555438, 9.664346183902602], [144.6143653610402, 9.640015359556818], [144.6072367555438, 9.629182682883236], [144.59468916110265, 9.611464668946834], [144.57631113692528, 9.59808136277357], [144.54538551830683, 9.585449973132985], [144.5144598996883, 9.589625479203463], [144.50232459492742, 9.611464668946834]]]}, "properties": {"fillColor": "#0000FF", "fillOpacity": 0.7, "color": "#000000", "weight": 0.2, "stroke": false}}, {"type": "Feature", "geometry": {"type": "Polygon", "coordinates": [[[135.02029498381154, 9.798596893095429], [135.05122060243002, 9.790361871502304], [135.0821462210485, 9.787532043687198], [135.113071839667, 9.79015477597438], [135.14399745828553, 9.802577394020101], [135.15667464026228, 9.811319503216723], [135.17492307690398, 9.829129403091336], [135.1856969105893, 9.839870193826705], [135.2058355962692, 9.868420884436688], [135.20584869552246, 9.868437274235509], [135.23408096093004, 9.89697157504667], [135.23677431414097, 9.899356837910716], [135.2666756934402, 9.925522265656657], [135.26769993275946, 9.926345497662476], [135.29862555137794, 9.953148534879737], [135.29967730008522, 9.95407295626664], [135.32955116999642, 9.981253143463665], [135.33103199345587, 9.982623646876622], [135.35710133700488, 10.011174337486606], [135.36047678861493, 10.020070764023192], [135.36924713634772, 10.03972502809659], [135.36722129143044, 10.068275718706573], [135.36047678861493, 10.081130667265402], [135.35404321081057, 10.096826409316556], [135.32955116999642, 10.12535262124903], [135.32953198005336, 10.12537709992654], [135.29862555137794, 10.151599911426109], [135.29547102135615, 10.153927790536525], [135.26769993275946, 10.172329327389175], [135.24521565568523, 10.182478481146507], [135.23677431414097, 10.187392564719154], [135.20584869552246, 10.201690272925207], [135.17492307690398, 10.21027448436508], [135.17142803500627, 10.211029171756492], [135.1439974582855, 10.221234076497106], [135.113071839667, 10.22780376385052], [135.0821462210485, 10.231852403092805], [135.05122060243002, 10.234477811909553], [135.02029498381154, 10.236286817282222], [134.98936936519303, 10.237769815630363], [134.95844374657455, 10.239319011163758], [134.95402489631968, 10.239579862366476], [134.92751812795603, 10.243208016875565], [134.89659250933755, 10.246840318504592], [134.86566689071907, 10.248515327743704], [134.8347412721006, 10.24689985494201], [134.80381565348208, 10.241352023110505], [134.7951786900005, 10.239579862366476], [134.7728900348636, 10.236654426023003], [134.7419644162451, 10.23543725467124], [134.7110387976266, 10.237250355990215], [134.68705636609133, 10.239579862366476], [134.6801131790081, 10.240897785208466], [134.64918756038963, 10.24495000669803], [134.61826194177115, 10.244964103826558], [134.58733632315264, 10.240694510542326], [134.58298087324124, 10.239579862366476], [134.55641070453416, 10.236288807513757], [134.52548508591568, 10.231609116687512], [134.49455946729717, 10.226086835723144], [134.46363384867868, 10.218342177395066], [134.44204538194109, 10.211029171756492], [134.4327082300602, 10.208425642336714], [134.4017826114417, 10.19948002856883], [134.3708569928232, 10.192804043089819], [134.33993137420475, 10.194394805489303], [134.3090057555862, 10.207610878415169], [134.30376486640768, 10.211029171756492], [134.27808013696773, 10.23419624227413], [134.27313541555847, 10.239579862366476], [134.2513837552225, 10.268130552976459], [134.24715451834925, 10.27334712454418], [134.2297262179184, 10.296681243586441], [134.21622889973077, 10.311046354768518], [134.2012636750722, 10.325231934196427], [134.18530328111223, 10.336746378924772], [134.15437766249377, 10.350788080845954], [134.13229722043758, 10.35378262480641], [134.1234520438753, 10.354993705315037], [134.11801280610345, 10.35378262480641], [134.09252642525678, 10.347148969574254], [134.0616008066383, 10.326920188229256], [134.05915569731133, 10.325231934196426], [134.03471048533623, 10.296681243586441], [134.04238485182205, 10.268130552976459], [134.0616008066383, 10.262166158380625], [134.09252642525678, 10.246709840525316], [134.10752412095556, 10.239579862366476], [134.1234520438753, 10.232329102318975], [134.15437766249377, 10.218526859595332], [134.16888302117405, 10.211029171756492], [134.18530328111225, 10.200064936396197], [134.20575048786418, 10.182478481146507], [134.21622889973077, 10.16904683463764], [134.22665544180478, 10.153927790536525], [134.2407286744833, 10.12537709992654], [134.24715451834925, 10.111680443417537], [134.2547547140394, 10.096826409316556], [134.27194723869985, 10.068275718706573], [134.27808013696773, 10.060516079836464], [134.3035366653984, 10.03972502809659], [134.3090057555862, 10.036029543841533], [134.33993137420472, 10.022352109672266], [134.36088881573775, 10.011174337486606], [134.3708569928232, 10.005299993081518], [134.39826735728664, 9.982623646876622], [134.4017826114417, 9.97921744328637], [134.42580859669945, 9.95407295626664], [134.4327082300602, 9.947273166778864], [134.46363384867868, 9.926963193992588], [134.46897096307484, 9.925522265656655], [134.49455946729717, 9.91851158085308], [134.52548508591568, 9.918184713841411], [134.55641070453416, 9.922834206526694], [134.56511678334974, 9.925522265656655], [134.58733632315264, 9.930041886988583], [134.61826194177115, 9.94007299746647], [134.64918756038963, 9.953722932470532], [134.64992376675022, 9.95407295626664], [134.68011317900812, 9.960538255846766], [134.7110387976266, 9.961148244092078], [134.73637732694968, 9.95407295626664], [134.7419644162451, 9.951406952911054], [134.7728900348636, 9.93053524735471], [134.7814671328311, 9.925522265656655], [134.80381565348208, 9.90979555663836], [134.8339558371111, 9.89697157504667], [134.8347412721006, 9.896470887701161], [134.86566689071907, 9.877396019578196], [134.88716540755306, 9.868420884436688], [134.89659250933755, 9.862132671494027], [134.92751812795603, 9.844904013369042], [134.93881398862675, 9.839870193826705], [134.95844374657455, 9.82689502150783], [134.98936936519303, 9.813684142004641], [134.9967583136727, 9.81131950321672], [135.02029498381154, 9.798596893095429]]]}, "properties": {"fillColor": "#0000FF", "fillOpacity": 0.7, "color": "#000000", "weight": 0.2, "stroke": false}}, {"type": "Feature", "geometry": {"type": "Polygon", "coordinates": [[[135.04152252787435, 9.81131950321672], [135.02029498381154, 9.81576500330868], [134.98936936519303, 9.827419610523574], [134.96862254676842, 9.839870193826705], [134.95844374657455, 9.844243288887965], [134.92751812795603, 9.860657799561253], [134.91559210431578, 9.868420884436688], [134.89659250933755, 9.877181788926478], [134.86566689071907, 9.895705497919687], [134.8636388808604, 9.89697157504667], [134.8347412721006, 9.909543662652341], [134.8099366380006, 9.925522265656655], [134.80381565348208, 9.928871467135354], [134.7728900348636, 9.94943879066905], [134.7664070016611, 9.95407295626664], [134.7419644162451, 9.968160882457955], [134.7110387976266, 9.98174792440439], [134.6999482448137, 9.982623646876622], [134.68011317900812, 9.983490662063186], [134.67131441936576, 9.982623646876622], [134.64918756038963, 9.978015474302486], [134.61826194177115, 9.97115105581377], [134.58733632315264, 9.965415926274932], [134.55641070453416, 9.962130046156803], [134.52548508591568, 9.963333354200223], [134.49455946729717, 9.971769830325556], [134.47642835574473, 9.982623646876622], [134.46363384867868, 9.991290319658653], [134.4425121689609, 10.011174337486606], [134.4327082300602, 10.021580044289244], [134.41381612086505, 10.03972502809659], [134.4017826114417, 10.052452091690839], [134.3823064633264, 10.068275718706573], [134.37085699282318, 10.08225219235143], [134.35580632979355, 10.096826409316556], [134.3509468377507, 10.12537709992654], [134.3708569928232, 10.14130620295991], [134.38192346689448, 10.153927790536525], [134.4017826114417, 10.163813619554158], [134.4327082300602, 10.181911615429012], [134.4336337485463, 10.182478481146507], [134.46363384867868, 10.195607778501373], [134.49455946729717, 10.204447230746494], [134.5254850859157, 10.210165299500996], [134.53161370048002, 10.21102917175649], [134.55641070453416, 10.216066094429975], [134.58733632315264, 10.21998798993857], [134.61826194177115, 10.221403404913332], [134.64918756038963, 10.220507449745359], [134.68011317900812, 10.216994343470548], [134.7110387976266, 10.211648510731427], [134.7157343967892, 10.211029171756492], [134.7419644162451, 10.209458451880774], [134.7728900348636, 10.209498751118323], [134.78841619568482, 10.211029171756492], [134.80381565348208, 10.214268669357665], [134.8347412721006, 10.222731981268666], [134.86566689071907, 10.227515343413629], [134.89659250933755, 10.228326299179521], [134.92751812795603, 10.227074331560065], [134.95844374657455, 10.225181083031892], [134.98936936519303, 10.223251082831146], [135.02029498381154, 10.221228508522916], [135.05122060243002, 10.218520920889974], [135.0821462210485, 10.214286447765028], [135.0979313843231, 10.21102917175649], [135.113071839667, 10.20923488350395], [135.1439974582855, 10.203927812755426], [135.17492307690398, 10.195393974049844], [135.20338053596353, 10.182478481146507], [135.20584869552246, 10.181523093644122], [135.23677431414097, 10.167794066859646], [135.25991136577716, 10.153927790536525], [135.26769993275946, 10.148691805201127], [135.29702252447237, 10.12537709992654], [135.29862555137794, 10.12339850380141], [135.32124409126027, 10.096826409316556], [135.32955116999642, 10.076761511757843], [135.33382419909694, 10.068275718706573], [135.3374347651545, 10.03972502809659], [135.32955116999642, 10.02641800793424], [135.32090739878512, 10.011174337486606], [135.29862555137794, 9.988241165945738], [135.29239656913532, 9.982623646876622], [135.26769993275946, 9.960393496894245], [135.26013905523223, 9.95407295626664], [135.23677431414097, 9.93464949871444], [135.22560963862307, 9.925522265656653], [135.20584869552243, 9.907852971684799], [135.19611374052053, 9.89697157504667], [135.17492307690398, 9.872556985902895], [135.17245320616976, 9.868420884436688], [135.1511016810278, 9.839870193826705], [135.1439974582855, 9.833107532304785], [135.113071839667, 9.812191264205799], [135.1092714215845, 9.81131950321672], [135.0821462210485, 9.80465455695754], [135.05122060243002, 9.80773496282464], [135.04152252787435, 9.81131950321672]]]}, "properties": {"fillColor": "#0000FF", "fillOpacity": 0.7, "color": "#000000", "weight": 0.2, "stroke": false}}, {"type": "Feature", "geometry": {"type": "Polygon", "coordinates": [[[133.84512147630886, 10.095717692516342], [133.87604709492734, 10.091406674975245], [133.90697271354583, 10.095489027104666], [133.91038361577563, 10.096826409316556], [133.93789833216434, 10.105527690934156], [133.96468688212238, 10.12537709992654], [133.96882395078282, 10.129652163664284], [133.98816504871633, 10.153927790536525], [133.99873726834477, 10.182478481146507], [133.99974956940133, 10.188637832186282], [134.0067617384229, 10.211029171756492], [134.01313597557936, 10.239579862366476], [134.02353433201944, 10.268130552976459], [133.99974956940133, 10.290738410276028], [133.99566427131543, 10.296681243586441], [133.96882395078282, 10.310184519333642], [133.93789833216434, 10.32467142503837], [133.93654366495292, 10.325231934196427], [133.90697271354583, 10.337782705488383], [133.87604709492734, 10.344653184529854], [133.84512147630886, 10.343994185702588], [133.81419585769038, 10.332992609636927], [133.80262053147456, 10.325231934196427], [133.78327023907187, 10.312660713237458], [133.7644101329889, 10.296681243586441], [133.75234462045339, 10.281940304931327], [133.74078015008632, 10.268130552976459], [133.73140041239643, 10.239579862366476], [133.73302855314702, 10.211029171756492], [133.74157262815567, 10.182478481146507], [133.75234462045339, 10.163470348155949], [133.7565326053405, 10.153927790536525], [133.78100712515447, 10.125377099926538], [133.78327023907187, 10.123414477064976], [133.81419585769038, 10.104036618828358], [133.842096303609, 10.096826409316556], [133.84512147630886, 10.095717692516342]]]}, "properties": {"fillColor": "#0000FF", "fillOpacity": 0.7, "color": "#000000", "weight": 0.2, "stroke": false}}, {"type": "Feature", "geometry": {"type": "Polygon", "coordinates": [[[133.8280945817241, 10.12537709992654], [133.81419585769038, 10.130964821301456], [133.78690607856112, 10.153927790536525], [133.78327023907187, 10.159500986064625], [133.76992120985204, 10.182478481146507], [133.76310300436228, 10.211029171756492], [133.76372567161937, 10.239579862366476], [133.77621699728604, 10.268130552976459], [133.78327023907187, 10.275954525838973], [133.80586467991975, 10.296681243586441], [133.81419585769038, 10.302747028977734], [133.84512147630886, 10.315677482721831], [133.87604709492734, 10.31642178525313], [133.90697271354583, 10.307482684512516], [133.9270167651072, 10.296681243586441], [133.93789833216434, 10.288808331931671], [133.95827972358603, 10.268130552976459], [133.96867809746772, 10.239579862366476], [133.96882395078282, 10.238301258930118], [133.9724345126958, 10.211029171756492], [133.96882395078282, 10.186532662892771], [133.96837147766817, 10.182478481146507], [133.95493333009958, 10.153927790536525], [133.93789833216434, 10.137051463978276], [133.91679645412358, 10.12537709992654], [133.90697271354583, 10.120695749383668], [133.87604709492734, 10.11532348132593], [133.84512147630886, 10.118630523929356], [133.8280945817241, 10.12537709992654]]]}, "properties": {"fillColor": "#0000FF", "fillOpacity": 0.7, "color": "#000000", "weight": 0.2, "stroke": false}}, {"type": "Feature", "geometry": {"type": "Polygon", "coordinates": [[[144.5144598996883, 10.402789873915811], [144.5453855183068, 10.401174319699535], [144.57631113692528, 10.408543868138358], [144.5813273412054, 10.410884006026375], [144.6072367555438, 10.419574920599509], [144.63816237416228, 10.426052217926497], [144.66908799278076, 10.429191373265484], [144.70001361139924, 10.430608844040963], [144.73093923001775, 10.430783142457175], [144.76186484863624, 10.434880756444281], [144.77386122773686, 10.439434696636361], [144.79279046725472, 10.441775727008963], [144.82371608587323, 10.447434857763033], [144.8546417044917, 10.459414148842434], [144.86911312388935, 10.467985387246344], [144.8855673231102, 10.47442196967495], [144.91649294172868, 10.490785171209403], [144.92667199965805, 10.496536077856328], [144.9474185603472, 10.503953943304232], [144.97834417896567, 10.51684818719964], [144.99441256121304, 10.525086768466313], [145.00926979758418, 10.53026429984961], [145.04019541620266, 10.5452551057142], [145.05250546927783, 10.553637459076295], [145.07112103482115, 10.564207140641347], [145.09362437422865, 10.582188149686278], [145.10204665343963, 10.589517056081757], [145.12314979967738, 10.610738840296262], [145.13297227205814, 10.628859535004826], [145.14000806621564, 10.639289530906247], [145.14751595462582, 10.66784022151623], [145.1439381646864, 10.696390912126214], [145.13297227205814, 10.710999154713733], [145.11167935876264, 10.724941602736198], [145.10204665343963, 10.729436982614423], [145.07112103482115, 10.748497187411763], [145.05378081160472, 10.75349229334618], [145.04019541620266, 10.761279725478925], [145.00926979758418, 10.769120000169162], [144.97834417896567, 10.772384282695242], [144.9474185603472, 10.77342549254671], [144.91649294172868, 10.773614190270589], [144.8855673231102, 10.774951616670577], [144.8546417044917, 10.77755389831702], [144.82371608587323, 10.78098646313154], [144.81523020833447, 10.782042983956163], [144.79279046725472, 10.787865572744145], [144.76186484863624, 10.789730477243655], [144.73406772087193, 10.782042983956163], [144.73093923001775, 10.781255775081375], [144.70001361139924, 10.764887611048678], [144.68529067763882, 10.75349229334618], [144.66908799278076, 10.736967454919297], [144.65755401394998, 10.724941602736198], [144.6510832059812, 10.696390912126214], [144.66908799278076, 10.67325206106988], [144.67449189157193, 10.66784022151623], [144.68473136961907, 10.639289530906247], [144.66908799278076, 10.620793263144478], [144.6599861456906, 10.610738840296262], [144.6397060814852, 10.582188149686278], [144.63816237416228, 10.578649243646547], [144.61666303721285, 10.553637459076295], [144.6072367555438, 10.532904874780002], [144.59835367411196, 10.525086768466313], [144.57631113692528, 10.50282347077393], [144.5621093962859, 10.496536077856328], [144.5453855183068, 10.488673554597657], [144.5144598996883, 10.472596635000157], [144.5089541355851, 10.467985387246344], [144.4904716826557, 10.439434696636361], [144.49935268846366, 10.410884006026377], [144.5144598996883, 10.402789873915811]]]}, "properties": {"fillColor": "#0000FF", "fillOpacity": 0.7, "color": "#000000", "weight": 0.2, "stroke": false}}, {"type": "Feature", "geometry": {"type": "Polygon", "coordinates": [[[144.584944898586, 10.467985387246344], [144.60047976817208, 10.496536077856328], [144.6072367555438, 10.503226644055973], [144.61415245017992, 10.525086768466313], [144.6314448524704, 10.553637459076295], [144.63816237416228, 10.561452453826991], [144.64720749861175, 10.582188149686278], [144.66908799278076, 10.605614201774605], [144.67339372937488, 10.610738840296264], [144.70001361139924, 10.636965420608467], [144.70280953674785, 10.639289530906247], [144.7100533905826, 10.66784022151623], [144.70001361139924, 10.681907789325214], [144.68493600902147, 10.696390912126214], [144.6987662672744, 10.724941602736198], [144.70001361139924, 10.726175722029504], [144.73093923001775, 10.752789945127919], [144.73235361833068, 10.75349229334618], [144.76186484863624, 10.765985724010154], [144.7927904672547, 10.768413148205036], [144.82371608587323, 10.766534976133286], [144.8546417044917, 10.763337944885762], [144.8855673231102, 10.758724980252522], [144.91649294172868, 10.754317994651702], [144.92721607950574, 10.75349229334618], [144.9474185603472, 10.752639058673063], [144.97834417896564, 10.75133325294953], [145.00926979758418, 10.748817977895685], [145.04019541620266, 10.743408909722799], [145.07112103482115, 10.727648831400833], [145.07494746626693, 10.724941602736198], [145.10204665343963, 10.706246030900017], [145.1135909284292, 10.696390912126214], [145.12457190961132, 10.66784022151623], [145.1183279980666, 10.639289530906247], [145.10204665343963, 10.617597873794512], [145.09686133900715, 10.610738840296262], [145.07112103482115, 10.587726438784937], [145.06278373591226, 10.582188149686278], [145.04019541620266, 10.566398196531498], [145.0136656125577, 10.553637459076295], [145.00926979758418, 10.551074684753122], [144.97834417896564, 10.53573135309586], [144.94986428170537, 10.525086768466313], [144.9474185603472, 10.523838640526204], [144.91649294172868, 10.506941483714764], [144.8930557280043, 10.496536077856328], [144.8855673231102, 10.491958520350165], [144.8546417044917, 10.474597065247554], [144.83670336684418, 10.467985387246344], [144.82371608587323, 10.46122453582393], [144.7927904672547, 10.449623461610646], [144.76186484863624, 10.443183362905037], [144.73093923001773, 10.441591293953579], [144.70001361139924, 10.44187086124705], [144.66908799278076, 10.442728537282035], [144.63816237416228, 10.445011008025288], [144.6072367555438, 10.452020434859449], [144.584944898586, 10.467985387246344]]]}, "properties": {"fillColor": "#0000FF", "fillOpacity": 0.7, "color": "#000000", "weight": 0.2, "stroke": false}}, {"type": "Feature", "geometry": {"type": "Polygon", "coordinates": [[[131.37107198682958, 10.486955891202518], [131.40199760544806, 10.486169799494874], [131.43292322406654, 10.49650862340559], [131.43297409708813, 10.496536077856327], [131.46384884268502, 10.515954270167551], [131.47784369724397, 10.525086768466313], [131.49477446130354, 10.53311642255515], [131.52570007992202, 10.547116164907914], [131.53651322852636, 10.553637459076295], [131.55662569854053, 10.566087096100233], [131.57145778235494, 10.582188149686278], [131.58636671252967, 10.610738840296262], [131.587551317159, 10.614890469578121], [131.5952953343198, 10.639289530906247], [131.59950704092074, 10.66784022151623], [131.59832267701813, 10.696390912126212], [131.58856174563482, 10.7249416027362], [131.587551317159, 10.72660575374562], [131.57512421532996, 10.75349229334618], [131.55662569854053, 10.777478098344506], [131.55333685882897, 10.782042983956163], [131.52785403388833, 10.81059367456615], [131.52570007992202, 10.812773779795542], [131.4994198742059, 10.839144365176132], [131.49477446130354, 10.843524700005222], [131.4681221856309, 10.867695055786116], [131.46384884268502, 10.871580358944207], [131.43568633941766, 10.8962457463961], [131.43292322406654, 10.898634680882946], [131.40199760544806, 10.92269930213796], [131.39860837872212, 10.924796437006083], [131.37107198682958, 10.94268520152357], [131.3420802502357, 10.953347127616066], [131.34014636821107, 10.9542916452652], [131.30922074959258, 10.965099430081562], [131.2782951309741, 10.970379373576137], [131.2473695123556, 10.971991822211418], [131.2164438937371, 10.973623674740928], [131.18551827511862, 10.978566212360478], [131.17714298451443, 10.98189781822605], [131.15459265650014, 10.997582136886606], [131.12752218518042, 11.010448508836035], [131.12366703788163, 11.012900370302829], [131.09274141926315, 11.022977926955999], [131.06181580064467, 11.025611184814021], [131.03089018202616, 11.026277141404336], [130.99996456340767, 11.025382915714783], [130.9690389447892, 11.02319212318145], [130.93811332617068, 11.026233971587125], [130.91951732883615, 11.038999199446017], [130.9071877075522, 11.047456807966167], [130.8766364943909, 11.067549890056], [130.87626208893371, 11.067772782260235], [130.8453364703152, 11.08107233073004], [130.81441085169672, 11.088893997767608], [130.78348523307824, 11.090845217950214], [130.75255961445976, 11.08276219564685], [130.73198203629494, 11.067549890056], [130.72163399584124, 11.058576340726502], [130.70637985420117, 11.038999199446017], [130.69674605118428, 11.010448508836035], [130.70333900822118, 10.98189781822605], [130.72163399584124, 10.96109596447963], [130.73080638307107, 10.953347127616066], [130.75255961445976, 10.939492448431594], [130.78289943971203, 10.924796437006083], [130.78348523307824, 10.924481468086185], [130.81441085169672, 10.913052377013216], [130.8453364703152, 10.911350954859241], [130.87626208893371, 10.918512730979447], [130.9071877075522, 10.90954410325835], [130.91095012034967, 10.896245746396099], [130.9170010862552, 10.867695055786115], [130.9214558731497, 10.839144365176132], [130.9255824267139, 10.81059367456615], [130.93132087472435, 10.782042983956163], [130.93811332617068, 10.763130801731819], [130.94165868637353, 10.75349229334618], [130.96675128433995, 10.724941602736198], [130.9690389447892, 10.723162823547643], [130.99996456340767, 10.699991302439198], [131.0047335059512, 10.696390912126214], [131.03089018202616, 10.672861097137389], [131.03610282508623, 10.66784022151623], [131.06181580064467, 10.644455009603103], [131.07118913892185, 10.639289530906247], [131.09274141926315, 10.627840523296907], [131.12366703788163, 10.618869394541498], [131.15459265650014, 10.617698276859432], [131.18551827511862, 10.622409888652193], [131.2164438937371, 10.615698563122793], [131.22280895909924, 10.610738840296264], [131.2473695123556, 10.586889812720688], [131.25077859665126, 10.582188149686278], [131.27144910876424, 10.553637459076295], [131.2782951309741, 10.545729406709347], [131.29756649204663, 10.525086768466313], [131.30922074959255, 10.514164925641658], [131.34014636821107, 10.497779145863447], [131.34567456703556, 10.496536077856328], [131.37107198682958, 10.486955891202518]]]}, "properties": {"fillColor": "#0000FF", "fillOpacity": 0.7, "color": "#000000", "weight": 0.2, "stroke": false}}, {"type": "Feature", "geometry": {"type": "Polygon", "coordinates": [[[131.32989876167554, 10.525086768466313], [131.30922074959258, 10.536636277978694], [131.29210139753042, 10.553637459076295], [131.2782951309741, 10.56889888171608], [131.26711546435712, 10.582188149686278], [131.2473695123556, 10.6094209208803], [131.24601227336962, 10.610738840296262], [131.2164438937371, 10.633778818531098], [131.20308739978108, 10.639289530906247], [131.18551827511862, 10.644495548685343], [131.15459265650014, 10.646429046584666], [131.12366703788163, 10.649110927052448], [131.09274141926315, 10.661084186315364], [131.08322223895777, 10.66784022151623], [131.06181580064467, 10.685046480584635], [131.04984590470522, 10.696390912126214], [131.03089018202616, 10.713108352230517], [131.01625904496225, 10.724941602736198], [130.99996456340767, 10.737763379073542], [130.9822191571866, 10.75349229334618], [130.9690389447892, 10.770592017111113], [130.96163382469754, 10.782042983956163], [130.95088812005108, 10.81059367456615], [130.94570583055827, 10.839144365176132], [130.94287081704226, 10.867695055786115], [130.9414014747968, 10.896245746396097], [130.94166923953225, 10.924796437006083], [130.94613843866074, 10.953347127616066], [130.96816358532053, 10.98189781822605], [130.9690389447892, 10.982446097331627], [130.99996456340767, 10.997781927339211], [131.03089018202616, 11.002267130532301], [131.06181580064467, 11.002044458876277], [131.09274141926315, 10.998529101060655], [131.12366703788163, 10.98893076110578], [131.13505349704502, 10.98189781822605], [131.15459265650014, 10.973089851469995], [131.18551827511862, 10.959477523883425], [131.2094729883559, 10.953347127616066], [131.2164438937371, 10.952342729859733], [131.2473695123556, 10.949783725791512], [131.2782951309741, 10.946727477363282], [131.30922074959258, 10.941474778292896], [131.34014636821107, 10.93121055325671], [131.35245095519048, 10.924796437006083], [131.37107198682958, 10.916200307983143], [131.39884914080707, 10.896245746396099], [131.40199760544806, 10.893907300561171], [131.4322070362016, 10.867695055786115], [131.43292322406654, 10.8670285281773], [131.46349000162428, 10.839144365176132], [131.46384884268502, 10.838790582696378], [131.49382172845387, 10.810593674566151], [131.49477446130354, 10.809588815029155], [131.521352362381, 10.782042983956163], [131.52570007992202, 10.776837714479653], [131.54456669734677, 10.75349229334618], [131.55662569854053, 10.732815145942297], [131.56148738752304, 10.724941602736198], [131.57368090444473, 10.696390912126214], [131.57194495193968, 10.66784022151623], [131.5623234508144, 10.639289530906247], [131.55662569854053, 10.626638488945133], [131.55095381467692, 10.610738840296262], [131.52570007992202, 10.584501586257625], [131.5215357285571, 10.582188149686278], [131.49477446130354, 10.567443027540742], [131.46673182665265, 10.553637459076295], [131.46384884268502, 10.55186517292765], [131.43292322406654, 10.529516797891745], [131.42205761197238, 10.525086768466313], [131.40199760544806, 10.514045936336185], [131.37107198682958, 10.510389460024346], [131.34014636821107, 10.518341069723654], [131.32989876167554, 10.525086768466313]]]}, "properties": {"fillColor": "#0000FF", "fillOpacity": 0.7, "color": "#000000", "weight": 0.2, "stroke": false}}, {"type": "Feature", "geometry": {"type": "Polygon", "coordinates": [[[129.39183239524613, 10.510980352211057], [129.4227580138646, 10.504858110371405], [129.45368363248312, 10.504911988084032], [129.48460925110163, 10.511271439557206], [129.51111343101815, 10.525086768466313], [129.5155348697201, 10.526473910390177], [129.5464604883386, 10.537530613495822], [129.57738610695708, 10.550567449541933], [129.5876870570984, 10.553637459076295], [129.60831172557556, 10.556606118231466], [129.63923734419407, 10.560711637440765], [129.67016296281255, 10.56526643172097], [129.70108858143104, 10.570861524320833], [129.73201420004955, 10.5780641656126], [129.74668893132025, 10.582188149686278], [129.76293981866803, 10.586020416410895], [129.7938654372865, 10.596068820563683], [129.824791055905, 10.610253101391407], [129.82577371883903, 10.610738840296262], [129.8557166745235, 10.624317087481117], [129.886642293142, 10.637492498365706], [129.88865512058152, 10.639289530906247], [129.9028832982945, 10.66784022151623], [129.90356589738525, 10.696390912126214], [129.8939117895257, 10.724941602736198], [129.886642293142, 10.734393717544574], [129.8557166745235, 10.749848854270429], [129.824791055905, 10.744382929513863], [129.7938654372865, 10.751500661339659], [129.78819002964096, 10.75349229334618], [129.76293981866803, 10.765341769260491], [129.73201420004955, 10.778732207474164], [129.72329846296765, 10.782042983956163], [129.70108858143104, 10.793438706022776], [129.67016296281255, 10.802198554026436], [129.63923734419407, 10.806138327886394], [129.60831172557556, 10.807624921072136], [129.57738610695708, 10.80745542620441], [129.5464604883386, 10.80531847429666], [129.5155348697201, 10.799883565056636], [129.4846092511016, 10.792039294729667], [129.46179103088497, 10.782042983956163], [129.45368363248312, 10.780800129999246], [129.4227580138646, 10.778193816497119], [129.39183239524613, 10.779443180696756], [129.36090677662764, 10.781001411138819], [129.32998115800916, 10.781267985437593], [129.29905553939065, 10.78036664314635], [129.29036392542463, 10.782042983956163], [129.29905553939065, 10.793208374976643], [129.30371762596562, 10.81059367456615], [129.32898561919683, 10.839144365176132], [129.31433861742045, 10.867695055786115], [129.29905553939065, 10.87149386961944], [129.26812992077217, 10.871734851090478], [129.23720430215369, 10.868368055082438], [129.22699695869287, 10.867695055786115], [129.20627868353517, 10.86633223625956], [129.1753530649167, 10.865616669758575], [129.1444274462982, 10.862862646971926], [129.11350182767973, 10.859765831358281], [129.08257620906122, 10.856658690225796], [129.05165059044273, 10.851812425363946], [129.02072497182425, 10.842184366759412], [129.0140069038589, 10.839144365176132], [128.99420337750652, 10.81059367456615], [129.01316054233354, 10.782042983956163], [129.02072497182425, 10.777126598021471], [129.05165059044273, 10.762898210369308], [129.08257620906122, 10.756219309173558], [129.11350182767973, 10.754675380039064], [129.12467193558297, 10.75349229334618], [129.1444274462982, 10.751411542793408], [129.1753530649167, 10.746498789015758], [129.20627868353517, 10.745484679058919], [129.23720430215369, 10.751522247374119], [129.25037483354686, 10.75349229334618], [129.26812992077217, 10.763097634321863], [129.27044456587944, 10.75349229334618], [129.26812992077217, 10.7455681296433], [129.26174693142354, 10.724941602736198], [129.25622582795842, 10.696390912126214], [129.2553971943844, 10.66784022151623], [129.2634303665359, 10.639289530906247], [129.26812992077217, 10.631539931862768], [129.27496718011056, 10.610738840296262], [129.29817586290403, 10.582188149686278], [129.29905553939065, 10.581272019550397], [129.32389404588307, 10.553637459076295], [129.32998115800916, 10.547967076816205], [129.36090677662764, 10.526933468701268], [129.36604500901237, 10.525086768466313], [129.39183239524613, 10.510980352211057]]]}, "properties": {"fillColor": "#0000FF", "fillOpacity": 0.7, "color": "#000000", "weight": 0.2, "stroke": false}}, {"type": "Feature", "geometry": {"type": "Polygon", "coordinates": [[[129.41958619663242, 10.525086768466313], [129.39183239524613, 10.529282186690404], [129.36090677662764, 10.542745662137307], [129.34688934566333, 10.553637459076295], [129.32998115800916, 10.566040658507859], [129.3137329016904, 10.582188149686278], [129.29905553939065, 10.602782603618458], [129.29245431268149, 10.610738840296262], [129.27707257261358, 10.639289530906247], [129.272342278027, 10.66784022151623], [129.27373607707787, 10.696390912126214], [129.2826969074868, 10.724941602736198], [129.29905553939065, 10.745037852124847], [129.31294953686995, 10.75349229334618], [129.32998115800916, 10.762845219796507], [129.36090677662764, 10.768278746877733], [129.39183239524613, 10.768129817213648], [129.4227580138646, 10.767650093417828], [129.45368363248312, 10.772744869287198], [129.4846092511016, 10.77803444580146], [129.5155348697201, 10.781968635606404], [129.5160149370058, 10.782042983956163], [129.5464604883386, 10.791189431130931], [129.57738610695708, 10.79456518172475], [129.60831172557556, 10.794297902654137], [129.63923734419407, 10.79088189635939], [129.67016296281255, 10.782970459050782], [129.67252770610966, 10.782042983956163], [129.70108858143104, 10.774171841084613], [129.73201420004955, 10.758520832962725], [129.7410311350618, 10.75349229334618], [129.76293981866803, 10.74287987224538], [129.7938654372865, 10.729095846534866], [129.80594433974403, 10.724941602736198], [129.824791055905, 10.716331247317886], [129.8557166745235, 10.714341942425982], [129.86831524581874, 10.696390912126214], [129.8557166745235, 10.669296725732128], [129.85448878308387, 10.66784022151623], [129.824791055905, 10.652447777269177], [129.80046904298217, 10.639289530906247], [129.7938654372865, 10.63539042451876], [129.76293981866803, 10.618514395298178], [129.7472328521102, 10.610738840296262], [129.73201420004955, 10.604663004613627], [129.70108858143107, 10.594607570792224], [129.67016296281255, 10.587389168822991], [129.64114947320672, 10.582188149686278], [129.63923734419407, 10.581700054810513], [129.60831172557556, 10.573031492588987], [129.57738610695708, 10.565551376663256], [129.5464604883386, 10.556665236583921], [129.53748341768767, 10.553637459076295], [129.5155348697201, 10.542038253565257], [129.4846092511016, 10.530096306558391], [129.4545442940221, 10.525086768466313], [129.45368363248312, 10.524821316775638], [129.4227580138646, 10.524173200596172], [129.41958619663242, 10.525086768466313]]]}, "properties": {"fillColor": "#0000FF", "fillOpacity": 0.7, "color": "#000000", "weight": 0.2, "stroke": false}}, {"type": "Feature", "geometry": {"type": "Polygon", "coordinates": [[[130.13404724208993, 10.657512971199687], [130.16497286070842, 10.649835137833406], [130.1958984793269, 10.650519486602345], [130.22682409794538, 10.655711917325583], [130.2577497165639, 10.66636903447515], [130.2604058234967, 10.66784022151623], [130.28867533518238, 10.680403648813886], [130.30824668167216, 10.696390912126214], [130.31960095380086, 10.708975492176975], [130.33457354424795, 10.724941602736198], [130.3482874277501, 10.75349229334618], [130.35052657241937, 10.769734629774828], [130.3536279068053, 10.782042983956163], [130.35052657241937, 10.795575968104043], [130.34845063799165, 10.81059367456615], [130.32791546093944, 10.839144365176132], [130.31960095380086, 10.84555532954034], [130.28867533518238, 10.859065215162131], [130.2577497165639, 10.863625910110368], [130.22682409794538, 10.86452943841197], [130.1958984793269, 10.863126486282102], [130.16497286070842, 10.859575006460846], [130.13404724208993, 10.850595659538715], [130.11259745887594, 10.839144365176132], [130.10312162347142, 10.836309429561867], [130.07219600485294, 10.828431125398424], [130.04127038623446, 10.818253748400206], [130.02413270957172, 10.81059367456615], [130.01034476761595, 10.804732176615948], [129.9821488569323, 10.782042983956163], [129.97941914899747, 10.774459870517608], [129.96977792828582, 10.75349229334618], [129.9772020964316, 10.724941602736198], [129.97941914899747, 10.72249526110686], [130.0048531827992, 10.696390912126212], [130.01034476761595, 10.693011606122186], [130.04127038623446, 10.679840855883585], [130.07219600485294, 10.673687493655521], [130.10312162347142, 10.668968505631527], [130.10779542251203, 10.66784022151623], [130.13404724208993, 10.657512971199687]]]}, "properties": {"fillColor": "#0000FF", "fillOpacity": 0.7, "color": "#000000", "weight": 0.2, "stroke": false}}, {"type": "Feature", "geometry": {"type": "Polygon", "coordinates": [[[130.15900289865093, 10.66784022151623], [130.13404724208993, 10.671926947391908], [130.10312162347142, 10.68363147051663], [130.07219600485294, 10.692727436872614], [130.06083747995956, 10.696390912126214], [130.04127038623446, 10.702348457266384], [130.01034476761595, 10.723376901071475], [130.00873359637689, 10.724941602736198], [129.99927649700294, 10.75349229334618], [130.01034476761595, 10.773297093458226], [130.01577956805008, 10.782042983956163], [130.04127038623446, 10.797742653326255], [130.07219600485294, 10.809515321475834], [130.07514264596588, 10.81059367456615], [130.10312162347142, 10.824180462831357], [130.13404724208993, 10.83604134744868], [130.1489454611836, 10.839144365176132], [130.16497286070842, 10.846014317480662], [130.1958984793269, 10.851492939139249], [130.22682409794538, 10.852070531814725], [130.2577497165639, 10.8480682458707], [130.28420972715642, 10.839144365176132], [130.28867533518238, 10.83778429398159], [130.31960095380086, 10.815905474911723], [130.32419849973374, 10.81059367456615], [130.33310936791042, 10.782042983956163], [130.3262895857101, 10.75349229334618], [130.31960095380086, 10.743587403816308], [130.31004446285618, 10.724941602736198], [130.28867533518238, 10.703432747192446], [130.27958546711773, 10.696390912126214], [130.2577497165639, 10.681755766425592], [130.22682409794538, 10.672441191600612], [130.1958984793269, 10.667876908510522], [130.19480542992892, 10.66784022151623], [130.16497286070842, 10.665687049972451], [130.15900289865093, 10.66784022151623]]]}, "properties": {"fillColor": "#0000FF", "fillOpacity": 0.7, "color": "#000000", "weight": 0.2, "stroke": false}}, {"type": "Feature", "geometry": {"type": "Polygon", "coordinates": [[[145.16389789067662, 10.739612024847986], [145.1948235092951, 10.732510954807417], [145.22574912791362, 10.733526023197188], [145.2566747465321, 10.74429714132005], [145.26752775392094, 10.75349229334618], [145.27656321416606, 10.782042983956163], [145.2703395492493, 10.81059367456615], [145.26507365339472, 10.839144365176132], [145.26829723693706, 10.867695055786115], [145.28760036515058, 10.895374839761676], [145.28840312898288, 10.896245746396099], [145.31433942603906, 10.924796437006083], [145.31852598376906, 10.930750496430479], [145.34826302084474, 10.953347127616066], [145.34945160238757, 10.953861748348821], [145.35322216129848, 10.953347127616066], [145.38037722100606, 10.948267346682531], [145.41130283962457, 10.93213808033188], [145.42515062480544, 10.924796437006083], [145.44222845824305, 10.912515352710209], [145.4716655069142, 10.896245746396099], [145.47315407686153, 10.895183349593145], [145.50407969548002, 10.878759136967904], [145.53500531409853, 10.87333745605892], [145.565930932717, 10.876585315590702], [145.5968565513355, 10.890531845984363], [145.6045771209307, 10.896245746396099], [145.627782169954, 10.913476378721057], [145.63986002559977, 10.924796437006083], [145.65870778857249, 10.944473542385824], [145.66735726702697, 10.953347127616066], [145.68963340719097, 10.980382170558546], [145.6909980684759, 10.98189781822605], [145.71419017882286, 11.010448508836035], [145.72055902580945, 11.020078013370046], [145.73759287950398, 11.038999199446017], [145.75148464442796, 11.052232672531881], [145.77219143205667, 11.067549890056], [145.78241026304644, 11.076129174473271], [145.81156051905313, 11.096100580665984], [145.81333588166493, 11.10407022187306], [145.82225739658296, 11.124651271275969], [145.81333588166493, 11.145237867270206], [145.81266647862643, 11.153201961885951], [145.8107404883764, 11.181752652495936], [145.80781949669122, 11.21030334310592], [145.80418830534964, 11.238854033715903], [145.8082816674675, 11.267404724325885], [145.81333588166493, 11.28495307246769], [145.82357027049517, 11.295955414935872], [145.83176670432505, 11.324506105545854], [145.81761703059794, 11.353056796155837], [145.81333588166495, 11.355876724437241], [145.78618190942754, 11.381607486765821], [145.78241026304644, 11.38374143970138], [145.75148464442796, 11.39916175494428], [145.72055902580945, 11.40557562937897], [145.68963340719097, 11.408877866486838], [145.6750943078721, 11.410158177375806], [145.65870778857249, 11.413730943036892], [145.627782169954, 11.424446937714787], [145.6093187089015, 11.438708867985788], [145.6096373396005, 11.467259558595774], [145.61080175774066, 11.495810249205757], [145.60492378716452, 11.52436093981574], [145.5968565513355, 11.53946531339908], [145.59162967303513, 11.552911630425722], [145.57512115224011, 11.581462321035707], [145.565930932717, 11.592972637658793], [145.559404394813, 11.610013011645691], [145.53936188713044, 11.638563702255674], [145.5350053140985, 11.644034741480292], [145.51753794326663, 11.667114392865658], [145.50407969548002, 11.677937485501747], [145.47315407686153, 11.688633712880687], [145.44222845824305, 11.689472685704372], [145.41130283962457, 11.68295187915545], [145.38789670630072, 11.66711439286566], [145.38037722100606, 11.663873519080973], [145.35075879381938, 11.638563702255674], [145.34945160238757, 11.637589405159238], [145.31852598376906, 11.612609086032311], [145.315223051128, 11.610013011645693], [145.28760036515058, 11.596586268597036], [145.26413151386174, 11.581462321035707], [145.2566747465321, 11.578780672464918], [145.22574912791362, 11.567832935530998], [145.20161032001488, 11.552911630425722], [145.1948235092951, 11.550475062174783], [145.16389789067662, 11.536399813491581], [145.14635039504054, 11.52436093981574], [145.13297227205814, 11.518199702625648], [145.10204665343963, 11.502317791488696], [145.08444816320826, 11.495810249205757], [145.07112103482115, 11.492821896654124], [145.04019541620266, 11.491950467645363], [145.01289240057397, 11.495810249205757], [145.00926979758418, 11.496795641722068], [144.97834417896567, 11.503045170809749], [144.9474185603472, 11.503830560671705], [144.91649294172868, 11.502233580873977], [144.8855673231102, 11.501846482071684], [144.8546417044917, 11.503647959197984], [144.82371608587323, 11.505114426816647], [144.79279046725472, 11.502063352033552], [144.77704997034914, 11.495810249205757], [144.76186484863624, 11.486812818985447], [144.74633841519858, 11.467259558595773], [144.7386683819313, 11.438708867985788], [144.7401612899855, 11.410158177375806], [144.74860016624268, 11.381607486765821], [144.76186484863624, 11.357134677455003], [144.76428779611828, 11.353056796155837], [144.78487381349908, 11.324506105545854], [144.79279046725472, 11.309800503501222], [144.80393433974604, 11.295955414935872], [144.79279046725472, 11.272349453804988], [144.78956781187975, 11.267404724325885], [144.76186484863626, 11.252445936003397], [144.73329592604017, 11.238854033715903], [144.73093923001775, 11.237590661826918], [144.70001361139924, 11.222130967274417], [144.67947129289968, 11.21030334310592], [144.66908799278076, 11.198167994369655], [144.6546484762871, 11.181752652495934], [144.63816237416228, 11.16309329689793], [144.6072367555438, 11.162266663154593], [144.57631113692528, 11.172804694764235], [144.5453855183068, 11.180878925513218], [144.53963266071688, 11.181752652495936], [144.5144598996883, 11.186917179400528], [144.4835342810698, 11.186269628734172], [144.46054608676081, 11.181752652495938], [144.45260866245133, 11.180932002075227], [144.42168304383284, 11.17607076922265], [144.39075742521436, 11.16973024478741], [144.35983180659585, 11.161008576419738], [144.33997889833182, 11.153201961885951], [144.32890618797737, 11.149109596556425], [144.29798056935886, 11.133161938191614], [144.28562482008496, 11.124651271275969], [144.26705495074037, 11.104542707805216], [144.25860888840342, 11.096100580665983], [144.2361293321219, 11.06795367614447], [144.23413435035903, 11.067549890056], [144.2052037135034, 11.06507412936236], [144.18865343038192, 11.067549890056], [144.1742780948849, 11.070505309049723], [144.1433524762664, 11.081123187246856], [144.11242685764793, 11.091829630006789], [144.09843260770805, 11.096100580665984], [144.08150123902942, 11.10228067627009], [144.05057562041094, 11.109373981441976], [144.01965000179246, 11.111442208903291], [143.98872438317397, 11.109870484305956], [143.95779876455546, 11.105170553928687], [143.92687314593698, 11.09852665825344], [143.9177634170622, 11.096100580665984], [143.89594752731847, 11.09311065845321], [143.8650219087, 11.084453248179871], [143.8369687684282, 11.067549890056], [143.8340962900815, 11.065853556044779], [143.80317067146302, 11.042334783376655], [143.79952782984662, 11.038999199446017], [143.7741588092805, 11.010448508836035], [143.7722450528445, 11.006117085991551], [143.75960663875395, 10.98189781822605], [143.75749276256087, 10.953347127616066], [143.7657671848606, 10.924796437006083], [143.7722450528445, 10.914132640093795], [143.79415537024727, 10.896245746396099], [143.80317067146302, 10.891459397165319], [143.8340962900815, 10.885073294726496], [143.8650219087, 10.882907948796193], [143.89594752731847, 10.882087494668191], [143.92687314593698, 10.880707333689756], [143.95779876455546, 10.877866068193246], [143.98872438317397, 10.876268614305985], [144.01965000179246, 10.873717342392304], [144.05057562041094, 10.868474196774232], [144.05388677585375, 10.867695055786115], [144.08150123902942, 10.85471509698588], [144.11242685764793, 10.842709946780957], [144.12356945203493, 10.839144365176132], [144.14335247626641, 10.832207746009878], [144.1742780948849, 10.824825435066785], [144.2052037135034, 10.819414638948196], [144.2361293321219, 10.815084440142169], [144.26705495074037, 10.811407070372757], [144.27414013279335, 10.81059367456615], [144.29798056935886, 10.80668264226125], [144.32890618797737, 10.802594610199993], [144.35983180659585, 10.801864911294448], [144.39075742521436, 10.810198642145147], [144.39135565605622, 10.81059367456615], [144.42040310359988, 10.839144365176132], [144.42168304383284, 10.840490319026795], [144.43813897020738, 10.867695055786115], [144.44751868876364, 10.896245746396099], [144.4450345842627, 10.924796437006083], [144.4396942223569, 10.953347127616066], [144.45260866245133, 10.968385226029596], [144.474979283836, 10.98189781822605], [144.4835342810698, 10.9849631715985], [144.5144598996883, 10.995699710118718], [144.54538551830677, 11.007814106833262], [144.55410873116293, 11.010448508836035], [144.57631113692528, 11.01633484897567], [144.6072367555438, 11.020801778074706], [144.63816237416228, 11.016473125188881], [144.64603793178037, 11.010448508836035], [144.66469177272162, 10.98189781822605], [144.66908799278076, 10.969388710205749], [144.67450267653197, 10.953347127616066], [144.70001361139924, 10.92558765940287], [144.73093923001775, 10.928209403844894], [144.76186484863624, 10.936494205003306], [144.79279046725472, 10.947670836038444], [144.80545269496264, 10.953347127616066], [144.82371608587323, 10.959980257011914], [144.8546417044917, 10.975518053119336], [144.86531611791037, 10.98189781822605], [144.8855673231102, 10.993176970245884], [144.91649294172868, 11.001745025852523], [144.9474185603472, 10.985889782443962], [144.9496034081576, 10.98189781822605], [144.96112887142777, 10.953347127616066], [144.97588981442837, 10.924796437006083], [144.97834417896567, 10.92161304257393], [144.9924500849487, 10.896245746396099], [145.00926979758418, 10.87434414651488], [145.01528810249715, 10.867695055786115], [145.0325045840114, 10.839144365176132], [145.04019541620266, 10.828935008670204], [145.05884670962993, 10.81059367456615], [145.07112103482115, 10.80030011675618], [145.10204665343963, 10.785395102052167], [145.10962075027447, 10.782042983956163], [145.13297227205814, 10.765208784124074], [145.15006624585294, 10.75349229334618], [145.16389789067662, 10.739612024847986]]]}, "properties": {"fillColor": "#0000FF", "fillOpacity": 0.7, "color": "#000000", "weight": 0.2, "stroke": false}}, {"type": "Feature", "geometry": {"type": "Polygon", "coordinates": [[[145.13221725268036, 10.81059367456615], [145.10204665343963, 10.821096710386307], [145.07114272359829, 10.839144365176134], [145.07112103482115, 10.839154554794467], [145.04458716006206, 10.867695055786115], [145.04019541620266, 10.869902905003833], [145.01366306082292, 10.896245746396099], [145.00926979758418, 10.902163454861544], [144.99120568409643, 10.924796437006083], [144.98263539109314, 10.953347127616066], [144.97834417896567, 10.975781235433372], [144.97594400722804, 10.98189781822605], [144.96165391199185, 11.010448508836035], [144.9474185603472, 11.031548725587964], [144.93119410523911, 11.038999199446017], [144.91649294172868, 11.045793346518467], [144.88640008411411, 11.038999199446017], [144.8855673231102, 11.03880644119949], [144.8546417044917, 11.021348242462013], [144.83801153408643, 11.010448508836035], [144.82371608587323, 11.00270316843717], [144.79279046725472, 10.990641827718042], [144.76186484863626, 10.98473653544026], [144.73169884509352, 11.010448508836035], [144.73093923001775, 11.011803706106654], [144.71895632512297, 11.038999199446017], [144.71985256261277, 11.067549890056], [144.73093923001775, 11.085941975042319], [144.73698291401143, 11.096100580665984], [144.75691420786467, 11.124651271275969], [144.76186484863624, 11.132316839961668], [144.7738911461181, 11.153201961885951], [144.7927904672547, 11.179712722431143], [144.794099244695, 11.181752652495936], [144.82371608587323, 11.20893199996786], [144.82516248857075, 11.21030334310592], [144.8546417044917, 11.230234985121015], [144.86806443915052, 11.238854033715903], [144.8855673231102, 11.2509784401994], [144.91390004902084, 11.267404724325885], [144.91649294172868, 11.27068685366136], [144.94251485782488, 11.295955414935872], [144.91649294172868, 11.316600092717067], [144.903665685765, 11.324506105545854], [144.8855673231102, 11.329665478957613], [144.8546417044917, 11.34170893511596], [144.83603930582288, 11.353056796155837], [144.82371608587323, 11.362452916749854], [144.80615299775494, 11.381607486765821], [144.79529868636746, 11.410158177375806], [144.80222375620082, 11.438708867985788], [144.82371608587323, 11.454944327503714], [144.8546417044917, 11.463310140615333], [144.8855673231102, 11.46662739868414], [144.89051731068838, 11.46725955859577], [144.91649294172868, 11.470315263264592], [144.9474185603472, 11.474419855895455], [144.97834417896567, 11.475983834795219], [145.00926979758418, 11.473227600230018], [145.04019541620266, 11.470364682774296], [145.07112103482115, 11.4752440902213], [145.10204665343963, 11.48643694181875], [145.12042208798022, 11.495810249205757], [145.13297227205814, 11.503562821502026], [145.16389789067662, 11.520840630806394], [145.17126413430594, 11.524360939815738], [145.1948235092951, 11.539739226960265], [145.22574912791362, 11.551656928691314], [145.22916604816172, 11.552911630425722], [145.2566747465321, 11.568643923779891], [145.28760036515055, 11.580436814000546], [145.2895609013199, 11.581462321035707], [145.31852598376906, 11.602323039852477], [145.3294217265127, 11.610013011645691], [145.34945160238757, 11.627283706585931], [145.36458570649617, 11.638563702255674], [145.38037722100606, 11.652058015681575], [145.41130283962457, 11.666117226726165], [145.417274439329, 11.667114392865658], [145.44222845824305, 11.675593966696844], [145.47315407686153, 11.67183678947128], [145.48238234191737, 11.667114392865656], [145.50407969548002, 11.655738733126071], [145.52037791620015, 11.638563702255674], [145.53500531409853, 11.612954372041354], [145.53728126944188, 11.610013011645691], [145.55197967979703, 11.581462321035707], [145.55972731575417, 11.552911630425722], [145.565930932717, 11.531768575668995], [145.56935700325332, 11.52436093981574], [145.57114350503912, 11.495810249205757], [145.565930932717, 11.480855780041995], [145.55888942335238, 11.46725955859577], [145.5394465714265, 11.438708867985788], [145.54682547956912, 11.410158177375806], [145.565930932717, 11.402725544857207], [145.5968565513355, 11.395064048300739], [145.627782169954, 11.392413133691374], [145.65870778857249, 11.391595675323217], [145.68963340719097, 11.389018939365231], [145.72055902580945, 11.382423770659576], [145.72280799899008, 11.38160748676582], [145.751484644428, 11.371946873145792], [145.77593048244597, 11.353056796155837], [145.78241026304644, 11.339622761932011], [145.7901088528685, 11.324506105545854], [145.78722354227273, 11.295955414935872], [145.78241026304644, 11.283691569028775], [145.77940890886066, 11.267404724325885], [145.77794509763717, 11.238854033715903], [145.78178825105994, 11.21030334310592], [145.78241026304644, 11.203719520247729], [145.7864742834477, 11.181752652495934], [145.78475902708774, 11.153201961885951], [145.78241026304644, 11.143710958862128], [145.77829133813847, 11.12465127127597], [145.7593041143398, 11.096100580665984], [145.75148464442796, 11.0893093245322], [145.72655644459292, 11.067549890056], [145.72055902580945, 11.0618710490115], [145.70349446857682, 11.038999199446017], [145.68963340719097, 11.020631993510285], [145.68395750624794, 11.010448508836035], [145.66132608915566, 10.98189781822605], [145.65870778857249, 10.979069379583352], [145.63703392644643, 10.953347127616066], [145.627782169954, 10.944210974990572], [145.60491227753332, 10.924796437006083], [145.5968565513355, 10.918192652147903], [145.565930932717, 10.902873885187777], [145.53500531409853, 10.900266939032033], [145.50407969548002, 10.905535192037846], [145.47315407686153, 10.921171288452186], [145.46786561918475, 10.924796437006083], [145.44222845824305, 10.936034792905938], [145.41765333993777, 10.953347127616066], [145.41130283962457, 10.956082534602556], [145.38037722100606, 10.970901363953658], [145.35594608180696, 10.981897818226049], [145.34945160238757, 10.983550492363461], [145.31852598376906, 10.982268971552541], [145.3178309438656, 10.98189781822605], [145.2976044124687, 10.953347127616066], [145.28760036515058, 10.940207761576303], [145.2749531354499, 10.924796437006083], [145.2566747465321, 10.907173522792707], [145.2466025054887, 10.896245746396099], [145.230418893978, 10.867695055786115], [145.22574912791362, 10.854512430627405], [145.21746845443738, 10.839144365176132], [145.2078260725451, 10.81059367456615], [145.1948235092951, 10.794432294545146], [145.16389789067662, 10.801053903842238], [145.13297227205814, 10.810288516180929], [145.13221725268036, 10.81059367456615]]]}, "properties": {"fillColor": "#0000FF", "fillOpacity": 0.7, "color": "#000000", "weight": 0.2, "stroke": false}}, {"type": "Feature", "geometry": {"type": "Polygon", "coordinates": [[[144.28834148066431, 10.839144365176132], [144.26705495074037, 10.84033280249553], [144.2361293321219, 10.843622490732592], [144.2052037135034, 10.849119732988665], [144.1742780948849, 10.857193734994347], [144.1442573481667, 10.867695055786115], [144.14335247626641, 10.867998880429779], [144.11242685764793, 10.877482959601188], [144.08150123902942, 10.885088863096193], [144.05057562041094, 10.890472442618531], [144.01965000179246, 10.895329496712913], [144.01300788445735, 10.896245746396099], [143.98872438317397, 10.898885323222647], [143.95779876455546, 10.902766000818229], [143.92687314593698, 10.906763996250884], [143.89594752731847, 10.909455327080247], [143.8650219087, 10.912562119196359], [143.8340962900815, 10.91759320147832], [143.81703957673915, 10.924796437006083], [143.80317067146302, 10.932146335159956], [143.78783782152826, 10.953347127616066], [143.78600563507638, 10.98189781822605], [143.80299756631348, 11.010448508836035], [143.80317067146302, 11.010631904701844], [143.8340962900815, 11.037607034784063], [143.83601395779934, 11.038999199446017], [143.8650219087, 11.05946680742181], [143.8855144662057, 11.067549890056], [143.89594752731847, 11.07211614828526], [143.92687314593698, 11.078432541006396], [143.95779876455546, 11.080357253034567], [143.98872438317397, 11.081479821903017], [144.01965000179246, 11.079567250249115], [144.05057562041094, 11.071358641581526], [144.06087927578295, 11.067549890056], [144.08150123902942, 11.061270496852813], [144.11242685764793, 11.049997828334497], [144.1433166918528, 11.038999199446017], [144.14335247626641, 11.03898816276472], [144.1742780948849, 11.031394594880709], [144.2052037135034, 11.02523858034879], [144.2361293321219, 11.020586497831145], [144.26705495074037, 11.018410022804197], [144.29798056935886, 11.03435877363091], [144.30023155815954, 11.038999199446017], [144.30219915914222, 11.067549890056], [144.31937027086315, 11.096100580665984], [144.32890618797737, 11.104509093900973], [144.35983180659585, 11.123152912359208], [144.363352919099, 11.124651271275969], [144.39075742521436, 11.134321095334185], [144.42168304383284, 11.141093155309084], [144.45260866245133, 11.145117208230053], [144.4835342810698, 11.146076182040913], [144.5144598996883, 11.141962212538438], [144.5453855183068, 11.130733803657531], [144.5567611797199, 11.124651271275969], [144.57631113692528, 11.107887168853743], [144.59116755627605, 11.096100580665984], [144.5852907692331, 11.067549890056], [144.57631113692528, 11.062631500251092], [144.54538551830677, 11.045398952510327], [144.5350580635068, 11.038999199446017], [144.5144598996883, 11.02990682790634], [144.4835342810698, 11.016625912456934], [144.46814534097473, 11.010448508836035], [144.45260866245133, 11.004274870057964], [144.42168304383284, 10.992460054363274], [144.4028000004683, 10.98189781822605], [144.40495650577793, 10.953347127616066], [144.41949816970376, 10.924796437006083], [144.42168304383284, 10.912864371852738], [144.42567949344422, 10.896245746396099], [144.42168304383284, 10.888161203628147], [144.41046877429673, 10.867695055786115], [144.39075742521436, 10.84830883697787], [144.35983180659585, 10.839570431895746], [144.3516198823718, 10.839144365176132], [144.32890618797737, 10.837266490430641], [144.29798056935886, 10.838478543636015], [144.28834148066431, 10.839144365176132]]]}, "properties": {"fillColor": "#0000FF", "fillOpacity": 0.7, "color": "#000000", "weight": 0.2, "stroke": false}}, {"type": "Feature", "geometry": {"type": "Polygon", "coordinates": [[[133.53586529012395, 10.773816692433156], [133.56679090874243, 10.778224971045287], [133.57226836118076, 10.782042983956163], [133.59771652736094, 10.801691337173956], [133.60538273674848, 10.81059367456615], [133.62289771806866, 10.839144365176132], [133.62864214597943, 10.857728882104858], [133.6319102640754, 10.867695055786115], [133.62864214597943, 10.882102768567666], [133.6220792735815, 10.896245746396097], [133.59771652736094, 10.907991721142636], [133.56679090874243, 10.902039546610244], [133.5576414169855, 10.896245746396099], [133.53586529012395, 10.879897686960703], [133.52435220935723, 10.867695055786115], [133.50898606228117, 10.839144365176132], [133.50517579133222, 10.81059367456615], [133.52225338793343, 10.782042983956163], [133.53586529012395, 10.773816692433156]]]}, "properties": {"fillColor": "#0000FF", "fillOpacity": 0.7, "color": "#000000", "weight": 0.2, "stroke": false}}, {"type": "Feature", "geometry": {"type": "Polygon", "coordinates": [[[127.93832832017706, 10.809400815730157], [127.96925393879553, 10.809223035202963], [127.97658365941295, 10.810593674566151], [128.00017955741404, 10.819037235532983], [128.0187168052155, 10.839144365176132], [128.00017955741404, 10.859686259278554], [127.98432458096475, 10.867695055786115], [127.96925393879553, 10.871754830202724], [127.93832832017705, 10.87818281963249], [127.90740270155857, 10.887658192430404], [127.88763040580865, 10.896245746396099], [127.87647708294007, 10.900785462832696], [127.84555146432157, 10.910823363037945], [127.81462584570309, 10.91491562034098], [127.7837002270846, 10.90634598939471], [127.77308994925109, 10.896245746396099], [127.77658251464757, 10.867695055786115], [127.78370022708461, 10.860185849483267], [127.80689619221941, 10.839144365176132], [127.81462584570309, 10.834519419248846], [127.84555146432157, 10.822293439975015], [127.87647708294007, 10.815902826773124], [127.90740270155855, 10.812075126308224], [127.92334953412761, 10.81059367456615], [127.93832832017706, 10.809400815730157]]]}, "properties": {"fillColor": "#0000FF", "fillOpacity": 0.7, "color": "#000000", "weight": 0.2, "stroke": false}}, {"type": "Feature", "geometry": {"type": "Polygon", "coordinates": [[[146.2772201609423, 10.847117871533126], [146.3081457795608, 10.842979590282242], [146.33907139817927, 10.854318271175659], [146.35377172563122, 10.867695055786115], [146.36999701679778, 10.89137982144206], [146.37308808521968, 10.896245746396099], [146.38405444429264, 10.924796437006083], [146.39112102739037, 10.953347127616066], [146.39799895166018, 10.98189781822605], [146.40092263541626, 10.992773624619446], [146.40664305993158, 11.010448508836035], [146.41796337943612, 11.038999199446017], [146.43184825403478, 11.063998362185007], [146.4339929615556, 11.067549890056], [146.45733832491555, 11.096100580665984], [146.46277387265326, 11.10141742605084], [146.4851667618378, 11.124651271275969], [146.49369949127174, 11.13296188747763], [146.51353305533792, 11.153201961885951], [146.52462510989022, 11.166588566018959], [146.5370214015696, 11.181752652495936], [146.55152252476802, 11.21030334310592], [146.55555072850873, 11.229159313829184], [146.55860970266798, 11.238854033715905], [146.55785121547333, 11.267404724325885], [146.55555072850873, 11.273630836175554], [146.54954332296703, 11.295955414935872], [146.52493921778006, 11.324506105545854], [146.52462510989022, 11.324767714105054], [146.49369949127174, 11.343979049831802], [146.46277387265326, 11.35108137647057], [146.43184825403478, 11.352742258143717], [146.40092263541626, 11.352131061746762], [146.36999701679778, 11.350950137976582], [146.33907139817927, 11.348567358487225], [146.3081457795608, 11.34510067985186], [146.2772201609423, 11.341058271463615], [146.24629454232382, 11.337212156891962], [146.21536892370534, 11.33432392530443], [146.18444330508683, 11.33222530119848], [146.15351768646838, 11.329485432840153], [146.12765438386273, 11.324506105545854], [146.12259206784984, 11.323939997151657], [146.09166644923135, 11.316477123762358], [146.06074083061287, 11.298025786055991], [146.05769700536362, 11.295955414935872], [146.0298152119944, 11.274021319482033], [146.0212660415093, 11.267404724325885], [145.99888959337588, 11.241335138729664], [145.99598191411079, 11.238854033715903], [145.96942994473085, 11.21030334310592], [145.9679639747574, 11.208679741461944], [145.94526808056327, 11.181752652495936], [145.93703835613888, 11.17115112871322], [145.91942354241013, 11.153201961885951], [145.9061127375204, 11.142165337814784], [145.87691270291234, 11.124651271275969], [145.87518711890192, 11.122785929252453], [145.84426150028344, 11.097271812262793], [145.83763957811644, 11.096100580665984], [145.84426150028344, 11.09522102743871], [145.85906248311278, 11.067549890056], [145.87518711890192, 11.054950322027555], [145.8894536750795, 11.038999199446017], [145.9061127375204, 11.025013140695446], [145.9223186157029, 11.010448508836035], [145.93703835613888, 10.995596266501957], [145.9557719888485, 10.98189781822605], [145.9679639747574, 10.971208434990046], [145.99888959337588, 10.956535707592849], [146.00980191891387, 10.953347127616066], [146.0298152119944, 10.94580369053156], [146.06074083061287, 10.938798027413588], [146.09166644923135, 10.937596127040866], [146.12259206784984, 10.93948541000427], [146.15351768646835, 10.939746609126125], [146.18444330508683, 10.930556569423668], [146.19234238415083, 10.924796437006083], [146.2153689237053, 10.901974442924631], [146.2202364834014, 10.896245746396099], [146.24629454232382, 10.868053748108435], [146.24672845043048, 10.867695055786115], [146.2772201609423, 10.847117871533126]]]}, "properties": {"fillColor": "#0000FF", "fillOpacity": 0.7, "color": "#000000", "weight": 0.2, "stroke": false}}, {"type": "Feature", "geometry": {"type": "Polygon", "coordinates": [[[146.2761064455043, 10.896245746396099], [146.2491109718432, 10.924796437006083], [146.24629454232382, 10.927765562900902], [146.22255918182873, 10.953347127616066], [146.2153689237053, 10.956965989286184], [146.18444330508683, 10.965756488258567], [146.15351768646832, 10.966160862454771], [146.12259206784984, 10.963965256338287], [146.09166644923135, 10.962664453371806], [146.06074083061287, 10.965135506129634], [146.0298152119944, 10.97363306020789], [146.01220994671732, 10.98189781822605], [145.99888959337588, 10.986958869580564], [145.9679639747574, 11.004467531368357], [145.9605849393215, 11.010448508836035], [145.93703835613888, 11.02923567823461], [145.92627761409955, 11.038999199446017], [145.9061127375204, 11.066861345267029], [145.90546787014927, 11.067549890056], [145.90261354281583, 11.096100580665984], [145.9061127375204, 11.099656193696966], [145.92319017259462, 11.124651271275969], [145.93703835613888, 11.136619691272834], [145.9510257490914, 11.153201961885951], [145.9679639747574, 11.17175177778975], [145.97573964840592, 11.181752652495936], [145.99888959337588, 11.204815315796559], [146.00503119171202, 11.21030334310592], [146.0298152119944, 11.235152304314475], [146.03323714129024, 11.238854033715903], [146.06074083061287, 11.266514763799561], [146.0618431783411, 11.267404724325885], [146.09166644923135, 11.289885972704223], [146.10774550382266, 11.295955414935872], [146.12259206784984, 11.302617885432344], [146.15351768646835, 11.309655088179417], [146.18444330508683, 11.313209529318144], [146.2153689237053, 11.315905441839034], [146.24629454232382, 11.318637072560584], [146.2772201609423, 11.321643858392727], [146.30666035479516, 11.324506105545854], [146.3081457795608, 11.324815362080638], [146.33907139817927, 11.33119260199758], [146.36999701679778, 11.335383305366145], [146.40092263541626, 11.33691688012578], [146.43184825403478, 11.33597500276247], [146.46277387265326, 11.330506174559453], [146.477264634946, 11.324506105545854], [146.49369949127174, 11.317239427447372], [146.51830737893874, 11.295955414935872], [146.52462510989022, 11.282839064662632], [146.5319114818752, 11.267404724325885], [146.5324058808797, 11.238854033715903], [146.52462510989022, 11.218182095989171], [146.52221834475262, 11.21030334310592], [146.50408689958422, 11.181752652495936], [146.49369949127174, 11.170470170189523], [146.47683973556286, 11.153201961885951], [146.46277387265326, 11.139763758279521], [146.44537613112033, 11.124651271275969], [146.43184825403478, 11.111673813026535], [146.41376695130657, 11.096100580665984], [146.40092263541626, 11.082348169104868], [146.3854385911074, 11.067549890056], [146.36999701679778, 11.047089525791833], [146.3630732339982, 11.038999199446017], [146.3490202289724, 11.010448508836035], [146.34282153023545, 10.98189781822605], [146.34072361400666, 10.953347127616066], [146.33907139817927, 10.93719546775987], [146.33721819103238, 10.924796437006083], [146.31870549798015, 10.896245746396099], [146.3081457795608, 10.889406965415326], [146.2772201609423, 10.895315299637467], [146.2761064455043, 10.896245746396099]]]}, "properties": {"fillColor": "#0000FF", "fillOpacity": 0.7, "color": "#000000", "weight": 0.2, "stroke": false}}, {"type": "Feature", "geometry": {"type": "Polygon", "coordinates": [[[129.5464604883386, 10.994975916622419], [129.57738610695708, 10.98782895742907], [129.60831172557556, 10.985582420439803], [129.63923734419407, 10.988735558903404], [129.66929293001766, 11.010448508836035], [129.67016296281255, 11.01171617660522], [129.68843238789725, 11.038999199446017], [129.69084414231838, 11.067549890056], [129.6834760912989, 11.096100580665983], [129.67016296281255, 11.112897515428866], [129.66110000584354, 11.124651271275969], [129.63923734419407, 11.141751239743556], [129.60831172557556, 11.152338781179056], [129.6050888516818, 11.153201961885951], [129.57738610695708, 11.168692463790602], [129.5464604883386, 11.169662634390622], [129.5155348697201, 11.167266324534438], [129.4846092511016, 11.157089698790035], [129.4789253171691, 11.153201961885951], [129.45750405161436, 11.124651271275969], [129.45634939683015, 11.096100580665984], [129.46273355378844, 11.067549890056], [129.48413435696193, 11.038999199446017], [129.4846092511016, 11.03853322003293], [129.5155348697201, 11.0124437958055], [129.51988046107545, 11.010448508836035], [129.5464604883386, 10.994975916622419]]]}, "properties": {"fillColor": "#0000FF", "fillOpacity": 0.7, "color": "#000000", "weight": 0.2, "stroke": false}}, {"type": "Feature", "geometry": {"type": "Polygon", "coordinates": [[[129.5499531810846, 11.010448508836035], [129.5464604883386, 11.011347348674418], [129.5155348697201, 11.026331524744123], [129.50068630166933, 11.038999199446017], [129.4846092511016, 11.064565673466054], [129.48234812026627, 11.067549890056], [129.4731089256452, 11.096100580665984], [129.4806477047205, 11.124651271275969], [129.4846092511016, 11.129240829436906], [129.5155348697201, 11.1485825652215], [129.5464604883386, 11.152928086204724], [129.57738610695705, 11.153197104355364], [129.60831172557556, 11.144912025944809], [129.6385630316382, 11.124651271275969], [129.63923734419407, 11.124124990178137], [129.6664366920433, 11.096100580665983], [129.67016296281255, 11.079623339297022], [129.67523633737255, 11.067549890056], [129.67016296281255, 11.040928030693621], [129.6699905779764, 11.038999199446017], [129.6501162626665, 11.010448508836035], [129.63923734419407, 11.002589290469793], [129.60831172557556, 10.995656946846722], [129.57738610695708, 10.999416251667327], [129.5499531810846, 11.010448508836035]]]}, "properties": {"fillColor": "#0000FF", "fillOpacity": 0.7, "color": "#000000", "weight": 0.2, "stroke": false}}, {"type": "Feature", "geometry": {"type": "Polygon", "coordinates": [[[129.73201420004955, 11.145597956031656], [129.76293981866803, 11.130602388601812], [129.7938654372865, 11.132454813173004], [129.824791055905, 11.144433621602147], [129.84847949394032, 11.153201961885951], [129.8557166745235, 11.154622385757193], [129.886642293142, 11.156163969463712], [129.91756791176047, 11.157370810807143], [129.94849353037898, 11.162535027598324], [129.97941914899747, 11.17796401449116], [129.98428649618018, 11.181752652495936], [130.0017641811321, 11.21030334310592], [129.9985700826691, 11.238854033715903], [129.97941914899747, 11.264117969448321], [129.97661837993726, 11.267404724325885], [129.94849353037898, 11.29001177221443], [129.9388419614437, 11.295955414935872], [129.91756791176047, 11.309721579007185], [129.8874474463123, 11.324506105545854], [129.886642293142, 11.324981995655488], [129.8557166745235, 11.343168405895504], [129.83712519654915, 11.353056796155837], [129.824791055905, 11.361443329513275], [129.7938654372865, 11.380550082435223], [129.79229685129405, 11.381607486765821], [129.76293981866803, 11.404106464988006], [129.75400936229428, 11.410158177375806], [129.73201420004955, 11.427604085908069], [129.71654803891215, 11.438708867985788], [129.70108858143104, 11.451276883037993], [129.67419961210888, 11.467259558595773], [129.67016296281255, 11.469974441706654], [129.63923734419407, 11.48401895510806], [129.60831172557556, 11.488176466046779], [129.57738610695708, 11.486442352122596], [129.5464604883386, 11.476419829667247], [129.53316486640094, 11.46725955859577], [129.5155348697201, 11.45018991082976], [129.50682390620608, 11.438708867985788], [129.4954585672505, 11.410158177375806], [129.4921363748249, 11.381607486765821], [129.49378998799676, 11.353056796155837], [129.50241002435845, 11.324506105545854], [129.5155348697201, 11.305246953292373], [129.5214561147708, 11.295955414935872], [129.5464604883386, 11.271414108046256], [129.55273167555652, 11.267404724325885], [129.57738610695708, 11.250851125139064], [129.60831172557556, 11.240205894160312], [129.6125730848106, 11.238854033715903], [129.63923734419407, 11.226506725175941], [129.67016296281255, 11.211779383109649], [129.6721322875811, 11.21030334310592], [129.69777352993586, 11.181752652495936], [129.70108858143104, 11.177779704257187], [129.72334755861652, 11.153201961885951], [129.73201420004955, 11.145597956031656]]]}, "properties": {"fillColor": "#0000FF", "fillOpacity": 0.7, "color": "#000000", "weight": 0.2, "stroke": false}}, {"type": "Feature", "geometry": {"type": "Polygon", "coordinates": [[[129.72817349712966, 11.181752652495936], [129.70255566212776, 11.21030334310592], [129.70108858143104, 11.21160776774248], [129.67016296281255, 11.234954695014414], [129.6631038623772, 11.238854033715903], [129.63923734419407, 11.247129690066435], [129.60831172557556, 11.259825690711963], [129.59388938430988, 11.267404724325885], [129.57738610695708, 11.274376624137942], [129.54916798935395, 11.295955414935872], [129.5464604883386, 11.298602920616197], [129.5250822533553, 11.324506105545854], [129.51568702807555, 11.353056796155837], [129.5155348697201, 11.354991374978818], [129.51215639089415, 11.381607486765821], [129.5155348697201, 11.39698333411005], [129.51749300538805, 11.410158177375806], [129.53198227790065, 11.438708867985788], [129.5464604883386, 11.452353400559764], [129.57738610695708, 11.465381671911633], [129.60483881492223, 11.467259558595773], [129.60831172557556, 11.467642877266206], [129.60994463558384, 11.467259558595773], [129.63923734419407, 11.462790373476453], [129.67016296281255, 11.448148329145619], [129.6830719909725, 11.438708867985788], [129.70108858143104, 11.425701641369997], [129.7207819560354, 11.410158177375806], [129.73201420004955, 11.402075670424916], [129.75922615585222, 11.381607486765821], [129.76293981866803, 11.378996664522898], [129.7938654372865, 11.357232471756717], [129.79970822098875, 11.353056796155837], [129.824791055905, 11.336844120059716], [129.84430309111076, 11.324506105545854], [129.8557166745235, 11.317461267004878], [129.886642293142, 11.299396393968143], [129.89228313966137, 11.295955414935872], [129.91756791176047, 11.28095561832484], [129.9370467988322, 11.267404724325885], [129.94849353037898, 11.258369908755197], [129.96678051403683, 11.238854033715903], [129.97011077818647, 11.21030334310592], [129.94849353037898, 11.188451913509535], [129.93290481140758, 11.181752652495936], [129.91756791176047, 11.176872280429333], [129.886642293142, 11.175023813165692], [129.8557166745235, 11.176761271109907], [129.824791055905, 11.17468195501505], [129.7938654372865, 11.166040857460988], [129.76293981866803, 11.161324289044806], [129.73201420004955, 11.17780660837799], [129.72817349712966, 11.181752652495936]]]}, "properties": {"fillColor": "#0000FF", "fillOpacity": 0.7, "color": "#000000", "weight": 0.2, "stroke": false}}, {"type": "Feature", "geometry": {"type": "Polygon", "coordinates": [[[139.9993195813886, 11.293926595480183], [140.0017033623633, 11.295955414935872], [140.01398165230273, 11.324506105545854], [140.01307212708218, 11.353056796155837], [139.9993195813886, 11.366579586778858], [139.9875663849757, 11.353056796155837], [139.97639778442166, 11.324506105545854], [139.99622019992344, 11.295955414935872], [139.9993195813886, 11.293926595480183]]]}, "properties": {"fillColor": "#0000FF", "fillOpacity": 0.7, "color": "#000000", "weight": 0.2, "stroke": false}}, {"type": "Feature", "geometry": {"type": "Polygon", "coordinates": [[[145.9061127375204, 11.28564696216289], [145.93703835613888, 11.293541557738656], [145.9386609065941, 11.295955414935872], [145.9561692926509, 11.324506105545854], [145.96402541047726, 11.353056796155837], [145.9477376586932, 11.381607486765821], [145.93703835613888, 11.389239238827836], [145.9061127375204, 11.392808232532783], [145.89264694274806, 11.381607486765823], [145.88168087544034, 11.353056796155837], [145.8835958593388, 11.324506105545854], [145.89668298631904, 11.295955414935872], [145.9061127375204, 11.28564696216289]]]}, "properties": {"fillColor": "#0000FF", "fillOpacity": 0.7, "color": "#000000", "weight": 0.2, "stroke": false}}, {"type": "Feature", "geometry": {"type": "Polygon", "coordinates": [[[140.06117081862558, 11.392798545447278], [140.09209643724407, 11.391131564242212], [140.12302205586258, 11.390196624479028], [140.15394767448106, 11.39310450319339], [140.18487329309954, 11.405174798194682], [140.1918031164139, 11.410158177375806], [140.21579891171803, 11.42778196253321], [140.22636947153848, 11.438708867985788], [140.24672453033654, 11.466137345683217], [140.24770709413312, 11.467259558595773], [140.27174033088184, 11.495810249205757], [140.27765014895502, 11.504111910207476], [140.3023158158119, 11.52436093981574], [140.3085757675735, 11.529482202334332], [140.339501386192, 11.545161963255024], [140.35142965051222, 11.552911630425722], [140.3704270048105, 11.570433971152266], [140.37840159764698, 11.581462321035708], [140.38814885847458, 11.610013011645691], [140.38964494334948, 11.638563702255674], [140.38545515923656, 11.667114392865658], [140.37397287201114, 11.695665083475642], [140.3704270048105, 11.700701810787743], [140.3532570956972, 11.724215774085625], [140.339501386192, 11.736555292606042], [140.31476622230736, 11.752766464695608], [140.3085757675735, 11.757323822667296], [140.27765014895502, 11.777252342609724], [140.2719725040194, 11.781317155305594], [140.24672453033654, 11.806190161880119], [140.24331126303136, 11.809867845915576], [140.21579891171803, 11.83586411394493], [140.21196218062664, 11.838418536525559], [140.18487329309954, 11.854204317009152], [140.15394767448106, 11.857985710507393], [140.12302205586258, 11.849717059399154], [140.1021339368253, 11.838418536525559], [140.09209643724407, 11.831215486233761], [140.07143980846263, 11.809867845915576], [140.06117081862558, 11.784190405857439], [140.06016131118167, 11.781317155305592], [140.06117081862558, 11.778757897886086], [140.09084995301075, 11.752766464695608], [140.09209643724407, 11.752438230830585], [140.09543990413732, 11.752766464695608], [140.12302205586258, 11.755633472867704], [140.15394767448106, 11.76016345570599], [140.18487329309954, 11.757657328418961], [140.1958383557906, 11.752766464695608], [140.21579891171803, 11.739854357023402], [140.22624938784145, 11.724215774085625], [140.22950438145944, 11.695665083475642], [140.21754481700265, 11.667114392865658], [140.21579891171803, 11.665799588656359], [140.18487329309954, 11.653249322155656], [140.15394767448106, 11.641550398588898], [140.14896718212842, 11.638563702255674], [140.12302205586258, 11.627082882949777], [140.10340160808383, 11.610013011645691], [140.09209643724407, 11.598294589899812], [140.0782825115329, 11.581462321035707], [140.06375753618983, 11.552911630425722], [140.06117081862558, 11.544966566851413], [140.05058138560292, 11.52436093981574], [140.04178112114985, 11.495810249205757], [140.0362536894246, 11.46725955859577], [140.03253776500114, 11.438708867985788], [140.03109085256435, 11.410158177375806], [140.06117081862558, 11.392798545447278]]]}, "properties": {"fillColor": "#0000FF", "fillOpacity": 0.7, "color": "#000000", "weight": 0.2, "stroke": false}}, {"type": "Feature", "geometry": {"type": "Polygon", "coordinates": [[[140.08195844936907, 11.438708867985788], [140.06938753127653, 11.467259558595774], [140.06872639442904, 11.495810249205757], [140.07388162023432, 11.52436093981574], [140.0858732254919, 11.552911630425722], [140.09209643724407, 11.562156577546322], [140.10501282614342, 11.581462321035705], [140.12302205586258, 11.599169382577347], [140.14205036508594, 11.610013011645691], [140.15394767448106, 11.61718186113361], [140.18487329309954, 11.626196026995359], [140.21579891171803, 11.630610716244009], [140.2465962883569, 11.638563702255674], [140.24672453033654, 11.638651487900185], [140.26959261773976, 11.667114392865658], [140.27765014895502, 11.691818828332998], [140.2807930227403, 11.695665083475642], [140.3085757675735, 11.709166984927675], [140.32676727563756, 11.695665083475642], [140.339501386192, 11.681578296485537], [140.3459314014084, 11.667114392865658], [140.34926814319638, 11.638563702255674], [140.34391283458572, 11.610013011645691], [140.339501386192, 11.6026714736431], [140.3189656432042, 11.581462321035707], [140.3085757675735, 11.574628775471801], [140.28423940443798, 11.552911630425722], [140.27765014895502, 11.547516092257334], [140.26347693252893, 11.52436093981574], [140.24672453033654, 11.50252723177067], [140.2432594626298, 11.495810249205757], [140.22356523162262, 11.46725955859577], [140.21579891171803, 11.45842977982411], [140.19529610258482, 11.438708867985788], [140.18487329309954, 11.430184833080236], [140.15394767448106, 11.41776828150873], [140.12302205586258, 11.417404280101344], [140.09209643724407, 11.429982722936321], [140.08195844936907, 11.438708867985788]]]}, "properties": {"fillColor": "#0000FF", "fillOpacity": 0.7, "color": "#000000", "weight": 0.2, "stroke": false}}, {"type": "Feature", "geometry": {"type": "Polygon", "coordinates": [[[136.875832100921, 11.450443541184253], [136.90675771953948, 11.445688443004542], [136.93768333815797, 11.446615101961086], [136.96860895677648, 11.4515459947748], [136.99953457539496, 11.461692731412903], [137.01054201757432, 11.467259558595774], [137.03046019401344, 11.47472663042902], [137.06138581263195, 11.49375323868692], [137.06416415844143, 11.495810249205759], [137.09231143125044, 11.517654819325944], [137.0997987688459, 11.52436093981574], [137.12323704986892, 11.54885191655671], [137.12755669756044, 11.552911630425722], [137.1541626684874, 11.569928074689114], [137.1850882871059, 11.575142851768648], [137.2160139057244, 11.572912930683259], [137.24693952434288, 11.574161422160572], [137.2778651429614, 11.581459494176421], [137.27787297276055, 11.581462321035707], [137.30879076157987, 11.588548142846113], [137.33971638019835, 11.603990453446956], [137.3481650161423, 11.610013011645691], [137.37064199881684, 11.62562927259231], [137.38474957729807, 11.638563702255674], [137.39980777471908, 11.667114392865658], [137.40156761743535, 11.684297685627442], [137.40359071802237, 11.695665083475642], [137.40156761743535, 11.700638401334762], [137.39435846467342, 11.724215774085625], [137.37064199881684, 11.746490530456636], [137.35947456780556, 11.752766464695608], [137.33971638019835, 11.762573570044577], [137.30879076157987, 11.770073445367785], [137.2778651429614, 11.772731483291519], [137.24693952434288, 11.772538588043071], [137.2160139057244, 11.769691441084284], [137.1850882871059, 11.764215342864954], [137.1541626684874, 11.754375530667748], [137.1503361613227, 11.752766464695608], [137.12323704986892, 11.746064209291768], [137.09231143125044, 11.730383089744834], [137.08415950819256, 11.724215774085625], [137.06138581263195, 11.699333205377988], [137.05800717964394, 11.695665083475642], [137.03639380313575, 11.667114392865658], [137.03046019401344, 11.660807084196671], [137.00354446320125, 11.638563702255674], [136.99953457539496, 11.636270733135134], [136.96860895677648, 11.620950959853637], [136.9495466043633, 11.610013011645691], [136.93768333815797, 11.60448862273586], [136.90675771953948, 11.586387774874584], [136.8997180478636, 11.581462321035708], [136.875832100921, 11.561569021080299], [136.86610173761136, 11.552911630425722], [136.8461209203272, 11.52436093981574], [136.8449064823025, 11.519540628372656], [136.83581241161946, 11.495810249205757], [136.8449064823025, 11.469268587563917], [136.8458306995442, 11.467259558595773], [136.875832100921, 11.450443541184253]]]}, "properties": {"fillColor": "#0000FF", "fillOpacity": 0.7, "color": "#000000", "weight": 0.2, "stroke": false}}, {"type": "Feature", "geometry": {"type": "Polygon", "coordinates": [[[136.88918892321198, 11.495810249205757], [136.88740407367737, 11.52436093981574], [136.90647141408894, 11.552911630425722], [136.90675771953948, 11.55315854304227], [136.93768333815797, 11.577867278432088], [136.94299910342656, 11.581462321035708], [136.96860895677648, 11.595883782652638], [136.99953457539496, 11.609595416632887], [137.0005087690227, 11.610013011645691], [137.03046019401344, 11.627074414204614], [137.04626436121117, 11.638563702255674], [137.06138581263195, 11.654681597396564], [137.06736215803343, 11.667114392865656], [137.08158944487155, 11.695665083475642], [137.09231143125044, 11.706412755721672], [137.11784494183087, 11.724215774085625], [137.12323704986892, 11.727408653184831], [137.1541626684874, 11.740943035070174], [137.1850882871059, 11.748229715093352], [137.2160139057244, 11.752415485032536], [137.22094273287217, 11.752766464695608], [137.24693952434288, 11.756506734566909], [137.2778651429614, 11.755729718288304], [137.29370706808078, 11.752766464695608], [137.30879076157987, 11.750738505165124], [137.33971638019835, 11.740557113321927], [137.36243267941413, 11.724215774085625], [137.37064199881684, 11.708513904562553], [137.3772835541992, 11.695665083475642], [137.37312034913708, 11.667114392865658], [137.37064199881684, 11.663538291235925], [137.35703236658725, 11.638563702255674], [137.33971638019835, 11.62441977307552], [137.3091375033034, 11.610013011645691], [137.30879076157987, 11.609810367101574], [137.2778651429614, 11.595479324001555], [137.24693952434288, 11.588854047235767], [137.2160139057244, 11.586878654587014], [137.1850882871059, 11.587473789345756], [137.1541626684874, 11.587856946619087], [137.12323704986892, 11.581542316412138], [137.12305865175637, 11.581462321035707], [137.09231143125044, 11.553018971380707], [137.09221733946967, 11.552911630425722], [137.0638791413979, 11.52436093981574], [137.06138581263195, 11.522284047702147], [137.03046019401344, 11.500989652658536], [137.01955301474345, 11.495810249205757], [136.99953457539496, 11.485965452477476], [136.96860895677648, 11.477687716666388], [136.93768333815797, 11.475443338748184], [136.90675771953948, 11.482433362636858], [136.88918892321198, 11.495810249205757]]]}, "properties": {"fillColor": "#0000FF", "fillOpacity": 0.7, "color": "#000000", "weight": 0.2, "stroke": false}}, {"type": "Feature", "geometry": {"type": "Polygon", "coordinates": [[[132.17513807091035, 11.482268973797764], [132.20606368952883, 11.473910370375787], [132.23698930814732, 11.470732790008025], [132.2679149267658, 11.47182943037092], [132.2988405453843, 11.47685074009094], [132.3297661640028, 11.48717912415286], [132.3451107152533, 11.495810249205757], [132.36069178262127, 11.504227101431251], [132.38586537960842, 11.52436093981574], [132.39161740123978, 11.53099394646544], [132.40967381961306, 11.552911630425722], [132.4193265720005, 11.581462321035707], [132.41607106693328, 11.610013011645691], [132.39161740123978, 11.63212477747845], [132.36069178262127, 11.63444120012208], [132.3297661640028, 11.628565238347758], [132.2988405453843, 11.621254007154374], [132.28000793978617, 11.610013011645691], [132.2679149267658, 11.603314266110164], [132.23698930814732, 11.592424067346839], [132.20606368952883, 11.586247663122544], [132.17513807091035, 11.58348515737102], [132.14421245229184, 11.587322969636181], [132.11328683367336, 11.607232809983234], [132.11148566215147, 11.610013011645691], [132.08398966306203, 11.638563702255672], [132.08236121505487, 11.641124033964944], [132.06078671802413, 11.667114392865658], [132.05143559643636, 11.68909642440026], [132.02050997781788, 11.686948236257324], [131.9895843591994, 11.68309829131153], [131.9586587405809, 11.679440640623337], [131.9277331219624, 11.675583633398722], [131.89680750334392, 11.671086513450264], [131.87492369058637, 11.66711439286566], [131.8658818847254, 11.665697164777445], [131.83495626610693, 11.658466588280085], [131.80403064748845, 11.644064698088668], [131.7962647605302, 11.638563702255674], [131.77775683908266, 11.610013011645691], [131.7792063569616, 11.581462321035707], [131.79567203268687, 11.55291163042572], [131.80403064748845, 11.544687793295935], [131.83495626610693, 11.524888861699509], [131.8362539468882, 11.52436093981574], [131.8658818847254, 11.512898877061716], [131.89680750334392, 11.507595238483393], [131.9277331219624, 11.507621844049693], [131.9586587405809, 11.511389584873177], [131.9895843591994, 11.517545349046458], [132.01778727046832, 11.52436093981574], [132.02050997781788, 11.52485817686455], [132.05143559643636, 11.529421695906203], [132.08236121505487, 11.531166037477735], [132.10317533458237, 11.52436093981574], [132.11328683367336, 11.52018542960746], [132.14421245229184, 11.498023200281148], [132.14695911341676, 11.495810249205757], [132.17513807091035, 11.482268973797764]]]}, "properties": {"fillColor": "#0000FF", "fillOpacity": 0.7, "color": "#000000", "weight": 0.2, "stroke": false}}, {"type": "Feature", "geometry": {"type": "Polygon", "coordinates": [[[132.19803737151054, 11.52436093981574], [132.20606368952883, 11.537348112580355], [132.21697635275606, 11.552911630425722], [132.23698930814732, 11.55996794825171], [132.2679149267658, 11.575358860455935], [132.2764427927565, 11.581462321035707], [132.2988405453843, 11.593610260836435], [132.3297661640028, 11.599546872379161], [132.36069178262127, 11.597237803421681], [132.37679538736865, 11.581462321035707], [132.37037080949844, 11.552911630425722], [132.36069178262127, 11.542200947184009], [132.3402876541533, 11.52436093981574], [132.3297661640028, 11.517901105263277], [132.2988405453843, 11.506941111854186], [132.2679149267658, 11.502519599423369], [132.23698930814732, 11.505338228725114], [132.20606368952883, 11.518714022642861], [132.19803737151054, 11.52436093981574]]]}, "properties": {"fillColor": "#0000FF", "fillOpacity": 0.7, "color": "#000000", "weight": 0.2, "stroke": false}}, {"type": "Feature", "geometry": {"type": "Polygon", "coordinates": [[[131.87162649207042, 11.552911630425722], [131.8658818847254, 11.556218793427515], [131.83802094615322, 11.581462321035708], [131.83999753065982, 11.610013011645691], [131.8658818847254, 11.628366288805104], [131.88897049161378, 11.638563702255674], [131.89680750334392, 11.64078513723939], [131.9277331219624, 11.647111016570246], [131.9586587405809, 11.650613955783403], [131.9895843591994, 11.650559952275644], [132.02050997781788, 11.643355732809063], [132.02848012319456, 11.638563702255674], [132.05143559643636, 11.619270864168739], [132.05978574230602, 11.610013011645691], [132.0596001092995, 11.581462321035707], [132.05143559643636, 11.575376176057986], [132.02050997781788, 11.558911971676235], [132.00371013472284, 11.552911630425722], [131.9895843591994, 11.54860058698808], [131.9586587405809, 11.542454773556852], [131.9277331219624, 11.540558200013509], [131.89680750334392, 11.54424107187366], [131.87162649207042, 11.552911630425722]]]}, "properties": {"fillColor": "#0000FF", "fillOpacity": 0.7, "color": "#000000", "weight": 0.2, "stroke": false}}, {"type": "Feature", "geometry": {"type": "Polygon", "coordinates": [[[145.93703835613888, 11.662497657028311], [145.9679639747574, 11.651716598069962], [145.99888959337588, 11.65165986683186], [146.0298152119944, 11.656856201888282], [146.056539730075, 11.667114392865658], [146.06074083061287, 11.66847472870453], [146.09166644923135, 11.685199241620008], [146.10434707796603, 11.695665083475642], [146.12259206784984, 11.72383013034132], [146.12284746059603, 11.724215774085625], [146.12713112353114, 11.752766464695608], [146.12259206784984, 11.761524718381871], [146.1121736507501, 11.781317155305594], [146.09166644923135, 11.795547502367652], [146.06074083061287, 11.804349855274246], [146.0298152119944, 11.801476501323728], [145.99888959337588, 11.785490789588193], [145.99364372328012, 11.781317155305592], [145.9709176786335, 11.752766464695608], [145.9679639747574, 11.747128051235535], [145.95136458971223, 11.724215774085625], [145.93703835613888, 11.697018493693001], [145.9357626890649, 11.695665083475642], [145.9308232446, 11.667114392865658], [145.93703835613888, 11.662497657028311]]]}, "properties": {"fillColor": "#0000FF", "fillOpacity": 0.7, "color": "#000000", "weight": 0.2, "stroke": false}}, {"type": "Feature", "geometry": {"type": "Polygon", "coordinates": [[[145.99835729771016, 11.695665083475642], [145.9963807021133, 11.724215774085625], [145.99888959337588, 11.728820856839484], [146.01185555544868, 11.752766464695608], [146.0298152119944, 11.769874657630382], [146.06074083061287, 11.777724269571717], [146.09124147110006, 11.752766464695608], [146.08355975131798, 11.724215774085625], [146.06074083061287, 11.701214578515177], [146.04866509299563, 11.695665083475642], [146.0298152119944, 11.68929842983444], [145.99888959337588, 11.69524732398692], [145.99835729771016, 11.695665083475642]]]}, "properties": {"fillColor": "#0000FF", "fillOpacity": 0.7, "color": "#000000", "weight": 0.2, "stroke": false}}, {"type": "Feature", "geometry": {"type": "Polygon", "coordinates": [[[132.05143559643636, 11.712879539102493], [132.08236121505487, 11.700865582971772], [132.11328683367338, 11.710651569509068], [132.13483887960712, 11.724215774085625], [132.14421245229184, 11.72990248418332], [132.16648220877806, 11.752766464695608], [132.17513807091035, 11.777082208131802], [132.1768646941701, 11.781317155305594], [132.17513807091035, 11.80547763066334], [132.17466705647047, 11.809867845915576], [132.14421245229184, 11.832833015188722], [132.11328683367336, 11.828698426265193], [132.08352247085642, 11.809867845915576], [132.0823612150549, 11.809018466195381], [132.06005676876475, 11.781317155305594], [132.05143559643636, 11.754041564060387], [132.0509238087479, 11.752766464695608], [132.04991090990322, 11.724215774085625], [132.05143559643636, 11.712879539102493]]]}, "properties": {"fillColor": "#0000FF", "fillOpacity": 0.7, "color": "#000000", "weight": 0.2, "stroke": false}}, {"type": "Feature", "geometry": {"type": "Polygon", "coordinates": [[[132.11298808905468, 11.781317155305594], [132.11328683367336, 11.78153595296768], [132.11398018943137, 11.781317155305594], [132.11328683367336, 11.773162335423878], [132.11298808905468, 11.781317155305594]]]}, "properties": {"fillColor": "#0000FF", "fillOpacity": 0.7, "color": "#000000", "weight": 0.2, "stroke": false}}, {"type": "Feature", "geometry": {"type": "Polygon", "coordinates": [[[132.48439425709526, 11.944348540559336], [132.51531987571374, 11.93579232810124], [132.54624549433223, 11.938593227493692], [132.57717111295074, 11.952385077280653], [132.57761020250996, 11.952621298965495], [132.60809673156922, 11.965984173355983], [132.62457247663858, 11.98117198957548], [132.6369635908165, 12.009722680185462], [132.63879322863264, 12.038273370795444], [132.63560261390415, 12.066824061405429], [132.62191842849575, 12.095374752015413], [132.60809673156922, 12.108758824495002], [132.57717111295074, 12.123199808814277], [132.5720474039795, 12.123925442625396], [132.54624549433223, 12.131583373193568], [132.51531987571374, 12.130005745459814], [132.49985678292063, 12.123925442625396], [132.48439425709526, 12.120085399802605], [132.4557796839162, 12.095374752015413], [132.45346863847675, 12.090960192108138], [132.43924007329522, 12.066824061405427], [132.4330380667232, 12.038273370795444], [132.43130748284963, 12.009722680185462], [132.438644264633, 11.98117198957548], [132.45346863847675, 11.964884110061377], [132.4720362423248, 11.952621298965497], [132.48439425709526, 11.944348540559336]]]}, "properties": {"fillColor": "#0000FF", "fillOpacity": 0.7, "color": "#000000", "weight": 0.2, "stroke": false}}, {"type": "Feature", "geometry": {"type": "Polygon", "coordinates": [[[132.51084082784413, 11.952621298965495], [132.48439425709526, 11.957810942471234], [132.45637161268957, 11.981171989575477], [132.45346863847675, 11.990554660992174], [132.44498536482996, 12.009722680185462], [132.44851224452293, 12.038273370795444], [132.45346863847675, 12.051762850863462], [132.4569011629299, 12.06682406140543], [132.47544936522362, 12.095374752015413], [132.48439425709526, 12.103099280043544], [132.51531987571374, 12.116447047651903], [132.54624549433223, 12.11800483854208], [132.57717111295074, 12.111311415283863], [132.5997030080554, 12.095374752015413], [132.60809673156922, 12.085668120473395], [132.6216365224475, 12.066824061405429], [132.62748983746886, 12.038273370795444], [132.62264739053782, 12.009722680185462], [132.60809673156922, 11.98958039583328], [132.60133905554324, 11.98117198957548], [132.57717111295074, 11.96391258833393], [132.54624549433223, 11.954037744184216], [132.52535443452882, 11.952621298965495], [132.51531987571374, 11.950950000866284], [132.51084082784413, 11.952621298965495]]]}, "properties": {"fillColor": "#0000FF", "fillOpacity": 0.7, "color": "#000000", "weight": 0.2, "stroke": false}}, {"type": "Feature", "geometry": {"type": "Polygon", "coordinates": [[[141.0198649957988, 12.117696567082042], [141.0507906144173, 12.103011036223766], [141.0817162330358, 12.09906836972479], [141.11264185165427, 12.100363015375875], [141.14356747027279, 12.105805974388069], [141.17449308889127, 12.11745801988113], [141.18547006757345, 12.123925442625396], [141.20541870750975, 12.130885399633472], [141.23634432612823, 12.148756788144953], [141.24192186329128, 12.15247613323538], [141.26726994474674, 12.162395601451902], [141.29819556336523, 12.177077309729816], [141.30932243768268, 12.181026823845365], [141.3291211819837, 12.18501059391677], [141.36004680060222, 12.18995811136951], [141.3909724192207, 12.198450047950981], [141.41206990564734, 12.209577514455347], [141.42189803783918, 12.215517252552015], [141.4449215060832, 12.238128205065333], [141.4528236564577, 12.26145656759758], [141.45493684558193, 12.266678895675314], [141.45282365645772, 12.293148347601996], [141.45273554380074, 12.295229586285298], [141.44432269983778, 12.323780276895281], [141.43024565076652, 12.352330967505264], [141.42189803783918, 12.366925841726735], [141.41727690466607, 12.38088165811525], [141.4029751424593, 12.409432348725232], [141.3909724192207, 12.423206963746658], [141.37668156572738, 12.437983039335217], [141.36004680060222, 12.450612812198568], [141.3291211819837, 12.46378366535474], [141.3163124523919, 12.4665337299452], [141.2981955633652, 12.473306411696896], [141.26726994474674, 12.478945084268336], [141.23634432612823, 12.479291674488039], [141.20541870750975, 12.472714560646203], [141.19363267481796, 12.4665337299452], [141.17449308889127, 12.459220956750165], [141.14972722579407, 12.437983039335217], [141.14356747027279, 12.430821354198468], [141.12397625727533, 12.409432348725232], [141.11264185165427, 12.387922715598744], [141.10730798712592, 12.38088165811525], [141.09046228031997, 12.352330967505267], [141.0817162330358, 12.335554314871604], [141.0713506463235, 12.323780276895281], [141.0507906144173, 12.302457995706332], [141.04231345608292, 12.295229586285298], [141.0198649957988, 12.268311553105502], [141.01851204702655, 12.266678895675314], [141.00218612466625, 12.238128205065331], [140.99440182271118, 12.209577514455347], [140.99114855704497, 12.181026823845365], [140.9937897395065, 12.15247613323538], [141.01202826842828, 12.123925442625396], [141.0198649957988, 12.117696567082042]]]}, "properties": {"fillColor": "#0000FF", "fillOpacity": 0.7, "color": "#000000", "weight": 0.2, "stroke": false}}, {"type": "Feature", "geometry": {"type": "Polygon", "coordinates": [[[141.0726270152166, 12.123925442625396], [141.0507906144173, 12.130931659560494], [141.0267716930543, 12.15247613323538], [141.0198649957988, 12.174654905213194], [141.01789885502026, 12.181026823845365], [141.0198649957988, 12.20349377762277], [141.02019367323564, 12.209577514455347], [141.0278892488389, 12.238128205065333], [141.04523694053722, 12.266678895675312], [141.0507906144173, 12.27256928409355], [141.07097867285586, 12.295229586285298], [141.0817162330358, 12.305900833670128], [141.09387311296425, 12.323780276895281], [141.11264185165427, 12.35186693308898], [141.1128404442612, 12.352330967505267], [141.1253615962315, 12.38088165811525], [141.14356747027279, 12.405094644693305], [141.1460718344633, 12.409432348725232], [141.173266314323, 12.437983039335217], [141.17449308889127, 12.439035057464572], [141.20541870750975, 12.458172811124868], [141.23634432612823, 12.463299956245784], [141.26726994474674, 12.463130717718062], [141.29819556336523, 12.458946497842414], [141.3291211819837, 12.44837433267778], [141.34601265435242, 12.437983039335217], [141.36004680060222, 12.428519355870183], [141.37970325820453, 12.409432348725232], [141.3909724192207, 12.389067153375535], [141.39640679173542, 12.38088165811525], [141.40943447066957, 12.352330967505265], [141.41899592876462, 12.323780276895281], [141.42189803783918, 12.310344944169696], [141.4276131257441, 12.295229586285298], [141.4263523124614, 12.266678895675314], [141.42189803783918, 12.258768120945037], [141.40863993312405, 12.238128205065333], [141.3909724192207, 12.225170528708269], [141.36004680060222, 12.212594058120974], [141.34940390113658, 12.209577514455347], [141.3291211819837, 12.202861559082798], [141.29819556336523, 12.191744335531634], [141.26726994474672, 12.18112423379213], [141.26703014019137, 12.181026823845365], [141.23634432612823, 12.162935408307767], [141.21060115102767, 12.15247613323538], [141.20541870750975, 12.149213521796746], [141.17449308889127, 12.134410610972946], [141.14356747027279, 12.126223177445434], [141.12672879383982, 12.123925442625396], [141.11264185165427, 12.120629673519826], [141.0817162330358, 12.121253695790756], [141.0726270152166, 12.123925442625396]]]}, "properties": {"fillColor": "#0000FF", "fillOpacity": 0.7, "color": "#000000", "weight": 0.2, "stroke": false}}, {"type": "Feature", "geometry": {"type": "Polygon", "coordinates": [[[140.6178319537584, 12.407541441064325], [140.64875757237692, 12.38410444199766], [140.6796831909954, 12.381571225246676], [140.7106088096139, 12.381461403750611], [140.7415344282324, 12.38166712953026], [140.77246004685088, 12.384815405126435], [140.80338566546936, 12.406733008202748], [140.80534505374968, 12.409432348725232], [140.81148872704154, 12.437983039335217], [140.80338566546936, 12.448776071672821], [140.7787880214483, 12.4665337299452], [140.77246004685088, 12.469197426570299], [140.7415344282324, 12.47130922306462], [140.7106088096139, 12.467203939990572], [140.70847715799374, 12.4665337299452], [140.6796831909954, 12.459170609445115], [140.64875757237692, 12.443739989481045], [140.64051688454055, 12.437983039335217], [140.6178319537584, 12.41018344243874], [140.6170972886635, 12.409432348725232], [140.6178319537584, 12.407541441064325]]]}, "properties": {"fillColor": "#0000FF", "fillOpacity": 0.7, "color": "#000000", "weight": 0.2, "stroke": false}}, {"type": "Feature", "geometry": {"type": "Polygon", "coordinates": [[[140.71587399732283, 12.437983039335217], [140.7415344282324, 12.440412083386237], [140.75104181234533, 12.437983039335217], [140.7415344282324, 12.42876298376224], [140.71587399732283, 12.437983039335217]]]}, "properties": {"fillColor": "#0000FF", "fillOpacity": 0.7, "color": "#000000", "weight": 0.2, "stroke": false}}, {"type": "Feature", "geometry": {"type": "Polygon", "coordinates": [[[133.44308843426847, 12.60042466070382], [133.47401405288696, 12.599718811893194], [133.50493967150547, 12.607513353307443], [133.509333010456, 12.609287182995118], [133.53586529012395, 12.611695079790815], [133.56679090874243, 12.615635471449416], [133.59771652736094, 12.624440250786993], [133.62337257687412, 12.637837873605104], [133.62864214597943, 12.640147292320927], [133.6595677645979, 12.665231933239875], [133.66066889603775, 12.666388564215087], [133.6747127637772, 12.69493925482507], [133.6730166349637, 12.723489945435054], [133.6595677645979, 12.748358880210064], [133.65870227200563, 12.752040636045036], [133.6434128385363, 12.78059132665502], [133.62864214597943, 12.794781049337292], [133.60843883093924, 12.809142017265003], [133.59771652736094, 12.817054801208405], [133.56679090874243, 12.830112818352596], [133.53586529012395, 12.83346827791446], [133.50493967150547, 12.832819970102634], [133.47401405288696, 12.8266698638939], [133.44827702343136, 12.809142017265003], [133.44308843426847, 12.804793471145008], [133.4226333528954, 12.78059132665502], [133.41423198655085, 12.752040636045036], [133.41216281565, 12.743119134959434], [133.40088760043582, 12.723489945435052], [133.39056628530173, 12.69493925482507], [133.38741098159332, 12.666388564215087], [133.3874604872585, 12.637837873605102], [133.41216281565, 12.611525157221338], [133.4180540097505, 12.609287182995118], [133.44308843426847, 12.60042466070382]]]}, "properties": {"fillColor": "#0000FF", "fillOpacity": 0.7, "color": "#000000", "weight": 0.2, "stroke": false}}, {"type": "Feature", "geometry": {"type": "Polygon", "coordinates": [[[133.41803490209458, 12.637837873605102], [133.41216281565, 12.649613365215899], [133.40496708000097, 12.666388564215087], [133.4055381050261, 12.69493925482507], [133.41216281565, 12.708120338984036], [133.4156905350847, 12.723489945435052], [133.4236371565911, 12.752040636045034], [133.4399159140747, 12.78059132665502], [133.44308843426847, 12.784345004810907], [133.47267568171648, 12.809142017265003], [133.47401405288696, 12.81005349637136], [133.50493967150547, 12.823021552437625], [133.53586529012395, 12.824799967390405], [133.56679090874243, 12.818474932751027], [133.58361779399235, 12.809142017265003], [133.59771652736094, 12.8037639992455], [133.62497745038155, 12.78059132665502], [133.62864214597943, 12.775214739978878], [133.64747540878224, 12.752040636045038], [133.6555560316279, 12.723489945435055], [133.6553911775239, 12.69493925482507], [133.64072859096967, 12.666388564215087], [133.62864214597943, 12.656296445016043], [133.59771652736094, 12.639766317291175], [133.59071564751937, 12.6378378736051], [133.56679090874243, 12.626529580519058], [133.53586529012395, 12.61979621686097], [133.50493967150547, 12.616054268525424], [133.47401405288696, 12.615150289338366], [133.44308843426847, 12.620048355554246], [133.41803490209458, 12.637837873605102]]]}, "properties": {"fillColor": "#0000FF", "fillOpacity": 0.7, "color": "#000000", "weight": 0.2, "stroke": false}}, {"type": "Feature", "geometry": {"type": "Polygon", "coordinates": [[[140.0302452000071, 12.709210550629999], [140.06117081862558, 12.705116939087432], [140.08298982865597, 12.723489945435054], [140.07960845131154, 12.752040636045036], [140.06117081862558, 12.775702668176443], [140.05298524730392, 12.78059132665502], [140.0302452000071, 12.791359086210267], [139.9993195813886, 12.783460588886248], [139.99683817806857, 12.78059132665502], [139.99492517771805, 12.752040636045036], [139.9993195813886, 12.743919192775572], [140.01212540846302, 12.723489945435054], [140.0302452000071, 12.709210550629999]]]}, "properties": {"fillColor": "#0000FF", "fillOpacity": 0.7, "color": "#000000", "weight": 0.2, "stroke": false}}, {"type": "Feature", "geometry": {"type": "Polygon", "coordinates": [[[146.24629454232382, 12.748089292559895], [146.2772201609423, 12.743290732346022], [146.2892277978549, 12.752040636045036], [146.2952073714188, 12.78059132665502], [146.2772201609423, 12.803130558037086], [146.2514766890626, 12.809142017265003], [146.24629454232382, 12.809951471624538], [146.24435538533496, 12.809142017265003], [146.2265790595873, 12.78059132665502], [146.2416423674855, 12.752040636045036], [146.24629454232382, 12.748089292559895]]]}, "properties": {"fillColor": "#0000FF", "fillOpacity": 0.7, "color": "#000000", "weight": 0.2, "stroke": false}}, {"type": "Feature", "geometry": {"type": "Polygon", "coordinates": [[[120.85636165654257, 13.207933089331984], [120.88728727516109, 13.206181782808077], [120.8962343561818, 13.208851685804774], [120.91821289377955, 13.210884912033237], [120.94913851239805, 13.217595974014632], [120.97984232525747, 13.237402376414758], [120.98006413101653, 13.237528737098843], [121.01098974963503, 13.261978445921557], [121.01514464827864, 13.265953067024741], [121.03511707908764, 13.294503757634725], [121.03882570875493, 13.32305444824471], [121.03786995439381, 13.351605138854694], [121.03209705309668, 13.380155829464677], [121.01098974963503, 13.408155375773115], [121.01040122834728, 13.408706520074661], [120.98006413101653, 13.429333148367103], [120.94913851239805, 13.43349772347585], [120.91821289377955, 13.434180678283177], [120.88728727516107, 13.432376166922392], [120.85636165654257, 13.411504731532643], [120.85177396612072, 13.408706520074661], [120.82543603792408, 13.395212083143726], [120.80966007464181, 13.380155829464677], [120.79612883260688, 13.351605138854694], [120.7945104193056, 13.342300766389936], [120.78665766044094, 13.32305444824471], [120.78818935356969, 13.294503757634725], [120.7945104193056, 13.276467532803087], [120.79615043295179, 13.265953067024743], [120.80572508758038, 13.237402376414757], [120.82543603792408, 13.218705418580331], [120.85426272398202, 13.208851685804776], [120.85636165654257, 13.207933089331984]]]}, "properties": {"fillColor": "#0000FF", "fillOpacity": 0.7, "color": "#000000", "weight": 0.2, "stroke": false}}, {"type": "Feature", "geometry": {"type": "Polygon", "coordinates": [[[120.83072574929398, 13.237402376414757], [120.82543603792408, 13.24250005823954], [120.80897537778507, 13.265953067024743], [120.80113577179614, 13.294503757634725], [120.80044400154011, 13.32305444824471], [120.80799901754156, 13.351605138854694], [120.82543603792408, 13.373779142448386], [120.83047388406382, 13.380155829464677], [120.85636165654257, 13.400274310625639], [120.86891573700049, 13.408706520074661], [120.88728727516107, 13.422223804877312], [120.91821289377955, 13.424098370653272], [120.94913851239805, 13.421455087813865], [120.98006413101653, 13.411907441105008], [120.98477196069518, 13.408706520074663], [121.01098974963503, 13.384153822875573], [121.01400361490384, 13.380155829464677], [121.0267039189177, 13.351605138854694], [121.02818503949621, 13.32305444824471], [121.01914290749036, 13.294503757634725], [121.01098974963503, 13.284078004093509], [120.9981292237907, 13.265953067024743], [120.98006413101652, 13.250182008364849], [120.9576315525151, 13.237402376414758], [120.94913851239806, 13.231923689747113], [120.91821289377955, 13.220305448338783], [120.88728727516109, 13.217015230426219], [120.85636165654257, 13.22079512740925], [120.83072574929398, 13.237402376414757]]]}, "properties": {"fillColor": "#0000FF", "fillOpacity": 0.7, "color": "#000000", "weight": 0.2, "stroke": false}}, {"type": "Feature", "geometry": {"type": "Polygon", "coordinates": [[[148.25645975252573, 13.808339103702872], [148.25647336727167, 13.808416188614432], [148.2564597525257, 13.8084234868316], [148.2564477553605, 13.808416188614432], [148.25645975252573, 13.808339103702872]]]}, "properties": {"fillColor": "#0000FF", "fillOpacity": 0.7, "color": "#000000", "weight": 0.2, "stroke": false}}, {"type": "Feature", "geometry": {"type": "Polygon", "coordinates": [[[120.17599804693577, 15.64872576432355], [120.20692366555426, 15.646934293605181], [120.23271853211128, 15.664211078263367], [120.23784928417275, 15.67043107393392], [120.25007172313147, 15.692761768873353], [120.25127611566575, 15.721312459483336], [120.23784928417275, 15.747142139900154], [120.23525339114067, 15.74986315009332], [120.20692366555426, 15.764907823070793], [120.17599804693577, 15.761177212781305], [120.16150400499444, 15.749863150093322], [120.1451098837646, 15.721312459483336], [120.14507242831729, 15.72058475102412], [120.14330069261685, 15.692761768873353], [120.14507242831726, 15.688228391218958], [120.15655181616762, 15.664211078263369], [120.17599804693577, 15.64872576432355]]]}, "properties": {"fillColor": "#0000FF", "fillOpacity": 0.7, "color": "#000000", "weight": 0.2, "stroke": false}}, {"type": "Feature", "geometry": {"type": "Polygon", "coordinates": [[[120.18383607946258, 15.692761768873352], [120.18810587594743, 15.721312459483336], [120.20692366555426, 15.726186753220395], [120.21181212600393, 15.721312459483336], [120.21152452056224, 15.692761768873353], [120.20692366555426, 15.68764681224214], [120.18383607946258, 15.692761768873352]]]}, "properties": {"fillColor": "#0000FF", "fillOpacity": 0.7, "color": "#000000", "weight": 0.2, "stroke": false}}, {"type": "Feature", "geometry": {"type": "Polygon", "coordinates": [[[120.63988232621314, 16.73931732149571], [120.67080794483162, 16.737592280847778], [120.70173356345012, 16.742748308637477], [120.71647813748801, 16.749137321442753], [120.7326591820686, 16.75412702102619], [120.75988383402527, 16.77768801205273], [120.76358480068711, 16.786224059404958], [120.77374552584722, 16.806238702662718], [120.7755837345869, 16.8347893932727], [120.76805951674598, 16.863340083882683], [120.7635848006871, 16.870697249687808], [120.75364279027858, 16.891890774492666], [120.7326591820686, 16.911628177040406], [120.71116058691268, 16.92044146510265], [120.70173356345012, 16.925338580576472], [120.67080794483161, 16.931330727441125], [120.63988232621313, 16.929258726092232], [120.6179881669235, 16.92044146510265], [120.60895670759464, 16.918153740000918], [120.57803108897618, 16.895623446101094], [120.57453480223596, 16.891890774492666], [120.55837060004589, 16.863340083882683], [120.55509395306049, 16.8347893932727], [120.55837144116298, 16.806238702662718], [120.57393246679493, 16.77768801205273], [120.57803108897616, 16.773170280465312], [120.60895670759464, 16.750298732117805], [120.61368079673811, 16.74913732144275], [120.63988232621314, 16.73931732149571]]]}, "properties": {"fillColor": "#0000FF", "fillOpacity": 0.7, "color": "#000000", "weight": 0.2, "stroke": false}}, {"type": "Feature", "geometry": {"type": "Polygon", "coordinates": [[[120.59500856726669, 16.77768801205273], [120.57867893131171, 16.806238702662718], [120.57803108897616, 16.811578660360553], [120.57299293315896, 16.8347893932727], [120.57803108897615, 16.85694681005179], [120.57888684709555, 16.863340083882683], [120.59730399255302, 16.891890774492666], [120.60895670759464, 16.901197487763234], [120.63988232621315, 16.91331896650323], [120.67080794483164, 16.915635320159552], [120.70173356345012, 16.91120180801686], [120.73047892468695, 16.891890774492666], [120.7326591820686, 16.88986285629909], [120.75330190993543, 16.863340083882683], [120.75888218855583, 16.8347893932727], [120.75646401958886, 16.806238702662718], [120.73780792036835, 16.77768801205273], [120.7326591820686, 16.773232146939325], [120.70173356345012, 16.75760634519339], [120.67080794483162, 16.753424280287142], [120.63988232621315, 16.75493760574956], [120.60895670759464, 16.76613437304075], [120.59500856726669, 16.77768801205273]]]}, "properties": {"fillColor": "#0000FF", "fillOpacity": 0.7, "color": "#000000", "weight": 0.2, "stroke": false}}, {"type": "Feature", "geometry": {"type": "Polygon", "coordinates": [[[127.38166718504422, 24.624622947717555], [127.4125928036627, 24.615799918286932], [127.44351842228119, 24.610153831666103], [127.4744440408997, 24.606401791086775], [127.50536965951818, 24.60395251215919], [127.53629527813666, 24.60253348754019], [127.56722089675517, 24.602083701589006], [127.59814651537364, 24.60265400847878], [127.62907213399214, 24.60428023442027], [127.65999775261062, 24.606984364844042], [127.69092337122912, 24.61081945804697], [127.72184898984762, 24.615887481607906], [127.7527746084661, 24.622379777080205], [127.7785051819386, 24.629127929798237], [127.7837002270846, 24.630219666148115], [127.81462584570309, 24.637059193583013], [127.84555146432157, 24.644934507647157], [127.87647708294007, 24.654176546366784], [127.88750618335465, 24.65767862040822], [127.90740270155855, 24.66252650776061], [127.93832832017705, 24.669574438578046], [127.96925393879553, 24.67697906922733], [127.99988904525875, 24.686229311018206], [128.00017955741404, 24.68629484457956], [128.03110517603253, 24.694573568142562], [128.062030794651, 24.708074593914667], [128.0731359376289, 24.71478000162819], [128.09295641326952, 24.725015203591965], [128.1192993476538, 24.74333069223817], [128.123882031888, 24.74643431199057], [128.15480765050648, 24.768825151743897], [128.1591689454441, 24.77188138284815], [128.18573326912497, 24.791267910468928], [128.19866134415025, 24.80043207345814], [128.21665888774348, 24.814377688755965], [128.23600421484815, 24.828982764068122], [128.24758450636196, 24.838901583109692], [128.2696499770443, 24.857533454678105], [128.27851012498044, 24.86630321565042], [128.29981814538397, 24.886084145288088], [128.30943574359895, 24.896770734343136], [128.33399341851012, 24.914634835898077], [128.34036136221744, 24.91952483279535], [128.37128698083592, 24.918089132299684], [128.4022125994544, 24.93729538442863], [128.40396550895443, 24.94318552650806], [128.4107708723501, 24.97173621711804], [128.41452460039366, 25.000286907728025], [128.4153891662425, 25.028837598338008], [128.41421097180233, 25.05738828894799], [128.41338580636804, 25.08593897955798], [128.41424004661295, 25.11448967016796], [128.41587051940328, 25.143040360777942], [128.41783390238177, 25.171591051387928], [128.42033153498585, 25.20014174199791], [128.42482477958856, 25.228692432607893], [128.4331382180729, 25.252479350138785], [128.4640638366914, 25.2322974287149], [128.46542569772416, 25.228692432607893], [128.4737843695641, 25.20014174199791], [128.48158312205894, 25.171591051387928], [128.4910879696498, 25.143040360777942], [128.49498945530988, 25.134641626919155], [128.50110548170295, 25.114489670167956], [128.51598490539027, 25.08593897955798], [128.5259150739284, 25.07296960719851], [128.54515254017554, 25.05738828894799], [128.55684069254687, 25.048410001902756], [128.58776631116535, 25.041217029006365], [128.61869192978386, 25.042882944264367], [128.64961754840235, 25.05519442006257], [128.65195711314857, 25.05738828894799], [128.6795057603279, 25.085938979557977], [128.68054316702083, 25.08752155266043], [128.69379110541098, 25.11448967016796], [128.70461763827603, 25.143040360777945], [128.71146878563934, 25.169192612995243], [128.71205663729785, 25.171591051387924], [128.7169651620094, 25.20014174199791], [128.7195960539456, 25.228692432607893], [128.72015069335532, 25.257243123217876], [128.71882139964683, 25.285793813827862], [128.71574380351024, 25.314344504437845], [128.71146878563934, 25.34121975618354], [128.71125803009318, 25.342895195047827], [128.7083310732932, 25.371445885657813], [128.707091965811, 25.399996576267796], [128.70940428290095, 25.42854726687778], [128.71146878563934, 25.440075258014637], [128.74239440425782, 25.44524893665953], [128.75246099407786, 25.45709795748776], [128.7733200228763, 25.469975724919042], [128.78262965325425, 25.485648648097744], [128.8042456414948, 25.509068243437337], [128.80761069091176, 25.51419933870773], [128.83255692107417, 25.542750029317713], [128.8351712601133, 25.54533805682744], [128.86609687873178, 25.570325795015616], [128.86844296418843, 25.5713007199277], [128.89702249735026, 25.586228222182015], [128.92794811596877, 25.592125377800606], [128.95887373458726, 25.59585621167741], [128.9806543806565, 25.59985141053768], [128.98979935320574, 25.601299141661535], [129.02072497182425, 25.614089818738762], [129.03562767278282, 25.628402101147664], [129.05165059044273, 25.65333683003369], [129.05363774060996, 25.65695279175765], [129.08257620906122, 25.674732895333847], [129.11350182767973, 25.680004343114064], [129.1444274462982, 25.678778519083522], [129.17402207741412, 25.685503482367633], [129.1753530649167, 25.686498707872364], [129.1844655674504, 25.714054172977615], [129.1823874055759, 25.742604863587598], [129.1753530649167, 25.770998789732193], [129.17530843518097, 25.771155554197584], [129.16484971000494, 25.799706244807567], [129.15290151146547, 25.82825693541755], [129.1444274462982, 25.84724862318022], [129.1402066574864, 25.856807626027535], [129.12768348447577, 25.885358316637515], [129.11618949782485, 25.9139090072475], [129.11350182767973, 25.920889141155445], [129.10645095273776, 25.94245969785748], [129.0958094112035, 25.97101038846747], [129.08292866526864, 25.999561079077452], [129.08257620906122, 26.00026650178759], [129.07046019649562, 26.028111769687435], [129.05359442471737, 26.05666246029742], [129.05165059044273, 26.060101082250863], [129.03763927643547, 26.085213150907403], [129.02072497182425, 26.11214860344349], [129.01980737016916, 26.113763841517386], [129.01428249335206, 26.142314532127372], [129.02072497182425, 26.152219214989174], [129.0349779919584, 26.170865222737355], [129.04175165439594, 26.199415913347337], [129.03750885816441, 26.22796660395732], [129.03083083813937, 26.25651729456731], [129.0236946209976, 26.28506798517729], [129.02072497182425, 26.29754380889542], [129.01653991613128, 26.31361867578727], [129.00967004325742, 26.342169366397258], [129.00272489913775, 26.37072005700724], [128.99545935173614, 26.399270747617223], [128.98979935320574, 26.419428132478814], [128.98741324511008, 26.427821438227205], [128.97819865999173, 26.456372128837195], [128.9674576233384, 26.484922819447174], [128.95887373458726, 26.502772129527273], [128.9537797345049, 26.513473510057153], [128.93610375355044, 26.542024200667143], [128.92794811596877, 26.552196746319105], [128.91231836836872, 26.570574891277126], [128.89702249735026, 26.584511644645694], [128.87979908245, 26.599125581887108], [128.86609687873178, 26.608271899623258], [128.8354121631009, 26.627676272497094], [128.8351712601133, 26.627801547459306], [128.8042456414948, 26.643320656305228], [128.77926036728917, 26.656226963107077], [128.7733200228763, 26.658929338043876], [128.74239440425782, 26.673799031672296], [128.7208413256796, 26.684777653717063], [128.71146878563934, 26.68934617202264], [128.68054316702083, 26.704264564736256], [128.66022196927136, 26.71332834432704], [128.64961754840235, 26.718298969185724], [128.61869192978386, 26.730605853973834], [128.58776631116535, 26.740049639831252], [128.57976598243516, 26.74187903493703], [128.55684069254687, 26.747989777845987], [128.5259150739284, 26.753083371080486], [128.49498945530988, 26.75569116270534], [128.4640638366914, 26.756407591694426], [128.4331382180729, 26.75567488611356], [128.4022125994544, 26.753791206428982], [128.37128698083592, 26.750987755368868], [128.34036136221744, 26.74765808076756], [128.30943574359895, 26.74473831289862], [128.27851012498044, 26.743982881867623], [128.24758450636196, 26.74745295547549], [128.21665888774348, 26.75457995529121], [128.18573326912497, 26.760267724446074], [128.15480765050648, 26.761129048195446], [128.123882031888, 26.758092022575653], [128.09295641326952, 26.7522670119215], [128.062030794651, 26.743443492458116], [128.05794100232512, 26.74187903493703], [128.03110517603253, 26.733070730055253], [128.00017955741404, 26.71947976656817], [127.98899125240231, 26.713328344327046], [127.96925393879553, 26.70251233120797], [127.94100797657147, 26.68477765371706], [127.93832832017705, 26.683390447449625], [127.90740270155857, 26.6691684924976], [127.88056022983163, 26.656226963107077], [127.87647708294007, 26.6548687351125], [127.84555146432157, 26.64382168675241], [127.81462584570308, 26.62939540449747], [127.81138143173341, 26.627676272497094], [127.7837002270846, 26.615722431860974], [127.75383779143039, 26.599125581887108], [127.7527746084661, 26.59858937043366], [127.72184898984762, 26.582520421059108], [127.70189532166921, 26.570574891277126], [127.69092337122912, 26.564206700988105], [127.65999775261062, 26.54502535247737], [127.65533107798622, 26.542024200667143], [127.62907213399214, 26.523263850195505], [127.6169549032713, 26.513473510057157], [127.59814651537364, 26.49538693087395], [127.58754411086548, 26.48492281944717], [127.56722089675516, 26.46222120891776], [127.56171363928246, 26.456372128837188], [127.53659976866669, 26.427821438227205], [127.53629527813666, 26.427477875061108], [127.51049979286542, 26.399270747617223], [127.50536965951818, 26.393146906608326], [127.48551940577345, 26.37072005700724], [127.47444404089967, 26.356727649374065], [127.46169573421635, 26.342169366397258], [127.44351842228119, 26.316721572718535], [127.44101819864179, 26.31361867578727], [127.42241421598614, 26.28506798517729], [127.4125928036627, 26.26553118741249], [127.40778298560689, 26.256517294567306], [127.39354165168811, 26.22796660395732], [127.38166718504421, 26.20092875919132], [127.38091280741192, 26.199415913347337], [127.36748630946576, 26.170865222737355], [127.35532119258934, 26.142314532127372], [127.35074156642571, 26.13223609657354], [127.34166755018782, 26.113763841517386], [127.32550521763068, 26.085213150907407], [127.31981594780723, 26.07798070732337], [127.30234296184847, 26.05666246029742], [127.28889032918875, 26.043737632799115], [127.27136712658049, 26.028111769687435], [127.25796471057026, 26.01807331285262], [127.2310127026197, 25.999561079077452], [127.22703909195175, 25.996978436544666], [127.19611347333324, 25.980456726364537], [127.17820804755799, 25.97101038846747], [127.16518785471476, 25.96475790232736], [127.13426223609626, 25.94629807096798], [127.12877610553679, 25.94245969785748], [127.1033366174778, 25.924611069070927], [127.08735908976816, 25.9139090072475], [127.0724109988593, 25.90389558452489], [127.0417330383062, 25.885358316637518], [127.0414853802408, 25.885206444225926], [127.01055976162232, 25.87214373434454], [126.9796341430038, 25.872026784727982], [126.96784587453216, 25.885358316637515], [126.94876750020393, 25.913909007247504], [126.94870852438531, 25.913975055660025], [126.91778290576684, 25.9327392745006], [126.88685728714833, 25.92681818463831], [126.868839690207, 25.9139090072475], [126.85593166852985, 25.90416871389605], [126.83919406089979, 25.885358316637518], [126.82500604991137, 25.866119566692614], [126.81855268060843, 25.856807626027535], [126.80293369603797, 25.82825693541755], [126.79408043129288, 25.808089078833138], [126.78990177479878, 25.799706244807567], [126.77864341619284, 25.771155554197584], [126.77055038539937, 25.742604863587598], [126.76515357904512, 25.714054172977615], [126.7631548126744, 25.691529915978276], [126.76236045231114, 25.685503482367633], [126.76315481267439, 25.658189641236213], [126.76317329872721, 25.65695279175765], [126.76615024020515, 25.628402101147664], [126.77165234185969, 25.59985141053768], [126.78158289295293, 25.5713007199277], [126.79408043129288, 25.550659895089797], [126.79884199080556, 25.542750029317713], [126.82191606977847, 25.514199338707733], [126.82500604991137, 25.510399574395], [126.85119248276087, 25.485648648097747], [126.85593166852986, 25.479430408176558], [126.87453775902405, 25.45709795748776], [126.88685728714835, 25.431110410128003], [126.88764728130936, 25.42854726687778], [126.89407623011572, 25.399996576267796], [126.90182309150626, 25.371445885657813], [126.91569223293638, 25.342895195047827], [126.91778290576683, 25.33992144676098], [126.9338009028765, 25.314344504437845], [126.94870852438532, 25.298938170805066], [126.96834776023059, 25.285793813827866], [126.97963414300382, 25.278773374447702], [127.01055976162232, 25.2671571171241], [127.0414853802408, 25.26016281540385], [127.0724109988593, 25.262930071773194], [127.09437541927957, 25.285793813827862], [127.1033366174778, 25.301981106575365], [127.115332684019, 25.314344504437845], [127.13426223609628, 25.336073067397766], [127.14157746966511, 25.342895195047824], [127.16518785471479, 25.37020006889766], [127.16656082205817, 25.371445885657813], [127.19611347333326, 25.39923370431163], [127.19762460198274, 25.399996576267796], [127.22703909195175, 25.413332670107174], [127.25796471057026, 25.419782599267002], [127.28889032918873, 25.403175752490295], [127.28926605062672, 25.399996576267796], [127.28889032918873, 25.39697778292349], [127.2838757317684, 25.371445885657813], [127.2782690190168, 25.342895195047827], [127.27537800070053, 25.314344504437845], [127.27476685411362, 25.285793813827862], [127.27589505346697, 25.257243123217876], [127.2788467195899, 25.228692432607893], [127.28703265112429, 25.20014174199791], [127.28889032918875, 25.196321754114123], [127.30088979532076, 25.171591051387928], [127.31907493570822, 25.143040360777945], [127.31981594780723, 25.14192608589526], [127.33494234864716, 25.11448967016796], [127.35074156642571, 25.09298483791109], [127.35614803781617, 25.085938979557977], [127.38017622945377, 25.057388288947994], [127.38166718504421, 25.05572656892981], [127.4104347804568, 25.028837598338008], [127.41259280366269, 25.026899350428472], [127.44351842228119, 25.00481090930045], [127.45188583383361, 25.000286907728025], [127.47444404089967, 24.987010727030516], [127.50536965951818, 24.9725807108746], [127.50818868238305, 24.97173621711804], [127.53629527813666, 24.953035855241673], [127.54734557957309, 24.943185526508053], [127.53629527813666, 24.937184517210625], [127.51412461626718, 24.91463483589807], [127.50536965951818, 24.912013835417717], [127.4744440408997, 24.90395896498608], [127.44351842228117, 24.89796457459952], [127.41259280366272, 24.894267439623253], [127.38166718504421, 24.89121381632644], [127.3507415664257, 24.8974021209087], [127.34414789550036, 24.88608414528809], [127.35074156642571, 24.882176106122827], [127.37893176962709, 24.857533454678105], [127.38166718504421, 24.85525120302423], [127.4125928036627, 24.831937010086833], [127.41520848925202, 24.828982764068122], [127.44351842228119, 24.806335999955152], [127.45391559703842, 24.80043207345814], [127.44351842228119, 24.789910013814175], [127.4125928036627, 24.785237204419737], [127.38166718504422, 24.78683649323338], [127.35074156642571, 24.79037375990808], [127.31981594780723, 24.79490613644147], [127.28889032918873, 24.800261855906616], [127.28805786180513, 24.80043207345814], [127.25796471057023, 24.809268466726714], [127.22703909195175, 24.817023113877376], [127.19611347333326, 24.824142496434554], [127.17324584739869, 24.828982764068122], [127.16518785471477, 24.8313424311353], [127.13426223609626, 24.832951203314813], [127.12576099270683, 24.828982764068122], [127.12055839745554, 24.80043207345814], [127.13426223609628, 24.77650311319777], [127.13622738690698, 24.771881382848154], [127.1599673210606, 24.743330692238175], [127.16518785471477, 24.73867918772754], [127.19257482627513, 24.71478000162819], [127.19611347333326, 24.71205007946286], [127.22703909195175, 24.690876619167565], [127.23464144094063, 24.686229311018206], [127.25796471057025, 24.671763863489332], [127.28889032918873, 24.658508833427433], [127.29093867742701, 24.65767862040822], [127.31981594780723, 24.64345724094838], [127.35074156642571, 24.63383779812493], [127.37003061243398, 24.629127929798237], [127.38166718504422, 24.624622947717555]]]}, "properties": {"fillColor": "#0000FF", "fillOpacity": 0.7, "color": "#000000", "weight": 0.2, "stroke": false}}, {"type": "Feature", "geometry": {"type": "Polygon", "coordinates": [[[127.45959787907611, 24.629127929798237], [127.44351842228119, 24.631452293589845], [127.4125928036627, 24.637206115981186], [127.3816671850442, 24.64446171151587], [127.35074156642571, 24.654374884455066], [127.34275232493358, 24.65767862040822], [127.31981594780723, 24.66658304377262], [127.28889032918873, 24.680257143606376], [127.27788750103083, 24.686229311018206], [127.25796471057025, 24.69856257822306], [127.2330294867234, 24.71478000162819], [127.22703909195175, 24.72109610614735], [127.20264777367933, 24.74333069223817], [127.19611347333324, 24.760235515816227], [127.19002889562975, 24.771881382848154], [127.19611347333326, 24.778045911851382], [127.22703909195175, 24.783738800268594], [127.25796471057025, 24.780770554458016], [127.28889032918873, 24.77545974094697], [127.3061150791744, 24.77188138284815], [127.31981594780723, 24.76932233584976], [127.35074156642571, 24.764367735812897], [127.38166718504421, 24.760331488351575], [127.4125928036627, 24.75716622436139], [127.44351842228119, 24.7552879751725], [127.4744440408997, 24.755406535224566], [127.50536965951818, 24.759735045686302], [127.52781681856197, 24.771881382848157], [127.50536965951818, 24.78750883441179], [127.49509035021919, 24.80043207345814], [127.4744440408997, 24.8116557773591], [127.45107180981304, 24.828982764068122], [127.44351842228119, 24.85522148225353], [127.44170292088644, 24.857533454678105], [127.44351842228119, 24.858595557543623], [127.47444404089967, 24.874614919798816], [127.50536965951817, 24.88132348265949], [127.53629527813666, 24.884489046572966], [127.55286803032534, 24.88608414528809], [127.56722089675516, 24.891238602666895], [127.59814651537364, 24.90434224211461], [127.62344052032802, 24.914634835898074], [127.62907213399214, 24.917222645957356], [127.65999775261062, 24.93112970451441], [127.68728523223675, 24.943185526508056], [127.69092337122912, 24.94479282255789], [127.72184898984762, 24.961959845950567], [127.73676665714066, 24.97173621711804], [127.7527746084661, 24.984239281072746], [127.76868095097802, 25.000286907728025], [127.7837002270846, 25.021358002782076], [127.7875111597071, 25.028837598338008], [127.79631389120921, 25.05738828894799], [127.79967660344018, 25.085938979557977], [127.79964264777487, 25.11448967016796], [127.79668252719807, 25.143040360777945], [127.79091397709277, 25.171591051387928], [127.7837002270846, 25.194240361868538], [127.78106193659413, 25.20014174199791], [127.76345250619391, 25.228692432607897], [127.7527746084661, 25.239383082064432], [127.72184898984762, 25.25652996719945], [127.6909233712291, 25.247356405777317], [127.66098281713914, 25.228692432607893], [127.65999775261062, 25.22758635024406], [127.63631157473296, 25.20014174199791], [127.62907213399214, 25.1888940564991], [127.61481354932316, 25.171591051387928], [127.59814651537364, 25.146471769572763], [127.59475939430989, 25.14304036077794], [127.5731745779852, 25.114489670167956], [127.56722089675516, 25.106035671807344], [127.53629527813665, 25.088111794677474], [127.50741328911018, 25.085938979557977], [127.50536965951818, 25.085709551814634], [127.49789885064163, 25.085938979557977], [127.47444404089968, 25.08649791596131], [127.4435184222812, 25.089025152218166], [127.4125928036627, 25.10074585718875], [127.39647035140257, 25.114489670167956], [127.38166718504421, 25.12660201574621], [127.36941469251462, 25.143040360777942], [127.35157814791816, 25.171591051387928], [127.35074156642571, 25.173158932970036], [127.33701459642134, 25.20014174199791], [127.32406230604502, 25.228692432607897], [127.31981594780723, 25.240154053330137], [127.31433533416731, 25.257243123217876], [127.3081777681553, 25.285793813827862], [127.30618892966427, 25.314344504437845], [127.30940522825732, 25.34289519504783], [127.31851795626508, 25.371445885657813], [127.31981594780723, 25.37419482649415], [127.3299320334475, 25.399996576267796], [127.34699894808773, 25.42854726687778], [127.35074156642571, 25.433823299191697], [127.36670310525318, 25.45709795748776], [127.3816671850442, 25.474626470277343], [127.39189557806901, 25.485648648097747], [127.4125928036627, 25.50739025201441], [127.42000741700258, 25.51419933870773], [127.44351842228119, 25.538174825730806], [127.44879470948021, 25.542750029317713], [127.4744440408997, 25.570334454026465], [127.47558064034116, 25.5713007199277], [127.48898664335869, 25.59985141053768], [127.47444404089968, 25.605679266953658], [127.44351842228119, 25.600433013775223], [127.44247166279048, 25.599851410537678], [127.4125928036627, 25.582166601335615], [127.39691547689458, 25.5713007199277], [127.38166718504421, 25.559971925519715], [127.35935932378013, 25.542750029317713], [127.35074156642571, 25.535558919578392], [127.31981594780723, 25.514573022369902], [127.31874220818685, 25.51419933870773], [127.28889032918873, 25.500174975981245], [127.25796471057026, 25.504627756181726], [127.24602599169516, 25.51419933870773], [127.23573761407067, 25.54275002931771], [127.229685359424, 25.571300719927695], [127.22703909195175, 25.574180138321438], [127.2256716260117, 25.571300719927695], [127.21244789070386, 25.542750029317713], [127.19611347333327, 25.527822722261757], [127.19160340937842, 25.51419933870773], [127.1775153512702, 25.485648648097747], [127.16518785471476, 25.46947934117005], [127.15958096025065, 25.45709795748776], [127.14081124932613, 25.42854726687778], [127.13426223609628, 25.42006156317256], [127.12373192923327, 25.399996576267796], [127.10346597348573, 25.371445885657813], [127.1033366174778, 25.371276919964064], [127.09169453847974, 25.34289519504783], [127.07783159314324, 25.314344504437845], [127.07241099885931, 25.306367043937968], [127.04148538024081, 25.290302149616906], [127.01055976162232, 25.29899219248614], [126.9814963966351, 25.314344504437845], [126.97963414300384, 25.315596815244813], [126.9537778172546, 25.342895195047827], [126.94870852438532, 25.353027536670055], [126.93936111476827, 25.371445885657813], [126.9318260881522, 25.399996576267796], [126.92869517211282, 25.42854726687778], [126.92674733190077, 25.45709795748776], [126.92058465175477, 25.485648648097747], [126.91778290576684, 25.49066498668818], [126.88685728714835, 25.511888649744403], [126.88301098702861, 25.51419933870773], [126.85593166852988, 25.523811634512974], [126.8315744081113, 25.542750029317713], [126.82500604991137, 25.547897766334458], [126.80778194171742, 25.5713007199277], [126.7953557076693, 25.59985141053768], [126.79408043129288, 25.605020578109926], [126.78769048127681, 25.628402101147664], [126.78540769008319, 25.656952791757654], [126.78775886099191, 25.685503482367633], [126.7940804312929, 25.713299076541713], [126.79427622104922, 25.714054172977615], [126.80382792216471, 25.7426048635876], [126.8152176244186, 25.771155554197584], [126.82500604991137, 25.7933790171044], [126.82957897875018, 25.799706244807567], [126.84844154881387, 25.82825693541755], [126.85593166852985, 25.83960210892718], [126.88421449463338, 25.856807626027535], [126.88685728714835, 25.85865459598063], [126.88952250947371, 25.856807626027535], [126.90961153289456, 25.82825693541755], [126.91778290576684, 25.815792195211596], [126.93212507743193, 25.799706244807567], [126.94870852438532, 25.78974378662282], [126.97963414300382, 25.794290553705427], [126.98980434818942, 25.799706244807567], [127.01055976162232, 25.81013645344445], [127.03869286626701, 25.82825693541755], [127.0414853802408, 25.82987583064264], [127.07241099885928, 25.847047987797787], [127.0866671185068, 25.856807626027532], [127.1033366174778, 25.86793265306268], [127.12510761186367, 25.885358316637518], [127.13426223609628, 25.8920440689903], [127.1601817883531, 25.9139090072475], [127.16518785471477, 25.91709526700347], [127.19611347333324, 25.931687486162566], [127.2092089018141, 25.942459697857483], [127.22703909195175, 25.95214412232446], [127.2502750954655, 25.97101038846747], [127.25796471057025, 25.976070925280634], [127.28626210457595, 25.999561079077452], [127.28889032918873, 26.001595530415802], [127.31885300379885, 26.028111769687435], [127.31981594780723, 26.029028749020416], [127.34785451481919, 26.05666246029742], [127.35074156642571, 26.06005848894086], [127.37334640939113, 26.085213150907403], [127.38166718504421, 26.09700077367338], [127.3948954425565, 26.113763841517386], [127.41196277334474, 26.142314532127372], [127.4125928036627, 26.143814555794123], [127.42455358728363, 26.17086522273735], [127.43515536959038, 26.199415913347337], [127.44351842228119, 26.21915922304974], [127.4472525671799, 26.22796660395732], [127.4624526380982, 26.256517294567306], [127.4744440408997, 26.274967698057413], [127.48110079891012, 26.28506798517729], [127.50204695492455, 26.313618675787275], [127.50536965951818, 26.317792245377056], [127.52381047667379, 26.342169366397258], [127.53629527813666, 26.357037064498513], [127.54734083095994, 26.37072005700724], [127.56722089675517, 26.392847994293316], [127.57302863333415, 26.399270747617223], [127.59814651537364, 26.42570140335206], [127.60025334121026, 26.427821438227205], [127.62738055635734, 26.45637212883719], [127.62907213399214, 26.458141940950462], [127.65604645156216, 26.484922819447174], [127.65999775261062, 26.48847579357807], [127.69020322344161, 26.513473510057153], [127.69092337122912, 26.513998500617173], [127.72184898984762, 26.535462424730575], [127.73142030107056, 26.542024200667143], [127.7527746084661, 26.554959306597954], [127.77958353650445, 26.570574891277126], [127.7837002270846, 26.57284792318137], [127.81462584570309, 26.588810389547618], [127.83654732776014, 26.599125581887108], [127.84555146432157, 26.60331709565032], [127.87647708294007, 26.61569115543618], [127.90740270155855, 26.625573386827934], [127.91517620885445, 26.62767627249709], [127.93832832017705, 26.63589957488782], [127.96925393879553, 26.646180757944222], [127.9982618225924, 26.65622696310708], [128.00017955741404, 26.657194379526697], [128.03110517603253, 26.6679763034698], [128.062030794651, 26.673248746156453], [128.09295641326952, 26.656959185892617], [128.0934075068924, 26.656226963107077], [128.09295641326952, 26.65449392491839], [128.08834291933806, 26.627676272497094], [128.08541909514975, 26.599125581887108], [128.09295641326952, 26.57518460582063], [128.0943917234996, 26.570574891277126], [128.123882031888, 26.546941159443207], [128.13242000182964, 26.542024200667143], [128.15480765050648, 26.536979172926973], [128.18573326912497, 26.533585332623524], [128.21665888774348, 26.53258031906173], [128.24758450636196, 26.532739139662795], [128.27851012498044, 26.53312025208497], [128.30943574359895, 26.533226638028925], [128.34036136221744, 26.532889637978148], [128.37128698083592, 26.53228418904682], [128.4022125994544, 26.53173503654017], [128.4331382180729, 26.531671581846616], [128.46406383669137, 26.53281880050983], [128.49498945530988, 26.536349268104182], [128.51889305467665, 26.542024200667143], [128.5259150739284, 26.547811082453556], [128.54440642375417, 26.570574891277126], [128.53013001715775, 26.599125581887108], [128.5259150739284, 26.603404898331018], [128.4965644674544, 26.627676272497094], [128.49498945530988, 26.629428095216138], [128.4640638366914, 26.65607588591461], [128.46384745004042, 26.656226963107077], [128.4640638366914, 26.658154086230184], [128.46911910274673, 26.68477765371706], [128.49498945530988, 26.691908197166732], [128.5259150739284, 26.69524869920875], [128.55684069254687, 26.693864982227183], [128.58776631116535, 26.688339532038125], [128.59933221339088, 26.68477765371706], [128.61869192978386, 26.67708807622492], [128.64961754840235, 26.662406359165555], [128.66111018289033, 26.656226963107077], [128.68054316702083, 26.643013456673987], [128.70297311579893, 26.627676272497094], [128.71146878563934, 26.621376071444445], [128.74034407792152, 26.599125581887105], [128.74239440425782, 26.597605022906535], [128.7733200228763, 26.572589521789386], [128.7758093591908, 26.570574891277126], [128.8042456414948, 26.54257475680047], [128.80481708844843, 26.542024200667143], [128.8253412329443, 26.51347351005716], [128.8351712601133, 26.486050465641366], [128.83564871928428, 26.484922819447174], [128.84311174225942, 26.45637212883719], [128.84845024685413, 26.427821438227205], [128.85228528185013, 26.399270747617223], [128.85195313269801, 26.37072005700724], [128.83893621974198, 26.342169366397258], [128.8351712601133, 26.335941264784342], [128.829286172248, 26.31361867578727], [128.83504720120973, 26.28506798517729], [128.8351712601133, 26.2848528533873], [128.85153355203457, 26.256517294567306], [128.86595695382005, 26.227966603957316], [128.86609687873178, 26.227744388486105], [128.88580563183555, 26.199415913347337], [128.89702249735026, 26.18122702291967], [128.90463011135802, 26.170865222737355], [128.92450457662326, 26.142314532127372], [128.92794811596877, 26.13712611403481], [128.94588491370217, 26.113763841517386], [128.95887373458726, 26.091547928017686], [128.96356620821035, 26.085213150907403], [128.98244344399112, 26.05666246029742], [128.98979935320574, 26.042908038879553], [128.99980178408634, 26.028111769687435], [129.0138997029811, 25.999561079077452], [129.02072497182425, 25.97909921106037], [129.024492573414, 25.97101038846747], [129.03559594575805, 25.942459697857483], [129.04450614905699, 25.913909007247497], [129.05165059044273, 25.887437986050717], [129.05250130174116, 25.885358316637518], [129.0644651526139, 25.856807626027535], [129.07389188670294, 25.82825693541755], [129.0808260202389, 25.79970624480757], [129.08257620906122, 25.78676883163212], [129.08646702002554, 25.771155554197584], [129.0825762090612, 25.748192271106298], [129.0819003070522, 25.742604863587598], [129.05536297512063, 25.714054172977615], [129.05165059044273, 25.71194954833521], [129.02072497182425, 25.69663191986144], [128.98979935320574, 25.686588263180866], [128.9814127995044, 25.685503482367636], [128.95887373458726, 25.68000944099383], [128.92794811596877, 25.676754217278116], [128.89702249735026, 25.67803464349919], [128.86609687873178, 25.68080992707634], [128.8351712601133, 25.67867450936439], [128.8042456414948, 25.658027684148557], [128.80317934011205, 25.656952791757654], [128.78993402463405, 25.628402101147664], [128.7733200228763, 25.6086153190938], [128.74239440425782, 25.601243736628042], [128.71146878563934, 25.619441426842933], [128.70006725908263, 25.628402101147664], [128.68955648390556, 25.656952791757647], [128.69695932588792, 25.685503482367633], [128.69587723956388, 25.714054172977615], [128.68054316702083, 25.733965942375686], [128.67522381954768, 25.7426048635876], [128.64961754840235, 25.77017867402669], [128.6487373595594, 25.771155554197584], [128.61869192978386, 25.798839873480823], [128.61780284114118, 25.799706244807567], [128.58776631116535, 25.823868443069138], [128.58288946078386, 25.82825693541755], [128.55684069254687, 25.846088649815062], [128.54149305590244, 25.856807626027535], [128.5259150739284, 25.86404492075128], [128.49498945530988, 25.872903718812722], [128.4640638366914, 25.87208937642771], [128.4331382180729, 25.858462408580564], [128.43077415807394, 25.856807626027535], [128.42829056757932, 25.82825693541755], [128.43313821807294, 25.81654282466092], [128.4419147388935, 25.799706244807567], [128.4622400246806, 25.771155554197584], [128.4640638366914, 25.768746199492586], [128.49498945530988, 25.742682918907416], [128.49511173095414, 25.742604863587598], [128.5259150739284, 25.722674817853544], [128.53881957317816, 25.714054172977615], [128.55684069254687, 25.699107774898984], [128.5719879677362, 25.685503482367633], [128.58776631116535, 25.660319870139187], [128.59044832242122, 25.65695279175765], [128.59427070735399, 25.628402101147664], [128.58776631116535, 25.606877939111467], [128.58579212578275, 25.59985141053768], [128.5739265834825, 25.5713007199277], [128.5720045061824, 25.542750029317713], [128.5835674385028, 25.51419933870773], [128.58776631116535, 25.508628159817192], [128.59608153035893, 25.485648648097747], [128.607436384035, 25.45709795748776], [128.61804155120495, 25.42854726687778], [128.61869192978386, 25.426753811321802], [128.62690536383136, 25.399996576267796], [128.63419339407156, 25.371445885657813], [128.64018396552996, 25.342895195047824], [128.64504028204203, 25.314344504437845], [128.6487474430799, 25.285793813827862], [128.64961754840235, 25.27545239207334], [128.6515895942881, 25.257243123217876], [128.65240363420037, 25.228692432607893], [128.64999530703366, 25.20014174199791], [128.64961754840235, 25.19850025522359], [128.6451278698641, 25.171591051387928], [128.63513732506595, 25.143040360777945], [128.61869192978386, 25.120269678262424], [128.61029044765155, 25.11448967016796], [128.58776631116535, 25.10290949805247], [128.55684069254687, 25.112673741114122], [128.5551639669239, 25.11448967016796], [128.5371446305026, 25.14304036077794], [128.52851247173572, 25.171591051387928], [128.5259150739284, 25.18668981867227], [128.52323906697666, 25.20014174199791], [128.51881097124385, 25.228692432607893], [128.51403020715657, 25.257243123217876], [128.5082613360709, 25.285793813827862], [128.50132088710725, 25.314344504437845], [128.49498945530988, 25.337341190931312], [128.49231940143258, 25.342895195047827], [128.47898213294363, 25.371445885657813], [128.4660379669475, 25.399996576267796], [128.4640638366914, 25.405898820115844], [128.43917915009425, 25.428547266877775], [128.43313821807288, 25.440208138540072], [128.42841418657247, 25.42854726687778], [128.40512605179126, 25.399996576267796], [128.4022125994544, 25.39777473145372], [128.39230852447497, 25.371445885657813], [128.38199389346528, 25.342895195047827], [128.376253526704, 25.314344504437845], [128.3748518294123, 25.285793813827862], [128.37608812699108, 25.257243123217876], [128.37813821541462, 25.228692432607893], [128.38080194085228, 25.20014174199791], [128.38351916307022, 25.171591051387928], [128.3855732075365, 25.143040360777942], [128.386117074021, 25.11448967016796], [128.38550810284957, 25.085938979557977], [128.383772504314, 25.05738828894799], [128.3773416105402, 25.028837598338008], [128.37128698083592, 25.01717201765991], [128.34036136221744, 25.016238464615192], [128.31345230497453, 25.000286907728025], [128.30943574359895, 24.997545039812696], [128.28921621826868, 24.97173621711804], [128.27851012498044, 24.958687678724417], [128.2664480791714, 24.943185526508053], [128.24758450636196, 24.920638043298318], [128.24282647738082, 24.914634835898074], [128.2182415762472, 24.88608414528809], [128.21665888774348, 24.884479790224237], [128.19435585107158, 24.857533454678105], [128.18573326912497, 24.849215416160554], [128.16817700726472, 24.828982764068122], [128.15480765050648, 24.816696223793564], [128.13835031459573, 24.80043207345814], [128.123882031888, 24.78821723951636], [128.10310379615217, 24.771881382848154], [128.09295641326952, 24.764388719381355], [128.062030794651, 24.745825290906627], [128.0566487023834, 24.743330692238168], [128.03110517603253, 24.731117713661142], [128.00017955741404, 24.720906489257082], [127.9778366277302, 24.71478000162819], [127.96925393879553, 24.712200345531482], [127.93832832017705, 24.703958234592328], [127.90740270155855, 24.696260764266864], [127.87647708294006, 24.688055414459978], [127.87008506695803, 24.686229311018206], [127.84555146432157, 24.67938858434004], [127.81462584570309, 24.670530484728374], [127.78370022708458, 24.66121503623422], [127.77244939416866, 24.65767862040822], [127.7527746084661, 24.65200546340503], [127.72184898984762, 24.643872316897657], [127.69092337122912, 24.63713677509942], [127.65999775261062, 24.63160088574228], [127.64317727410088, 24.629127929798237], [127.62907213399214, 24.62685349580967], [127.59814651537364, 24.62351045089939], [127.56722089675515, 24.62188504436469], [127.53629527813666, 24.621816973131637], [127.50536965951818, 24.623287760244658], [127.47444404089968, 24.626540894679295], [127.45959787907611, 24.629127929798237]]]}, "properties": {"fillColor": "#0000FF", "fillOpacity": 0.7, "color": "#000000", "weight": 0.2, "stroke": false}}, {"type": "Feature", "geometry": {"type": "Polygon", "coordinates": [[[127.61113972849239, 24.97173621711804], [127.60929191966233, 25.000286907728025], [127.6082223040905, 25.028837598338008], [127.61090494586847, 25.05738828894799], [127.61724674480011, 25.085938979557977], [127.62544291596039, 25.11448967016796], [127.62907213399214, 25.124867450158376], [127.63493804207471, 25.14304036077794], [127.64478139780627, 25.171591051387928], [127.6575165751982, 25.20014174199791], [127.65999775261062, 25.203016622969617], [127.682864340256, 25.228692432607893], [127.6909233712291, 25.233716171894805], [127.72184898984762, 25.23873426939003], [127.7411315763749, 25.228692432607893], [127.7527746084661, 25.21448234940962], [127.760012478583, 25.20014174199791], [127.7696798473045, 25.171591051387928], [127.7766952783854, 25.143040360777945], [127.77973053662632, 25.11448967016796], [127.77799190244059, 25.085938979557977], [127.77179281868487, 25.05738828894799], [127.76088935586888, 25.028837598338008], [127.7527746084661, 25.01632934020207], [127.73668777874089, 25.000286907728025], [127.72184898984762, 24.989375022325426], [127.69092337122912, 24.97373466460659], [127.68195461779675, 24.97173621711804], [127.65999775261062, 24.967773273911185], [127.62907213399214, 24.96802443330019], [127.61113972849239, 24.97173621711804]]]}, "properties": {"fillColor": "#0000FF", "fillOpacity": 0.7, "color": "#000000", "weight": 0.2, "stroke": false}}, {"type": "Feature", "geometry": {"type": "Polygon", "coordinates": [[[128.18821142472157, 26.570574891277126], [128.19901705770397, 26.599125581887108], [128.21665888774348, 26.60470927460456], [128.24758450636196, 26.609200684852475], [128.27851012498044, 26.609969715110168], [128.30943574359895, 26.607672048361326], [128.34036136221744, 26.602328368212955], [128.35377726093733, 26.599125581887108], [128.37071011984102, 26.570574891277122], [128.34036136221744, 26.56776922223423], [128.30943574359895, 26.56586962270999], [128.27851012498044, 26.56469005647116], [128.24758450636196, 26.564454717708166], [128.21665888774348, 26.56603850806097], [128.18821142472157, 26.570574891277126]]]}, "properties": {"fillColor": "#0000FF", "fillOpacity": 0.7, "color": "#000000", "weight": 0.2, "stroke": false}}, {"type": "Feature", "geometry": {"type": "Polygon", "coordinates": [[[127.28889032918875, 24.90861853815379], [127.31981594780723, 24.900310903046517], [127.34175201863204, 24.914634835898074], [127.3259048941115, 24.943185526508056], [127.31981594780723, 24.951080296611163], [127.30831773895908, 24.97173621711804], [127.28889032918873, 24.998040455958193], [127.28712765517366, 25.000286907728025], [127.25943368407904, 25.028837598338008], [127.25796471057025, 25.030325603614738], [127.22703909195175, 25.055206232636316], [127.22271862429903, 25.05738828894799], [127.19611347333326, 25.07821096411765], [127.17863203634488, 25.085938979557977], [127.16518785471479, 25.094562856947874], [127.13426223609628, 25.09248679317904], [127.13024972790147, 25.085938979557977], [127.12935563797683, 25.05738828894799], [127.13426223609626, 25.045118358146347], [127.1401783797025, 25.028837598338008], [127.15719286129564, 25.00028690772802], [127.16518785471476, 24.99093852672736], [127.17991015825177, 24.97173621711804], [127.19611347333324, 24.95886468294362], [127.21304719900186, 24.943185526508053], [127.22703909195175, 24.934421222596598], [127.25796471057025, 24.919741630544877], [127.27334563211602, 24.914634835898074], [127.28889032918875, 24.90861853815379]]]}, "properties": {"fillColor": "#0000FF", "fillOpacity": 0.7, "color": "#000000", "weight": 0.2, "stroke": false}}, {"type": "Feature", "geometry": {"type": "Polygon", "coordinates": [[[127.23399790164473, 24.97173621711804], [127.22703909195175, 24.979768732446104], [127.21650456927514, 25.000286907728025], [127.22703909195175, 25.008433277138437], [127.24071316587292, 25.000286907728025], [127.25796471057026, 24.98648567234191], [127.26769296076388, 24.97173621711804], [127.25796471057023, 24.95444166317835], [127.23399790164473, 24.97173621711804]]]}, "properties": {"fillColor": "#0000FF", "fillOpacity": 0.7, "color": "#000000", "weight": 0.2, "stroke": false}}, {"type": "Feature", "geometry": {"type": "Polygon", "coordinates": [[[128.4022125994544, 25.50662997635797], [128.4331382180729, 25.487398127838492], [128.4640638366914, 25.50217967844935], [128.47586215343043, 25.51419933870773], [128.49498945530988, 25.533594878425923], [128.50298426568165, 25.542750029317713], [128.50451082165722, 25.5713007199277], [128.49498945530985, 25.583611195002028], [128.48572753509856, 25.59985141053768], [128.4640638366914, 25.624291115748463], [128.4605789124547, 25.628402101147664], [128.4331382180729, 25.65433304516785], [128.43007690820173, 25.65695279175765], [128.4022125994544, 25.67395485152096], [128.37821107725313, 25.685503482367633], [128.37128698083592, 25.68775571212852], [128.34036136221744, 25.697381254016776], [128.30943574359895, 25.70845161522959], [128.29872653061108, 25.714054172977615], [128.27851012498044, 25.721537108543025], [128.24758450636196, 25.733039607880386], [128.22609226469964, 25.742604863587598], [128.21665888774348, 25.746211795907644], [128.18573326912497, 25.75687716274609], [128.15480765050648, 25.767787140986368], [128.14540120574418, 25.771155554197584], [128.123882031888, 25.778033865066494], [128.09295641326952, 25.786528105425592], [128.062030794651, 25.79406630935102], [128.03274577623222, 25.799706244807567], [128.03110517603253, 25.800088036766375], [128.00017955741404, 25.803604541440464], [127.96925393879553, 25.803401792678486], [127.94641368780191, 25.799706244807567], [127.93832832017705, 25.798205797339044], [127.90740270155857, 25.78671177402886], [127.88405424599972, 25.771155554197584], [127.90740270155855, 25.748717602756575], [127.91218613193914, 25.742604863587594], [127.93832832017705, 25.732152391350077], [127.96925393879553, 25.717935862164925], [127.97655410454615, 25.714054172977615], [128.00017955741404, 25.706396944514026], [128.03110517603253, 25.69519987571495], [128.05367713553937, 25.685503482367633], [128.062030794651, 25.682863878434468], [128.09295641326952, 25.672923595495156], [128.123882031888, 25.661063716710206], [128.13400549568513, 25.65695279175765], [128.15480765050648, 25.650165608811598], [128.18573326912497, 25.640958946159728], [128.21665888774348, 25.631382006532558], [128.22490557704936, 25.628402101147664], [128.24758450636196, 25.620817580682658], [128.27851012498044, 25.606011153813895], [128.29037233843755, 25.59985141053768], [128.30943574359895, 25.58823322469442], [128.33334512895502, 25.571300719927702], [128.34036136221744, 25.56493073656644], [128.36675239018166, 25.542750029317713], [128.37128698083592, 25.537205078859813], [128.39769065118236, 25.51419933870773], [128.4022125994544, 25.50662997635797]]]}, "properties": {"fillColor": "#0000FF", "fillOpacity": 0.7, "color": "#000000", "weight": 0.2, "stroke": false}}, {"type": "Feature", "geometry": {"type": "Polygon", "coordinates": [[[118.53694026015573, 25.727964811520042], [118.56786587877423, 25.714828704615513], [118.59879149739272, 25.722857866051292], [118.61748781651036, 25.742604863587598], [118.61737143055636, 25.771155554197584], [118.59879149739272, 25.79234678969172], [118.57038345418444, 25.799706244807567], [118.56786587877423, 25.80020477820397], [118.56655481365873, 25.799706244807567], [118.53694026015573, 25.784552084249377], [118.52626533196104, 25.771155554197584], [118.52565501418337, 25.742604863587598], [118.53694026015573, 25.727964811520042]]]}, "properties": {"fillColor": "#0000FF", "fillOpacity": 0.7, "color": "#000000", "weight": 0.2, "stroke": false}}, {"type": "Feature", "geometry": {"type": "Polygon", "coordinates": [[[127.19611347333326, 26.309736746280784], [127.22703909195175, 26.296242461909767], [127.25796471057025, 26.294888361655957], [127.28889032918873, 26.301542651037245], [127.31289057490301, 26.31361867578727], [127.31981594780723, 26.319297929815928], [127.33841664137148, 26.342169366397258], [127.33560815864001, 26.37072005700724], [127.31981594780723, 26.384412638508934], [127.28889032918873, 26.395882338556973], [127.25796471057025, 26.397734107483476], [127.22703909195175, 26.392256918372567], [127.19611347333324, 26.37711657409244], [127.186803120214, 26.37072005700724], [127.17738937642298, 26.342169366397258], [127.19103901890747, 26.31361867578727], [127.19611347333326, 26.309736746280784]]]}, "properties": {"fillColor": "#0000FF", "fillOpacity": 0.7, "color": "#000000", "weight": 0.2, "stroke": false}}, {"type": "Feature", "geometry": {"type": "Polygon", "coordinates": [[[126.88685728714835, 26.324722850882267], [126.91778290576684, 26.33145196844574], [126.93318740985686, 26.342169366397258], [126.94870852438532, 26.349987634438357], [126.97275086796758, 26.37072005700724], [126.97963414300382, 26.375723898083542], [127.00338752181437, 26.399270747617223], [127.01055976162232, 26.407606426630608], [127.02786776623367, 26.427821438227205], [127.0414853802408, 26.45347456754702], [127.04369243764263, 26.45637212883719], [127.06271432816763, 26.48492281944717], [127.0724109988593, 26.506468843967216], [127.07721744251694, 26.513473510057157], [127.0919535569436, 26.542024200667143], [127.09855511136617, 26.570574891277126], [127.1033366174778, 26.593047774154122], [127.10619357702532, 26.599125581887108], [127.13426223609629, 26.621508490320142], [127.14519771569934, 26.627676272497094], [127.16518785471477, 26.63372749786084], [127.19611347333327, 26.645602636597868], [127.21376455962628, 26.656226963107077], [127.22703909195175, 26.664443466168336], [127.24909704349079, 26.68477765371706], [127.25796471057023, 26.707067592738383], [127.26119723934208, 26.713328344327042], [127.2582888544433, 26.74187903493703], [127.25796471057025, 26.74240580997886], [127.2416160176651, 26.77042972554701], [127.22703909195175, 26.782118132710295], [127.19611347333326, 26.795328182963523], [127.17281582914866, 26.798980416156994], [127.16518785471477, 26.800987461658433], [127.13426223609628, 26.80240968816498], [127.1178890066403, 26.798980416156994], [127.1033366174778, 26.797638922512704], [127.0724109988593, 26.792220937904474], [127.0414853802408, 26.78506981015905], [127.01055976162232, 26.77746990677391], [126.98213489268258, 26.77042972554701], [126.97963414300382, 26.770126187948556], [126.94870852438532, 26.766574549511326], [126.91778290576684, 26.762284658511792], [126.88685728714833, 26.756618545948037], [126.85593166852986, 26.748262600041137], [126.83919361786441, 26.74187903493703], [126.82500604991137, 26.73837840060596], [126.79408043129288, 26.726522863422748], [126.77157630967854, 26.713328344327042], [126.76315481267439, 26.70699233941944], [126.74028081185735, 26.68477765371706], [126.73381774371394, 26.656226963107077], [126.73652990932624, 26.627676272497094], [126.74532657417448, 26.599125581887108], [126.76315481267439, 26.572279392881146], [126.76430167213019, 26.570574891277126], [126.79408043129288, 26.542633327715873], [126.79473193453099, 26.542024200667143], [126.81897149072284, 26.513473510057153], [126.82500604991137, 26.505922532307558], [126.8353961341462, 26.484922819447174], [126.84394373655351, 26.45637212883719], [126.84764635552935, 26.427821438227205], [126.85000650769254, 26.399270747617223], [126.85313871955323, 26.37072005700724], [126.85593166852988, 26.35848088380176], [126.86229783251653, 26.342169366397258], [126.88685728714835, 26.324722850882267]]]}, "properties": {"fillColor": "#0000FF", "fillOpacity": 0.7, "color": "#000000", "weight": 0.2, "stroke": false}}, {"type": "Feature", "geometry": {"type": "Polygon", "coordinates": [[[126.90791630534386, 26.37072005700724], [126.88685728714833, 26.38191849429792], [126.8789159228992, 26.399270747617223], [126.87192357766327, 26.427821438227205], [126.86738719825752, 26.45637212883719], [126.86065473210066, 26.484922819447174], [126.85593166852985, 26.495065668893098], [126.84480070224467, 26.513473510057157], [126.82594381715157, 26.542024200667143], [126.82500604991137, 26.543059728637118], [126.79547841027501, 26.570574891277126], [126.7940804312929, 26.571882437710627], [126.77110015476075, 26.599125581887108], [126.7631548126744, 26.619656031540202], [126.75932870429813, 26.627676272497094], [126.75852948880704, 26.656226963107077], [126.76315481267439, 26.664549814265065], [126.77397383845286, 26.68477765371706], [126.79408043129288, 26.701657220019126], [126.81612966840521, 26.713328344327042], [126.82500604991137, 26.71810022088832], [126.85593166852986, 26.729629879858436], [126.88685728714835, 26.736865711131088], [126.91598800438112, 26.74187903493703], [126.91778290576684, 26.742361887176298], [126.94870852438532, 26.74979138165032], [126.97963414300382, 26.756103957978585], [127.0105597616223, 26.76143671525766], [127.0414853802408, 26.76687479515546], [127.05905161856015, 26.77042972554701], [127.0724109988593, 26.775047414321705], [127.1033366174778, 26.784006705977887], [127.13426223609628, 26.787666142650142], [127.16518785471479, 26.78552591390593], [127.19611347333324, 26.77575565004853], [127.2052462114124, 26.77042972554701], [127.22703909195175, 26.750901587915994], [127.23421670473397, 26.74187903493703], [127.23807953098125, 26.713328344327042], [127.22703909195175, 26.69508229373305], [127.22073028067584, 26.684777653717056], [127.19611347333326, 26.666345054336986], [127.17503535421487, 26.656226963107077], [127.16518785471477, 26.651188484104093], [127.13426223609628, 26.637721699176957], [127.11231034688663, 26.62767627249709], [127.1033366174778, 26.620176971680543], [127.0883893489473, 26.599125581887108], [127.0800885348317, 26.570574891277126], [127.07241099885931, 26.550213175461955], [127.07023291093347, 26.542024200667143], [127.0579750345608, 26.513473510057153], [127.0414853802408, 26.487678965691924], [127.04002457181191, 26.484922819447174], [127.02451364481986, 26.45637212883719], [127.0105597616223, 26.437545746035887], [127.00333828697096, 26.427821438227205], [126.97963414300382, 26.402755516762625], [126.97451214757369, 26.399270747617223], [126.94870852438532, 26.37925132277744], [126.92349321335206, 26.37072005700724], [126.91778290576684, 26.367766464688838], [126.90791630534386, 26.37072005700724]]]}, "properties": {"fillColor": "#0000FF", "fillOpacity": 0.7, "color": "#000000", "weight": 0.2, "stroke": false}}, {"type": "Feature", "geometry": {"type": "Polygon", "coordinates": [[[117.79472541331195, 27.96179817648963], [117.80468317533682, 27.969558731166323], [117.79472541331194, 27.9899243980578], [117.77630182479629, 27.969558731166323], [117.79472541331195, 27.96179817648963]]]}, "properties": {"fillColor": "#0000FF", "fillOpacity": 0.7, "color": "#000000", "weight": 0.2, "stroke": false}}, {"type": "Feature", "geometry": {"type": "Polygon", "coordinates": [[[126.76315481267439, 28.917401935517262], [126.79408043129288, 28.91332204656851], [126.82500604991137, 28.91577848800997], [126.85593166852986, 28.923653022788166], [126.88337782299566, 28.940282211905767], [126.88685728714835, 28.941673806431556], [126.91778290576684, 28.96102926182403], [126.92671811759564, 28.968832902515754], [126.94870852438532, 28.987479614149628], [126.96044714113901, 28.997383593125736], [126.97963414300382, 29.00876087585397], [127.01055976162232, 29.01903616020269], [127.04148538024081, 29.02201961350812], [127.06600420078092, 29.02593428373572], [127.0724109988593, 29.026767287513326], [127.1033366174778, 29.035198218944565], [127.13406900556348, 29.0544849743457], [127.13426223609628, 29.05491128099566], [127.14686399345962, 29.083035664955688], [127.13501459623899, 29.11158635556567], [127.13426223609628, 29.11232108988458], [127.1082209396914, 29.140137046175653], [127.1033366174778, 29.14362173964544], [127.0724109988593, 29.164861642289313], [127.06617580134333, 29.16868773678564], [127.0414853802408, 29.183204393623427], [127.01055976162232, 29.193113991705953], [126.97963414300382, 29.19683924076108], [126.94870852438532, 29.196913538877013], [126.91778290576684, 29.193919228478183], [126.88685728714836, 29.186079819640398], [126.85756589063448, 29.16868773678564], [126.85593166852986, 29.16809646155289], [126.82500604991137, 29.15375650240007], [126.80644441291417, 29.140137046175653], [126.79408043129288, 29.13337583342953], [126.76762931300371, 29.11158635556567], [126.76315481267439, 29.10712532209557], [126.7401466365238, 29.083035664955688], [126.73222919405589, 29.065709793329937], [126.72433784386129, 29.054484974345705], [126.71456262848227, 29.025934283735722], [126.7139167029355, 28.997383593125733], [126.7184298551679, 28.968832902515754], [126.73222919405589, 28.941505250220235], [126.7329242150981, 28.940282211905767], [126.76315481267439, 28.917401935517262]]]}, "properties": {"fillColor": "#0000FF", "fillOpacity": 0.7, "color": "#000000", "weight": 0.2, "stroke": false}}, {"type": "Feature", "geometry": {"type": "Polygon", "coordinates": [[[126.7705175905524, 28.940282211905767], [126.76315481267439, 28.94385940294084], [126.74268992723299, 28.96883290251575], [126.73526109364957, 28.997383593125736], [126.7346658318429, 29.025934283735722], [126.74091081881062, 29.054484974345705], [126.7613164102224, 29.083035664955688], [126.76315481267439, 29.084960480050253], [126.78986106573446, 29.11158635556567], [126.79408043129288, 29.115062116833293], [126.82500604991138, 29.136369073780138], [126.83340522727778, 29.140137046175653], [126.85593166852988, 29.15536154290238], [126.88685728714833, 29.16740749824615], [126.8922066351117, 29.16868773678564], [126.91778290576684, 29.179919870164245], [126.94870852438532, 29.185042088746858], [126.9796341430038, 29.184058288233388], [127.01055976162232, 29.17610906058149], [127.02565696575827, 29.16868773678564], [127.0414853802408, 29.160804182520547], [127.06971003987505, 29.140137046175653], [127.07241099885931, 29.13647943252339], [127.09500015650056, 29.11158635556567], [127.09985156898043, 29.083035664955688], [127.07535190012764, 29.0544849743457], [127.07241099885928, 29.0530297250962], [127.0414853802408, 29.041932163006443], [127.01055976162232, 29.035584837835287], [126.97963414300382, 29.02715446214935], [126.97736675568562, 29.02593428373572], [126.94870852438532, 29.005059758905748], [126.93946583058082, 28.99738359312574], [126.91778290576686, 28.97809062050585], [126.90432417982868, 28.968832902515757], [126.88685728714835, 28.955588636460497], [126.85593166852986, 28.94226506030347], [126.84665625105463, 28.940282211905767], [126.82500604991137, 28.932192927912084], [126.79408043129288, 28.93118300410398], [126.7705175905524, 28.940282211905767]]]}, "properties": {"fillColor": "#0000FF", "fillOpacity": 0.7, "color": "#000000", "weight": 0.2, "stroke": false}}, {"type": "Feature", "geometry": {"type": "Polygon", "coordinates": [[[127.78370022708461, 29.193094143684075], [127.78769985689854, 29.19723842739562], [127.7837002270846, 29.19997420980576], [127.77590374918904, 29.19723842739562], [127.78370022708461, 29.193094143684075]]]}, "properties": {"fillColor": "#0000FF", "fillOpacity": 0.7, "color": "#000000", "weight": 0.2, "stroke": false}}, {"type": "Feature", "geometry": {"type": "Polygon", "coordinates": [[[121.4748740289124, 8.57483990885447], [121.50029754780944, 8.583639806987424], [121.4946444234809, 8.612190497597407], [121.47487402891238, 8.627280447934282], [121.4439484102939, 8.625764114216562], [121.43568065222013, 8.612190497597407], [121.4439484102939, 8.59825228469475], [121.45781629280432, 8.583639806987424], [121.4748740289124, 8.57483990885447]]]}, "properties": {"fillColor": "#00FF00", "fillOpacity": 0.7, "color": "#000000", "weight": 0.2, "stroke": false}}, {"type": "Feature", "geometry": {"type": "Polygon", "coordinates": [[[143.24650953633017, 9.37656235930223], [143.27743515494865, 9.359827884401616], [143.3083607735672, 9.356572239630504], [143.33928639218564, 9.35615401389908], [143.37021201080415, 9.357397659632095], [143.40113762942264, 9.362652197123456], [143.43206324804112, 9.374043517635155], [143.44765849315564, 9.383059144066966], [143.4629888666596, 9.395482858639213], [143.4787245171388, 9.411609834676948], [143.49205066746848, 9.440160525286933], [143.48684545583214, 9.468711215896917], [143.47293605029807, 9.4972619065069], [143.4629888666596, 9.51107876065354], [143.45259337624336, 9.525812597116884], [143.43206324804112, 9.542123439909597], [143.40113762942264, 9.549829831207349], [143.37021201080415, 9.546508007720274], [143.33928639218564, 9.534725533021481], [143.32478084142286, 9.525812597116884], [143.30836077356716, 9.516791095120025], [143.28585174887968, 9.4972619065069], [143.27743515494865, 9.487337701644835], [143.26234839517184, 9.468711215896917], [143.24752197589484, 9.440160525286933], [143.24650953633017, 9.436834980659338], [143.23547904223793, 9.411609834676948], [143.24020929007085, 9.383059144066966], [143.24650953633017, 9.37656235930223]]]}, "properties": {"fillColor": "#00FF00", "fillOpacity": 0.7, "color": "#000000", "weight": 0.2, "stroke": false}}, {"type": "Feature", "geometry": {"type": "Polygon", "coordinates": [[[143.30175765688753, 9.383059144066966], [143.27743515494865, 9.396836381586098], [143.26892364575684, 9.411609834676948], [143.27743515494865, 9.439925571125766], [143.2774934222211, 9.440160525286935], [143.29402372841673, 9.468711215896917], [143.30836077356716, 9.484192494771687], [143.32303710257662, 9.4972619065069], [143.33928639218564, 9.508381696074885], [143.37021201080415, 9.51905970752907], [143.40113762942264, 9.516807391990977], [143.42532651007758, 9.4972619065069], [143.43206324804112, 9.472053763990834], [143.4330763730093, 9.468711215896917], [143.43533337156012, 9.440160525286933], [143.43206324804112, 9.43482796516261], [143.4156380556906, 9.411609834676948], [143.40113762942264, 9.402422735128962], [143.37021201080415, 9.391533471293716], [143.3392863921856, 9.384952546364184], [143.32295068823782, 9.383059144066966], [143.30836077356716, 9.381291331450523], [143.30175765688753, 9.383059144066966]]]}, "properties": {"fillColor": "#00FF00", "fillOpacity": 0.7, "color": "#000000", "weight": 0.2, "stroke": false}}, {"type": "Feature", "geometry": {"type": "Polygon", "coordinates": [[[144.5144598996883, 9.58962547920346], [144.5453855183068, 9.585449973132985], [144.57631113692528, 9.59808136277357], [144.59468916110265, 9.611464668946834], [144.6072367555438, 9.629182682883236], [144.6143653610402, 9.64001535955682], [144.6072367555438, 9.664346183902602], [144.57631113692528, 9.66722301737219], [144.5453855183068, 9.655491282977508], [144.52214841438123, 9.640015359556818], [144.5144598996883, 9.631420476819505], [144.50232459492742, 9.611464668946834], [144.5144598996883, 9.58962547920346]]]}, "properties": {"fillColor": "#00FF00", "fillOpacity": 0.7, "color": "#000000", "weight": 0.2, "stroke": false}}, {"type": "Feature", "geometry": {"type": "Polygon", "coordinates": [[[135.05122060243002, 9.80773496282464], [135.0821462210485, 9.80465455695754], [135.10927142158454, 9.81131950321672], [135.113071839667, 9.812191264205799], [135.1439974582855, 9.833107532304785], [135.1511016810278, 9.839870193826705], [135.17245320616976, 9.868420884436688], [135.17492307690398, 9.872556985902895], [135.19611374052056, 9.89697157504667], [135.20584869552246, 9.907852971684799], [135.22560963862307, 9.925522265656655], [135.23677431414097, 9.93464949871444], [135.26013905523223, 9.95407295626664], [135.26769993275946, 9.960393496894245], [135.29239656913532, 9.982623646876622], [135.29862555137794, 9.98824116594574], [135.32090739878512, 10.011174337486606], [135.32955116999642, 10.02641800793424], [135.3374347651545, 10.03972502809659], [135.33382419909694, 10.068275718706573], [135.32955116999642, 10.076761511757843], [135.32124409126024, 10.096826409316556], [135.29862555137794, 10.12339850380141], [135.29702252447237, 10.12537709992654], [135.26769993275946, 10.148691805201127], [135.25991136577716, 10.153927790536525], [135.23677431414097, 10.167794066859647], [135.20584869552246, 10.181523093644122], [135.20338053596353, 10.182478481146507], [135.17492307690395, 10.195393974049843], [135.1439974582855, 10.203927812755426], [135.113071839667, 10.20923488350395], [135.0979313843231, 10.211029171756492], [135.0821462210485, 10.214286447765028], [135.05122060243002, 10.218520920889974], [135.02029498381154, 10.221228508522916], [134.98936936519303, 10.223251082831148], [134.95844374657455, 10.225181083031892], [134.92751812795603, 10.227074331560065], [134.89659250933755, 10.228326299179521], [134.86566689071907, 10.227515343413629], [134.8347412721006, 10.222731981268666], [134.80381565348208, 10.214268669357665], [134.78841619568482, 10.211029171756492], [134.7728900348636, 10.209498751118323], [134.7419644162451, 10.209458451880774], [134.7157343967892, 10.211029171756492], [134.7110387976266, 10.211648510731427], [134.68011317900812, 10.216994343470548], [134.64918756038963, 10.22050744974536], [134.61826194177115, 10.221403404913332], [134.58733632315264, 10.21998798993857], [134.55641070453416, 10.216066094429975], [134.53161370048002, 10.21102917175649], [134.52548508591568, 10.210165299500996], [134.49455946729717, 10.204447230746494], [134.46363384867868, 10.195607778501373], [134.4336337485463, 10.182478481146507], [134.4327082300602, 10.181911615429014], [134.4017826114417, 10.163813619554158], [134.38192346689448, 10.153927790536525], [134.3708569928232, 10.141306202959912], [134.3509468377507, 10.12537709992654], [134.35580632979355, 10.096826409316556], [134.3708569928232, 10.08225219235143], [134.3823064633264, 10.068275718706573], [134.4017826114417, 10.052452091690839], [134.41381612086505, 10.03972502809659], [134.4327082300602, 10.021580044289244], [134.4425121689609, 10.011174337486606], [134.46363384867868, 9.991290319658653], [134.47642835574473, 9.982623646876622], [134.49455946729717, 9.971769830325556], [134.52548508591568, 9.963333354200222], [134.55641070453416, 9.962130046156803], [134.58733632315264, 9.96541592627493], [134.61826194177115, 9.97115105581377], [134.64918756038963, 9.978015474302486], [134.67131441936576, 9.982623646876622], [134.68011317900812, 9.983490662063186], [134.6999482448137, 9.982623646876622], [134.7110387976266, 9.98174792440439], [134.7419644162451, 9.968160882457955], [134.7664070016611, 9.95407295626664], [134.77289003486362, 9.94943879066905], [134.80381565348208, 9.928871467135354], [134.8099366380006, 9.925522265656655], [134.8347412721006, 9.909543662652341], [134.8636388808604, 9.89697157504667], [134.86566689071907, 9.895705497919687], [134.89659250933755, 9.877181788926478], [134.9155921043158, 9.868420884436688], [134.92751812795603, 9.860657799561254], [134.95844374657455, 9.844243288887967], [134.96862254676842, 9.839870193826705], [134.98936936519303, 9.827419610523574], [135.02029498381154, 9.81576500330868], [135.04152252787435, 9.81131950321672], [135.05122060243002, 9.80773496282464]]]}, "properties": {"fillColor": "#00FF00", "fillOpacity": 0.7, "color": "#000000", "weight": 0.2, "stroke": false}}, {"type": "Feature", "geometry": {"type": "Polygon", "coordinates": [[[135.0112954980932, 9.839870193826705], [134.989369365193, 9.847744418352328], [134.95844374657455, 9.863909813040934], [134.951227335409, 9.868420884436688], [134.92751812795603, 9.87995475838365], [134.89945320571718, 9.896971575046669], [134.89659250933755, 9.898356818730978], [134.86566689071907, 9.912945988435293], [134.84493749913923, 9.925522265656655], [134.8347412721006, 9.930809922118163], [134.80381565348208, 9.950547278800446], [134.79897929511813, 9.95407295626664], [134.7728900348636, 9.972215945062668], [134.75776140405156, 9.982623646876622], [134.7419644162451, 9.991574516264228], [134.7110387976266, 10.002265148859305], [134.68011317900812, 10.006297770899454], [134.64918756038963, 10.005336522410644], [134.61826194177115, 10.003600101010296], [134.58733632315264, 10.003404877728567], [134.55641070453416, 10.006745380468772], [134.5418426280384, 10.011174337486606], [134.52548508591568, 10.016601429784554], [134.49455946729717, 10.037861896204806], [134.49252042750103, 10.03972502809659], [134.46836905409467, 10.068275718706573], [134.46363384867868, 10.07766356866858], [134.4522217406163, 10.096826409316556], [134.44845811745114, 10.12537709992654], [134.46363384867868, 10.151059778173384], [134.46538605998592, 10.153927790536525], [134.49455946729717, 10.170945288364926], [134.52548508591568, 10.182052075444789], [134.52740908884053, 10.182478481146507], [134.55641070453416, 10.187873924207114], [134.58733632315264, 10.190634991259108], [134.61826194177115, 10.191813182518288], [134.64918756038963, 10.192437279570514], [134.68011317900812, 10.19137557976835], [134.7110387976266, 10.18886047116819], [134.7419644162451, 10.186211608158487], [134.7728900348636, 10.184822381561697], [134.80381565348208, 10.186626927367572], [134.8347412721006, 10.19269746983759], [134.86566689071907, 10.19975119295357], [134.89659250933755, 10.20321715494552], [134.92751812795603, 10.203653962217224], [134.95844374657455, 10.202867878326149], [134.98936936519303, 10.201677440623943], [135.02029498381154, 10.200204956323171], [135.05122060243002, 10.19804021043125], [135.0821462210485, 10.194565421986745], [135.113071839667, 10.18905821007924], [135.13725559203777, 10.182478481146507], [135.1439974582855, 10.180965123603405], [135.17492307690398, 10.171254899634867], [135.20584869552246, 10.156140308167569], [135.20977588834913, 10.153927790536525], [135.23677431414097, 10.136438741602174], [135.25183422575287, 10.12537709992654], [135.26769993275946, 10.107637902365186], [135.27708013538128, 10.096826409316556], [135.29446875774659, 10.068275718706573], [135.29454160423248, 10.03972502809659], [135.26769993275946, 10.014953906864], [135.26288658699545, 10.011174337486608], [135.23677431414097, 9.988559292167258], [135.23001109193038, 9.982623646876622], [135.2058486955225, 9.962533823421891], [135.196349007788, 9.95407295626664], [135.17492307690398, 9.932972308341009], [135.16999557638462, 9.925522265656653], [135.1556936823374, 9.89697157504667], [135.1439974582855, 9.879506095121835], [135.13819693735985, 9.868420884436688], [135.113071839667, 9.843200251854384], [135.10712417173053, 9.839870193826705], [135.0821462210485, 9.828115314109166], [135.05122060243002, 9.827176955452611], [135.02029498381154, 9.835452024586894], [135.0112954980932, 9.839870193826705]]]}, "properties": {"fillColor": "#00FF00", "fillOpacity": 0.7, "color": "#000000", "weight": 0.2, "stroke": false}}, {"type": "Feature", "geometry": {"type": "Polygon", "coordinates": [[[133.84512147630886, 10.118630523929356], [133.87604709492734, 10.115323481325929], [133.90697271354583, 10.12069574938367], [133.91679645412358, 10.12537709992654], [133.93789833216434, 10.137051463978274], [133.95493333009958, 10.153927790536525], [133.96837147766817, 10.182478481146507], [133.96882395078282, 10.186532662892771], [133.97243451269583, 10.211029171756492], [133.96882395078282, 10.238301258930118], [133.96867809746772, 10.239579862366476], [133.95827972358603, 10.268130552976459], [133.93789833216434, 10.288808331931671], [133.9270167651072, 10.296681243586441], [133.90697271354583, 10.307482684512516], [133.87604709492734, 10.31642178525313], [133.84512147630886, 10.315677482721831], [133.81419585769038, 10.302747028977734], [133.80586467991975, 10.296681243586441], [133.78327023907184, 10.275954525838973], [133.77621699728604, 10.268130552976459], [133.76372567161937, 10.239579862366476], [133.76310300436228, 10.211029171756492], [133.76992120985204, 10.182478481146507], [133.78327023907187, 10.159500986064625], [133.78690607856112, 10.153927790536525], [133.81419585769038, 10.130964821301456], [133.8280945817241, 10.12537709992654], [133.84512147630886, 10.118630523929356]]]}, "properties": {"fillColor": "#00FF00", "fillOpacity": 0.7, "color": "#000000", "weight": 0.2, "stroke": false}}, {"type": "Feature", "geometry": {"type": "Polygon", "coordinates": [[[133.8160624484486, 10.182478481146507], [133.81419585769038, 10.187468339797158], [133.8083729752274, 10.211029171756492], [133.81337650831645, 10.239579862366476], [133.81419585769038, 10.24086986121576], [133.84512147630886, 10.26738417851157], [133.87604709492737, 10.268040705452421], [133.90697271354583, 10.248679408841966], [133.9141318408376, 10.239579862366476], [133.9239277404676, 10.21102917175649], [133.9194131534563, 10.182478481146507], [133.90697271354583, 10.16818065327249], [133.87604709492734, 10.154311194197987], [133.84512147630886, 10.159156901943621], [133.8160624484486, 10.182478481146507]]]}, "properties": {"fillColor": "#00FF00", "fillOpacity": 0.7, "color": "#000000", "weight": 0.2, "stroke": false}}, {"type": "Feature", "geometry": {"type": "Polygon", "coordinates": [[[144.6072367555438, 10.452020434859449], [144.63816237416228, 10.445011008025288], [144.66908799278076, 10.442728537282035], [144.70001361139924, 10.44187086124705], [144.73093923001775, 10.441591293953579], [144.76186484863624, 10.443183362905037], [144.79279046725472, 10.449623461610646], [144.82371608587323, 10.46122453582393], [144.83670336684418, 10.467985387246344], [144.8546417044917, 10.474597065247554], [144.8855673231102, 10.491958520350165], [144.8930557280043, 10.49653607785633], [144.91649294172868, 10.506941483714764], [144.9474185603472, 10.523838640526204], [144.94986428170537, 10.525086768466313], [144.97834417896567, 10.535731353095862], [145.00926979758418, 10.551074684753122], [145.01366561255773, 10.553637459076295], [145.04019541620266, 10.566398196531498], [145.06278373591226, 10.582188149686278], [145.07112103482115, 10.587726438784937], [145.09686133900715, 10.610738840296262], [145.10204665343963, 10.617597873794512], [145.1183279980666, 10.639289530906247], [145.12457190961132, 10.66784022151623], [145.1135909284292, 10.696390912126214], [145.10204665343963, 10.706246030900017], [145.07494746626693, 10.724941602736198], [145.07112103482115, 10.727648831400833], [145.04019541620266, 10.743408909722799], [145.00926979758418, 10.748817977895683], [144.97834417896567, 10.751333252949532], [144.9474185603472, 10.752639058673065], [144.9272160795057, 10.75349229334618], [144.91649294172868, 10.754317994651702], [144.8855673231102, 10.758724980252522], [144.8546417044917, 10.763337944885762], [144.82371608587323, 10.766534976133286], [144.79279046725472, 10.768413148205036], [144.76186484863624, 10.765985724010154], [144.73235361833068, 10.75349229334618], [144.73093923001775, 10.752789945127919], [144.70001361139924, 10.726175722029504], [144.6987662672744, 10.724941602736198], [144.68493600902147, 10.696390912126214], [144.70001361139924, 10.681907789325216], [144.7100533905826, 10.66784022151623], [144.70280953674785, 10.639289530906247], [144.70001361139924, 10.636965420608467], [144.67339372937488, 10.610738840296262], [144.66908799278076, 10.605614201774607], [144.64720749861175, 10.582188149686278], [144.63816237416228, 10.561452453826991], [144.6314448524704, 10.553637459076295], [144.61415245017992, 10.525086768466313], [144.6072367555438, 10.503226644055973], [144.60047976817205, 10.496536077856327], [144.584944898586, 10.467985387246344], [144.6072367555438, 10.452020434859449]]]}, "properties": {"fillColor": "#00FF00", "fillOpacity": 0.7, "color": "#000000", "weight": 0.2, "stroke": false}}, {"type": "Feature", "geometry": {"type": "Polygon", "coordinates": [[[144.6419624054546, 10.467985387246344], [144.63816237416228, 10.472717783465004], [144.62506663610412, 10.496536077856328], [144.63236290661303, 10.525086768466313], [144.63816237416228, 10.533418993750049], [144.6441957242715, 10.553637459076295], [144.6622103328648, 10.582188149686278], [144.66908799278076, 10.589551622293094], [144.68688955663708, 10.610738840296262], [144.70001361139924, 10.623668990622496], [144.7188052602208, 10.639289530906247], [144.73093923001775, 10.65731389564902], [144.73878707549488, 10.66784022151623], [144.73745603601807, 10.696390912126214], [144.75748374857878, 10.724941602736198], [144.76186484863624, 10.727613178986392], [144.79279046725472, 10.737698792926238], [144.82371608587323, 10.743013873446351], [144.8546417044917, 10.743057448431095], [144.8855673231102, 10.739782924322915], [144.91649294172868, 10.735164092067949], [144.9474185603472, 10.731471810785768], [144.97834417896567, 10.729561221317267], [145.00926979758418, 10.726947677222897], [145.01742378108514, 10.724941602736198], [145.04019541620266, 10.720827677277267], [145.07112103482115, 10.705125000351163], [145.08201690441126, 10.696390912126214], [145.09817390799643, 10.66784022151623], [145.09150933502542, 10.639289530906247], [145.07112103482115, 10.61692554693312], [145.0644792777776, 10.610738840296262], [145.04019541620266, 10.59172014126501], [145.02031699993205, 10.582188149686278], [145.00926979758418, 10.575268594180098], [144.97834417896567, 10.559519181521772], [144.96311078447425, 10.553637459076295], [144.9474185603472, 10.54533995372909], [144.91649294172868, 10.529168525450354], [144.90902349879718, 10.525086768466313], [144.8855673231102, 10.510538604547978], [144.8584889539827, 10.496536077856327], [144.8546417044917, 10.49412383778983], [144.82371608587323, 10.476138814205685], [144.79847188161202, 10.467985387246344], [144.79279046725472, 10.465318930814012], [144.76186484863624, 10.452428501210925], [144.73093923001775, 10.449245715778442], [144.70001361139924, 10.450630531247832], [144.66908799278076, 10.455878872671171], [144.6419624054546, 10.467985387246344]]]}, "properties": {"fillColor": "#00FF00", "fillOpacity": 0.7, "color": "#000000", "weight": 0.2, "stroke": false}}, {"type": "Feature", "geometry": {"type": "Polygon", "coordinates": [[[129.4227580138646, 10.524173200596172], [129.45368363248312, 10.524821316775638], [129.45454429402207, 10.525086768466313], [129.4846092511016, 10.530096306558391], [129.5155348697201, 10.542038253565257], [129.53748341768767, 10.553637459076295], [129.5464604883386, 10.556665236583921], [129.57738610695708, 10.565551376663255], [129.60831172557556, 10.573031492588985], [129.63923734419407, 10.581700054810513], [129.64114947320672, 10.582188149686278], [129.67016296281255, 10.58738916882299], [129.70108858143104, 10.594607570792224], [129.73201420004955, 10.604663004613627], [129.7472328521102, 10.610738840296264], [129.76293981866803, 10.618514395298178], [129.7938654372865, 10.63539042451876], [129.80046904298217, 10.639289530906247], [129.824791055905, 10.652447777269177], [129.8544887830839, 10.66784022151623], [129.8557166745235, 10.669296725732128], [129.86831524581874, 10.696390912126214], [129.8557166745235, 10.714341942425982], [129.824791055905, 10.716331247317886], [129.80594433974406, 10.724941602736198], [129.7938654372865, 10.729095846534866], [129.76293981866803, 10.74287987224538], [129.7410311350618, 10.75349229334618], [129.73201420004955, 10.758520832962725], [129.70108858143104, 10.774171841084613], [129.67252770610966, 10.782042983956163], [129.67016296281255, 10.782970459050782], [129.63923734419407, 10.79088189635939], [129.60831172557556, 10.794297902654137], [129.57738610695708, 10.79456518172475], [129.5464604883386, 10.791189431130931], [129.5160149370058, 10.782042983956163], [129.5155348697201, 10.781968635606404], [129.4846092511016, 10.77803444580146], [129.45368363248312, 10.772744869287198], [129.4227580138646, 10.767650093417828], [129.39183239524613, 10.768129817213648], [129.36090677662764, 10.768278746877733], [129.32998115800916, 10.762845219796507], [129.31294953686995, 10.75349229334618], [129.29905553939065, 10.745037852124845], [129.2826969074868, 10.724941602736198], [129.27373607707787, 10.696390912126214], [129.272342278027, 10.66784022151623], [129.27707257261358, 10.639289530906247], [129.29245431268149, 10.610738840296262], [129.29905553939065, 10.602782603618458], [129.3137329016904, 10.582188149686278], [129.32998115800916, 10.566040658507859], [129.34688934566333, 10.553637459076295], [129.36090677662764, 10.542745662137307], [129.39183239524613, 10.529282186690404], [129.41958619663242, 10.525086768466313], [129.4227580138646, 10.524173200596172]]]}, "properties": {"fillColor": "#00FF00", "fillOpacity": 0.7, "color": "#000000", "weight": 0.2, "stroke": false}}, {"type": "Feature", "geometry": {"type": "Polygon", "coordinates": [[[129.38456776750007, 10.553637459076295], [129.36090677662764, 10.563742475669592], [129.33855644937466, 10.582188149686278], [129.32998115800916, 10.589905871881927], [129.3112898752978, 10.61073884029626], [129.29905553939065, 10.637629862123696], [129.29800735010187, 10.639289530906247], [129.28967361369916, 10.66784022151623], [129.29379245044078, 10.696390912126214], [129.29905553939065, 10.706118550018585], [129.31103113775293, 10.724941602736198], [129.32998115800916, 10.739745133969944], [129.36090677662764, 10.74866623980465], [129.39183239524613, 10.750415532673248], [129.4227580138646, 10.75105001474286], [129.4421654289924, 10.75349229334618], [129.45368363248312, 10.756634347863105], [129.4846092511016, 10.763863717756902], [129.5155348697201, 10.767401190787975], [129.5464604883386, 10.773321550336213], [129.57738610695708, 10.77589319241941], [129.60831172557556, 10.775339864143268], [129.63923734419407, 10.771706552054544], [129.67016296281255, 10.763517749421707], [129.69157340208804, 10.75349229334618], [129.70108858143104, 10.74876712800623], [129.73201420004955, 10.729833816178981], [129.740369593563, 10.724941602736198], [129.76293981866803, 10.705952708398215], [129.77791853670664, 10.696390912126214], [129.7679276385466, 10.66784022151623], [129.76293981866803, 10.66523935283647], [129.73201420004955, 10.649912052299172], [129.7143711413099, 10.639289530906247], [129.70108858143104, 10.6313500557039], [129.67016296281255, 10.615972749755736], [129.6568718685545, 10.61073884029626], [129.63923734419407, 10.604508885461197], [129.60831172557556, 10.59492961389262], [129.57738610695708, 10.58740290820663], [129.56001601805625, 10.582188149686278], [129.5464604883386, 10.57653202469761], [129.5155348697201, 10.56313782173494], [129.48865216966158, 10.553637459076295], [129.4846092511016, 10.551607802226375], [129.45368363248312, 10.542335995341897], [129.4227580138646, 10.541544468615257], [129.39183239524613, 10.549556532895158], [129.38456776750007, 10.553637459076295]]]}, "properties": {"fillColor": "#00FF00", "fillOpacity": 0.7, "color": "#000000", "weight": 0.2, "stroke": false}}, {"type": "Feature", "geometry": {"type": "Polygon", "coordinates": [[[131.34014636821107, 10.518341069723654], [131.37107198682958, 10.510389460024346], [131.40199760544806, 10.514045936336185], [131.42205761197238, 10.525086768466313], [131.43292322406654, 10.529516797891745], [131.46384884268502, 10.55186517292765], [131.46673182665265, 10.553637459076295], [131.49477446130354, 10.56744302754074], [131.5215357285571, 10.582188149686278], [131.52570007992202, 10.584501586257625], [131.55095381467692, 10.610738840296262], [131.55662569854053, 10.626638488945133], [131.5623234508144, 10.639289530906247], [131.57194495193968, 10.66784022151623], [131.57368090444473, 10.696390912126214], [131.56148738752304, 10.724941602736198], [131.55662569854053, 10.732815145942297], [131.54456669734677, 10.75349229334618], [131.52570007992202, 10.776837714479653], [131.521352362381, 10.782042983956163], [131.49477446130354, 10.809588815029155], [131.49382172845384, 10.81059367456615], [131.46384884268502, 10.838790582696378], [131.46349000162428, 10.839144365176132], [131.43292322406654, 10.8670285281773], [131.43220703620156, 10.867695055786115], [131.40199760544806, 10.893907300561171], [131.39884914080707, 10.896245746396099], [131.37107198682958, 10.916200307983143], [131.35245095519048, 10.924796437006083], [131.34014636821107, 10.93121055325671], [131.30922074959258, 10.941474778292896], [131.2782951309741, 10.946727477363282], [131.2473695123556, 10.949783725791514], [131.2164438937371, 10.952342729859733], [131.2094729883559, 10.953347127616066], [131.18551827511862, 10.959477523883423], [131.15459265650014, 10.973089851469993], [131.13505349704502, 10.98189781822605], [131.12366703788163, 10.98893076110578], [131.09274141926315, 10.998529101060655], [131.06181580064467, 11.002044458876277], [131.03089018202616, 11.002267130532301], [130.99996456340767, 10.997781927339211], [130.9690389447892, 10.982446097331628], [130.96816358532053, 10.98189781822605], [130.94613843866077, 10.953347127616066], [130.94166923953225, 10.924796437006083], [130.9414014747968, 10.896245746396097], [130.94287081704226, 10.867695055786115], [130.94570583055827, 10.839144365176132], [130.95088812005108, 10.81059367456615], [130.96163382469754, 10.782042983956163], [130.9690389447892, 10.770592017111113], [130.9822191571866, 10.75349229334618], [130.99996456340767, 10.737763379073542], [131.01625904496225, 10.724941602736198], [131.03089018202616, 10.713108352230517], [131.04984590470522, 10.696390912126216], [131.06181580064467, 10.685046480584635], [131.08322223895777, 10.66784022151623], [131.09274141926315, 10.661084186315364], [131.12366703788163, 10.649110927052448], [131.15459265650014, 10.646429046584664], [131.18551827511862, 10.644495548685343], [131.20308739978108, 10.639289530906247], [131.2164438937371, 10.633778818531098], [131.24601227336962, 10.610738840296262], [131.2473695123556, 10.6094209208803], [131.26711546435712, 10.582188149686278], [131.2782951309741, 10.56889888171608], [131.29210139753042, 10.553637459076295], [131.30922074959258, 10.536636277978694], [131.32989876167554, 10.525086768466313], [131.34014636821107, 10.518341069723654]]]}, "properties": {"fillColor": "#00FF00", "fillOpacity": 0.7, "color": "#000000", "weight": 0.2, "stroke": false}}, {"type": "Feature", "geometry": {"type": "Polygon", "coordinates": [[[131.32851518374795, 10.553637459076295], [131.30922074959258, 10.565069934421814], [131.29256542904184, 10.582188149686278], [131.2782951309741, 10.597033575286122], [131.26639348627768, 10.610738840296262], [131.2473695123556, 10.631353478218532], [131.23790653464454, 10.639289530906247], [131.2164438937371, 10.653187550561753], [131.18866133198813, 10.66784022151623], [131.18551827511862, 10.66940882975841], [131.15459265650014, 10.678474242423512], [131.12366703788163, 10.687993281085568], [131.10736963934227, 10.696390912126214], [131.09274141926315, 10.703421116276049], [131.06718406046508, 10.724941602736198], [131.06181580064467, 10.729218480738652], [131.0336048544185, 10.75349229334618], [131.03089018202616, 10.755974872351034], [131.00369006207026, 10.782042983956163], [130.99996456340767, 10.787144107357015], [130.98460083541949, 10.81059367456615], [130.97526222920274, 10.839144365176132], [130.97130870012282, 10.867695055786115], [130.9711401678319, 10.896245746396099], [130.9761349568517, 10.924796437006083], [130.99346330473497, 10.953347127616066], [130.99996456340767, 10.958987558265047], [131.03089018202616, 10.971885984628255], [131.06181580064467, 10.973068974471786], [131.09274141926315, 10.967643844773342], [131.12366703788163, 10.955626106210417], [131.12839986644337, 10.953347127616066], [131.15459265650014, 10.943149033811789], [131.18551827511862, 10.93362720092663], [131.2164438937371, 10.930848343044763], [131.2473695123556, 10.928701483046709], [131.2594614062752, 10.924796437006083], [131.2782951309741, 10.92023184349637], [131.30922074959258, 10.912344492596883], [131.34014636821107, 10.899485019109397], [131.3456933872007, 10.896245746396099], [131.37107198682958, 10.881775030573875], [131.3887175578343, 10.867695055786115], [131.40199760544806, 10.855872044203924], [131.42001170624144, 10.839144365176132], [131.43292322406654, 10.824843885906295], [131.44756635521688, 10.81059367456615], [131.46384884268502, 10.791054750295533], [131.4725268338898, 10.782042983956163], [131.49477446130354, 10.756956226952783], [131.49778928791284, 10.75349229334618], [131.5184425546944, 10.7249416027362], [131.52570007992202, 10.699449719818725], [131.52646017561443, 10.696390912126214], [131.52917093528987, 10.66784022151623], [131.52570007992202, 10.651114118805491], [131.5185785264058, 10.639289530906249], [131.49477446130356, 10.624011436453065], [131.47050304054656, 10.610738840296262], [131.46384884268502, 10.607844514127736], [131.44893851624252, 10.582188149686278], [131.43292322406654, 10.565550333268396], [131.4234416398828, 10.553637459076295], [131.40199760544806, 10.539810844101488], [131.37107198682958, 10.53704804275528], [131.34014636821107, 10.545930277735208], [131.32851518374795, 10.553637459076295]]]}, "properties": {"fillColor": "#00FF00", "fillOpacity": 0.7, "color": "#000000", "weight": 0.2, "stroke": false}}, {"type": "Feature", "geometry": {"type": "Polygon", "coordinates": [[[130.16497286070842, 10.665687049972451], [130.19480542992892, 10.66784022151623], [130.1958984793269, 10.667876908510522], [130.22682409794538, 10.672441191600612], [130.2577497165639, 10.681755766425592], [130.27958546711773, 10.696390912126214], [130.28867533518238, 10.703432747192446], [130.31004446285618, 10.724941602736198], [130.31960095380083, 10.743587403816306], [130.3262895857101, 10.75349229334618], [130.33310936791042, 10.782042983956163], [130.32419849973374, 10.81059367456615], [130.31960095380086, 10.815905474911723], [130.28867533518238, 10.83778429398159], [130.2842097271564, 10.839144365176132], [130.2577497165639, 10.8480682458707], [130.22682409794538, 10.852070531814727], [130.1958984793269, 10.851492939139249], [130.16497286070842, 10.846014317480662], [130.14894546118362, 10.839144365176132], [130.13404724208993, 10.836041347448681], [130.10312162347142, 10.824180462831357], [130.07514264596588, 10.81059367456615], [130.07219600485294, 10.809515321475832], [130.04127038623446, 10.797742653326255], [130.01577956805008, 10.782042983956163], [130.01034476761595, 10.773297093458226], [129.99927649700294, 10.75349229334618], [130.00873359637689, 10.724941602736196], [130.01034476761595, 10.723376901071475], [130.04127038623446, 10.702348457266385], [130.06083747995953, 10.696390912126212], [130.07219600485294, 10.692727436872612], [130.10312162347142, 10.68363147051663], [130.13404724208993, 10.671926947391906], [130.1590028986509, 10.66784022151623], [130.16497286070842, 10.665687049972451]]]}, "properties": {"fillColor": "#00FF00", "fillOpacity": 0.7, "color": "#000000", "weight": 0.2, "stroke": false}}, {"type": "Feature", "geometry": {"type": "Polygon", "coordinates": [[[130.11693871703304, 10.696390912126214], [130.10312162347142, 10.703392470534194], [130.07219600485294, 10.717796655953343], [130.05833690490817, 10.724941602736198], [130.0418175890188, 10.75349229334618], [130.05739110643472, 10.782042983956163], [130.07219600485294, 10.791234210909515], [130.1031216234714, 10.805220164417673], [130.11304538029393, 10.81059367456615], [130.13404724208993, 10.822862695386478], [130.16497286070842, 10.831126974762167], [130.1958984793269, 10.834048983711474], [130.22682409794538, 10.832814351651487], [130.25774971656386, 10.826330640405171], [130.28757450031122, 10.810593674566148], [130.28867533518238, 10.809332253817137], [130.30479848128198, 10.782042983956163], [130.30013637079875, 10.75349229334618], [130.28867533518238, 10.736903760435602], [130.28064067025292, 10.724941602736198], [130.2577497165639, 10.705705372871758], [130.23681764683909, 10.696390912126214], [130.22682409794538, 10.69180015168077], [130.1958984793269, 10.682620253241929], [130.16497286070842, 10.67889852686481], [130.13404724208993, 10.686321928490614], [130.11693871703304, 10.696390912126214]]]}, "properties": {"fillColor": "#00FF00", "fillOpacity": 0.7, "color": "#000000", "weight": 0.2, "stroke": false}}, {"type": "Feature", "geometry": {"type": "Polygon", "coordinates": [[[145.13297227205814, 10.810288516180929], [145.1638978906766, 10.801053903842236], [145.1948235092951, 10.794432294545146], [145.2078260725451, 10.81059367456615], [145.21746845443738, 10.839144365176132], [145.22574912791362, 10.854512430627405], [145.230418893978, 10.867695055786113], [145.2466025054887, 10.896245746396099], [145.2566747465321, 10.907173522792707], [145.2749531354499, 10.924796437006083], [145.28760036515058, 10.940207761576303], [145.2976044124687, 10.953347127616066], [145.3178309438656, 10.98189781822605], [145.31852598376906, 10.982268971552541], [145.34945160238757, 10.983550492363461], [145.35594608180696, 10.98189781822605], [145.38037722100606, 10.970901363953658], [145.41130283962457, 10.956082534602558], [145.41765333993777, 10.953347127616066], [145.44222845824305, 10.936034792905938], [145.46786561918475, 10.924796437006083], [145.47315407686153, 10.921171288452186], [145.50407969548002, 10.905535192037846], [145.53500531409853, 10.900266939032033], [145.565930932717, 10.902873885187777], [145.5968565513355, 10.918192652147903], [145.60491227753334, 10.924796437006083], [145.627782169954, 10.944210974990572], [145.6370339264464, 10.953347127616066], [145.65870778857249, 10.979069379583352], [145.66132608915566, 10.98189781822605], [145.68395750624794, 11.010448508836035], [145.68963340719097, 11.020631993510285], [145.70349446857682, 11.038999199446017], [145.72055902580945, 11.0618710490115], [145.72655644459292, 11.067549890056], [145.75148464442796, 11.089309324532202], [145.7593041143398, 11.096100580665983], [145.77829133813844, 11.124651271275969], [145.78241026304644, 11.143710958862128], [145.78475902708777, 11.153201961885951], [145.7864742834477, 11.181752652495936], [145.78241026304644, 11.20371952024773], [145.78178825105994, 11.21030334310592], [145.77794509763717, 11.238854033715903], [145.77940890886066, 11.267404724325885], [145.78241026304647, 11.283691569028775], [145.78722354227273, 11.295955414935872], [145.7901088528685, 11.324506105545854], [145.78241026304644, 11.339622761932013], [145.77593048244597, 11.353056796155837], [145.75148464442796, 11.371946873145792], [145.72280799899008, 11.381607486765821], [145.72055902580945, 11.382423770659576], [145.68963340719097, 11.389018939365231], [145.65870778857249, 11.391595675323217], [145.627782169954, 11.392413133691374], [145.5968565513355, 11.395064048300737], [145.565930932717, 11.402725544857207], [145.54682547956912, 11.410158177375806], [145.5394465714265, 11.438708867985788], [145.55888942335238, 11.46725955859577], [145.565930932717, 11.480855780041995], [145.57114350503915, 11.495810249205757], [145.56935700325332, 11.52436093981574], [145.56593093271704, 11.531768575668995], [145.55972731575417, 11.552911630425722], [145.55197967979703, 11.581462321035707], [145.53728126944188, 11.610013011645691], [145.5350053140985, 11.612954372041353], [145.52037791620012, 11.638563702255674], [145.50407969548002, 11.655738733126068], [145.48238234191737, 11.667114392865656], [145.47315407686153, 11.67183678947128], [145.44222845824305, 11.675593966696844], [145.417274439329, 11.667114392865658], [145.41130283962457, 11.666117226726167], [145.38037722100603, 11.652058015681575], [145.36458570649617, 11.638563702255674], [145.34945160238757, 11.627283706585931], [145.3294217265127, 11.610013011645691], [145.31852598376906, 11.602323039852477], [145.2895609013199, 11.581462321035707], [145.28760036515058, 11.580436814000546], [145.2566747465321, 11.568643923779893], [145.22916604816174, 11.552911630425722], [145.22574912791362, 11.551656928691314], [145.1948235092951, 11.539739226960265], [145.17126413430594, 11.52436093981574], [145.16389789067662, 11.520840630806394], [145.13297227205814, 11.503562821502026], [145.12042208798022, 11.495810249205757], [145.10204665343963, 11.486436941818752], [145.07112103482115, 11.4752440902213], [145.04019541620266, 11.470364682774296], [145.00926979758418, 11.473227600230018], [144.97834417896567, 11.475983834795219], [144.9474185603472, 11.474419855895455], [144.91649294172868, 11.470315263264592], [144.89051731068838, 11.467259558595773], [144.8855673231102, 11.46662739868414], [144.8546417044917, 11.463310140615333], [144.82371608587323, 11.454944327503714], [144.80222375620082, 11.438708867985788], [144.79529868636746, 11.410158177375806], [144.80615299775494, 11.381607486765821], [144.82371608587323, 11.362452916749854], [144.83603930582288, 11.353056796155837], [144.8546417044917, 11.34170893511596], [144.8855673231102, 11.329665478957615], [144.90366568576496, 11.324506105545854], [144.91649294172868, 11.316600092717067], [144.94251485782488, 11.295955414935872], [144.91649294172868, 11.27068685366136], [144.91390004902087, 11.267404724325885], [144.8855673231102, 11.2509784401994], [144.86806443915052, 11.238854033715903], [144.8546417044917, 11.230234985121015], [144.82516248857073, 11.21030334310592], [144.82371608587323, 11.208931999967858], [144.794099244695, 11.181752652495936], [144.79279046725472, 11.179712722431143], [144.7738911461181, 11.153201961885951], [144.76186484863624, 11.132316839961668], [144.75691420786467, 11.124651271275969], [144.7369829140114, 11.096100580665984], [144.73093923001775, 11.085941975042319], [144.71985256261277, 11.067549890056], [144.71895632512297, 11.038999199446017], [144.73093923001775, 11.011803706106654], [144.73169884509352, 11.010448508836035], [144.76186484863624, 10.98473653544026], [144.79279046725472, 10.990641827718042], [144.82371608587323, 11.00270316843717], [144.83801153408643, 11.010448508836035], [144.8546417044917, 11.021348242462011], [144.8855673231102, 11.03880644119949], [144.88640008411411, 11.038999199446017], [144.91649294172868, 11.045793346518469], [144.93119410523911, 11.038999199446017], [144.9474185603472, 11.031548725587964], [144.96165391199185, 11.010448508836035], [144.97594400722804, 10.98189781822605], [144.97834417896567, 10.975781235433372], [144.98263539109314, 10.953347127616066], [144.99120568409643, 10.924796437006083], [145.00926979758418, 10.902163454861544], [145.01366306082292, 10.896245746396099], [145.04019541620266, 10.869902905003832], [145.04458716006206, 10.867695055786115], [145.07112103482115, 10.839154554794467], [145.07114272359829, 10.839144365176132], [145.10204665343963, 10.821096710386307], [145.13221725268036, 10.81059367456615], [145.13297227205814, 10.810288516180929]]]}, "properties": {"fillColor": "#00FF00", "fillOpacity": 0.7, "color": "#000000", "weight": 0.2, "stroke": false}}, {"type": "Feature", "geometry": {"type": "Polygon", "coordinates": [[[145.1100229104172, 10.867695055786116], [145.10204665343963, 10.869055324388542], [145.07112103482115, 10.875661660269495], [145.04019541620266, 10.895426687152048], [145.0393704645349, 10.896245746396099], [145.01716025021517, 10.924796437006083], [145.00926979758418, 10.950580401889539], [145.00831529329918, 10.953347127616066], [145.00647084589974, 10.98189781822605], [145.0059097695134, 11.010448508836035], [144.99971523349745, 11.038999199446017], [144.99034885673308, 11.067549890056], [144.97834417896567, 11.088142991734273], [144.9713649647294, 11.096100580665984], [144.9474185603472, 11.117323000960116], [144.93592507323743, 11.124651271275969], [144.91649294172868, 11.1429572749185], [144.9069340517433, 11.153201961885951], [144.90867945212705, 11.181752652495934], [144.91649294172868, 11.190316719166068], [144.93270298059173, 11.21030334310592], [144.9474185603472, 11.220578024534994], [144.97555266692345, 11.238854033715903], [144.97834417896567, 11.24046506876159], [145.00926979758418, 11.256825438127422], [145.03334073188242, 11.267404724325885], [145.04019541620266, 11.271255442033103], [145.07112103482115, 11.284397278389951], [145.10204665343963, 11.292638914784245], [145.11393332374064, 11.295955414935872], [145.13297227205814, 11.305369020343404], [145.15200210805833, 11.324506105545854], [145.13297227205814, 11.3479147439435], [145.10204665343963, 11.352287912168538], [145.07112103482115, 11.34777393430637], [145.04019541620266, 11.350594578703236], [145.03195329154767, 11.353056796155837], [145.00926979758418, 11.35930839416943], [144.97834417896567, 11.37217091291236], [144.9562622162865, 11.381607486765821], [144.9474185603472, 11.399556770103759], [144.9412997963168, 11.410158177375806], [144.9474185603472, 11.413244106656332], [144.9783441789657, 11.427560879064888], [145.00926979758418, 11.43573838148744], [145.02247808632313, 11.438708867985788], [145.04019541620266, 11.441046769895012], [145.07112103482115, 11.450309701929182], [145.10204665343963, 11.464048776946054], [145.10613453022617, 11.467259558595773], [145.13297227205814, 11.485777126075082], [145.15009992882347, 11.495810249205757], [145.16389789067662, 11.505120493317508], [145.19482350929513, 11.521578737640422], [145.20117978111486, 11.52436093981574], [145.22574912791362, 11.538639885782258], [145.2566747465321, 11.550867119068393], [145.26138605219668, 11.552911630425722], [145.28760036515058, 11.568183513974123], [145.31298642359505, 11.581462321035707], [145.31852598376906, 11.585451924979058], [145.34945160238757, 11.608400842907468], [145.35159767385318, 11.610013011645691], [145.38037722100606, 11.633857849358476], [145.3895325206405, 11.638563702255674], [145.41130283962457, 11.652476965498483], [145.44222845824305, 11.658582341530478], [145.47315407686153, 11.653154109395482], [145.49300672141993, 11.638563702255674], [145.50407969548002, 11.62931650833277], [145.52029651418243, 11.610013011645691], [145.52729392405647, 11.581462321035707], [145.5258946071496, 11.55291163042572], [145.51795526774345, 11.52436093981574], [145.50407969548002, 11.50251898707474], [145.498917444224, 11.495810249205757], [145.47658133581535, 11.467259558595773], [145.47315407686153, 11.459782362334595], [145.46720354805018, 11.438708867985788], [145.4712839341348, 11.410158177375806], [145.47315407686153, 11.407391426636204], [145.49916061733904, 11.38160748676582], [145.50407969548002, 11.37873675191358], [145.53500531409853, 11.367719146943555], [145.565930932717, 11.362010838854346], [145.5968565513355, 11.360499803864451], [145.627782169954, 11.362403911298898], [145.65870778857249, 11.364693422657947], [145.68963340719097, 11.362925901056613], [145.72055902580945, 11.35386366222744], [145.7220590273182, 11.353056796155837], [145.75148464442796, 11.325979619615719], [145.75253336844906, 11.324506105545854], [145.7564737093206, 11.295955414935872], [145.75230287072955, 11.267404724325885], [145.75210341118142, 11.238854033715903], [145.75700463177515, 11.21030334310592], [145.75725196258668, 11.181752652495936], [145.751484644428, 11.159844445181553], [145.74922668539526, 11.15320196188595], [145.72998568631513, 11.124651271275969], [145.72055902580945, 11.11525271809742], [145.69787702146397, 11.096100580665984], [145.68963340719097, 11.087140442942893], [145.67713251660322, 11.067549890056], [145.66322942287601, 11.038999199446017], [145.65870778857249, 11.031591630995916], [145.64784946780034, 11.010448508836035], [145.627782169954, 10.983208700283567], [145.62702338888903, 10.98189781822605], [145.6019326854076, 10.953347127616066], [145.5968565513355, 10.948860643647494], [145.565930932717, 10.93076020812346], [145.53500531409853, 10.92738991795839], [145.50407969548002, 10.931274509110857], [145.47315407686153, 10.942497174243181], [145.45618435890177, 10.953347127616066], [145.44222845824305, 10.958949693010126], [145.41130283962457, 10.975987703410004], [145.40229169894553, 10.98189781822605], [145.38037722100606, 10.99212220161622], [145.34945160238757, 11.00592001211054], [145.3347356705645, 11.010448508836035], [145.31852598376906, 11.014607031901377], [145.28760036515058, 11.010574714021859], [145.28735343374757, 11.010448508836035], [145.2638069747585, 10.98189781822605], [145.2566747465321, 10.971461478490248], [145.24260646369055, 10.953347127616066], [145.22574912791362, 10.936128581734094], [145.21798841491264, 10.924796437006083], [145.19583508056735, 10.896245746396099], [145.1948235092951, 10.894749486740247], [145.16634207251926, 10.867695055786115], [145.16389789067662, 10.86613610176983], [145.13297227205814, 10.860324402131575], [145.1100229104172, 10.867695055786116]]]}, "properties": {"fillColor": "#00FF00", "fillOpacity": 0.7, "color": "#000000", "weight": 0.2, "stroke": false}}, {"type": "Feature", "geometry": {"type": "Polygon", "coordinates": [[[144.29798056935886, 10.838478543636015], [144.32890618797737, 10.837266490430641], [144.35161988237178, 10.839144365176132], [144.35983180659585, 10.839570431895746], [144.39075742521436, 10.84830883697787], [144.41046877429673, 10.867695055786115], [144.42168304383284, 10.888161203628146], [144.42567949344422, 10.896245746396099], [144.42168304383284, 10.912864371852738], [144.41949816970376, 10.924796437006083], [144.40495650577793, 10.953347127616066], [144.4028000004683, 10.98189781822605], [144.42168304383284, 10.992460054363274], [144.45260866245133, 11.004274870057962], [144.46814534097473, 11.010448508836035], [144.4835342810698, 11.016625912456934], [144.5144598996883, 11.02990682790634], [144.5350580635068, 11.038999199446017], [144.5453855183068, 11.045398952510329], [144.57631113692528, 11.062631500251092], [144.5852907692331, 11.067549890056], [144.59116755627605, 11.096100580665984], [144.57631113692528, 11.107887168853743], [144.5567611797199, 11.124651271275969], [144.54538551830683, 11.130733803657531], [144.5144598996883, 11.141962212538438], [144.4835342810698, 11.146076182040913], [144.45260866245133, 11.145117208230053], [144.42168304383284, 11.141093155309083], [144.39075742521436, 11.134321095334183], [144.363352919099, 11.124651271275969], [144.35983180659585, 11.123152912359208], [144.3289061879774, 11.104509093900973], [144.31937027086315, 11.096100580665983], [144.30219915914222, 11.067549890056], [144.30023155815954, 11.038999199446017], [144.29798056935886, 11.03435877363091], [144.26705495074037, 11.018410022804195], [144.2361293321219, 11.020586497831145], [144.2052037135034, 11.025238580348788], [144.1742780948849, 11.031394594880709], [144.14335247626641, 11.03898816276472], [144.1433166918528, 11.038999199446017], [144.11242685764793, 11.049997828334497], [144.08150123902942, 11.061270496852813], [144.06087927578295, 11.067549890056], [144.05057562041094, 11.071358641581526], [144.01965000179246, 11.079567250249115], [143.98872438317397, 11.081479821903017], [143.95779876455546, 11.080357253034567], [143.92687314593698, 11.078432541006396], [143.89594752731847, 11.07211614828526], [143.88551446620568, 11.067549890056], [143.8650219087, 11.05946680742181], [143.83601395779934, 11.038999199446017], [143.8340962900815, 11.037607034784063], [143.803170671463, 11.010631904701844], [143.80299756631348, 11.010448508836035], [143.78600563507635, 10.98189781822605], [143.78783782152829, 10.953347127616066], [143.80317067146302, 10.932146335159956], [143.81703957673915, 10.924796437006083], [143.8340962900815, 10.917593201478319], [143.8650219087, 10.912562119196359], [143.89594752731847, 10.909455327080247], [143.92687314593698, 10.906763996250882], [143.95779876455546, 10.902766000818229], [143.98872438317397, 10.898885323222645], [144.01300788445735, 10.896245746396099], [144.01965000179246, 10.895329496712915], [144.05057562041094, 10.890472442618531], [144.08150123902942, 10.885088863096193], [144.11242685764793, 10.877482959601188], [144.14335247626641, 10.867998880429779], [144.1442573481667, 10.867695055786115], [144.1742780948849, 10.857193734994347], [144.2052037135034, 10.849119732988665], [144.2361293321219, 10.843622490732592], [144.26705495074037, 10.84033280249553], [144.28834148066431, 10.839144365176132], [144.29798056935886, 10.838478543636015]]]}, "properties": {"fillColor": "#00FF00", "fillOpacity": 0.7, "color": "#000000", "weight": 0.2, "stroke": false}}, {"type": "Feature", "geometry": {"type": "Polygon", "coordinates": [[[144.21110653449992, 10.8962457463961], [144.2052037135034, 10.897480529681973], [144.1742780948849, 10.904018130854695], [144.14335247626644, 10.909413347717043], [144.11242685764793, 10.913448958542688], [144.08150123902942, 10.91768379031258], [144.05057562041094, 10.922172297570885], [144.03399931049148, 10.924796437006083], [144.01965000179246, 10.928563208026254], [143.98872438317397, 10.93507204782005], [143.95779876455546, 10.94278658184417], [143.92687314593698, 10.948808036324388], [143.9000956914794, 10.953347127616066], [143.89594752731844, 10.954046242086676], [143.8650219087, 10.956472549124696], [143.8340962900815, 10.97066751522096], [143.82769773785793, 10.981897818226049], [143.8340962900815, 10.991716676576779], [143.84723100102198, 11.010448508836035], [143.8650219087, 11.023911404751178], [143.88893163361158, 11.038999199446017], [143.89594752731847, 11.042748217451114], [143.92687314593698, 11.049524085627672], [143.95779876455546, 11.048630560379324], [143.98872438317397, 11.04495047719957], [144.01061592365204, 11.038999199446017], [144.01965000179246, 11.032500784670244], [144.047098930895, 11.010448508836035], [144.05057562041094, 11.00763083210743], [144.08150123902942, 10.99408031976182], [144.11242685764793, 10.985056901237757], [144.12642281502292, 10.98189781822605], [144.14335247626641, 10.97965936384412], [144.1742780948849, 10.977048603609513], [144.2052037135034, 10.975438196510636], [144.2361293321219, 10.974358470863423], [144.26705495074037, 10.974341661028953], [144.29798056935886, 10.973496091230764], [144.32890618797737, 10.969368757450493], [144.35969400811524, 10.953347127616066], [144.35983180659585, 10.953261645683485], [144.38630059677445, 10.924796437006083], [144.39075742521436, 10.906423138360335], [144.39312268276814, 10.896245746396099], [144.39075742521436, 10.893030524754789], [144.35983180659585, 10.877231407145858], [144.32890618797737, 10.877531467625202], [144.29798056935886, 10.879159964116221], [144.26705495074037, 10.883083961241706], [144.2361293321219, 10.888849591537411], [144.21110653449992, 10.8962457463961]]]}, "properties": {"fillColor": "#00FF00", "fillOpacity": 0.7, "color": "#000000", "weight": 0.2, "stroke": false}}, {"type": "Feature", "geometry": {"type": "Polygon", "coordinates": [[[146.2772201609423, 10.895315299637467], [146.3081457795608, 10.889406965415326], [146.31870549798015, 10.896245746396099], [146.33721819103238, 10.924796437006083], [146.33907139817927, 10.93719546775987], [146.34072361400666, 10.953347127616066], [146.34282153023545, 10.98189781822605], [146.3490202289724, 11.010448508836035], [146.3630732339982, 11.038999199446017], [146.36999701679778, 11.047089525791833], [146.3854385911074, 11.067549890056], [146.40092263541624, 11.082348169104868], [146.41376695130657, 11.096100580665984], [146.43184825403478, 11.111673813026535], [146.44537613112038, 11.124651271275969], [146.46277387265326, 11.139763758279521], [146.47683973556286, 11.153201961885951], [146.49369949127174, 11.170470170189521], [146.5040868995842, 11.181752652495936], [146.52221834475262, 11.21030334310592], [146.52462510989022, 11.218182095989173], [146.5324058808797, 11.238854033715903], [146.5319114818752, 11.267404724325885], [146.52462510989022, 11.282839064662632], [146.51830737893874, 11.295955414935872], [146.49369949127174, 11.317239427447372], [146.47726463494604, 11.324506105545854], [146.46277387265326, 11.330506174559453], [146.43184825403478, 11.33597500276247], [146.40092263541624, 11.33691688012578], [146.36999701679778, 11.335383305366143], [146.33907139817927, 11.33119260199758], [146.3081457795608, 11.324815362080638], [146.30666035479513, 11.324506105545854], [146.2772201609423, 11.321643858392726], [146.24629454232382, 11.318637072560584], [146.2153689237053, 11.315905441839034], [146.18444330508683, 11.313209529318144], [146.15351768646835, 11.309655088179417], [146.12259206784984, 11.302617885432344], [146.10774550382266, 11.295955414935872], [146.09166644923135, 11.289885972704223], [146.0618431783411, 11.267404724325885], [146.06074083061287, 11.266514763799561], [146.03323714129024, 11.238854033715903], [146.0298152119944, 11.235152304314477], [146.00503119171202, 11.21030334310592], [145.99888959337588, 11.20481531579656], [145.97573964840592, 11.181752652495936], [145.9679639747574, 11.17175177778975], [145.9510257490914, 11.153201961885951], [145.93703835613888, 11.136619691272834], [145.92319017259462, 11.124651271275969], [145.9061127375204, 11.099656193696966], [145.90261354281583, 11.096100580665986], [145.90546787014927, 11.067549890055998], [145.9061127375204, 11.066861345267029], [145.92627761409955, 11.038999199446017], [145.93703835613888, 11.02923567823461], [145.9605849393215, 11.010448508836035], [145.9679639747574, 11.004467531368359], [145.99888959337588, 10.986958869580564], [146.01220994671732, 10.98189781822605], [146.0298152119944, 10.97363306020789], [146.06074083061287, 10.965135506129634], [146.09166644923135, 10.962664453371806], [146.12259206784984, 10.963965256338287], [146.15351768646835, 10.966160862454771], [146.18444330508683, 10.965756488258567], [146.2153689237053, 10.956965989286184], [146.22255918182873, 10.953347127616066], [146.24629454232382, 10.927765562900902], [146.24911097184324, 10.924796437006083], [146.2761064455043, 10.896245746396099], [146.2772201609423, 10.895315299637467]]]}, "properties": {"fillColor": "#00FF00", "fillOpacity": 0.7, "color": "#000000", "weight": 0.2, "stroke": false}}, {"type": "Feature", "geometry": {"type": "Polygon", "coordinates": [[[146.0273081206007, 11.010448508836035], [145.99888959337588, 11.022360966636384], [145.97400275049418, 11.038999199446017], [145.9679639747574, 11.044904422384747], [145.94931585114387, 11.067549890056], [145.946650696068, 11.096100580665984], [145.96226369540852, 11.124651271275969], [145.9679639747574, 11.130972665237147], [145.9830481149452, 11.153201961885951], [145.99888959337588, 11.171231001329957], [146.0080826537982, 11.181752652495936], [146.0298152119944, 11.20142706176789], [146.03958190866996, 11.21030334310592], [146.06074083061287, 11.231864231462438], [146.0673379387305, 11.238854033715903], [146.09166644923135, 11.259823977800881], [146.10719383361064, 11.267404724325885], [146.12259206784984, 11.276110695382632], [146.15351768646835, 11.285424772981049], [146.18444330508683, 11.289814273449423], [146.2153689237053, 11.293040192026757], [146.24333527037956, 11.295955414935872], [146.24629454232382, 11.296477837267979], [146.2772201609423, 11.302698184709504], [146.3081457795608, 11.307967475567317], [146.33907139817927, 11.311617789368281], [146.36999701679778, 11.313856680203294], [146.40092263541626, 11.313947258386559], [146.43184825403478, 11.310333178875876], [146.46277387265326, 11.29955749174699], [146.46874293079483, 11.295955414935872], [146.49350657169944, 11.267404724325885], [146.49369949127174, 11.264979945626363], [146.49592425870642, 11.238854033715903], [146.49369949127174, 11.233636627280113], [146.48476850280014, 11.21030334310592], [146.46277387265326, 11.183815346660056], [146.4610281508557, 11.181752652495936], [146.43184825403478, 11.154879162436295], [146.4299293799047, 11.153201961885951], [146.40092263541626, 11.129123393382653], [146.3948672779592, 11.124651271275969], [146.36999701679778, 11.104450585830813], [146.35773729638953, 11.096100580665984], [146.33907139817927, 11.080380266366259], [146.32078319924972, 11.067549890056], [146.3081457795608, 11.056020752009745], [146.2850351751076, 11.038999199446017], [146.2772201609423, 11.032467809572186], [146.24629454232382, 11.016033408597174], [146.23225793796956, 11.010448508836035], [146.2153689237053, 11.004034960786301], [146.18444330508683, 10.996941490704124], [146.15351768646835, 10.993492346980844], [146.12259206784984, 10.99251767598157], [146.09166644923135, 10.994083937377834], [146.06074083061287, 10.9990574447147], [146.0298152119944, 11.00926501056783], [146.0273081206007, 11.010448508836035]]]}, "properties": {"fillColor": "#00FF00", "fillOpacity": 0.7, "color": "#000000", "weight": 0.2, "stroke": false}}, {"type": "Feature", "geometry": {"type": "Polygon", "coordinates": [[[129.57738610695708, 10.999416251667327], [129.60831172557556, 10.995656946846722], [129.63923734419407, 11.002589290469793], [129.6501162626665, 11.010448508836035], [129.6699905779764, 11.038999199446017], [129.67016296281255, 11.040928030693621], [129.67523633737255, 11.067549890056], [129.67016296281255, 11.079623339297022], [129.6664366920433, 11.096100580665984], [129.63923734419407, 11.124124990178139], [129.6385630316382, 11.124651271275969], [129.60831172557556, 11.144912025944809], [129.57738610695708, 11.153197104355364], [129.5464604883386, 11.152928086204724], [129.5155348697201, 11.1485825652215], [129.4846092511016, 11.129240829436908], [129.4806477047205, 11.124651271275969], [129.4731089256452, 11.096100580665986], [129.48234812026627, 11.067549890056], [129.4846092511016, 11.064565673466054], [129.50068630166933, 11.038999199446017], [129.5155348697201, 11.026331524744121], [129.5464604883386, 11.011347348674418], [129.5499531810846, 11.010448508836035], [129.57738610695708, 10.999416251667327]]]}, "properties": {"fillColor": "#00FF00", "fillOpacity": 0.7, "color": "#000000", "weight": 0.2, "stroke": false}}, {"type": "Feature", "geometry": {"type": "Polygon", "coordinates": [[[129.52747742840023, 11.038999199446017], [129.5155348697201, 11.051732278959703], [129.50262049480529, 11.067549890056], [129.49726093336633, 11.096100580665984], [129.5155348697201, 11.124291742268406], [129.51589591095134, 11.124651271275969], [129.5464604883386, 11.138960044843156], [129.57738610695708, 11.143096023955723], [129.60831172557556, 11.130058515476312], [129.6163852747564, 11.124651271275969], [129.63923734419407, 11.106815903854084], [129.64963719945538, 11.096100580665984], [129.66067353988257, 11.067549890056], [129.65535135216467, 11.038999199446017], [129.63923734419407, 11.021704015729801], [129.60831172557556, 11.01293193969825], [129.57738610695708, 11.015761047041565], [129.5464604883386, 11.02617736792135], [129.52747742840023, 11.038999199446017]]]}, "properties": {"fillColor": "#00FF00", "fillOpacity": 0.7, "color": "#000000", "weight": 0.2, "stroke": false}}, {"type": "Feature", "geometry": {"type": "Polygon", "coordinates": [[[145.1948235092951, 11.090446148821002], [145.22574912791362, 11.08655213681072], [145.2566747465321, 11.095715547303442], [145.2571269949301, 11.096100580665984], [145.28303305650215, 11.124651271275969], [145.2566747465321, 11.14021035654072], [145.22574912791362, 11.133400886327987], [145.20200843267958, 11.124651271275969], [145.1948235092951, 11.110674824945693], [145.18680975592673, 11.096100580665983], [145.1948235092951, 11.090446148821002]]]}, "properties": {"fillColor": "#00FF00", "fillOpacity": 0.7, "color": "#000000", "weight": 0.2, "stroke": false}}, {"type": "Feature", "geometry": {"type": "Polygon", "coordinates": [[[129.73201420004955, 11.17780660837799], [129.76293981866803, 11.161324289044806], [129.7938654372865, 11.166040857460988], [129.824791055905, 11.17468195501505], [129.8557166745235, 11.176761271109907], [129.886642293142, 11.175023813165694], [129.91756791176047, 11.176872280429333], [129.93290481140758, 11.181752652495936], [129.94849353037898, 11.188451913509535], [129.97011077818647, 11.21030334310592], [129.96678051403683, 11.238854033715903], [129.94849353037898, 11.258369908755196], [129.9370467988322, 11.267404724325885], [129.91756791176047, 11.280955618324843], [129.89228313966137, 11.295955414935872], [129.886642293142, 11.299396393968143], [129.8557166745235, 11.317461267004878], [129.84430309111076, 11.324506105545854], [129.824791055905, 11.336844120059716], [129.79970822098875, 11.353056796155837], [129.7938654372865, 11.357232471756717], [129.76293981866803, 11.378996664522898], [129.75922615585222, 11.381607486765821], [129.73201420004955, 11.402075670424914], [129.7207819560354, 11.410158177375806], [129.70108858143104, 11.425701641369997], [129.6830719909725, 11.438708867985788], [129.67016296281255, 11.448148329145619], [129.63923734419407, 11.462790373476453], [129.60994463558384, 11.467259558595773], [129.60831172557556, 11.467642877266206], [129.60483881492223, 11.467259558595773], [129.57738610695708, 11.465381671911633], [129.5464604883386, 11.452353400559764], [129.53198227790065, 11.438708867985788], [129.51749300538805, 11.410158177375806], [129.5155348697201, 11.39698333411005], [129.51215639089415, 11.381607486765821], [129.5155348697201, 11.354991374978818], [129.51568702807555, 11.353056796155837], [129.52508225335532, 11.324506105545854], [129.5464604883386, 11.298602920616196], [129.54916798935395, 11.295955414935872], [129.57738610695708, 11.27437662413794], [129.59388938430988, 11.267404724325885], [129.60831172557556, 11.259825690711963], [129.63923734419407, 11.247129690066437], [129.6631038623772, 11.238854033715903], [129.67016296281255, 11.234954695014414], [129.70108858143104, 11.21160776774248], [129.70255566212776, 11.21030334310592], [129.72817349712966, 11.181752652495938], [129.73201420004955, 11.17780660837799]]]}, "properties": {"fillColor": "#00FF00", "fillOpacity": 0.7, "color": "#000000", "weight": 0.2, "stroke": false}}, {"type": "Feature", "geometry": {"type": "Polygon", "coordinates": [[[129.84073758354617, 11.21030334310592], [129.824791055905, 11.21313420453119], [129.7938654372865, 11.214581047876402], [129.76293981866803, 11.212575696212026], [129.73201420004955, 11.225588264788524], [129.71707860727133, 11.238854033715903], [129.70108858143104, 11.247201787182279], [129.67016296281255, 11.261415875296354], [129.65639986989174, 11.267404724325885], [129.63923734419407, 11.272458262945088], [129.60831172557556, 11.284893842732036], [129.58921103754852, 11.295955414935872], [129.57738610695708, 11.303054480544567], [129.55489166998203, 11.324506105545854], [129.5464604883386, 11.34158448353876], [129.54049705320205, 11.353056796155837], [129.53660339494292, 11.381607486765821], [129.54457680522475, 11.410158177375806], [129.5464604883386, 11.412859290084262], [129.57530640570047, 11.438708867985788], [129.57738610695708, 11.439930212774186], [129.60831172557556, 11.445367292733998], [129.63166090344896, 11.438708867985788], [129.63923734419407, 11.436801959844987], [129.67016296281255, 11.417404527179555], [129.67938554403557, 11.410158177375806], [129.70108858143104, 11.391401115086769], [129.71405395262866, 11.381607486765821], [129.73201420004955, 11.368535764837462], [129.75304186081075, 11.353056796155837], [129.76293981866803, 11.345162421709933], [129.79002576384934, 11.324506105545852], [129.7938654372865, 11.320921463213086], [129.824791055905, 11.29770878654546], [129.82752339510688, 11.295955414935872], [129.8557166745235, 11.27630411135381], [129.86987111365667, 11.267404724325885], [129.886642293142, 11.258806201292419], [129.91756791176047, 11.24017348788074], [129.91915086948518, 11.238854033715903], [129.91756791176047, 11.223393406815227], [129.91355124621845, 11.21030334310592], [129.886642293142, 11.204726626751668], [129.8557166745235, 11.208062876626078], [129.84073758354617, 11.21030334310592]]]}, "properties": {"fillColor": "#00FF00", "fillOpacity": 0.7, "color": "#000000", "weight": 0.2, "stroke": false}}, {"type": "Feature", "geometry": {"type": "Polygon", "coordinates": [[[140.09209643724404, 11.42998272293632], [140.12302205586258, 11.417404280101344], [140.15394767448106, 11.417768281508732], [140.18487329309954, 11.430184833080236], [140.19529610258482, 11.438708867985788], [140.21579891171803, 11.45842977982411], [140.22356523162262, 11.467259558595773], [140.2432594626298, 11.495810249205757], [140.24672453033654, 11.502527231770673], [140.26347693252893, 11.52436093981574], [140.27765014895502, 11.547516092257334], [140.28423940443798, 11.552911630425724], [140.3085757675735, 11.574628775471801], [140.3189656432042, 11.581462321035707], [140.339501386192, 11.6026714736431], [140.34391283458572, 11.610013011645691], [140.34926814319638, 11.638563702255674], [140.3459314014084, 11.667114392865658], [140.339501386192, 11.681578296485538], [140.32676727563756, 11.695665083475642], [140.3085757675735, 11.709166984927675], [140.28079302274034, 11.695665083475642], [140.27765014895502, 11.691818828332998], [140.26959261773976, 11.667114392865658], [140.24672453033654, 11.638651487900185], [140.2465962883569, 11.638563702255674], [140.21579891171803, 11.63061071624401], [140.18487329309954, 11.626196026995359], [140.15394767448106, 11.61718186113361], [140.14205036508594, 11.610013011645691], [140.12302205586258, 11.599169382577347], [140.10501282614345, 11.581462321035707], [140.09209643724407, 11.562156577546322], [140.08587322549192, 11.552911630425722], [140.0738816202343, 11.52436093981574], [140.06872639442904, 11.495810249205757], [140.06938753127653, 11.467259558595774], [140.08195844936904, 11.438708867985788], [140.09209643724404, 11.42998272293632]]]}, "properties": {"fillColor": "#00FF00", "fillOpacity": 0.7, "color": "#000000", "weight": 0.2, "stroke": false}}, {"type": "Feature", "geometry": {"type": "Polygon", "coordinates": [[[140.11518914366783, 11.467259558595773], [140.1038824405879, 11.495810249205757], [140.10589688803097, 11.52436093981574], [140.11852484859216, 11.552911630425722], [140.12302205586258, 11.558579536474953], [140.149362633994, 11.581462321035707], [140.15394767448106, 11.584563961403616], [140.18487329309954, 11.593051261583376], [140.21579891171803, 11.58762114763345], [140.2246241726641, 11.581462321035708], [140.23084244013324, 11.552911630425722], [140.22368886432056, 11.52436093981574], [140.21579891171803, 11.509886545524049], [140.2086033191473, 11.495810249205757], [140.18504372208966, 11.467259558595773], [140.18487329309954, 11.467097943991746], [140.15394767448106, 11.452352834610895], [140.12302205586258, 11.459687085428925], [140.11518914366783, 11.467259558595773]]]}, "properties": {"fillColor": "#00FF00", "fillOpacity": 0.7, "color": "#000000", "weight": 0.2, "stroke": false}}, {"type": "Feature", "geometry": {"type": "Polygon", "coordinates": [[[136.90675771953948, 11.482433362636858], [136.93768333815797, 11.475443338748185], [136.96860895677648, 11.477687716666388], [136.99953457539496, 11.485965452477476], [137.01955301474345, 11.495810249205757], [137.03046019401344, 11.500989652658536], [137.06138581263195, 11.522284047702147], [137.0638791413979, 11.524360939815738], [137.09221733946967, 11.552911630425722], [137.09231143125044, 11.553018971380707], [137.12305865175637, 11.581462321035707], [137.12323704986892, 11.581542316412138], [137.1541626684874, 11.587856946619086], [137.1850882871059, 11.587473789345756], [137.2160139057244, 11.586878654587014], [137.24693952434288, 11.588854047235767], [137.2778651429614, 11.595479324001555], [137.30879076157987, 11.609810367101574], [137.3091375033034, 11.610013011645691], [137.33971638019835, 11.62441977307552], [137.35703236658725, 11.638563702255674], [137.37064199881684, 11.663538291235925], [137.37312034913708, 11.667114392865658], [137.3772835541992, 11.69566508347564], [137.37064199881684, 11.708513904562553], [137.36243267941413, 11.724215774085625], [137.33971638019835, 11.740557113321927], [137.30879076157987, 11.750738505165124], [137.29370706808078, 11.752766464695608], [137.2778651429614, 11.755729718288304], [137.24693952434288, 11.756506734566909], [137.22094273287217, 11.752766464695608], [137.2160139057244, 11.752415485032536], [137.1850882871059, 11.748229715093352], [137.1541626684874, 11.740943035070174], [137.12323704986892, 11.727408653184831], [137.11784494183084, 11.724215774085625], [137.09231143125044, 11.706412755721672], [137.08158944487155, 11.695665083475642], [137.06736215803343, 11.667114392865656], [137.06138581263195, 11.654681597396564], [137.04626436121117, 11.638563702255674], [137.03046019401344, 11.627074414204614], [137.0005087690227, 11.610013011645691], [136.99953457539496, 11.609595416632887], [136.96860895677648, 11.595883782652638], [136.94299910342656, 11.581462321035707], [136.93768333815797, 11.577867278432088], [136.9067577195395, 11.55315854304227], [136.90647141408894, 11.552911630425722], [136.88740407367737, 11.52436093981574], [136.88918892321198, 11.495810249205757], [136.90675771953948, 11.482433362636858]]]}, "properties": {"fillColor": "#00FF00", "fillOpacity": 0.7, "color": "#000000", "weight": 0.2, "stroke": false}}, {"type": "Feature", "geometry": {"type": "Polygon", "coordinates": [[[136.9794135981795, 11.552911630425722], [136.99953457539496, 11.561716915940032], [137.03046019401344, 11.553827764073095], [137.03077123238484, 11.552911630425722], [137.03046019401344, 11.552629848233527], [136.99953457539496, 11.535528080733808], [136.9794135981795, 11.552911630425722]]]}, "properties": {"fillColor": "#00FF00", "fillOpacity": 0.7, "color": "#000000", "weight": 0.2, "stroke": false}}, {"type": "Feature", "geometry": {"type": "Polygon", "coordinates": [[[137.1315643243858, 11.610013011645691], [137.12323704986892, 11.612002552495833], [137.09847998255395, 11.638563702255674], [137.10231240049922, 11.667114392865658], [137.11886124506245, 11.695665083475642], [137.12323704986892, 11.69908635780684], [137.1541626684874, 11.717692951244414], [137.17052730435176, 11.724215774085625], [137.1850882871059, 11.729647392111843], [137.2160139057244, 11.736545778084029], [137.24693952434288, 11.739013108889353], [137.2778651429614, 11.736381966236806], [137.30879076157987, 11.726297744039691], [137.3128881779583, 11.724215774085625], [137.33971638019835, 11.697095847428626], [137.34072901219156, 11.695665083475642], [137.34277485470346, 11.667114392865658], [137.33971638019835, 11.662796907864967], [137.32201312262862, 11.638563702255674], [137.30879076157987, 11.629828418521416], [137.2778651429614, 11.616939247504169], [137.24862755716316, 11.610013011645691], [137.24693952434288, 11.609440583522177], [137.2160139057244, 11.603498725828208], [137.1850882871059, 11.602653219151179], [137.1541626684874, 11.606679406174976], [137.1315643243858, 11.610013011645691]]]}, "properties": {"fillColor": "#00FF00", "fillOpacity": 0.7, "color": "#000000", "weight": 0.2, "stroke": false}}, {"type": "Feature", "geometry": {"type": "Polygon", "coordinates": [[[132.20606368952883, 11.518714022642861], [132.23698930814732, 11.505338228725114], [132.2679149267658, 11.502519599423369], [132.2988405453843, 11.506941111854186], [132.3297661640028, 11.517901105263277], [132.3402876541533, 11.52436093981574], [132.36069178262127, 11.542200947184009], [132.37037080949844, 11.552911630425722], [132.37679538736865, 11.581462321035707], [132.36069178262127, 11.597237803421681], [132.3297661640028, 11.599546872379161], [132.2988405453843, 11.593610260836435], [132.27644279275648, 11.581462321035707], [132.2679149267658, 11.575358860455935], [132.23698930814732, 11.55996794825171], [132.21697635275606, 11.552911630425722], [132.20606368952883, 11.537348112580355], [132.19803737151054, 11.52436093981574], [132.20606368952883, 11.518714022642861]]]}, "properties": {"fillColor": "#00FF00", "fillOpacity": 0.7, "color": "#000000", "weight": 0.2, "stroke": false}}, {"type": "Feature", "geometry": {"type": "Polygon", "coordinates": [[[131.89680750334392, 11.54424107187366], [131.9277331219624, 11.540558200013509], [131.9586587405809, 11.542454773556853], [131.9895843591994, 11.54860058698808], [132.0037101347228, 11.552911630425722], [132.02050997781788, 11.558911971676235], [132.05143559643636, 11.575376176057986], [132.0596001092995, 11.581462321035707], [132.05978574230602, 11.610013011645691], [132.05143559643636, 11.619270864168739], [132.02848012319456, 11.638563702255674], [132.02050997781788, 11.643355732809065], [131.9895843591994, 11.650559952275644], [131.95865874058086, 11.6506139557834], [131.9277331219624, 11.647111016570246], [131.89680750334392, 11.640785137239392], [131.88897049161378, 11.638563702255674], [131.8658818847254, 11.628366288805104], [131.83999753065982, 11.610013011645691], [131.83802094615322, 11.581462321035707], [131.8658818847254, 11.556218793427515], [131.87162649207042, 11.552911630425722], [131.89680750334392, 11.54424107187366]]]}, "properties": {"fillColor": "#00FF00", "fillOpacity": 0.7, "color": "#000000", "weight": 0.2, "stroke": false}}, {"type": "Feature", "geometry": {"type": "Polygon", "coordinates": [[[145.99888959337588, 11.69524732398692], [146.0298152119944, 11.68929842983444], [146.0486650929956, 11.695665083475642], [146.06074083061287, 11.701214578515177], [146.083559751318, 11.724215774085625], [146.09124147110006, 11.752766464695608], [146.06074083061287, 11.777724269571717], [146.0298152119944, 11.769874657630382], [146.01185555544868, 11.752766464695608], [145.99888959337588, 11.728820856839485], [145.9963807021133, 11.724215774085625], [145.99835729771013, 11.695665083475642], [145.99888959337588, 11.69524732398692]]]}, "properties": {"fillColor": "#00FF00", "fillOpacity": 0.7, "color": "#000000", "weight": 0.2, "stroke": false}}, {"type": "Feature", "geometry": {"type": "Polygon", "coordinates": [[[132.11328683367336, 11.77316233542388], [132.11398018943137, 11.781317155305594], [132.11328683367336, 11.78153595296768], [132.11298808905468, 11.781317155305594], [132.11328683367336, 11.77316233542388]]]}, "properties": {"fillColor": "#00FF00", "fillOpacity": 0.7, "color": "#000000", "weight": 0.2, "stroke": false}}, {"type": "Feature", "geometry": {"type": "Polygon", "coordinates": [[[132.51531987571374, 11.950950000866284], [132.52535443452882, 11.952621298965497], [132.54624549433223, 11.954037744184216], [132.57717111295074, 11.96391258833393], [132.60133905554324, 11.98117198957548], [132.60809673156922, 11.98958039583328], [132.62264739053782, 12.009722680185462], [132.6274898374689, 12.038273370795444], [132.6216365224475, 12.066824061405429], [132.60809673156922, 12.085668120473395], [132.5997030080554, 12.095374752015413], [132.57717111295074, 12.111311415283863], [132.54624549433223, 12.118004838542078], [132.51531987571374, 12.116447047651903], [132.48439425709526, 12.103099280043544], [132.47544936522362, 12.095374752015413], [132.45690116292988, 12.066824061405429], [132.45346863847675, 12.051762850863462], [132.44851224452293, 12.038273370795444], [132.44498536482996, 12.009722680185462], [132.45346863847675, 11.990554660992174], [132.45637161268957, 11.98117198957548], [132.48439425709526, 11.957810942471234], [132.51084082784413, 11.952621298965495], [132.51531987571374, 11.950950000866284]]]}, "properties": {"fillColor": "#00FF00", "fillOpacity": 0.7, "color": "#000000", "weight": 0.2, "stroke": false}}, {"type": "Feature", "geometry": {"type": "Polygon", "coordinates": [[[132.47549563657674, 11.98117198957548], [132.4613161090913, 12.009722680185464], [132.46387434984769, 12.038273370795444], [132.4760976044744, 12.066824061405427], [132.48439425709526, 12.077065871215918], [132.51208168645263, 12.095374752015413], [132.51531987571374, 12.097121088459033], [132.54624549433223, 12.10090882583869], [132.56156554040876, 12.095374752015413], [132.57717111295074, 12.089970852536188], [132.59983028507858, 12.066824061405429], [132.60633534660874, 12.038273370795444], [132.60052825445393, 12.009722680185462], [132.57717111295074, 11.985088342546518], [132.5719890912083, 11.98117198957548], [132.54624549433223, 11.96637862609677], [132.51531987571374, 11.96239547061312], [132.48439425709526, 11.97375366423521], [132.47549563657674, 11.98117198957548]]]}, "properties": {"fillColor": "#00FF00", "fillOpacity": 0.7, "color": "#000000", "weight": 0.2, "stroke": false}}, {"type": "Feature", "geometry": {"type": "Polygon", "coordinates": [[[141.0817162330358, 12.121253695790756], [141.11264185165427, 12.120629673519826], [141.12672879383982, 12.123925442625396], [141.14356747027279, 12.126223177445436], [141.17449308889127, 12.134410610972946], [141.20541870750975, 12.149213521796748], [141.21060115102767, 12.152476133235378], [141.23634432612823, 12.162935408307767], [141.26703014019137, 12.181026823845365], [141.26726994474674, 12.18112423379213], [141.29819556336523, 12.191744335531634], [141.3291211819837, 12.202861559082798], [141.34940390113658, 12.209577514455347], [141.36004680060222, 12.212594058120974], [141.3909724192207, 12.225170528708269], [141.40863993312405, 12.238128205065331], [141.42189803783918, 12.258768120945037], [141.4263523124614, 12.266678895675314], [141.4276131257441, 12.295229586285298], [141.42189803783918, 12.310344944169696], [141.41899592876462, 12.323780276895281], [141.4094344706696, 12.352330967505265], [141.39640679173542, 12.38088165811525], [141.3909724192207, 12.389067153375535], [141.37970325820453, 12.409432348725232], [141.36004680060222, 12.428519355870183], [141.34601265435242, 12.437983039335217], [141.3291211819837, 12.448374332677778], [141.29819556336523, 12.458946497842414], [141.26726994474674, 12.463130717718062], [141.23634432612823, 12.463299956245784], [141.20541870750975, 12.458172811124866], [141.17449308889127, 12.439035057464572], [141.173266314323, 12.437983039335217], [141.1460718344633, 12.409432348725232], [141.14356747027279, 12.405094644693305], [141.1253615962315, 12.38088165811525], [141.1128404442612, 12.352330967505265], [141.11264185165427, 12.35186693308898], [141.09387311296425, 12.323780276895281], [141.08171623303582, 12.305900833670128], [141.07097867285586, 12.295229586285297], [141.0507906144173, 12.272569284093548], [141.04523694053722, 12.266678895675312], [141.0278892488389, 12.238128205065331], [141.02019367323564, 12.209577514455347], [141.0198649957988, 12.20349377762277], [141.01789885502026, 12.181026823845365], [141.0198649957988, 12.174654905213194], [141.0267716930543, 12.152476133235382], [141.0507906144173, 12.130931659560494], [141.0726270152166, 12.123925442625396], [141.0817162330358, 12.121253695790756]]]}, "properties": {"fillColor": "#00FF00", "fillOpacity": 0.7, "color": "#000000", "weight": 0.2, "stroke": false}}, {"type": "Feature", "geometry": {"type": "Polygon", "coordinates": [[[141.0868128581869, 12.152476133235378], [141.0817162330358, 12.153969627770648], [141.05521485020566, 12.181026823845366], [141.05275984686023, 12.209577514455347], [141.06110987824155, 12.238128205065333], [141.08131545282762, 12.266678895675314], [141.0817162330358, 12.267100663016562], [141.10226340129935, 12.295229586285298], [141.11264185165427, 12.308778126246395], [141.12025210047577, 12.323780276895281], [141.13421817421747, 12.352330967505265], [141.14356747027279, 12.36741818692182], [141.1495577666993, 12.38088165811525], [141.1689988942918, 12.409432348725232], [141.17449308889127, 12.415070074793228], [141.20541870750975, 12.437135945782911], [141.2085879383765, 12.437983039335215], [141.23634432612823, 12.446888665239413], [141.26726994474674, 12.44676970648663], [141.29819556336523, 12.438648180588833], [141.29965242080684, 12.437983039335217], [141.3291211819837, 12.425750913401053], [141.34984973715297, 12.409432348725232], [141.36004680060222, 12.39668962504455], [141.37188732574523, 12.38088165811525], [141.38329514364193, 12.352330967505265], [141.39063039507306, 12.323780276895281], [141.3909724192207, 12.31899228068226], [141.3945998669414, 12.295229586285298], [141.3909724192207, 12.283048957821382], [141.38668618950447, 12.266678895675314], [141.36004680060222, 12.242218030722961], [141.35348014274172, 12.238128205065331], [141.3291211819837, 12.225878576761948], [141.29819556336523, 12.213251805361734], [141.28992145830355, 12.209577514455347], [141.26726994474674, 12.19742348454666], [141.23634432612823, 12.183977159986721], [141.22858610082054, 12.181026823845365], [141.20541870750975, 12.168595968422833], [141.17449308889127, 12.157652384803244], [141.15153194685195, 12.152476133235382], [141.14356747027279, 12.149864079588124], [141.11264185165427, 12.14707986878055], [141.0868128581869, 12.152476133235378]]]}, "properties": {"fillColor": "#00FF00", "fillOpacity": 0.7, "color": "#000000", "weight": 0.2, "stroke": false}}, {"type": "Feature", "geometry": {"type": "Polygon", "coordinates": [[[140.7415344282324, 12.42876298376224], [140.75104181234533, 12.437983039335215], [140.7415344282324, 12.440412083386237], [140.71587399732283, 12.437983039335217], [140.7415344282324, 12.42876298376224]]]}, "properties": {"fillColor": "#00FF00", "fillOpacity": 0.7, "color": "#000000", "weight": 0.2, "stroke": false}}, {"type": "Feature", "geometry": {"type": "Polygon", "coordinates": [[[133.44308843426847, 12.620048355554246], [133.47401405288696, 12.615150289338366], [133.50493967150547, 12.616054268525424], [133.53586529012395, 12.61979621686097], [133.56679090874243, 12.626529580519058], [133.59071564751937, 12.637837873605102], [133.59771652736094, 12.639766317291173], [133.62864214597943, 12.656296445016043], [133.64072859096967, 12.666388564215087], [133.6553911775239, 12.69493925482507], [133.6555560316279, 12.723489945435054], [133.6474754087822, 12.752040636045036], [133.62864214597943, 12.775214739978878], [133.62497745038155, 12.78059132665502], [133.59771652736094, 12.8037639992455], [133.58361779399235, 12.809142017265003], [133.56679090874243, 12.818474932751027], [133.53586529012395, 12.824799967390405], [133.50493967150547, 12.823021552437625], [133.47401405288696, 12.810053496371358], [133.47267568171648, 12.809142017265003], [133.44308843426847, 12.784345004810907], [133.4399159140747, 12.78059132665502], [133.4236371565911, 12.752040636045034], [133.4156905350847, 12.723489945435054], [133.41216281565, 12.708120338984036], [133.4055381050261, 12.69493925482507], [133.40496708000097, 12.666388564215087], [133.41216281565, 12.649613365215897], [133.41803490209458, 12.637837873605102], [133.44308843426847, 12.620048355554246]]]}, "properties": {"fillColor": "#00FF00", "fillOpacity": 0.7, "color": "#000000", "weight": 0.2, "stroke": false}}, {"type": "Feature", "geometry": {"type": "Polygon", "coordinates": [[[133.45940990845003, 12.637837873605102], [133.44308843426847, 12.643651519430069], [133.4228272018595, 12.666388564215087], [133.41979834026938, 12.694939254825067], [133.42936530713666, 12.723489945435054], [133.4424474966716, 12.752040636045036], [133.44308843426847, 12.753073043696475], [133.45705228464385, 12.78059132665502], [133.47401405288696, 12.795765025700565], [133.50493967150547, 12.806969568025412], [133.53586529012395, 12.808532713064913], [133.56679090874243, 12.804237062565536], [133.59771652736094, 12.787756162919266], [133.60614542347088, 12.78059132665502], [133.62712044298317, 12.752040636045038], [133.62864214597943, 12.746053645642887], [133.63881524662662, 12.723489945435054], [133.6355021204752, 12.69493925482507], [133.62864214597943, 12.685401249994783], [133.61672474077778, 12.666388564215087], [133.59771652736094, 12.652464050585927], [133.56679090874243, 12.641021096998157], [133.5417707057118, 12.6378378736051], [133.53586529012395, 12.635998491001276], [133.50493967150547, 12.630289026668372], [133.47401405288696, 12.632010960873956], [133.45940990845003, 12.637837873605102]]]}, "properties": {"fillColor": "#00FF00", "fillOpacity": 0.7, "color": "#000000", "weight": 0.2, "stroke": false}}, {"type": "Feature", "geometry": {"type": "Polygon", "coordinates": [[[120.85636165654256, 13.22079512740925], [120.88728727516107, 13.217015230426217], [120.91821289377955, 13.220305448338783], [120.94913851239806, 13.231923689747113], [120.9576315525151, 13.237402376414758], [120.98006413101653, 13.25018200836485], [120.9981292237907, 13.265953067024743], [121.01098974963503, 13.284078004093509], [121.01914290749038, 13.294503757634727], [121.02818503949621, 13.32305444824471], [121.02670391891769, 13.351605138854694], [121.01400361490384, 13.380155829464677], [121.01098974963503, 13.384153822875572], [120.98477196069518, 13.408706520074661], [120.98006413101653, 13.411907441105008], [120.94913851239804, 13.421455087813865], [120.91821289377955, 13.42409837065327], [120.88728727516107, 13.422223804877312], [120.86891573700049, 13.408706520074661], [120.85636165654259, 13.40027431062564], [120.83047388406382, 13.380155829464677], [120.82543603792408, 13.373779142448386], [120.80799901754158, 13.351605138854694], [120.80044400154011, 13.32305444824471], [120.80113577179614, 13.294503757634725], [120.80897537778506, 13.265953067024743], [120.82543603792408, 13.24250005823954], [120.83072574929398, 13.237402376414757], [120.85636165654256, 13.22079512740925]]]}, "properties": {"fillColor": "#00FF00", "fillOpacity": 0.7, "color": "#000000", "weight": 0.2, "stroke": false}}, {"type": "Feature", "geometry": {"type": "Polygon", "coordinates": [[[120.87800452696423, 13.237402376414758], [120.85636165654257, 13.24190372591509], [120.83073906209572, 13.265953067024745], [120.82543603792408, 13.27890267287729], [120.81810985013452, 13.294503757634725], [120.81697273480924, 13.323054448244712], [120.82543603792408, 13.341855837083191], [120.82829985677114, 13.351605138854694], [120.85432502274654, 13.380155829464677], [120.85636165654257, 13.38173858358889], [120.88728727516109, 13.406045251699345], [120.91821289377955, 13.406831679154589], [120.94913851239805, 13.403822807265009], [120.98006413101653, 13.393390675042653], [120.99432777805094, 13.380155829464677], [121.00790267083548, 13.351605138854694], [121.00911271619013, 13.32305444824471], [121.00035429550178, 13.294503757634725], [120.98006413101653, 13.271937240537497], [120.97443735695057, 13.265953067024743], [120.94913851239805, 13.246628282304847], [120.91821289377955, 13.238106739753356], [120.90584822155907, 13.237402376414757], [120.88728727516107, 13.234914998566564], [120.87800452696423, 13.237402376414758]]]}, "properties": {"fillColor": "#00FF00", "fillOpacity": 0.7, "color": "#000000", "weight": 0.2, "stroke": false}}, {"type": "Feature", "geometry": {"type": "Polygon", "coordinates": [[[120.20692366555426, 15.687646812242138], [120.21152452056224, 15.692761768873353], [120.21181212600393, 15.721312459483334], [120.20692366555426, 15.726186753220395], [120.18810587594743, 15.721312459483336], [120.1838360794626, 15.692761768873353], [120.20692366555426, 15.687646812242138]]]}, "properties": {"fillColor": "#00FF00", "fillOpacity": 0.7, "color": "#000000", "weight": 0.2, "stroke": false}}, {"type": "Feature", "geometry": {"type": "Polygon", "coordinates": [[[120.60895670759464, 16.76613437304075], [120.63988232621314, 16.754937605749557], [120.67080794483162, 16.753424280287142], [120.70173356345012, 16.75760634519339], [120.7326591820686, 16.773232146939325], [120.73780792036835, 16.77768801205273], [120.75646401958886, 16.806238702662718], [120.75888218855582, 16.8347893932727], [120.75330190993543, 16.863340083882683], [120.7326591820686, 16.889862856299093], [120.73047892468696, 16.891890774492666], [120.70173356345012, 16.91120180801686], [120.67080794483164, 16.915635320159552], [120.63988232621314, 16.91331896650323], [120.60895670759464, 16.901197487763234], [120.59730399255301, 16.891890774492666], [120.57888684709555, 16.863340083882683], [120.57803108897616, 16.856946810051795], [120.57299293315897, 16.8347893932727], [120.57803108897616, 16.811578660360553], [120.57867893131173, 16.806238702662718], [120.59500856726669, 16.77768801205273], [120.60895670759464, 16.76613437304075]]]}, "properties": {"fillColor": "#00FF00", "fillOpacity": 0.7, "color": "#000000", "weight": 0.2, "stroke": false}}, {"type": "Feature", "geometry": {"type": "Polygon", "coordinates": [[[120.6335549376062, 16.77768801205273], [120.60895670759464, 16.79347892419621], [120.59868708655694, 16.806238702662718], [120.59216481338632, 16.8347893932727], [120.59996019489492, 16.863340083882683], [120.60895670759464, 16.873916132540955], [120.63936852934208, 16.891890774492666], [120.63988232621314, 16.892150264547325], [120.67080794483162, 16.897831685129777], [120.69293519770989, 16.891890774492666], [120.70173356345012, 16.889763667080892], [120.73024395752805, 16.863340083882683], [120.7326591820686, 16.855899378780503], [120.74009969066087, 16.8347893932727], [120.73299848561217, 16.806238702662718], [120.7326591820686, 16.805778898314934], [120.70173356345012, 16.779292589233744], [120.69496324402603, 16.77768801205273], [120.67080794483162, 16.77147086134096], [120.63988232621314, 16.77449283445918], [120.6335549376062, 16.77768801205273]]]}, "properties": {"fillColor": "#00FF00", "fillOpacity": 0.7, "color": "#000000", "weight": 0.2, "stroke": false}}, {"type": "Feature", "geometry": {"type": "Polygon", "coordinates": [[[127.47444404089968, 24.626540894679295], [127.50536965951818, 24.623287760244658], [127.53629527813666, 24.621816973131637], [127.56722089675516, 24.621885044364692], [127.59814651537364, 24.623510450899385], [127.62907213399214, 24.62685349580967], [127.64317727410086, 24.629127929798237], [127.65999775261062, 24.63160088574228], [127.69092337122912, 24.63713677509942], [127.72184898984762, 24.643872316897657], [127.75277460846611, 24.65200546340503], [127.77244939416867, 24.65767862040822], [127.7837002270846, 24.66121503623422], [127.81462584570309, 24.670530484728378], [127.84555146432157, 24.67938858434004], [127.87008506695803, 24.686229311018206], [127.87647708294007, 24.688055414459978], [127.90740270155854, 24.69626076426686], [127.93832832017705, 24.703958234592328], [127.96925393879555, 24.712200345531482], [127.9778366277302, 24.71478000162819], [128.00017955741404, 24.720906489257082], [128.03110517603253, 24.731117713661142], [128.0566487023834, 24.743330692238168], [128.062030794651, 24.745825290906627], [128.09295641326952, 24.76438871938136], [128.10310379615217, 24.77188138284815], [128.123882031888, 24.788217239516364], [128.13835031459573, 24.80043207345814], [128.15480765050648, 24.816696223793567], [128.16817700726472, 24.828982764068122], [128.18573326912497, 24.849215416160554], [128.19435585107158, 24.857533454678105], [128.21665888774348, 24.884479790224237], [128.21824157624718, 24.88608414528809], [128.24282647738082, 24.914634835898074], [128.24758450636196, 24.920638043298318], [128.26644807917143, 24.943185526508056], [128.27851012498044, 24.958687678724417], [128.28921621826868, 24.97173621711804], [128.30943574359895, 24.9975450398127], [128.31345230497453, 25.000286907728025], [128.34036136221744, 25.016238464615192], [128.37128698083592, 25.01717201765991], [128.3773416105402, 25.028837598338008], [128.383772504314, 25.05738828894799], [128.38550810284957, 25.085938979557977], [128.386117074021, 25.11448967016796], [128.38557320753648, 25.14304036077794], [128.38351916307022, 25.171591051387928], [128.38080194085228, 25.20014174199791], [128.37813821541465, 25.228692432607893], [128.3760881269911, 25.25724312321788], [128.3748518294123, 25.28579381382786], [128.376253526704, 25.314344504437845], [128.38199389346528, 25.342895195047827], [128.39230852447497, 25.371445885657813], [128.4022125994544, 25.39777473145372], [128.40512605179126, 25.399996576267796], [128.42841418657247, 25.42854726687778], [128.4331382180729, 25.440208138540072], [128.43917915009425, 25.42854726687778], [128.4640638366914, 25.405898820115844], [128.4660379669475, 25.399996576267796], [128.47898213294363, 25.371445885657813], [128.49231940143258, 25.342895195047824], [128.4949894553099, 25.337341190931316], [128.50132088710725, 25.314344504437845], [128.50826133607086, 25.285793813827862], [128.51403020715657, 25.257243123217876], [128.51881097124385, 25.228692432607893], [128.52323906697666, 25.20014174199791], [128.5259150739284, 25.186689818672274], [128.52851247173572, 25.171591051387928], [128.5371446305026, 25.14304036077794], [128.5551639669239, 25.11448967016796], [128.55684069254687, 25.112673741114122], [128.58776631116535, 25.10290949805247], [128.61029044765155, 25.11448967016796], [128.61869192978386, 25.120269678262424], [128.63513732506593, 25.143040360777942], [128.6451278698641, 25.171591051387928], [128.64961754840235, 25.19850025522359], [128.64999530703366, 25.20014174199791], [128.65240363420037, 25.228692432607897], [128.65158959428814, 25.257243123217876], [128.64961754840235, 25.27545239207334], [128.6487474430799, 25.285793813827862], [128.64504028204203, 25.314344504437845], [128.64018396552996, 25.342895195047827], [128.63419339407153, 25.371445885657813], [128.62690536383136, 25.399996576267796], [128.61869192978386, 25.4267538113218], [128.61804155120495, 25.42854726687778], [128.607436384035, 25.45709795748776], [128.59608153035893, 25.485648648097747], [128.58776631116535, 25.508628159817192], [128.5835674385028, 25.51419933870773], [128.5720045061824, 25.54275002931771], [128.5739265834825, 25.5713007199277], [128.58579212578275, 25.59985141053768], [128.58776631116535, 25.606877939111467], [128.59427070735399, 25.628402101147664], [128.59044832242122, 25.65695279175765], [128.58776631116535, 25.660319870139187], [128.57198796773622, 25.685503482367636], [128.55684069254687, 25.699107774898984], [128.53881957317816, 25.714054172977615], [128.5259150739284, 25.722674817853544], [128.4951117309541, 25.742604863587598], [128.49498945530988, 25.742682918907416], [128.4640638366914, 25.76874619949259], [128.4622400246806, 25.771155554197584], [128.44191473889353, 25.799706244807567], [128.4331382180729, 25.816542824660917], [128.42829056757932, 25.82825693541755], [128.43077415807394, 25.856807626027535], [128.4331382180729, 25.858462408580564], [128.4640638366914, 25.87208937642771], [128.49498945530985, 25.872903718812722], [128.5259150739284, 25.864044920751276], [128.54149305590244, 25.856807626027535], [128.55684069254687, 25.846088649815062], [128.58288946078386, 25.82825693541755], [128.58776631116535, 25.823868443069138], [128.61780284114118, 25.79970624480757], [128.61869192978386, 25.798839873480823], [128.6487373595594, 25.771155554197584], [128.64961754840235, 25.77017867402669], [128.67522381954768, 25.7426048635876], [128.68054316702083, 25.733965942375686], [128.69587723956388, 25.714054172977615], [128.69695932588792, 25.685503482367636], [128.6895564839056, 25.65695279175765], [128.70006725908263, 25.628402101147667], [128.71146878563934, 25.619441426842933], [128.74239440425782, 25.601243736628042], [128.7733200228763, 25.6086153190938], [128.78993402463405, 25.628402101147664], [128.80317934011205, 25.65695279175765], [128.8042456414948, 25.658027684148557], [128.8351712601133, 25.67867450936439], [128.86609687873178, 25.68080992707634], [128.89702249735026, 25.67803464349919], [128.92794811596877, 25.676754217278116], [128.95887373458726, 25.68000944099383], [128.9814127995044, 25.685503482367636], [128.98979935320574, 25.686588263180866], [129.02072497182425, 25.69663191986144], [129.05165059044273, 25.711949548335205], [129.05536297512063, 25.714054172977615], [129.0819003070522, 25.742604863587598], [129.08257620906122, 25.748192271106298], [129.08646702002554, 25.771155554197584], [129.08257620906122, 25.78676883163212], [129.0808260202389, 25.799706244807567], [129.07389188670294, 25.82825693541755], [129.0644651526139, 25.856807626027532], [129.05250130174116, 25.885358316637518], [129.05165059044273, 25.887437986050717], [129.04450614905699, 25.913909007247497], [129.03559594575805, 25.942459697857487], [129.024492573414, 25.97101038846747], [129.02072497182428, 25.97909921106037], [129.0138997029811, 25.999561079077452], [128.99980178408634, 26.028111769687435], [128.98979935320574, 26.042908038879553], [128.98244344399112, 26.056662460297417], [128.96356620821035, 26.085213150907403], [128.95887373458726, 26.091547928017686], [128.94588491370217, 26.113763841517386], [128.92794811596877, 26.13712611403481], [128.92450457662324, 26.142314532127372], [128.90463011135802, 26.170865222737355], [128.89702249735026, 26.18122702291967], [128.88580563183555, 26.199415913347337], [128.86609687873178, 26.227744388486105], [128.86595695382005, 26.22796660395732], [128.85153355203457, 26.256517294567306], [128.8351712601133, 26.284852853387296], [128.83504720120973, 26.28506798517729], [128.829286172248, 26.31361867578727], [128.8351712601133, 26.335941264784342], [128.83893621974198, 26.342169366397258], [128.85195313269801, 26.37072005700724], [128.85228528185013, 26.399270747617223], [128.84845024685416, 26.427821438227205], [128.8431117422594, 26.456372128837188], [128.83564871928428, 26.484922819447178], [128.8351712601133, 26.486050465641366], [128.8253412329443, 26.513473510057157], [128.80481708844843, 26.542024200667143], [128.8042456414948, 26.54257475680047], [128.7758093591908, 26.570574891277126], [128.7733200228763, 26.572589521789386], [128.74239440425782, 26.597605022906535], [128.74034407792152, 26.599125581887108], [128.71146878563934, 26.621376071444445], [128.70297311579893, 26.627676272497094], [128.68054316702083, 26.643013456673987], [128.66111018289033, 26.656226963107077], [128.64961754840235, 26.662406359165555], [128.61869192978386, 26.67708807622492], [128.59933221339088, 26.68477765371706], [128.58776631116535, 26.688339532038125], [128.55684069254687, 26.693864982227183], [128.5259150739284, 26.69524869920875], [128.49498945530985, 26.691908197166732], [128.46911910274673, 26.684777653717056], [128.4640638366914, 26.658154086230184], [128.46384745004042, 26.656226963107077], [128.4640638366914, 26.65607588591461], [128.49498945530988, 26.629428095216138], [128.4965644674544, 26.627676272497094], [128.5259150739284, 26.603404898331018], [128.53013001715777, 26.599125581887108], [128.5444064237542, 26.570574891277126], [128.5259150739284, 26.547811082453556], [128.51889305467665, 26.542024200667143], [128.49498945530988, 26.536349268104182], [128.4640638366914, 26.53281880050983], [128.4331382180729, 26.53167158184662], [128.4022125994544, 26.53173503654017], [128.37128698083592, 26.53228418904682], [128.34036136221744, 26.532889637978148], [128.30943574359895, 26.53322663802892], [128.27851012498044, 26.53312025208497], [128.24758450636196, 26.532739139662795], [128.21665888774348, 26.532580319061726], [128.18573326912497, 26.533585332623524], [128.15480765050648, 26.536979172926976], [128.13242000182964, 26.542024200667143], [128.123882031888, 26.546941159443204], [128.0943917234996, 26.570574891277126], [128.09295641326952, 26.57518460582063], [128.08541909514975, 26.599125581887108], [128.08834291933806, 26.627676272497094], [128.09295641326952, 26.65449392491839], [128.0934075068924, 26.656226963107077], [128.09295641326952, 26.656959185892617], [128.062030794651, 26.673248746156453], [128.03110517603253, 26.6679763034698], [128.00017955741404, 26.657194379526697], [127.9982618225924, 26.656226963107077], [127.96925393879553, 26.646180757944222], [127.93832832017705, 26.635899574887823], [127.91517620885446, 26.627676272497094], [127.90740270155854, 26.625573386827934], [127.87647708294007, 26.61569115543618], [127.84555146432157, 26.60331709565032], [127.83654732776014, 26.599125581887108], [127.81462584570309, 26.588810389547618], [127.78370022708461, 26.57284792318137], [127.77958353650445, 26.570574891277126], [127.7527746084661, 26.554959306597954], [127.73142030107054, 26.542024200667143], [127.72184898984762, 26.535462424730575], [127.69092337122912, 26.513998500617173], [127.69020322344161, 26.513473510057157], [127.65999775261061, 26.48847579357807], [127.65604645156216, 26.484922819447174], [127.62907213399214, 26.45814194095046], [127.62738055635734, 26.45637212883719], [127.60025334121026, 26.427821438227205], [127.59814651537366, 26.42570140335206], [127.57302863333413, 26.399270747617223], [127.56722089675517, 26.392847994293316], [127.54734083095994, 26.37072005700724], [127.53629527813666, 26.357037064498513], [127.52381047667379, 26.342169366397258], [127.50536965951818, 26.317792245377056], [127.50204695492455, 26.313618675787275], [127.48110079891012, 26.28506798517729], [127.4744440408997, 26.274967698057413], [127.46245263809821, 26.25651729456731], [127.4472525671799, 26.22796660395732], [127.44351842228119, 26.219159223049743], [127.43515536959038, 26.199415913347337], [127.42455358728364, 26.170865222737355], [127.4125928036627, 26.143814555794123], [127.41196277334474, 26.142314532127376], [127.3948954425565, 26.113763841517386], [127.38166718504421, 26.09700077367338], [127.37334640939113, 26.085213150907403], [127.35074156642571, 26.06005848894086], [127.34785451481919, 26.05666246029742], [127.31981594780723, 26.029028749020416], [127.31885300379885, 26.028111769687435], [127.28889032918873, 26.001595530415802], [127.28626210457595, 25.999561079077452], [127.25796471057023, 25.97607092528063], [127.25027509546551, 25.97101038846747], [127.22703909195175, 25.95214412232446], [127.2092089018141, 25.942459697857483], [127.19611347333326, 25.93168748616257], [127.16518785471477, 25.917095267003475], [127.1601817883531, 25.9139090072475], [127.13426223609628, 25.8920440689903], [127.12510761186368, 25.88535831663752], [127.1033366174778, 25.86793265306268], [127.0866671185068, 25.856807626027535], [127.07241099885928, 25.847047987797787], [127.04148538024079, 25.829875830642635], [127.03869286626701, 25.82825693541755], [127.01055976162232, 25.81013645344445], [126.98980434818942, 25.799706244807567], [126.9796341430038, 25.794290553705427], [126.94870852438532, 25.789743786622818], [126.93212507743193, 25.799706244807567], [126.91778290576684, 25.815792195211593], [126.90961153289456, 25.82825693541755], [126.88952250947371, 25.85680762602754], [126.88685728714835, 25.858654595980628], [126.88421449463337, 25.856807626027535], [126.85593166852986, 25.839602108927185], [126.84844154881387, 25.82825693541755], [126.82957897875019, 25.799706244807567], [126.82500604991137, 25.7933790171044], [126.8152176244186, 25.771155554197584], [126.8038279221647, 25.7426048635876], [126.79427622104923, 25.714054172977615], [126.79408043129288, 25.71329907654171], [126.78775886099191, 25.685503482367633], [126.78540769008318, 25.65695279175765], [126.78769048127681, 25.628402101147664], [126.79408043129288, 25.605020578109926], [126.7953557076693, 25.59985141053768], [126.80778194171742, 25.5713007199277], [126.82500604991137, 25.547897766334458], [126.83157440811128, 25.542750029317716], [126.85593166852988, 25.523811634512974], [126.88301098702863, 25.514199338707733], [126.88685728714835, 25.511888649744403], [126.91778290576684, 25.49066498668818], [126.92058465175477, 25.485648648097747], [126.92674733190076, 25.45709795748776], [126.92869517211282, 25.42854726687778], [126.9318260881522, 25.399996576267796], [126.93936111476827, 25.371445885657813], [126.94870852438532, 25.35302753667005], [126.9537778172546, 25.342895195047827], [126.97963414300384, 25.315596815244813], [126.9814963966351, 25.314344504437845], [127.01055976162232, 25.29899219248614], [127.0414853802408, 25.290302149616902], [127.0724109988593, 25.306367043937964], [127.07783159314324, 25.314344504437845], [127.09169453847974, 25.342895195047827], [127.1033366174778, 25.371276919964064], [127.10346597348573, 25.371445885657813], [127.12373192923329, 25.399996576267796], [127.13426223609628, 25.42006156317256], [127.14081124932613, 25.42854726687778], [127.15958096025065, 25.45709795748776], [127.16518785471477, 25.46947934117005], [127.1775153512702, 25.485648648097747], [127.19160340937842, 25.514199338707726], [127.19611347333326, 25.527822722261757], [127.21244789070386, 25.542750029317713], [127.22567162601172, 25.5713007199277], [127.22703909195175, 25.574180138321434], [127.229685359424, 25.5713007199277], [127.23573761407069, 25.542750029317713], [127.24602599169516, 25.51419933870773], [127.25796471057025, 25.504627756181723], [127.28889032918872, 25.500174975981245], [127.31874220818685, 25.51419933870773], [127.31981594780723, 25.514573022369902], [127.35074156642571, 25.53555891957839], [127.35935932378013, 25.542750029317713], [127.3816671850442, 25.55997192551971], [127.39691547689459, 25.5713007199277], [127.4125928036627, 25.582166601335615], [127.4424716627905, 25.59985141053768], [127.44351842228119, 25.60043301377522], [127.47444404089968, 25.605679266953658], [127.48898664335869, 25.59985141053768], [127.47558064034116, 25.5713007199277], [127.47444404089968, 25.570334454026465], [127.44879470948021, 25.542750029317713], [127.44351842228119, 25.53817482573081], [127.42000741700258, 25.51419933870773], [127.4125928036627, 25.50739025201441], [127.39189557806901, 25.48564864809775], [127.38166718504421, 25.474626470277343], [127.36670310525317, 25.45709795748776], [127.35074156642571, 25.433823299191697], [127.34699894808773, 25.42854726687778], [127.3299320334475, 25.399996576267796], [127.31981594780724, 25.37419482649415], [127.31851795626508, 25.37144588565781], [127.30940522825733, 25.34289519504783], [127.30618892966427, 25.314344504437848], [127.3081777681553, 25.285793813827862], [127.31433533416731, 25.257243123217876], [127.31981594780723, 25.240154053330137], [127.32406230604502, 25.228692432607893], [127.33701459642134, 25.20014174199791], [127.35074156642571, 25.173158932970036], [127.35157814791816, 25.171591051387928], [127.36941469251462, 25.143040360777942], [127.3816671850442, 25.126602015746208], [127.39647035140257, 25.11448967016796], [127.4125928036627, 25.10074585718875], [127.44351842228119, 25.089025152218163], [127.47444404089968, 25.08649791596131], [127.49789885064163, 25.085938979557977], [127.5053696595182, 25.085709551814638], [127.50741328911018, 25.085938979557977], [127.53629527813666, 25.088111794677474], [127.56722089675517, 25.106035671807344], [127.5731745779852, 25.114489670167956], [127.59475939430989, 25.14304036077794], [127.59814651537364, 25.146471769572763], [127.61481354932315, 25.171591051387928], [127.62907213399214, 25.1888940564991], [127.63631157473294, 25.20014174199791], [127.65999775261062, 25.22758635024406], [127.66098281713914, 25.228692432607893], [127.6909233712291, 25.247356405777314], [127.72184898984762, 25.25652996719945], [127.7527746084661, 25.239383082064432], [127.76345250619391, 25.228692432607893], [127.78106193659413, 25.200141741997907], [127.7837002270846, 25.194240361868538], [127.79091397709277, 25.171591051387928], [127.79668252719807, 25.143040360777942], [127.79964264777487, 25.114489670167956], [127.79967660344016, 25.085938979557973], [127.79631389120921, 25.05738828894799], [127.7875111597071, 25.028837598338008], [127.7837002270846, 25.021358002782076], [127.76868095097804, 25.000286907728025], [127.7527746084661, 24.984239281072746], [127.73676665714066, 24.97173621711804], [127.72184898984762, 24.961959845950567], [127.69092337122913, 24.94479282255789], [127.68728523223675, 24.943185526508056], [127.65999775261062, 24.931129704514415], [127.62907213399214, 24.917222645957356], [127.62344052032803, 24.914634835898074], [127.59814651537366, 24.90434224211461], [127.56722089675517, 24.891238602666895], [127.55286803032536, 24.886084145288095], [127.53629527813666, 24.884489046572966], [127.50536965951818, 24.881323482659486], [127.47444404089968, 24.874614919798816], [127.44351842228119, 24.858595557543623], [127.44170292088644, 24.857533454678105], [127.44351842228119, 24.85522148225353], [127.45107180981304, 24.828982764068122], [127.47444404089968, 24.8116557773591], [127.49509035021919, 24.800432073458136], [127.50536965951818, 24.78750883441179], [127.52781681856197, 24.771881382848157], [127.50536965951818, 24.759735045686302], [127.47444404089968, 24.755406535224566], [127.44351842228119, 24.755287975172497], [127.41259280366269, 24.75716622436139], [127.38166718504421, 24.760331488351575], [127.35074156642571, 24.764367735812893], [127.31981594780723, 24.76932233584976], [127.30611507917442, 24.771881382848154], [127.28889032918873, 24.77545974094697], [127.25796471057025, 24.780770554458016], [127.22703909195177, 24.783738800268594], [127.19611347333326, 24.778045911851382], [127.19002889562975, 24.771881382848154], [127.19611347333324, 24.760235515816227], [127.20264777367933, 24.74333069223817], [127.22703909195175, 24.72109610614735], [127.2330294867234, 24.71478000162819], [127.25796471057025, 24.69856257822306], [127.27788750103082, 24.686229311018202], [127.28889032918872, 24.680257143606372], [127.31981594780723, 24.66658304377262], [127.34275232493357, 24.65767862040822], [127.35074156642571, 24.654374884455066], [127.38166718504421, 24.64446171151587], [127.4125928036627, 24.637206115981186], [127.44351842228119, 24.631452293589845], [127.45959787907613, 24.629127929798237], [127.47444404089968, 24.626540894679295]]]}, "properties": {"fillColor": "#00FF00", "fillOpacity": 0.7, "color": "#000000", "weight": 0.2, "stroke": false}}, {"type": "Feature", "geometry": {"type": "Polygon", "coordinates": [[[127.37911840017198, 24.686229311018206], [127.38166718504421, 24.699797959466505], [127.4125928036627, 24.706539705035496], [127.44351842228119, 24.704803049024342], [127.4744440408997, 24.703492522868373], [127.50536965951818, 24.70338382899171], [127.53629527813666, 24.70562335237704], [127.56722089675517, 24.714674319669395], [127.56737263009826, 24.71478000162819], [127.59814651537364, 24.742534939976025], [127.59839311819384, 24.74333069223817], [127.59814651537364, 24.743591572156557], [127.58103128167582, 24.771881382848154], [127.56722089675517, 24.77949969542668], [127.53783391361323, 24.80043207345814], [127.53629527813666, 24.801607259034395], [127.50536965951818, 24.820176304864244], [127.49208458734488, 24.828982764068122], [127.50536965951818, 24.855016247900952], [127.50886885403665, 24.857533454678105], [127.53629527813666, 24.863480547645402], [127.56722089675516, 24.868250161320983], [127.59814651537366, 24.874758147012173], [127.62907213399214, 24.881980322396437], [127.64349935230459, 24.88608414528809], [127.65999775261062, 24.896369954827534], [127.69092337122912, 24.911018868992706], [127.69779780291907, 24.914634835898077], [127.72184898984762, 24.932000296324254], [127.73786208642397, 24.943185526508056], [127.7527746084661, 24.95480307058918], [127.7721324243058, 24.97173621711804], [127.7837002270846, 24.982909898505135], [127.79763290564918, 25.000286907728025], [127.81462584570309, 25.022662146278734], [127.81794072024164, 25.028837598338008], [127.82654194776066, 25.05738828894799], [127.83065557077138, 25.085938979557977], [127.83048189525493, 25.11448967016796], [127.82681643565417, 25.143040360777942], [127.81987975688408, 25.171591051387928], [127.81462584570309, 25.185912802123678], [127.8090086298521, 25.20014174199791], [127.79313803644541, 25.228692432607893], [127.78370022708458, 25.239780868810854], [127.76613830805107, 25.257243123217876], [127.7527746084661, 25.264035537464828], [127.72184898984762, 25.269456660410803], [127.69092337122913, 25.2633739575913], [127.67656276440997, 25.257243123217876], [127.65999775261062, 25.2449847877983], [127.63542727085127, 25.228692432607893], [127.62907213399214, 25.222021865626353], [127.59814651537364, 25.200194406911418], [127.59801894387013, 25.20014174199791], [127.56722089675515, 25.178503848318634], [127.5466619889969, 25.171591051387928], [127.53629527813666, 25.166206399218268], [127.50536965951818, 25.16550752628033], [127.48691681045815, 25.171591051387928], [127.47444404089967, 25.17533721968441], [127.44351842228119, 25.193669904626816], [127.43467235104686, 25.20014174199791], [127.4125928036627, 25.22578983089964], [127.41038192428994, 25.228692432607893], [127.39502677586327, 25.257243123217876], [127.3867134318239, 25.285793813827866], [127.38166718504421, 25.30874622789723], [127.38002537476055, 25.31434450443784], [127.37417144958663, 25.34289519504783], [127.37721241579221, 25.371445885657813], [127.38166718504421, 25.382739606963703], [127.40038501142273, 25.399996576267796], [127.4125928036627, 25.41585491931654], [127.43784475949582, 25.399996576267796], [127.44351842228119, 25.398671201015823], [127.44579679414537, 25.399996576267796], [127.47444404089968, 25.41091472178709], [127.50536965951817, 25.4254488661921], [127.51119240297976, 25.42854726687778], [127.53629527813666, 25.443896167344448], [127.56722089675516, 25.455094838010606], [127.57381493449029, 25.45709795748776], [127.59814651537363, 25.471121042032387], [127.62907213399214, 25.48239931941994], [127.64010760302463, 25.485648648097747], [127.65999775261062, 25.498104017126387], [127.69092337122912, 25.513736505174926], [127.69183925876492, 25.51419933870773], [127.72184898984762, 25.541900204477223], [127.72297167466161, 25.542750029317716], [127.74539534546685, 25.5713007199277], [127.7527746084661, 25.584453013084243], [127.76429207401486, 25.59985141053768], [127.78176681310032, 25.628402101147664], [127.7837002270846, 25.630498367676566], [127.81462584570309, 25.652231916709916], [127.83132844345897, 25.65695279175765], [127.84555146432157, 25.659631317966106], [127.87647708294007, 25.66165547588308], [127.90740270155855, 25.660665372433286], [127.93832832017705, 25.65723733360426], [127.93981408553037, 25.65695279175765], [127.96925393879553, 25.652119032318915], [128.00017955741404, 25.645632246374454], [128.03110517603253, 25.637736593699323], [128.06020490342686, 25.628402101147664], [128.062030794651, 25.6278771624163], [128.09295641326952, 25.617034242567165], [128.123882031888, 25.603983284263485], [128.1328131183406, 25.59985141053768], [128.15480765050648, 25.59001841378524], [128.18573326912497, 25.57450012526892], [128.191867013123, 25.5713007199277], [128.21665888774348, 25.557216515137178], [128.23716885597713, 25.542750029317716], [128.24758450636196, 25.53388520542249], [128.2671257488371, 25.51419933870773], [128.27851012498044, 25.497142882363207], [128.28596749161218, 25.485648648097747], [128.29735274240062, 25.45709795748776], [128.30330372652418, 25.42854726687778], [128.3068939478881, 25.399996576267796], [128.30943574359895, 25.38267193779076], [128.31137990834904, 25.371445885657813], [128.3177470807528, 25.342895195047824], [128.32376922752422, 25.314344504437845], [128.3291199905475, 25.285793813827866], [128.3337815717126, 25.257243123217872], [128.33832422492338, 25.228692432607893], [128.34036136221744, 25.217099570106427], [128.34267256062958, 25.20014174199791], [128.34475950307555, 25.171591051387928], [128.34075725505826, 25.143040360777942], [128.34036136221744, 25.142116604962634], [128.30943574359895, 25.122997621256623], [128.30277106132033, 25.11448967016796], [128.27907710588408, 25.085938979557977], [128.27851012498044, 25.085261853301045], [128.25794424086573, 25.05738828894799], [128.24758450636196, 25.044554578672326], [128.23341946728246, 25.028837598338008], [128.21665888774348, 25.010490462661352], [128.20811295007695, 25.000286907728025], [128.18708925140595, 24.97173621711804], [128.18573326912497, 24.969712690880446], [128.17309775415032, 24.943185526508056], [128.15790756707327, 24.914634835898074], [128.15480765050648, 24.909575580314282], [128.14124169155573, 24.886084145288095], [128.123882031888, 24.862263825184847], [128.11959924422902, 24.857533454678105], [128.09295641326952, 24.83041780237783], [128.09089970978, 24.828982764068122], [128.062030794651, 24.80910395808582], [128.04382230212227, 24.80043207345814], [128.03110517603253, 24.79468387801374], [128.00017955741404, 24.78488214523038], [127.96925393879553, 24.776885958588988], [127.94392891264306, 24.771881382848154], [127.93832832017705, 24.77081797834261], [127.90740270155854, 24.763289106319956], [127.87647708294007, 24.755419311573895], [127.84555146432157, 24.748870963859677], [127.81731986488381, 24.74333069223817], [127.81462584570309, 24.742479839446425], [127.78370022708458, 24.72889090270931], [127.7528443618619, 24.71478000162819], [127.7527746084661, 24.714744887971978], [127.7218489898476, 24.69773340914655], [127.69362752516881, 24.686229311018202], [127.69092337122912, 24.685398331598634], [127.65999775261062, 24.67867158240633], [127.62907213399214, 24.673559769119144], [127.59814651537363, 24.669144276438928], [127.56722089675516, 24.66528586957998], [127.53629527813666, 24.662848035989114], [127.50536965951818, 24.663547491222403], [127.47444404089968, 24.667537109139772], [127.44351842228119, 24.67306086634479], [127.4125928036627, 24.67898638735874], [127.38166718504421, 24.685483936100443], [127.37911840017198, 24.686229311018206]]]}, "properties": {"fillColor": "#00FF00", "fillOpacity": 0.7, "color": "#000000", "weight": 0.2, "stroke": false}}, {"type": "Feature", "geometry": {"type": "Polygon", "coordinates": [[[127.0027685122676, 25.371445885657813], [126.98815898869674, 25.399996576267796], [126.98172115763883, 25.42854726687778], [126.98014851892502, 25.45709795748776], [126.98070366097295, 25.485648648097747], [126.98454485205045, 25.514199338707726], [126.99187848798292, 25.542750029317713], [127.0051463400738, 25.5713007199277], [127.01055976162232, 25.57899334581989], [127.02167771115765, 25.59985141053768], [127.04014175331652, 25.628402101147664], [127.0414853802408, 25.630085840485005], [127.05832370546358, 25.65695279175765], [127.07241099885931, 25.67258144312733], [127.0815522738418, 25.68550348236763], [127.1033366174778, 25.71127025653307], [127.10535295945951, 25.714054172977615], [127.12822806609023, 25.742604863587598], [127.13426223609628, 25.749053461649957], [127.15252072024899, 25.771155554197584], [127.16518785471476, 25.7844094218974], [127.17909480954557, 25.799706244807567], [127.19611347333327, 25.817731763747226], [127.20584277295765, 25.82825693541755], [127.22703909195175, 25.851445636393372], [127.23211335347783, 25.85680762602754], [127.25429584115311, 25.885358316637518], [127.25796471057023, 25.889569316943994], [127.27802731002335, 25.913909007247497], [127.28889032918872, 25.927227711095284], [127.30088059529854, 25.942459697857483], [127.31981594780723, 25.967790674233107], [127.32215467801188, 25.971010388467473], [127.34669874082039, 25.999561079077452], [127.35074156642571, 26.003448563565016], [127.37756461970032, 26.028111769687435], [127.38166718504421, 26.03197716643904], [127.41020186412578, 26.05666246029742], [127.4125928036627, 26.058911431615382], [127.44351842228119, 26.084828826732146], [127.44400263344929, 26.085213150907403], [127.47444404089968, 26.113393494326793], [127.47484423893799, 26.113763841517383], [127.50081100589132, 26.142314532127372], [127.50536965951818, 26.148225111897702], [127.52070964145167, 26.170865222737355], [127.53629527813666, 26.19720695279234], [127.53724157304696, 26.19941591334734], [127.54855450946619, 26.22796660395732], [127.56722089675517, 26.255866719910376], [127.56761116343732, 26.256517294567306], [127.59263486929204, 26.28506798517729], [127.59814651537364, 26.293159035071035], [127.61619763567086, 26.31361867578727], [127.62856014441718, 26.342169366397258], [127.62907213399214, 26.342851069544515], [127.65074545171147, 26.37072005700724], [127.65999775261062, 26.37899334635071], [127.68661029073002, 26.399270747617223], [127.69092337122912, 26.40216295560021], [127.7218489898476, 26.419200400004783], [127.74061315784002, 26.427821438227205], [127.7527746084661, 26.434751300103628], [127.7837002270846, 26.450157031145366], [127.79691765517435, 26.456372128837188], [127.81462584570309, 26.47085678337588], [127.82745886621205, 26.484922819447174], [127.84513647608266, 26.513473510057157], [127.84555146432157, 26.513877488030353], [127.868459375502, 26.542024200667143], [127.87647708294008, 26.54746389547812], [127.90740270155855, 26.56620052052361], [127.91881599978393, 26.57057489127713], [127.93832832017705, 26.57582349183785], [127.96925393879553, 26.577533449642004], [127.99397961302229, 26.570574891277126], [128.00017955741404, 26.568476456598297], [128.03110517603253, 26.54669156939886], [128.03610373864944, 26.542024200667143], [128.062030794651, 26.527031521442687], [128.09295641326952, 26.51352107788176], [128.09310129391517, 26.513473510057157], [128.123882031888, 26.508066532105264], [128.15480765050648, 26.504912909103965], [128.18573326912497, 26.503448387377155], [128.21665888774348, 26.50312624753873], [128.24758450636196, 26.503207071502224], [128.27851012498044, 26.502906037431536], [128.30943574359895, 26.501706728625777], [128.34036136221744, 26.499422943554343], [128.37128698083592, 26.49647797450927], [128.4022125994544, 26.493220410322646], [128.4331382180729, 26.48944718193636], [128.46290394783108, 26.484922819447174], [128.4640638366914, 26.484701043369427], [128.49498945530988, 26.47856800909822], [128.5259150739284, 26.471560660543204], [128.55684069254687, 26.461781262424765], [128.56972597764238, 26.45637212883719], [128.58776631116535, 26.443857531314997], [128.604880928942, 26.427821438227205], [128.61869192978384, 26.414674928461892], [128.63262508152346, 26.399270747617223], [128.64961754840235, 26.383780264490298], [128.66197012451863, 26.37072005700724], [128.68054316702083, 26.35433544091829], [128.6917684624105, 26.342169366397258], [128.71146878563934, 26.32358723212827], [128.72016682480074, 26.31361867578727], [128.74239440425782, 26.29181120871249], [128.74829664787774, 26.28506798517729], [128.7733200228763, 26.26054212801694], [128.77683653076713, 26.256517294567306], [128.80305085414412, 26.22796660395732], [128.8042456414948, 26.226709153318485], [128.82624425202843, 26.199415913347337], [128.8351712601133, 26.188244545723045], [128.84822150810822, 26.170865222737355], [128.86609687873178, 26.14689454858145], [128.8696029208432, 26.142314532127372], [128.89132226468215, 26.113763841517383], [128.89702249735026, 26.105528133599144], [128.9112847685427, 26.085213150907403], [128.92741262521685, 26.056662460297424], [128.92794811596877, 26.055701821993214], [128.94501868870427, 26.028111769687435], [128.95887373458726, 25.999867521079736], [128.9590471797287, 25.999561079077452], [128.97249479879196, 25.97101038846747], [128.98297855313535, 25.942459697857483], [128.98979935320574, 25.92237262399185], [128.99320887756798, 25.9139090072475], [129.00472557352936, 25.885358316637518], [129.01442846906104, 25.856807626027535], [129.02072497182425, 25.833107795341128], [129.0223374622978, 25.82825693541755], [129.02750471297438, 25.799706244807567], [129.02429607700444, 25.771155554197584], [129.02072497182425, 25.765211098155604], [128.9949396796069, 25.742604863587594], [128.98979935320574, 25.7401456641401], [128.95887373458726, 25.734306515605915], [128.92794811596877, 25.735990129723508], [128.90044727657255, 25.742604863587598], [128.89702249735026, 25.743325760510096], [128.86609687873178, 25.74817030830222], [128.8351712601133, 25.75204857603802], [128.8042456414948, 25.75925032890943], [128.77477562041148, 25.771155554197584], [128.7733200228763, 25.77172082304493], [128.74239440425782, 25.78898146696767], [128.72741187850906, 25.799706244807567], [128.71146878563934, 25.811600973853054], [128.6908409164675, 25.82825693541755], [128.68054316702083, 25.836422797112878], [128.65565869886055, 25.856807626027535], [128.64961754840235, 25.86119778889849], [128.61888453802024, 25.885358316637518], [128.61869192978386, 25.88549339902583], [128.58776631116535, 25.90147410525134], [128.55684069254687, 25.91384221191147], [128.55665888699747, 25.9139090072475], [128.5259150739284, 25.921771399910188], [128.49498945530988, 25.927442625937207], [128.4640638366914, 25.93007386790942], [128.4331382180729, 25.929287291392804], [128.4022125994544, 25.925821434255504], [128.37128698083592, 25.922992942508706], [128.34036136221744, 25.923725953747578], [128.30943574359895, 25.929860736951174], [128.28342356234106, 25.94245969785748], [128.27851012498044, 25.94440687005192], [128.24758450636196, 25.9606537803262], [128.23296785440158, 25.97101038846747], [128.21665888774348, 25.980494315317323], [128.1887275371232, 25.999561079077452], [128.18573326912497, 26.00134768853958], [128.15480765050648, 26.018636706499084], [128.13869386312106, 26.028111769687435], [128.123882031888, 26.03511873234264], [128.09295641326952, 26.046773665928846], [128.062030794651, 26.05177610299414], [128.03110517603253, 26.03334136992912], [128.02358945980598, 26.028111769687435], [128.03110517603253, 26.023586275172736], [128.05429611296884, 25.999561079077452], [128.062030794651, 25.994787503365664], [128.09295641326952, 25.971684168027892], [128.09377411804314, 25.97101038846747], [128.12281101719202, 25.94245969785748], [128.10799120958103, 25.9139090072475], [128.09295641326952, 25.91174749952469], [128.0777521049356, 25.9139090072475], [128.062030794651, 25.91608502478048], [128.03110517603253, 25.92330897955836], [128.00017955741404, 25.930580878771657], [127.96925393879553, 25.93806280836786], [127.95473849562538, 25.942459697857483], [127.93832832017705, 25.94935866877797], [127.90740270155855, 25.962245957467605], [127.88134582872772, 25.97101038846747], [127.87647708294008, 25.97303785593326], [127.84555146432157, 25.977578077256467], [127.81462584570309, 25.975192270550348], [127.78749475687084, 25.97101038846747], [127.7837002270846, 25.97003994005849], [127.7527746084661, 25.958578844938003], [127.72184898984762, 25.950139487726045], [127.69286990485072, 25.942459697857483], [127.69092337122912, 25.941383488314074], [127.65999775261062, 25.922566929419542], [127.63404372424817, 25.9139090072475], [127.62907213399214, 25.909306762769205], [127.59814651537364, 25.89063771868673], [127.5864611578336, 25.885358316637515], [127.56722089675517, 25.867598458086107], [127.54353521320505, 25.856807626027535], [127.56722089675515, 25.84444856727771], [127.59814651537364, 25.853359865341822], [127.61041205654047, 25.85680762602754], [127.62907213399214, 25.864584445084848], [127.65999775261062, 25.871626243348743], [127.6909233712291, 25.87800179836337], [127.72184898984762, 25.878986656687083], [127.73169376023823, 25.85680762602754], [127.72184898984762, 25.838520310100456], [127.71678661394797, 25.82825693541755], [127.6909233712291, 25.80947704841497], [127.67704282581838, 25.799706244807567], [127.65999775261062, 25.78944408291928], [127.62907213399214, 25.775949803105682], [127.61947233493348, 25.771155554197584], [127.59814651537366, 25.757775762541947], [127.56722089675516, 25.743580958176356], [127.5648259132887, 25.742604863587598], [127.53629527813666, 25.725396346525198], [127.51531498646989, 25.714054172977615], [127.50536965951818, 25.708913646477022], [127.47444404089967, 25.6903121403909], [127.46746455750431, 25.68550348236763], [127.44351842228119, 25.67138313846113], [127.42403984321436, 25.65695279175765], [127.4125928036627, 25.649549949719244], [127.38313586868367, 25.628402101147664], [127.38166718504421, 25.627351391975303], [127.35074156642571, 25.61900893340568], [127.34508316115013, 25.628402101147664], [127.34496691913186, 25.65695279175765], [127.34492795243578, 25.685503482367633], [127.35074156642571, 25.702996875997385], [127.35449139846666, 25.714054172977615], [127.3507415664257, 25.722223998996107], [127.31981594780723, 25.724741052586694], [127.292367770478, 25.714054172977615], [127.28889032918873, 25.712385807180176], [127.25796471057025, 25.689206449149637], [127.25380931869583, 25.685503482367633], [127.22703909195175, 25.65948317164427], [127.22469211551677, 25.65695279175765], [127.2011687027711, 25.628402101147664], [127.19611347333326, 25.622386255386377], [127.18023565265125, 25.59985141053768], [127.16518785471477, 25.57771085930876], [127.16108389663691, 25.5713007199277], [127.14616959492231, 25.542750029317713], [127.13426223609628, 25.521275719141133], [127.13021656641433, 25.514199338707726], [127.11538034766033, 25.485648648097747], [127.1033366174778, 25.464777036366545], [127.09812838433503, 25.45709795748776], [127.0808875843748, 25.42854726687778], [127.0724109988593, 25.413863258722227], [127.06074290425235, 25.399996576267796], [127.04307589688776, 25.371445885657813], [127.0414853802408, 25.368926520092554], [127.01055976162232, 25.363083529697143], [127.0027685122676, 25.371445885657813]]]}, "properties": {"fillColor": "#00FF00", "fillOpacity": 0.7, "color": "#000000", "weight": 0.2, "stroke": false}}, {"type": "Feature", "geometry": {"type": "Polygon", "coordinates": [[[128.3976906511824, 25.51419933870773], [128.37128698083592, 25.537205078859813], [128.36675239018163, 25.54275002931771], [128.34036136221744, 25.56493073656644], [128.33334512895502, 25.5713007199277], [128.30943574359895, 25.58823322469442], [128.29037233843755, 25.59985141053768], [128.27851012498044, 25.606011153813895], [128.24758450636196, 25.62081758068266], [128.22490557704933, 25.628402101147664], [128.21665888774348, 25.631382006532554], [128.18573326912497, 25.640958946159728], [128.15480765050648, 25.650165608811598], [128.13400549568513, 25.65695279175765], [128.123882031888, 25.661063716710206], [128.09295641326952, 25.672923595495156], [128.062030794651, 25.682863878434468], [128.05367713553937, 25.685503482367633], [128.03110517603253, 25.69519987571495], [128.00017955741404, 25.706396944514026], [127.97655410454615, 25.714054172977615], [127.96925393879555, 25.71793586216493], [127.93832832017705, 25.732152391350077], [127.91218613193914, 25.742604863587598], [127.90740270155855, 25.748717602756575], [127.88405424599972, 25.771155554197584], [127.90740270155857, 25.78671177402886], [127.93832832017705, 25.798205797339044], [127.94641368780191, 25.799706244807567], [127.96925393879553, 25.803401792678486], [128.00017955741404, 25.803604541440468], [128.03110517603253, 25.800088036766375], [128.03274577623222, 25.799706244807567], [128.062030794651, 25.79406630935102], [128.09295641326952, 25.786528105425592], [128.123882031888, 25.778033865066494], [128.14540120574418, 25.771155554197584], [128.15480765050648, 25.76778714098637], [128.18573326912497, 25.75687716274609], [128.21665888774348, 25.746211795907644], [128.22609226469964, 25.742604863587598], [128.24758450636193, 25.733039607880382], [128.27851012498044, 25.721537108543025], [128.29872653061108, 25.71405417297761], [128.30943574359895, 25.70845161522959], [128.34036136221744, 25.697381254016772], [128.37128698083592, 25.68775571212852], [128.37821107725313, 25.685503482367633], [128.4022125994544, 25.67395485152096], [128.43007690820173, 25.65695279175765], [128.4331382180729, 25.65433304516785], [128.4605789124547, 25.628402101147664], [128.4640638366914, 25.624291115748463], [128.48572753509856, 25.59985141053768], [128.49498945530988, 25.583611195002028], [128.50451082165722, 25.5713007199277], [128.50298426568165, 25.542750029317713], [128.49498945530988, 25.533594878425923], [128.47586215343043, 25.51419933870773], [128.4640638366914, 25.50217967844935], [128.4331382180729, 25.487398127838492], [128.4022125994544, 25.506629976357967], [128.3976906511824, 25.51419933870773]]]}, "properties": {"fillColor": "#00FF00", "fillOpacity": 0.7, "color": "#000000", "weight": 0.2, "stroke": false}}, {"type": "Feature", "geometry": {"type": "Polygon", "coordinates": [[[126.84268262504254, 25.59985141053768], [126.82967577132825, 25.628402101147664], [126.83316333651527, 25.656952791757654], [126.85193705597868, 25.685503482367633], [126.85593166852986, 25.689932286495875], [126.86593565950552, 25.685503482367636], [126.88685728714833, 25.667878615911583], [126.89534412740684, 25.656952791757647], [126.90587275712747, 25.628402101147664], [126.90355063748906, 25.59985141053768], [126.88685728714836, 25.57877548671925], [126.85593166852986, 25.585566690294563], [126.84268262504254, 25.59985141053768]]]}, "properties": {"fillColor": "#00FF00", "fillOpacity": 0.7, "color": "#000000", "weight": 0.2, "stroke": false}}, {"type": "Feature", "geometry": {"type": "Polygon", "coordinates": [[[127.25796471057025, 24.95444166317835], [127.26769296076388, 24.97173621711804], [127.25796471057026, 24.98648567234191], [127.24071316587292, 25.000286907728025], [127.22703909195175, 25.008433277138437], [127.21650456927514, 25.000286907728025], [127.22703909195175, 24.979768732446104], [127.23399790164473, 24.97173621711804], [127.25796471057025, 24.95444166317835]]]}, "properties": {"fillColor": "#00FF00", "fillOpacity": 0.7, "color": "#000000", "weight": 0.2, "stroke": false}}, {"type": "Feature", "geometry": {"type": "Polygon", "coordinates": [[[126.91778290576684, 26.36776646468884], [126.92349321335206, 26.37072005700724], [126.94870852438532, 26.37925132277744], [126.97451214757369, 26.399270747617223], [126.97963414300382, 26.402755516762625], [127.00333828697096, 26.427821438227205], [127.01055976162232, 26.437545746035887], [127.02451364481986, 26.45637212883719], [127.04002457181191, 26.484922819447178], [127.0414853802408, 26.487678965691924], [127.05797503456081, 26.513473510057157], [127.07023291093347, 26.542024200667143], [127.0724109988593, 26.550213175461955], [127.08008853483169, 26.570574891277126], [127.08838934894732, 26.599125581887108], [127.1033366174778, 26.620176971680543], [127.11231034688663, 26.627676272497094], [127.13426223609628, 26.637721699176957], [127.16518785471477, 26.651188484104093], [127.17503535421488, 26.65622696310708], [127.19611347333326, 26.666345054336986], [127.22073028067585, 26.68477765371706], [127.22703909195175, 26.69508229373305], [127.23807953098125, 26.713328344327042], [127.23421670473397, 26.74187903493703], [127.22703909195175, 26.750901587915994], [127.2052462114124, 26.77042972554701], [127.19611347333324, 26.77575565004853], [127.16518785471477, 26.78552591390593], [127.13426223609628, 26.787666142650142], [127.1033366174778, 26.784006705977887], [127.0724109988593, 26.775047414321705], [127.05905161856013, 26.77042972554701], [127.0414853802408, 26.76687479515546], [127.01055976162232, 26.76143671525766], [126.97963414300384, 26.75610395797859], [126.94870852438532, 26.74979138165032], [126.91778290576684, 26.742361887176298], [126.91598800438112, 26.74187903493703], [126.88685728714835, 26.736865711131085], [126.85593166852985, 26.72962987985843], [126.82500604991137, 26.71810022088832], [126.81612966840522, 26.713328344327046], [126.79408043129288, 26.70165722001913], [126.77397383845286, 26.68477765371706], [126.76315481267439, 26.664549814265065], [126.75852948880704, 26.656226963107077], [126.75932870429813, 26.627676272497098], [126.76315481267439, 26.6196560315402], [126.77110015476075, 26.599125581887108], [126.79408043129288, 26.571882437710627], [126.795478410275, 26.570574891277126], [126.82500604991137, 26.543059728637118], [126.82594381715157, 26.542024200667143], [126.84480070224468, 26.51347351005716], [126.85593166852986, 26.4950656688931], [126.86065473210066, 26.484922819447174], [126.86738719825752, 26.45637212883719], [126.87192357766325, 26.427821438227205], [126.87891592289921, 26.399270747617226], [126.88685728714835, 26.381918494297924], [126.90791630534385, 26.37072005700724], [126.91778290576684, 26.36776646468884]]]}, "properties": {"fillColor": "#00FF00", "fillOpacity": 0.7, "color": "#000000", "weight": 0.2, "stroke": false}}, {"type": "Feature", "geometry": {"type": "Polygon", "coordinates": [[[126.91329169100376, 26.427821438227205], [126.90133712938687, 26.45637212883719], [126.89467852745116, 26.484922819447178], [126.88685728714835, 26.50815817380853], [126.8846435361359, 26.513473510057157], [126.86643036613674, 26.542024200667143], [126.85593166852986, 26.55261767720952], [126.83967432692793, 26.570574891277126], [126.82500604991135, 26.581506154426613], [126.80608803652655, 26.599125581887108], [126.79408043129288, 26.618251171719592], [126.78884603899849, 26.62767627249709], [126.79015211427502, 26.656226963107077], [126.79408043129288, 26.66153665470704], [126.81693637312839, 26.684777653717056], [126.82500604991137, 26.69013533455602], [126.85593166852986, 26.70334661534787], [126.88685728714835, 26.711877563987628], [126.89293503533034, 26.71332834432704], [126.91778290576684, 26.720202419778204], [126.94870852438532, 26.72723364537554], [126.97963414300382, 26.73363622518441], [127.01055976162232, 26.739244231835144], [127.02372739253768, 26.74187903493703], [127.0414853802408, 26.746765197035455], [127.0724109988593, 26.755365263141158], [127.10333661747781, 26.761859182544697], [127.13426223609628, 26.76421196941972], [127.16518785471476, 26.758997246534847], [127.19445749703324, 26.74187903493703], [127.19611347333327, 26.7368471652511], [127.20233082941654, 26.713328344327042], [127.19611347333326, 26.704765376759795], [127.17958238468253, 26.68477765371706], [127.16518785471479, 26.675983981788065], [127.13426223609628, 26.661013596212037], [127.12529849591037, 26.656226963107077], [127.1033366174778, 26.644042183113235], [127.08176190021202, 26.62767627249709], [127.0724109988593, 26.615734231971686], [127.06404634429585, 26.599125581887108], [127.05613743207309, 26.570574891277126], [127.04418008901428, 26.542024200667143], [127.0414853802408, 26.53716825905073], [127.02881151686995, 26.513473510057153], [127.01242178041069, 26.484922819447174], [127.01055976162232, 26.482083040468087], [126.9928669915517, 26.45637212883719], [126.9796341430038, 26.440005096026567], [126.96242868566182, 26.427821438227205], [126.94870852438532, 26.418251165425183], [126.91778290576684, 26.42203726584757], [126.91329169100376, 26.427821438227205]]]}, "properties": {"fillColor": "#00FF00", "fillOpacity": 0.7, "color": "#000000", "weight": 0.2, "stroke": false}}, {"type": "Feature", "geometry": {"type": "Polygon", "coordinates": [[[126.79408043129288, 28.931183004103975], [126.82500604991137, 28.932192927912084], [126.84665625105463, 28.940282211905767], [126.85593166852986, 28.94226506030347], [126.88685728714836, 28.955588636460497], [126.90432417982866, 28.968832902515754], [126.91778290576684, 28.978090620505846], [126.93946583058082, 28.997383593125733], [126.94870852438532, 29.005059758905748], [126.97736675568562, 29.02593428373572], [126.97963414300382, 29.02715446214935], [127.01055976162232, 29.03558483783529], [127.0414853802408, 29.041932163006443], [127.0724109988593, 29.0530297250962], [127.07535190012764, 29.054484974345698], [127.09985156898043, 29.083035664955688], [127.09500015650056, 29.11158635556567], [127.07241099885931, 29.13647943252339], [127.06971003987505, 29.140137046175653], [127.0414853802408, 29.160804182520547], [127.02565696575826, 29.168687736785635], [127.01055976162232, 29.17610906058149], [126.9796341430038, 29.184058288233388], [126.94870852438532, 29.185042088746858], [126.91778290576684, 29.179919870164245], [126.89220663511169, 29.168687736785643], [126.88685728714835, 29.16740749824615], [126.85593166852988, 29.15536154290238], [126.83340522727778, 29.140137046175653], [126.82500604991137, 29.136369073780138], [126.79408043129288, 29.115062116833293], [126.78986106573446, 29.11158635556567], [126.76315481267439, 29.084960480050253], [126.76131641022242, 29.083035664955688], [126.74091081881062, 29.0544849743457], [126.7346658318429, 29.02593428373572], [126.73526109364957, 28.997383593125736], [126.74268992723299, 28.96883290251575], [126.76315481267439, 28.94385940294084], [126.7705175905524, 28.940282211905767], [126.79408043129288, 28.931183004103975]]]}, "properties": {"fillColor": "#00FF00", "fillOpacity": 0.7, "color": "#000000", "weight": 0.2, "stroke": false}}, {"type": "Feature", "geometry": {"type": "Polygon", "coordinates": [[[126.77827268584207, 28.96883290251575], [126.7631548126744, 28.98859360968079], [126.75855155510513, 28.997383593125736], [126.75349291459551, 29.025934283735715], [126.76315481267437, 29.052942300355028], [126.76347219542889, 29.054484974345698], [126.78062168592953, 29.083035664955688], [126.79408043129288, 29.095850319260663], [126.81449690087604, 29.11158635556567], [126.82500604991137, 29.11946284379888], [126.85593166852986, 29.13649974006597], [126.86638962715577, 29.140137046175653], [126.88685728714835, 29.15214930396764], [126.91778290576686, 29.162016041461833], [126.94870852438532, 29.165328741793815], [126.97963414300382, 29.163107507630613], [127.01055976162232, 29.15179993465319], [127.02831972009659, 29.140137046175656], [127.0414853802408, 29.121479321192034], [127.04947348279892, 29.11158635556567], [127.04480616198262, 29.083035664955688], [127.0414853802408, 29.080278009854837], [127.01055976162233, 29.06010653289275], [127.00082112202142, 29.054484974345698], [126.9796341430038, 29.04456413296416], [126.94870852438532, 29.027171602169464], [126.94684965069553, 29.02593428373572], [126.91778290576684, 29.000715060144238], [126.91331216122798, 28.997383593125736], [126.88685728714835, 28.97662855776925], [126.86958832230255, 28.96883290251575], [126.85593166852988, 28.96104801719243], [126.82500604991137, 28.95363979996703], [126.79408043129288, 28.957869237514977], [126.77827268584207, 28.96883290251575]]]}, "properties": {"fillColor": "#00FF00", "fillOpacity": 0.7, "color": "#000000", "weight": 0.2, "stroke": false}}, {"type": "Feature", "geometry": {"type": "Polygon", "coordinates": [[[143.30836077356716, 9.381291331450523], [143.32295068823782, 9.383059144066966], [143.33928639218564, 9.384952546364184], [143.37021201080415, 9.391533471293718], [143.40113762942264, 9.402422735128962], [143.41563805569058, 9.411609834676948], [143.43206324804112, 9.434827965162608], [143.43533337156012, 9.440160525286933], [143.4330763730093, 9.468711215896917], [143.43206324804112, 9.472053763990832], [143.42532651007758, 9.4972619065069], [143.40113762942264, 9.516807391990977], [143.37021201080415, 9.51905970752907], [143.33928639218564, 9.508381696074885], [143.32303710257662, 9.4972619065069], [143.30836077356716, 9.484192494771687], [143.29402372841673, 9.468711215896917], [143.2774934222211, 9.440160525286933], [143.27743515494865, 9.439925571125766], [143.26892364575684, 9.411609834676948], [143.27743515494865, 9.396836381586098], [143.30175765688753, 9.383059144066966], [143.30836077356716, 9.381291331450523]]]}, "properties": {"fillColor": "#FFFF00", "fillOpacity": 0.7, "color": "#000000", "weight": 0.2, "stroke": false}}, {"type": "Feature", "geometry": {"type": "Polygon", "coordinates": [[[143.30119893175038, 9.411609834676948], [143.30235258761599, 9.440160525286933], [143.30836077356716, 9.449831580783206], [143.3201004102087, 9.468711215896917], [143.33928639218564, 9.485945475759028], [143.37021201080415, 9.49517547878166], [143.3883160284171, 9.468711215896917], [143.38222930644793, 9.440160525286933], [143.37021201080415, 9.429260279495022], [143.34710542551557, 9.411609834676948], [143.33928639218564, 9.40859835002825], [143.30836077356716, 9.406216475919527], [143.30119893175038, 9.411609834676948]]]}, "properties": {"fillColor": "#FFFF00", "fillOpacity": 0.7, "color": "#000000", "weight": 0.2, "stroke": false}}, {"type": "Feature", "geometry": {"type": "Polygon", "coordinates": [[[135.02029498381154, 9.835452024586894], [135.05122060243002, 9.827176955452611], [135.0821462210485, 9.828115314109166], [135.10712417173053, 9.839870193826705], [135.113071839667, 9.843200251854384], [135.13819693735982, 9.868420884436688], [135.1439974582855, 9.879506095121835], [135.1556936823374, 9.89697157504667], [135.16999557638462, 9.925522265656655], [135.17492307690398, 9.932972308341009], [135.196349007788, 9.95407295626664], [135.20584869552246, 9.962533823421891], [135.23001109193038, 9.982623646876622], [135.23677431414097, 9.988559292167258], [135.26288658699545, 10.011174337486608], [135.26769993275946, 10.014953906864], [135.29454160423248, 10.03972502809659], [135.29446875774659, 10.068275718706573], [135.27708013538128, 10.096826409316556], [135.26769993275946, 10.107637902365186], [135.25183422575287, 10.12537709992654], [135.23677431414097, 10.136438741602174], [135.20977588834913, 10.153927790536525], [135.20584869552246, 10.156140308167569], [135.17492307690398, 10.171254899634867], [135.1439974582855, 10.180965123603404], [135.13725559203775, 10.182478481146507], [135.113071839667, 10.18905821007924], [135.0821462210485, 10.194565421986745], [135.05122060243002, 10.198040210431252], [135.02029498381154, 10.200204956323171], [134.98936936519303, 10.201677440623943], [134.95844374657455, 10.202867878326149], [134.92751812795603, 10.203653962217224], [134.89659250933755, 10.20321715494552], [134.86566689071907, 10.19975119295357], [134.8347412721006, 10.19269746983759], [134.80381565348208, 10.186626927367572], [134.7728900348636, 10.184822381561697], [134.7419644162451, 10.186211608158485], [134.7110387976266, 10.18886047116819], [134.68011317900812, 10.191375579768351], [134.64918756038963, 10.192437279570514], [134.61826194177115, 10.191813182518288], [134.58733632315264, 10.190634991259108], [134.55641070453416, 10.187873924207114], [134.52740908884053, 10.182478481146507], [134.52548508591568, 10.182052075444789], [134.49455946729717, 10.170945288364926], [134.46538605998592, 10.153927790536525], [134.46363384867868, 10.151059778173384], [134.44845811745114, 10.125377099926538], [134.45222174061632, 10.096826409316556], [134.46363384867868, 10.07766356866858], [134.46836905409467, 10.068275718706573], [134.49252042750106, 10.03972502809659], [134.49455946729717, 10.037861896204804], [134.52548508591568, 10.016601429784554], [134.54184262803844, 10.011174337486608], [134.55641070453416, 10.006745380468772], [134.58733632315264, 10.003404877728567], [134.61826194177115, 10.003600101010296], [134.64918756038963, 10.005336522410644], [134.68011317900812, 10.006297770899454], [134.7110387976266, 10.002265148859305], [134.7419644162451, 9.991574516264228], [134.75776140405156, 9.982623646876622], [134.77289003486362, 9.972215945062668], [134.79897929511813, 9.95407295626664], [134.80381565348208, 9.950547278800446], [134.8347412721006, 9.930809922118163], [134.84493749913923, 9.925522265656655], [134.86566689071907, 9.912945988435293], [134.89659250933755, 9.898356818730978], [134.89945320571718, 9.89697157504667], [134.92751812795603, 9.87995475838365], [134.951227335409, 9.868420884436688], [134.95844374657455, 9.863909813040934], [134.98936936519303, 9.847744418352328], [135.0112954980932, 9.839870193826705], [135.02029498381154, 9.835452024586894]]]}, "properties": {"fillColor": "#FFFF00", "fillOpacity": 0.7, "color": "#000000", "weight": 0.2, "stroke": false}}, {"type": "Feature", "geometry": {"type": "Polygon", "coordinates": [[[134.9781990098427, 9.868420884436688], [134.95844374657455, 9.877566902044848], [134.92751812795603, 9.895259547258084], [134.92469457242805, 9.89697157504667], [134.89659250933755, 9.91057952228963], [134.8707407226188, 9.925522265656655], [134.86566689071907, 9.9278757833221], [134.8347412721006, 9.944953662611255], [134.82128772421055, 9.95407295626664], [134.80381565348205, 9.965547213508446], [134.78170308611791, 9.982623646876622], [134.7728900348636, 9.989397830955909], [134.7419644162451, 10.008605277122095], [134.73536507035362, 10.011174337486606], [134.7110387976266, 10.018558879615904], [134.68011317900812, 10.022749757646455], [134.64918756038963, 10.024048629695349], [134.61826194177115, 10.025338426977413], [134.58733632315264, 10.029071864286994], [134.55641070453416, 10.038324072623405], [134.55353694069288, 10.03972502809659], [134.52548508591568, 10.059745054018531], [134.5169113613785, 10.068275718706573], [134.5024806725532, 10.096826409316556], [134.5035199673467, 10.12537709992654], [134.52548508591568, 10.148044071688936], [134.53617460843287, 10.153927790536525], [134.55641070453416, 10.159736462401023], [134.58733632315264, 10.164971319192194], [134.61826194177115, 10.168336839378473], [134.64918756038963, 10.170973230726329], [134.68011317900812, 10.172110871992516], [134.7110387976266, 10.171686542084563], [134.7419644162451, 10.170716479976356], [134.77289003486356, 10.170184536956391], [134.80381565348208, 10.170816652603872], [134.8347412721006, 10.173903720269973], [134.86566689071907, 10.17950518908277], [134.88703912084745, 10.182478481146507], [134.89659250933755, 10.18431026708374], [134.92751812795603, 10.186481497112707], [134.95844374657455, 10.186529131598295], [134.98936936519303, 10.185528667732557], [135.02029498381154, 10.183837824675011], [135.0357465705905, 10.182478481146507], [135.05122060243002, 10.181476270157567], [135.0821462210485, 10.178123273182171], [135.113071839667, 10.172697296289194], [135.1439974582855, 10.164318480705976], [135.1697233784194, 10.153927790536525], [135.17492307690398, 10.151621430802187], [135.20584869552246, 10.133451451851037], [135.21719681102297, 10.12537709992654], [135.23677431414097, 10.1043016646558], [135.2437469798415, 10.096826409316556], [135.26226148111056, 10.068275718706573], [135.23836105752505, 10.03972502809659], [135.23677431414097, 10.038466022570603], [135.20584869552246, 10.013774388161272], [135.20299824391398, 10.011174337486606], [135.17492307690398, 9.984800014586956], [135.17279715814655, 9.982623646876622], [135.14632982257203, 9.95407295626664], [135.1439974582855, 9.950040417872067], [135.13625374609583, 9.925522265656657], [135.1309978092285, 9.89697157504667], [135.11347978451505, 9.868420884436688], [135.113071839667, 9.868011388431848], [135.0821462210485, 9.847193057000679], [135.05122060243002, 9.843646834860298], [135.02029498381154, 9.849775497000492], [134.98936936519303, 9.86214569877392], [134.9781990098427, 9.868420884436688]]]}, "properties": {"fillColor": "#FFFF00", "fillOpacity": 0.7, "color": "#000000", "weight": 0.2, "stroke": false}}, {"type": "Feature", "geometry": {"type": "Polygon", "coordinates": [[[133.84512147630886, 10.159156901943621], [133.87604709492734, 10.154311194197987], [133.90697271354583, 10.168180653272492], [133.9194131534563, 10.182478481146507], [133.9239277404676, 10.211029171756492], [133.9141318408376, 10.239579862366476], [133.90697271354583, 10.248679408841966], [133.87604709492734, 10.268040705452421], [133.84512147630886, 10.26738417851157], [133.81419585769038, 10.24086986121576], [133.81337650831645, 10.239579862366478], [133.8083729752274, 10.211029171756492], [133.81419585769038, 10.187468339797158], [133.8160624484486, 10.182478481146507], [133.84512147630886, 10.159156901943621]]]}, "properties": {"fillColor": "#FFFF00", "fillOpacity": 0.7, "color": "#000000", "weight": 0.2, "stroke": false}}, {"type": "Feature", "geometry": {"type": "Polygon", "coordinates": [[[144.66908799278076, 10.455878872671173], [144.70001361139924, 10.450630531247832], [144.73093923001775, 10.449245715778442], [144.76186484863624, 10.452428501210925], [144.79279046725472, 10.465318930814012], [144.79847188161202, 10.467985387246344], [144.82371608587323, 10.476138814205683], [144.85464170449168, 10.49412383778983], [144.8584889539827, 10.496536077856327], [144.8855673231102, 10.510538604547978], [144.90902349879718, 10.525086768466313], [144.91649294172868, 10.529168525450352], [144.94741856034716, 10.545339953729089], [144.96311078447425, 10.553637459076295], [144.97834417896567, 10.559519181521772], [145.00926979758418, 10.575268594180097], [145.02031699993205, 10.582188149686278], [145.04019541620266, 10.59172014126501], [145.0644792777776, 10.610738840296262], [145.07112103482115, 10.616925546933118], [145.09150933502542, 10.639289530906247], [145.0981739079964, 10.66784022151623], [145.08201690441126, 10.696390912126212], [145.07112103482115, 10.705125000351163], [145.04019541620266, 10.720827677277265], [145.01742378108514, 10.724941602736198], [145.00926979758418, 10.726947677222896], [144.97834417896567, 10.729561221317269], [144.9474185603472, 10.731471810785768], [144.91649294172868, 10.735164092067949], [144.8855673231102, 10.739782924322913], [144.8546417044917, 10.743057448431095], [144.82371608587323, 10.743013873446353], [144.79279046725472, 10.737698792926238], [144.76186484863624, 10.727613178986392], [144.75748374857878, 10.724941602736198], [144.73745603601807, 10.696390912126214], [144.73878707549488, 10.66784022151623], [144.73093923001775, 10.65731389564902], [144.7188052602208, 10.639289530906247], [144.70001361139924, 10.623668990622496], [144.68688955663708, 10.610738840296264], [144.66908799278076, 10.589551622293094], [144.6622103328648, 10.582188149686276], [144.6441957242715, 10.553637459076295], [144.63816237416228, 10.533418993750047], [144.63236290661303, 10.525086768466313], [144.62506663610412, 10.496536077856327], [144.63816237416228, 10.472717783465004], [144.6419624054546, 10.467985387246344], [144.66908799278076, 10.455878872671173]]]}, "properties": {"fillColor": "#FFFF00", "fillOpacity": 0.7, "color": "#000000", "weight": 0.2, "stroke": false}}, {"type": "Feature", "geometry": {"type": "Polygon", "coordinates": [[[144.671402489045, 10.467985387246344], [144.66908799278076, 10.468738845691352], [144.64147144510198, 10.496536077856328], [144.64255861753696, 10.525086768466315], [144.65200308152333, 10.553637459076295], [144.66908799278076, 10.576524040373256], [144.67173456990795, 10.582188149686278], [144.70001361139924, 10.61060357313492], [144.70019734306712, 10.610738840296264], [144.73093923001775, 10.637868508553165], [144.73310906873297, 10.639289530906247], [144.75650180715255, 10.66784022151623], [144.76186484863624, 10.678714178468738], [144.77485137387828, 10.696390912126216], [144.79279046725472, 10.712187292648121], [144.82371608587323, 10.724125884516528], [144.8325069079363, 10.724941602736198], [144.8546417044917, 10.727094978659984], [144.87302959668946, 10.724941602736198], [144.8855673231102, 10.723808915362854], [144.91649294172868, 10.719197118619594], [144.9474185603472, 10.71576524903609], [144.97834417896567, 10.714399879037838], [145.00926979758418, 10.712262268719591], [145.04019541620266, 10.704767892175575], [145.05473479114607, 10.696390912126214], [145.07112103482115, 10.681700191675612], [145.08077238229848, 10.66784022151623], [145.07237555502184, 10.639289530906247], [145.07112103482115, 10.637913444161367], [145.04194765919164, 10.610738840296262], [145.04019541620266, 10.609366513990825], [145.00926979758418, 10.590401006125802], [144.99099926384608, 10.582188149686278], [144.97834417896567, 10.574787336346015], [144.9474185603472, 10.560374501592523], [144.93336883228267, 10.553637459076295], [144.91649294172868, 10.543357537181294], [144.8855673231102, 10.526036525462516], [144.88405366069685, 10.525086768466313], [144.8546417044917, 10.505621889923507], [144.8392835823316, 10.496536077856327], [144.82371608587323, 10.486940083027424], [144.79279046725472, 10.473074488562677], [144.77582102733905, 10.467985387246344], [144.76186484863624, 10.46167363951681], [144.73093923001775, 10.456900137603307], [144.70001361139924, 10.459390201248613], [144.671402489045, 10.467985387246344]]]}, "properties": {"fillColor": "#FFFF00", "fillOpacity": 0.7, "color": "#000000", "weight": 0.2, "stroke": false}}, {"type": "Feature", "geometry": {"type": "Polygon", "coordinates": [[[129.39183239524613, 10.549556532895158], [129.4227580138646, 10.541544468615257], [129.4536836324831, 10.542335995341897], [129.4846092511016, 10.551607802226375], [129.48865216966158, 10.553637459076297], [129.5155348697201, 10.56313782173494], [129.5464604883386, 10.576532024697608], [129.56001601805625, 10.582188149686278], [129.57738610695708, 10.58740290820663], [129.60831172557556, 10.59492961389262], [129.63923734419407, 10.604508885461197], [129.6568718685545, 10.610738840296262], [129.67016296281255, 10.615972749755736], [129.70108858143104, 10.6313500557039], [129.7143711413099, 10.639289530906247], [129.73201420004955, 10.649912052299172], [129.76293981866803, 10.66523935283647], [129.7679276385466, 10.667840221516228], [129.7779185367066, 10.696390912126212], [129.76293981866803, 10.705952708398215], [129.740369593563, 10.724941602736198], [129.73201420004955, 10.729833816178981], [129.70108858143104, 10.748767128006232], [129.69157340208804, 10.75349229334618], [129.67016296281255, 10.763517749421707], [129.63923734419407, 10.771706552054543], [129.60831172557556, 10.77533986414327], [129.57738610695708, 10.77589319241941], [129.5464604883386, 10.773321550336213], [129.5155348697201, 10.767401190787975], [129.4846092511016, 10.763863717756902], [129.45368363248312, 10.756634347863105], [129.44216542899238, 10.75349229334618], [129.4227580138646, 10.75105001474286], [129.39183239524613, 10.750415532673248], [129.36090677662764, 10.74866623980465], [129.32998115800916, 10.739745133969944], [129.31103113775293, 10.724941602736198], [129.29905553939065, 10.706118550018587], [129.29379245044078, 10.696390912126214], [129.28967361369916, 10.66784022151623], [129.29800735010184, 10.639289530906247], [129.29905553939065, 10.637629862123696], [129.3112898752978, 10.610738840296262], [129.32998115800916, 10.589905871881927], [129.33855644937466, 10.582188149686278], [129.36090677662764, 10.563742475669592], [129.3845677675001, 10.553637459076295], [129.39183239524613, 10.549556532895158]]]}, "properties": {"fillColor": "#FFFF00", "fillOpacity": 0.7, "color": "#000000", "weight": 0.2, "stroke": false}}, {"type": "Feature", "geometry": {"type": "Polygon", "coordinates": [[[129.35723292582273, 10.582188149686278], [129.32998115800916, 10.606714613495011], [129.32637063264664, 10.610738840296262], [129.30815813567767, 10.639289530906247], [129.3030999946372, 10.66784022151623], [129.30813697436588, 10.696390912126214], [129.32998115800916, 10.722094678987766], [129.33482046860303, 10.724941602736198], [129.36090677662764, 10.737145275543607], [129.39183239524613, 10.74170164433841], [129.4227580138646, 10.743617973061994], [129.45368363248312, 10.748230945662101], [129.4846092511016, 10.751520066910103], [129.5155348697201, 10.753117376991188], [129.51793324583028, 10.75349229334618], [129.5464604883386, 10.760426213513139], [129.57738610695708, 10.763935042569289], [129.60831172557556, 10.762931798545338], [129.63923734419407, 10.757154791918008], [129.64999468703073, 10.75349229334618], [129.67016296281253, 10.746458793631115], [129.70108858143104, 10.728635089739441], [129.70674869635707, 10.724941602736198], [129.72987923283483, 10.696390912126214], [129.70492873666666, 10.66784022151623], [129.70108858143104, 10.66545634763497], [129.67016296281255, 10.641336138221575], [129.66766819321913, 10.639289530906247], [129.63923734419407, 10.623954428442822], [129.60831172557556, 10.612215208060373], [129.6039063458891, 10.610738840296262], [129.57738610695708, 10.601697024681654], [129.5464604883386, 10.59064181035807], [129.52373335926524, 10.582188149686278], [129.5155348697201, 10.578280764440374], [129.4846092511016, 10.563823812859352], [129.45368363248312, 10.556667587017325], [129.4227580138646, 10.555990030623068], [129.39183239524613, 10.561755262897563], [129.36090677662764, 10.579156129010855], [129.35723292582273, 10.582188149686278]]]}, "properties": {"fillColor": "#FFFF00", "fillOpacity": 0.7, "color": "#000000", "weight": 0.2, "stroke": false}}, {"type": "Feature", "geometry": {"type": "Polygon", "coordinates": [[[131.34014636821107, 10.545930277735208], [131.37107198682958, 10.53704804275528], [131.40199760544806, 10.539810844101488], [131.42344163988284, 10.553637459076295], [131.43292322406654, 10.565550333268394], [131.44893851624252, 10.582188149686278], [131.46384884268502, 10.607844514127736], [131.47050304054656, 10.610738840296262], [131.49477446130354, 10.624011436453063], [131.5185785264058, 10.639289530906247], [131.52570007992202, 10.651114118805491], [131.5291709352899, 10.66784022151623], [131.52646017561443, 10.696390912126214], [131.52570007992202, 10.699449719818725], [131.5184425546944, 10.724941602736198], [131.49778928791284, 10.75349229334618], [131.49477446130354, 10.756956226952783], [131.47252683388976, 10.782042983956163], [131.46384884268502, 10.791054750295533], [131.4475663552169, 10.81059367456615], [131.43292322406654, 10.824843885906295], [131.42001170624144, 10.839144365176132], [131.40199760544806, 10.855872044203924], [131.3887175578343, 10.867695055786115], [131.37107198682958, 10.881775030573875], [131.3456933872007, 10.896245746396099], [131.34014636821107, 10.899485019109397], [131.30922074959258, 10.912344492596883], [131.2782951309741, 10.92023184349637], [131.25946140627522, 10.924796437006083], [131.2473695123556, 10.928701483046709], [131.2164438937371, 10.930848343044763], [131.18551827511862, 10.93362720092663], [131.15459265650014, 10.943149033811789], [131.12839986644337, 10.953347127616066], [131.12366703788163, 10.955626106210417], [131.09274141926315, 10.967643844773342], [131.06181580064467, 10.973068974471786], [131.03089018202616, 10.971885984628255], [130.99996456340767, 10.958987558265047], [130.99346330473495, 10.953347127616066], [130.9761349568517, 10.924796437006083], [130.9711401678319, 10.896245746396099], [130.97130870012282, 10.867695055786115], [130.97526222920274, 10.839144365176132], [130.98460083541949, 10.81059367456615], [130.99996456340767, 10.787144107357015], [131.00369006207026, 10.782042983956163], [131.03089018202616, 10.755974872351032], [131.0336048544185, 10.75349229334618], [131.06181580064467, 10.729218480738652], [131.06718406046508, 10.724941602736198], [131.09274141926315, 10.703421116276047], [131.10736963934227, 10.696390912126214], [131.12366703788163, 10.687993281085568], [131.15459265650014, 10.678474242423512], [131.18551827511862, 10.66940882975841], [131.1886613319881, 10.66784022151623], [131.2164438937371, 10.653187550561753], [131.23790653464454, 10.639289530906247], [131.2473695123556, 10.631353478218532], [131.26639348627768, 10.610738840296262], [131.27829513097407, 10.597033575286122], [131.29256542904184, 10.582188149686278], [131.30922074959258, 10.565069934421814], [131.32851518374795, 10.553637459076295], [131.34014636821107, 10.545930277735208]]]}, "properties": {"fillColor": "#FFFF00", "fillOpacity": 0.7, "color": "#000000", "weight": 0.2, "stroke": false}}, {"type": "Feature", "geometry": {"type": "Polygon", "coordinates": [[[131.31366453942377, 10.58218814968628], [131.30922074959258, 10.584970393817185], [131.28306984504314, 10.610738840296262], [131.2782951309741, 10.614900991650682], [131.2539860520285, 10.639289530906247], [131.2473695123556, 10.644659527863471], [131.21761462730805, 10.66784022151623], [131.2164438937371, 10.668822640261938], [131.18551827511862, 10.68492475221036], [131.16191848178357, 10.696390912126214], [131.15459265650014, 10.70013231130999], [131.12366703788163, 10.712921112301867], [131.10366050715953, 10.724941602736198], [131.09274141926315, 10.731479490726423], [131.066096506714, 10.75349229334618], [131.06181580064467, 10.757200272358364], [131.03471328777357, 10.782042983956163], [131.03089018202616, 10.78639452947318], [131.0109993338811, 10.81059367456615], [130.99996456340767, 10.834624737810357], [130.99797661196857, 10.839144365176132], [130.99183535232885, 10.867695055786115], [130.99264120600236, 10.896245746396099], [130.99996456340767, 10.91787031747679], [131.00324478450327, 10.924796437006083], [131.03089018202616, 10.947084320793744], [131.06181580064467, 10.950845904166286], [131.09274141926315, 10.944898880687749], [131.12366703788163, 10.932780097946313], [131.14134714713788, 10.924796437006083], [131.15459265650014, 10.920071833325148], [131.18551827511862, 10.912233374149217], [131.2164438937371, 10.910085241111624], [131.2473695123556, 10.912295525630181], [131.2782951309741, 10.904410226391013], [131.29802577795596, 10.896245746396099], [131.30922074959258, 10.891953826963078], [131.34014636821107, 10.877643596488904], [131.35506239569193, 10.867695055786115], [131.37107198682958, 10.856156989591007], [131.38997358856784, 10.839144365176132], [131.40199760544806, 10.825228470060061], [131.41576599952975, 10.81059367456615], [131.43292322406654, 10.784382812595993], [131.4349270226779, 10.782042983956163], [131.4514423863331, 10.75349229334618], [131.451210095977, 10.724941602736198], [131.44003183736586, 10.696390912126214], [131.43351308829378, 10.66784022151623], [131.43292322406654, 10.661910318904532], [131.43223760769874, 10.639289530906247], [131.43091898744126, 10.610738840296262], [131.42392137038044, 10.582188149686278], [131.40199760544806, 10.558510619914811], [131.37107198682958, 10.555081260740684], [131.34014636821107, 10.563144928999268], [131.31366453942377, 10.58218814968628]]]}, "properties": {"fillColor": "#FFFF00", "fillOpacity": 0.7, "color": "#000000", "weight": 0.2, "stroke": false}}, {"type": "Feature", "geometry": {"type": "Polygon", "coordinates": [[[130.13404724208993, 10.686321928490614], [130.16497286070842, 10.67889852686481], [130.1958984793269, 10.682620253241929], [130.22682409794538, 10.69180015168077], [130.23681764683909, 10.696390912126214], [130.2577497165639, 10.705705372871758], [130.28064067025292, 10.724941602736198], [130.28867533518238, 10.736903760435602], [130.30013637079875, 10.75349229334618], [130.30479848128198, 10.782042983956163], [130.28867533518238, 10.809332253817137], [130.28757450031125, 10.81059367456615], [130.2577497165639, 10.826330640405171], [130.22682409794538, 10.832814351651487], [130.1958984793269, 10.834048983711474], [130.16497286070842, 10.831126974762167], [130.13404724208993, 10.82286269538648], [130.11304538029393, 10.81059367456615], [130.10312162347142, 10.805220164417673], [130.07219600485294, 10.791234210909515], [130.05739110643472, 10.782042983956163], [130.0418175890188, 10.75349229334618], [130.05833690490817, 10.724941602736198], [130.07219600485294, 10.717796655953343], [130.10312162347142, 10.703392470534196], [130.11693871703304, 10.696390912126214], [130.13404724208993, 10.686321928490614]]]}, "properties": {"fillColor": "#FFFF00", "fillOpacity": 0.7, "color": "#000000", "weight": 0.2, "stroke": false}}, {"type": "Feature", "geometry": {"type": "Polygon", "coordinates": [[[130.14604043808617, 10.696390912126216], [130.13404724208993, 10.69887409092297], [130.10312162347142, 10.715786600669905], [130.0872248300363, 10.724941602736198], [130.07219600485294, 10.743856907975287], [130.0642251050827, 10.75349229334618], [130.07219600485294, 10.765399375896166], [130.08322191706048, 10.782042983956163], [130.10312162347142, 10.793004957029712], [130.13404724208993, 10.810025028490422], [130.1362223176629, 10.810593674566148], [130.16497286070842, 10.820389820777638], [130.1958984793269, 10.823190852988892], [130.22682409794538, 10.81966102080651], [130.2530318961121, 10.81059367456615], [130.2577497165639, 10.80807984447425], [130.28281377076254, 10.782042983956163], [130.28020583133977, 10.75349229334618], [130.25832517099724, 10.724941602736198], [130.2577497165639, 10.724458024205262], [130.22682409794538, 10.706459163806088], [130.1958984793269, 10.697085815344677], [130.19212277010888, 10.696390912126214], [130.16497286070842, 10.690762581873578], [130.14604043808617, 10.696390912126216]]]}, "properties": {"fillColor": "#FFFF00", "fillOpacity": 0.7, "color": "#000000", "weight": 0.2, "stroke": false}}, {"type": "Feature", "geometry": {"type": "Polygon", "coordinates": [[[145.13297227205814, 10.860324402131575], [145.16389789067662, 10.86613610176983], [145.16634207251926, 10.867695055786115], [145.1948235092951, 10.894749486740245], [145.19583508056735, 10.896245746396099], [145.21798841491264, 10.924796437006083], [145.22574912791362, 10.936128581734096], [145.24260646369055, 10.953347127616066], [145.2566747465321, 10.97146147849025], [145.26380697475852, 10.98189781822605], [145.28735343374754, 11.010448508836035], [145.28760036515058, 11.010574714021859], [145.31852598376906, 11.014607031901377], [145.3347356705645, 11.010448508836035], [145.34945160238757, 11.00592001211054], [145.38037722100606, 10.99212220161622], [145.40229169894553, 10.98189781822605], [145.41130283962457, 10.975987703410004], [145.44222845824305, 10.958949693010126], [145.45618435890177, 10.953347127616066], [145.47315407686153, 10.942497174243183], [145.50407969548002, 10.931274509110857], [145.53500531409853, 10.92738991795839], [145.565930932717, 10.93076020812346], [145.5968565513355, 10.948860643647494], [145.6019326854076, 10.953347127616064], [145.62702338888903, 10.98189781822605], [145.627782169954, 10.983208700283567], [145.64784946780034, 11.010448508836035], [145.65870778857249, 11.031591630995916], [145.66322942287601, 11.038999199446017], [145.67713251660322, 11.067549890056], [145.68963340719097, 11.087140442942893], [145.69787702146397, 11.096100580665986], [145.72055902580945, 11.115252718097421], [145.72998568631513, 11.124651271275969], [145.74922668539526, 11.153201961885951], [145.75148464442796, 11.159844445181553], [145.75725196258668, 11.181752652495936], [145.75700463177515, 11.21030334310592], [145.75210341118142, 11.238854033715903], [145.75230287072955, 11.267404724325884], [145.75647370932057, 11.295955414935872], [145.75253336844906, 11.324506105545854], [145.75148464442796, 11.325979619615719], [145.7220590273182, 11.353056796155835], [145.72055902580945, 11.35386366222744], [145.68963340719097, 11.362925901056613], [145.65870778857249, 11.364693422657947], [145.627782169954, 11.362403911298898], [145.5968565513355, 11.360499803864451], [145.565930932717, 11.362010838854346], [145.53500531409853, 11.367719146943555], [145.50407969548002, 11.37873675191358], [145.49916061733904, 11.381607486765821], [145.47315407686153, 11.407391426636204], [145.4712839341348, 11.410158177375806], [145.46720354805018, 11.438708867985788], [145.47315407686153, 11.459782362334595], [145.47658133581535, 11.46725955859577], [145.498917444224, 11.495810249205757], [145.50407969548002, 11.50251898707474], [145.51795526774345, 11.52436093981574], [145.52589460714964, 11.552911630425722], [145.52729392405644, 11.581462321035707], [145.52029651418243, 11.610013011645691], [145.50407969548002, 11.629316508332773], [145.49300672141993, 11.638563702255674], [145.47315407686153, 11.653154109395482], [145.44222845824305, 11.658582341530478], [145.41130283962457, 11.652476965498483], [145.3895325206405, 11.638563702255674], [145.38037722100606, 11.633857849358474], [145.35159767385318, 11.610013011645691], [145.34945160238757, 11.608400842907468], [145.31852598376906, 11.585451924979058], [145.31298642359505, 11.581462321035708], [145.28760036515058, 11.568183513974123], [145.26138605219668, 11.552911630425722], [145.2566747465321, 11.550867119068391], [145.22574912791362, 11.538639885782258], [145.20117978111486, 11.52436093981574], [145.19482350929513, 11.521578737640422], [145.16389789067662, 11.505120493317508], [145.15009992882347, 11.495810249205757], [145.13297227205814, 11.485777126075082], [145.10613453022617, 11.467259558595773], [145.10204665343963, 11.464048776946054], [145.07112103482115, 11.450309701929182], [145.04019541620266, 11.441046769895012], [145.02247808632313, 11.438708867985788], [145.00926979758418, 11.43573838148744], [144.97834417896567, 11.427560879064888], [144.9474185603472, 11.413244106656332], [144.9412997963168, 11.410158177375806], [144.94741856034722, 11.39955677010376], [144.9562622162865, 11.38160748676582], [144.97834417896567, 11.37217091291236], [145.00926979758418, 11.359308394169428], [145.03195329154767, 11.353056796155837], [145.04019541620266, 11.350594578703234], [145.07112103482115, 11.34777393430637], [145.10204665343963, 11.352287912168538], [145.13297227205814, 11.347914743943502], [145.15200210805833, 11.324506105545854], [145.13297227205814, 11.305369020343404], [145.11393332374064, 11.295955414935872], [145.10204665343963, 11.292638914784245], [145.07112103482115, 11.28439727838995], [145.04019541620266, 11.271255442033103], [145.03334073188242, 11.267404724325885], [145.00926979758418, 11.256825438127422], [144.97834417896567, 11.24046506876159], [144.97555266692345, 11.238854033715901], [144.9474185603472, 11.220578024534994], [144.93270298059173, 11.21030334310592], [144.91649294172868, 11.190316719166068], [144.90867945212705, 11.181752652495936], [144.9069340517433, 11.153201961885951], [144.91649294172868, 11.1429572749185], [144.93592507323743, 11.124651271275969], [144.9474185603472, 11.117323000960116], [144.9713649647294, 11.096100580665984], [144.97834417896567, 11.088142991734273], [144.99034885673308, 11.067549890056], [144.99971523349745, 11.038999199446017], [145.0059097695134, 11.010448508836035], [145.0064708458997, 10.98189781822605], [145.00831529329918, 10.953347127616066], [145.00926979758418, 10.950580401889539], [145.01716025021517, 10.924796437006083], [145.03937046453493, 10.896245746396099], [145.04019541620266, 10.895426687152048], [145.07112103482115, 10.875661660269495], [145.10204665343963, 10.869055324388542], [145.1100229104172, 10.867695055786115], [145.13297227205814, 10.860324402131575]]]}, "properties": {"fillColor": "#FFFF00", "fillOpacity": 0.7, "color": "#000000", "weight": 0.2, "stroke": false}}, {"type": "Feature", "geometry": {"type": "Polygon", "coordinates": [[[145.06511159558525, 10.8962457463961], [145.04019541620266, 10.92446847239847], [145.03993920578455, 10.924796437006083], [145.03365039204087, 10.953347127616066], [145.03650768601344, 10.98189781822605], [145.04019541620266, 10.99504326449994], [145.0494165544443, 11.010448508836035], [145.05776706215494, 11.038999199446017], [145.07112103482115, 11.061406070909724], [145.10204665343963, 11.056702003255296], [145.13297227205814, 11.04245502581045], [145.14610974948403, 11.038999199446017], [145.16389789067662, 11.036340539764101], [145.1948235092951, 11.033851192468674], [145.22574912791362, 11.024455604125915], [145.23010458124085, 11.010448508836035], [145.22574912791362, 10.999008052899546], [145.22127367156745, 10.98189781822605], [145.20519682171079, 10.953347127616066], [145.1948235092951, 10.938859116985487], [145.1849796307788, 10.924796437006083], [145.16389789067662, 10.902318816151215], [145.15192733867727, 10.896245746396099], [145.13297227205814, 10.888523812732661], [145.10204665343963, 10.887865505177638], [145.07112103482115, 10.892349927914552], [145.06511159558525, 10.8962457463961]]]}, "properties": {"fillColor": "#FFFF00", "fillOpacity": 0.7, "color": "#000000", "weight": 0.2, "stroke": false}}, {"type": "Feature", "geometry": {"type": "Polygon", "coordinates": [[[145.48656753771868, 10.953347127616066], [145.47315407686153, 10.957528752572369], [145.44222845824305, 10.970915729791553], [145.42471757591647, 10.98189781822605], [145.41130283962457, 10.989138345158004], [145.38037722100606, 11.006281955795913], [145.3720424925999, 11.010448508836035], [145.34945160238757, 11.021842590219464], [145.31852598376906, 11.033256002341702], [145.28760036515058, 11.03884824435137], [145.28493498752186, 11.038999199446017], [145.26638474454137, 11.067549890056], [145.28760036515058, 11.085543358801411], [145.29407983706471, 11.096100580665984], [145.30718404612094, 11.124651271275969], [145.29336454881874, 11.153201961885951], [145.28760036515058, 11.157449671345262], [145.2566747465321, 11.164991410447053], [145.22574912791362, 11.163378439555391], [145.19482350929513, 11.158294191549158], [145.17298048226982, 11.153201961885951], [145.16389789067662, 11.149583914745229], [145.13297227205814, 11.137517628980355], [145.10204665343963, 11.12668773843723], [145.08956967077467, 11.124651271275969], [145.07112103482115, 11.116124956412278], [145.05135533868395, 11.124651271275969], [145.04019541620266, 11.127026875130605], [145.00926979758418, 11.147027955906143], [145.00237074351367, 11.153201961885951], [144.98989836784523, 11.181752652495936], [145.00871496150918, 11.21030334310592], [145.00926979758418, 11.21066484928222], [145.04019541620266, 11.230132140456082], [145.05422590086076, 11.238854033715903], [145.07112103482115, 11.246428932819398], [145.10204665343963, 11.257910997261568], [145.12863621185875, 11.267404724325885], [145.13297227205814, 11.268957616012756], [145.16389789067662, 11.2844329861672], [145.17708036704786, 11.295955414935872], [145.18831879812006, 11.324506105545854], [145.16955615262827, 11.353056796155837], [145.16389789067662, 11.355449121436218], [145.13297227205814, 11.362490511794547], [145.10204665343963, 11.367534041725712], [145.07112103482115, 11.374247294891568], [145.05036966193205, 11.38160748676582], [145.0430919027759, 11.410158177375807], [145.07112103482115, 11.426541091781441], [145.08433793974973, 11.438708867985788], [145.10204665343963, 11.448513342143745], [145.12591380836636, 11.467259558595773], [145.13297227205814, 11.472129773777477], [145.16389789067662, 11.492296897272313], [145.1700908910139, 11.495810249205759], [145.1948235092951, 11.511774902006575], [145.22357780981227, 11.52436093981574], [145.22574912791362, 11.525622842873203], [145.2566747465321, 11.54173971684622], [145.28241894185908, 11.552911630425722], [145.28760036515058, 11.555930213947702], [145.31852598376906, 11.574960546629207], [145.32807870813247, 11.581462321035707], [145.34945160238757, 11.59845411671694], [145.36483846233125, 11.610013011645691], [145.38037722100606, 11.622887403896918], [145.410875668741, 11.638563702255674], [145.41130283962457, 11.638836704270801], [145.44222845824305, 11.64629737656658], [145.4688499170308, 11.638563702255672], [145.47315407686153, 11.637378042304103], [145.50407969548002, 11.610858619992303], [145.50479008891145, 11.610013011645691], [145.51225846298772, 11.581462321035707], [145.50407969548002, 11.55441647623749], [145.50362131709937, 11.552911630425724], [145.4859480412206, 11.52436093981574], [145.47315407686153, 11.510424414581573], [145.45783992807492, 11.495810249205757], [145.44222845824305, 11.477153769137493], [145.4352894126808, 11.46725955859577], [145.43153484998783, 11.438708867985788], [145.43710935857735, 11.410158177375806], [145.44222845824305, 11.400426998185953], [145.45498139679938, 11.381607486765821], [145.47315407686153, 11.36649417425707], [145.49554087105363, 11.353056796155837], [145.50407969548002, 11.348866030633802], [145.53500531409853, 11.339358479172077], [145.565930932717, 11.336441422812909], [145.5968565513355, 11.338722579612032], [145.627782169954, 11.342544773303885], [145.65870778857249, 11.345232134287302], [145.68963340719097, 11.342767616942611], [145.72055902580945, 11.327782031100426], [145.7241137030883, 11.324506105545854], [145.73495250540097, 11.295955414935872], [145.7346269806754, 11.267404724325885], [145.7345404666828, 11.238854033715903], [145.7354609687686, 11.21030334310592], [145.7302049723762, 11.181752652495936], [145.72055902580945, 11.163148343559865], [145.71040389990264, 11.153201961885951], [145.68963340719097, 11.13689660202554], [145.67036866525646, 11.124651271275969], [145.65870778857249, 11.111761326473383], [145.65060988595954, 11.096100580665984], [145.64089584114794, 11.067549890056], [145.63131928751991, 11.038999199446017], [145.627782169954, 11.03173154053018], [145.62011093851862, 11.010448508836035], [145.60348400048272, 10.98189781822605], [145.5968565513355, 10.974717558809372], [145.57321723861853, 10.953347127616066], [145.565930932717, 10.94871078651423], [145.53500531409853, 10.941531556579786], [145.50407969548002, 10.945402916158423], [145.48656753771868, 10.953347127616066]]]}, "properties": {"fillColor": "#FFFF00", "fillOpacity": 0.7, "color": "#000000", "weight": 0.2, "stroke": false}}, {"type": "Feature", "geometry": {"type": "Polygon", "coordinates": [[[145.18680975592673, 11.096100580665984], [145.1948235092951, 11.110674824945693], [145.20200843267958, 11.124651271275969], [145.22574912791362, 11.133400886327987], [145.2566747465321, 11.14021035654072], [145.28303305650215, 11.124651271275969], [145.2571269949301, 11.096100580665984], [145.2566747465321, 11.095715547303442], [145.22574912791362, 11.08655213681072], [145.1948235092951, 11.090446148821002], [145.18680975592673, 11.096100580665984]]]}, "properties": {"fillColor": "#FFFF00", "fillOpacity": 0.7, "color": "#000000", "weight": 0.2, "stroke": false}}, {"type": "Feature", "geometry": {"type": "Polygon", "coordinates": [[[144.2361293321219, 10.888849591537411], [144.26705495074037, 10.883083961241708], [144.29798056935886, 10.879159964116221], [144.32890618797737, 10.877531467625202], [144.35983180659585, 10.877231407145858], [144.39075742521436, 10.893030524754789], [144.39312268276814, 10.896245746396099], [144.39075742521436, 10.906423138360333], [144.38630059677445, 10.924796437006083], [144.35983180659585, 10.953261645683485], [144.35969400811524, 10.953347127616066], [144.32890618797737, 10.969368757450493], [144.29798056935886, 10.973496091230764], [144.26705495074037, 10.974341661028951], [144.2361293321219, 10.974358470863423], [144.2052037135034, 10.975438196510636], [144.1742780948849, 10.977048603609513], [144.14335247626641, 10.97965936384412], [144.1264228150229, 10.981897818226049], [144.11242685764793, 10.985056901237757], [144.08150123902942, 10.99408031976182], [144.05057562041094, 11.00763083210743], [144.047098930895, 11.010448508836035], [144.01965000179246, 11.032500784670244], [144.01061592365204, 11.038999199446017], [143.98872438317397, 11.04495047719957], [143.95779876455546, 11.048630560379324], [143.92687314593698, 11.049524085627672], [143.89594752731847, 11.042748217451114], [143.88893163361158, 11.038999199446017], [143.8650219087, 11.023911404751178], [143.84723100102198, 11.010448508836035], [143.8340962900815, 10.991716676576779], [143.82769773785793, 10.981897818226049], [143.8340962900815, 10.97066751522096], [143.8650219087, 10.956472549124696], [143.89594752731847, 10.954046242086676], [143.9000956914794, 10.953347127616066], [143.92687314593698, 10.948808036324387], [143.95779876455546, 10.94278658184417], [143.98872438317397, 10.93507204782005], [144.01965000179246, 10.928563208026254], [144.0339993104915, 10.924796437006083], [144.05057562041094, 10.922172297570883], [144.08150123902942, 10.91768379031258], [144.11242685764793, 10.913448958542688], [144.14335247626641, 10.909413347717042], [144.1742780948849, 10.904018130854695], [144.2052037135034, 10.897480529681973], [144.21110653449992, 10.896245746396099], [144.2361293321219, 10.888849591537411]]]}, "properties": {"fillColor": "#FFFF00", "fillOpacity": 0.7, "color": "#000000", "weight": 0.2, "stroke": false}}, {"type": "Feature", "geometry": {"type": "Polygon", "coordinates": [[[144.21224112188028, 10.924796437006083], [144.2361293321219, 10.934950896313795], [144.26705495074037, 10.942469965466668], [144.29798056935886, 10.941643740917765], [144.32890618797737, 10.934964167198071], [144.34645868338998, 10.924796437006083], [144.32890618797737, 10.912147970222406], [144.29798056935886, 10.912025846015101], [144.26705495074037, 10.915727598262261], [144.2361293321219, 10.920809151414067], [144.21224112188028, 10.924796437006083]]]}, "properties": {"fillColor": "#FFFF00", "fillOpacity": 0.7, "color": "#000000", "weight": 0.2, "stroke": false}}, {"type": "Feature", "geometry": {"type": "Polygon", "coordinates": [[[146.0298152119944, 11.00926501056783], [146.06074083061287, 10.9990574447147], [146.09166644923135, 10.994083937377834], [146.12259206784984, 10.99251767598157], [146.15351768646835, 10.993492346980844], [146.18444330508683, 10.996941490704124], [146.2153689237053, 11.0040349607863], [146.23225793796956, 11.010448508836035], [146.24629454232382, 11.016033408597174], [146.2772201609423, 11.032467809572186], [146.2850351751076, 11.038999199446017], [146.3081457795608, 11.056020752009747], [146.32078319924972, 11.067549890056], [146.33907139817927, 11.080380266366259], [146.35773729638953, 11.096100580665984], [146.36999701679778, 11.104450585830813], [146.3948672779592, 11.124651271275969], [146.40092263541626, 11.129123393382653], [146.4299293799047, 11.153201961885951], [146.43184825403478, 11.154879162436295], [146.46102815085567, 11.181752652495936], [146.46277387265326, 11.183815346660056], [146.48476850280014, 11.21030334310592], [146.49369949127174, 11.233636627280113], [146.49592425870642, 11.238854033715903], [146.49369949127174, 11.264979945626363], [146.49350657169944, 11.267404724325885], [146.46874293079483, 11.295955414935872], [146.46277387265326, 11.29955749174699], [146.43184825403478, 11.310333178875874], [146.40092263541626, 11.313947258386559], [146.36999701679778, 11.313856680203294], [146.33907139817927, 11.31161778936828], [146.3081457795608, 11.307967475567315], [146.2772201609423, 11.302698184709504], [146.24629454232382, 11.296477837267979], [146.24333527037956, 11.295955414935872], [146.2153689237053, 11.293040192026755], [146.18444330508683, 11.289814273449423], [146.15351768646835, 11.285424772981049], [146.12259206784984, 11.27611069538263], [146.10719383361067, 11.267404724325885], [146.09166644923135, 11.259823977800881], [146.0673379387305, 11.238854033715903], [146.06074083061287, 11.231864231462438], [146.03958190866996, 11.21030334310592], [146.0298152119944, 11.20142706176789], [146.0080826537982, 11.181752652495936], [145.99888959337588, 11.171231001329957], [145.9830481149452, 11.153201961885951], [145.9679639747574, 11.130972665237147], [145.96226369540852, 11.124651271275969], [145.946650696068, 11.096100580665984], [145.94931585114387, 11.067549890056], [145.9679639747574, 11.044904422384747], [145.9740027504942, 11.038999199446017], [145.99888959337588, 11.022360966636384], [146.02730812060074, 11.010448508836035], [146.0298152119944, 11.00926501056783]]]}, "properties": {"fillColor": "#FFFF00", "fillOpacity": 0.7, "color": "#000000", "weight": 0.2, "stroke": false}}, {"type": "Feature", "geometry": {"type": "Polygon", "coordinates": [[[146.02070299297088, 11.038999199446017], [145.99888959337588, 11.05237840563138], [145.9831337656744, 11.067549890056], [145.9761732376562, 11.096100580665984], [145.9871516636022, 11.124651271275969], [145.99888959337588, 11.141337868335215], [146.00648906388017, 11.153201961885951], [146.0298152119944, 11.179029118831522], [146.0327214144401, 11.181752652495936], [146.06074083061287, 11.207209887846224], [146.06363726803448, 11.21030334310592], [146.0908997395815, 11.238854033715903], [146.09166644923135, 11.239514898608814], [146.12259206784984, 11.258286706707384], [146.15215676009518, 11.267404724325885], [146.15351768646835, 11.26791245372119], [146.18444330508683, 11.275107303190788], [146.2153689237053, 11.279955788077157], [146.24629454232382, 11.284249229580183], [146.2772201609423, 11.288740738539655], [146.3081457795608, 11.292899707598881], [146.33907139817927, 11.295739750109698], [146.3441938542103, 11.295955414935873], [146.36999701679778, 11.297488787935158], [146.40092263541626, 11.296115325223587], [146.4017348219073, 11.295955414935872], [146.43184825403478, 11.288305972460641], [146.46167403221946, 11.267404724325885], [146.46277387265326, 11.263145579960183], [146.46802304310643, 11.238854033715903], [146.46277387265326, 11.227274314606639], [146.4556172091124, 11.21030334310592], [146.43184825403478, 11.183559913648347], [146.4302807415975, 11.181752652495936], [146.4009226354163, 11.155760226542625], [146.3979630879276, 11.15320196188595], [146.36999701679778, 11.1311953600841], [146.360426946679, 11.124651271275969], [146.33907139817927, 11.108721081689946], [146.31749666374083, 11.096100580665984], [146.3081457795608, 11.089049557955393], [146.2772201609423, 11.069323819926277], [146.2742635883461, 11.067549890056], [146.24629454232382, 11.048726508470946], [146.2295639734204, 11.038999199446017], [146.2153689237053, 11.03135315921506], [146.18444330508683, 11.018823915550218], [146.15351768646835, 11.012634772024596], [146.12259206784984, 11.012807778305486], [146.09166644923135, 11.017126828487552], [146.06074083061287, 11.02375457421677], [146.0298152119944, 11.034507445888245], [146.02070299297088, 11.038999199446017]]]}, "properties": {"fillColor": "#FFFF00", "fillOpacity": 0.7, "color": "#000000", "weight": 0.2, "stroke": false}}, {"type": "Feature", "geometry": {"type": "Polygon", "coordinates": [[[129.5464604883386, 11.02617736792135], [129.57738610695708, 11.015761047041563], [129.60831172557556, 11.01293193969825], [129.63923734419407, 11.0217040157298], [129.65535135216467, 11.038999199446017], [129.66067353988257, 11.067549890056], [129.64963719945538, 11.096100580665984], [129.63923734419407, 11.106815903854084], [129.6163852747564, 11.124651271275969], [129.60831172557556, 11.130058515476312], [129.57738610695708, 11.143096023955723], [129.5464604883386, 11.138960044843156], [129.51589591095134, 11.124651271275969], [129.5155348697201, 11.124291742268406], [129.49726093336636, 11.096100580665984], [129.50262049480529, 11.067549890056], [129.5155348697201, 11.051732278959701], [129.52747742840023, 11.038999199446017], [129.5464604883386, 11.02617736792135]]]}, "properties": {"fillColor": "#FFFF00", "fillOpacity": 0.7, "color": "#000000", "weight": 0.2, "stroke": false}}, {"type": "Feature", "geometry": {"type": "Polygon", "coordinates": [[[129.5493945641467, 11.038999199446017], [129.5464604883386, 11.04084432691518], [129.51992563467007, 11.067549890056], [129.51622771028593, 11.096100580665983], [129.54573265965237, 11.124651271275969], [129.5464604883386, 11.124992003481585], [129.57738610695708, 11.132994943556081], [129.59485906646756, 11.124651271275969], [129.60831172557556, 11.120283495051632], [129.6362181938449, 11.096100580665984], [129.63923734419407, 11.087555227605506], [129.64934252244961, 11.067549890056], [129.64071212635292, 11.038999199446017], [129.63923734419407, 11.037416314019547], [129.60831172557556, 11.022271905223382], [129.57738610695708, 11.025900441492091], [129.5493945641467, 11.038999199446017]]]}, "properties": {"fillColor": "#FFFF00", "fillOpacity": 0.7, "color": "#000000", "weight": 0.2, "stroke": false}}, {"type": "Feature", "geometry": {"type": "Polygon", "coordinates": [[[129.8557166745235, 11.208062876626078], [129.886642293142, 11.204726626751668], [129.91355124621845, 11.21030334310592], [129.91756791176047, 11.223393406815227], [129.91915086948518, 11.238854033715903], [129.91756791176047, 11.240173487880742], [129.886642293142, 11.258806201292419], [129.86987111365664, 11.267404724325885], [129.8557166745235, 11.27630411135381], [129.82752339510688, 11.295955414935872], [129.824791055905, 11.29770878654546], [129.7938654372865, 11.320921463213088], [129.79002576384937, 11.324506105545854], [129.76293981866803, 11.345162421709933], [129.75304186081075, 11.353056796155837], [129.73201420004955, 11.368535764837462], [129.7140539526287, 11.381607486765823], [129.70108858143104, 11.391401115086769], [129.67938554403557, 11.410158177375806], [129.67016296281255, 11.417404527179556], [129.63923734419407, 11.436801959844987], [129.63166090344896, 11.438708867985788], [129.60831172557556, 11.445367292733998], [129.57738610695708, 11.439930212774186], [129.57530640570047, 11.438708867985788], [129.5464604883386, 11.412859290084262], [129.54457680522475, 11.410158177375806], [129.53660339494292, 11.381607486765821], [129.54049705320205, 11.353056796155837], [129.5464604883386, 11.34158448353876], [129.55489166998203, 11.324506105545854], [129.57738610695708, 11.303054480544567], [129.58921103754852, 11.295955414935872], [129.60831172557556, 11.284893842732036], [129.63923734419407, 11.272458262945088], [129.65639986989174, 11.267404724325885], [129.67016296281255, 11.261415875296354], [129.70108858143104, 11.247201787182279], [129.71707860727136, 11.238854033715903], [129.73201420004955, 11.225588264788524], [129.76293981866803, 11.212575696212026], [129.7938654372865, 11.214581047876404], [129.824791055905, 11.21313420453119], [129.84073758354617, 11.21030334310592], [129.8557166745235, 11.208062876626078]]]}, "properties": {"fillColor": "#FFFF00", "fillOpacity": 0.7, "color": "#000000", "weight": 0.2, "stroke": false}}, {"type": "Feature", "geometry": {"type": "Polygon", "coordinates": [[[129.71241339709138, 11.267404724325885], [129.70108858143104, 11.27111178837082], [129.67016296281255, 11.279353253826596], [129.63923734419407, 11.289127907983698], [129.62515190122878, 11.295955414935872], [129.60831172557556, 11.304140033956237], [129.57849541867677, 11.324506105545854], [129.57738610695708, 11.32605416580694], [129.56161299173473, 11.353056796155837], [129.55832181380975, 11.381607486765823], [129.5701833517429, 11.410158177375806], [129.57738610695708, 11.416691651074618], [129.60831172557556, 11.426009038088196], [129.63923734419407, 11.41729776306811], [129.64948967421455, 11.410158177375806], [129.67016296281255, 11.392428459579143], [129.68250597451754, 11.381607486765821], [129.70108858143104, 11.364168859892619], [129.7158671828891, 11.353056796155837], [129.73201420004955, 11.339428583338126], [129.7504575595604, 11.324506105545854], [129.76293981866803, 11.309854478771216], [129.77781510865137, 11.295955414935872], [129.7938654372865, 11.274443999631199], [129.8019607007075, 11.267404724325885], [129.7938654372865, 11.2588074221275], [129.76293981866803, 11.250978012862198], [129.73201420004955, 11.25830333246769], [129.71241339709138, 11.267404724325885]]]}, "properties": {"fillColor": "#FFFF00", "fillOpacity": 0.7, "color": "#000000", "weight": 0.2, "stroke": false}}, {"type": "Feature", "geometry": {"type": "Polygon", "coordinates": [[[140.12302205586258, 11.459687085428925], [140.15394767448106, 11.452352834610895], [140.18487329309954, 11.467097943991746], [140.18504372208966, 11.467259558595773], [140.2086033191473, 11.495810249205757], [140.21579891171803, 11.509886545524049], [140.22368886432056, 11.52436093981574], [140.23084244013324, 11.552911630425722], [140.2246241726641, 11.581462321035708], [140.21579891171803, 11.58762114763345], [140.18487329309954, 11.593051261583376], [140.15394767448106, 11.584563961403616], [140.149362633994, 11.581462321035707], [140.12302205586258, 11.558579536474953], [140.11852484859216, 11.55291163042572], [140.10589688803097, 11.52436093981574], [140.1038824405879, 11.495810249205757], [140.11518914366783, 11.467259558595773], [140.12302205586258, 11.459687085428925]]]}, "properties": {"fillColor": "#FFFF00", "fillOpacity": 0.7, "color": "#000000", "weight": 0.2, "stroke": false}}, {"type": "Feature", "geometry": {"type": "Polygon", "coordinates": [[[140.14563705866246, 11.495810249205757], [140.1386517232147, 11.52436093981574], [140.15387254952077, 11.552911630425722], [140.15394767448106, 11.552977634200001], [140.18487329309954, 11.557017875004536], [140.18925641071328, 11.552911630425722], [140.19022523966353, 11.52436093981574], [140.18487329309954, 11.51319383989878], [140.16516357467845, 11.495810249205757], [140.15394767448106, 11.489818383764185], [140.14563705866246, 11.495810249205757]]]}, "properties": {"fillColor": "#FFFF00", "fillOpacity": 0.7, "color": "#000000", "weight": 0.2, "stroke": false}}, {"type": "Feature", "geometry": {"type": "Polygon", "coordinates": [[[136.99953457539496, 11.535528080733808], [137.03046019401344, 11.55262984823353], [137.03077123238484, 11.552911630425722], [137.03046019401344, 11.553827764073095], [136.99953457539496, 11.561716915940032], [136.9794135981795, 11.552911630425722], [136.99953457539496, 11.535528080733808]]]}, "properties": {"fillColor": "#FFFF00", "fillOpacity": 0.7, "color": "#000000", "weight": 0.2, "stroke": false}}, {"type": "Feature", "geometry": {"type": "Polygon", "coordinates": [[[137.1541626684874, 11.606679406174974], [137.1850882871059, 11.602653219151179], [137.2160139057244, 11.603498725828208], [137.2469395243429, 11.609440583522177], [137.24862755716316, 11.610013011645691], [137.2778651429614, 11.616939247504169], [137.30879076157987, 11.629828418521416], [137.32201312262862, 11.638563702255674], [137.33971638019835, 11.662796907864967], [137.34277485470346, 11.667114392865658], [137.34072901219156, 11.695665083475642], [137.33971638019833, 11.697095847428624], [137.3128881779583, 11.724215774085625], [137.30879076157987, 11.726297744039691], [137.2778651429614, 11.736381966236806], [137.24693952434288, 11.73901310888935], [137.21601390572442, 11.736545778084029], [137.18508828710594, 11.729647392111845], [137.17052730435176, 11.724215774085625], [137.1541626684874, 11.717692951244414], [137.12323704986892, 11.69908635780684], [137.11886124506245, 11.695665083475642], [137.10231240049922, 11.667114392865658], [137.09847998255395, 11.638563702255674], [137.12323704986892, 11.612002552495833], [137.1315643243858, 11.610013011645691], [137.1541626684874, 11.606679406174974]]]}, "properties": {"fillColor": "#FFFF00", "fillOpacity": 0.7, "color": "#000000", "weight": 0.2, "stroke": false}}, {"type": "Feature", "geometry": {"type": "Polygon", "coordinates": [[[137.12609663765863, 11.638563702255674], [137.13065315195803, 11.667114392865658], [137.15072800776957, 11.695665083475642], [137.1541626684874, 11.697836999528503], [137.1850882871059, 11.71288625297925], [137.2160139057244, 11.720871763444686], [137.24693952434288, 11.7234219509807], [137.2778651429614, 11.718181636435318], [137.30879076157987, 11.699706141926836], [137.31295032150337, 11.695665083475642], [137.32091246502338, 11.667114392865658], [137.30879076157987, 11.652639616956455], [137.2924913007553, 11.638563702255674], [137.2778651429614, 11.631320574892731], [137.24693952434288, 11.621717098596477], [137.2160139057244, 11.616925964721398], [137.1850882871059, 11.616121383242637], [137.1541626684874, 11.621274514119229], [137.12609663765863, 11.638563702255674]]]}, "properties": {"fillColor": "#FFFF00", "fillOpacity": 0.7, "color": "#000000", "weight": 0.2, "stroke": false}}, {"type": "Feature", "geometry": {"type": "Polygon", "coordinates": [[[132.4843942570953, 11.97375366423521], [132.51531987571374, 11.962395470613123], [132.54624549433223, 11.96637862609677], [132.5719890912083, 11.98117198957548], [132.57717111295074, 11.985088342546518], [132.60052825445393, 12.009722680185462], [132.60633534660874, 12.038273370795444], [132.59983028507858, 12.066824061405429], [132.57717111295074, 12.089970852536188], [132.56156554040876, 12.095374752015413], [132.54624549433223, 12.10090882583869], [132.51531987571374, 12.097121088459035], [132.5120816864526, 12.095374752015413], [132.48439425709523, 12.077065871215918], [132.4760976044744, 12.066824061405427], [132.46387434984769, 12.038273370795444], [132.4613161090913, 12.009722680185462], [132.47549563657674, 11.98117198957548], [132.4843942570953, 11.97375366423521]]]}, "properties": {"fillColor": "#FFFF00", "fillOpacity": 0.7, "color": "#000000", "weight": 0.2, "stroke": false}}, {"type": "Feature", "geometry": {"type": "Polygon", "coordinates": [[[132.49664451059633, 11.98117198957548], [132.48439425709526, 11.990935520750115], [132.47269105485893, 12.009722680185462], [132.47626432103038, 12.038273370795444], [132.48439425709526, 12.053579364022216], [132.4936901767206, 12.06682406140543], [132.51531987571374, 12.083732824998917], [132.5462454943322, 12.08776132078003], [132.57717111295074, 12.07358241650913], [132.58378709400534, 12.066824061405429], [132.59394478791683, 12.038273370795444], [132.58513927241586, 12.009722680185462], [132.57717111295074, 12.001318812332109], [132.55051333354783, 11.98117198957548], [132.54624549433223, 11.978719508009325], [132.51531987571374, 11.9727399371723], [132.49664451059633, 11.98117198957548]]]}, "properties": {"fillColor": "#FFFF00", "fillOpacity": 0.7, "color": "#000000", "weight": 0.2, "stroke": false}}, {"type": "Feature", "geometry": {"type": "Polygon", "coordinates": [[[141.11264185165427, 12.14707986878055], [141.14356747027279, 12.149864079588124], [141.15153194685197, 12.152476133235382], [141.17449308889127, 12.157652384803246], [141.20541870750975, 12.168595968422833], [141.22858610082054, 12.181026823845365], [141.23634432612823, 12.18397715998672], [141.26726994474674, 12.19742348454666], [141.28992145830355, 12.209577514455347], [141.29819556336523, 12.213251805361734], [141.3291211819837, 12.225878576761946], [141.35348014274172, 12.238128205065331], [141.36004680060222, 12.242218030722961], [141.38668618950447, 12.266678895675314], [141.3909724192207, 12.283048957821382], [141.3945998669414, 12.295229586285298], [141.3909724192207, 12.31899228068226], [141.39063039507306, 12.323780276895281], [141.38329514364193, 12.352330967505265], [141.37188732574526, 12.38088165811525], [141.36004680060222, 12.39668962504455], [141.34984973715297, 12.409432348725232], [141.3291211819837, 12.425750913401053], [141.29965242080684, 12.437983039335217], [141.29819556336523, 12.438648180588833], [141.26726994474674, 12.44676970648663], [141.23634432612823, 12.446888665239413], [141.20858793837652, 12.437983039335215], [141.20541870750975, 12.437135945782911], [141.17449308889127, 12.415070074793228], [141.1689988942918, 12.409432348725232], [141.1495577666993, 12.38088165811525], [141.14356747027279, 12.36741818692182], [141.13421817421747, 12.352330967505265], [141.12025210047574, 12.323780276895281], [141.1126418516543, 12.308778126246395], [141.10226340129935, 12.295229586285298], [141.0817162330358, 12.267100663016564], [141.08131545282765, 12.266678895675314], [141.06110987824155, 12.238128205065333], [141.05275984686023, 12.209577514455347], [141.05521485020566, 12.181026823845365], [141.0817162330358, 12.15396962777065], [141.0868128581869, 12.152476133235378], [141.11264185165427, 12.14707986878055]]]}, "properties": {"fillColor": "#FFFF00", "fillOpacity": 0.7, "color": "#000000", "weight": 0.2, "stroke": false}}, {"type": "Feature", "geometry": {"type": "Polygon", "coordinates": [[[141.09243829930395, 12.181026823845365], [141.0817162330358, 12.202149622069982], [141.07950935928127, 12.209577514455347], [141.0817162330358, 12.216959889197362], [141.08701996851687, 12.238128205065331], [141.10398005320087, 12.266678895675312], [141.11264185165427, 12.277776368728512], [141.12227863575805, 12.295229586285298], [141.1376381453264, 12.323780276895281], [141.14356747027279, 12.334554754186456], [141.15060703691267, 12.352330967505267], [141.1649068749527, 12.38088165811525], [141.17449308889127, 12.393757032568889], [141.18765384660247, 12.409432348725232], [141.20541870750975, 12.423464364669485], [141.23634432612823, 12.433134537851185], [141.26726994474674, 12.433174197376548], [141.29819556336523, 12.425892514212975], [141.3266225375802, 12.409432348725232], [141.3291211819837, 12.407491899717575], [141.35309370824717, 12.38088165811525], [141.36004680060222, 12.363702710358844], [141.36547682083062, 12.352330967505265], [141.37621680273762, 12.323780276895281], [141.37786669017993, 12.295229586285298], [141.36004680060222, 12.267062003429777], [141.35976913309509, 12.266678895675312], [141.3291211819837, 12.243209527047942], [141.31935004322872, 12.238128205065331], [141.29819556336523, 12.226741343297654], [141.26726994474672, 12.21224398834128], [141.2611996926013, 12.209577514455347], [141.23634432612823, 12.196518102097006], [141.20541870750975, 12.18458170039671], [141.19291692534648, 12.181026823845365], [141.17449308889127, 12.173902673552668], [141.14356747027279, 12.168450343775131], [141.11264185165427, 12.170748423383511], [141.09243829930395, 12.181026823845365]]]}, "properties": {"fillColor": "#FFFF00", "fillOpacity": 0.7, "color": "#000000", "weight": 0.2, "stroke": false}}, {"type": "Feature", "geometry": {"type": "Polygon", "coordinates": [[[133.47401405288696, 12.632010960873956], [133.50493967150547, 12.630289026668372], [133.53586529012395, 12.635998491001276], [133.54177070571183, 12.637837873605102], [133.56679090874243, 12.641021096998157], [133.59771652736094, 12.652464050585927], [133.61672474077778, 12.666388564215087], [133.62864214597943, 12.685401249994783], [133.6355021204752, 12.69493925482507], [133.63881524662662, 12.723489945435052], [133.62864214597943, 12.746053645642887], [133.62712044298317, 12.752040636045036], [133.60614542347088, 12.78059132665502], [133.59771652736094, 12.787756162919266], [133.56679090874243, 12.804237062565537], [133.53586529012395, 12.808532713064913], [133.50493967150547, 12.806969568025412], [133.47401405288696, 12.795765025700565], [133.45705228464382, 12.78059132665502], [133.44308843426847, 12.753073043696475], [133.4424474966716, 12.752040636045036], [133.42936530713666, 12.723489945435054], [133.41979834026938, 12.69493925482507], [133.4228272018595, 12.666388564215087], [133.44308843426847, 12.643651519430069], [133.45940990845003, 12.637837873605102], [133.47401405288696, 12.632010960873956]]]}, "properties": {"fillColor": "#FFFF00", "fillOpacity": 0.7, "color": "#000000", "weight": 0.2, "stroke": false}}, {"type": "Feature", "geometry": {"type": "Polygon", "coordinates": [[[133.43624043591063, 12.666388564215087], [133.42960305290964, 12.69493925482507], [133.44304007918862, 12.723489945435054], [133.44308843426847, 12.723594083057787], [133.45060366263945, 12.752040636045038], [133.4724273145406, 12.78059132665502], [133.47401405288696, 12.78201079482525], [133.50493967150547, 12.799523198438534], [133.53586529012395, 12.802240070548097], [133.56679090874243, 12.796048883209536], [133.59071554679647, 12.780591326655019], [133.59771652736094, 12.77468001142002], [133.61768300453036, 12.752040636045038], [133.6257915942508, 12.723489945435054], [133.62319363015726, 12.69493925482507], [133.59939119284894, 12.666388564215087], [133.59771652736094, 12.66516178388068], [133.56679090874243, 12.647639156318393], [133.53586529012395, 12.642105358210445], [133.50493967150547, 12.639999243170356], [133.47401405288696, 12.642104626100341], [133.44308843426847, 12.658703777712127], [133.43624043591063, 12.666388564215087]]]}, "properties": {"fillColor": "#FFFF00", "fillOpacity": 0.7, "color": "#000000", "weight": 0.2, "stroke": false}}, {"type": "Feature", "geometry": {"type": "Polygon", "coordinates": [[[120.88728727516107, 13.234914998566563], [120.90584822155907, 13.237402376414758], [120.91821289377955, 13.238106739753354], [120.94913851239804, 13.246628282304847], [120.97443735695057, 13.265953067024743], [120.98006413101653, 13.271937240537497], [121.00035429550178, 13.294503757634725], [121.00911271619013, 13.32305444824471], [121.00790267083548, 13.351605138854694], [120.99432777805094, 13.380155829464677], [120.98006413101655, 13.393390675042653], [120.94913851239805, 13.403822807265009], [120.91821289377955, 13.406831679154589], [120.88728727516107, 13.406045251699345], [120.85636165654257, 13.38173858358889], [120.85432502274654, 13.380155829464677], [120.82829985677114, 13.351605138854694], [120.82543603792408, 13.341855837083191], [120.81697273480926, 13.32305444824471], [120.8181098501345, 13.294503757634725], [120.82543603792408, 13.27890267287729], [120.83073906209572, 13.265953067024743], [120.85636165654257, 13.24190372591509], [120.87800452696423, 13.237402376414758], [120.88728727516107, 13.234914998566563]]]}, "properties": {"fillColor": "#FFFF00", "fillOpacity": 0.7, "color": "#000000", "weight": 0.2, "stroke": false}}, {"type": "Feature", "geometry": {"type": "Polygon", "coordinates": [[[120.84554138959159, 13.265953067024743], [120.83046049608717, 13.294503757634725], [120.82937634203088, 13.32305444824471], [120.83908588708874, 13.351605138854694], [120.85636165654257, 13.369778345899507], [120.86529405679636, 13.380155829464677], [120.88728727516107, 13.398084028356969], [120.91821289377955, 13.398910600209401], [120.94913851239804, 13.393447167890711], [120.97561543692333, 13.380155829464677], [120.98006413101652, 13.376900215282715], [120.99748534126047, 13.351605138854694], [120.99933657608271, 13.323054448244708], [120.98607472029211, 13.294503757634725], [120.98006413101653, 13.287818840627262], [120.9595042713172, 13.265953067024743], [120.94913851239805, 13.25803507459805], [120.91821289377955, 13.24571560503939], [120.88728727516107, 13.244586894323664], [120.85636165654257, 13.255797175460302], [120.84554138959159, 13.265953067024743]]]}, "properties": {"fillColor": "#FFFF00", "fillOpacity": 0.7, "color": "#000000", "weight": 0.2, "stroke": false}}, {"type": "Feature", "geometry": {"type": "Polygon", "coordinates": [[[120.63988232621314, 16.77449283445918], [120.67080794483162, 16.77147086134096], [120.69496324402603, 16.77768801205273], [120.70173356345012, 16.779292589233744], [120.73265918206859, 16.80577889831493], [120.73299848561216, 16.806238702662718], [120.74009969066087, 16.8347893932727], [120.7326591820686, 16.855899378780503], [120.73024395752805, 16.863340083882683], [120.70173356345012, 16.889763667080892], [120.6929351977099, 16.891890774492666], [120.67080794483162, 16.897831685129777], [120.63988232621314, 16.892150264547325], [120.63936852934208, 16.891890774492666], [120.60895670759464, 16.873916132540955], [120.59996019489492, 16.863340083882683], [120.59216481338632, 16.8347893932727], [120.59868708655694, 16.806238702662718], [120.60895670759464, 16.79347892419621], [120.63355493760619, 16.77768801205273], [120.63988232621314, 16.77449283445918]]]}, "properties": {"fillColor": "#FFFF00", "fillOpacity": 0.7, "color": "#000000", "weight": 0.2, "stroke": false}}, {"type": "Feature", "geometry": {"type": "Polygon", "coordinates": [[[120.61771613877218, 16.806238702662718], [120.60895670759464, 16.833615790125133], [120.60861350394438, 16.8347893932727], [120.60895670759464, 16.835792360360525], [120.61988642885433, 16.863340083882683], [120.63988232621313, 16.878041103136063], [120.67080794483164, 16.883879638707306], [120.70173356345012, 16.87373229951291], [120.71294650761209, 16.863340083882683], [120.72396426579282, 16.8347893932727], [120.71369412509767, 16.806238702662718], [120.70173356345012, 16.795910155325885], [120.67080794483161, 16.78602083499552], [120.63988232621313, 16.78923650281086], [120.61771613877218, 16.806238702662718]]]}, "properties": {"fillColor": "#FFFF00", "fillOpacity": 0.7, "color": "#000000", "weight": 0.2, "stroke": false}}, {"type": "Feature", "geometry": {"type": "Polygon", "coordinates": [[[127.38166718504422, 24.685483936100443], [127.4125928036627, 24.67898638735874], [127.44351842228119, 24.673060866344795], [127.47444404089968, 24.667537109139772], [127.50536965951818, 24.6635474912224], [127.53629527813666, 24.66284803598911], [127.56722089675517, 24.665285869579982], [127.59814651537363, 24.669144276438928], [127.62907213399214, 24.673559769119144], [127.65999775261062, 24.67867158240633], [127.69092337122912, 24.685398331598638], [127.69362752516882, 24.686229311018206], [127.72184898984762, 24.69773340914655], [127.7527746084661, 24.714744887971978], [127.7528443618619, 24.71478000162819], [127.7837002270846, 24.728890902709313], [127.81462584570309, 24.742479839446425], [127.81731986488381, 24.743330692238168], [127.84555146432157, 24.748870963859677], [127.87647708294008, 24.755419311573895], [127.90740270155854, 24.763289106319956], [127.93832832017705, 24.77081797834261], [127.94392891264306, 24.771881382848154], [127.96925393879553, 24.776885958588988], [128.00017955741404, 24.78488214523038], [128.03110517603253, 24.79468387801374], [128.04382230212227, 24.80043207345814], [128.062030794651, 24.80910395808582], [128.09089970978002, 24.828982764068122], [128.09295641326952, 24.830417802377827], [128.11959924422902, 24.857533454678105], [128.123882031888, 24.862263825184847], [128.14124169155573, 24.88608414528809], [128.15480765050648, 24.909575580314282], [128.15790756707327, 24.91463483589807], [128.17309775415032, 24.943185526508056], [128.18573326912497, 24.969712690880446], [128.18708925140595, 24.97173621711804], [128.20811295007692, 25.000286907728025], [128.21665888774348, 25.010490462661352], [128.23341946728246, 25.028837598338008], [128.24758450636196, 25.044554578672326], [128.2579442408657, 25.057388288947987], [128.27851012498044, 25.085261853301045], [128.27907710588408, 25.085938979557977], [128.30277106132033, 25.11448967016796], [128.30943574359895, 25.122997621256623], [128.34036136221744, 25.142116604962634], [128.34075725505826, 25.143040360777942], [128.34475950307555, 25.171591051387928], [128.34267256062955, 25.200141741997907], [128.34036136221744, 25.217099570106427], [128.33832422492338, 25.228692432607893], [128.3337815717126, 25.257243123217876], [128.3291199905475, 25.285793813827862], [128.32376922752422, 25.314344504437845], [128.3177470807528, 25.342895195047824], [128.31137990834904, 25.371445885657813], [128.30943574359895, 25.38267193779076], [128.3068939478881, 25.399996576267796], [128.3033037265242, 25.42854726687778], [128.29735274240062, 25.45709795748776], [128.2859674916122, 25.48564864809775], [128.27851012498044, 25.497142882363207], [128.2671257488371, 25.51419933870773], [128.24758450636196, 25.53388520542249], [128.23716885597713, 25.542750029317716], [128.21665888774348, 25.557216515137178], [128.191867013123, 25.5713007199277], [128.18573326912497, 25.57450012526892], [128.15480765050648, 25.59001841378524], [128.1328131183406, 25.59985141053768], [128.123882031888, 25.603983284263485], [128.09295641326952, 25.61703424256716], [128.062030794651, 25.6278771624163], [128.06020490342686, 25.628402101147664], [128.03110517603253, 25.637736593699323], [128.00017955741404, 25.645632246374454], [127.96925393879553, 25.652119032318915], [127.93981408553036, 25.65695279175765], [127.93832832017705, 25.65723733360426], [127.90740270155855, 25.660665372433286], [127.87647708294007, 25.66165547588308], [127.84555146432157, 25.659631317966106], [127.83132844345897, 25.656952791757654], [127.81462584570309, 25.652231916709916], [127.7837002270846, 25.63049836767657], [127.78176681310032, 25.62840210114766], [127.76429207401486, 25.59985141053768], [127.75277460846608, 25.584453013084243], [127.74539534546685, 25.5713007199277], [127.72297167466161, 25.542750029317713], [127.72184898984762, 25.541900204477223], [127.69183925876492, 25.51419933870773], [127.6909233712291, 25.513736505174926], [127.65999775261062, 25.498104017126387], [127.64010760302463, 25.48564864809775], [127.62907213399214, 25.48239931941994], [127.59814651537363, 25.471121042032383], [127.57381493449029, 25.45709795748776], [127.56722089675516, 25.455094838010606], [127.53629527813666, 25.44389616734445], [127.51119240297976, 25.42854726687778], [127.50536965951818, 25.425448866192102], [127.47444404089968, 25.41091472178709], [127.44579679414537, 25.399996576267796], [127.44351842228119, 25.39867120101582], [127.43784475949582, 25.399996576267796], [127.4125928036627, 25.415854919316544], [127.40038501142273, 25.399996576267796], [127.38166718504422, 25.382739606963703], [127.37721241579221, 25.371445885657813], [127.37417144958663, 25.342895195047827], [127.38002537476055, 25.31434450443784], [127.38166718504421, 25.30874622789723], [127.38671343182389, 25.285793813827862], [127.39502677586327, 25.257243123217876], [127.41038192428992, 25.228692432607893], [127.4125928036627, 25.22578983089964], [127.43467235104686, 25.20014174199791], [127.44351842228119, 25.193669904626816], [127.47444404089968, 25.175337219684405], [127.48691681045815, 25.171591051387928], [127.50536965951818, 25.165507526280326], [127.53629527813666, 25.166206399218268], [127.5466619889969, 25.171591051387928], [127.56722089675516, 25.178503848318634], [127.59801894387014, 25.20014174199791], [127.59814651537364, 25.200194406911418], [127.62907213399214, 25.222021865626353], [127.63542727085125, 25.228692432607893], [127.65999775261062, 25.2449847877983], [127.67656276440997, 25.257243123217876], [127.69092337122912, 25.2633739575913], [127.72184898984762, 25.269456660410803], [127.7527746084661, 25.264035537464828], [127.76613830805107, 25.257243123217876], [127.7837002270846, 25.239780868810858], [127.79313803644541, 25.228692432607893], [127.8090086298521, 25.20014174199791], [127.81462584570309, 25.18591280212368], [127.81987975688408, 25.171591051387928], [127.82681643565417, 25.143040360777942], [127.83048189525493, 25.11448967016796], [127.83065557077137, 25.085938979557973], [127.82654194776066, 25.05738828894799], [127.81794072024165, 25.028837598338008], [127.81462584570309, 25.022662146278734], [127.79763290564918, 25.000286907728025], [127.78370022708461, 24.982909898505135], [127.7721324243058, 24.97173621711804], [127.7527746084661, 24.95480307058918], [127.73786208642397, 24.94318552650806], [127.72184898984762, 24.932000296324254], [127.69779780291907, 24.914634835898074], [127.69092337122912, 24.911018868992706], [127.65999775261062, 24.896369954827534], [127.64349935230459, 24.88608414528809], [127.62907213399214, 24.881980322396437], [127.59814651537366, 24.874758147012173], [127.56722089675516, 24.868250161320983], [127.53629527813666, 24.863480547645402], [127.50886885403665, 24.857533454678105], [127.50536965951818, 24.855016247900952], [127.49208458734488, 24.828982764068122], [127.50536965951818, 24.820176304864244], [127.53629527813666, 24.80160725903439], [127.53783391361323, 24.80043207345814], [127.56722089675517, 24.77949969542668], [127.58103128167582, 24.771881382848154], [127.59814651537364, 24.743591572156554], [127.59839311819384, 24.74333069223817], [127.59814651537364, 24.742534939976025], [127.56737263009826, 24.71478000162819], [127.56722089675516, 24.714674319669395], [127.53629527813666, 24.70562335237704], [127.50536965951818, 24.70338382899171], [127.4744440408997, 24.703492522868373], [127.44351842228119, 24.704803049024342], [127.4125928036627, 24.706539705035496], [127.38166718504422, 24.69979795946651], [127.37911840017198, 24.686229311018206], [127.38166718504422, 24.685483936100443]]]}, "properties": {"fillColor": "#FFFF00", "fillOpacity": 0.7, "color": "#000000", "weight": 0.2, "stroke": false}}, {"type": "Feature", "geometry": {"type": "Polygon", "coordinates": [[[127.66288328025351, 24.743330692238168], [127.65999775261064, 24.743557096392667], [127.62907213399214, 24.75889444543703], [127.61602966750718, 24.771881382848154], [127.59814651537366, 24.780613195180724], [127.56722089675516, 24.79997604445644], [127.56658067725573, 24.80043207345814], [127.53629527813666, 24.823563584955107], [127.52755482207714, 24.828982764068122], [127.53629527813666, 24.836294700201307], [127.56722089675517, 24.849652769246283], [127.59208514360375, 24.857533454678105], [127.59814651537364, 24.85919724290062], [127.62907213399214, 24.870166201253323], [127.65999775261062, 24.88018846000776], [127.67441018097097, 24.88608414528809], [127.69092337122912, 24.896270052783766], [127.72184898984763, 24.9131120060911], [127.72400610597464, 24.91463483589807], [127.7527746084661, 24.937367620523528], [127.75930311521185, 24.943185526508056], [127.78370022708461, 24.965077242047286], [127.78983908016261, 24.971736217118035], [127.81462584570309, 24.99848642949932], [127.8160253270075, 25.000286907728025], [127.8320704581199, 25.028837598338008], [127.84555146432157, 25.05382589301326], [127.8469611721567, 25.05738828894799], [127.85159114943097, 25.085938979557977], [127.8529094922695, 25.114489670167956], [127.85058584870052, 25.143040360777942], [127.84555146432157, 25.169511840227976], [127.84497028097597, 25.171591051387928], [127.83282230750923, 25.20014174199791], [127.81749221086066, 25.228692432607893], [127.81462584570309, 25.233225707033082], [127.79438837636891, 25.257243123217876], [127.78370022708458, 25.264965454187635], [127.7527746084661, 25.279153415209567], [127.72184898984762, 25.281919928027484], [127.69092337122912, 25.272989596908687], [127.65999775261062, 25.25918693473045], [127.65569763933661, 25.257243123217876], [127.62907213399214, 25.23763626079404], [127.6083138942727, 25.228692432607893], [127.59814651537366, 25.221057333154953], [127.56722089675517, 25.20824002316808], [127.53629527813666, 25.202273829494562], [127.50536965951818, 25.20495188499398], [127.47444404089968, 25.222389818273204], [127.46782706239702, 25.228692432607893], [127.44964729531331, 25.257243123217876], [127.44351842228119, 25.28509341447144], [127.44329804756416, 25.285793813827862], [127.44351842228119, 25.288443044690634], [127.44450824544295, 25.314344504437848], [127.45142046766247, 25.34289519504783], [127.47245845620604, 25.371445885657813], [127.47444404089968, 25.373091298148417], [127.50270222629695, 25.399996576267796], [127.50536965951818, 25.401894572159144], [127.53629527813666, 25.42344928085489], [127.54514208354563, 25.42854726687778], [127.56722089675516, 25.4423338455915], [127.59814651537364, 25.45341606854232], [127.61171364865169, 25.45709795748776], [127.62907213399214, 25.465952469716], [127.65999775261062, 25.476850799079138], [127.69092337122912, 25.485410743861856], [127.69174981356875, 25.485648648097747], [127.7218489898476, 25.502954196607643], [127.74507725612744, 25.514199338707733], [127.7527746084661, 25.52034297966051], [127.7837002270846, 25.540321544411402], [127.78851957904791, 25.542750029317713], [127.81462584570309, 25.560392980446036], [127.83864296014261, 25.5713007199277], [127.84555146432157, 25.575672867057307], [127.87647708294006, 25.58935552750614], [127.90740270155855, 25.597012875123], [127.93341390837301, 25.59985141053768], [127.93832832017705, 25.60052373607324], [127.96925393879553, 25.600596319592796], [127.97710022900026, 25.59985141053768], [128.00017955741404, 25.598168036851813], [128.03110517603253, 25.593627627944674], [128.062030794651, 25.58613202005718], [128.09295641326952, 25.575238365011433], [128.1018209012268, 25.5713007199277], [128.123882031888, 25.56218214839342], [128.15480765050648, 25.54581716360143], [128.15991931805775, 25.54275002931771], [128.18573326912497, 25.525971444698804], [128.20089241783714, 25.51419933870773], [128.21665888774348, 25.49854214329313], [128.22800657597804, 25.48564864809775], [128.24410173447328, 25.45709795748776], [128.24758450636196, 25.447749470404617], [128.25473932212398, 25.42854726687778], [128.26144621882202, 25.399996576267796], [128.2681960094719, 25.371445885657813], [128.276288276755, 25.342895195047827], [128.27851012498044, 25.331057246976], [128.28113520488486, 25.314344504437845], [128.28469244889502, 25.285793813827862], [128.2877436229327, 25.257243123217876], [128.28493898861467, 25.228692432607893], [128.27851012498044, 25.208098677927982], [128.27689364433698, 25.20014174199791], [128.26813631076195, 25.171591051387928], [128.25474865752633, 25.143040360777942], [128.24758450636196, 25.131515254137227], [128.2367458117763, 25.114489670167956], [128.21665888774348, 25.089674609865195], [128.21350652538547, 25.085938979557977], [128.18573326912497, 25.057481554101003], [128.18566927565715, 25.05738828894799], [128.167169905339, 25.028837598338008], [128.15480765050648, 25.00911004908295], [128.15093101042083, 25.000286907728025], [128.13833680778754, 24.97173621711804], [128.123882031888, 24.943769529974954], [128.12352141719927, 24.943185526508053], [128.10287950614668, 24.914634835898074], [128.09295641326952, 24.90312616224015], [128.06822045971194, 24.886084145288095], [128.062030794651, 24.88186166279285], [128.03110517603253, 24.86554409548873], [128.016225556527, 24.857533454678105], [128.00017955741404, 24.849333928293888], [127.96925393879553, 24.834309931690534], [127.95781596180339, 24.828982764068122], [127.93832832017705, 24.818934699130637], [127.90740270155857, 24.805275819372973], [127.89386348232719, 24.80043207345814], [127.87647708294008, 24.792913584008424], [127.84555146432159, 24.78289833627487], [127.81462584570309, 24.77588753020864], [127.79551783042305, 24.771881382848154], [127.7837002270846, 24.767528889905755], [127.75277460846611, 24.756898950259995], [127.72184898984762, 24.747576676394814], [127.70143532402895, 24.743330692238175], [127.69092337122912, 24.739491465992845], [127.66288328025351, 24.743330692238168]]]}, "properties": {"fillColor": "#FFFF00", "fillOpacity": 0.7, "color": "#000000", "weight": 0.2, "stroke": false}}, {"type": "Feature", "geometry": {"type": "Polygon", "coordinates": [[[127.01055976162232, 25.363083529697143], [127.0414853802408, 25.368926520092554], [127.04307589688776, 25.371445885657813], [127.06074290425235, 25.399996576267796], [127.07241099885928, 25.413863258722227], [127.0808875843748, 25.42854726687778], [127.09812838433501, 25.45709795748776], [127.1033366174778, 25.464777036366545], [127.11538034766035, 25.48564864809775], [127.13021656641435, 25.51419933870773], [127.13426223609628, 25.52127571914113], [127.14616959492233, 25.542750029317713], [127.16108389663691, 25.5713007199277], [127.16518785471477, 25.57771085930876], [127.18023565265125, 25.59985141053768], [127.19611347333324, 25.622386255386377], [127.2011687027711, 25.628402101147664], [127.22469211551677, 25.65695279175765], [127.22703909195175, 25.65948317164427], [127.25380931869583, 25.685503482367633], [127.25796471057025, 25.689206449149637], [127.28889032918873, 25.712385807180176], [127.29236777047801, 25.71405417297762], [127.31981594780723, 25.724741052586694], [127.35074156642571, 25.72222399899611], [127.35449139846666, 25.714054172977615], [127.35074156642571, 25.702996875997385], [127.34492795243577, 25.68550348236763], [127.34496691913186, 25.65695279175765], [127.34508316115013, 25.628402101147664], [127.35074156642571, 25.61900893340568], [127.38166718504421, 25.627351391975303], [127.38313586868367, 25.628402101147664], [127.4125928036627, 25.649549949719244], [127.42403984321436, 25.65695279175765], [127.44351842228119, 25.67138313846113], [127.46746455750431, 25.685503482367633], [127.47444404089967, 25.6903121403909], [127.50536965951818, 25.708913646477022], [127.51531498646989, 25.714054172977615], [127.53629527813666, 25.725396346525198], [127.5648259132887, 25.742604863587598], [127.56722089675516, 25.743580958176352], [127.59814651537364, 25.757775762541943], [127.61947233493348, 25.771155554197584], [127.62907213399214, 25.775949803105682], [127.65999775261062, 25.78944408291928], [127.67704282581838, 25.799706244807567], [127.69092337122912, 25.80947704841497], [127.71678661394799, 25.82825693541755], [127.72184898984762, 25.838520310100456], [127.73169376023822, 25.856807626027532], [127.72184898984762, 25.878986656687083], [127.6909233712291, 25.87800179836337], [127.65999775261062, 25.871626243348743], [127.62907213399214, 25.864584445084848], [127.61041205654047, 25.856807626027535], [127.59814651537364, 25.853359865341826], [127.56722089675515, 25.84444856727771], [127.54353521320505, 25.856807626027535], [127.56722089675516, 25.867598458086103], [127.58646115783361, 25.885358316637518], [127.59814651537364, 25.89063771868673], [127.62907213399214, 25.90930676276921], [127.63404372424817, 25.9139090072475], [127.65999775261062, 25.922566929419542], [127.69092337122912, 25.941383488314074], [127.69286990485072, 25.942459697857483], [127.72184898984762, 25.950139487726045], [127.7527746084661, 25.958578844938003], [127.78370022708461, 25.97003994005849], [127.78749475687084, 25.97101038846747], [127.81462584570309, 25.975192270550348], [127.84555146432157, 25.977578077256467], [127.87647708294007, 25.97303785593326], [127.8813458287277, 25.97101038846747], [127.90740270155855, 25.962245957467605], [127.93832832017705, 25.94935866877797], [127.95473849562538, 25.942459697857483], [127.96925393879553, 25.93806280836786], [128.00017955741404, 25.930580878771657], [128.03110517603253, 25.92330897955836], [128.062030794651, 25.91608502478048], [128.0777521049356, 25.9139090072475], [128.09295641326952, 25.91174749952469], [128.10799120958106, 25.913909007247504], [128.12281101719202, 25.942459697857483], [128.09377411804314, 25.97101038846747], [128.09295641326952, 25.971684168027892], [128.062030794651, 25.994787503365664], [128.05429611296884, 25.999561079077452], [128.03110517603253, 26.023586275172736], [128.02358945980598, 26.028111769687435], [128.03110517603253, 26.03334136992912], [128.062030794651, 26.05177610299414], [128.09295641326952, 26.046773665928846], [128.123882031888, 26.03511873234264], [128.13869386312106, 26.028111769687435], [128.15480765050648, 26.018636706499088], [128.18573326912497, 26.00134768853958], [128.1887275371232, 25.999561079077452], [128.21665888774348, 25.980494315317323], [128.23296785440158, 25.97101038846747], [128.24758450636196, 25.960653780326204], [128.27851012498044, 25.94440687005192], [128.28342356234106, 25.942459697857483], [128.30943574359895, 25.929860736951174], [128.34036136221744, 25.923725953747578], [128.37128698083592, 25.922992942508706], [128.4022125994544, 25.925821434255504], [128.4331382180729, 25.929287291392804], [128.4640638366914, 25.93007386790942], [128.49498945530988, 25.927442625937207], [128.5259150739284, 25.921771399910188], [128.5566588869975, 25.9139090072475], [128.55684069254687, 25.913842211911465], [128.58776631116535, 25.90147410525134], [128.61869192978386, 25.88549339902583], [128.61888453802024, 25.885358316637518], [128.64961754840235, 25.861197788898487], [128.65565869886055, 25.856807626027535], [128.68054316702083, 25.836422797112874], [128.6908409164675, 25.82825693541755], [128.71146878563934, 25.81160097385305], [128.72741187850906, 25.799706244807567], [128.74239440425782, 25.78898146696767], [128.7733200228763, 25.77172082304493], [128.7747756204115, 25.771155554197584], [128.8042456414948, 25.75925032890943], [128.8351712601133, 25.752048576038018], [128.86609687873178, 25.74817030830222], [128.89702249735026, 25.743325760510096], [128.90044727657258, 25.742604863587598], [128.92794811596877, 25.735990129723504], [128.95887373458726, 25.734306515605915], [128.98979935320574, 25.740145664140105], [128.99493967960686, 25.742604863587594], [129.02072497182425, 25.765211098155604], [129.02429607700444, 25.771155554197584], [129.02750471297438, 25.799706244807567], [129.0223374622978, 25.82825693541755], [129.02072497182425, 25.833107795341128], [129.01442846906104, 25.856807626027535], [129.00472557352936, 25.885358316637518], [128.993208877568, 25.9139090072475], [128.98979935320574, 25.92237262399185], [128.98297855313535, 25.942459697857483], [128.97249479879196, 25.97101038846747], [128.9590471797287, 25.999561079077452], [128.95887373458726, 25.999867521079736], [128.94501868870427, 26.028111769687435], [128.92794811596877, 26.055701821993214], [128.92741262521685, 26.05666246029742], [128.9112847685427, 26.085213150907403], [128.89702249735026, 26.105528133599144], [128.89132226468215, 26.113763841517386], [128.8696029208432, 26.142314532127372], [128.86609687873178, 26.14689454858145], [128.84822150810822, 26.170865222737355], [128.8351712601133, 26.188244545723045], [128.82624425202843, 26.199415913347337], [128.8042456414948, 26.226709153318485], [128.80305085414412, 26.22796660395732], [128.77683653076713, 26.256517294567306], [128.7733200228763, 26.260542128016944], [128.74829664787774, 26.28506798517729], [128.74239440425782, 26.29181120871249], [128.72016682480074, 26.31361867578727], [128.71146878563934, 26.32358723212827], [128.6917684624105, 26.342169366397258], [128.68054316702083, 26.35433544091829], [128.66197012451863, 26.37072005700724], [128.64961754840235, 26.383780264490294], [128.63262508152346, 26.399270747617223], [128.61869192978386, 26.414674928461892], [128.604880928942, 26.427821438227205], [128.58776631116535, 26.443857531314997], [128.56972597764238, 26.45637212883719], [128.55684069254687, 26.461781262424765], [128.5259150739284, 26.471560660543204], [128.49498945530988, 26.47856800909822], [128.4640638366914, 26.48470104336943], [128.46290394783108, 26.484922819447174], [128.4331382180729, 26.489447181936363], [128.4022125994544, 26.493220410322646], [128.37128698083592, 26.49647797450927], [128.34036136221744, 26.49942294355434], [128.30943574359895, 26.50170672862578], [128.27851012498044, 26.502906037431536], [128.24758450636196, 26.503207071502224], [128.21665888774348, 26.503126247538727], [128.18573326912497, 26.503448387377155], [128.15480765050648, 26.50491290910396], [128.123882031888, 26.508066532105268], [128.09310129391517, 26.513473510057157], [128.09295641326952, 26.51352107788176], [128.06203079465104, 26.527031521442687], [128.03610373864947, 26.542024200667143], [128.03110517603255, 26.54669156939886], [128.00017955741404, 26.568476456598297], [127.9939796130223, 26.570574891277126], [127.96925393879553, 26.577533449642004], [127.93832832017705, 26.575823491837852], [127.91881599978393, 26.570574891277126], [127.90740270155855, 26.56620052052361], [127.87647708294008, 26.54746389547812], [127.868459375502, 26.542024200667143], [127.84555146432159, 26.513877488030353], [127.84513647608266, 26.513473510057157], [127.82745886621205, 26.484922819447174], [127.81462584570309, 26.47085678337588], [127.79691765517437, 26.45637212883719], [127.78370022708461, 26.45015703114537], [127.7527746084661, 26.434751300103628], [127.74061315784002, 26.427821438227205], [127.72184898984762, 26.419200400004787], [127.69092337122912, 26.40216295560021], [127.68661029073002, 26.399270747617223], [127.65999775261062, 26.37899334635071], [127.65074545171147, 26.37072005700724], [127.62907213399214, 26.342851069544515], [127.62856014441718, 26.342169366397258], [127.61619763567086, 26.31361867578727], [127.59814651537364, 26.293159035071035], [127.59263486929204, 26.28506798517729], [127.56761116343732, 26.256517294567306], [127.56722089675516, 26.255866719910372], [127.54855450946619, 26.22796660395732], [127.53724157304694, 26.199415913347337], [127.53629527813666, 26.19720695279234], [127.52070964145167, 26.170865222737355], [127.50536965951817, 26.148225111897702], [127.50081100589132, 26.142314532127372], [127.474844238938, 26.113763841517386], [127.47444404089968, 26.113393494326793], [127.44400263344927, 26.085213150907403], [127.44351842228119, 26.084828826732146], [127.41259280366272, 26.058911431615382], [127.41020186412578, 26.056662460297424], [127.38166718504421, 26.03197716643904], [127.37756461970032, 26.028111769687435], [127.35074156642573, 26.00344856356502], [127.34669874082039, 25.999561079077452], [127.32215467801187, 25.97101038846747], [127.31981594780723, 25.967790674233107], [127.30088059529854, 25.942459697857483], [127.28889032918872, 25.927227711095284], [127.27802731002333, 25.913909007247497], [127.25796471057023, 25.889569316943994], [127.25429584115311, 25.885358316637518], [127.23211335347783, 25.856807626027535], [127.22703909195175, 25.851445636393372], [127.20584277295765, 25.82825693541755], [127.19611347333327, 25.817731763747226], [127.17909480954557, 25.799706244807567], [127.16518785471476, 25.7844094218974], [127.152520720249, 25.771155554197584], [127.13426223609629, 25.749053461649957], [127.12822806609022, 25.742604863587598], [127.10535295945951, 25.714054172977615], [127.1033366174778, 25.71127025653307], [127.0815522738418, 25.68550348236763], [127.07241099885931, 25.672581443127328], [127.05832370546358, 25.65695279175765], [127.0414853802408, 25.63008584048501], [127.04014175331652, 25.628402101147664], [127.02167771115764, 25.59985141053768], [127.01055976162232, 25.57899334581989], [127.0051463400738, 25.571300719927702], [126.99187848798293, 25.542750029317713], [126.98454485205045, 25.51419933870773], [126.98070366097295, 25.485648648097747], [126.98014851892502, 25.45709795748776], [126.98172115763883, 25.42854726687778], [126.98815898869674, 25.399996576267796], [127.00276851226758, 25.371445885657813], [127.01055976162232, 25.363083529697143]]]}, "properties": {"fillColor": "#FFFF00", "fillOpacity": 0.7, "color": "#000000", "weight": 0.2, "stroke": false}}, {"type": "Feature", "geometry": {"type": "Polygon", "coordinates": [[[127.0391960969633, 25.51419933870773], [127.0414853802408, 25.540962362337307], [127.04169674923081, 25.542750029317713], [127.05234240841065, 25.5713007199277], [127.06348928102841, 25.59985141053768], [127.07241099885928, 25.617015348338324], [127.07789750112782, 25.62840210114766], [127.09377286091073, 25.656952791757654], [127.1033366174778, 25.669983455334425], [127.11290030318335, 25.68550348236763], [127.13426223609628, 25.7137498295025], [127.13446784904829, 25.714054172977615], [127.15651487377667, 25.7426048635876], [127.16518785471477, 25.752393212145503], [127.18130374663923, 25.771155554197584], [127.19611347333326, 25.78679115151904], [127.20800693714372, 25.799706244807567], [127.22703909195175, 25.819532299564223], [127.23549324088967, 25.82825693541755], [127.25796471057025, 25.851195251553637], [127.26332681380748, 25.856807626027535], [127.28812819513936, 25.885358316637518], [127.28889032918873, 25.886217836083734], [127.30935448793613, 25.913909007247497], [127.31981594780723, 25.92567411921047], [127.33430736300856, 25.942459697857487], [127.35074156642573, 25.961804431005653], [127.35883459452171, 25.97101038846747], [127.38166718504421, 25.997023980183442], [127.38409245336281, 25.99956107907745], [127.4125928036627, 26.024322161125752], [127.4171321273825, 26.028111769687435], [127.44351842228119, 26.049322000929223], [127.45468198090822, 26.056662460297424], [127.4744440408997, 26.07289964365932], [127.49012319437001, 26.085213150907403], [127.50536965951818, 26.099315390152448], [127.52075954110904, 26.113763841517383], [127.53629527813666, 26.130434280704897], [127.54592372514874, 26.142314532127372], [127.56359674101616, 26.170865222737355], [127.56722089675516, 26.17767549798731], [127.5755019437104, 26.199415913347337], [127.5901931023148, 26.22796660395732], [127.59814651537363, 26.238041834370673], [127.61330268302486, 26.256517294567306], [127.62907213399214, 26.26946081125903], [127.6541264409592, 26.28506798517729], [127.65999775261062, 26.289834722521935], [127.69092337122913, 26.309496232459075], [127.69913686011404, 26.31361867578727], [127.72184898984762, 26.33220457907038], [127.7384373443195, 26.342169366397258], [127.7527746084661, 26.354735183608287], [127.7736591948392, 26.37072005700724], [127.7837002270846, 26.377431864960233], [127.81462584570309, 26.397748309283898], [127.8168786576811, 26.399270747617223], [127.84555146432157, 26.41775075660898], [127.86451459808093, 26.427821438227205], [127.87647708294007, 26.435873825370642], [127.90740270155857, 26.45276043380383], [127.91520101247013, 26.456372128837195], [127.93832832017706, 26.473723838888333], [127.9644975632983, 26.484922819447174], [127.96925393879553, 26.48843848896922], [128.00017955741404, 26.495818714885942], [128.03110517603253, 26.494511182424247], [128.062030794651, 26.491236542064353], [128.09295641326952, 26.488086776859276], [128.123882031888, 26.485463566665658], [128.1318301522966, 26.48492281944717], [128.15480765050648, 26.483745280127224], [128.18573326912497, 26.48274050469018], [128.21665888774348, 26.48226964139375], [128.24758450636196, 26.481861563188865], [128.27851012498044, 26.480766404358565], [128.30943574359895, 26.47818865703523], [128.34036136221744, 26.473500757794543], [128.37128698083592, 26.466482051027164], [128.4022125994544, 26.457778052504825], [128.40748684398343, 26.45637212883719], [128.4331382180729, 26.446890545010174], [128.4640638366914, 26.431917184697753], [128.47155016146556, 26.427821438227205], [128.49498945530988, 26.412615994820037], [128.51133289922203, 26.399270747617223], [128.5259150739284, 26.387896621809105], [128.54539936885746, 26.37072005700724], [128.55684069254687, 26.360527053780217], [128.5769667922508, 26.342169366397258], [128.58776631116535, 26.332228717595104], [128.61010289070464, 26.313618675787268], [128.61869192978384, 26.306095747526893], [128.64657586358248, 26.28506798517729], [128.64961754840235, 26.28264772353195], [128.68054316702083, 26.262803706791416], [128.6900862193449, 26.256517294567306], [128.71146878563934, 26.24332819383424], [128.73442065923928, 26.22796660395732], [128.74239440425782, 26.22290050163005], [128.77196497092135, 26.199415913347337], [128.7733200228763, 26.198429230582928], [128.8006475306428, 26.17086522273736], [128.8042456414948, 26.16758998173827], [128.8254964650159, 26.142314532127372], [128.8351712601133, 26.132604339378272], [128.8506382793389, 26.113763841517383], [128.86609687873178, 26.09540073250499], [128.8734886603298, 26.085213150907403], [128.89099039835554, 26.05666246029742], [128.8970224973503, 26.046603513659495], [128.9075562940111, 26.028111769687435], [128.92287687288885, 25.99956107907745], [128.92794811596877, 25.98926800555062], [128.9365410430239, 25.97101038846747], [128.94845612484457, 25.942459697857483], [128.95887373458726, 25.915570873533234], [128.9595298673721, 25.9139090072475], [128.97087441200418, 25.885358316637518], [128.98063548912222, 25.856807626027532], [128.98683161286826, 25.82825693541755], [128.9840650314714, 25.799706244807567], [128.95887373458726, 25.775846541937497], [128.92794811596877, 25.771901227090517], [128.89702249735026, 25.780150784548496], [128.86609687873178, 25.791727096471803], [128.8418836552003, 25.799706244807567], [128.8351712601133, 25.801981249916633], [128.8042456414948, 25.810012916685345], [128.7733200228763, 25.823558821665323], [128.76598035950607, 25.82825693541755], [128.74239440425782, 25.84232314303332], [128.7234281978363, 25.856807626027535], [128.71146878563934, 25.86391983121691], [128.68054316702083, 25.884574025511252], [128.67954362152653, 25.885358316637518], [128.64961754840235, 25.90455494036678], [128.63762261536706, 25.9139090072475], [128.61869192978386, 25.9262085805017], [128.59038433052268, 25.942459697857483], [128.58776631116535, 25.943841966209302], [128.55684069254687, 25.950570121307162], [128.5259150739284, 25.954836837877806], [128.49498945530988, 25.958761707409707], [128.4640638366914, 25.962003747837752], [128.4331382180729, 25.964430017545137], [128.4022125994544, 25.964428535609823], [128.37128698083592, 25.96511077451109], [128.34294378199812, 25.97101038846747], [128.34036136221744, 25.971575699126777], [128.30943574359895, 25.981958103784777], [128.27851012498044, 25.99615676532388], [128.27256979548383, 25.999561079077452], [128.24758450636196, 26.012768588579668], [128.2215647299965, 26.028111769687435], [128.21665888774348, 26.031564993063885], [128.18573326912497, 26.051165798062648], [128.17628344090525, 26.056662460297424], [128.15480765050648, 26.07634485236807], [128.14189777248072, 26.085213150907403], [128.12947593617392, 26.113763841517386], [128.123882031888, 26.122587011171756], [128.1113406987484, 26.142314532127372], [128.09295641326952, 26.15266935955314], [128.062030794651, 26.166001132437813], [128.04142453501464, 26.170865222737355], [128.03110517603253, 26.17199587672573], [128.00017955741404, 26.17173194960546], [127.99306549111348, 26.170865222737355], [127.96925393879553, 26.16292977847195], [127.93832832017705, 26.147212096856926], [127.93012287150046, 26.142314532127372], [127.92096347187275, 26.113763841517386], [127.90740270155854, 26.096099811291822], [127.901210384748, 26.085213150907403], [127.8785912253521, 26.05666246029742], [127.87647708294007, 26.055115028343835], [127.84555146432157, 26.03710803325792], [127.82718998805956, 26.028111769687435], [127.81462584570309, 26.02337619439316], [127.78370022708458, 26.0117327824075], [127.7527746084661, 26.00022861779622], [127.75147331559948, 25.999561079077452], [127.72184898984762, 25.98457990914917], [127.69394017539459, 25.97101038846747], [127.69092337122913, 25.96934820712992], [127.65999775261062, 25.950939792198774], [127.64283460304415, 25.942459697857483], [127.62907213399214, 25.934192986385334], [127.59814651537364, 25.91847143559887], [127.58967799094731, 25.913909007247497], [127.56722089675516, 25.898809803489936], [127.54310208595156, 25.885358316637518], [127.53629527813666, 25.880200566132682], [127.5053696595182, 25.860054323932367], [127.50020252084217, 25.856807626027535], [127.47444404089968, 25.836442081629738], [127.46113714134492, 25.82825693541755], [127.44351842228119, 25.813188342191054], [127.41845193834754, 25.799706244807567], [127.4125928036627, 25.79491884396446], [127.38166718504421, 25.779580960089994], [127.35691574517556, 25.771155554197584], [127.35074156642571, 25.768432787020956], [127.31981594780723, 25.754068659561653], [127.29795701670677, 25.742604863587594], [127.28889032918873, 25.73722491262286], [127.25796471057023, 25.71565711697834], [127.25596279032617, 25.71405417297761], [127.22703909195175, 25.688121194895917], [127.22415222188889, 25.685503482367633], [127.19736436169237, 25.65695279175765], [127.19611347333326, 25.655531674911806], [127.17224116385584, 25.628402101147664], [127.16518785471477, 25.61930481943454], [127.14841590779298, 25.59985141053768], [127.13426223609628, 25.578340566116772], [127.12737651995558, 25.5713007199277], [127.10787759408822, 25.542750029317713], [127.1033366174778, 25.5349384232328], [127.08230366464142, 25.514199338707733], [127.0724109988593, 25.50056601753641], [127.0414853802408, 25.50494245787911], [127.0391960969633, 25.51419933870773]]]}, "properties": {"fillColor": "#FFFF00", "fillOpacity": 0.7, "color": "#000000", "weight": 0.2, "stroke": false}}, {"type": "Feature", "geometry": {"type": "Polygon", "coordinates": [[[126.85593166852986, 25.585566690294563], [126.88685728714835, 25.578775486719252], [126.90355063748905, 25.59985141053768], [126.90587275712747, 25.628402101147664], [126.89534412740684, 25.656952791757647], [126.88685728714833, 25.667878615911583], [126.86593565950551, 25.685503482367633], [126.85593166852986, 25.68993228649588], [126.85193705597868, 25.685503482367633], [126.83316333651527, 25.65695279175765], [126.82967577132825, 25.628402101147664], [126.84268262504254, 25.59985141053768], [126.85593166852986, 25.585566690294563]]]}, "properties": {"fillColor": "#FFFF00", "fillOpacity": 0.7, "color": "#000000", "weight": 0.2, "stroke": false}}, {"type": "Feature", "geometry": {"type": "Polygon", "coordinates": [[[126.91778290576684, 26.422037265847568], [126.94870852438532, 26.418251165425183], [126.96242868566182, 26.427821438227205], [126.9796341430038, 26.440005096026567], [126.9928669915517, 26.45637212883719], [127.01055976162232, 26.482083040468087], [127.01242178041069, 26.484922819447174], [127.02881151686996, 26.513473510057157], [127.0414853802408, 26.53716825905073], [127.04418008901428, 26.542024200667143], [127.05613743207309, 26.570574891277126], [127.06404634429583, 26.599125581887108], [127.07241099885931, 26.615734231971686], [127.08176190021202, 26.62767627249709], [127.1033366174778, 26.644042183113235], [127.12529849591037, 26.656226963107077], [127.13426223609628, 26.661013596212037], [127.16518785471479, 26.675983981788065], [127.17958238468253, 26.684777653717056], [127.19611347333324, 26.704765376759795], [127.20233082941654, 26.713328344327042], [127.19611347333326, 26.7368471652511], [127.19445749703323, 26.74187903493703], [127.16518785471477, 26.75899724653485], [127.13426223609628, 26.76421196941972], [127.1033366174778, 26.761859182544697], [127.07241099885928, 26.755365263141154], [127.0414853802408, 26.746765197035455], [127.0237273925377, 26.74187903493703], [127.01055976162232, 26.739244231835144], [126.97963414300382, 26.73363622518441], [126.94870852438532, 26.72723364537554], [126.91778290576684, 26.720202419778204], [126.89293503533034, 26.71332834432704], [126.88685728714835, 26.711877563987628], [126.85593166852988, 26.70334661534787], [126.82500604991137, 26.69013533455602], [126.81693637312839, 26.684777653717056], [126.79408043129288, 26.661536654707042], [126.79015211427502, 26.656226963107077], [126.78884603899849, 26.627676272497094], [126.79408043129288, 26.618251171719592], [126.80608803652655, 26.599125581887108], [126.82500604991137, 26.581506154426613], [126.83967432692793, 26.570574891277126], [126.85593166852986, 26.55261767720952], [126.86643036613673, 26.542024200667143], [126.88464353613591, 26.513473510057157], [126.88685728714835, 26.50815817380853], [126.89467852745116, 26.484922819447178], [126.90133712938687, 26.45637212883719], [126.91329169100376, 26.427821438227205], [126.91778290576684, 26.422037265847568]]]}, "properties": {"fillColor": "#FFFF00", "fillOpacity": 0.7, "color": "#000000", "weight": 0.2, "stroke": false}}, {"type": "Feature", "geometry": {"type": "Polygon", "coordinates": [[[126.92974553825216, 26.484922819447174], [126.92375714515595, 26.513473510057157], [126.91984147132749, 26.542024200667143], [126.91778290576684, 26.545469566602605], [126.88685728714835, 26.56943986124213], [126.88574975417146, 26.570574891277126], [126.85593166852986, 26.587124706741363], [126.84001629375628, 26.599125581887108], [126.82500604991137, 26.613381359352438], [126.81473620200455, 26.627676272497094], [126.81820168001208, 26.656226963107077], [126.82500604991137, 26.662942845280735], [126.85593166852986, 26.68195034306292], [126.86289987338586, 26.68477765371706], [126.88685728714835, 26.69294452726831], [126.91778290576686, 26.700795948549505], [126.94870852438532, 26.708309550418658], [126.96608037253215, 26.713328344327042], [126.9796341430038, 26.716908808802827], [127.01055976162232, 26.724620110119616], [127.0414853802408, 26.731851864915832], [127.07241099885928, 26.738482618838226], [127.09001530299298, 26.74187903493703], [127.1033366174778, 26.74478726987955], [127.13426223609628, 26.744939559427987], [127.1451717318281, 26.74187903493703], [127.16518785471477, 26.72222005212941], [127.16950329296071, 26.713328344327046], [127.16518785471477, 26.708317756848288], [127.14337733426734, 26.684777653717056], [127.13426223609628, 26.679892742808505], [127.1033366174778, 26.663038203426176], [127.09496871355208, 26.656226963107073], [127.0724109988593, 26.638658888198187], [127.06315225842181, 26.62767627249709], [127.04741476977807, 26.599125581887108], [127.0414853802408, 26.58330337150408], [127.03618098951267, 26.570574891277126], [127.02000038176556, 26.542024200667143], [127.01055976162233, 26.525164299771887], [127.00074788814322, 26.513473510057153], [126.9833217787492, 26.484922819447174], [126.97963414300384, 26.479538447546616], [126.94870852438532, 26.458327212063093], [126.92974553825216, 26.484922819447174]]]}, "properties": {"fillColor": "#FFFF00", "fillOpacity": 0.7, "color": "#000000", "weight": 0.2, "stroke": false}}, {"type": "Feature", "geometry": {"type": "Polygon", "coordinates": [[[126.79408043129288, 28.957869237514977], [126.82500604991137, 28.95363979996703], [126.85593166852988, 28.96104801719243], [126.86958832230255, 28.96883290251575], [126.88685728714836, 28.976628557769253], [126.91331216122798, 28.997383593125736], [126.91778290576684, 29.000715060144238], [126.94684965069553, 29.02593428373572], [126.94870852438532, 29.02717160216946], [126.9796341430038, 29.04456413296416], [127.00082112202142, 29.0544849743457], [127.01055976162232, 29.06010653289275], [127.0414853802408, 29.080278009854837], [127.04480616198262, 29.083035664955688], [127.04947348279893, 29.111586355565674], [127.0414853802408, 29.121479321192034], [127.02831972009659, 29.140137046175653], [127.01055976162232, 29.15179993465319], [126.97963414300382, 29.163107507630613], [126.94870852438532, 29.165328741793815], [126.91778290576684, 29.162016041461833], [126.88685728714833, 29.15214930396764], [126.86638962715577, 29.140137046175653], [126.85593166852986, 29.13649974006597], [126.82500604991137, 29.119462843798875], [126.81449690087604, 29.11158635556567], [126.79408043129288, 29.095850319260663], [126.78062168592953, 29.083035664955688], [126.7634721954289, 29.0544849743457], [126.76315481267439, 29.05294230035503], [126.75349291459551, 29.025934283735715], [126.75855155510513, 28.997383593125733], [126.76315481267439, 28.98859360968079], [126.77827268584207, 28.968832902515754], [126.79408043129288, 28.957869237514977]]]}, "properties": {"fillColor": "#FFFF00", "fillOpacity": 0.7, "color": "#000000", "weight": 0.2, "stroke": false}}, {"type": "Feature", "geometry": {"type": "Polygon", "coordinates": [[[126.77700861748292, 28.997383593125736], [126.76849588934279, 29.02593428373572], [126.77429955199952, 29.0544849743457], [126.79408043129288, 29.07944368290089], [126.79666684084438, 29.083035664955688], [126.82500604991138, 29.107121003721076], [126.83222115857575, 29.11158635556567], [126.85593166852985, 29.1274574252541], [126.88685728714835, 29.138869233739733], [126.89244906871404, 29.140137046175653], [126.91778290576684, 29.150874898151848], [126.94870852438532, 29.154534702175013], [126.97963414300384, 29.149111203180823], [126.9976396469136, 29.140137046175653], [127.01055976162232, 29.12639564656915], [127.02250586253069, 29.11158635556567], [127.0126774714264, 29.083035664955688], [127.01055976162232, 29.0815685004433], [126.97963414300384, 29.059202389369293], [126.9728127155758, 29.0544849743457], [126.94870852438532, 29.03801028569651], [126.93056625663053, 29.02593428373572], [126.91778290576684, 29.01484304581173], [126.89435276153483, 28.997383593125736], [126.88685728714833, 28.991503057257873], [126.85593166852988, 28.975764556969207], [126.82500604991138, 28.970610425800867], [126.79408043129288, 28.978862248681004], [126.77700861748292, 28.997383593125736]]]}, "properties": {"fillColor": "#FFFF00", "fillOpacity": 0.7, "color": "#000000", "weight": 0.2, "stroke": false}}, {"type": "Feature", "geometry": {"type": "Polygon", "coordinates": [[[143.30836077356716, 9.406216475919527], [143.33928639218564, 9.40859835002825], [143.34710542551557, 9.411609834676948], [143.37021201080415, 9.429260279495022], [143.38222930644793, 9.440160525286933], [143.3883160284171, 9.468711215896917], [143.37021201080415, 9.49517547878166], [143.33928639218564, 9.485945475759026], [143.3201004102087, 9.468711215896917], [143.30836077356716, 9.449831580783206], [143.30235258761599, 9.440160525286933], [143.30119893175038, 9.411609834676948], [143.30836077356716, 9.406216475919527]]]}, "properties": {"fillColor": "#FFA500", "fillOpacity": 0.7, "color": "#000000", "weight": 0.2, "stroke": false}}, {"type": "Feature", "geometry": {"type": "Polygon", "coordinates": [[[134.98936936519303, 9.862145698773922], [135.02029498381154, 9.849775497000492], [135.05122060243002, 9.843646834860298], [135.0821462210485, 9.847193057000677], [135.113071839667, 9.868011388431848], [135.11347978451505, 9.868420884436688], [135.1309978092285, 9.89697157504667], [135.13625374609583, 9.925522265656655], [135.1439974582855, 9.950040417872067], [135.14632982257203, 9.95407295626664], [135.17279715814655, 9.982623646876622], [135.17492307690398, 9.984800014586954], [135.20299824391398, 10.011174337486606], [135.20584869552246, 10.013774388161272], [135.23677431414094, 10.038466022570603], [135.23836105752503, 10.03972502809659], [135.26226148111056, 10.068275718706573], [135.24374697984152, 10.096826409316556], [135.23677431414097, 10.1043016646558], [135.21719681102297, 10.125377099926538], [135.20584869552246, 10.133451451851037], [135.17492307690398, 10.151621430802185], [135.1697233784194, 10.153927790536525], [135.1439974582855, 10.164318480705976], [135.113071839667, 10.172697296289194], [135.0821462210485, 10.178123273182171], [135.05122060243002, 10.181476270157566], [135.0357465705905, 10.182478481146507], [135.02029498381154, 10.183837824675011], [134.98936936519303, 10.185528667732557], [134.95844374657455, 10.186529131598295], [134.92751812795603, 10.186481497112709], [134.89659250933755, 10.18431026708374], [134.88703912084745, 10.182478481146507], [134.86566689071907, 10.17950518908277], [134.8347412721006, 10.173903720269973], [134.80381565348208, 10.170816652603872], [134.7728900348636, 10.170184536956391], [134.7419644162451, 10.170716479976356], [134.7110387976266, 10.171686542084561], [134.68011317900812, 10.172110871992514], [134.64918756038963, 10.170973230726329], [134.61826194177115, 10.168336839378473], [134.58733632315264, 10.164971319192194], [134.55641070453416, 10.159736462401025], [134.53617460843287, 10.153927790536525], [134.52548508591568, 10.148044071688936], [134.50351996734673, 10.12537709992654], [134.5024806725532, 10.096826409316556], [134.5169113613785, 10.068275718706573], [134.52548508591568, 10.059745054018533], [134.55353694069288, 10.03972502809659], [134.55641070453416, 10.038324072623405], [134.58733632315264, 10.029071864286994], [134.61826194177115, 10.025338426977411], [134.64918756038963, 10.024048629695349], [134.68011317900812, 10.022749757646455], [134.7110387976266, 10.018558879615906], [134.73536507035362, 10.011174337486604], [134.7419644162451, 10.008605277122095], [134.7728900348636, 9.989397830955909], [134.78170308611791, 9.982623646876622], [134.80381565348208, 9.965547213508447], [134.82128772421058, 9.95407295626664], [134.8347412721006, 9.944953662611255], [134.86566689071907, 9.9278757833221], [134.8707407226188, 9.925522265656657], [134.89659250933755, 9.91057952228963], [134.92469457242808, 9.896971575046672], [134.92751812795603, 9.895259547258085], [134.95844374657455, 9.877566902044848], [134.9781990098427, 9.868420884436688], [134.98936936519303, 9.862145698773922]]]}, "properties": {"fillColor": "#FFA500", "fillOpacity": 0.7, "color": "#000000", "weight": 0.2, "stroke": false}}, {"type": "Feature", "geometry": {"type": "Polygon", "coordinates": [[[134.98221920583973, 9.89697157504667], [134.95844374657455, 9.907325580903048], [134.92751812795603, 9.92412855406748], [134.9251377636542, 9.925522265656655], [134.89659250933755, 9.938497048393605], [134.86980007750984, 9.95407295626664], [134.86566689071907, 9.95673425384871], [134.8347412721006, 9.975457032809246], [134.82514276967984, 9.982623646876622], [134.80381565348208, 10.002801263304214], [134.7932547867084, 10.011174337486606], [134.7728900348636, 10.029013628889594], [134.75387936709933, 10.03972502809659], [134.7419644162451, 10.047755736073498], [134.7110387976266, 10.05944916997271], [134.68011317900812, 10.067067073142896], [134.67461126328914, 10.068275718706573], [134.64918756038963, 10.084269933611443], [134.63409960461408, 10.096826409316556], [134.64918756038963, 10.107116685607407], [134.68011317900812, 10.12007258743856], [134.7052911824879, 10.12537709992654], [134.7110387976266, 10.126018759282966], [134.7419644162451, 10.12821724987702], [134.7728900348636, 10.129954349149203], [134.80381565348208, 10.13182305005861], [134.8347412721006, 10.134612064549003], [134.86566689071907, 10.140686858714059], [134.89659250933755, 10.147257079048734], [134.92751812795603, 10.150384747659157], [134.95844374657455, 10.151726548970037], [134.98936936519303, 10.151577306397842], [135.02029498381154, 10.150094402758214], [135.05122060243002, 10.146888910423746], [135.0821462210485, 10.14120553734358], [135.113071839667, 10.131837591300686], [135.12812888088052, 10.12537709992654], [135.14399745828547, 10.111282080076636], [135.15805835372362, 10.096826409316556], [135.15395114629135, 10.068275718706573], [135.1439974582855, 10.05821281006983], [135.12790803432267, 10.03972502809659], [135.113071839667, 10.023916865744884], [135.10165783940317, 10.011174337486608], [135.0821462210485, 9.98927706366139], [135.07607542296614, 9.982623646876622], [135.06929244333242, 9.95407295626664], [135.0790844922256, 9.925522265656655], [135.07712344629942, 9.89697157504667], [135.05122060243002, 9.88115021694145], [135.02029498381154, 9.881592656516904], [134.98936936519303, 9.893031674919003], [134.98221920583973, 9.89697157504667]]]}, "properties": {"fillColor": "#FFA500", "fillOpacity": 0.7, "color": "#000000", "weight": 0.2, "stroke": false}}, {"type": "Feature", "geometry": {"type": "Polygon", "coordinates": [[[144.70001361139924, 10.459390201248613], [144.73093923001775, 10.456900137603307], [144.76186484863624, 10.46167363951681], [144.77582102733908, 10.467985387246344], [144.79279046725472, 10.473074488562675], [144.82371608587323, 10.486940083027424], [144.83928358233163, 10.496536077856328], [144.8546417044917, 10.505621889923507], [144.88405366069685, 10.525086768466313], [144.8855673231102, 10.526036525462516], [144.91649294172868, 10.543357537181292], [144.93336883228264, 10.553637459076295], [144.9474185603472, 10.560374501592523], [144.97834417896567, 10.574787336346017], [144.99099926384608, 10.582188149686278], [145.00926979758418, 10.590401006125802], [145.04019541620266, 10.609366513990825], [145.04194765919164, 10.610738840296262], [145.07112103482118, 10.637913444161367], [145.07237555502184, 10.639289530906245], [145.08077238229848, 10.66784022151623], [145.07112103482115, 10.681700191675612], [145.05473479114607, 10.696390912126214], [145.04019541620266, 10.704767892175575], [145.00926979758418, 10.712262268719591], [144.97834417896567, 10.714399879037838], [144.9474185603472, 10.71576524903609], [144.91649294172868, 10.719197118619594], [144.8855673231102, 10.723808915362856], [144.87302959668946, 10.724941602736198], [144.8546417044917, 10.727094978659984], [144.83250690793628, 10.724941602736198], [144.82371608587323, 10.724125884516527], [144.79279046725472, 10.712187292648121], [144.77485137387828, 10.696390912126214], [144.76186484863624, 10.678714178468738], [144.75650180715255, 10.66784022151623], [144.73310906873297, 10.639289530906247], [144.73093923001775, 10.637868508553167], [144.70019734306712, 10.610738840296262], [144.70001361139924, 10.61060357313492], [144.67173456990795, 10.582188149686278], [144.66908799278076, 10.576524040373256], [144.65200308152333, 10.553637459076295], [144.64255861753696, 10.525086768466313], [144.64147144510198, 10.496536077856328], [144.66908799278076, 10.46873884569135], [144.671402489045, 10.467985387246344], [144.70001361139924, 10.459390201248613]]]}, "properties": {"fillColor": "#FFA500", "fillOpacity": 0.7, "color": "#000000", "weight": 0.2, "stroke": false}}, {"type": "Feature", "geometry": {"type": "Polygon", "coordinates": [[[144.66959182811217, 10.496536077856328], [144.66908799278076, 10.49826198409765], [144.66191024193844, 10.525086768466313], [144.66908799278076, 10.541595259431288], [144.67162028653294, 10.553637459076295], [144.68639499059432, 10.582188149686278], [144.70001361139924, 10.595872449314253], [144.72020644152502, 10.610738840296262], [144.73093923001775, 10.62021050974022], [144.76007205729871, 10.639289530906247], [144.76186484863624, 10.641255568916094], [144.79279046725472, 10.665267950667555], [144.79887952308178, 10.66784022151623], [144.82371608587323, 10.683543306687891], [144.8546417044917, 10.68977328852565], [144.8855673231102, 10.688239977001048], [144.91649294172868, 10.683544167894166], [144.9474185603472, 10.679011209428555], [144.97834417896567, 10.67491429625218], [145.0071054350113, 10.66784022151623], [145.00926979758418, 10.665400579381762], [145.0184275046646, 10.639289530906247], [145.00926979758418, 10.631944968286414], [144.98525857284267, 10.610738840296264], [144.97834417896567, 10.607121979521754], [144.9474185603472, 10.591912236182665], [144.93119323752188, 10.582188149686278], [144.91649294172868, 10.57378786179162], [144.8855673231102, 10.555092441952382], [144.88361110968125, 10.553637459076295], [144.8546417044917, 10.533175088948765], [144.84400780206795, 10.525086768466313], [144.82371608587323, 10.510710638327986], [144.80149346907808, 10.496536077856328], [144.79279046725472, 10.49146632708191], [144.76186484863624, 10.477347993850175], [144.73093923001775, 10.473386940259584], [144.70001361139924, 10.47707415447292], [144.66959182811217, 10.496536077856328]]]}, "properties": {"fillColor": "#FFA500", "fillOpacity": 0.7, "color": "#000000", "weight": 0.2, "stroke": false}}, {"type": "Feature", "geometry": {"type": "Polygon", "coordinates": [[[129.36090677662764, 10.579156129010856], [129.39183239524613, 10.561755262897563], [129.4227580138646, 10.555990030623068], [129.45368363248312, 10.556667587017325], [129.4846092511016, 10.563823812859352], [129.5155348697201, 10.578280764440375], [129.52373335926524, 10.582188149686278], [129.5464604883386, 10.59064181035807], [129.57738610695708, 10.601697024681654], [129.6039063458891, 10.610738840296262], [129.60831172557556, 10.612215208060373], [129.63923734419407, 10.623954428442822], [129.66766819321913, 10.639289530906247], [129.67016296281255, 10.641336138221575], [129.70108858143104, 10.66545634763497], [129.70492873666666, 10.66784022151623], [129.72987923283483, 10.696390912126214], [129.7067486963571, 10.724941602736198], [129.70108858143104, 10.728635089739441], [129.67016296281255, 10.746458793631115], [129.64999468703076, 10.75349229334618], [129.63923734419407, 10.757154791918008], [129.60831172557556, 10.762931798545338], [129.57738610695708, 10.763935042569289], [129.5464604883386, 10.760426213513139], [129.51793324583028, 10.75349229334618], [129.5155348697201, 10.753117376991188], [129.4846092511016, 10.751520066910103], [129.45368363248312, 10.748230945662101], [129.4227580138646, 10.743617973061994], [129.39183239524613, 10.74170164433841], [129.36090677662764, 10.737145275543607], [129.33482046860303, 10.724941602736198], [129.32998115800916, 10.722094678987768], [129.30813697436588, 10.696390912126214], [129.3030999946372, 10.66784022151623], [129.30815813567767, 10.639289530906247], [129.32637063264664, 10.610738840296262], [129.32998115800916, 10.606714613495011], [129.35723292582273, 10.582188149686278], [129.36090677662764, 10.579156129010856]]]}, "properties": {"fillColor": "#FFA500", "fillOpacity": 0.7, "color": "#000000", "weight": 0.2, "stroke": false}}, {"type": "Feature", "geometry": {"type": "Polygon", "coordinates": [[[129.41876182178137, 10.582188149686278], [129.39183239524613, 10.587889079197566], [129.36090677662764, 10.60604383512075], [129.35575566381655, 10.610738840296262], [129.33427396941227, 10.639289530906247], [129.32998115800916, 10.666043294961785], [129.32955320751427, 10.66784022151623], [129.32998115800916, 10.668927541834352], [129.3419128391553, 10.696390912126216], [129.36090677662764, 10.710705343869048], [129.39183239524613, 10.719316362137626], [129.4227580138646, 10.722782367054549], [129.43709972687026, 10.724941602736198], [129.45368363248312, 10.728622678503603], [129.4846092511016, 10.729451903508506], [129.5155348697201, 10.728237284047227], [129.5464604883386, 10.733165484710614], [129.57738610695708, 10.735966285356827], [129.60831172557556, 10.733333611835524], [129.63405979863708, 10.724941602736198], [129.63923734419407, 10.719088112753903], [129.65322422771942, 10.696390912126214], [129.63923734419407, 10.6827055251775], [129.62301906621371, 10.66784022151623], [129.60831172557556, 10.656414364458598], [129.5805529306761, 10.639289530906247], [129.57738610695708, 10.637885780478218], [129.5464604883386, 10.623979941435035], [129.51913651043202, 10.610738840296262], [129.5155348697201, 10.609060136258911], [129.4846092511016, 10.592743923417286], [129.45368363248312, 10.582535739238091], [129.44480903454036, 10.582188149686278], [129.4227580138646, 10.580965584703305], [129.41876182178137, 10.582188149686278]]]}, "properties": {"fillColor": "#FFA500", "fillOpacity": 0.7, "color": "#000000", "weight": 0.2, "stroke": false}}, {"type": "Feature", "geometry": {"type": "Polygon", "coordinates": [[[131.34014636821107, 10.563144928999268], [131.37107198682958, 10.555081260740684], [131.40199760544806, 10.558510619914813], [131.42392137038044, 10.582188149686278], [131.43091898744126, 10.610738840296262], [131.43223760769874, 10.639289530906247], [131.43292322406654, 10.66191031890453], [131.43351308829378, 10.66784022151623], [131.44003183736586, 10.696390912126214], [131.451210095977, 10.724941602736198], [131.4514423863331, 10.75349229334618], [131.4349270226779, 10.782042983956163], [131.43292322406654, 10.784382812595993], [131.41576599952975, 10.81059367456615], [131.40199760544806, 10.825228470060061], [131.38997358856784, 10.839144365176132], [131.37107198682958, 10.856156989591007], [131.35506239569193, 10.867695055786115], [131.34014636821104, 10.877643596488904], [131.30922074959258, 10.891953826963078], [131.29802577795596, 10.896245746396099], [131.2782951309741, 10.904410226391013], [131.2473695123556, 10.912295525630181], [131.2164438937371, 10.910085241111624], [131.18551827511862, 10.912233374149217], [131.15459265650014, 10.920071833325148], [131.14134714713788, 10.924796437006083], [131.12366703788163, 10.932780097946313], [131.09274141926315, 10.944898880687747], [131.06181580064467, 10.950845904166286], [131.03089018202616, 10.947084320793744], [131.0032447845033, 10.924796437006083], [130.99996456340767, 10.917870317476792], [130.99264120600236, 10.896245746396099], [130.99183535232885, 10.867695055786115], [130.99797661196857, 10.839144365176132], [130.99996456340767, 10.834624737810357], [131.0109993338811, 10.81059367456615], [131.03089018202616, 10.78639452947318], [131.03471328777357, 10.782042983956163], [131.06181580064467, 10.757200272358364], [131.066096506714, 10.75349229334618], [131.09274141926315, 10.731479490726423], [131.10366050715953, 10.724941602736198], [131.12366703788166, 10.712921112301867], [131.15459265650014, 10.700132311309991], [131.16191848178357, 10.696390912126214], [131.18551827511862, 10.68492475221036], [131.2164438937371, 10.668822640261938], [131.21761462730805, 10.66784022151623], [131.2473695123556, 10.644659527863471], [131.2539860520285, 10.639289530906247], [131.2782951309741, 10.614900991650682], [131.28306984504314, 10.610738840296262], [131.30922074959258, 10.584970393817187], [131.31366453942377, 10.582188149686278], [131.34014636821107, 10.563144928999268]]]}, "properties": {"fillColor": "#FFA500", "fillOpacity": 0.7, "color": "#000000", "weight": 0.2, "stroke": false}}, {"type": "Feature", "geometry": {"type": "Polygon", "coordinates": [[[131.31770543870476, 10.610738840296262], [131.30922074959258, 10.616069317999383], [131.28320982636856, 10.639289530906247], [131.2782951309741, 10.643236306538796], [131.24933967162508, 10.66784022151623], [131.2473695123556, 10.669547322617317], [131.21654332168515, 10.696390912126214], [131.2164438937371, 10.696491358956349], [131.18551827511862, 10.721531760585378], [131.1802068635346, 10.724941602736198], [131.15459265650014, 10.743899406440455], [131.13961963968688, 10.75349229334618], [131.12366703788163, 10.766346244927064], [131.10360954509395, 10.782042983956163], [131.09274141926315, 10.793748220412569], [131.07663585369497, 10.81059367456615], [131.06181580064467, 10.833121525610832], [131.0580453031629, 10.839144365176132], [131.0533568585849, 10.867695055786115], [131.06181580064467, 10.88281104987309], [131.09274141926315, 10.890186646716927], [131.1236670378816, 10.882376278665454], [131.15459265650014, 10.87304985341244], [131.17133669590268, 10.867695055786115], [131.18551827511862, 10.863429441785891], [131.2164438937371, 10.855340010843735], [131.2473695123556, 10.852658089982521], [131.27829513097413, 10.85794715807634], [131.30922074959258, 10.847355428681626], [131.32233417240468, 10.839144365176132], [131.34014636821107, 10.824966847688223], [131.35375924252136, 10.81059367456615], [131.36709984427145, 10.782042983956163], [131.37107198682958, 10.761490550556598], [131.37294563735236, 10.75349229334618], [131.37801119558958, 10.724941602736198], [131.3814262985327, 10.696390912126214], [131.38533569621893, 10.66784022151623], [131.39012520344474, 10.639289530906247], [131.39127981738616, 10.610738840296262], [131.37107198682958, 10.585754484833684], [131.34014636821107, 10.594134714660264], [131.31770543870476, 10.610738840296262]]]}, "properties": {"fillColor": "#FFA500", "fillOpacity": 0.7, "color": "#000000", "weight": 0.2, "stroke": false}}, {"type": "Feature", "geometry": {"type": "Polygon", "coordinates": [[[130.16497286070842, 10.690762581873578], [130.19212277010888, 10.696390912126214], [130.1958984793269, 10.697085815344675], [130.22682409794538, 10.706459163806088], [130.25774971656392, 10.724458024205262], [130.25832517099727, 10.724941602736198], [130.28020583133977, 10.75349229334618], [130.28281377076254, 10.782042983956163], [130.2577497165639, 10.80807984447425], [130.25303189611208, 10.81059367456615], [130.22682409794538, 10.81966102080651], [130.1958984793269, 10.823190852988892], [130.16497286070842, 10.820389820777638], [130.1362223176629, 10.81059367456615], [130.13404724208993, 10.810025028490424], [130.10312162347142, 10.793004957029712], [130.08322191706048, 10.782042983956163], [130.07219600485294, 10.765399375896166], [130.06422510508273, 10.75349229334618], [130.0721960048529, 10.743856907975287], [130.0872248300363, 10.724941602736198], [130.10312162347142, 10.715786600669905], [130.13404724208993, 10.69887409092297], [130.14604043808617, 10.696390912126214], [130.16497286070842, 10.690762581873578]]]}, "properties": {"fillColor": "#FFA500", "fillOpacity": 0.7, "color": "#000000", "weight": 0.2, "stroke": false}}, {"type": "Feature", "geometry": {"type": "Polygon", "coordinates": [[[130.13206630983305, 10.724941602736198], [130.10987916868703, 10.75349229334618], [130.129140652674, 10.782042983956163], [130.13404724208993, 10.785309555559568], [130.16497286070842, 10.793230577824936], [130.1958984793269, 10.791953200869955], [130.22101181388348, 10.782042983956163], [130.22682409794538, 10.759149137884716], [130.22782498556543, 10.75349229334618], [130.22682409794538, 10.752527619693248], [130.1958984793269, 10.73015307133861], [130.18606289950668, 10.724941602736198], [130.16497286070842, 10.718324323221482], [130.13404724208993, 10.723662809928596], [130.13206630983305, 10.724941602736198]]]}, "properties": {"fillColor": "#FFA500", "fillOpacity": 0.7, "color": "#000000", "weight": 0.2, "stroke": false}}, {"type": "Feature", "geometry": {"type": "Polygon", "coordinates": [[[145.07112103482115, 10.892349927914552], [145.10204665343963, 10.887865505177638], [145.13297227205817, 10.888523812732661], [145.15192733867727, 10.896245746396099], [145.16389789067662, 10.902318816151217], [145.1849796307788, 10.924796437006083], [145.1948235092951, 10.938859116985487], [145.20519682171079, 10.953347127616066], [145.22127367156745, 10.98189781822605], [145.22574912791362, 10.999008052899544], [145.23010458124085, 11.010448508836035], [145.22574912791362, 11.024455604125915], [145.1948235092951, 11.033851192468674], [145.16389789067662, 11.036340539764101], [145.14610974948403, 11.038999199446017], [145.13297227205817, 11.04245502581045], [145.10204665343963, 11.056702003255296], [145.07112103482115, 11.061406070909724], [145.05776706215494, 11.038999199446017], [145.0494165544443, 11.010448508836035], [145.04019541620266, 10.99504326449994], [145.03650768601344, 10.98189781822605], [145.03365039204084, 10.953347127616066], [145.03993920578455, 10.924796437006083], [145.04019541620266, 10.92446847239847], [145.06511159558525, 10.896245746396099], [145.07112103482115, 10.892349927914552]]]}, "properties": {"fillColor": "#FFA500", "fillOpacity": 0.7, "color": "#000000", "weight": 0.2, "stroke": false}}, {"type": "Feature", "geometry": {"type": "Polygon", "coordinates": [[[144.2361293321219, 10.920809151414067], [144.26705495074037, 10.915727598262261], [144.29798056935886, 10.912025846015101], [144.32890618797737, 10.912147970222406], [144.34645868338998, 10.924796437006083], [144.32890618797737, 10.934964167198071], [144.29798056935886, 10.941643740917765], [144.26705495074037, 10.942469965466668], [144.2361293321219, 10.934950896313795], [144.21224112188028, 10.924796437006083], [144.2361293321219, 10.920809151414067]]]}, "properties": {"fillColor": "#FFA500", "fillOpacity": 0.7, "color": "#000000", "weight": 0.2, "stroke": false}}, {"type": "Feature", "geometry": {"type": "Polygon", "coordinates": [[[145.50407969548002, 10.945402916158423], [145.53500531409853, 10.941531556579786], [145.565930932717, 10.94871078651423], [145.57321723861853, 10.953347127616066], [145.5968565513355, 10.974717558809372], [145.60348400048272, 10.98189781822605], [145.62011093851862, 11.010448508836035], [145.627782169954, 11.031731540530181], [145.63131928751991, 11.038999199446017], [145.64089584114797, 11.067549890056], [145.65060988595954, 11.096100580665984], [145.65870778857249, 11.111761326473383], [145.67036866525646, 11.124651271275969], [145.68963340719097, 11.13689660202554], [145.71040389990264, 11.153201961885951], [145.72055902580945, 11.163148343559865], [145.7302049723762, 11.181752652495936], [145.7354609687686, 11.21030334310592], [145.7345404666828, 11.238854033715903], [145.7346269806754, 11.267404724325885], [145.734952505401, 11.295955414935872], [145.7241137030883, 11.324506105545854], [145.72055902580945, 11.327782031100426], [145.68963340719097, 11.34276761694261], [145.65870778857249, 11.3452321342873], [145.627782169954, 11.342544773303885], [145.5968565513355, 11.338722579612032], [145.565930932717, 11.336441422812909], [145.53500531409853, 11.339358479172077], [145.50407969548002, 11.348866030633804], [145.49554087105363, 11.353056796155837], [145.47315407686153, 11.36649417425707], [145.45498139679938, 11.381607486765821], [145.44222845824305, 11.400426998185951], [145.43710935857735, 11.410158177375806], [145.43153484998783, 11.438708867985788], [145.4352894126808, 11.467259558595773], [145.44222845824305, 11.477153769137493], [145.45783992807492, 11.495810249205757], [145.47315407686153, 11.510424414581575], [145.4859480412206, 11.52436093981574], [145.50362131709937, 11.552911630425722], [145.50407969548002, 11.55441647623749], [145.51225846298772, 11.581462321035707], [145.50479008891145, 11.610013011645693], [145.50407969548002, 11.610858619992303], [145.47315407686153, 11.637378042304103], [145.4688499170308, 11.638563702255674], [145.44222845824305, 11.646297376566581], [145.41130283962457, 11.6388367042708], [145.410875668741, 11.638563702255674], [145.38037722100606, 11.622887403896918], [145.36483846233125, 11.610013011645691], [145.34945160238757, 11.59845411671694], [145.32807870813247, 11.581462321035705], [145.31852598376906, 11.574960546629207], [145.28760036515058, 11.5559302139477], [145.2824189418591, 11.552911630425722], [145.2566747465321, 11.54173971684622], [145.22574912791362, 11.525622842873204], [145.22357780981227, 11.52436093981574], [145.1948235092951, 11.511774902006575], [145.1700908910139, 11.495810249205757], [145.16389789067662, 11.492296897272313], [145.13297227205814, 11.472129773777477], [145.12591380836636, 11.467259558595774], [145.10204665343963, 11.448513342143745], [145.08433793974976, 11.438708867985788], [145.07112103482115, 11.426541091781441], [145.0430919027759, 11.410158177375806], [145.05036966193205, 11.381607486765821], [145.07112103482115, 11.374247294891566], [145.10204665343963, 11.367534041725712], [145.13297227205814, 11.362490511794547], [145.16389789067662, 11.355449121436216], [145.16955615262827, 11.353056796155837], [145.18831879812006, 11.324506105545854], [145.17708036704786, 11.295955414935872], [145.16389789067662, 11.2844329861672], [145.13297227205814, 11.268957616012756], [145.12863621185875, 11.267404724325885], [145.10204665343963, 11.257910997261568], [145.07112103482115, 11.246428932819398], [145.05422590086076, 11.238854033715903], [145.04019541620266, 11.230132140456082], [145.00926979758418, 11.21066484928222], [145.00871496150918, 11.21030334310592], [144.98989836784523, 11.181752652495936], [145.00237074351367, 11.153201961885951], [145.00926979758418, 11.147027955906143], [145.04019541620266, 11.127026875130607], [145.05135533868395, 11.124651271275969], [145.07112103482115, 11.116124956412278], [145.08956967077467, 11.124651271275969], [145.10204665343963, 11.12668773843723], [145.13297227205814, 11.137517628980355], [145.16389789067662, 11.14958391474523], [145.17298048226982, 11.153201961885951], [145.1948235092951, 11.158294191549158], [145.22574912791362, 11.163378439555391], [145.2566747465321, 11.164991410447051], [145.28760036515058, 11.157449671345262], [145.29336454881874, 11.153201961885951], [145.30718404612094, 11.124651271275969], [145.29407983706471, 11.096100580665984], [145.28760036515058, 11.085543358801411], [145.26638474454137, 11.067549890056], [145.28493498752186, 11.038999199446017], [145.28760036515058, 11.03884824435137], [145.31852598376906, 11.033256002341702], [145.34945160238757, 11.021842590219464], [145.37204249259992, 11.010448508836037], [145.38037722100606, 11.006281955795915], [145.41130283962457, 10.989138345158002], [145.42471757591647, 10.98189781822605], [145.44222845824305, 10.970915729791551], [145.47315407686153, 10.957528752572369], [145.48656753771868, 10.953347127616066], [145.50407969548002, 10.945402916158423]]]}, "properties": {"fillColor": "#FFA500", "fillOpacity": 0.7, "color": "#000000", "weight": 0.2, "stroke": false}}, {"type": "Feature", "geometry": {"type": "Polygon", "coordinates": [[[145.4927284478067, 10.98189781822605], [145.47315407686153, 10.987652161425647], [145.44222845824305, 11.00200086330726], [145.42724265668073, 11.010448508836035], [145.41130283962457, 11.022724633460925], [145.38758821570786, 11.038999199446017], [145.38037722100606, 11.05143819898578], [145.36767370784764, 11.067549890056], [145.37361149094795, 11.096100580665984], [145.37463144291223, 11.124651271275969], [145.34945160238755, 11.151332994872197], [145.348448047756, 11.153201961885951], [145.31852598376906, 11.177642149065774], [145.31289406282215, 11.181752652495936], [145.28760036515058, 11.19483182286599], [145.2566747465321, 11.20784899900324], [145.2491402221518, 11.21030334310592], [145.22574912791362, 11.231510120842644], [145.219702683687, 11.238854033715903], [145.22574912791362, 11.25819871332926], [145.227231800532, 11.267404724325885], [145.2388052824603, 11.295955414935872], [145.24475428435224, 11.324506105545854], [145.24167195624761, 11.353056796155837], [145.22574912791362, 11.368482987978329], [145.1948235092951, 11.379567615492652], [145.18660213716868, 11.381607486765821], [145.16389789067662, 11.384080673178108], [145.13297227205814, 11.393615889554448], [145.11430526330764, 11.410158177375806], [145.1309928043623, 11.438708867985788], [145.13297227205814, 11.440357662660576], [145.16389789067665, 11.466540486320369], [145.16494544836272, 11.467259558595773], [145.1948235092951, 11.486163142226985], [145.21385365540826, 11.495810249205757], [145.22574912791362, 11.502319703018596], [145.2566747465321, 11.51661343354409], [145.2721419185677, 11.52436093981574], [145.28760036515058, 11.532485954387832], [145.31852598376906, 11.549945811474732], [145.3228556158158, 11.552911630425722], [145.34945160238757, 11.571794607765593], [145.3628487844545, 11.581462321035707], [145.38037722100606, 11.595183930358944], [145.40677122242562, 11.610013011645691], [145.41130283962457, 11.612731358410622], [145.44222845824305, 11.615610450646187], [145.45677511047697, 11.610013011645691], [145.47315407686153, 11.587767660183859], [145.47531481193516, 11.581462321035707], [145.47315407686153, 11.576970897651966], [145.45937451799657, 11.552911630425722], [145.44222845824305, 11.535328607615813], [145.43245819810167, 11.52436093981574], [145.41130283962457, 11.502776653586997], [145.4047150667605, 11.495810249205757], [145.38037722100606, 11.469743979719341], [145.378080460932, 11.467259558595773], [145.3636856664354, 11.438708867985788], [145.35953420319706, 11.410158177375806], [145.3672687591864, 11.381607486765823], [145.38037722100603, 11.367741225646107], [145.39403417372927, 11.353056796155837], [145.41130283962457, 11.344257994546602], [145.44222845824305, 11.326476236840607], [145.44527152524, 11.324506105545854], [145.47315407686153, 11.303954492925104], [145.48382975782516, 11.295955414935872], [145.50407969548002, 11.268081642758709], [145.5046848080526, 11.267404724325885], [145.51702591343673, 11.238854033715903], [145.52901803511918, 11.21030334310592], [145.53500531409853, 11.198589972891607], [145.5479896983861, 11.181752652495936], [145.56012888038697, 11.153201961885951], [145.56564252168158, 11.12465127127597], [145.56515731814386, 11.096100580665984], [145.56277167365474, 11.067549890056002], [145.5629170689931, 11.038999199446017], [145.5584588006838, 11.010448508836035], [145.53500531409853, 10.982618167508003], [145.5321985475879, 10.98189781822605], [145.50407969548002, 10.978916566419764], [145.4927284478067, 10.98189781822605]]]}, "properties": {"fillColor": "#FFA500", "fillOpacity": 0.7, "color": "#000000", "weight": 0.2, "stroke": false}}, {"type": "Feature", "geometry": {"type": "Polygon", "coordinates": [[[145.6428165300626, 11.238854033715903], [145.627782169954, 11.254150213994368], [145.62382879779213, 11.267404724325885], [145.627782169954, 11.272563335131224], [145.65870778857249, 11.289291302336721], [145.67327884890383, 11.267404724325885], [145.66410126505917, 11.238854033715903], [145.65870778857249, 11.234033885334302], [145.6428165300626, 11.238854033715903]]]}, "properties": {"fillColor": "#FFA500", "fillOpacity": 0.7, "color": "#000000", "weight": 0.2, "stroke": false}}, {"type": "Feature", "geometry": {"type": "Polygon", "coordinates": [[[129.57738610695708, 11.025900441492091], [129.60831172557556, 11.022271905223384], [129.63923734419407, 11.037416314019547], [129.64071212635292, 11.03899919944602], [129.64934252244961, 11.067549890056], [129.63923734419407, 11.087555227605506], [129.6362181938449, 11.096100580665984], [129.60831172557556, 11.120283495051634], [129.59485906646756, 11.124651271275969], [129.57738610695708, 11.132994943556081], [129.5464604883386, 11.124992003481587], [129.54573265965237, 11.124651271275969], [129.51622771028593, 11.096100580665984], [129.51992563467007, 11.067549890056], [129.5464604883386, 11.04084432691518], [129.5493945641467, 11.038999199446017], [129.57738610695708, 11.025900441492091]]]}, "properties": {"fillColor": "#FFA500", "fillOpacity": 0.7, "color": "#000000", "weight": 0.2, "stroke": false}}, {"type": "Feature", "geometry": {"type": "Polygon", "coordinates": [[[129.55817782157627, 11.067549890056], [129.5548583096574, 11.096100580665984], [129.57738610695708, 11.109980845529403], [129.60831172557556, 11.099679541691474], [129.61244175559187, 11.096100580665984], [129.623125049704, 11.067549890056], [129.60831172557556, 11.04996724497605], [129.57738610695708, 11.053287597013501], [129.55817782157627, 11.067549890056]]]}, "properties": {"fillColor": "#FFA500", "fillOpacity": 0.7, "color": "#000000", "weight": 0.2, "stroke": false}}, {"type": "Feature", "geometry": {"type": "Polygon", "coordinates": [[[146.0298152119944, 11.034507445888245], [146.06074083061287, 11.02375457421677], [146.09166644923135, 11.017126828487552], [146.12259206784984, 11.012807778305486], [146.15351768646835, 11.012634772024596], [146.18444330508683, 11.018823915550218], [146.2153689237053, 11.03135315921506], [146.2295639734204, 11.038999199446017], [146.24629454232382, 11.048726508470946], [146.2742635883461, 11.067549890056], [146.2772201609423, 11.069323819926277], [146.3081457795608, 11.089049557955393], [146.31749666374085, 11.096100580665984], [146.33907139817927, 11.108721081689946], [146.360426946679, 11.124651271275969], [146.36999701679778, 11.1311953600841], [146.3979630879276, 11.153201961885951], [146.40092263541626, 11.155760226542624], [146.4302807415975, 11.181752652495936], [146.43184825403478, 11.183559913648347], [146.4556172091124, 11.21030334310592], [146.46277387265326, 11.227274314606639], [146.46802304310646, 11.238854033715903], [146.46277387265326, 11.263145579960183], [146.46167403221946, 11.267404724325885], [146.43184825403478, 11.288305972460641], [146.40173482190727, 11.29595541493587], [146.40092263541624, 11.296115325223585], [146.36999701679778, 11.297488787935158], [146.3441938542103, 11.295955414935872], [146.33907139817927, 11.295739750109696], [146.3081457795608, 11.292899707598881], [146.2772201609423, 11.288740738539655], [146.24629454232382, 11.284249229580183], [146.2153689237053, 11.279955788077157], [146.18444330508683, 11.275107303190788], [146.15351768646835, 11.26791245372119], [146.15215676009518, 11.267404724325885], [146.12259206784984, 11.258286706707384], [146.09166644923135, 11.239514898608812], [146.0908997395815, 11.238854033715903], [146.06363726803448, 11.21030334310592], [146.06074083061287, 11.207209887846224], [146.0327214144401, 11.181752652495936], [146.0298152119944, 11.179029118831522], [146.00648906388017, 11.153201961885951], [145.99888959337588, 11.141337868335215], [145.9871516636022, 11.124651271275969], [145.9761732376562, 11.096100580665984], [145.9831337656744, 11.067549890056], [145.99888959337588, 11.052378405631378], [146.02070299297088, 11.038999199446017], [146.0298152119944, 11.034507445888245]]]}, "properties": {"fillColor": "#FFA500", "fillOpacity": 0.7, "color": "#000000", "weight": 0.2, "stroke": false}}, {"type": "Feature", "geometry": {"type": "Polygon", "coordinates": [[[146.11513680705707, 11.067549890056], [146.09166644923135, 11.073927655153074], [146.06074083061287, 11.089955691713989], [146.054205079517, 11.096100580665984], [146.05440725388965, 11.124651271275969], [146.06074083061287, 11.132791819381804], [146.07970567284207, 11.153201961885951], [146.09166644923135, 11.162546625270164], [146.12040452922693, 11.181752652495936], [146.12259206784984, 11.183831281041726], [146.15351768646835, 11.202100671903969], [146.17095499828739, 11.21030334310592], [146.18444330508683, 11.217770262272193], [146.2153689237053, 11.233326832164122], [146.22465939012042, 11.238854033715903], [146.24629454232382, 11.245493716307848], [146.2772201609423, 11.253295267765282], [146.3081457795608, 11.258045848388704], [146.33907139817927, 11.257750227166824], [146.36999701679778, 11.24922742858476], [146.3853557319078, 11.238854033715903], [146.38412463139014, 11.21030334310592], [146.3699970167978, 11.19286158457026], [146.36172397378994, 11.181752652495938], [146.33907139817927, 11.162472514876363], [146.3273860618803, 11.153201961885951], [146.3081457795608, 11.14102753781637], [146.2772201609423, 11.12656051983815], [146.27112776271332, 11.12465127127597], [146.24629454232382, 11.115451560046466], [146.2153689237053, 11.103983851367042], [146.19915575918128, 11.096100580665984], [146.18444330508683, 11.088677814553295], [146.15351768646835, 11.073798589631277], [146.13017765590754, 11.067549890056], [146.12259206784984, 11.066031672171556], [146.11513680705707, 11.067549890056]]]}, "properties": {"fillColor": "#FFA500", "fillOpacity": 0.7, "color": "#000000", "weight": 0.2, "stroke": false}}, {"type": "Feature", "geometry": {"type": "Polygon", "coordinates": [[[129.73201420004955, 11.25830333246769], [129.76293981866803, 11.250978012862198], [129.7938654372865, 11.2588074221275], [129.80196070070747, 11.267404724325885], [129.7938654372865, 11.274443999631199], [129.77781510865137, 11.295955414935872], [129.76293981866803, 11.309854478771216], [129.75045755956043, 11.324506105545854], [129.73201420004955, 11.339428583338128], [129.7158671828891, 11.353056796155837], [129.70108858143104, 11.364168859892619], [129.68250597451754, 11.381607486765821], [129.67016296281255, 11.392428459579145], [129.64948967421455, 11.410158177375806], [129.63923734419407, 11.417297763068111], [129.60831172557556, 11.426009038088196], [129.57738610695708, 11.416691651074618], [129.5701833517429, 11.410158177375806], [129.55832181380975, 11.381607486765821], [129.56161299173473, 11.353056796155837], [129.57738610695708, 11.32605416580694], [129.57849541867677, 11.324506105545854], [129.60831172557556, 11.304140033956237], [129.62515190122878, 11.295955414935872], [129.63923734419407, 11.2891279079837], [129.67016296281255, 11.279353253826596], [129.70108858143104, 11.27111178837082], [129.71241339709138, 11.267404724325885], [129.73201420004955, 11.25830333246769]]]}, "properties": {"fillColor": "#FFA500", "fillOpacity": 0.7, "color": "#000000", "weight": 0.2, "stroke": false}}, {"type": "Feature", "geometry": {"type": "Polygon", "coordinates": [[[140.15394767448106, 11.489818383764185], [140.16516357467845, 11.495810249205757], [140.18487329309954, 11.51319383989878], [140.1902252396635, 11.52436093981574], [140.18925641071328, 11.552911630425722], [140.18487329309954, 11.557017875004536], [140.15394767448106, 11.552977634200001], [140.15387254952077, 11.552911630425722], [140.1386517232147, 11.52436093981574], [140.14563705866246, 11.495810249205757], [140.15394767448106, 11.489818383764185]]]}, "properties": {"fillColor": "#FFA500", "fillOpacity": 0.7, "color": "#000000", "weight": 0.2, "stroke": false}}, {"type": "Feature", "geometry": {"type": "Polygon", "coordinates": [[[137.1541626684874, 11.621274514119229], [137.1850882871059, 11.616121383242637], [137.2160139057244, 11.616925964721396], [137.24693952434288, 11.621717098596477], [137.2778651429614, 11.631320574892731], [137.2924913007553, 11.638563702255674], [137.30879076157987, 11.652639616956455], [137.32091246502338, 11.667114392865656], [137.31295032150337, 11.695665083475642], [137.30879076157987, 11.699706141926836], [137.2778651429614, 11.718181636435318], [137.24693952434288, 11.7234219509807], [137.2160139057244, 11.720871763444686], [137.1850882871059, 11.71288625297925], [137.1541626684874, 11.697836999528503], [137.15072800776957, 11.695665083475642], [137.13065315195803, 11.667114392865658], [137.12609663765863, 11.638563702255674], [137.1541626684874, 11.621274514119229]]]}, "properties": {"fillColor": "#FFA500", "fillOpacity": 0.7, "color": "#000000", "weight": 0.2, "stroke": false}}, {"type": "Feature", "geometry": {"type": "Polygon", "coordinates": [[[132.51531987571374, 11.9727399371723], [132.54624549433223, 11.978719508009325], [132.55051333354783, 11.98117198957548], [132.57717111295074, 12.001318812332109], [132.58513927241586, 12.009722680185462], [132.59394478791685, 12.038273370795444], [132.58378709400534, 12.06682406140543], [132.57717111295074, 12.073582416509131], [132.54624549433223, 12.087761320780032], [132.51531987571374, 12.083732824998917], [132.4936901767206, 12.06682406140543], [132.48439425709526, 12.053579364022216], [132.47626432103038, 12.038273370795444], [132.4726910548589, 12.009722680185462], [132.48439425709526, 11.990935520750115], [132.49664451059633, 11.98117198957548], [132.51531987571374, 11.9727399371723]]]}, "properties": {"fillColor": "#FFA500", "fillOpacity": 0.7, "color": "#000000", "weight": 0.2, "stroke": false}}, {"type": "Feature", "geometry": {"type": "Polygon", "coordinates": [[[132.50683831563592, 12.009722680185462], [132.50916083615215, 12.038273370795444], [132.51531987571374, 12.045631245043575], [132.54624549433223, 12.050005260335777], [132.55631918772792, 12.038273370795444], [132.54770582177628, 12.009722680185462], [132.54624549433223, 12.008521591834715], [132.51531987571374, 12.002463687453654], [132.50683831563592, 12.009722680185462]]]}, "properties": {"fillColor": "#FFA500", "fillOpacity": 0.7, "color": "#000000", "weight": 0.2, "stroke": false}}, {"type": "Feature", "geometry": {"type": "Polygon", "coordinates": [[[141.11264185165427, 12.170748423383511], [141.14356747027279, 12.168450343775131], [141.17449308889127, 12.173902673552668], [141.19291692534648, 12.181026823845365], [141.20541870750975, 12.184581700396711], [141.23634432612823, 12.196518102097006], [141.2611996926013, 12.209577514455347], [141.26726994474674, 12.21224398834128], [141.29819556336523, 12.226741343297654], [141.31935004322872, 12.238128205065331], [141.3291211819837, 12.243209527047942], [141.35976913309509, 12.266678895675314], [141.36004680060222, 12.267062003429777], [141.37786669017993, 12.295229586285298], [141.37621680273762, 12.323780276895281], [141.3654768208306, 12.352330967505264], [141.36004680060222, 12.363702710358845], [141.35309370824717, 12.38088165811525], [141.3291211819837, 12.407491899717575], [141.3266225375802, 12.409432348725232], [141.29819556336523, 12.425892514212975], [141.26726994474674, 12.433174197376546], [141.23634432612823, 12.433134537851185], [141.20541870750975, 12.423464364669485], [141.1876538466025, 12.409432348725232], [141.17449308889127, 12.393757032568889], [141.1649068749527, 12.38088165811525], [141.15060703691267, 12.352330967505265], [141.14356747027279, 12.334554754186456], [141.1376381453264, 12.323780276895281], [141.12227863575805, 12.295229586285298], [141.11264185165427, 12.277776368728512], [141.10398005320087, 12.266678895675314], [141.08701996851687, 12.238128205065331], [141.0817162330358, 12.216959889197364], [141.07950935928127, 12.209577514455347], [141.0817162330358, 12.20214962206998], [141.09243829930398, 12.181026823845365], [141.11264185165427, 12.170748423383511]]]}, "properties": {"fillColor": "#FFA500", "fillOpacity": 0.7, "color": "#000000", "weight": 0.2, "stroke": false}}, {"type": "Feature", "geometry": {"type": "Polygon", "coordinates": [[[141.15240957908736, 12.238128205065331], [141.15471270287168, 12.266678895675314], [141.16407308147942, 12.295229586285298], [141.1743933619112, 12.323780276895281], [141.17449308889127, 12.324003664691366], [141.18450632553265, 12.352330967505264], [141.20302663778185, 12.38088165811525], [141.20541870750975, 12.38349842983039], [141.23634432612823, 12.401555479344937], [141.26726994474674, 12.402303470390843], [141.29819556336523, 12.389742434770262], [141.30898938249888, 12.38088165811525], [141.32803994251682, 12.352330967505265], [141.3291211819837, 12.350751060872483], [141.34390411817014, 12.323780276895281], [141.34307275212308, 12.295229586285298], [141.3291211819837, 12.279458648948452], [141.30943738812772, 12.266678895675314], [141.29819556336523, 12.259795685772026], [141.26726994474674, 12.243458446481675], [141.25633128603852, 12.238128205065331], [141.23634432612823, 12.228667466507488], [141.20541870750975, 12.220216715829864], [141.17449308889127, 12.220190565553985], [141.15240957908736, 12.238128205065331]]]}, "properties": {"fillColor": "#FFA500", "fillOpacity": 0.7, "color": "#000000", "weight": 0.2, "stroke": false}}, {"type": "Feature", "geometry": {"type": "Polygon", "coordinates": [[[133.44308843426847, 12.658703777712127], [133.47401405288696, 12.642104626100341], [133.50493967150547, 12.639999243170356], [133.53586529012395, 12.642105358210445], [133.56679090874243, 12.647639156318393], [133.59771652736094, 12.66516178388068], [133.59939119284897, 12.666388564215087], [133.62319363015723, 12.69493925482507], [133.6257915942508, 12.723489945435052], [133.61768300453036, 12.752040636045038], [133.59771652736094, 12.77468001142002], [133.59071554679647, 12.78059132665502], [133.56679090874243, 12.796048883209536], [133.53586529012395, 12.802240070548095], [133.50493967150547, 12.799523198438534], [133.47401405288696, 12.78201079482525], [133.47242731454057, 12.78059132665502], [133.45060366263945, 12.752040636045038], [133.44308843426847, 12.723594083057787], [133.44304007918862, 12.723489945435052], [133.42960305290964, 12.69493925482507], [133.43624043591063, 12.666388564215087], [133.44308843426847, 12.658703777712127]]]}, "properties": {"fillColor": "#FFA500", "fillOpacity": 0.7, "color": "#000000", "weight": 0.2, "stroke": false}}, {"type": "Feature", "geometry": {"type": "Polygon", "coordinates": [[[133.46704256368687, 12.666388564215087], [133.45213515901963, 12.69493925482507], [133.46110855035596, 12.723489945435054], [133.47394466159102, 12.752040636045036], [133.47401405288696, 12.752128269551632], [133.50493967150547, 12.778226952294713], [133.52069943997276, 12.78059132665502], [133.53586529012395, 12.783362142997646], [133.54463632975842, 12.78059132665502], [133.56679090874243, 12.774197033523805], [133.59194456775498, 12.752040636045036], [133.59771652736094, 12.737598623351467], [133.60399374082883, 12.723489945435054], [133.59824194804662, 12.69493925482507], [133.59771652736094, 12.694331270615512], [133.5667909087424, 12.667188687954674], [133.56445622880608, 12.666388564215087], [133.53586529012395, 12.65654735729323], [133.50493967150547, 12.653804350089949], [133.47401405288696, 12.661664681822316], [133.46704256368687, 12.666388564215087]]]}, "properties": {"fillColor": "#FFA500", "fillOpacity": 0.7, "color": "#000000", "weight": 0.2, "stroke": false}}, {"type": "Feature", "geometry": {"type": "Polygon", "coordinates": [[[120.85636165654256, 13.255797175460302], [120.88728727516107, 13.244586894323664], [120.91821289377955, 13.24571560503939], [120.94913851239805, 13.25803507459805], [120.95950427131721, 13.265953067024743], [120.98006413101655, 13.287818840627263], [120.98607472029211, 13.294503757634725], [120.99933657608273, 13.32305444824471], [120.99748534126047, 13.351605138854694], [120.98006413101653, 13.376900215282715], [120.97561543692333, 13.380155829464677], [120.94913851239804, 13.393447167890711], [120.91821289377955, 13.398910600209401], [120.88728727516107, 13.398084028356969], [120.86529405679636, 13.380155829464677], [120.85636165654256, 13.369778345899508], [120.83908588708873, 13.351605138854694], [120.82937634203088, 13.32305444824471], [120.83046049608717, 13.294503757634725], [120.8455413895916, 13.265953067024743], [120.85636165654256, 13.255797175460302]]]}, "properties": {"fillColor": "#FFA500", "fillOpacity": 0.7, "color": "#000000", "weight": 0.2, "stroke": false}}, {"type": "Feature", "geometry": {"type": "Polygon", "coordinates": [[[120.85688423400471, 13.294503757634725], [120.85636165654257, 13.29935316965519], [120.8536013000311, 13.32305444824471], [120.85636165654259, 13.328663000137427], [120.86453360654895, 13.351605138854694], [120.88728727516107, 13.37555436994351], [120.91821289377955, 13.376890373845056], [120.94913851239805, 13.367370819151287], [120.9681540479749, 13.351605138854694], [120.97334520725946, 13.32305444824471], [120.95962093347856, 13.294503757634725], [120.94913851239805, 13.284097584216184], [120.91821289377955, 13.267733708530406], [120.88728727516107, 13.268735241661458], [120.85688423400471, 13.294503757634725]]]}, "properties": {"fillColor": "#FFA500", "fillOpacity": 0.7, "color": "#000000", "weight": 0.2, "stroke": false}}, {"type": "Feature", "geometry": {"type": "Polygon", "coordinates": [[[120.63988232621314, 16.789236502810862], [120.67080794483161, 16.78602083499552], [120.70173356345012, 16.795910155325885], [120.71369412509766, 16.806238702662718], [120.72396426579282, 16.8347893932727], [120.71294650761209, 16.863340083882683], [120.70173356345012, 16.87373229951291], [120.67080794483162, 16.883879638707306], [120.63988232621314, 16.878041103136066], [120.61988642885433, 16.863340083882683], [120.60895670759464, 16.83579236036053], [120.60861350394438, 16.8347893932727], [120.60895670759464, 16.833615790125133], [120.61771613877218, 16.806238702662718], [120.63988232621314, 16.789236502810862]]]}, "properties": {"fillColor": "#FFA500", "fillOpacity": 0.7, "color": "#000000", "weight": 0.2, "stroke": false}}, {"type": "Feature", "geometry": {"type": "Polygon", "coordinates": [[[127.69092337122912, 24.739491465992845], [127.70143532402895, 24.743330692238175], [127.72184898984762, 24.74757667639481], [127.7527746084661, 24.756898950259995], [127.7837002270846, 24.767528889905755], [127.79551783042305, 24.771881382848154], [127.81462584570309, 24.77588753020864], [127.84555146432157, 24.78289833627487], [127.87647708294008, 24.792913584008424], [127.89386348232719, 24.80043207345814], [127.90740270155855, 24.805275819372973], [127.93832832017705, 24.818934699130637], [127.95781596180339, 24.828982764068122], [127.96925393879553, 24.834309931690534], [128.00017955741404, 24.849333928293888], [128.016225556527, 24.857533454678105], [128.03110517603253, 24.86554409548873], [128.062030794651, 24.88186166279285], [128.06822045971194, 24.886084145288095], [128.09295641326952, 24.90312616224015], [128.10287950614668, 24.914634835898074], [128.12352141719927, 24.943185526508056], [128.123882031888, 24.943769529974954], [128.13833680778754, 24.971736217118035], [128.15093101042083, 25.000286907728025], [128.15480765050648, 25.00911004908295], [128.167169905339, 25.028837598338008], [128.18566927565715, 25.05738828894799], [128.18573326912497, 25.057481554101003], [128.21350652538547, 25.08593897955798], [128.21665888774348, 25.08967460986519], [128.2367458117763, 25.11448967016796], [128.24758450636196, 25.131515254137227], [128.25474865752633, 25.14304036077794], [128.26813631076195, 25.171591051387928], [128.27689364433698, 25.20014174199791], [128.27851012498044, 25.20809867792798], [128.28493898861467, 25.228692432607893], [128.2877436229327, 25.257243123217876], [128.284692448895, 25.285793813827862], [128.28113520488486, 25.314344504437848], [128.27851012498044, 25.331057246975995], [128.276288276755, 25.342895195047827], [128.2681960094719, 25.371445885657813], [128.26144621882202, 25.399996576267796], [128.254739322124, 25.42854726687778], [128.24758450636196, 25.447749470404613], [128.24410173447328, 25.45709795748776], [128.22800657597804, 25.485648648097747], [128.21665888774348, 25.498542143293125], [128.20089241783714, 25.51419933870773], [128.18573326912497, 25.525971444698804], [128.15991931805775, 25.54275002931771], [128.15480765050648, 25.54581716360143], [128.123882031888, 25.56218214839342], [128.1018209012268, 25.5713007199277], [128.09295641326952, 25.57523836501143], [128.062030794651, 25.58613202005718], [128.03110517603253, 25.593627627944674], [128.00017955741404, 25.598168036851813], [127.97710022900026, 25.59985141053768], [127.96925393879553, 25.600596319592796], [127.93832832017705, 25.600523736073242], [127.93341390837301, 25.59985141053768], [127.90740270155855, 25.597012875123], [127.87647708294007, 25.589355527506143], [127.84555146432157, 25.575672867057307], [127.83864296014261, 25.571300719927695], [127.81462584570309, 25.560392980446036], [127.7885195790479, 25.542750029317713], [127.7837002270846, 25.540321544411402], [127.7527746084661, 25.52034297966051], [127.74507725612744, 25.51419933870773], [127.72184898984762, 25.502954196607643], [127.69174981356873, 25.485648648097747], [127.69092337122912, 25.485410743861856], [127.65999775261062, 25.476850799079134], [127.62907213399214, 25.465952469716], [127.61171364865169, 25.45709795748776], [127.59814651537364, 25.45341606854232], [127.56722089675516, 25.4423338455915], [127.54514208354561, 25.42854726687778], [127.53629527813666, 25.423449280854886], [127.5053696595182, 25.401894572159147], [127.50270222629695, 25.399996576267796], [127.47444404089967, 25.373091298148413], [127.47245845620606, 25.371445885657813], [127.45142046766247, 25.34289519504783], [127.44450824544295, 25.314344504437845], [127.44351842228117, 25.288443044690634], [127.44329804756416, 25.285793813827866], [127.44351842228119, 25.28509341447144], [127.44964729531333, 25.257243123217876], [127.46782706239702, 25.228692432607893], [127.47444404089968, 25.222389818273204], [127.50536965951818, 25.20495188499398], [127.53629527813666, 25.202273829494562], [127.56722089675517, 25.20824002316808], [127.59814651537364, 25.221057333154953], [127.6083138942727, 25.228692432607893], [127.62907213399214, 25.23763626079404], [127.65569763933661, 25.257243123217876], [127.65999775261062, 25.25918693473045], [127.6909233712291, 25.272989596908687], [127.72184898984763, 25.281919928027484], [127.7527746084661, 25.279153415209567], [127.78370022708458, 25.26496545418764], [127.7943883763689, 25.257243123217876], [127.81462584570309, 25.233225707033082], [127.81749221086068, 25.228692432607893], [127.83282230750922, 25.20014174199791], [127.84497028097597, 25.171591051387928], [127.84555146432156, 25.169511840227972], [127.85058584870052, 25.143040360777942], [127.8529094922695, 25.11448967016796], [127.85159114943096, 25.085938979557977], [127.8469611721567, 25.05738828894799], [127.84555146432157, 25.05382589301326], [127.83207045811992, 25.028837598338008], [127.8160253270075, 25.000286907728025], [127.81462584570309, 24.99848642949932], [127.78983908016261, 24.97173621711804], [127.7837002270846, 24.965077242047286], [127.75930311521184, 24.943185526508056], [127.7527746084661, 24.937367620523528], [127.72400610597464, 24.914634835898074], [127.72184898984762, 24.913112006091097], [127.6909233712291, 24.896270052783763], [127.67441018097097, 24.88608414528809], [127.65999775261062, 24.88018846000776], [127.62907213399214, 24.870166201253323], [127.59814651537364, 24.85919724290062], [127.59208514360375, 24.857533454678105], [127.56722089675516, 24.849652769246283], [127.53629527813666, 24.836294700201307], [127.52755482207712, 24.828982764068122], [127.53629527813666, 24.823563584955107], [127.56658067725573, 24.80043207345814], [127.56722089675516, 24.79997604445644], [127.59814651537366, 24.780613195180724], [127.61602966750718, 24.771881382848157], [127.62907213399214, 24.75889444543703], [127.65999775261062, 24.743557096392667], [127.66288328025351, 24.74333069223817], [127.69092337122912, 24.739491465992845]]]}, "properties": {"fillColor": "#FFA500", "fillOpacity": 0.7, "color": "#000000", "weight": 0.2, "stroke": false}}, {"type": "Feature", "geometry": {"type": "Polygon", "coordinates": [[[127.68588000441241, 24.80043207345814], [127.65999775261062, 24.804080546260018], [127.62907213399214, 24.824926624517435], [127.62493177845387, 24.828982764068122], [127.62907213399214, 24.830841254106783], [127.65999775261062, 24.846095177921814], [127.67701942869607, 24.857533454678105], [127.69092337122912, 24.86309385584969], [127.72184898984762, 24.879946901210836], [127.7294483982793, 24.886084145288095], [127.7527746084661, 24.902345477201084], [127.76637834314029, 24.91463483589807], [127.78370022708461, 24.93011585020201], [127.79544666835977, 24.943185526508053], [127.81462584570309, 24.963598728837745], [127.82141411135265, 24.971736217118043], [127.84401969599729, 25.000286907728025], [127.84555146432157, 25.002407491881854], [127.86320275192139, 25.028837598338008], [127.87647708294006, 25.054819385722624], [127.87812570265213, 25.05738828894799], [127.88939376715004, 25.085938979557977], [127.89421858157209, 25.11448967016796], [127.89436743977299, 25.143040360777942], [127.89020710577108, 25.171591051387928], [127.88119890629329, 25.20014174199791], [127.87647708294007, 25.20920408690069], [127.86608314858482, 25.228692432607893], [127.84737798790646, 25.257243123217876], [127.84555146432157, 25.259550798559637], [127.82449651206228, 25.28579381382786], [127.8146258457031, 25.29463536267939], [127.7837002270846, 25.312487744906722], [127.7527746084661, 25.31260995504047], [127.72184898984762, 25.306379721572174], [127.69092337122913, 25.29527713561314], [127.6683862552598, 25.285793813827862], [127.65999775261062, 25.281230798776257], [127.62907213399214, 25.2666569379401], [127.59814651537363, 25.259229520615243], [127.5699834599494, 25.257243123217876], [127.56722089675516, 25.256930736785907], [127.56479759648803, 25.257243123217876], [127.53629527813666, 25.262077952555973], [127.50552777311184, 25.285793813827866], [127.50536965951818, 25.286125035051207], [127.49690967820794, 25.314344504437845], [127.50068765403347, 25.342895195047827], [127.50536965951818, 25.3499179340633], [127.51868403341084, 25.371445885657813], [127.53629527813666, 25.388107650130173], [127.54965844882798, 25.399996576267796], [127.56722089675516, 25.41165798756857], [127.59814651537364, 25.427366973783933], [127.60116633846589, 25.42854726687778], [127.62907213399214, 25.43917173567978], [127.65999775261062, 25.447691262513743], [127.6909233712291, 25.45414004386047], [127.704220833244, 25.45709795748776], [127.72184898984762, 25.464784460325124], [127.75277460846611, 25.47729140327981], [127.78370022708461, 25.48519651991029], [127.78615508156075, 25.485648648097747], [127.81462584570309, 25.49724275194751], [127.84555146432157, 25.50427933797434], [127.87647708294007, 25.508402191690838], [127.90740270155855, 25.511185972202885], [127.93832832017705, 25.51325629599532], [127.96925393879555, 25.513496202546747], [128.00017955741404, 25.510493580269102], [128.03110517603253, 25.505223991136294], [128.062030794651, 25.497581217270273], [128.09111122161772, 25.48564864809775], [128.09295641326952, 25.484555719551278], [128.123882031888, 25.45856310696793], [128.12525323085399, 25.45709795748776], [128.1397092275834, 25.42854726687778], [128.14563952044222, 25.399996576267796], [128.14844983151934, 25.371445885657813], [128.1534000033219, 25.342895195047827], [128.15480765050648, 25.337938465841006], [128.1614789656985, 25.314344504437845], [128.16896471061457, 25.285793813827862], [128.17229341044305, 25.257243123217876], [128.17052134867924, 25.228692432607893], [128.1641617266285, 25.20014174199791], [128.15480765050648, 25.172938118969697], [128.15442094554646, 25.171591051387928], [128.14482384383322, 25.14304036077794], [128.13447018259046, 25.11448967016796], [128.123882031888, 25.08928375553081], [128.12271651890796, 25.085938979557977], [128.1104484562535, 25.05738828894799], [128.09388140463525, 25.028837598338008], [128.09295641326952, 25.027452652406133], [128.07018544735362, 25.000286907728025], [128.062030794651, 24.9919250501938], [128.04065637197547, 24.971736217118043], [128.03110517603253, 24.963423654692555], [128.01121260393603, 24.943185526508053], [128.00017955741404, 24.933307553760606], [127.98069296622097, 24.914634835898074], [127.96925393879553, 24.905015236815117], [127.94538926520663, 24.88608414528809], [127.93832832017705, 24.880974154021686], [127.90740270155855, 24.860539429724476], [127.90247628464179, 24.857533454678105], [127.87647708294008, 24.842288211273807], [127.84611707683214, 24.828982764068122], [127.84555146432157, 24.828725786045087], [127.81462584570309, 24.81856386849043], [127.7837002270846, 24.811919922659342], [127.75277460846608, 24.806863491656962], [127.72184898984762, 24.802549720067688], [127.69653252593005, 24.80043207345814], [127.69092337122912, 24.799961655251273], [127.68588000441241, 24.80043207345814]]]}, "properties": {"fillColor": "#FFA500", "fillOpacity": 0.7, "color": "#000000", "weight": 0.2, "stroke": false}}, {"type": "Feature", "geometry": {"type": "Polygon", "coordinates": [[[127.0414853802408, 25.50494245787911], [127.0724109988593, 25.50056601753641], [127.08230366464142, 25.514199338707733], [127.1033366174778, 25.5349384232328], [127.10787759408822, 25.542750029317713], [127.12737651995558, 25.5713007199277], [127.13426223609628, 25.57834056611677], [127.14841590779298, 25.59985141053768], [127.16518785471476, 25.61930481943454], [127.17224116385584, 25.628402101147664], [127.19611347333326, 25.655531674911806], [127.19736436169238, 25.65695279175765], [127.22415222188889, 25.685503482367633], [127.22703909195175, 25.688121194895917], [127.25596279032617, 25.714054172977615], [127.25796471057025, 25.715657116978342], [127.28889032918875, 25.73722491262286], [127.29795701670679, 25.742604863587598], [127.31981594780723, 25.75406865956165], [127.35074156642571, 25.768432787020956], [127.35691574517556, 25.771155554197584], [127.38166718504421, 25.779580960089994], [127.4125928036627, 25.79491884396446], [127.41845193834754, 25.799706244807567], [127.44351842228119, 25.813188342191054], [127.46113714134492, 25.82825693541755], [127.47444404089968, 25.836442081629738], [127.50020252084217, 25.856807626027535], [127.50536965951818, 25.860054323932367], [127.53629527813666, 25.880200566132682], [127.54310208595157, 25.88535831663752], [127.56722089675516, 25.898809803489936], [127.58967799094731, 25.9139090072475], [127.59814651537364, 25.91847143559887], [127.62907213399214, 25.934192986385334], [127.64283460304415, 25.942459697857483], [127.65999775261062, 25.950939792198774], [127.69092337122912, 25.969348207129915], [127.6939401753946, 25.97101038846747], [127.72184898984762, 25.98457990914917], [127.75147331559948, 25.999561079077452], [127.7527746084661, 26.000228617796218], [127.78370022708458, 26.0117327824075], [127.81462584570309, 26.02337619439316], [127.82718998805956, 26.028111769687435], [127.84555146432157, 26.03710803325792], [127.87647708294007, 26.055115028343835], [127.87859122535208, 26.05666246029742], [127.901210384748, 26.085213150907407], [127.90740270155855, 26.09609981129183], [127.92096347187277, 26.11376384151739], [127.93012287150046, 26.142314532127372], [127.93832832017705, 26.147212096856926], [127.96925393879553, 26.16292977847195], [127.99306549111348, 26.170865222737355], [128.00017955741404, 26.17173194960546], [128.03110517603253, 26.17199587672573], [128.04142453501464, 26.170865222737355], [128.062030794651, 26.166001132437813], [128.09295641326952, 26.152669359553137], [128.1113406987484, 26.142314532127372], [128.123882031888, 26.122587011171753], [128.12947593617392, 26.113763841517386], [128.14189777248072, 26.085213150907403], [128.15480765050648, 26.076344852368074], [128.17628344090525, 26.056662460297424], [128.18573326912497, 26.051165798062645], [128.21665888774348, 26.031564993063885], [128.2215647299965, 26.028111769687435], [128.24758450636196, 26.012768588579668], [128.27256979548383, 25.999561079077452], [128.27851012498044, 25.996156765323878], [128.30943574359895, 25.981958103784777], [128.34036136221744, 25.971575699126777], [128.34294378199812, 25.97101038846747], [128.37128698083592, 25.96511077451109], [128.4022125994544, 25.964428535609823], [128.4331382180729, 25.964430017545137], [128.4640638366914, 25.962003747837755], [128.49498945530988, 25.958761707409707], [128.5259150739284, 25.954836837877803], [128.55684069254687, 25.950570121307166], [128.58776631116535, 25.943841966209302], [128.59038433052268, 25.942459697857483], [128.61869192978386, 25.9262085805017], [128.63762261536706, 25.9139090072475], [128.64961754840235, 25.90455494036678], [128.67954362152656, 25.885358316637518], [128.68054316702083, 25.884574025511256], [128.71146878563934, 25.863919831216908], [128.7234281978363, 25.856807626027535], [128.74239440425782, 25.842323143033326], [128.76598035950607, 25.82825693541755], [128.7733200228763, 25.823558821665323], [128.8042456414948, 25.810012916685345], [128.8351712601133, 25.801981249916633], [128.8418836552003, 25.799706244807567], [128.86609687873178, 25.791727096471803], [128.89702249735026, 25.780150784548496], [128.92794811596877, 25.771901227090517], [128.95887373458726, 25.775846541937497], [128.9840650314714, 25.799706244807567], [128.98683161286826, 25.82825693541755], [128.98063548912222, 25.856807626027535], [128.97087441200418, 25.885358316637518], [128.9595298673721, 25.913909007247497], [128.95887373458726, 25.915570873533234], [128.94845612484457, 25.942459697857483], [128.9365410430239, 25.97101038846747], [128.92794811596877, 25.98926800555062], [128.92287687288888, 25.999561079077452], [128.9075562940111, 26.028111769687435], [128.89702249735026, 26.04660351365949], [128.8909903983555, 26.05666246029742], [128.8734886603298, 26.085213150907407], [128.86609687873178, 26.09540073250499], [128.85063827933894, 26.113763841517386], [128.8351712601133, 26.132604339378272], [128.8254964650159, 26.142314532127372], [128.8042456414948, 26.16758998173827], [128.80064753064278, 26.170865222737355], [128.7733200228763, 26.198429230582928], [128.77196497092132, 26.199415913347337], [128.74239440425782, 26.22290050163005], [128.73442065923928, 26.22796660395732], [128.71146878563934, 26.24332819383424], [128.6900862193449, 26.256517294567306], [128.68054316702083, 26.262803706791416], [128.64961754840235, 26.28264772353195], [128.64657586358248, 26.28506798517729], [128.61869192978386, 26.306095747526896], [128.61010289070464, 26.31361867578727], [128.58776631116535, 26.3322287175951], [128.5769667922508, 26.342169366397258], [128.55684069254687, 26.360527053780217], [128.54539936885743, 26.37072005700724], [128.5259150739284, 26.387896621809105], [128.511332899222, 26.399270747617223], [128.49498945530988, 26.412615994820037], [128.47155016146556, 26.427821438227205], [128.4640638366914, 26.431917184697756], [128.4331382180729, 26.446890545010177], [128.40748684398343, 26.45637212883719], [128.4022125994544, 26.457778052504825], [128.37128698083592, 26.466482051027164], [128.34036136221744, 26.473500757794543], [128.30943574359895, 26.47818865703523], [128.27851012498044, 26.480766404358565], [128.24758450636196, 26.481861563188865], [128.21665888774348, 26.48226964139375], [128.18573326912497, 26.48274050469018], [128.15480765050648, 26.483745280127224], [128.1318301522966, 26.48492281944717], [128.123882031888, 26.485463566665658], [128.09295641326952, 26.488086776859276], [128.062030794651, 26.491236542064353], [128.03110517603253, 26.494511182424247], [128.00017955741404, 26.495818714885942], [127.96925393879553, 26.48843848896922], [127.9644975632983, 26.484922819447174], [127.93832832017705, 26.473723838888333], [127.91520101247012, 26.45637212883719], [127.90740270155855, 26.45276043380383], [127.87647708294007, 26.435873825370642], [127.86451459808093, 26.427821438227205], [127.84555146432157, 26.41775075660898], [127.8168786576811, 26.399270747617223], [127.81462584570309, 26.397748309283898], [127.7837002270846, 26.37743186496023], [127.7736591948392, 26.37072005700724], [127.7527746084661, 26.35473518360829], [127.73843734431951, 26.342169366397258], [127.72184898984762, 26.33220457907038], [127.69913686011404, 26.31361867578727], [127.69092337122912, 26.309496232459075], [127.65999775261062, 26.289834722521938], [127.65412644095919, 26.28506798517729], [127.62907213399214, 26.26946081125903], [127.61330268302486, 26.256517294567306], [127.59814651537363, 26.23804183437067], [127.5901931023148, 26.22796660395732], [127.5755019437104, 26.199415913347337], [127.56722089675516, 26.17767549798731], [127.56359674101616, 26.170865222737355], [127.54592372514874, 26.142314532127372], [127.53629527813666, 26.130434280704897], [127.52075954110904, 26.113763841517386], [127.50536965951818, 26.099315390152444], [127.49012319437001, 26.085213150907403], [127.4744440408997, 26.07289964365932], [127.45468198090822, 26.056662460297424], [127.44351842228119, 26.049322000929223], [127.4171321273825, 26.028111769687435], [127.4125928036627, 26.024322161125752], [127.38409245336283, 25.999561079077452], [127.38166718504421, 25.997023980183442], [127.35883459452172, 25.97101038846747], [127.35074156642571, 25.961804431005653], [127.33430736300855, 25.942459697857483], [127.31981594780723, 25.92567411921047], [127.30935448793615, 25.9139090072475], [127.28889032918873, 25.886217836083734], [127.28812819513936, 25.885358316637518], [127.26332681380748, 25.856807626027535], [127.25796471057025, 25.851195251553634], [127.23549324088967, 25.82825693541755], [127.22703909195175, 25.819532299564223], [127.20800693714372, 25.799706244807567], [127.19611347333324, 25.78679115151904], [127.18130374663923, 25.771155554197584], [127.16518785471477, 25.752393212145503], [127.15651487377666, 25.742604863587598], [127.13446784904829, 25.714054172977615], [127.13426223609628, 25.7137498295025], [127.11290030318335, 25.68550348236763], [127.1033366174778, 25.669983455334425], [127.09377286091075, 25.656952791757654], [127.07789750112784, 25.628402101147664], [127.07241099885928, 25.617015348338324], [127.06348928102841, 25.599851410537678], [127.05234240841065, 25.5713007199277], [127.04169674923082, 25.542750029317713], [127.0414853802408, 25.540962362337307], [127.0391960969633, 25.51419933870773], [127.0414853802408, 25.50494245787911]]]}, "properties": {"fillColor": "#FFA500", "fillOpacity": 0.7, "color": "#000000", "weight": 0.2, "stroke": false}}, {"type": "Feature", "geometry": {"type": "Polygon", "coordinates": [[[127.34866401064605, 25.82825693541755], [127.3389355794448, 25.856807626027535], [127.35074156642573, 25.87121191534114], [127.36107337951435, 25.885358316637518], [127.38166718504421, 25.909856431870644], [127.38495188565567, 25.9139090072475], [127.40299536709065, 25.94245969785748], [127.4125928036627, 25.952766867586455], [127.42708508246785, 25.97101038846747], [127.44351842228119, 25.986215895684854], [127.45867560895816, 25.999561079077452], [127.4744440408997, 26.011691558822175], [127.50108782380399, 26.028111769687435], [127.50536965951818, 26.030830066098236], [127.53629527813666, 26.047514059352967], [127.55469030818412, 26.05666246029742], [127.56722089675515, 26.066412901223586], [127.5934406573142, 26.085213150907403], [127.59814651537364, 26.08979642820863], [127.62609670848227, 26.113763841517386], [127.62907213399214, 26.120351425035782], [127.64057288827726, 26.142314532127372], [127.64101823706781, 26.170865222737355], [127.64454003327121, 26.199415913347337], [127.65999775261062, 26.225413350459878], [127.66219915817717, 26.22796660395732], [127.6909233712291, 26.24547703774258], [127.71165866086372, 26.256517294567306], [127.72184898984762, 26.262163075414108], [127.7527746084661, 26.280392071914704], [127.75957152813088, 26.285067985177285], [127.78370022708458, 26.296485824424966], [127.81462584570309, 26.311362560347707], [127.81947598490362, 26.313618675787268], [127.84555146432157, 26.329121055123935], [127.87067911137973, 26.342169366397258], [127.87647708294007, 26.345940454341488], [127.90740270155857, 26.357821340440246], [127.93832832017706, 26.360932587214563], [127.96925393879553, 26.353743733294834], [127.99674378484123, 26.342169366397258], [128.00017955741404, 26.34115229419356], [128.03110517603253, 26.33174739092736], [128.062030794651, 26.32290321268482], [128.0902323840741, 26.313618675787268], [128.09295641326952, 26.312751898245715], [128.123882031888, 26.303384159314533], [128.15480765050648, 26.28795320017548], [128.16019503007888, 26.28506798517729], [128.15480765050648, 26.28152730057833], [128.123882031888, 26.262056452791427], [128.09295641326952, 26.259442901302435], [128.062030794651, 26.259162690897128], [128.03110517603253, 26.259373862562185], [128.00017955741404, 26.257781868269404], [127.98433669404109, 26.256517294567306], [127.96925393879553, 26.255066991757847], [127.93832832017705, 26.250672880139554], [127.90740270155855, 26.24289438020842], [127.87647708294007, 26.231166978158043], [127.87021849391166, 26.22796660395732], [127.84555146432157, 26.217227487235405], [127.81462584570309, 26.200260613655644], [127.81332549631409, 26.199415913347337], [127.7837002270846, 26.182929965603243], [127.76206807737977, 26.170865222737355], [127.7527746084661, 26.164319386380797], [127.72184898984762, 26.144356533282], [127.71794809627636, 26.142314532127372], [127.69902613979264, 26.11376384151739], [127.7030587544819, 26.085213150907403], [127.71532362413592, 26.056662460297424], [127.69092337122912, 26.03272735860689], [127.68787797713448, 26.028111769687435], [127.65999775261062, 26.002996356872597], [127.65690491320048, 25.999561079077452], [127.62907213399214, 25.97967560159573], [127.61788311981897, 25.97101038846747], [127.59814651537366, 25.9599085940506], [127.5705283131945, 25.942459697857487], [127.56722089675517, 25.940483943956135], [127.53629527813666, 25.922838829323773], [127.5217161417453, 25.9139090072475], [127.50536965951818, 25.9039359258066], [127.47520475287354, 25.885358316637518], [127.47444404089968, 25.88486025660838], [127.44351842228119, 25.868318571525858], [127.42172901846268, 25.85680762602754], [127.4125928036627, 25.851996146139278], [127.38166718504421, 25.84052512593318], [127.3510227064391, 25.82825693541755], [127.35074156642571, 25.828159385357015], [127.34866401064605, 25.82825693541755]]]}, "properties": {"fillColor": "#FFA500", "fillOpacity": 0.7, "color": "#000000", "weight": 0.2, "stroke": false}}, {"type": "Feature", "geometry": {"type": "Polygon", "coordinates": [[[128.65209210923103, 25.97101038846747], [128.64961754840235, 25.972404833598986], [128.61869192978386, 25.995696376715493], [128.61289903412865, 25.999561079077452], [128.58776631116535, 26.02076863837163], [128.57554881263437, 26.028111769687435], [128.55684069254687, 26.045667142045637], [128.53833233088588, 26.05666246029742], [128.5259150739284, 26.075039508977014], [128.5182188217952, 26.0852131509074], [128.50626902168514, 26.11376384151739], [128.49498945530988, 26.136266061416013], [128.49010593057778, 26.142314532127372], [128.4640638366914, 26.161282398686517], [128.43585554068028, 26.170865222737355], [128.4331382180729, 26.171441708354394], [128.4022125994544, 26.175908343540655], [128.37128698083592, 26.185746528986165], [128.35153189283773, 26.199415913347337], [128.34036136221744, 26.205946744446926], [128.30943574359895, 26.226618562448532], [128.30743988285298, 26.22796660395732], [128.27851012498044, 26.247608958054254], [128.25961133145728, 26.256517294567306], [128.24758450636196, 26.264427436243395], [128.21665888774348, 26.282961732113467], [128.21123516059117, 26.28506798517729], [128.18573326912497, 26.310621022150556], [128.1839137162887, 26.31361867578727], [128.15480765050648, 26.33686995093891], [128.1513866638972, 26.342169366397258], [128.123882031888, 26.3637018872981], [128.11643110425578, 26.37072005700724], [128.09295641326952, 26.397479574175613], [128.09117236493228, 26.399270747617223], [128.09295641326952, 26.401509721993126], [128.12250936067593, 26.427821438227205], [128.123882031888, 26.428096680842614], [128.15480765050648, 26.430415489406297], [128.18573326912497, 26.429635454287475], [128.21151561925444, 26.427821438227205], [128.21665888774348, 26.427294753531918], [128.24758450636196, 26.421367245509703], [128.27851012498044, 26.41309602371771], [128.30943574359895, 26.401725248278847], [128.31472679628237, 26.399270747617223], [128.34036136221744, 26.385771380574035], [128.3665288007979, 26.37072005700724], [128.37128698083592, 26.367565172913732], [128.4022125994544, 26.348457586762578], [128.4127034396118, 26.342169366397258], [128.4331382180729, 26.32860229973644], [128.45741349152397, 26.313618675787268], [128.4640638366914, 26.309220856829928], [128.49498945530988, 26.2881793560293], [128.498714962616, 26.28506798517729], [128.5259150739284, 26.262435057652677], [128.53206675746134, 26.25651729456731], [128.55684069254687, 26.23337608897069], [128.5619555867392, 26.22796660395732], [128.58776631116535, 26.201331819729916], [128.58948323527318, 26.199415913347337], [128.6146906620804, 26.170865222737355], [128.61869192978386, 26.166788999328613], [128.63791145892463, 26.142314532127372], [128.64961754840235, 26.127838790238883], [128.65999552032798, 26.113763841517386], [128.67994365286, 26.085213150907403], [128.68054316702083, 26.084387082149174], [128.69899672443228, 26.05666246029742], [128.71146878563934, 26.03651596695997], [128.7172845042307, 26.028111769687435], [128.73221284048773, 25.999561079077452], [128.74239440425782, 25.97306423054507], [128.74343911909472, 25.97101038846747], [128.74239440425782, 25.966990526477133], [128.71146878563934, 25.947362265552886], [128.68054316702083, 25.957212413835727], [128.65209210923103, 25.97101038846747]]]}, "properties": {"fillColor": "#FFA500", "fillOpacity": 0.7, "color": "#000000", "weight": 0.2, "stroke": false}}, {"type": "Feature", "geometry": {"type": "Polygon", "coordinates": [[[126.94870852438532, 26.458327212063093], [126.97963414300382, 26.479538447546616], [126.98332177874919, 26.48492281944717], [127.00074788814322, 26.513473510057157], [127.01055976162232, 26.525164299771887], [127.02000038176556, 26.54202420066714], [127.03618098951267, 26.570574891277126], [127.0414853802408, 26.58330337150408], [127.04741476977807, 26.599125581887108], [127.06315225842182, 26.627676272497094], [127.0724109988593, 26.638658888198187], [127.09496871355208, 26.656226963107077], [127.1033366174778, 26.663038203426176], [127.13426223609628, 26.679892742808505], [127.14337733426734, 26.684777653717056], [127.16518785471476, 26.708317756848288], [127.16950329296073, 26.713328344327046], [127.16518785471476, 26.72222005212941], [127.1451717318281, 26.74187903493703], [127.13426223609628, 26.744939559427987], [127.1033366174778, 26.74478726987955], [127.09001530299298, 26.74187903493703], [127.07241099885928, 26.738482618838226], [127.0414853802408, 26.731851864915832], [127.01055976162232, 26.724620110119616], [126.97963414300382, 26.71690880880283], [126.96608037253216, 26.713328344327042], [126.94870852438532, 26.708309550418658], [126.91778290576684, 26.7007959485495], [126.88685728714835, 26.69294452726831], [126.86289987338586, 26.68477765371706], [126.85593166852986, 26.68195034306292], [126.82500604991137, 26.662942845280735], [126.81820168001208, 26.656226963107077], [126.81473620200455, 26.62767627249709], [126.82500604991137, 26.613381359352438], [126.84001629375629, 26.599125581887108], [126.85593166852985, 26.587124706741363], [126.88574975417146, 26.570574891277126], [126.88685728714835, 26.56943986124213], [126.91778290576684, 26.545469566602605], [126.91984147132747, 26.542024200667143], [126.92375714515596, 26.51347351005716], [126.92974553825216, 26.484922819447174], [126.94870852438532, 26.458327212063093]]]}, "properties": {"fillColor": "#FFA500", "fillOpacity": 0.7, "color": "#000000", "weight": 0.2, "stroke": false}}, {"type": "Feature", "geometry": {"type": "Polygon", "coordinates": [[[126.97213208584836, 26.627676272497094], [126.9796341430038, 26.64381283106138], [126.98522918328108, 26.656226963107077], [127.0105597616223, 26.683080164866887], [127.01791263510145, 26.684777653717063], [127.0414853802408, 26.68778300054879], [127.04782371000171, 26.68477765371706], [127.04195398971082, 26.656226963107077], [127.0414853802408, 26.65566123999204], [127.01860384655294, 26.627676272497094], [127.01055976162232, 26.611338255607265], [126.9796341430038, 26.60325552942456], [126.97213208584836, 26.627676272497094]]]}, "properties": {"fillColor": "#FFA500", "fillOpacity": 0.7, "color": "#000000", "weight": 0.2, "stroke": false}}, {"type": "Feature", "geometry": {"type": "Polygon", "coordinates": [[[126.79408043129288, 28.978862248681004], [126.82500604991137, 28.970610425800867], [126.85593166852986, 28.975764556969203], [126.88685728714833, 28.991503057257873], [126.89435276153483, 28.997383593125736], [126.91778290576684, 29.01484304581173], [126.93056625663053, 29.025934283735715], [126.94870852438532, 29.038010285696508], [126.9728127155758, 29.0544849743457], [126.97963414300382, 29.059202389369293], [127.01055976162232, 29.081568500443304], [127.0126774714264, 29.083035664955688], [127.02250586253069, 29.11158635556567], [127.01055976162232, 29.12639564656915], [126.9976396469136, 29.140137046175653], [126.97963414300384, 29.149111203180823], [126.94870852438532, 29.15453470217501], [126.91778290576684, 29.15087489815185], [126.89244906871403, 29.140137046175653], [126.88685728714835, 29.138869233739733], [126.85593166852985, 29.1274574252541], [126.83222115857575, 29.11158635556567], [126.82500604991137, 29.107121003721076], [126.79666684084438, 29.083035664955688], [126.79408043129288, 29.07944368290089], [126.77429955199953, 29.054484974345705], [126.76849588934279, 29.02593428373572], [126.7770086174829, 28.997383593125733], [126.79408043129288, 28.978862248681004]]]}, "properties": {"fillColor": "#FFA500", "fillOpacity": 0.7, "color": "#000000", "weight": 0.2, "stroke": false}}, {"type": "Feature", "geometry": {"type": "Polygon", "coordinates": [[[126.80152840277123, 29.025934283735722], [126.80279203756632, 29.054484974345698], [126.82500604991137, 29.081942261715966], [126.82586768812932, 29.083035664955688], [126.85593166852986, 29.105006094014158], [126.86956945702752, 29.11158635556567], [126.88685728714833, 29.120990391806437], [126.91778290576684, 29.129533006230737], [126.94870852438532, 29.129187899999664], [126.97783812327216, 29.11158635556567], [126.97269638951985, 29.083035664955684], [126.94870852438532, 29.064224177068773], [126.9363787874818, 29.0544849743457], [126.91778290576684, 29.04015433159232], [126.89296986642638, 29.02593428373572], [126.88685728714836, 29.0209892127053], [126.85593166852986, 29.00611844859153], [126.82500604991137, 29.00558172682613], [126.80152840277123, 29.025934283735722]]]}, "properties": {"fillColor": "#FFA500", "fillOpacity": 0.7, "color": "#000000", "weight": 0.2, "stroke": false}}, {"type": "Feature", "geometry": {"type": "Polygon", "coordinates": [[[134.98936936519303, 9.893031674919003], [135.02029498381154, 9.881592656516906], [135.05122060243002, 9.881150216941448], [135.07712344629942, 9.89697157504667], [135.0790844922256, 9.925522265656655], [135.06929244333242, 9.95407295626664], [135.07607542296614, 9.982623646876622], [135.0821462210485, 9.98927706366139], [135.10165783940317, 10.011174337486606], [135.113071839667, 10.023916865744884], [135.12790803432267, 10.03972502809659], [135.1439974582855, 10.05821281006983], [135.15395114629135, 10.068275718706573], [135.15805835372362, 10.096826409316556], [135.1439974582855, 10.111282080076636], [135.12812888088052, 10.12537709992654], [135.113071839667, 10.131837591300688], [135.0821462210485, 10.14120553734358], [135.05122060243002, 10.146888910423746], [135.02029498381154, 10.150094402758215], [134.98936936519303, 10.151577306397842], [134.95844374657455, 10.151726548970037], [134.92751812795603, 10.150384747659155], [134.89659250933755, 10.147257079048734], [134.86566689071907, 10.140686858714059], [134.8347412721006, 10.134612064549003], [134.80381565348208, 10.13182305005861], [134.7728900348636, 10.129954349149203], [134.7419644162451, 10.12821724987702], [134.7110387976266, 10.126018759282966], [134.7052911824879, 10.12537709992654], [134.68011317900812, 10.12007258743856], [134.64918756038963, 10.107116685607409], [134.63409960461408, 10.096826409316556], [134.64918756038963, 10.084269933611443], [134.67461126328914, 10.068275718706573], [134.68011317900812, 10.067067073142894], [134.7110387976266, 10.05944916997271], [134.7419644162451, 10.047755736073498], [134.75387936709933, 10.03972502809659], [134.7728900348636, 10.029013628889594], [134.7932547867084, 10.011174337486604], [134.80381565348208, 10.002801263304214], [134.82514276967984, 9.982623646876622], [134.8347412721006, 9.975457032809246], [134.86566689071907, 9.95673425384871], [134.86980007750984, 9.95407295626664], [134.89659250933755, 9.938497048393607], [134.9251377636542, 9.925522265656655], [134.92751812795603, 9.92412855406748], [134.95844374657455, 9.907325580903048], [134.9822192058397, 9.89697157504667], [134.98936936519303, 9.893031674919003]]]}, "properties": {"fillColor": "#FF0000", "fillOpacity": 0.7, "color": "#000000", "weight": 0.2, "stroke": false}}, {"type": "Feature", "geometry": {"type": "Polygon", "coordinates": [[[144.70001361139924, 10.47707415447292], [144.73093923001775, 10.473386940259584], [144.76186484863624, 10.477347993850175], [144.79279046725472, 10.49146632708191], [144.80149346907808, 10.496536077856328], [144.82371608587323, 10.510710638327986], [144.84400780206795, 10.525086768466313], [144.8546417044917, 10.533175088948763], [144.88361110968125, 10.553637459076295], [144.8855673231102, 10.555092441952382], [144.91649294172868, 10.57378786179162], [144.93119323752188, 10.582188149686278], [144.9474185603472, 10.591912236182665], [144.97834417896567, 10.607121979521754], [144.98525857284264, 10.610738840296262], [145.00926979758418, 10.631944968286414], [145.0184275046646, 10.639289530906247], [145.00926979758418, 10.665400579381762], [145.0071054350113, 10.66784022151623], [144.97834417896567, 10.67491429625218], [144.94741856034722, 10.679011209428557], [144.91649294172868, 10.683544167894166], [144.8855673231102, 10.688239977001048], [144.8546417044917, 10.68977328852565], [144.82371608587323, 10.683543306687891], [144.79887952308178, 10.66784022151623], [144.79279046725472, 10.665267950667554], [144.76186484863626, 10.641255568916094], [144.76007205729871, 10.639289530906247], [144.73093923001775, 10.62021050974022], [144.72020644152502, 10.610738840296262], [144.70001361139924, 10.595872449314253], [144.6863949905943, 10.582188149686278], [144.6716202865329, 10.553637459076295], [144.66908799278076, 10.541595259431288], [144.66191024193844, 10.525086768466313], [144.66908799278076, 10.49826198409765], [144.66959182811217, 10.496536077856328], [144.70001361139924, 10.47707415447292]]]}, "properties": {"fillColor": "#FF0000", "fillOpacity": 0.7, "color": "#000000", "weight": 0.2, "stroke": false}}, {"type": "Feature", "geometry": {"type": "Polygon", "coordinates": [[[129.4227580138646, 10.580965584703305], [129.44480903454036, 10.582188149686278], [129.45368363248312, 10.582535739238091], [129.4846092511016, 10.592743923417284], [129.5155348697201, 10.609060136258911], [129.51913651043202, 10.610738840296262], [129.5464604883386, 10.623979941435035], [129.57738610695708, 10.637885780478218], [129.58055293067613, 10.639289530906247], [129.60831172557556, 10.656414364458598], [129.62301906621371, 10.66784022151623], [129.63923734419407, 10.6827055251775], [129.65322422771942, 10.696390912126214], [129.63923734419407, 10.719088112753901], [129.63405979863705, 10.724941602736198], [129.60831172557556, 10.733333611835524], [129.57738610695708, 10.735966285356827], [129.5464604883386, 10.733165484710613], [129.5155348697201, 10.728237284047227], [129.4846092511016, 10.729451903508506], [129.45368363248312, 10.728622678503603], [129.43709972687026, 10.724941602736198], [129.4227580138646, 10.72278236705455], [129.39183239524613, 10.719316362137626], [129.36090677662764, 10.710705343869048], [129.34191283915527, 10.696390912126214], [129.32998115800916, 10.668927541834353], [129.3295532075143, 10.66784022151623], [129.32998115800916, 10.666043294961783], [129.33427396941227, 10.639289530906247], [129.35575566381655, 10.610738840296262], [129.36090677662764, 10.60604383512075], [129.39183239524613, 10.587889079197566], [129.41876182178137, 10.582188149686278], [129.4227580138646, 10.580965584703305]]]}, "properties": {"fillColor": "#FF0000", "fillOpacity": 0.7, "color": "#000000", "weight": 0.2, "stroke": false}}, {"type": "Feature", "geometry": {"type": "Polygon", "coordinates": [[[131.34014636821107, 10.594134714660264], [131.37107198682958, 10.585754484833684], [131.3912798173862, 10.610738840296262], [131.39012520344474, 10.639289530906247], [131.38533569621893, 10.66784022151623], [131.3814262985327, 10.696390912126214], [131.37801119558958, 10.724941602736198], [131.37294563735236, 10.75349229334618], [131.37107198682958, 10.761490550556598], [131.36709984427145, 10.782042983956163], [131.35375924252136, 10.81059367456615], [131.34014636821107, 10.824966847688223], [131.32233417240468, 10.839144365176132], [131.30922074959258, 10.847355428681626], [131.2782951309741, 10.857947158076339], [131.2473695123556, 10.852658089982521], [131.2164438937371, 10.855340010843735], [131.18551827511862, 10.863429441785891], [131.17133669590268, 10.867695055786115], [131.15459265650014, 10.87304985341244], [131.12366703788163, 10.882376278665454], [131.09274141926315, 10.890186646716927], [131.06181580064467, 10.88281104987309], [131.05335685858492, 10.867695055786115], [131.0580453031629, 10.839144365176132], [131.06181580064467, 10.833121525610833], [131.07663585369497, 10.81059367456615], [131.09274141926315, 10.79374822041257], [131.10360954509395, 10.782042983956163], [131.12366703788163, 10.766346244927062], [131.13961963968688, 10.75349229334618], [131.15459265650014, 10.743899406440454], [131.1802068635346, 10.724941602736198], [131.18551827511862, 10.721531760585377], [131.2164438937371, 10.696491358956349], [131.21654332168515, 10.696390912126214], [131.2473695123556, 10.669547322617316], [131.24933967162508, 10.66784022151623], [131.2782951309741, 10.643236306538798], [131.28320982636856, 10.639289530906247], [131.30922074959258, 10.616069317999383], [131.31770543870476, 10.610738840296262], [131.34014636821107, 10.594134714660264]]]}, "properties": {"fillColor": "#FF0000", "fillOpacity": 0.7, "color": "#000000", "weight": 0.2, "stroke": false}}, {"type": "Feature", "geometry": {"type": "Polygon", "coordinates": [[[130.13404724208993, 10.723662809928596], [130.16497286070842, 10.718324323221482], [130.18606289950668, 10.724941602736198], [130.1958984793269, 10.730153071338608], [130.22682409794538, 10.752527619693248], [130.22782498556543, 10.75349229334618], [130.22682409794538, 10.759149137884716], [130.22101181388348, 10.782042983956163], [130.1958984793269, 10.791953200869955], [130.16497286070842, 10.793230577824936], [130.13404724208993, 10.785309555559566], [130.129140652674, 10.782042983956163], [130.10987916868703, 10.75349229334618], [130.13206630983305, 10.724941602736198], [130.13404724208993, 10.723662809928596]]]}, "properties": {"fillColor": "#FF0000", "fillOpacity": 0.7, "color": "#000000", "weight": 0.2, "stroke": false}}, {"type": "Feature", "geometry": {"type": "Polygon", "coordinates": [[[145.50407969548002, 10.978916566419764], [145.5321985475879, 10.98189781822605], [145.53500531409853, 10.982618167508003], [145.5584588006838, 11.010448508836035], [145.5629170689931, 11.038999199446017], [145.56277167365474, 11.067549890056], [145.56515731814386, 11.096100580665984], [145.56564252168158, 11.124651271275969], [145.56012888038697, 11.153201961885951], [145.54798969838606, 11.181752652495934], [145.53500531409853, 11.19858997289161], [145.52901803511918, 11.21030334310592], [145.51702591343673, 11.238854033715903], [145.5046848080526, 11.267404724325885], [145.50407969548002, 11.268081642758709], [145.48382975782513, 11.295955414935872], [145.47315407686153, 11.303954492925104], [145.44527152524, 11.324506105545854], [145.44222845824305, 11.326476236840607], [145.41130283962457, 11.344257994546602], [145.39403417372927, 11.353056796155837], [145.38037722100606, 11.367741225646107], [145.3672687591864, 11.381607486765821], [145.3595342031971, 11.410158177375806], [145.3636856664354, 11.438708867985788], [145.37808046093204, 11.467259558595773], [145.38037722100606, 11.469743979719341], [145.4047150667605, 11.495810249205757], [145.41130283962457, 11.502776653586997], [145.43245819810167, 11.52436093981574], [145.44222845824305, 11.535328607615813], [145.45937451799657, 11.552911630425722], [145.47315407686153, 11.576970897651965], [145.47531481193516, 11.581462321035707], [145.47315407686153, 11.587767660183859], [145.456775110477, 11.610013011645691], [145.44222845824305, 11.615610450646187], [145.4113028396246, 11.612731358410622], [145.40677122242562, 11.610013011645691], [145.38037722100606, 11.595183930358944], [145.3628487844545, 11.581462321035707], [145.34945160238757, 11.571794607765593], [145.3228556158158, 11.552911630425722], [145.31852598376906, 11.549945811474734], [145.28760036515058, 11.532485954387834], [145.2721419185677, 11.52436093981574], [145.2566747465321, 11.51661343354409], [145.22574912791362, 11.502319703018596], [145.21385365540826, 11.495810249205757], [145.1948235092951, 11.486163142226985], [145.16494544836272, 11.467259558595773], [145.16389789067662, 11.466540486320367], [145.13297227205814, 11.440357662660576], [145.1309928043623, 11.438708867985788], [145.11430526330764, 11.410158177375806], [145.13297227205814, 11.393615889554448], [145.16389789067662, 11.384080673178108], [145.18660213716868, 11.381607486765821], [145.1948235092951, 11.37956761549265], [145.22574912791362, 11.368482987978329], [145.2416719562476, 11.353056796155837], [145.24475428435224, 11.324506105545854], [145.2388052824603, 11.295955414935872], [145.227231800532, 11.267404724325885], [145.22574912791362, 11.25819871332926], [145.219702683687, 11.238854033715903], [145.22574912791362, 11.231510120842643], [145.2491402221518, 11.21030334310592], [145.2566747465321, 11.20784899900324], [145.28760036515058, 11.19483182286599], [145.31289406282218, 11.181752652495938], [145.31852598376906, 11.177642149065774], [145.34844804775602, 11.153201961885951], [145.34945160238757, 11.151332994872197], [145.37463144291223, 11.124651271275969], [145.37361149094795, 11.096100580665984], [145.36767370784764, 11.067549890056], [145.38037722100606, 11.051438198985782], [145.38758821570786, 11.038999199446017], [145.41130283962457, 11.022724633460925], [145.42724265668073, 11.010448508836035], [145.44222845824305, 11.00200086330726], [145.47315407686153, 10.987652161425647], [145.4927284478067, 10.98189781822605], [145.50407969548002, 10.978916566419764]]]}, "properties": {"fillColor": "#FF0000", "fillOpacity": 0.7, "color": "#000000", "weight": 0.2, "stroke": false}}, {"type": "Feature", "geometry": {"type": "Polygon", "coordinates": [[[129.57738610695708, 11.053287597013501], [129.60831172557556, 11.04996724497605], [129.623125049704, 11.067549890056], [129.6124417555919, 11.096100580665984], [129.60831172557556, 11.099679541691474], [129.57738610695708, 11.109980845529403], [129.5548583096574, 11.096100580665984], [129.55817782157627, 11.067549890056], [129.57738610695708, 11.053287597013501]]]}, "properties": {"fillColor": "#FF0000", "fillOpacity": 0.7, "color": "#000000", "weight": 0.2, "stroke": false}}, {"type": "Feature", "geometry": {"type": "Polygon", "coordinates": [[[146.12259206784984, 11.066031672171556], [146.13017765590757, 11.067549890056], [146.15351768646835, 11.073798589631277], [146.18444330508683, 11.088677814553293], [146.19915575918128, 11.096100580665984], [146.2153689237053, 11.103983851367042], [146.24629454232382, 11.115451560046466], [146.27112776271332, 11.124651271275969], [146.2772201609423, 11.12656051983815], [146.3081457795608, 11.14102753781637], [146.32738606188028, 11.153201961885951], [146.33907139817927, 11.162472514876363], [146.36172397378994, 11.181752652495938], [146.36999701679778, 11.19286158457026], [146.38412463139014, 11.21030334310592], [146.3853557319078, 11.238854033715903], [146.36999701679778, 11.24922742858476], [146.33907139817927, 11.257750227166824], [146.3081457795608, 11.258045848388704], [146.2772201609423, 11.253295267765282], [146.24629454232382, 11.245493716307848], [146.22465939012042, 11.238854033715903], [146.2153689237053, 11.233326832164122], [146.18444330508683, 11.217770262272193], [146.17095499828736, 11.21030334310592], [146.15351768646835, 11.202100671903969], [146.12259206784984, 11.183831281041726], [146.12040452922696, 11.181752652495936], [146.09166644923135, 11.162546625270164], [146.07970567284207, 11.153201961885951], [146.06074083061287, 11.132791819381804], [146.05440725388965, 11.12465127127597], [146.05420507951703, 11.096100580665986], [146.06074083061287, 11.089955691713989], [146.09166644923135, 11.073927655153074], [146.11513680705704, 11.067549890056], [146.12259206784984, 11.066031672171556]]]}, "properties": {"fillColor": "#FF0000", "fillOpacity": 0.7, "color": "#000000", "weight": 0.2, "stroke": false}}, {"type": "Feature", "geometry": {"type": "Polygon", "coordinates": [[[145.65870778857249, 11.234033885334302], [145.6641012650592, 11.238854033715905], [145.67327884890383, 11.267404724325885], [145.65870778857249, 11.289291302336721], [145.627782169954, 11.272563335131224], [145.6238287977921, 11.267404724325884], [145.627782169954, 11.254150213994368], [145.6428165300626, 11.238854033715903], [145.65870778857249, 11.234033885334302]]]}, "properties": {"fillColor": "#FF0000", "fillOpacity": 0.7, "color": "#000000", "weight": 0.2, "stroke": false}}, {"type": "Feature", "geometry": {"type": "Polygon", "coordinates": [[[132.51531987571374, 12.002463687453655], [132.54624549433223, 12.008521591834715], [132.54770582177628, 12.009722680185464], [132.55631918772792, 12.038273370795444], [132.54624549433223, 12.050005260335777], [132.51531987571374, 12.045631245043575], [132.50916083615215, 12.038273370795444], [132.50683831563592, 12.009722680185462], [132.51531987571374, 12.002463687453655]]]}, "properties": {"fillColor": "#FF0000", "fillOpacity": 0.7, "color": "#000000", "weight": 0.2, "stroke": false}}, {"type": "Feature", "geometry": {"type": "Polygon", "coordinates": [[[141.17449308889127, 12.220190565553985], [141.20541870750975, 12.220216715829864], [141.23634432612823, 12.228667466507488], [141.25633128603852, 12.238128205065331], [141.26726994474674, 12.243458446481675], [141.29819556336525, 12.259795685772026], [141.30943738812772, 12.266678895675316], [141.3291211819837, 12.279458648948452], [141.34307275212308, 12.295229586285298], [141.34390411817014, 12.323780276895281], [141.3291211819837, 12.350751060872483], [141.32803994251682, 12.352330967505265], [141.30898938249888, 12.38088165811525], [141.29819556336523, 12.389742434770262], [141.26726994474674, 12.40230347039084], [141.23634432612823, 12.401555479344937], [141.20541870750975, 12.383498429830388], [141.20302663778185, 12.38088165811525], [141.18450632553265, 12.352330967505264], [141.17449308889124, 12.324003664691364], [141.1743933619112, 12.323780276895281], [141.16407308147942, 12.295229586285298], [141.15471270287168, 12.266678895675314], [141.15240957908736, 12.238128205065331], [141.17449308889127, 12.220190565553985]]]}, "properties": {"fillColor": "#FF0000", "fillOpacity": 0.7, "color": "#000000", "weight": 0.2, "stroke": false}}, {"type": "Feature", "geometry": {"type": "Polygon", "coordinates": [[[133.47401405288696, 12.661664681822316], [133.50493967150547, 12.653804350089949], [133.53586529012395, 12.656547357293231], [133.56445622880608, 12.666388564215087], [133.56679090874243, 12.667188687954674], [133.59771652736094, 12.694331270615512], [133.5982419480466, 12.69493925482507], [133.60399374082883, 12.723489945435052], [133.59771652736094, 12.737598623351467], [133.59194456775498, 12.752040636045038], [133.56679090874243, 12.774197033523805], [133.5446363297584, 12.78059132665502], [133.53586529012395, 12.783362142997646], [133.52069943997276, 12.78059132665502], [133.50493967150547, 12.778226952294713], [133.474014052887, 12.752128269551632], [133.47394466159105, 12.752040636045036], [133.46110855035596, 12.723489945435054], [133.45213515901963, 12.69493925482507], [133.46704256368687, 12.666388564215087], [133.47401405288696, 12.661664681822316]]]}, "properties": {"fillColor": "#FF0000", "fillOpacity": 0.7, "color": "#000000", "weight": 0.2, "stroke": false}}, {"type": "Feature", "geometry": {"type": "Polygon", "coordinates": [[[120.88728727516107, 13.268735241661458], [120.91821289377955, 13.267733708530406], [120.94913851239804, 13.284097584216182], [120.95962093347856, 13.294503757634725], [120.97334520725946, 13.32305444824471], [120.9681540479749, 13.351605138854694], [120.94913851239804, 13.367370819151285], [120.91821289377955, 13.376890373845054], [120.88728727516107, 13.37555436994351], [120.86453360654895, 13.351605138854694], [120.85636165654259, 13.328663000137427], [120.8536013000311, 13.32305444824471], [120.85636165654257, 13.29935316965519], [120.85688423400471, 13.294503757634725], [120.88728727516107, 13.268735241661458]]]}, "properties": {"fillColor": "#FF0000", "fillOpacity": 0.7, "color": "#000000", "weight": 0.2, "stroke": false}}, {"type": "Feature", "geometry": {"type": "Polygon", "coordinates": [[[127.69092337122912, 24.799961655251273], [127.69653252593007, 24.80043207345814], [127.72184898984762, 24.802549720067688], [127.7527746084661, 24.806863491656962], [127.78370022708461, 24.811919922659342], [127.81462584570309, 24.81856386849043], [127.84555146432157, 24.828725786045087], [127.84611707683213, 24.828982764068122], [127.87647708294007, 24.842288211273804], [127.90247628464179, 24.857533454678105], [127.90740270155855, 24.860539429724472], [127.93832832017705, 24.880974154021686], [127.94538926520663, 24.88608414528809], [127.96925393879553, 24.905015236815117], [127.98069296622097, 24.914634835898074], [128.00017955741404, 24.933307553760606], [128.01121260393603, 24.943185526508053], [128.03110517603253, 24.96342365469255], [128.04065637197547, 24.971736217118043], [128.062030794651, 24.9919250501938], [128.07018544735362, 25.000286907728025], [128.09295641326952, 25.027452652406133], [128.09388140463525, 25.028837598338008], [128.1104484562535, 25.05738828894799], [128.12271651890794, 25.085938979557977], [128.123882031888, 25.08928375553081], [128.13447018259046, 25.11448967016796], [128.14482384383325, 25.143040360777942], [128.15442094554646, 25.171591051387928], [128.15480765050648, 25.172938118969697], [128.1641617266285, 25.20014174199791], [128.17052134867924, 25.228692432607893], [128.17229341044305, 25.257243123217876], [128.16896471061457, 25.28579381382786], [128.1614789656985, 25.314344504437845], [128.15480765050648, 25.337938465841006], [128.1534000033219, 25.342895195047827], [128.14844983151934, 25.371445885657813], [128.14563952044222, 25.399996576267796], [128.1397092275834, 25.42854726687778], [128.12525323085399, 25.45709795748776], [128.123882031888, 25.45856310696793], [128.09295641326952, 25.484555719551278], [128.09111122161772, 25.485648648097747], [128.062030794651, 25.497581217270273], [128.03110517603253, 25.505223991136294], [128.00017955741404, 25.510493580269102], [127.96925393879553, 25.513496202546744], [127.93832832017705, 25.51325629599532], [127.90740270155854, 25.511185972202885], [127.87647708294007, 25.508402191690838], [127.84555146432157, 25.504279337974335], [127.8146258457031, 25.49724275194751], [127.78615508156075, 25.485648648097747], [127.7837002270846, 25.48519651991029], [127.7527746084661, 25.47729140327981], [127.72184898984762, 25.464784460325124], [127.70422083324398, 25.45709795748776], [127.69092337122912, 25.454140043860473], [127.65999775261062, 25.447691262513743], [127.62907213399214, 25.43917173567978], [127.60116633846589, 25.42854726687778], [127.59814651537364, 25.427366973783933], [127.56722089675516, 25.41165798756857], [127.54965844882798, 25.399996576267796], [127.53629527813666, 25.388107650130173], [127.51868403341084, 25.371445885657813], [127.50536965951818, 25.3499179340633], [127.50068765403347, 25.342895195047827], [127.49690967820794, 25.314344504437845], [127.50536965951818, 25.286125035051207], [127.50552777311184, 25.285793813827862], [127.53629527813666, 25.262077952555973], [127.56479759648803, 25.257243123217876], [127.56722089675517, 25.256930736785907], [127.56998345994941, 25.25724312321788], [127.59814651537364, 25.259229520615243], [127.62907213399214, 25.2666569379401], [127.65999775261062, 25.281230798776257], [127.66838625525982, 25.285793813827866], [127.69092337122913, 25.29527713561314], [127.72184898984762, 25.306379721572174], [127.7527746084661, 25.312609955040475], [127.7837002270846, 25.31248774490672], [127.81462584570309, 25.29463536267939], [127.8244965120623, 25.28579381382786], [127.84555146432157, 25.259550798559637], [127.84737798790646, 25.257243123217876], [127.86608314858482, 25.228692432607893], [127.87647708294007, 25.20920408690069], [127.88119890629329, 25.20014174199791], [127.89020710577108, 25.171591051387928], [127.89436743977299, 25.143040360777942], [127.89421858157209, 25.114489670167963], [127.88939376715004, 25.085938979557977], [127.87812570265213, 25.05738828894799], [127.87647708294007, 25.054819385722624], [127.86320275192139, 25.028837598338008], [127.84555146432159, 25.002407491881858], [127.84401969599729, 25.00028690772802], [127.82141411135264, 24.97173621711804], [127.81462584570309, 24.963598728837745], [127.79544666835977, 24.943185526508056], [127.7837002270846, 24.930115850202007], [127.7663783431403, 24.914634835898074], [127.7527746084661, 24.902345477201084], [127.7294483982793, 24.886084145288095], [127.72184898984762, 24.879946901210836], [127.69092337122912, 24.86309385584969], [127.67701942869607, 24.857533454678105], [127.65999775261062, 24.846095177921814], [127.62907213399214, 24.83084125410678], [127.62493177845386, 24.828982764068122], [127.62907213399214, 24.824926624517435], [127.65999775261062, 24.804080546260018], [127.6858800044124, 24.80043207345814], [127.69092337122912, 24.799961655251273]]]}, "properties": {"fillColor": "#FF0000", "fillOpacity": 0.7, "color": "#000000", "weight": 0.2, "stroke": false}}, {"type": "Feature", "geometry": {"type": "Polygon", "coordinates": [[[127.35074156642571, 25.828159385357015], [127.3510227064391, 25.82825693541755], [127.3816671850442, 25.840525125933176], [127.4125928036627, 25.851996146139275], [127.4217290184627, 25.856807626027535], [127.44351842228119, 25.868318571525858], [127.47444404089968, 25.88486025660838], [127.47520475287354, 25.885358316637518], [127.50536965951818, 25.9039359258066], [127.5217161417453, 25.9139090072475], [127.53629527813666, 25.922838829323773], [127.56722089675516, 25.940483943956135], [127.5705283131945, 25.942459697857483], [127.59814651537364, 25.9599085940506], [127.61788311981897, 25.97101038846747], [127.62907213399214, 25.97967560159573], [127.65690491320048, 25.999561079077452], [127.65999775261062, 26.002996356872597], [127.68787797713448, 26.028111769687435], [127.69092337122912, 26.03272735860689], [127.71532362413592, 26.05666246029742], [127.70305875448189, 26.085213150907403], [127.69902613979264, 26.11376384151739], [127.71794809627636, 26.142314532127372], [127.72184898984762, 26.144356533281996], [127.75277460846608, 26.164319386380797], [127.76206807737977, 26.170865222737355], [127.7837002270846, 26.182929965603243], [127.81332549631408, 26.199415913347337], [127.81462584570309, 26.200260613655644], [127.84555146432156, 26.2172274872354], [127.87021849391166, 26.22796660395732], [127.87647708294007, 26.23116697815804], [127.90740270155855, 26.24289438020842], [127.93832832017705, 26.25067288013955], [127.96925393879553, 26.255066991757847], [127.98433669404108, 26.256517294567306], [128.00017955741404, 26.257781868269404], [128.03110517603253, 26.259373862562185], [128.062030794651, 26.259162690897128], [128.09295641326952, 26.259442901302435], [128.123882031888, 26.262056452791427], [128.15480765050648, 26.281527300578325], [128.16019503007888, 26.28506798517729], [128.15480765050648, 26.28795320017548], [128.123882031888, 26.303384159314533], [128.09295641326952, 26.312751898245715], [128.0902323840741, 26.31361867578727], [128.062030794651, 26.32290321268482], [128.03110517603253, 26.33174739092736], [128.00017955741404, 26.341152294193556], [127.99674378484123, 26.342169366397258], [127.96925393879553, 26.353743733294834], [127.93832832017705, 26.360932587214556], [127.90740270155857, 26.357821340440246], [127.87647708294006, 26.345940454341488], [127.87067911137974, 26.342169366397258], [127.84555146432157, 26.32912105512393], [127.81947598490362, 26.313618675787268], [127.81462584570309, 26.31136256034771], [127.78370022708458, 26.296485824424966], [127.75957152813088, 26.285067985177285], [127.7527746084661, 26.280392071914704], [127.72184898984762, 26.262163075414108], [127.71165866086372, 26.256517294567306], [127.69092337122912, 26.24547703774258], [127.66219915817717, 26.22796660395732], [127.65999775261062, 26.225413350459878], [127.64454003327121, 26.199415913347337], [127.64101823706781, 26.170865222737355], [127.64057288827726, 26.142314532127372], [127.62907213399214, 26.120351425035782], [127.62609670848228, 26.113763841517386], [127.59814651537363, 26.08979642820863], [127.5934406573142, 26.085213150907403], [127.56722089675515, 26.066412901223586], [127.55469030818412, 26.056662460297424], [127.53629527813666, 26.04751405935297], [127.50536965951818, 26.030830066098236], [127.50108782380399, 26.028111769687435], [127.47444404089968, 26.01169155882217], [127.45867560895815, 25.999561079077452], [127.44351842228119, 25.986215895684854], [127.42708508246785, 25.97101038846747], [127.4125928036627, 25.952766867586455], [127.40299536709065, 25.94245969785748], [127.38495188565567, 25.9139090072475], [127.38166718504421, 25.909856431870644], [127.36107337951435, 25.885358316637518], [127.35074156642571, 25.871211915341135], [127.33893557944478, 25.856807626027535], [127.34866401064605, 25.82825693541755], [127.35074156642571, 25.828159385357015]]]}, "properties": {"fillColor": "#FF0000", "fillOpacity": 0.7, "color": "#000000", "weight": 0.2, "stroke": false}}, {"type": "Feature", "geometry": {"type": "Polygon", "coordinates": [[[128.68054316702083, 25.957212413835727], [128.71146878563934, 25.947362265552886], [128.74239440425782, 25.966990526477137], [128.7434391190947, 25.97101038846747], [128.74239440425782, 25.97306423054507], [128.73221284048773, 25.999561079077452], [128.7172845042307, 26.028111769687435], [128.71146878563934, 26.03651596695997], [128.69899672443228, 26.05666246029742], [128.68054316702083, 26.084387082149174], [128.67994365286, 26.085213150907403], [128.65999552032798, 26.113763841517386], [128.64961754840232, 26.12783879023888], [128.63791145892463, 26.142314532127372], [128.61869192978386, 26.166788999328617], [128.6146906620804, 26.170865222737355], [128.58948323527318, 26.199415913347337], [128.58776631116535, 26.201331819729916], [128.5619555867392, 26.22796660395732], [128.55684069254687, 26.23337608897069], [128.53206675746134, 26.25651729456731], [128.5259150739284, 26.262435057652677], [128.49871496261602, 26.28506798517729], [128.49498945530988, 26.2881793560293], [128.4640638366914, 26.309220856829928], [128.457413491524, 26.31361867578727], [128.4331382180729, 26.32860229973644], [128.4127034396118, 26.342169366397258], [128.4022125994544, 26.348457586762578], [128.37128698083592, 26.367565172913732], [128.3665288007979, 26.37072005700724], [128.34036136221744, 26.385771380574035], [128.31472679628237, 26.399270747617223], [128.30943574359895, 26.401725248278847], [128.27851012498041, 26.413096023717706], [128.24758450636196, 26.421367245509703], [128.21665888774348, 26.427294753531918], [128.21151561925444, 26.427821438227205], [128.18573326912497, 26.42963545428747], [128.15480765050648, 26.430415489406297], [128.123882031888, 26.42809668084261], [128.12250936067593, 26.427821438227205], [128.09295641326952, 26.401509721993126], [128.09117236493228, 26.399270747617223], [128.09295641326952, 26.397479574175616], [128.11643110425578, 26.37072005700724], [128.123882031888, 26.3637018872981], [128.1513866638972, 26.342169366397258], [128.15480765050648, 26.33686995093891], [128.1839137162887, 26.31361867578727], [128.18573326912497, 26.310621022150556], [128.21123516059117, 26.285067985177285], [128.21665888774348, 26.282961732113467], [128.24758450636196, 26.2644274362434], [128.2596113314573, 26.25651729456731], [128.27851012498044, 26.247608958054254], [128.30743988285298, 26.22796660395732], [128.30943574359895, 26.226618562448536], [128.34036136221744, 26.205946744446926], [128.35153189283773, 26.199415913347337], [128.37128698083592, 26.18574652898617], [128.4022125994544, 26.175908343540655], [128.4331382180729, 26.171441708354394], [128.43585554068028, 26.170865222737355], [128.4640638366914, 26.161282398686517], [128.49010593057778, 26.142314532127372], [128.49498945530988, 26.136266061416013], [128.5062690216851, 26.113763841517386], [128.5182188217952, 26.085213150907403], [128.5259150739284, 26.075039508977014], [128.53833233088588, 26.05666246029742], [128.55684069254687, 26.04566714204564], [128.57554881263437, 26.028111769687435], [128.58776631116535, 26.020768638371628], [128.61289903412865, 25.999561079077452], [128.61869192978386, 25.99569637671549], [128.64961754840235, 25.972404833598986], [128.65209210923103, 25.97101038846747], [128.68054316702083, 25.957212413835727]]]}, "properties": {"fillColor": "#FF0000", "fillOpacity": 0.7, "color": "#000000", "weight": 0.2, "stroke": false}}, {"type": "Feature", "geometry": {"type": "Polygon", "coordinates": [[[126.97963414300382, 26.60325552942456], [127.01055976162232, 26.611338255607265], [127.01860384655294, 26.627676272497094], [127.0414853802408, 26.65566123999204], [127.04195398971082, 26.656226963107077], [127.04782371000171, 26.68477765371706], [127.0414853802408, 26.687783000548787], [127.01791263510145, 26.684777653717063], [127.01055976162232, 26.683080164866887], [126.98522918328108, 26.656226963107077], [126.97963414300382, 26.643812831061382], [126.97213208584836, 26.62767627249709], [126.97963414300382, 26.60325552942456]]]}, "properties": {"fillColor": "#FF0000", "fillOpacity": 0.7, "color": "#000000", "weight": 0.2, "stroke": false}}, {"type": "Feature", "geometry": {"type": "Polygon", "coordinates": [[[126.82500604991137, 29.005581726826126], [126.85593166852988, 29.00611844859153], [126.88685728714836, 29.0209892127053], [126.89296986642638, 29.02593428373572], [126.91778290576684, 29.040154331592316], [126.93637878748181, 29.054484974345705], [126.94870852438532, 29.064224177068773], [126.97269638951987, 29.083035664955688], [126.97783812327216, 29.11158635556567], [126.94870852438532, 29.129187899999664], [126.91778290576684, 29.129533006230737], [126.88685728714833, 29.120990391806437], [126.86956945702752, 29.11158635556567], [126.85593166852986, 29.105006094014158], [126.82586768812932, 29.083035664955688], [126.82500604991137, 29.081942261715966], [126.80279203756632, 29.0544849743457], [126.80152840277123, 29.02593428373572], [126.82500604991137, 29.005581726826126]]]}, "properties": {"fillColor": "#FF0000", "fillOpacity": 0.7, "color": "#000000", "weight": 0.2, "stroke": false}}]}