{"type": "FeatureCollection", "features": [{"type": "Feature", "geometry": {"type": "Polygon", "coordinates": [[[124.84576645832793, 5.69841673834156], [124.87669207694643, 5.686415056708494], [124.90219157513697, 5.700020055379074], [124.90761769556491, 5.700650386084282], [124.9385433141834, 5.701510058069759], [124.9694689328019, 5.70154784572146], [125.00039455142038, 5.701882074523998], [125.03132017003888, 5.703270242106166], [125.06224578865738, 5.7061389172326775], [125.09317140727586, 5.715275787667478], [125.10757227821165, 5.728570745989058], [125.12409702589437, 5.746779702197037], [125.13529901530818, 5.757121436599041], [125.14514002533565, 5.7856721272090255], [125.1487662592522, 5.814222817819009], [125.15072569915725, 5.8427735084289925], [125.1525810168018, 5.871324199038976], [125.15120937543765, 5.8998748896489595], [125.14956399226176, 5.928425580258944], [125.14881713759625, 5.956976270868927], [125.1541199155755, 5.985526961478911], [125.15502264451284, 5.989715236036764], [125.17135624516865, 6.014077652088894], [125.1740972799548, 6.042628342698878], [125.16173936686432, 6.071179033308862], [125.15502264451284, 6.077379946025797], [125.15229047681558, 6.099729723918845], [125.14893982786512, 6.128280414528829], [125.12791200982821, 6.156831105138813], [125.12409702589436, 6.160353117982628], [125.11891496046098, 6.185381795748796], [125.09317140727586, 6.212551911349555], [125.0920237074013, 6.213932486358781], [125.06224578865738, 6.241808499970097], [125.06053617013478, 6.242483176968763], [125.0313201700389, 6.263656405914125], [125.00039455142038, 6.266548684185846], [124.9694689328019, 6.267070429562242], [124.9385433141834, 6.26641052793961], [124.90761769556491, 6.262547725179297], [124.88575247417089, 6.242483176968763], [124.87669207694643, 6.236842910412513], [124.85197684638604, 6.213932486358781], [124.84576645832794, 6.194666107468725], [124.83775912715046, 6.213932486358781], [124.81484083970943, 6.235090767527253], [124.80573550957115, 6.242483176968763], [124.78391522109095, 6.262627779833602], [124.75298960247245, 6.270052111215384], [124.73805959182496, 6.271033867578748], [124.72206398385396, 6.2815617700129], [124.69113836523547, 6.287214414692805], [124.66021274661699, 6.286395175938793], [124.6292871279985, 6.284284776988661], [124.59836150938, 6.283900724128376], [124.56743589076152, 6.28472177245121], [124.53651027214302, 6.2854481192155], [124.51665054521479, 6.271033867578748], [124.50800193205515, 6.242483176968763], [124.50930728666997, 6.213932486358781], [124.51141211878463, 6.185381795748796], [124.51215744522356, 6.156831105138813], [124.5135176098055, 6.128280414528829], [124.51793123472689, 6.099729723918845], [124.53578673925183, 6.071179033308862], [124.53651027214302, 6.070373744928291], [124.53847654382118, 6.042628342698878], [124.5529281306368, 6.014077652088894], [124.56743589076152, 6.000684013116805], [124.59836150938, 5.985670089626582], [124.59869617661838, 5.985526961478911], [124.6292871279985, 5.959124068279049], [124.63442626517885, 5.956976270868927], [124.66021274661699, 5.933847991912719], [124.66869114879647, 5.928425580258944], [124.69113836523547, 5.907702194269108], [124.71644780955089, 5.8998748896489595], [124.72206398385397, 5.894690008566469], [124.75298960247245, 5.873667652103304], [124.75777305274778, 5.871324199038976], [124.78391522109095, 5.8471279715230695], [124.7872116417416, 5.8427735084289925], [124.78624520154364, 5.814222817819009], [124.78391522109095, 5.795573806338309], [124.7775753481591, 5.7856721272090255], [124.78110103096337, 5.75712143659904], [124.78391522109096, 5.753147141537549], [124.79288089381659, 5.728570745989058], [124.81484083970943, 5.70671105870916], [124.84227071962292, 5.700020055379074], [124.84576645832793, 5.69841673834156]]]}, "properties": {"fillColor": "#8A2BE2", "fillOpacity": 0.7, "color": "#000000", "weight": 0.2, "stroke": false}}, {"type": "Feature", "geometry": {"type": "Polygon", "coordinates": [[[124.91122753199642, 5.814222817819009], [124.90761769556491, 5.816156399973124], [124.88063140292084, 5.8427735084289925], [124.87669207694643, 5.847303944912814], [124.85619112424402, 5.871324199038976], [124.84576645832794, 5.883185849082538], [124.82772432055438, 5.8998748896489595], [124.81484083970946, 5.909243130373117], [124.78743255052123, 5.928425580258944], [124.78391522109095, 5.930113557331324], [124.75298960247245, 5.94571745101841], [124.73717916222697, 5.9569762708689264], [124.72206398385397, 5.9629185057748515], [124.69113836523547, 5.981132655066251], [124.68546555864576, 5.985526961478911], [124.66021274661699, 5.997177363255338], [124.63856034708948, 6.0140776520888934], [124.62928712799848, 6.022279036627513], [124.6081138421978, 6.042628342698878], [124.59836150938, 6.06884882353073], [124.59685543983647, 6.071179033308862], [124.58396770813218, 6.099729723918845], [124.58004363726651, 6.128280414528829], [124.58214314139639, 6.156831105138814], [124.59524679081466, 6.185381795748796], [124.59836150938, 6.189227398740674], [124.62875501489165, 6.213932486358781], [124.6292871279985, 6.214259922136617], [124.66021274661699, 6.224819465492962], [124.69113836523547, 6.223372350342769], [124.72165464874864, 6.213932486358781], [124.72206398385397, 6.213883234488446], [124.75298960247245, 6.205980689079944], [124.77972005027678, 6.185381795748796], [124.78391522109095, 6.181704613179635], [124.80744214241766, 6.156831105138813], [124.81484083970945, 6.145239362625507], [124.82842880561918, 6.128280414528829], [124.84091017577587, 6.099729723918845], [124.84576645832792, 6.08588619379272], [124.86013317800078, 6.071179033308862], [124.87669207694643, 6.050455823226287], [124.8872335376737, 6.042628342698878], [124.9076176955649, 6.035657378153041], [124.93854331418339, 6.029907171149739], [124.9694689328019, 6.028975994842186], [125.00039455142038, 6.0229798030131265], [125.00693842209407, 6.014077652088894], [125.03112020196052, 5.985526961478912], [125.03132017003888, 5.985203529435267], [125.04984945147808, 5.956976270868928], [125.05763823013083, 5.928425580258944], [125.06000167051738, 5.8998748896489595], [125.05732615022875, 5.871324199038976], [125.0483287127264, 5.8427735084289925], [125.03132017003888, 5.819421029009782], [125.02569586249513, 5.81422281781901], [125.00039455142038, 5.798033852926992], [124.9694689328019, 5.793721912419], [124.9385433141834, 5.798571079535282], [124.91122753199642, 5.814222817819009]]]}, "properties": {"fillColor": "#8A2BE2", "fillOpacity": 0.7, "color": "#000000", "weight": 0.2, "stroke": false}}, {"type": "Feature", "geometry": {"type": "Polygon", "coordinates": [[[124.9624942737687, 6.099729723918845], [124.9397998606193, 6.128280414528829], [124.9672074237683, 6.156831105138813], [124.9694689328019, 6.157675948376763], [124.97239302301702, 6.156831105138814], [125.00039455142038, 6.143133061298748], [125.01271549788872, 6.128280414528829], [125.0120921701267, 6.099729723918845], [125.00039455142038, 6.089783991625529], [124.9694689328019, 6.095194001594046], [124.9624942737687, 6.099729723918845]]]}, "properties": {"fillColor": "#8A2BE2", "fillOpacity": 0.7, "color": "#000000", "weight": 0.2, "stroke": false}}, {"type": "Feature", "geometry": {"type": "Polygon", "coordinates": [[[116.55770066857232, 6.031103876174739], [116.5886262871908, 6.0302361297314775], [116.60528924047892, 6.042628342698878], [116.61955190580929, 6.057801829517535], [116.63101462594327, 6.071179033308862], [116.63221175363972, 6.099729723918845], [116.61955190580929, 6.113512532771427], [116.60652565283351, 6.128280414528829], [116.58862628719079, 6.143178241649132], [116.55770066857231, 6.13573101594267], [116.549630304848, 6.128280414528829], [116.52677504995383, 6.105076204315622], [116.52098383404382, 6.099729723918846], [116.52109260106387, 6.071179033308862], [116.52677504995381, 6.06271901063792], [116.54042176625663, 6.042628342698878], [116.55770066857232, 6.031103876174739]]]}, "properties": {"fillColor": "#8A2BE2", "fillOpacity": 0.7, "color": "#000000", "weight": 0.2, "stroke": false}}, {"type": "Feature", "geometry": {"type": "Polygon", "coordinates": [[[125.6189069237902, 6.016608950198882], [125.6498325424087, 6.0236289391081534], [125.6807581610272, 6.025733126625613], [125.71168377964568, 6.034976450091748], [125.72281230093658, 6.042628342698878], [125.74260939826418, 6.044654957017134], [125.77353501688268, 6.047929430625011], [125.80446063550116, 6.054212907983558], [125.83538625411967, 6.0675520908167755], [125.8477618157238, 6.071179033308862], [125.86631187273814, 6.074084788062466], [125.89723749135663, 6.0847092636341955], [125.91258943783643, 6.099729723918845], [125.92555459415902, 6.128280414528829], [125.92523710754944, 6.156831105138812], [125.91802372811476, 6.185381795748796], [125.90834802095452, 6.213932486358781], [125.89723749135663, 6.23360213882655], [125.89603242899376, 6.242483176968763], [125.88900007946117, 6.271033867578748], [125.86989421606755, 6.299584558188731], [125.86631187273815, 6.303082870945126], [125.84802769431869, 6.328135248798715], [125.83538625411965, 6.339368598850319], [125.80446063550116, 6.356118846295028], [125.80224997537923, 6.356685939408698], [125.77353501688268, 6.373469604830634], [125.7426093982642, 6.376736965276665], [125.71168377964568, 6.369950567184001], [125.68621205471919, 6.385236630018682], [125.6807581610272, 6.3931554693948405], [125.67736045988573, 6.413787320628666], [125.6498325424087, 6.440850534665413], [125.64668499630363, 6.4423380112386495], [125.6189069237902, 6.46194528765561], [125.58798130517172, 6.465897279759019], [125.55705568655323, 6.466885231179261], [125.52613006793474, 6.466316368462935], [125.49520444931625, 6.4635036529411], [125.46427883069775, 6.453974641907572], [125.44663830456466, 6.4423380112386495], [125.43335321207928, 6.434014490584294], [125.41611694224582, 6.413787320628666], [125.40904977990881, 6.385236630018682], [125.40596947942538, 6.356685939408697], [125.40478183457085, 6.328135248798715], [125.40458247289857, 6.299584558188731], [125.40406637872154, 6.271033867578748], [125.40360733584853, 6.242483176968763], [125.40465443554102, 6.213932486358781], [125.41067567687776, 6.185381795748796], [125.43335321207927, 6.163546479824308], [125.44572830094256, 6.156831105138813], [125.46427883069775, 6.143075400725182], [125.49520444931625, 6.1331336175402145], [125.52613006793474, 6.13155611465889], [125.55705568655323, 6.131557138975145], [125.56908404100827, 6.128280414528829], [125.57573915383904, 6.099729723918845], [125.58262505842492, 6.071179033308862], [125.58798130517172, 6.0596244594481865], [125.59233532263343, 6.042628342698878], [125.6189069237902, 6.016608950198882]]]}, "properties": {"fillColor": "#8A2BE2", "fillOpacity": 0.7, "color": "#000000", "weight": 0.2, "stroke": false}}, {"type": "Feature", "geometry": {"type": "Polygon", "coordinates": [[[125.68962589333454, 6.156831105138813], [125.68075816102719, 6.160271491685243], [125.65425966663187, 6.185381795748796], [125.6498325424087, 6.1935480838744175], [125.6189069237902, 6.210077344635583], [125.58798130517172, 6.203260336704343], [125.55705568655323, 6.2081859262852115], [125.54353998950958, 6.213932486358781], [125.52613006793476, 6.219723376771391], [125.50013208148548, 6.242483176968763], [125.49520444931625, 6.251267607668175], [125.48343326307162, 6.271033867578748], [125.4779932742099, 6.299584558188731], [125.48224289207249, 6.328135248798715], [125.49520444931625, 6.349174992333326], [125.50062388512487, 6.356685939408699], [125.52613006793474, 6.377038195558077], [125.55705568655321, 6.382376825944449], [125.58798130517172, 6.375275202414667], [125.60942407505615, 6.356685939408698], [125.6189069237902, 6.344064590662017], [125.62972741701489, 6.328135248798715], [125.64223674770261, 6.299584558188731], [125.6498325424087, 6.273675158019338], [125.65573199461868, 6.271033867578748], [125.6807581610272, 6.264060376517952], [125.71168377964568, 6.266455812144746], [125.7426093982642, 6.2581895667895076], [125.7615355344127, 6.242483176968763], [125.77353501688268, 6.217406044178927], [125.77500659104955, 6.213932486358781], [125.77353501688268, 6.203003756738918], [125.7710345152838, 6.185381795748796], [125.74355269811872, 6.156831105138813], [125.74260939826418, 6.15621706677725], [125.71168377964568, 6.1499247115597555], [125.68962589333454, 6.156831105138813]]]}, "properties": {"fillColor": "#8A2BE2", "fillOpacity": 0.7, "color": "#000000", "weight": 0.2, "stroke": false}}, {"type": "Feature", "geometry": {"type": "Polygon", "coordinates": [[[125.09317140727586, 6.294851752093059], [125.12409702589436, 6.272675306363239], [125.15502264451284, 6.278750848471739], [125.1746724718374, 6.299584558188731], [125.18365411504905, 6.328135248798715], [125.18594826313134, 6.332271898873634], [125.20081243759506, 6.356685939408698], [125.21117433993966, 6.385236630018682], [125.21687388174982, 6.394683121862001], [125.2314090222309, 6.413787320628666], [125.2264002823214, 6.44233801123865], [125.21687388174982, 6.451919271283119], [125.19106098737687, 6.470888701848633], [125.18594826313134, 6.4747539025490575], [125.17542306830966, 6.470888701848633], [125.15502264451284, 6.465959345120771], [125.12945273060208, 6.4423380112386495], [125.12409702589436, 6.436500737310536], [125.10450264872266, 6.413787320628666], [125.10526724857712, 6.385236630018682], [125.10615880607152, 6.356685939408698], [125.09317140727586, 6.33384772815886], [125.08806861899814, 6.328135248798715], [125.08804491284849, 6.299584558188731], [125.09317140727586, 6.294851752093059]]]}, "properties": {"fillColor": "#8A2BE2", "fillOpacity": 0.7, "color": "#000000", "weight": 0.2, "stroke": false}}, {"type": "Feature", "geometry": {"type": "Polygon", "coordinates": [[[126.14464244030457, 6.482907131926011], [126.17556805892306, 6.495741209827038], [126.17957386695089, 6.499439392458617], [126.18778846662134, 6.5279900830686], [126.19322717818417, 6.556540773678584], [126.19787603165753, 6.585091464288567], [126.19900312131168, 6.613642154898551], [126.20649367754154, 6.641951290587264], [126.20675532569125, 6.642192845508535], [126.20649367754154, 6.64455108166101], [126.20581104218336, 6.670743536118518], [126.20649367754154, 6.680045733695051], [126.21156403216794, 6.699294226728503], [126.20649367754154, 6.710475642232306], [126.2021072593214, 6.727844917338485], [126.17556805892305, 6.753336512032716], [126.17090078628037, 6.75639560794847], [126.14464244030457, 6.772225317622691], [126.1267121819705, 6.75639560794847], [126.11371682168607, 6.733289305081529], [126.10829672610137, 6.727844917338485], [126.09601485430854, 6.699294226728503], [126.09138556885054, 6.670743536118518], [126.09138280260979, 6.642192845508534], [126.09615639206024, 6.613642154898551], [126.11085534767042, 6.585091464288567], [126.11256453636122, 6.5565407736785835], [126.10962729772699, 6.5279900830686], [126.11371682168607, 6.517665234484719], [126.11877531343231, 6.499439392458617], [126.14464244030457, 6.482907131926011]]]}, "properties": {"fillColor": "#8A2BE2", "fillOpacity": 0.7, "color": "#000000", "weight": 0.2, "stroke": false}}, {"type": "Feature", "geometry": {"type": "Polygon", "coordinates": [[[125.18594826313134, 6.850613861092235], [125.21687388174982, 6.846951224733187], [125.24779950036833, 6.847242140975299], [125.27872511898681, 6.852777247625919], [125.30088082273149, 6.870598370388404], [125.3096507376053, 6.871499115526526], [125.34057635622379, 6.87597421246822], [125.37004720899888, 6.899149060998388], [125.37150197484229, 6.899215248427686], [125.40242759346077, 6.900604762429281], [125.43335321207927, 6.914677599237287], [125.44745858428624, 6.927699751608372], [125.45959674721462, 6.956250442218355], [125.46188765062918, 6.984801132828339], [125.46265097784638, 7.013351823438322], [125.46285768455469, 7.0419025140483065], [125.46273241947988, 7.070453204658289], [125.46211144439954, 7.0990038952682735], [125.46117264117592, 7.127554585878257], [125.45538481605489, 7.1561052764882405], [125.43335321207927, 7.17703331340965], [125.40242759346077, 7.1835017220074455], [125.37150197484229, 7.1836328995072725], [125.3405763562238, 7.182481457526999], [125.3096507376053, 7.176121666724944], [125.28770545705885, 7.1561052764882405], [125.27872511898681, 7.155948761399213], [125.25828807480565, 7.1561052764882405], [125.2477995003683, 7.165527420508737], [125.21687388174982, 7.171456888976953], [125.18594826313134, 7.174400096730036], [125.16679051700329, 7.184655967098225], [125.15502264451284, 7.192091692433882], [125.14100830385615, 7.184655967098225], [125.13658191341901, 7.1561052764882405], [125.15502264451284, 7.132606726547168], [125.1558226777195, 7.127554585878257], [125.15655534784649, 7.0990038952682735], [125.15573198029176, 7.070453204658289], [125.15525668458363, 7.0419025140483065], [125.15502264451284, 7.025404475032455], [125.14563335275008, 7.013351823438322], [125.13208609937519, 6.984801132828339], [125.13038157934449, 6.956250442218355], [125.13083868357516, 6.927699751608372], [125.13667010324158, 6.899149060998388], [125.15502264451285, 6.879916984779241], [125.16205701059971, 6.870598370388404], [125.18594826313134, 6.850613861092235]]]}, "properties": {"fillColor": "#8A2BE2", "fillOpacity": 0.7, "color": "#000000", "weight": 0.2, "stroke": false}}, {"type": "Feature", "geometry": {"type": "Polygon", "coordinates": [[[125.24220018126951, 6.927699751608371], [125.21687388174982, 6.943104820694288], [125.20585932036684, 6.956250442218355], [125.19454472994786, 6.984801132828339], [125.19297369460239, 7.013351823438322], [125.19509611407472, 7.0419025140483065], [125.20523550973465, 7.070453204658289], [125.21687388174982, 7.085389313233595], [125.22714327994531, 7.0990038952682735], [125.24779950036832, 7.115654595913325], [125.27872511898681, 7.124876328587478], [125.3096507376053, 7.126677246635911], [125.3405763562238, 7.125286862213651], [125.37150197484229, 7.114541672424273], [125.38800288432499, 7.0990038952682735], [125.39973341675478, 7.070453204658289], [125.40214552652907, 7.0419025140483065], [125.40137283980287, 7.013351823438322], [125.3967495558625, 6.984801132828339], [125.38139700609193, 6.956250442218355], [125.37150197484229, 6.946482402244001], [125.34057635622379, 6.928253174156158], [125.33775403490532, 6.927699751608372], [125.3096507376053, 6.917960824018097], [125.27872511898681, 6.916768937428252], [125.24779950036832, 6.924393091390236], [125.24220018126951, 6.927699751608371]]]}, "properties": {"fillColor": "#8A2BE2", "fillOpacity": 0.7, "color": "#000000", "weight": 0.2, "stroke": false}}, {"type": "Feature", "geometry": {"type": "Polygon", "coordinates": [[[122.06246078266375, 7.04948317500524], [122.09338640128222, 7.063542408693636], [122.10009306191724, 7.070453204658288], [122.11433576994965, 7.0990038952682735], [122.11005349027283, 7.127554585878257], [122.09338640128222, 7.1469822527109255], [122.06246078266372, 7.136007284874827], [122.05374497701925, 7.127554585878257], [122.03837474075499, 7.0990038952682735], [122.03973966122425, 7.070453204658289], [122.06246078266375, 7.04948317500524]]]}, "properties": {"fillColor": "#8A2BE2", "fillOpacity": 0.7, "color": "#000000", "weight": 0.2, "stroke": false}}, {"type": "Feature", "geometry": {"type": "Polygon", "coordinates": [[[126.23741929616003, 7.067428824891229], [126.26834491477854, 7.059157452297003], [126.29927053339702, 7.055376124860634], [126.30886036439915, 7.070453204658289], [126.30963596550728, 7.0990038952682735], [126.3301961520155, 7.125265836291628], [126.33711475348309, 7.127554585878258], [126.361121770634, 7.129285686987856], [126.3920473892525, 7.135595663397615], [126.41572883972452, 7.1561052764882405], [126.42297300787098, 7.1600204725560035], [126.45121011660815, 7.184655967098225], [126.45389862648946, 7.188470502403106], [126.47585357794976, 7.2132066577082075], [126.48148460200566, 7.241757348318192], [126.48289806861331, 7.270308038928175], [126.48341050928376, 7.298858729538159], [126.48352218926593, 7.327409420148142], [126.48307836740824, 7.355960110758126], [126.48066734699958, 7.38451080136811], [126.45389862648948, 7.41093447348327], [126.43796720149768, 7.413061491978093], [126.42297300787098, 7.4224232242933414], [126.42259617383894, 7.441612182588077], [126.4224112951892, 7.470162873198061], [126.42297300787098, 7.473420958720474], [126.44753011554548, 7.470162873198061], [126.45389862648946, 7.466325361408525], [126.46429170676815, 7.47016287319806], [126.48482424510797, 7.485714289840276], [126.49113598008302, 7.498713563808044], [126.49069931914082, 7.527264254418029], [126.49140044325392, 7.555814945028011], [126.48482424510796, 7.5765797348394335], [126.48433010486426, 7.584365635637996], [126.48028015734857, 7.612916326247979], [126.4597973913194, 7.641467016857963], [126.45389862648948, 7.649168581469473], [126.42297300787098, 7.669308605434746], [126.3920473892525, 7.669940063920944], [126.361121770634, 7.6601576006276915], [126.33019615201549, 7.64414626080707], [126.32729404090064, 7.641467016857963], [126.30908826254431, 7.612916326247979], [126.30849971223833, 7.584365635637996], [126.29927053339702, 7.5839661622921675], [126.26834491477852, 7.584095776013515], [126.23741929616003, 7.583895542194319], [126.20649367754154, 7.583666945471863], [126.19408424757728, 7.584365635637996], [126.17982986364132, 7.612916326247979], [126.19647442518092, 7.641467016857963], [126.20649367754154, 7.656075690308571], [126.21483317492422, 7.670017707467946], [126.22250875648902, 7.69856839807793], [126.21056737346338, 7.727119088687915], [126.20649367754154, 7.736681691996441], [126.20240428955316, 7.7556697792978975], [126.1973971879346, 7.784220469907881], [126.17745047902055, 7.8127711605178645], [126.17556805892305, 7.816384712998042], [126.14464244030457, 7.8359512694969835], [126.12814424366886, 7.8127711605178645], [126.12455714706917, 7.784220469907881], [126.12074211494578, 7.755669779297898], [126.12825189278942, 7.727119088687914], [126.13090888342612, 7.69856839807793], [126.13257639410739, 7.670017707467947], [126.14464244030457, 7.644814207027102], [126.14761931682537, 7.641467016857963], [126.17160275909, 7.612916326247979], [126.1452794789247, 7.584365635637996], [126.14464244030457, 7.584258071799024], [126.11551656665435, 7.555814945028011], [126.11371682168607, 7.544053989342015], [126.10527041812983, 7.527264254418029], [126.11371682168607, 7.513411053198611], [126.11411507690909, 7.498713563808044], [126.11434214498904, 7.470162873198061], [126.11375450739314, 7.441612182588077], [126.11371682168607, 7.440548276654573], [126.09174889843413, 7.413061491978093], [126.08650148868, 7.38451080136811], [126.08531573886104, 7.355960110758126], [126.08554944204644, 7.327409420148142], [126.08743496088132, 7.298858729538159], [126.0950325762783, 7.2703080389281745], [126.11371682168607, 7.252092445021489], [126.117126727475, 7.241757348318192], [126.11984143103649, 7.2132066577082075], [126.12394085986904, 7.184655967098225], [126.13730604358916, 7.1561052764882405], [126.14464244030457, 7.149332277202516], [126.16740089929833, 7.127554585878257], [126.17556805892303, 7.12001462198993], [126.19630947782002, 7.0990038952682735], [126.20649367754154, 7.089601789559527], [126.23414333984391, 7.07045320465829], [126.23741929616003, 7.067428824891229]]]}, "properties": {"fillColor": "#8A2BE2", "fillOpacity": 0.7, "color": "#000000", "weight": 0.2, "stroke": false}}, {"type": "Feature", "geometry": {"type": "Polygon", "coordinates": [[[126.26602274546156, 7.2132066577082075], [126.23741929616003, 7.227895253819533], [126.22168842910645, 7.241757348318192], [126.20649367754154, 7.258430645196411], [126.19644687800312, 7.270308038928175], [126.17913337531046, 7.298858729538159], [126.17556805892303, 7.309876372786967], [126.16543000298695, 7.327409420148143], [126.15531594524904, 7.355960110758126], [126.1514176476773, 7.38451080136811], [126.15053706521907, 7.413061491978093], [126.15270827317974, 7.441612182588077], [126.16228287492032, 7.470162873198061], [126.17556805892305, 7.490351049168757], [126.1801913268156, 7.498713563808045], [126.20649367754154, 7.521798928910718], [126.2205980851499, 7.527264254418029], [126.23741929616003, 7.537164182343191], [126.26834491477854, 7.543495703800936], [126.29927053339702, 7.5338794380380545], [126.31199637864995, 7.527264254418029], [126.3301961520155, 7.51998763614121], [126.35246172992323, 7.498713563808044], [126.361121770634, 7.478459039596837], [126.36596047965897, 7.47016287319806], [126.3801082251363, 7.441612182588077], [126.38757268907014, 7.413061491978093], [126.3920473892525, 7.387394032285101], [126.39392534182744, 7.38451080136811], [126.41219950973743, 7.355960110758126], [126.4177211575259, 7.327409420148142], [126.41639015498451, 7.298858729538159], [126.40877909876824, 7.2703080389281745], [126.3920473892525, 7.2474337310861285], [126.38714807042301, 7.241757348318192], [126.36112177063401, 7.22199614640526], [126.33551471213302, 7.2132066577082075], [126.3301961520155, 7.2107684216469226], [126.29927053339702, 7.202447119263926], [126.26834491477852, 7.211785818763036], [126.26602274546156, 7.2132066577082075]]]}, "properties": {"fillColor": "#8A2BE2", "fillOpacity": 0.7, "color": "#000000", "weight": 0.2, "stroke": false}}, {"type": "Feature", "geometry": {"type": "Polygon", "coordinates": [[[128.03110517603253, 7.310253819802885], [128.062030794651, 7.306388254963089], [128.09295641326952, 7.305856372919223], [128.123882031888, 7.308820690374614], [128.15029278461074, 7.327409420148142], [128.15480765050648, 7.3281650823154605], [128.18573326912497, 7.330428166531029], [128.21665888774348, 7.339322837997154], [128.23688666840025, 7.355960110758126], [128.24758450636196, 7.358532958517678], [128.27851012498044, 7.372034847109355], [128.29390746606032, 7.38451080136811], [128.30943574359895, 7.3869060549963566], [128.34036136221744, 7.394162580762415], [128.3664047223449, 7.413061491978093], [128.37128698083592, 7.413509913128174], [128.4022125994544, 7.415262415896088], [128.4331382180729, 7.419045136034699], [128.46382987226636, 7.441612182588077], [128.4640638366914, 7.441773949934647], [128.49291163104053, 7.470162873198061], [128.49498945530988, 7.487093920396056], [128.5011627581366, 7.498713563808044], [128.50733977043558, 7.527264254418029], [128.5055146305441, 7.555814945028011], [128.49498945530988, 7.577034287315281], [128.49466550026438, 7.584365635637996], [128.49296391434228, 7.612916326247979], [128.49498945530988, 7.618043271964982], [128.5234851679846, 7.641467016857963], [128.5259150739284, 7.6418697744003925], [128.55684069254687, 7.646712669904675], [128.5864014114104, 7.670017707467947], [128.58776631116535, 7.670472471643186], [128.61869192978386, 7.6831986955754275], [128.63654829193644, 7.69856839807793], [128.64961754840235, 7.708710199157605], [128.6694156326293, 7.727119088687914], [128.68049418723896, 7.7556697792978975], [128.68054316702083, 7.755924443237939], [128.70182516218478, 7.784220469907881], [128.70643548788664, 7.8127711605178645], [128.7068877067769, 7.841321851127848], [128.70452565306186, 7.869872541737832], [128.6957265276967, 7.898423232347815], [128.68054316702083, 7.920538499267941], [128.6798627830401, 7.926973922957799], [128.67277771044024, 7.955524613567783], [128.64961754840235, 7.978523164536902], [128.64456466099725, 7.984075304177766], [128.61869192978386, 8.007251745917591], [128.60056524947026, 8.01262599478775], [128.58776631116535, 8.022500633485043], [128.55684069254687, 8.035267555538582], [128.5259150739284, 8.03901603081926], [128.49498945530988, 8.04031302662148], [128.4640638366914, 8.040474277858971], [128.4331382180729, 8.039418482143692], [128.4022125994544, 8.036083236251228], [128.37128698083592, 8.023408972665798], [128.3582663068757, 8.01262599478775], [128.34036136221744, 8.008811396444049], [128.30943574359895, 7.990824525232739], [128.30146733248128, 7.984075304177766], [128.27851012498044, 7.979103035043543], [128.24758450636196, 7.973644798712873], [128.22429182157637, 7.955524613567784], [128.21665888774348, 7.954705666117096], [128.18573326912497, 7.953199567589014], [128.15480765050648, 7.949559484389638], [128.1240011896171, 7.926973922957799], [128.123882031888, 7.9269561102166], [128.09295641326952, 7.923600771660514], [128.062030794651, 7.919348109107022], [128.03110517603253, 7.9134374350571886], [128.01335502662835, 7.898423232347815], [128.00017955741404, 7.885210894159295], [127.98506633503692, 7.869872541737832], [127.97923097725814, 7.841321851127848], [127.97988295139331, 7.812771160517865], [127.99894753079913, 7.78422046990788], [128.00017955741404, 7.783083056582722], [128.00039664137825, 7.7556697792978975], [128.00029631022375, 7.727119088687914], [128.00017955741404, 7.717874491122853], [127.98143378986043, 7.69856839807793], [127.97326407054507, 7.670017707467947], [127.97187897281536, 7.641467016857963], [127.97198346360459, 7.612916326247979], [127.97335795173765, 7.584365635637996], [127.97783282943966, 7.555814945028011], [127.98064362128649, 7.527264254418029], [127.96925393879553, 7.518309541700617], [127.93832832017705, 7.50302292278022], [127.93424301775694, 7.498713563808044], [127.91969550043339, 7.47016287319806], [127.91879935837397, 7.441612182588077], [127.93109456831846, 7.413061491978093], [127.93832832017704, 7.405535805460425], [127.9530267957006, 7.38451080136811], [127.96925393879553, 7.361961498522914], [127.97266746191403, 7.355960110758126], [128.00017955741404, 7.327520606965684], [128.00035897836398, 7.327409420148142], [128.03110517603253, 7.310253819802885]]]}, "properties": {"fillColor": "#8A2BE2", "fillOpacity": 0.7, "color": "#000000", "weight": 0.2, "stroke": false}}, {"type": "Feature", "geometry": {"type": "Polygon", "coordinates": [[[128.24595846534632, 7.470162873198061], [128.21665888774348, 7.4879412434138946], [128.20735954976158, 7.498713563808044], [128.18573326912497, 7.522114288853581], [128.17933980837594, 7.527264254418029], [128.15480765050648, 7.536576596861649], [128.123882031888, 7.546526714928636], [128.10547452974416, 7.555814945028011], [128.09295641326952, 7.559739496937205], [128.062030794651, 7.5835778922459625], [128.06128863039456, 7.584365635637996], [128.040248303262, 7.612916326247979], [128.03382819729217, 7.641467016857962], [128.03169148999325, 7.670017707467947], [128.03163323040417, 7.69856839807793], [128.0329151050583, 7.727119088687913], [128.03580223217372, 7.755669779297898], [128.0419260899012, 7.784220469907881], [128.05800691870346, 7.8127711605178645], [128.062030794651, 7.8177276499145485], [128.08285347467563, 7.841321851127848], [128.09295641326952, 7.849399437104115], [128.123882031888, 7.865775376751829], [128.13932053227524, 7.869872541737832], [128.15480765050648, 7.877817839057995], [128.18573326912497, 7.886283395692409], [128.21665888774348, 7.8889077255729525], [128.24758450636196, 7.889780460414045], [128.27851012498044, 7.892013129392848], [128.30604053885696, 7.898423232347815], [128.30943574359895, 7.899791151523436], [128.34036136221744, 7.9160418997161806], [128.36446677423473, 7.926973922957799], [128.37128698083592, 7.93127290288642], [128.4022125994544, 7.947810272842379], [128.4263523523341, 7.955524613567783], [128.4331382180729, 7.958770030619176], [128.4640638366914, 7.96766221733802], [128.49498945530988, 7.966245559520049], [128.5259150739284, 7.95767306411549], [128.53031025124062, 7.955524613567783], [128.55684069254687, 7.945681754022621], [128.58085508136594, 7.926973922957799], [128.58776631116535, 7.91978334724397], [128.6052477180216, 7.898423232347815], [128.6157241642818, 7.869872541737832], [128.61869192978386, 7.843757253599594], [128.61922842049373, 7.841321851127848], [128.61869192978386, 7.837522122454328], [128.61702630773078, 7.8127711605178645], [128.60771055236398, 7.784220469907881], [128.58776631116535, 7.76010042000245], [128.58422793143873, 7.7556697792978975], [128.55684069254687, 7.731376778185437], [128.5508034340944, 7.727119088687914], [128.5259150739284, 7.7094902495479], [128.50145260981463, 7.69856839807793], [128.49498945530988, 7.6946520255308], [128.46406383669137, 7.678276027470922], [128.4474113625581, 7.670017707467947], [128.4331382180729, 7.657162058570375], [128.42353554229402, 7.641467016857963], [128.41873974624235, 7.612916326247978], [128.4193156197926, 7.584365635637996], [128.4168867764981, 7.555814945028011], [128.4044405692233, 7.527264254418029], [128.4022125994544, 7.5243304033732885], [128.37859092456515, 7.498713563808044], [128.37128698083592, 7.493333586369627], [128.34036136221744, 7.478292834717797], [128.30943574359895, 7.471084506218431], [128.30050206345575, 7.470162873198062], [128.27851012498044, 7.466054976427014], [128.24758450636196, 7.469368059766454], [128.24595846534632, 7.470162873198061]]]}, "properties": {"fillColor": "#8A2BE2", "fillOpacity": 0.7, "color": "#000000", "weight": 0.2, "stroke": false}}, {"type": "Feature", "geometry": {"type": "Polygon", "coordinates": [[[124.53651027214303, 7.344178736519375], [124.56743589076152, 7.33343992406987], [124.59836150938, 7.332500140874346], [124.62928712799848, 7.335662134745491], [124.66021274661699, 7.34015968579693], [124.69113836523547, 7.348334387162538], [124.70676185503527, 7.355960110758126], [124.72206398385397, 7.357322257454287], [124.75298960247245, 7.362191619152663], [124.78391522109095, 7.378569362033678], [124.79005028300084, 7.38451080136811], [124.80662362105056, 7.413061491978093], [124.81469110192562, 7.441612182588077], [124.81484083970946, 7.441888153342475], [124.84270123678867, 7.470162873198061], [124.84576645832793, 7.472685808687806], [124.87489504541286, 7.498713563808044], [124.87669207694643, 7.500134641087862], [124.9066897186688, 7.527264254418029], [124.90761769556491, 7.527888386069071], [124.9385433141834, 7.546749062386576], [124.94778404027167, 7.555814945028011], [124.9636838818224, 7.584365635637996], [124.96702403881686, 7.612916326247979], [124.96896378136128, 7.641467016857963], [124.9694689328019, 7.646015834794677], [125.00039455142038, 7.6531896640884], [125.0313201700389, 7.654679344898773], [125.06224578865738, 7.665361170903524], [125.06998388574345, 7.670017707467947], [125.09317140727586, 7.671998886638433], [125.12409702589436, 7.677981550215845], [125.15319735356505, 7.69856839807793], [125.15502264451284, 7.6993373728284284], [125.18594826313132, 7.722319717787051], [125.19114685941456, 7.727119088687913], [125.21292760841527, 7.7556697792978975], [125.21687388174982, 7.7815272022393165], [125.21852986409561, 7.784220469907881], [125.2303154231351, 7.812771160517864], [125.2345231448133, 7.841321851127848], [125.23523079492787, 7.869872541737832], [125.23479354758369, 7.898423232347815], [125.23433237196294, 7.926973922957799], [125.23096154924586, 7.955524613567782], [125.21687388174982, 7.983090842367172], [125.21684643931704, 7.984075304177766], [125.2157764100782, 8.01262599478775], [125.21413139357902, 8.041176685397733], [125.2063435957551, 8.069727376007718], [125.18594826313134, 8.089501600655522], [125.18441361272906, 8.098278066617702], [125.18427620536065, 8.126828757227685], [125.18594826313134, 8.13262524315762], [125.20302650682154, 8.126828757227685], [125.2168738817498, 8.122087989598862], [125.24779950036832, 8.106683599104972], [125.27191249020436, 8.126828757227685], [125.27872511898681, 8.146178690597282], [125.28398686436624, 8.155379447837667], [125.3096507376053, 8.162803197754835], [125.34057635622379, 8.15589411426143], [125.34088182854933, 8.155379447837667], [125.366303695489, 8.126828757227685], [125.37150197484229, 8.12202967891817], [125.40242759346077, 8.101722519596086], [125.43335321207927, 8.098666870182669], [125.44622675900655, 8.098278066617702], [125.46427883069775, 8.093230718925826], [125.49520444931625, 8.097525990860795], [125.4966578394795, 8.098278066617702], [125.52613006793476, 8.10063470616427], [125.55705568655323, 8.113928703747899], [125.57073343396368, 8.126828757227685], [125.58640477568053, 8.155379447837667], [125.58798130517172, 8.17953417759653], [125.5897838462108, 8.183930138447652], [125.59158485521036, 8.212480829057636], [125.58798130517172, 8.225306168462556], [125.58761786192034, 8.241031519667619], [125.58603382194336, 8.269582210277603], [125.57948209524201, 8.298132900887587], [125.55705568655321, 8.320648626890613], [125.55027211752657, 8.32668359149757], [125.52613006793474, 8.346187559798079], [125.51251674794666, 8.355234282107554], [125.50433624775494, 8.383784972717539], [125.49520444931625, 8.394476285113388], [125.4885769565764, 8.412335663327521], [125.46427883069775, 8.43761592138684], [125.46225424711176, 8.440886353937504], [125.45487956036962, 8.469437044547488], [125.45011917916567, 8.497987735157473], [125.44789085615298, 8.526538425767455], [125.4454898435927, 8.555089116377442], [125.44156113554362, 8.583639806987424], [125.43335321207927, 8.607604886848293], [125.43286708452784, 8.612190497597407], [125.42508104444606, 8.64074118820739], [125.40242759346077, 8.66074823217301], [125.37558009022334, 8.669291878817374], [125.3715019748423, 8.671743291759961], [125.3405763562238, 8.669888392968463], [125.33973011425387, 8.669291878817374], [125.3096507376053, 8.666330588010506], [125.27872511898681, 8.664653580997939], [125.24779950036832, 8.66041560954158], [125.21687388174982, 8.651850783278313], [125.20844989989848, 8.669291878817374], [125.1925964514949, 8.697842569427358], [125.18594826313134, 8.70526760687423], [125.18297901099878, 8.72639326003734], [125.1682365209293, 8.754943950647325], [125.15502264451283, 8.768646295278106], [125.13963767617604, 8.78349464125731], [125.12409702589434, 8.796329028428076], [125.09317140727586, 8.806391027137117], [125.06224578865738, 8.809666563487571], [125.03132017003888, 8.81068765921779], [125.00039455142038, 8.809409810968203], [124.9694689328019, 8.798669931039653], [124.95102084643595, 8.78349464125731], [124.93854331418339, 8.775389117908588], [124.9184401578006, 8.754943950647325], [124.91153196740001, 8.72639326003734], [124.90986631114363, 8.697842569427358], [124.90939274814507, 8.669291878817374], [124.90942909305537, 8.64074118820739], [124.90998544050396, 8.612190497597407], [124.91178897535261, 8.583639806987424], [124.91905240394715, 8.55508911637744], [124.9385433141834, 8.53368372821468], [124.94504954073147, 8.526538425767455], [124.9694689328019, 8.507093209494098], [124.99130095205768, 8.497987735157473], [125.00039455142037, 8.489592477324859], [125.00741084848318, 8.469437044547488], [125.03132017003888, 8.444407526461662], [125.03263135515888, 8.440886353937504], [125.04204210622316, 8.412335663327521], [125.06224578865738, 8.391966724150253], [125.06602776299142, 8.383784972717539], [125.09317140727586, 8.35856675856653], [125.09725069807263, 8.355234282107554], [125.12409702589436, 8.331397064632169], [125.14746603754335, 8.32668359149757], [125.15502264451283, 8.32006003097936], [125.18594826313134, 8.307683066747824], [125.21687388174982, 8.303428564377283], [125.23175969419243, 8.298132900887587], [125.24137075041348, 8.269582210277603], [125.24779950036832, 8.251152755672793], [125.24892191441127, 8.241031519667619], [125.24991183943123, 8.212480829057636], [125.24779950036833, 8.207710532665388], [125.21687388174982, 8.20281422124965], [125.18594826313134, 8.202798310389396], [125.15502264451284, 8.20018505831397], [125.12409702589437, 8.20017612170846], [125.09317140727586, 8.208283880439797], [125.08732628461541, 8.212480829057636], [125.06224578865738, 8.236228749791623], [125.03132017003888, 8.240941238150016], [125.02799907375112, 8.241031519667619], [125.00039455142038, 8.252962931822372], [124.9694689328019, 8.253946929189995], [124.93854331418342, 8.253500770788536], [124.90761769556491, 8.251519836895678], [124.87669207694643, 8.248764017943902], [124.84576645832793, 8.249097926321804], [124.82747583539062, 8.241031519667619], [124.81484083970945, 8.23929335052072], [124.78986685594765, 8.212480829057636], [124.78584217841043, 8.183930138447652], [124.78459220166124, 8.155379447837667], [124.78412233410285, 8.126828757227685], [124.78391522109095, 8.10612531124767], [124.78130210847816, 8.098278066617702], [124.78391522109095, 8.076533559012464], [124.78396447371404, 8.069727376007718], [124.78391522109095, 8.06675315126984], [124.77776124941256, 8.041176685397733], [124.75298960247247, 8.029172156685602], [124.7350670835589, 8.01262599478775], [124.72611449471253, 7.984075304177766], [124.72219893878703, 7.955524613567783], [124.72206398385397, 7.9553550280999215], [124.72184004598643, 7.955524613567783], [124.69113836523547, 7.981837571545496], [124.66021274661699, 7.983442914217408], [124.64546875191992, 7.984075304177766], [124.62928712799848, 7.995673564001892], [124.59836150938, 8.002340849517447], [124.56743589076152, 8.003913954394843], [124.53651027214302, 8.002491292215254], [124.50558465352454, 7.996993284205576], [124.47465903490604, 7.995880739674232], [124.46767766802306, 7.984075304177766], [124.46538386298926, 7.955524613567782], [124.46667006228401, 7.926973922957799], [124.47465903490604, 7.916398050406981], [124.4755597647444, 7.898423232347815], [124.47620098399187, 7.869872541737832], [124.4770042815889, 7.841321851127848], [124.48073867441917, 7.8127711605178645], [124.50558465352452, 7.787775912829799], [124.50584130506232, 7.784220469907881], [124.50631654599786, 7.7556697792978975], [124.50558465352452, 7.7388220409256885], [124.47908859270265, 7.727119088687914], [124.47465903490604, 7.723202030035067], [124.47269242698303, 7.727119088687914], [124.46686078242438, 7.7556697792978975], [124.44373341628754, 7.77422252623981], [124.41280779766906, 7.782498259458479], [124.38188217905056, 7.779514839004845], [124.35095656043208, 7.7746441655140694], [124.32003094181358, 7.760354934262733], [124.29282003765643, 7.755669779297898], [124.28910532319509, 7.754916838524536], [124.2581797045766, 7.754451173402543], [124.24663268269808, 7.755669779297897], [124.22725408595811, 7.757766124464576], [124.20114003016506, 7.7556697792978975], [124.19632846733961, 7.755419590701119], [124.16540284872114, 7.728097236583821], [124.16457859550121, 7.727119088687914], [124.1523842092387, 7.69856839807793], [124.15499676251649, 7.670017707467947], [124.16540284872113, 7.656070510972088], [124.19632846733961, 7.648648660775997], [124.22725408595812, 7.661144890471005], [124.2394275180514, 7.670017707467947], [124.2581797045766, 7.68195657709888], [124.28910532319509, 7.683865881007524], [124.3122777382172, 7.670017707467947], [124.32003094181358, 7.664408777885688], [124.35095656043208, 7.654313865855808], [124.38188217905056, 7.653347588675125], [124.41280779766905, 7.6613580483805706], [124.42219241379655, 7.670017707467947], [124.44373341628753, 7.688103316749697], [124.44543870071101, 7.670017707467947], [124.44389894621622, 7.641467016857963], [124.44373341628754, 7.638084661103664], [124.42445680945173, 7.612916326247978], [124.42102292188545, 7.584365635637996], [124.42342983341065, 7.555814945028011], [124.43539684357148, 7.527264254418029], [124.44373341628753, 7.516424776521612], [124.44598365509535, 7.498713563808044], [124.45197475011568, 7.470162873198062], [124.45841733308109, 7.441612182588077], [124.47266242944386, 7.413061491978093], [124.47465903490604, 7.411108466204575], [124.4877301793205, 7.38451080136811], [124.50558465352452, 7.3612278610866415], [124.51519720786878, 7.355960110758126], [124.53651027214303, 7.344178736519375]]]}, "properties": {"fillColor": "#8A2BE2", "fillOpacity": 0.7, "color": "#000000", "weight": 0.2, "stroke": false}}, {"type": "Feature", "geometry": {"type": "Polygon", "coordinates": [[[124.59365160154275, 7.470162873198061], [124.56890333061313, 7.498713563808044], [124.56743589076152, 7.500300303720506], [124.54424172443517, 7.5272642544180295], [124.536510272143, 7.533414537082139], [124.51625143782212, 7.555814945028011], [124.50558465352452, 7.577444992533861], [124.50207974866161, 7.584365635637996], [124.49614332001421, 7.612916326247979], [124.50005755597971, 7.641467016857963], [124.50558465352452, 7.652387953205755], [124.50954672019901, 7.670017707467947], [124.52341843235367, 7.69856839807793], [124.536510272143, 7.713912716946663], [124.54437963997988, 7.727119088687914], [124.55369855914378, 7.755669779297898], [124.54796933859659, 7.784220469907881], [124.54188146115865, 7.8127711605178645], [124.53905919952355, 7.841321851127848], [124.53881667801156, 7.869872541737832], [124.54523482634184, 7.898423232347815], [124.56743589076152, 7.921583444591288], [124.58298337574377, 7.926973922957799], [124.59836150938, 7.933265540803509], [124.6292871279985, 7.934382711562779], [124.65235283620608, 7.926973922957799], [124.66021274661698, 7.926115874164658], [124.69113836523547, 7.917669770647656], [124.714045388984, 7.898423232347815], [124.72206398385397, 7.892500755196162], [124.75298960247245, 7.894505439280229], [124.75763709297652, 7.898423232347815], [124.77464968843802, 7.926973922957799], [124.78391522109095, 7.9431061956565525], [124.78902918748332, 7.955524613567784], [124.81286348826046, 7.984075304177766], [124.81484083970945, 7.985973574856518], [124.84576645832792, 8.01023881300635], [124.84952688808283, 8.01262599478775], [124.86185789702608, 8.041176685397733], [124.85452593235041, 8.06972737600772], [124.84714896399919, 8.098278066617702], [124.84576645832793, 8.119377353323706], [124.8445167202885, 8.126828757227685], [124.84576645832794, 8.131162150789851], [124.84937147849188, 8.155379447837667], [124.8713665849979, 8.183930138447652], [124.87669207694643, 8.188084698002882], [124.90761769556491, 8.203131328244627], [124.93854331418339, 8.206238183222323], [124.9694689328019, 8.204804563569079], [125.00039455142037, 8.198928621624344], [125.02815371256388, 8.183930138447652], [125.0313201700389, 8.182824824765998], [125.06224578865738, 8.160695322254297], [125.06838951006878, 8.155379447837667], [125.09317140727586, 8.128447311644981], [125.09476189646381, 8.126828757227685], [125.11655922986644, 8.098278066617702], [125.12409702589436, 8.077525272905092], [125.12913769600416, 8.069727376007718], [125.14173173965534, 8.041176685397733], [125.14792574151137, 8.01262599478775], [125.15087016508173, 7.984075304177766], [125.15144683367022, 7.955524613567783], [125.14995746878668, 7.926973922957799], [125.14717921861454, 7.898423232347815], [125.14316419566512, 7.869872541737832], [125.1359562970664, 7.841321851127848], [125.12409702589437, 7.817597124533333], [125.12204646861723, 7.812771160517864], [125.1003815872381, 7.784220469907881], [125.09317140727586, 7.777777134770802], [125.06224578865738, 7.7600075815288765], [125.04027509374265, 7.7556697792978975], [125.03132017003887, 7.753101218056265], [125.00039455142038, 7.753454099531373], [124.99348448094187, 7.7556697792978975], [124.9694689328019, 7.761064771389325], [124.9385433141834, 7.783489556812245], [124.93786485845845, 7.784220469907881], [124.90975853434234, 7.8127711605178645], [124.90761769556491, 7.814569159159142], [124.87669207694643, 7.81950980586782], [124.84679754344616, 7.8127711605178645], [124.84576645832793, 7.812207096379037], [124.8309677318083, 7.784220469907881], [124.84033492095666, 7.7556697792978975], [124.84576645832793, 7.748711776326821], [124.86742545657083, 7.727119088687914], [124.87669207694643, 7.704489356080404], [124.88050898073955, 7.69856839807793], [124.88597804293696, 7.670017707467947], [124.88315488149031, 7.641467016857963], [124.87669207694643, 7.628240034714656], [124.87051320681266, 7.612916326247978], [124.84576645832793, 7.58623727532316], [124.84351506795485, 7.584365635637996], [124.81484083970945, 7.561819827909025], [124.80592954579053, 7.555814945028011], [124.78391522109095, 7.537775097861673], [124.77147519846639, 7.527264254418029], [124.75298960247245, 7.509603384525933], [124.74197685196313, 7.498713563808044], [124.72206398385397, 7.4787020255423595], [124.7103846187578, 7.470162873198062], [124.69113836523547, 7.456604541331258], [124.66021274661698, 7.449136678971086], [124.6292871279985, 7.452525583396449], [124.59836150938, 7.466703793349598], [124.59365160154275, 7.470162873198061]]]}, "properties": {"fillColor": "#8A2BE2", "fillOpacity": 0.7, "color": "#000000", "weight": 0.2, "stroke": false}}, {"type": "Feature", "geometry": {"type": "Polygon", "coordinates": [[[125.1722101082232, 8.412335663327521], [125.15502264451285, 8.420968900131616], [125.13309988695656, 8.440886353937504], [125.12409702589437, 8.452789039980665], [125.11168336497559, 8.469437044547488], [125.09773509201732, 8.497987735157473], [125.09317140727586, 8.50945596020589], [125.08320233698353, 8.526538425767455], [125.06224578865738, 8.54624904464293], [125.04991015854009, 8.55508911637744], [125.03132017003888, 8.565621347099157], [125.01379952389897, 8.583639806987424], [125.00039455142038, 8.60788451621715], [124.99763069029163, 8.612190497597407], [124.98871181887108, 8.64074118820739], [124.99017920749641, 8.669291878817374], [125.00039455142038, 8.691330415055056], [125.00480057619478, 8.697842569427358], [125.03132017003887, 8.71638610751795], [125.06224578865736, 8.717012592718177], [125.09317140727586, 8.700823016001607], [125.09626314374212, 8.697842569427358], [125.11709249817963, 8.669291878817374], [125.12409702589436, 8.648725853602166], [125.12746196262844, 8.64074118820739], [125.13615560232304, 8.612190497597407], [125.15502264451284, 8.58595264509114], [125.15882894756857, 8.583639806987424], [125.18594826313132, 8.575406334774037], [125.21687388174982, 8.571413472256417], [125.24779950036832, 8.568752589227733], [125.27872511898681, 8.561811737430364], [125.29097161449613, 8.55508911637744], [125.3096507376053, 8.54033316889813], [125.32054206883535, 8.526538425767455], [125.33001817872449, 8.497987735157473], [125.33024266258559, 8.469437044547487], [125.32364672249994, 8.440886353937504], [125.3096507376053, 8.42146242108869], [125.2986436948553, 8.412335663327521], [125.27872511898681, 8.402196583396275], [125.24779950036833, 8.39665830709431], [125.21687388174983, 8.397510143684123], [125.18594826313134, 8.405033673354755], [125.1722101082232, 8.412335663327521]]]}, "properties": {"fillColor": "#8A2BE2", "fillOpacity": 0.7, "color": "#000000", "weight": 0.2, "stroke": false}}, {"type": "Feature", "geometry": {"type": "Polygon", "coordinates": [[[131.95865874058092, 7.799068023531092], [131.9895843591994, 7.791567846489213], [132.02050997781788, 7.790376733126571], [132.05143559643636, 7.791968063956931], [132.0823612150549, 7.799199972630202], [132.10057182821106, 7.8127711605178645], [132.11328683367336, 7.813470497415802], [132.14421245229184, 7.81579112257942], [132.17513807091035, 7.8314065112104085], [132.18848213565224, 7.841321851127848], [132.20606368952883, 7.843335776460352], [132.2365350847398, 7.869872541737832], [132.23698930814732, 7.870193839985742], [132.2679149267658, 7.888885456219887], [132.27762896007923, 7.898423232347815], [132.29368468816594, 7.926973922957799], [132.2977169061096, 7.955524613567783], [132.2986557699124, 7.984075304177766], [132.29882157940074, 8.01262599478775], [132.29829488997433, 8.041176685397733], [132.2953086655402, 8.069727376007718], [132.2772643452681, 8.098278066617702], [132.2679149267658, 8.106909497999407], [132.23698930814732, 8.124591622710216], [132.21244707821705, 8.126828757227685], [132.20606368952883, 8.130098711488419], [132.17513807091035, 8.136410501611671], [132.14421245229184, 8.13563397893634], [132.12144302823168, 8.126828757227685], [132.11328683367336, 8.126480306170254], [132.08236121505487, 8.121548847092729], [132.05143559643636, 8.100237546695432], [132.04931312120792, 8.098278066617702], [132.02050997781788, 8.080696810494429], [132.0086280744331, 8.069727376007718], [131.9895843591994, 8.061194272895797], [131.96585881834676, 8.041176685397733], [131.9586587405809, 8.036258501388915], [131.93374525553074, 8.01262599478775], [131.9277331219624, 7.9980603220900015], [131.91405926752745, 7.984075304177766], [131.90364142350597, 7.955524613567783], [131.90129093145956, 7.926973922957799], [131.9011842525531, 7.898423232347815], [131.90323746301686, 7.869872541737832], [131.9122435263526, 7.841321851127848], [131.9277331219624, 7.826135575707433], [131.94285486501718, 7.8127711605178645], [131.95865874058092, 7.799068023531092]]]}, "properties": {"fillColor": "#8A2BE2", "fillOpacity": 0.7, "color": "#000000", "weight": 0.2, "stroke": false}}, {"type": "Feature", "geometry": {"type": "Polygon", "coordinates": [[[132.0287318489865, 7.869872541737832], [132.02050997781788, 7.872553784946283], [131.9952811712576, 7.898423232347815], [131.99188002669473, 7.926973922957799], [131.99869037162398, 7.955524613567784], [132.02050997781788, 7.983745971012844], [132.02072049125954, 7.984075304177766], [132.05143559643636, 8.012134307830278], [132.05216908291484, 8.01262599478775], [132.08236121505487, 8.034461666083791], [132.10038968440296, 8.041176685397733], [132.11328683367336, 8.048349881097174], [132.14421245229184, 8.055631993261542], [132.17513807091035, 8.051351920624896], [132.1915883455377, 8.041176685397733], [132.20606368952883, 8.026417591140465], [132.21519625769253, 8.01262599478775], [132.2199504501662, 7.984075304177766], [132.21276160489523, 7.955524613567783], [132.20606368952883, 7.945199026515823], [132.1976459980321, 7.926973922957799], [132.17513807091035, 7.904046151434168], [132.1687072347693, 7.898423232347814], [132.14421245229187, 7.880949732051677], [132.11328683367336, 7.871404011553843], [132.1025467466905, 7.869872541737832], [132.08236121505487, 7.863953115854506], [132.05143559643636, 7.863058196443866], [132.0287318489865, 7.869872541737832]]]}, "properties": {"fillColor": "#8A2BE2", "fillOpacity": 0.7, "color": "#000000", "weight": 0.2, "stroke": false}}, {"type": "Feature", "geometry": {"type": "Polygon", "coordinates": [[[129.1444274462982, 8.112373236849972], [129.1753530649167, 8.110707574293409], [129.20627868353517, 8.11677274504326], [129.22291081773486, 8.126828757227685], [129.23720430215369, 8.128549078628408], [129.26812992077217, 8.134804079627587], [129.29633403489981, 8.155379447837667], [129.29905553939065, 8.155878710889178], [129.32998115800916, 8.160957559602423], [129.35810203636564, 8.183930138447652], [129.36090677662764, 8.18527878003222], [129.38959467198512, 8.212480829057636], [129.39183239524613, 8.215166736119935], [129.41847661174253, 8.241031519667619], [129.4227580138646, 8.245423359376042], [129.45274484363273, 8.269582210277603], [129.45368363248312, 8.270160136811949], [129.4846092511016, 8.28703751283284], [129.49662758523203, 8.298132900887587], [129.5155348697201, 8.314964521713607], [129.52822876520773, 8.32668359149757], [129.5464604883386, 8.354089249651592], [129.54770076786536, 8.355234282107553], [129.57738610695708, 8.382587393411534], [129.57877874018024, 8.383784972717539], [129.60831172557556, 8.38790014304236], [129.63923734419407, 8.387369531225737], [129.67016296281255, 8.390100324303992], [129.70108858143104, 8.409500057027458], [129.7041600615639, 8.412335663327521], [129.73201420004955, 8.41259918878348], [129.76293981866803, 8.412671977495144], [129.7938654372865, 8.4130643721897], [129.824791055905, 8.419310092015841], [129.84816209293234, 8.440886353937504], [129.8557166745235, 8.456134128010353], [129.87012616566196, 8.46943704454749], [129.8832399649135, 8.497987735157473], [129.8856783651075, 8.526538425767455], [129.886642293142, 8.531980262369592], [129.91167340764355, 8.55508911637744], [129.91756791176047, 8.558763345008382], [129.94451366891397, 8.583639806987424], [129.94849353037898, 8.588307464708704], [129.97436322217237, 8.612190497597407], [129.97941914899747, 8.623522893348191], [129.99806971081225, 8.64074118820739], [130.00592262790002, 8.669291878817374], [130.00943028443942, 8.697842569427358], [130.01028118072122, 8.72639326003734], [130.01026957485269, 8.754943950647327], [130.00948342911641, 8.78349464125731], [130.00682502361929, 8.812045331867292], [129.9921483974374, 8.840596022477277], [129.97941914899747, 8.856547703320711], [129.97256463051662, 8.869146713087261], [129.94849353037898, 8.891732517345874], [129.94212614436006, 8.897697403697244], [129.91756791176047, 8.916655659030193], [129.90711680170065, 8.926248094307226], [129.89861659683694, 8.95479878491721], [129.89615383076844, 8.983349475527195], [129.886642293142, 9.001570381887937], [129.88566986973612, 9.011900166137178], [129.87944263077335, 9.040450856747162], [129.85840682753988, 9.069001547357146], [129.8557166745235, 9.071485110496548], [129.82884919530574, 9.097552237967129], [129.824791055905, 9.101298733192074], [129.7938654372865, 9.122772849569015], [129.78150694616602, 9.126102928577112], [129.76293981866803, 9.138656421084452], [129.73201420004955, 9.14842163119808], [129.70108858143104, 9.153759296050566], [129.6838827651147, 9.154653619187094], [129.67016296281255, 9.158680569628114], [129.63923734419407, 9.163093647213397], [129.60831172557556, 9.165765662843185], [129.57738610695708, 9.168411223555061], [129.5464604883386, 9.170874424255276], [129.5155348697201, 9.172024927580505], [129.4846092511016, 9.169998131041066], [129.45368363248312, 9.158592595614707], [129.448193081987, 9.154653619187096], [129.4227580138646, 9.151994113962457], [129.39183239524613, 9.14087202237231], [129.3743717222664, 9.126102928577112], [129.36090677662764, 9.123545714502143], [129.3302339317806, 9.097552237967129], [129.32998115800916, 9.097479916196729], [129.29905553939065, 9.09013087441188], [129.27616861454928, 9.069001547357146], [129.26812992077217, 9.063826946047978], [129.24280934158256, 9.040450856747162], [129.23720430215369, 9.032618121987431], [129.21476296754878, 9.011900166137178], [129.20662296147552, 8.983349475527195], [129.20627868353517, 8.98178514698352], [129.17961337614113, 8.95479878491721], [129.17647284184326, 8.926248094307226], [129.1756452913468, 8.897697403697244], [129.1753530649167, 8.888792696313244], [129.15912297189584, 8.869146713087261], [129.15160851894197, 8.840596022477277], [129.14731787220296, 8.812045331867292], [129.1444274462982, 8.80530190756798], [129.12035972873764, 8.78349464125731], [129.11350182767973, 8.779329516426408], [129.08481708345832, 8.754943950647325], [129.08257620906122, 8.752190700842625], [129.05962061154491, 8.72639326003734], [129.0520942523651, 8.697842569427358], [129.05165059044273, 8.696049780958532], [129.0297957003227, 8.669291878817374], [129.0248840533439, 8.64074118820739], [129.02362336399395, 8.612190497597407], [129.02363034841613, 8.583639806987424], [129.02507258497275, 8.55508911637744], [129.0321549853621, 8.526538425767455], [129.05165059044273, 8.506597302729347], [129.05607928609356, 8.497987735157473], [129.08257620906122, 8.47343160541806], [129.0890462826592, 8.469437044547488], [129.11350182767973, 8.4483557256731], [129.1444274462982, 8.441448320419989], [129.14561251394264, 8.440886353937504], [129.1753530649167, 8.41409693627071], [129.18051819052042, 8.412335663327521], [129.20627868353517, 8.391041331748372], [129.23720430215369, 8.386307956092752], [129.26812992077217, 8.384732368539987], [129.27177018833373, 8.383784972717539], [129.26812992077217, 8.382152864279051], [129.23720430215369, 8.374603865183099], [129.20991343459198, 8.355234282107554], [129.20627868353517, 8.354189798582015], [129.1753530649167, 8.335748288393322], [129.16577075830438, 8.32668359149757], [129.1444274462982, 8.305814576759566], [129.13465873035463, 8.298132900887587], [129.11350182767973, 8.285346637456849], [129.0983016007116, 8.269582210277603], [129.08551947558692, 8.241031519667619], [129.08257620906122, 8.231204878324089], [129.06707090075156, 8.212480829057636], [129.06616608245187, 8.183930138447652], [129.08223734156948, 8.155379447837667], [129.08257620906122, 8.155066603621579], [129.11350182767973, 8.126830638726728], [129.1135088420835, 8.126828757227685], [129.1444274462982, 8.112373236849972]]]}, "properties": {"fillColor": "#8A2BE2", "fillOpacity": 0.7, "color": "#000000", "weight": 0.2, "stroke": false}}, {"type": "Feature", "geometry": {"type": "Polygon", "coordinates": [[[129.63741875439536, 8.469437044547488], [129.61916662785458, 8.497987735157473], [129.61552966237838, 8.526538425767455], [129.61577231074062, 8.55508911637744], [129.61225573655787, 8.583639806987424], [129.61546728559227, 8.612190497597407], [129.60831172557556, 8.639650000700074], [129.60666197818637, 8.64074118820739], [129.57738610695708, 8.6478007568586], [129.5464604883386, 8.655820306439672], [129.5175654440363, 8.669291878817374], [129.5155348697201, 8.669774755763044], [129.4846092511016, 8.680268785765609], [129.46104384411763, 8.697842569427358], [129.45368363248312, 8.70261021503261], [129.4271317098099, 8.72639326003734], [129.4227580138646, 8.730385177135311], [129.3931057036886, 8.754943950647325], [129.39183239524613, 8.755762176149082], [129.36090677662764, 8.75982710236108], [129.32998115800916, 8.757280611758432], [129.29905553939065, 8.756503126768441], [129.26812992077217, 8.762613851817548], [129.2446871443016, 8.78349464125731], [129.23720430215369, 8.801448486426775], [129.23273204698486, 8.812045331867292], [129.2254830323931, 8.840596022477277], [129.22265887409384, 8.869146713087261], [129.22495246172534, 8.897697403697244], [129.23594278855222, 8.926248094307226], [129.23720430215369, 8.92820346409424], [129.24487516223525, 8.954798784917209], [129.26677647282125, 8.983349475527195], [129.26812992077217, 8.984768680061409], [129.2908758999116, 9.011900166137178], [129.29905553939065, 9.019359292924383], [129.32998115800916, 9.03946774575093], [129.33232903244013, 9.040450856747162], [129.36090677662764, 9.059195874355346], [129.39183239524613, 9.067841977206916], [129.3991913148424, 9.069001547357146], [129.4227580138646, 9.077855780883828], [129.45368363248312, 9.081199279558845], [129.4846092511016, 9.078644762173326], [129.5155348697201, 9.070834464991815], [129.5218657145643, 9.069001547357146], [129.5464604883386, 9.064302402927007], [129.57738610695708, 9.059469727643915], [129.60831172557556, 9.055438479720145], [129.63923734419407, 9.050707705323246], [129.67016296281255, 9.043656424488418], [129.68116754885196, 9.040450856747162], [129.70108858143104, 9.036273656033242], [129.73201420004955, 9.022203542448702], [129.74530113602015, 9.011900166137178], [129.76134091001015, 8.983349475527195], [129.76082406197452, 8.95479878491721], [129.7545439910574, 8.926248094307226], [129.74989627198238, 8.897697403697244], [129.76293981866803, 8.887001494230928], [129.7938654372865, 8.873945800969253], [129.801520296742, 8.869146713087261], [129.824791055905, 8.862389934151555], [129.8557166745235, 8.841576889971575], [129.85689293754467, 8.840596022477277], [129.886642293142, 8.814470957459982], [129.8891511517663, 8.812045331867292], [129.90859632845684, 8.78349464125731], [129.91756791176047, 8.758316644110538], [129.91926279343997, 8.754943950647325], [129.92679465536256, 8.72639326003734], [129.92588243190963, 8.697842569427358], [129.91756791176047, 8.672675498409802], [129.91702366630182, 8.669291878817376], [129.90821621786603, 8.64074118820739], [129.8885407419683, 8.612190497597407], [129.886642293142, 8.61015909550298], [129.8729820809976, 8.583639806987424], [129.8557166745235, 8.563432251014158], [129.8528208111729, 8.55508911637744], [129.8437148914958, 8.526538425767455], [129.824791055905, 8.499013028646417], [129.82430208065458, 8.497987735157473], [129.80366025008107, 8.469437044547488], [129.7938654372865, 8.461293658165314], [129.76293981866803, 8.450003918766729], [129.73201420004955, 8.447001634666565], [129.70108858143104, 8.446346924416437], [129.67016296281255, 8.449688624511516], [129.63923734419407, 8.467688772212423], [129.63741875439536, 8.469437044547488]]]}, "properties": {"fillColor": "#8A2BE2", "fillOpacity": 0.7, "color": "#000000", "weight": 0.2, "stroke": false}}, {"type": "Feature", "geometry": {"type": "Polygon", "coordinates": [[[129.46287136094853, 8.497987735157473], [129.47210402959416, 8.526538425767455], [129.47352685380204, 8.55508911637744], [129.45368363248312, 8.57867583460801], [129.45044441152498, 8.583639806987424], [129.4227580138646, 8.607018776751879], [129.41403001323428, 8.612190497597407], [129.39183239524613, 8.625032751105135], [129.36090677662764, 8.631611996441551], [129.32998115800916, 8.639905833705974], [129.32847883150748, 8.64074118820739], [129.31911840702986, 8.669291878817374], [129.32998115800916, 8.676034926176408], [129.36090677662764, 8.684976388523074], [129.39183239524613, 8.674779823065883], [129.3985514972495, 8.669291878817374], [129.4227580138646, 8.647242944166964], [129.43806412171244, 8.64074118820739], [129.45368363248312, 8.627089337360578], [129.4846092511016, 8.614868104241884], [129.5155348697201, 8.612895196302771], [129.5262732754224, 8.612190497597407], [129.5464604883386, 8.5955554990782], [129.57738610695708, 8.586313864810933], [129.5776459343481, 8.583639806987424], [129.57781741340395, 8.55508911637744], [129.57759864783552, 8.526538425767455], [129.57738610695708, 8.520385157862975], [129.55540040472914, 8.497987735157473], [129.5464604883386, 8.478142036317777], [129.5155348697201, 8.490506042930972], [129.4846092511016, 8.493058981463802], [129.46287136094853, 8.497987735157473]]]}, "properties": {"fillColor": "#8A2BE2", "fillOpacity": 0.7, "color": "#000000", "weight": 0.2, "stroke": false}}, {"type": "Feature", "geometry": {"type": "Polygon", "coordinates": [[[129.1722971162002, 8.526538425767455], [129.1444274462982, 8.550456842862117], [129.14053610104207, 8.55508911637744], [129.12929560455086, 8.583639806987424], [129.13211339200802, 8.612190497597407], [129.1444274462982, 8.634389753623445], [129.15669399055142, 8.64074118820739], [129.1753530649167, 8.64891746494362], [129.18570262328709, 8.64074118820739], [129.20627868353517, 8.620378022500773], [129.21045661592888, 8.612190497597407], [129.22861730376957, 8.583639806987424], [129.23720430215369, 8.5701134099705], [129.24793953310493, 8.55508911637744], [129.25661616440672, 8.526538425767455], [129.23720430215369, 8.507297511893716], [129.20627868353517, 8.511040723483077], [129.1753530649167, 8.524354655190672], [129.1722971162002, 8.526538425767455]]]}, "properties": {"fillColor": "#8A2BE2", "fillOpacity": 0.7, "color": "#000000", "weight": 0.2, "stroke": false}}, {"type": "Feature", "geometry": {"type": "Polygon", "coordinates": [[[123.70151856944376, 8.169808833962286], [123.72915230314618, 8.183930138447652], [123.73244418806225, 8.186995264217023], [123.74766629527484, 8.212480829057636], [123.75748068393236, 8.241031519667619], [123.76024959209107, 8.269582210277603], [123.7561792188041, 8.298132900887587], [123.73244418806225, 8.318820071637862], [123.70151856944375, 8.326094399966292], [123.67059295082528, 8.311123887793265], [123.65768997129263, 8.298132900887587], [123.64951301547083, 8.269582210277603], [123.64975686967415, 8.241031519667619], [123.65559623207784, 8.212480829057636], [123.67059295082527, 8.196864052446125], [123.6843065930446, 8.183930138447652], [123.70151856944376, 8.169808833962286]]]}, "properties": {"fillColor": "#8A2BE2", "fillOpacity": 0.7, "color": "#000000", "weight": 0.2, "stroke": false}}, {"type": "Feature", "geometry": {"type": "Polygon", "coordinates": [[[132.9482785363726, 8.39515306074497], [132.9792041549911, 8.389213118233862], [133.0101297736096, 8.387454322918963], [133.0410553922281, 8.387100672108293], [133.07198101084657, 8.387731306030862], [133.10290662946508, 8.390416104123181], [133.1338322480836, 8.404996920111826], [133.14178144892526, 8.412335663327521], [133.16475786670205, 8.415759235844465], [133.19568348532056, 8.424180088540798], [133.2137794255994, 8.440886353937504], [133.22660910393904, 8.445562687966717], [133.25753472255752, 8.467484467408898], [133.25966726707162, 8.469437044547488], [133.2864711148768, 8.497987735157473], [133.288460341176, 8.507353018325862], [133.3007802109938, 8.526538425767455], [133.3078299796187, 8.55508911637744], [133.31938595979452, 8.567503556529152], [133.32432074966738, 8.55508911637744], [133.350311578413, 8.53043763506675], [133.36688602038475, 8.526538425767455], [133.38123719703148, 8.51637148853607], [133.41216281565, 8.502298793524522], [133.44308843426847, 8.499082062150794], [133.46053605500362, 8.497987735157473], [133.47401405288696, 8.489908027391477], [133.50493967150547, 8.479887549239987], [133.53586529012395, 8.4770828620964], [133.56679090874243, 8.477287779367002], [133.59771652736094, 8.480788456591624], [133.62864214597943, 8.49375179629467], [133.63485222765507, 8.497987735157473], [133.6595677645979, 8.501860280743339], [133.68924192080743, 8.526538425767455], [133.6904933832164, 8.527291793169544], [133.720620601075, 8.55508911637744], [133.7214190018349, 8.556232684598095], [133.74926261564417, 8.583639806987424], [133.75234462045339, 8.589049105280102], [133.78327023907187, 8.58874838339984], [133.81419585769038, 8.586861886565847], [133.84512147630886, 8.587897226938992], [133.87604709492734, 8.59372334903937], [133.90697271354583, 8.605935825083131], [133.91728761599143, 8.612190497597407], [133.93789833216434, 8.618065458005955], [133.96392884664704, 8.64074118820739], [133.96882395078282, 8.647116574835135], [133.98694474843415, 8.669291878817374], [133.99264202293494, 8.697842569427358], [133.99342365527284, 8.72639326003734], [133.99094429317626, 8.754943950647325], [133.97015775663607, 8.78349464125731], [133.96882395078282, 8.78472601770025], [133.9475379303513, 8.812045331867292], [133.93789833216434, 8.821030714892428], [133.90697271354583, 8.83793985951818], [133.87604709492734, 8.840075969195482], [133.84512147630886, 8.839250034721076], [133.81419585769038, 8.832865372735753], [133.78881407355996, 8.812045331867292], [133.78327023907187, 8.808652314757833], [133.75665035249284, 8.78349464125731], [133.75234462045339, 8.777864378591026], [133.7214190018349, 8.77131326012646], [133.70096137393224, 8.78349464125731], [133.6904933832164, 8.793158744275694], [133.6595677645979, 8.807553792756554], [133.65025081956566, 8.812045331867292], [133.62864214597943, 8.830576019578743], [133.59771652736094, 8.837549173936255], [133.56679090874243, 8.839846747587604], [133.53586529012395, 8.839756421006074], [133.50493967150547, 8.838075252187032], [133.47401405288696, 8.83453523566733], [133.44308843426847, 8.81822156604553], [133.43639844328703, 8.812045331867292], [133.41216281565, 8.806159678051678], [133.3823943202551, 8.78349464125731], [133.38123719703148, 8.783019610491802], [133.350311578413, 8.760734483578823], [133.3440393724099, 8.754943950647325], [133.32379419850145, 8.72639326003734], [133.31938595979452, 8.705430237427525], [133.31116712789367, 8.697842569427358], [133.29752070747676, 8.669291878817374], [133.29526067209926, 8.64074118820739], [133.28916594230054, 8.612190497597407], [133.288460341176, 8.610309324384978], [133.28814351354393, 8.612190497597407], [133.27364164694225, 8.64074118820739], [133.25753472255752, 8.65561118387215], [133.23385909876208, 8.669291878817374], [133.22660910393904, 8.675985111430446], [133.19568348532056, 8.687952095905889], [133.16475786670205, 8.68930445268046], [133.13383224808356, 8.683945697879004], [133.11182028184004, 8.669291878817374], [133.10290662946508, 8.667856932768094], [133.07198101084657, 8.65796123470263], [133.05332855168967, 8.64074118820739], [133.0410553922281, 8.634911803755955], [133.01298334045234, 8.612190497597407], [133.0101297736096, 8.609923490318183], [132.98182259917894, 8.583639806987424], [132.9792041549911, 8.580581354648913], [132.95328318248846, 8.55508911637744], [132.9482785363726, 8.545551948703181], [132.93009127229863, 8.526538425767455], [132.9218221526664, 8.497987735157473], [132.91735291775413, 8.47800999058318], [132.90910758084635, 8.469437044547488], [132.9090897492789, 8.440886353937504], [132.91735291775413, 8.432694977739699], [132.9289449057503, 8.412335663327521], [132.9482785363726, 8.39515306074497]]]}, "properties": {"fillColor": "#8A2BE2", "fillOpacity": 0.7, "color": "#000000", "weight": 0.2, "stroke": false}}, {"type": "Feature", "geometry": {"type": "Polygon", "coordinates": [[[133.1083815749088, 8.526538425767455], [133.12769805704974, 8.55508911637744], [133.13383224808356, 8.558454726273707], [133.15257803261153, 8.55508911637744], [133.14786368835223, 8.526538425767455], [133.13383224808356, 8.519312173709158], [133.1083815749088, 8.526538425767455]]]}, "properties": {"fillColor": "#8A2BE2", "fillOpacity": 0.7, "color": "#000000", "weight": 0.2, "stroke": false}}, {"type": "Feature", "geometry": {"type": "Polygon", "coordinates": [[[133.52035353600945, 8.55508911637744], [133.50493967150547, 8.556124282476564], [133.47401405288696, 8.561775572836215], [133.44308843426847, 8.572237648709539], [133.4245490610453, 8.583639806987424], [133.41216281565, 8.592164646976295], [133.39344551548072, 8.612190497597407], [133.38507818521794, 8.64074118820739], [133.38702595071356, 8.669291878817374], [133.4001693198465, 8.697842569427358], [133.41216281565, 8.710677926207914], [133.43197640571418, 8.72639326003734], [133.44308843426847, 8.73445461963717], [133.47401405288696, 8.747848722852044], [133.5049396715055, 8.75414366522356], [133.523647479172, 8.754943950647325], [133.53586529012395, 8.755943251748429], [133.53990062050627, 8.754943950647325], [133.56679090874243, 8.750385543771767], [133.59771652736094, 8.735671366453039], [133.6107083330534, 8.72639326003734], [133.62864214597943, 8.714851807024694], [133.64550891932086, 8.697842569427358], [133.65536355881395, 8.669291878817374], [133.654744767396, 8.64074118820739], [133.64516030239335, 8.612190497597407], [133.62864214597943, 8.591874783146451], [133.62091096751786, 8.583639806987424], [133.59771652736094, 8.56666594377505], [133.56679090874243, 8.556531807449048], [133.55018324558063, 8.55508911637744], [133.53586529012395, 8.553017647612236], [133.52035353600945, 8.55508911637744]]]}, "properties": {"fillColor": "#8A2BE2", "fillOpacity": 0.7, "color": "#000000", "weight": 0.2, "stroke": false}}, {"type": "Feature", "geometry": {"type": "Polygon", "coordinates": [[[136.72120400782853, 8.665490199461821], [136.72532192173352, 8.669291878817374], [136.75212962644702, 8.693766202681026], [136.75654507702467, 8.697842569427358], [136.75384010211215, 8.72639326003734], [136.75212962644702, 8.727972379993318], [136.72120400782853, 8.732574850834405], [136.69027838921005, 8.731472406909912], [136.67863261157922, 8.72639326003734], [136.67463277675802, 8.697842569427358], [136.69027838921005, 8.67610603575107], [136.70270043108155, 8.669291878817374], [136.72120400782853, 8.665490199461821]]]}, "properties": {"fillColor": "#8A2BE2", "fillOpacity": 0.7, "color": "#000000", "weight": 0.2, "stroke": false}}, {"type": "Feature", "geometry": {"type": "Polygon", "coordinates": [[[125.86631187273812, 9.028026528972154], [125.89723749135663, 9.025246305139763], [125.92816310997512, 9.03074849310425], [125.95908872859363, 9.037980976658455], [125.96466022838109, 9.040450856747162], [125.99001434721211, 9.045481762408444], [126.0209399658306, 9.055776366409182], [126.03914878758164, 9.069001547357146], [126.05186558444909, 9.082884593405863], [126.06528397895251, 9.097552237967129], [126.06800680751559, 9.126102928577112], [126.0518655844491, 9.147199203051127], [126.04789661820087, 9.154653619187096], [126.03654533205935, 9.18320430979708], [126.02093996583059, 9.19543584398242], [125.99001434721211, 9.206374379809906], [125.97663317080682, 9.211755000407063], [125.95908872859361, 9.222270896337662], [125.92816310997512, 9.2281581387725], [125.89723749135663, 9.239777719243293], [125.8966276324521, 9.240305691017047], [125.88719847577498, 9.268856381627032], [125.86857865084, 9.297407072237014], [125.86631187273815, 9.29949977347175], [125.83538625411964, 9.305984637758538], [125.8151073237866, 9.297407072237014], [125.80446063550116, 9.294904197383076], [125.77353501688269, 9.270377804929831], [125.77188703724316, 9.268856381627034], [125.76013635108387, 9.240305691017047], [125.76188122157356, 9.211755000407063], [125.76517569995008, 9.18320430979708], [125.76781585771766, 9.154653619187096], [125.77023402964846, 9.126102928577112], [125.77353501688268, 9.122507458138275], [125.79440964370278, 9.097552237967129], [125.80446063550116, 9.074878595259685], [125.80651344425608, 9.069001547357146], [125.83538625411965, 9.041654854833515], [125.83776154772083, 9.040450856747162], [125.86631187273812, 9.028026528972154]]]}, "properties": {"fillColor": "#8A2BE2", "fillOpacity": 0.7, "color": "#000000", "weight": 0.2, "stroke": false}}, {"type": "Feature", "geometry": {"type": "Polygon", "coordinates": [[[148.3801622269997, 9.380346983521633], [148.4110878456182, 9.357397350665522], [148.43131495057753, 9.383059144066966], [148.4360848267582, 9.411609834676948], [148.43829185296713, 9.440160525286933], [148.43946747825285, 9.468711215896917], [148.4401649150897, 9.4972619065069], [148.4406069191648, 9.525812597116884], [148.440897563182, 9.554363287726868], [148.4410938817316, 9.582913978336851], [148.4412296849464, 9.611464668946834], [148.44132554290167, 9.640015359556818], [148.441394047654, 9.668566050166802], [148.44143948340417, 9.697116740776785], [148.44201346423668, 9.697453502228328], [148.47257430862405, 9.72566743138677], [148.47259086827495, 9.754218121996754], [148.4726021269922, 9.782768812606736], [148.4726091860358, 9.81131950321672], [148.47261267713606, 9.839870193826705], [148.47261275943677, 9.868420884436688], [148.47260873271463, 9.89697157504667], [148.47259903131092, 9.925522265656655], [148.4725811557357, 9.95407295626664], [148.47255158463193, 9.982623646876622], [148.47250535176656, 10.011174337486606], [148.47243404186221, 10.03972502809659], [148.47232176932948, 10.068275718706573], [148.4729390828552, 10.068833578541426], [148.50326043726406, 10.096826409316556], [148.5030729207637, 10.12537709992654], [148.50282108939098, 10.153927790536525], [148.50251275889934, 10.182478481146507], [148.502165744372, 10.211029171756492], [148.50180117105208, 10.239579862366476], [148.50143996893775, 10.268130552976459], [148.5011000563766, 10.296681243586441], [148.5007981849268, 10.325231934196427], [148.50055206713785, 10.35378262480641], [148.50037846898877, 10.382333315416393], [148.5002814306982, 10.410884006026377], [148.50386470147367, 10.414661113090855], [148.53069902247162, 10.439434696636361], [148.53070161625965, 10.467985387246344], [148.53076566673946, 10.496536077856328], [148.53087613499957, 10.525086768466313], [148.53102073673224, 10.553637459076295], [148.531181714672, 10.582188149686278], [148.5313498407785, 10.610738840296262], [148.53152444857113, 10.639289530906247], [148.53170703333288, 10.66784022151623], [148.53189676703627, 10.696390912126214], [148.5320899919048, 10.724941602736198], [148.5322809204873, 10.75349229334618], [148.53244978631216, 10.782042983956163], [148.53479032009216, 10.783759709187802], [148.5638564113699, 10.81059367456615], [148.5640193510149, 10.839144365176132], [148.5641519316232, 10.867695055786115], [148.56425722082963, 10.896245746396099], [148.56433903911648, 10.924796437006083], [148.56439784229894, 10.953347127616066], [148.56442226622926, 10.98189781822605], [148.56439815221754, 11.010448508836035], [148.56431539969785, 11.038999199446017], [148.56416367497505, 11.067549890056], [148.56392978633738, 11.096100580665984], [148.56359672255743, 11.124651271275969], [148.56571593871064, 11.126418249130376], [148.5947275972089, 11.153201961885951], [148.5943134896915, 11.181752652495936], [148.59380224461697, 11.21030334310592], [148.593184862249, 11.238854033715903], [148.59244308805324, 11.267404724325885], [148.59154126474564, 11.295955414935872], [148.590428402275, 11.324506105545854], [148.58905881216424, 11.353056796155837], [148.58740431320956, 11.381607486765821], [148.5854926876515, 11.410158177375806], [148.58342798182676, 11.438708867985788], [148.5813622079916, 11.467259558595773], [148.5792696316741, 11.495810249205757], [148.59664155732915, 11.518318815350415], [148.60318628296864, 11.52436093981574], [148.59664155732915, 11.539789171163601], [148.58604397207907, 11.552911630425722], [148.57517769526768, 11.581462321035705], [148.57354354760304, 11.610013011645691], [148.56571593871064, 11.631853816073203], [148.55407348266104, 11.610013011645691], [148.54612653940916, 11.581462321035707], [148.53479032009216, 11.570472759362463], [148.52349415536366, 11.552911630425722], [148.51503253328787, 11.52436093981574], [148.50918928706272, 11.495810249205757], [148.50386470147367, 11.470235320819643], [148.50332803274907, 11.467259558595773], [148.49818154642037, 11.438708867985788], [148.49367852232027, 11.410158177375806], [148.49025276732988, 11.38160748676582], [148.4863089958787, 11.353056796155837], [148.4824129290863, 11.324506105545854], [148.478879549938, 11.295955414935872], [148.47570078313757, 11.267404724325885], [148.47293908285522, 11.240935309610228], [148.47237941812753, 11.238854033715903], [148.4651375843723, 11.21030334310592], [148.4593571588333, 11.181752652495938], [148.45480729729263, 11.153201961885951], [148.4514902142247, 11.124651271275969], [148.44924210398898, 11.096100580665983], [148.44777279843623, 11.067549890056], [148.44678983143856, 11.038999199446017], [148.4431625071089, 11.010448508836035], [148.44201346423668, 11.00275120085139], [148.42945196551364, 10.981897818226052], [148.42364915112574, 10.953347127616066], [148.4199870312299, 10.924796437006083], [148.41742679341723, 10.896245746396099], [148.4154355427506, 10.867695055786115], [148.41371981986407, 10.839144365176132], [148.41210462290525, 10.81059367456615], [148.4110878456182, 10.793432909689946], [148.40837929459943, 10.782042983956163], [148.4024334182635, 10.75349229334618], [148.39797954209536, 10.724941602736198], [148.39460563938962, 10.696390912126214], [148.39198210276004, 10.66784022151623], [148.3895835871089, 10.639289530906247], [148.38716755675316, 10.610738840296262], [148.38397800854855, 10.582188149686278], [148.3801622269997, 10.561195240773895], [148.3747367675748, 10.553637459076295], [148.36028201614533, 10.525086768466313], [148.35602293450492, 10.496536077856328], [148.35272631092326, 10.467985387246344], [148.34993459858651, 10.439434696636361], [148.3492366083812, 10.432044737021503], [148.34383192824322, 10.410884006026379], [148.33877812388377, 10.382333315416393], [148.33562972019604, 10.35378262480641], [148.33377621049812, 10.325231934196427], [148.3325499759007, 10.296681243586441], [148.33115996568478, 10.268130552976459], [148.32947363420783, 10.239579862366476], [148.32787294258756, 10.211029171756492], [148.32587265616627, 10.182478481146507], [148.32577173666027, 10.153927790536525], [148.32639330665774, 10.12537709992654], [148.3313944156982, 10.096826409316556], [148.32934633187884, 10.068275718706573], [148.3274406962319, 10.03972502809659], [148.32595893642485, 10.011174337486606], [148.32493657093914, 9.982623646876622], [148.32433800769752, 9.95407295626664], [148.32406876009418, 9.925522265656655], [148.32330155874905, 9.89697157504667], [148.3216745638462, 9.868420884436688], [148.3202337708298, 9.839870193826705], [148.31923722399756, 9.81131950321672], [148.31859559235875, 9.782768812606736], [148.31831098976272, 9.758852913035295], [148.31792997016237, 9.754218121996754], [148.31752961207332, 9.72566743138677], [148.31831098976272, 9.71021883353318], [148.3184153373877, 9.697116740776785], [148.31897384695034, 9.668566050166802], [148.32179931660377, 9.640015359556818], [148.32450607961704, 9.611464668946834], [148.3256031098468, 9.582913978336851], [148.32652955728184, 9.554363287726868], [148.32758294382757, 9.525812597116884], [148.33477551132566, 9.4972619065069], [148.34428739529324, 9.468711215896917], [148.3492366083812, 9.45287337916551], [148.3508301197619, 9.440160525286933], [148.36193569623447, 9.411609834676948], [148.3778688521171, 9.383059144066966], [148.3801622269997, 9.380346983521633]]]}, "properties": {"fillColor": "#8A2BE2", "fillOpacity": 0.7, "color": "#000000", "weight": 0.2, "stroke": false}}, {"type": "Feature", "geometry": {"type": "Polygon", "coordinates": [[[133.6904933832164, 9.596750106685914], [133.697387239204, 9.611464668946834], [133.6904933832164, 9.62025945453362], [133.67203171668675, 9.611464668946834], [133.6904933832164, 9.596750106685914]]]}, "properties": {"fillColor": "#8A2BE2", "fillOpacity": 0.7, "color": "#000000", "weight": 0.2, "stroke": false}}, {"type": "Feature", "geometry": {"type": "Polygon", "coordinates": [[[137.5252700919093, 10.209177503819408], [137.5561957105278, 10.190682236483937], [137.5871213291463, 10.190122096133663], [137.59705400883817, 10.21102917175649], [137.61619437867452, 10.239579862366476], [137.61804694776478, 10.24735270533161], [137.62118471688132, 10.268130552976459], [137.61804694776478, 10.272230474065077], [137.60185492075772, 10.296681243586441], [137.59762668290045, 10.325231934196427], [137.59119427639118, 10.35378262480641], [137.5871213291463, 10.356762559010427], [137.57854894705687, 10.35378262480641], [137.5561957105278, 10.341162272987809], [137.5419814986942, 10.325231934196427], [137.5332174475438, 10.296681243586441], [137.5252700919093, 10.284529285890212], [137.51514899321108, 10.268130552976459], [137.51486676755258, 10.239579862366476], [137.5236188491921, 10.211029171756492], [137.5252700919093, 10.209177503819408]]]}, "properties": {"fillColor": "#8A2BE2", "fillOpacity": 0.7, "color": "#000000", "weight": 0.2, "stroke": false}}, {"type": "Feature", "geometry": {"type": "Polygon", "coordinates": [[[125.09317140727586, 10.229442470319922], [125.12409702589436, 10.224977908543316], [125.15502264451285, 10.224779593657013], [125.18594826313134, 10.22867276249751], [125.21277919610418, 10.239579862366476], [125.21687388174982, 10.239810714498496], [125.24779950036833, 10.244015872224521], [125.27725248535097, 10.268130552976459], [125.27872511898681, 10.269407344325096], [125.30444531026744, 10.296681243586441], [125.30912096820295, 10.325231934196427], [125.3096507376053, 10.338298532820556], [125.31614656684125, 10.35378262480641], [125.32087533981306, 10.382333315416393], [125.32086397905093, 10.410884006026377], [125.31715843151534, 10.439434696636361], [125.3096507376053, 10.462720255069014], [125.3095349272993, 10.467985387246344], [125.30793792306, 10.496536077856328], [125.29889231839564, 10.525086768466313], [125.27872511898681, 10.544860909571613], [125.26115756475052, 10.553637459076295], [125.24779950036832, 10.563871859211694], [125.21687388174982, 10.574907775708269], [125.18820723297313, 10.582188149686276], [125.18594826313134, 10.584273642295042], [125.15502264451283, 10.598147913771138], [125.12409702589436, 10.602910999394052], [125.09317140727586, 10.604669841183087], [125.06224578865738, 10.604714822841583], [125.03132017003888, 10.604391790427062], [125.00039455142038, 10.597638233107414], [124.98365928592251, 10.582188149686278], [124.9694689328019, 10.560082268983182], [124.96248802519543, 10.553637459076295], [124.95082545922051, 10.525086768466313], [124.94835444058936, 10.496536077856328], [124.95029542764928, 10.467985387246344], [124.95616870478642, 10.439434696636361], [124.9694689328019, 10.415388714480224], [124.96958741212781, 10.410884006026377], [124.97064209968632, 10.382333315416393], [124.97175744861774, 10.35378262480641], [124.97770743502883, 10.325231934196427], [124.99284517860235, 10.296681243586441], [125.00039455142038, 10.28691828327711], [125.00863788115825, 10.268130552976459], [125.03132017003887, 10.250114912397203], [125.06224578865738, 10.240877625536852], [125.07511323660853, 10.239579862366476], [125.09317140727586, 10.229442470319922]]]}, "properties": {"fillColor": "#8A2BE2", "fillOpacity": 0.7, "color": "#000000", "weight": 0.2, "stroke": false}}, {"type": "Feature", "geometry": {"type": "Polygon", "coordinates": [[[125.08695373198103, 10.325231934196427], [125.06224578865738, 10.341764182487061], [125.05056057412028, 10.35378262480641], [125.03877316444968, 10.382333315416393], [125.03458498523428, 10.410884006026377], [125.03322274072009, 10.439434696636361], [125.03640001954629, 10.467985387246344], [125.05167661701174, 10.496536077856328], [125.06224578865738, 10.506708567276597], [125.09317140727585, 10.520911059645272], [125.12409702589436, 10.523128829604577], [125.15502264451284, 10.520929870738083], [125.18594826313134, 10.514851161198397], [125.20751485103992, 10.496536077856328], [125.21687388174982, 10.485272013284476], [125.23247364370076, 10.467985387246344], [125.24353195313014, 10.439434696636361], [125.24639770262219, 10.410884006026377], [125.2443822371788, 10.382333315416393], [125.23513504132124, 10.35378262480641], [125.21687388174982, 10.331861044697115], [125.20813868080911, 10.325231934196427], [125.18594826313134, 10.311377816364555], [125.15502264451285, 10.305140089683249], [125.12409702589437, 10.307234573093139], [125.09317140727586, 10.320456978000479], [125.08695373198103, 10.325231934196427]]]}, "properties": {"fillColor": "#8A2BE2", "fillOpacity": 0.7, "color": "#000000", "weight": 0.2, "stroke": false}}, {"type": "Feature", "geometry": {"type": "Polygon", "coordinates": [[[113.49606442534167, 10.378793082338637], [113.52699004396017, 10.373152453872626], [113.55791566257868, 10.381734494573045], [113.55875645860027, 10.382333315416393], [113.58884128119715, 10.398554955972674], [113.6011990382052, 10.410884006026377], [113.61892010437644, 10.439434696636361], [113.61976689981564, 10.44093935145124], [113.64036513740189, 10.467985387246344], [113.64983306637238, 10.49653607785633], [113.65069251843414, 10.498535083983619], [113.67360603833922, 10.525086768466313], [113.68161813705262, 10.551533603837926], [113.68335170989332, 10.553637459076295], [113.70219967826183, 10.582188149686278], [113.71251030677425, 10.610738840296262], [113.71254375567112, 10.610811732336936], [113.73576953279515, 10.639289530906247], [113.7434693742896, 10.65294611556293], [113.75766987846038, 10.66784022151623], [113.77257395556741, 10.696390912126214], [113.7743949929081, 10.701973481057927], [113.78775183125924, 10.724941602736198], [113.8004729987372, 10.75349229334618], [113.80461152923374, 10.782042983956163], [113.8053206115266, 10.784104592562874], [113.82331853272079, 10.81059367456615], [113.8287236594069, 10.839144365176132], [113.83624623014508, 10.859944302681136], [113.84385487586037, 10.867695055786115], [113.85319763252978, 10.896245746396099], [113.8624836406087, 10.924796437006083], [113.86573536276184, 10.953347127616066], [113.86717184876358, 10.972445125226955], [113.8697711460128, 10.98189781822605], [113.8836995853382, 11.010448508836035], [113.8867869413027, 11.038999199446017], [113.89050088860418, 11.067549890056], [113.89809746738206, 11.092357614267515], [113.90169010095268, 11.096100580665983], [113.91232311499658, 11.124651271275969], [113.92320188359233, 11.153201961885951], [113.92852676143725, 11.181752652495936], [113.92902308600056, 11.183008462433609], [113.94806229546788, 11.21030334310592], [113.95994870461905, 11.231794570774333], [113.966010509743, 11.238854033715903], [113.98939945386272, 11.267404724325885], [113.99087432323753, 11.268896271866991], [114.02179994185603, 11.289775849915813], [114.0326767023748, 11.295955414935872], [114.05272556047451, 11.303066235539216], [114.08365117909301, 11.303159763837616], [114.1145767977115, 11.297265790427561], [114.12961344799226, 11.295955414935872], [114.14550241632999, 11.292956215188953], [114.17642803494849, 11.289761003819594], [114.20735365356697, 11.281030841675603], [114.23827927218547, 11.284852372919694], [114.25084973264809, 11.295955414935872], [114.26920489080396, 11.302355375530997], [114.30013050942244, 11.315532253634947], [114.3098508319718, 11.324506105545854], [114.33105612804096, 11.341212780697372], [114.3463859915842, 11.353056796155837], [114.35451099123303, 11.381607486765821], [114.35276058706432, 11.410158177375806], [114.34349532166524, 11.438708867985788], [114.33105612804094, 11.450321157603167], [114.31486725093418, 11.46725955859577], [114.30013050942244, 11.480771197742435], [114.28080024736029, 11.495810249205757], [114.26920489080396, 11.50635832289002], [114.24146315971971, 11.52436093981574], [114.23827927218548, 11.527242973738318], [114.20735365356697, 11.547520146472152], [114.1933744100597, 11.552911630425722], [114.17642803494849, 11.56244394896242], [114.14550241632999, 11.580431484482547], [114.14372416727528, 11.581462321035707], [114.11457679771152, 11.602580578982607], [114.09997208841683, 11.610013011645691], [114.08365117909301, 11.62056570553094], [114.0527255604745, 11.6297479982891], [114.02878507906487, 11.638563702255674], [114.02179994185605, 11.642826779724214], [113.99087432323753, 11.651505768851406], [113.96384152875585, 11.667114392865658], [113.95994870461905, 11.67034260530406], [113.93847769187832, 11.695665083475642], [113.92902308600056, 11.708926988505247], [113.92385936713387, 11.724215774085625], [113.91091051703316, 11.752766464695608], [113.89809746738206, 11.779580675900874], [113.89780486784744, 11.781317155305594], [113.89527207933297, 11.809867845915576], [113.89369332725028, 11.838418536525559], [113.89809746738206, 11.852503821126614], [113.90980326542049, 11.866969227135545], [113.92902308600056, 11.894018642332721], [113.93064924179104, 11.89551991774553], [113.95994870461905, 11.91268944493607], [113.99087432323753, 11.921588188985897], [113.99807333242511, 11.92407060835551], [114.02179994185605, 11.928974294834564], [114.05272556047451, 11.944422910000716], [114.06623044668916, 11.952621298965495], [114.08365117909301, 11.95905074092043], [114.10874383618268, 11.98117198957548], [114.11457679771149, 11.985158643175511], [114.14550241632999, 12.003354650465338], [114.151950912236, 12.009722680185462], [114.17642803494849, 12.036999192207814], [114.17770127599884, 12.038273370795444], [114.20159727703256, 12.066824061405429], [114.20735365356697, 12.076714523446055], [114.22223003868953, 12.095374752015413], [114.22759094615557, 12.123925442625396], [114.23827927218547, 12.149611744511212], [114.2410347339644, 12.15247613323538], [114.248160412864, 12.181026823845365], [114.2531789023453, 12.209577514455347], [114.26920489080396, 12.236498682239123], [114.27096996199407, 12.238128205065331], [114.30013050942244, 12.259491173092258], [114.30950362629699, 12.266678895675314], [114.33105612804094, 12.284189354109026], [114.34181575907589, 12.295229586285298], [114.36198174665942, 12.320738319496154], [114.36502185469085, 12.323780276895281], [114.38070416610756, 12.352330967505265], [114.39001546090513, 12.38088165811525], [114.39290736527794, 12.409088556328465], [114.39302411638113, 12.409432348725234], [114.39290736527792, 12.410400497756646], [114.39198277582294, 12.437983039335217], [114.3884030573771, 12.4665337299452], [114.37251832942877, 12.495084420555184], [114.36198174665942, 12.509799419404409], [114.35651922944285, 12.52363511116517], [114.33105612804096, 12.548342814808947], [114.32754222940804, 12.552185801775149], [114.30013050942244, 12.578155818506335], [114.29765478797103, 12.580736492385135], [114.2808374175207, 12.609287182995118], [114.26920489080396, 12.621438630820535], [114.26084722092207, 12.637837873605102], [114.24456192595079, 12.666388564215087], [114.23827927218547, 12.673054443520316], [114.23195972932366, 12.69493925482507], [114.226119324367, 12.723489945435054], [114.2168149267412, 12.752040636045036], [114.20735365356697, 12.763155395546338], [114.20303465373962, 12.78059132665502], [114.19854945779957, 12.809142017265003], [114.19133517486605, 12.83769270787499], [114.17642803494849, 12.860750514457282], [114.1752757374577, 12.866243398484972], [114.16603482503766, 12.894794089094955], [114.14550241632999, 12.921139639156403], [114.1448706613455, 12.923344779704939], [114.13430350248353, 12.951895470314922], [114.11457679771149, 12.974092512782033], [114.11146418636734, 12.980446160924906], [114.08365117909301, 13.008308253539928], [114.08307249989215, 13.00899685153489], [114.05272556047451, 13.037235900419375], [114.05234634628064, 13.037547542144873], [114.02179994185603, 13.06455582274053], [114.01946191046478, 13.066098232754857], [113.99087432323753, 13.090681116722552], [113.98446286250105, 13.09464892336484], [113.95994870461905, 13.115501843688651], [113.94828014437903, 13.123199613974823], [113.92902308600057, 13.13966666871638], [113.91638794726276, 13.151750304584809], [113.89809746738206, 13.171127863308968], [113.88999987640629, 13.180300995194791], [113.86717184876358, 13.201493411476008], [113.85949165169828, 13.208851685804776], [113.8362462301451, 13.230473203057713], [113.82904355926563, 13.237402376414758], [113.8053206115266, 13.259399894532336], [113.79857649322086, 13.265953067024743], [113.7743949929081, 13.288178973426632], [113.7678673627072, 13.294503757634725], [113.7434693742896, 13.318633887294855], [113.73964024395525, 13.32305444824471], [113.71254375567113, 13.349094906437974], [113.71047530242322, 13.351605138854694], [113.68161813705262, 13.38012453248511], [113.68159475491052, 13.380155829464677], [113.66820651711184, 13.408706520074661], [113.65069251843414, 13.425827721824973], [113.64273546657138, 13.437257210684644], [113.61976689981566, 13.459719080404598], [113.6156058133939, 13.465807901294628], [113.59381718342757, 13.49435859190461], [113.58884128119715, 13.498913544483885], [113.56996689074842, 13.522909282514593], [113.55791566257867, 13.533949190782359], [113.55005790997897, 13.55145997312458], [113.52699004396017, 13.575179223485677], [113.52447457674853, 13.580010663734562], [113.5147828682954, 13.608561354344545], [113.49606442534167, 13.62600644291975], [113.49149675371318, 13.63711204495453], [113.48359868192185, 13.665662735564513], [113.46513880672319, 13.688773762140297], [113.46365678841576, 13.694213426174498], [113.45566524274628, 13.722764116784482], [113.4342131881047, 13.750782213105719], [113.43405852343544, 13.751314807394465], [113.42620709404974, 13.779865498004447], [113.4112481668198, 13.808416188614432], [113.4032875694862, 13.817703168074598], [113.39823304955969, 13.836966879224416], [113.38398682374093, 13.865517569834399], [113.37236195086771, 13.878411040027395], [113.36741463056651, 13.894068260444383], [113.35212029786899, 13.922618951054366], [113.3414363322492, 13.935587268669968], [113.33760217836164, 13.95116964166435], [113.31371337169136, 13.979720332274333], [113.31051071363073, 13.982806212230733], [113.30467068917226, 14.008271022884317], [113.27958509501224, 14.036815595373223], [113.27958257878522, 14.036821713494302], [113.27071076531635, 14.065372404104284], [113.24865947639375, 14.091188640826173], [113.24739760545813, 14.093923094714269], [113.22911535300142, 14.122473785324253], [113.21773385777526, 14.13298124041804], [113.20147390056447, 14.151024475934236], [113.18680823915676, 14.164563890185171], [113.16036553839677, 14.179575166544222], [113.15588262053828, 14.183713819432196], [113.12495700191977, 14.201502963708778], [113.0940313833013, 14.202800076213348], [113.0631057646828, 14.198626442960798], [113.0321801460643, 14.192344370823296], [113.01834876289425, 14.17957516654422], [113.00396936488289, 14.151024475934236], [113.0021348345412, 14.122473785324253], [113.00168776113932, 14.093923094714269], [113.00153592962023, 14.065372404104284], [113.00147386473681, 14.036821713494302], [113.00144529519824, 14.008271022884317], [113.00143031263912, 13.979720332274335], [113.00142154305574, 13.95116964166435], [113.0321801460643, 13.922773140726834], [113.0323251824945, 13.922618951054366], [113.03232235534531, 13.894068260444383], [113.03232041295867, 13.865517569834399], [113.0323191524055, 13.836966879224416], [113.0323184587324, 13.808416188614432], [113.03231826970982, 13.779865498004447], [113.03231854735344, 13.751314807394465], [113.03231923359537, 13.72276411678448], [113.0323202270772, 13.694213426174498], [113.03232139237612, 13.665662735564513], [113.0631057646828, 13.637242444278076], [113.0632364334604, 13.63711204495453], [113.06323811977607, 13.608561354344547], [113.06323933844061, 13.580010663734562], [113.06324045099664, 13.55145997312458], [113.06324149792017, 13.522909282514595], [113.06324247832816, 13.494358591904613], [113.06324330647945, 13.465807901294628], [113.06324387647457, 13.437257210684644], [113.06324412761705, 13.408706520074661], [113.06324402950882, 13.380155829464677], [113.0940313833013, 13.351732785655189], [113.09415949282723, 13.351605138854694], [113.09415926625118, 13.32305444824471], [113.09415828239673, 13.294503757634725], [113.0941569451904, 13.265953067024743], [113.09415517233327, 13.237402376414758], [113.09415291414172, 13.208851685804776], [113.0941504485407, 13.180300995194791], [113.09414863786823, 13.151750304584809], [113.0941478258822, 13.123199613974824], [113.09414615484368, 13.09464892336484], [113.12495700191978, 13.06620419043473], [113.12506038863661, 13.066098232754857], [113.12505667861454, 13.037547542144873], [113.12505306942882, 13.00899685153489], [113.12505037862293, 12.980446160924906], [113.12504870995161, 12.951895470314922], [113.12504779994642, 12.923344779704939], [113.12504729665343, 12.894794089094955], [113.12504695111016, 12.866243398484972], [113.12504664278663, 12.837692707874988], [113.12504639651806, 12.809142017265003], [113.12504629049162, 12.78059132665502], [113.15588262053828, 12.752123067715072], [113.15596552071595, 12.752040636045036], [113.15596559138596, 12.723489945435054], [113.1559657441451, 12.69493925482507], [113.15596602677064, 12.666388564215087], [113.15596642793336, 12.637837873605102], [113.15596683070484, 12.609287182995118], [113.15596725875609, 12.580736492385135], [113.15596773575547, 12.55218580177515], [113.15596821295405, 12.523635111165168], [113.15596870955275, 12.495084420555184], [113.18680823915676, 12.466613207767372], [113.18688768759553, 12.4665337299452], [113.18688848099549, 12.437983039335217], [113.18688921502519, 12.409432348725232], [113.1868900022277, 12.38088165811525], [113.18689086286425, 12.352330967505265], [113.18689176593865, 12.323780276895281], [113.18689264082477, 12.295229586285298], [113.18689350979079, 12.266678895675316], [113.18689440996616, 12.238128205065331], [113.18689534156107, 12.209577514455347], [113.18689627133004, 12.181026823845365], [113.21773385777526, 12.15255740499178], [113.21781575693949, 12.15247613323538], [113.21781654594126, 12.123925442625396], [113.21781731279776, 12.095374752015413], [113.21781808057801, 12.066824061405429], [113.21781885366532, 12.038273370795444], [113.21781963687295, 12.009722680185462], [113.21782044988396, 11.98117198957548], [113.2178213215325, 11.952621298965495], [113.21782226776803, 11.92407060835551], [113.2178233015954, 11.895519917745528], [113.24865947639375, 11.867051802131622], [113.24874271555655, 11.866969227135543], [113.24874389609006, 11.838418536525559], [113.24874505020351, 11.809867845915576], [113.24874630453303, 11.781317155305594], [113.24874765513913, 11.752766464695608], [113.24874910539894, 11.724215774085625], [113.24875065149698, 11.695665083475642], [113.24875226556972, 11.667114392865658], [113.24875391190696, 11.638563702255674], [113.24875553348045, 11.610013011645691], [113.27958509501224, 11.581551001433567], [113.27967394190657, 11.581462321035707], [113.27967544427491, 11.552911630425722], [113.27967652100205, 11.52436093981574], [113.27967751434315, 11.495810249205757], [113.2796784586362, 11.467259558595773], [113.27967942166364, 11.438708867985788], [113.27968049508674, 11.410158177375806], [113.27968175246897, 11.381607486765821], [113.27968325846265, 11.353056796155837], [113.2796850391932, 11.324506105545854], [113.27968709029152, 11.295955414935872], [113.31051071363073, 11.267498886893767], [113.31060617771035, 11.267404724325885], [113.31060864078259, 11.238854033715903], [113.31061132613843, 11.21030334310592], [113.31061444123002, 11.181752652495936], [113.3106180704283, 11.153201961885951], [113.31062230754755, 11.124651271275969], [113.31062724804136, 11.096100580665984], [113.31063299000078, 11.067549890056], [113.31063964955283, 11.038999199446017], [113.3106473744717, 11.010448508836035], [113.34143633224922, 10.982023984219266], [113.34156878240672, 10.98189781822605], [113.34157848219954, 10.953347127616066], [113.34158914479559, 10.924796437006083], [113.34160151861524, 10.896245746396099], [113.3416159692813, 10.867695055786115], [113.34163298490967, 10.839144365176132], [113.34165321166307, 10.81059367456615], [113.34167748764393, 10.782042983956163], [113.34170693840018, 10.75349229334618], [113.34174313546764, 10.724941602736198], [113.34178838668248, 10.696390912126214], [113.37236195086771, 10.668165239984777], [113.37272673022801, 10.66784022151623], [113.37279205894605, 10.639289530906247], [113.37287878693417, 10.610738840296262], [113.37300385341317, 10.582188149686278], [113.37320391096138, 10.553637459076295], [113.37357508774578, 10.525086768466313], [113.37440898220822, 10.496536077856328], [113.37682548740713, 10.467985387246344], [113.38692752898054, 10.439434696636361], [113.40328756948622, 10.422502088413061], [113.43421318810469, 10.415297120271555], [113.44270523936407, 10.410884006026377], [113.46513880672319, 10.39307757159078], [113.49132024293118, 10.382333315416393], [113.49606442534167, 10.378793082338637]]]}, "properties": {"fillColor": "#8A2BE2", "fillOpacity": 0.7, "color": "#000000", "weight": 0.2, "stroke": false}}, {"type": "Feature", "geometry": {"type": "Polygon", "coordinates": [[[113.41304027282717, 10.953347127616066], [113.40328756948622, 10.9632516358693], [113.39150511156812, 10.98189781822605], [113.37418831710671, 11.010448508836035], [113.37236195086771, 11.013563111396191], [113.35526187384289, 11.038999199446017], [113.34143633224922, 11.063362858406713], [113.34120208251444, 11.067549890056], [113.3397608506965, 11.096100580665984], [113.33852078675088, 11.124651271275969], [113.33745726982129, 11.153201961885951], [113.33654634104846, 11.181752652495936], [113.33576445306016, 11.21030334310592], [113.33509042874628, 11.238854033715903], [113.33447219761538, 11.267404724325885], [113.31051071363073, 11.291039528864019], [113.30518591011173, 11.295955414935872], [113.30467108443233, 11.324506105545854], [113.30422412106427, 11.353056796155837], [113.30384611665205, 11.38160748676582], [113.30353051371165, 11.410158177375806], [113.3032610845143, 11.438708867985788], [113.30301936462575, 11.467259558595773], [113.30278234706896, 11.495810249205757], [113.30253301845404, 11.52436093981574], [113.30226275994579, 11.552911630425722], [113.30188566548937, 11.581462321035707], [113.27958509501224, 11.603721100899092], [113.27276980515501, 11.610013011645691], [113.27236279020852, 11.638563702255674], [113.27194955956142, 11.667114392865656], [113.27154442730227, 11.695665083475642], [113.27115635669816, 11.724215774085625], [113.27079234148127, 11.752766464695608], [113.27045333935368, 11.781317155305594], [113.27013850264206, 11.809867845915576], [113.2698488201672, 11.838418536525559], [113.26955250625484, 11.866969227135543], [113.24865947639375, 11.887695551151278], [113.24018425663355, 11.895519917745528], [113.23992476596388, 11.92407060835551], [113.23968726084308, 11.952621298965493], [113.23946847705886, 11.98117198957548], [113.23926441129615, 12.009722680185462], [113.23906782618289, 12.038273370795444], [113.23887378126614, 12.066824061405427], [113.2386810684227, 12.095374752015413], [113.23848858743933, 12.123925442625396], [113.23829054799889, 12.15247613323538], [113.21773385777526, 12.172875344092096], [113.20890431464898, 12.181026823845365], [113.20867094263616, 12.209577514455347], [113.208437112317, 12.238128205065331], [113.20821116829916, 12.266678895675312], [113.20799305782363, 12.295229586285298], [113.20777346141264, 12.323780276895281], [113.20754678973765, 12.352330967505267], [113.20733076996405, 12.38088165811525], [113.20713318213335, 12.409432348725232], [113.20694894068097, 12.437983039335219], [113.20674979728577, 12.4665337299452], [113.18680823915676, 12.486482663310738], [113.17749096317124, 12.495084420555184], [113.1773663168953, 12.523635111165168], [113.1772465400509, 12.552185801775153], [113.17712681321109, 12.580736492385135], [113.17701937234753, 12.609287182995118], [113.17691827670447, 12.637837873605102], [113.1768175848593, 12.666388564215087], [113.17674664585122, 12.69493925482507], [113.17670830330468, 12.723489945435054], [113.17669056513489, 12.752040636045034], [113.15588262053828, 12.772730985224017], [113.14736843345163, 12.78059132665502], [113.14739504608508, 12.809142017265003], [113.14745685949832, 12.837692707874986], [113.14753424870663, 12.866243398484972], [113.14762098006494, 12.894794089094955], [113.1477473066063, 12.923344779704939], [113.14797571790879, 12.95189547031492], [113.1483945544094, 12.980446160924906], [113.14906994668857, 13.008996851534889], [113.14997585230427, 13.037547542144873], [113.15090706784343, 13.066098232754857], [113.12495700191978, 13.09269361040298], [113.12283904043981, 13.09464892336484], [113.12325847110613, 13.123199613974824], [113.12346227959799, 13.151750304584809], [113.12391675839059, 13.180300995194791], [113.12453562424501, 13.208851685804776], [113.12495700191978, 13.230176788481227], [113.12658212959506, 13.237402376414757], [113.13082342156812, 13.265953067024743], [113.13325668892934, 13.294503757634725], [113.13447118727663, 13.323054448244708], [113.13414473462319, 13.351605138854694], [113.13256240829097, 13.380155829464677], [113.13039866414657, 13.408706520074661], [113.12788861911747, 13.437257210684644], [113.12524489186822, 13.465807901294628], [113.12495700191977, 13.46868104600215], [113.12088696861619, 13.494358591904613], [113.11660440848382, 13.522909282514595], [113.11276319224768, 13.55145997312458], [113.10938421413078, 13.580010663734562], [113.10637258022535, 13.608561354344548], [113.10297035605447, 13.63711204495453], [113.09923880281707, 13.665662735564513], [113.09601383255172, 13.694213426174498], [113.0940313833013, 13.714963399944661], [113.09263924144045, 13.72276411678448], [113.08889370643894, 13.751314807394465], [113.08661933745866, 13.779865498004447], [113.0855315935482, 13.808416188614432], [113.0854104676013, 13.836966879224416], [113.08611442435985, 13.865517569834399], [113.0875847346465, 13.894068260444385], [113.08952307679219, 13.922618951054366], [113.09234494309923, 13.95116964166435], [113.09403138330131, 13.961738708048905], [113.09744876430344, 13.979720332274335], [113.11068618854404, 14.008271022884317], [113.12495700191978, 14.018808313958615], [113.13977483038141, 14.008271022884317], [113.15588262053828, 13.998174032811068], [113.1677583701623, 13.979720332274335], [113.18680823915676, 13.954732831852363], [113.18880849234928, 13.95116964166435], [113.20441648692719, 13.922618951054366], [113.21773385777526, 13.901891330320913], [113.22191547973894, 13.894068260444383], [113.23728325400421, 13.865517569834399], [113.24865947639375, 13.846885880289783], [113.25409459046539, 13.836966879224416], [113.26996725768555, 13.80841618861443], [113.27958509501224, 13.79263790031133], [113.28688203640735, 13.779865498004447], [113.30279909889404, 13.751314807394465], [113.31051071363073, 13.738149156852485], [113.31928046007056, 13.722764116784482], [113.33454183458161, 13.6942134261745], [113.34143633224922, 13.681195723643151], [113.35002922795422, 13.665662735564513], [113.36412256824153, 13.63711204495453], [113.37236195086771, 13.61904432692074], [113.37787460416676, 13.608561354344547], [113.39149280523284, 13.580010663734562], [113.40317134612866, 13.55145997312458], [113.40328756948621, 13.551166516326434], [113.41675763685305, 13.522909282514595], [113.42760947993277, 13.494358591904613], [113.43421318810469, 13.473612083952109], [113.437574651359, 13.465807901294628], [113.44846016767413, 13.437257210684644], [113.4573361945709, 13.408706520074661], [113.46467758949525, 13.380155829464677], [113.46513880672317, 13.378313049399999], [113.47509563415466, 13.351605138854694], [113.48419048458754, 13.323054448244708], [113.4921259202399, 13.294503757634725], [113.49606442534167, 13.279105000584586], [113.50131339906137, 13.265953067024743], [113.51109877981295, 13.237402376414758], [113.51873972296917, 13.208851685804774], [113.52492968431291, 13.18030099519479], [113.52699004396018, 13.169825778793248], [113.53288825916728, 13.151750304584809], [113.54048963115876, 13.123199613974824], [113.546356763606, 13.09464892336484], [113.55092203987212, 13.06609823275486], [113.55446365090184, 13.037547542144873], [113.55718008681315, 13.008996851534892], [113.55791566257867, 13.00111858578283], [113.56145287845459, 12.980446160924906], [113.56523931617124, 12.951895470314922], [113.56720819350669, 12.92334477970494], [113.56742698718958, 12.894794089094955], [113.56598234124122, 12.866243398484972], [113.56315962483802, 12.837692707874988], [113.55961220644544, 12.809142017265003], [113.55791566257867, 12.794536224398158], [113.5562039587188, 12.780591326655022], [113.5527344489874, 12.752040636045034], [113.54787331729521, 12.723489945435055], [113.53989655888009, 12.69493925482507], [113.52807524230532, 12.666388564215087], [113.52699004396017, 12.664012723020553], [113.50628603885866, 12.637837873605102], [113.49606442534167, 12.620448521517394], [113.48936363849553, 12.609287182995118], [113.48249043096212, 12.580736492385135], [113.48156028043877, 12.55218580177515], [113.4832792072519, 12.523635111165168], [113.4862863517777, 12.495084420555184], [113.49006276937766, 12.4665337299452], [113.49411728001742, 12.437983039335217], [113.49606442534167, 12.424806104151237], [113.49857227672256, 12.409432348725232], [113.50317109620447, 12.38088165811525], [113.50748587083069, 12.352330967505265], [113.51126759479368, 12.323780276895281], [113.51429845071249, 12.295229586285298], [113.51648602238193, 12.266678895675314], [113.51791205979328, 12.238128205065331], [113.51880226736318, 12.209577514455347], [113.51952013361004, 12.181026823845365], [113.52028361832222, 12.15247613323538], [113.52106098850825, 12.123925442625396], [113.52193465867273, 12.095374752015413], [113.52297501204951, 12.066824061405429], [113.5242487310976, 12.038273370795444], [113.52581332023594, 12.009722680185462], [113.52699004396018, 11.992078137753452], [113.52776049370829, 11.98117198957548], [113.5301289592669, 11.952621298965495], [113.53277800400939, 11.92407060835551], [113.53572502595544, 11.895519917745528], [113.5389502765508, 11.866969227135543], [113.54235550313646, 11.838418536525559], [113.54587822388163, 11.809867845915576], [113.54946680265354, 11.781317155305592], [113.55306382286771, 11.752766464695608], [113.55660739473633, 11.724215774085625], [113.55791566257867, 11.71323100450292], [113.56015566175641, 11.695665083475642], [113.56352814784168, 11.667114392865658], [113.56662863516723, 11.638563702255674], [113.5694829200306, 11.610013011645691], [113.5721068708194, 11.581462321035707], [113.57452877314242, 11.552911630425722], [113.57657998979994, 11.52436093981574], [113.57817183535212, 11.495810249205757], [113.57923679483457, 11.467259558595773], [113.57972878896621, 11.438708867985788], [113.57959926933609, 11.410158177375806], [113.57876120679873, 11.381607486765821], [113.57709786750743, 11.353056796155837], [113.57450652505362, 11.324506105545854], [113.57109266506701, 11.295955414935872], [113.56717184510325, 11.267404724325885], [113.56302163610282, 11.238854033715903], [113.5588445896549, 11.21030334310592], [113.55791566257867, 11.20386815187506], [113.55446003304802, 11.181752652495936], [113.5498792643153, 11.153201961885953], [113.5449205458364, 11.124651271275969], [113.53937557439357, 11.096100580665984], [113.53289652032231, 11.067549890056], [113.52699004396017, 11.044654969587839], [113.52521555796754, 11.038999199446017], [113.51527252924906, 11.010448508836035], [113.50386307805147, 10.98189781822605], [113.49606442534167, 10.96466449872252], [113.4872672073561, 10.953347127616066], [113.46513880672319, 10.929413625924523], [113.43421318810469, 10.931026259498717], [113.41304027282717, 10.953347127616066]]]}, "properties": {"fillColor": "#8A2BE2", "fillOpacity": 0.7, "color": "#000000", "weight": 0.2, "stroke": false}}, {"type": "Feature", "geometry": {"type": "Polygon", "coordinates": [[[124.78391522109095, 10.804721910115646], [124.81484083970946, 10.798416989071548], [124.84576645832794, 10.80137442548211], [124.86599195313187, 10.81059367456615], [124.87669207694643, 10.812447453423523], [124.90761769556491, 10.838703738018323], [124.9080589004469, 10.839144365176132], [124.92982375371103, 10.867695055786115], [124.93442881924557, 10.896245746396099], [124.93552756933023, 10.924796437006083], [124.93584324579129, 10.953347127616066], [124.93545464881872, 10.98189781822605], [124.93293083987793, 11.010448508836035], [124.90761769556491, 11.038169914688755], [124.90754871031662, 11.038999199446017], [124.90675523853477, 11.067549890056], [124.90528340322939, 11.096100580665984], [124.87669207694643, 11.123909924913766], [124.87661283868708, 11.124651271275969], [124.87577186130454, 11.153201961885951], [124.84576645832794, 11.180903104669273], [124.8453180049291, 11.181752652495936], [124.81484083970945, 11.209889328615175], [124.81253202296597, 11.21030334310592], [124.78391522109095, 11.236722522190414], [124.75298960247245, 11.237901208020714], [124.72206398385397, 11.238242125415324], [124.69919647117558, 11.238854033715903], [124.69113836523547, 11.245308676066989], [124.66021274661699, 11.25324558279021], [124.6292871279985, 11.245212473966937], [124.62022876226693, 11.238854033715903], [124.59844096775097, 11.21030334310592], [124.59836150938, 11.20983192239144], [124.58357090175352, 11.181752652495936], [124.57842333328952, 11.153201961885951], [124.57721722237233, 11.124651271275969], [124.57734629165269, 11.096100580665984], [124.57853711629903, 11.067549890056], [124.58444306674332, 11.038999199446017], [124.59836150938, 11.017223128210958], [124.59861500133437, 11.010448508836035], [124.6004163435874, 10.981897818226052], [124.60898187027247, 10.953347127616066], [124.6292871279985, 10.931768295733884], [124.63045571509086, 10.924796437006083], [124.63690680043138, 10.896245746396099], [124.66021274661699, 10.873235572900327], [124.66377541504619, 10.867695055786115], [124.69113836523547, 10.842091471468478], [124.69697249143269, 10.839144365176132], [124.72206398385397, 10.818106554855095], [124.75298960247245, 10.812910210745926], [124.77561712019401, 10.81059367456615], [124.78391522109095, 10.804721910115646]]]}, "properties": {"fillColor": "#8A2BE2", "fillOpacity": 0.7, "color": "#000000", "weight": 0.2, "stroke": false}}, {"type": "Feature", "geometry": {"type": "Polygon", "coordinates": [[[124.7266615222427, 10.924796437006085], [124.72206398385397, 10.927805585141996], [124.69771213045198, 10.953347127616066], [124.69113836523547, 10.961817292708124], [124.67589182546766, 10.98189781822605], [124.66219073404153, 11.010448508836035], [124.66021274661699, 11.016636783384342], [124.64899061105305, 11.038999199446017], [124.64263033453804, 11.067549890056], [124.64421623909132, 11.096100580665986], [124.65211726708853, 11.124651271275969], [124.66021274661699, 11.139369356460067], [124.66783685619794, 11.153201961885951], [124.69113836523547, 11.172842828172682], [124.72206398385397, 11.17996089490252], [124.75298960247245, 11.179431856621065], [124.78391522109095, 11.172295121215052], [124.81411363513962, 11.153201961885951], [124.81484083970943, 11.152610022141696], [124.83594741072582, 11.124651271275969], [124.84345305291797, 11.096100580665984], [124.84576645832793, 11.080802194084562], [124.85033809021016, 11.067549890056], [124.85674095963574, 11.038999199446017], [124.85917772012823, 11.010448508836035], [124.85801121009057, 10.98189781822605], [124.85061359145708, 10.953347127616066], [124.84576645832792, 10.943748994412076], [124.83403077355636, 10.924796437006083], [124.81484083970945, 10.9090331547192], [124.78391522109095, 10.901751885067522], [124.75298960247245, 10.907263370547534], [124.7266615222427, 10.924796437006085]]]}, "properties": {"fillColor": "#8A2BE2", "fillOpacity": 0.7, "color": "#000000", "weight": 0.2, "stroke": false}}, {"type": "Feature", "geometry": {"type": "Polygon", "coordinates": [[[122.21708887575619, 10.845912250153766], [122.24801449437467, 10.846447418420984], [122.27329507190211, 10.867695055786115], [122.27894011299317, 10.868109923308122], [122.30986573161167, 10.869786797914264], [122.34079135023015, 10.871651739723484], [122.37171696884865, 10.880516029225994], [122.38875512882959, 10.896245746396099], [122.40264258746714, 10.916914951227557], [122.41117967774854, 10.924796437006083], [122.4257311130085, 10.953347127616066], [122.42963211538527, 10.98189781822605], [122.43097542280687, 11.010448508836035], [122.43133234370575, 11.038999199446017], [122.43125849438461, 11.067549890056], [122.43063156333912, 11.096100580665983], [122.42929854205647, 11.124651271275969], [122.42587112102152, 11.153201961885951], [122.41656306987261, 11.181752652495936], [122.40264258746713, 11.199066109564072], [122.40152047429893, 11.21030334310592], [122.39269950584861, 11.238854033715903], [122.37171696884863, 11.25914783534788], [122.36385512248064, 11.267404724325885], [122.34079135023015, 11.287841685727777], [122.30986573161167, 11.294964012621936], [122.30194137648382, 11.295955414935872], [122.27894011299318, 11.314298332894957], [122.24801449437467, 11.320640261694209], [122.21708887575619, 11.322029152355118], [122.1861632571377, 11.32194445214779], [122.1552376385192, 11.322121319346538], [122.12431201990071, 11.318742943438975], [122.09902890158853, 11.295955414935872], [122.09338640128222, 11.286413697111245], [122.07601596166958, 11.267404724325885], [122.07198663925415, 11.238854033715903], [122.07613907915024, 11.21030334310592], [122.08382620317161, 11.181752652495936], [122.07797225139112, 11.153201961885951], [122.07108290108229, 11.124651271275969], [122.07018013334994, 11.096100580665986], [122.08743598516902, 11.067549890056], [122.09338640128222, 11.062056435210541], [122.09535151147186, 11.038999199446017], [122.10430695939854, 11.010448508836035], [122.12431201990071, 10.991979733802708], [122.12493390848748, 10.98189781822605], [122.12655325922735, 10.953347127616066], [122.13341085017807, 10.924796437006083], [122.1552376385192, 10.901401236984157], [122.15853705672524, 10.896245746396099], [122.18616325713768, 10.870979270754532], [122.19885555005916, 10.867695055786115], [122.21708887575619, 10.845912250153766]]]}, "properties": {"fillColor": "#8A2BE2", "fillOpacity": 0.7, "color": "#000000", "weight": 0.2, "stroke": false}}, {"type": "Feature", "geometry": {"type": "Polygon", "coordinates": [[[122.2092107154563, 10.953347127616066], [122.18616325713771, 10.973919297767695], [122.17935871848726, 10.98189781822605], [122.1623959594958, 11.010448508836035], [122.15589948338614, 11.03899919944602], [122.1552376385192, 11.041883657184341], [122.14140777698287, 11.067549890056], [122.13240306251234, 11.096100580665984], [122.13017489327524, 11.124651271275969], [122.13213102025769, 11.153201961885951], [122.1365261229956, 11.181752652495938], [122.14564666027235, 11.21030334310592], [122.1552376385192, 11.22424596499948], [122.17036907601798, 11.238854033715903], [122.18616325713771, 11.249261034793623], [122.21708887575618, 11.25594181897356], [122.24801449437467, 11.253178026772156], [122.27894011299317, 11.239998782765792], [122.2807398967579, 11.238854033715903], [122.30986573161167, 11.225070448303914], [122.32578590982449, 11.21030334310592], [122.34079135023015, 11.18418011216063], [122.34252114311698, 11.181752652495936], [122.35641824641476, 11.153201961885951], [122.36291416954688, 11.124651271275969], [122.36723731896996, 11.096100580665983], [122.36926088153763, 11.067549890055998], [122.36922980148405, 11.038999199446017], [122.36672001374161, 11.010448508836035], [122.3576128612855, 10.98189781822605], [122.34079135023015, 10.960321476251224], [122.33327522863766, 10.953347127616066], [122.30986573161167, 10.93727690864526], [122.27894011299317, 10.930919899079377], [122.24801449437467, 10.932783442492543], [122.21708887575619, 10.946640367850272], [122.2092107154563, 10.953347127616066]]]}, "properties": {"fillColor": "#8A2BE2", "fillOpacity": 0.7, "color": "#000000", "weight": 0.2, "stroke": false}}, {"type": "Feature", "geometry": {"type": "Polygon", "coordinates": [[[125.30965073760528, 11.05629799482606], [125.34057635622379, 11.055784458791816], [125.37150197484227, 11.06353391496572], [125.38116555287877, 11.067549890056], [125.40242759346077, 11.068348576755886], [125.43335321207927, 11.074227034542254], [125.45627084959057, 11.096100580665984], [125.46404193226992, 11.124651271275969], [125.46410290526362, 11.153201961885951], [125.46386773658627, 11.181752652495936], [125.4639217032554, 11.21030334310592], [125.46384834095392, 11.238854033715903], [125.4634160067177, 11.267404724325885], [125.4587805171193, 11.295955414935872], [125.43335321207927, 11.321799309133871], [125.43084798590029, 11.324506105545854], [125.40242759346077, 11.348660862950807], [125.37150197484229, 11.352845256135243], [125.3672191282985, 11.353056796155837], [125.34057635622379, 11.367366640394348], [125.3096507376053, 11.370118418927476], [125.27872511898681, 11.367373613563068], [125.24779950036832, 11.355207145832223], [125.24442995051368, 11.353056796155835], [125.21687388174982, 11.34649819156564], [125.1955121823101, 11.324506105545854], [125.18852429352111, 11.295955414935872], [125.18726891356172, 11.267404724325885], [125.18706685109147, 11.238854033715903], [125.18743619883426, 11.21030334310592], [125.18902694723756, 11.181752652495936], [125.19565996486531, 11.153201961885951], [125.21687388174982, 11.129858912279719], [125.21739121981837, 11.124651271275969], [125.22461848730865, 11.096100580665984], [125.24779950036832, 11.074699749851346], [125.27872511898681, 11.06817449427348], [125.29269807921337, 11.067549890056], [125.30965073760528, 11.05629799482606]]]}, "properties": {"fillColor": "#8A2BE2", "fillOpacity": 0.7, "color": "#000000", "weight": 0.2, "stroke": false}}, {"type": "Feature", "geometry": {"type": "Polygon", "coordinates": [[[125.30565775167257, 11.124651271275969], [125.27872511898681, 11.138041686311224], [125.2656347036797, 11.153201961885951], [125.25357108228341, 11.181752652495934], [125.24910826430516, 11.21030334310592], [125.2490672555096, 11.238854033715903], [125.25740549574039, 11.267404724325885], [125.27872511898681, 11.287952292950012], [125.30279763563209, 11.295955414935872], [125.3096507376053, 11.298905190065906], [125.34057635622379, 11.300514310875393], [125.35178326377701, 11.295955414935872], [125.37150197484229, 11.291621235672523], [125.40242759346077, 11.270723034776093], [125.40546436280975, 11.267404724325885], [125.42020373285582, 11.238854033715903], [125.42285559422473, 11.21030334310592], [125.41911901334771, 11.181752652495936], [125.40242759346077, 11.153466001002782], [125.40227924366218, 11.153201961885951], [125.3715019748423, 11.12774863778078], [125.35470609432417, 11.124651271275969], [125.3405763562238, 11.119949669305495], [125.3096507376053, 11.122558064701789], [125.30565775167257, 11.124651271275969]]]}, "properties": {"fillColor": "#8A2BE2", "fillOpacity": 0.7, "color": "#000000", "weight": 0.2, "stroke": false}}, {"type": "Feature", "geometry": {"type": "Polygon", "coordinates": [[[135.05122060243002, 11.092271291576267], [135.0821462210485, 11.082456462884489], [135.113071839667, 11.079839930003683], [135.1439974582855, 11.081270501462587], [135.16943065949022, 11.096100580665984], [135.17492307690398, 11.099213831753103], [135.20317594058372, 11.124651271275969], [135.20584869552246, 11.127393996997748], [135.23000715023755, 11.153201961885951], [135.23677431414097, 11.166007842233622], [135.24871884393718, 11.181752652495936], [135.25366076547976, 11.21030334310592], [135.2539998519209, 11.238854033715903], [135.24581034855828, 11.267404724325885], [135.23677431414097, 11.277285883863298], [135.22108572983714, 11.295955414935872], [135.20584869552246, 11.309947083839155], [135.17492307690398, 11.32269394148081], [135.1439974582855, 11.322709018113933], [135.113071839667, 11.311105112449162], [135.0843985270942, 11.295955414935872], [135.0821462210485, 11.294639225045618], [135.0623491536449, 11.267404724325885], [135.05122060243002, 11.251125156285738], [135.03963160446378, 11.238854033715903], [135.0320147877455, 11.21030334310592], [135.03014402480295, 11.181752652495936], [135.03088805106745, 11.153201961885951], [135.03504977084947, 11.124651271275969], [135.04673272353116, 11.096100580665986], [135.05122060243002, 11.092271291576267]]]}, "properties": {"fillColor": "#8A2BE2", "fillOpacity": 0.7, "color": "#000000", "weight": 0.2, "stroke": false}}, {"type": "Feature", "geometry": {"type": "Polygon", "coordinates": [[[122.21708887575619, 11.349671851029289], [122.22271766339435, 11.353056796155837], [122.23380709851824, 11.381607486765821], [122.23277727735831, 11.410158177375806], [122.21708887575619, 11.42774464705467], [122.1881779082042, 11.410158177375806], [122.19550317752356, 11.381607486765821], [122.21108222678771, 11.353056796155837], [122.21708887575619, 11.349671851029289]]]}, "properties": {"fillColor": "#8A2BE2", "fillOpacity": 0.7, "color": "#000000", "weight": 0.2, "stroke": false}}, {"type": "Feature", "geometry": {"type": "Polygon", "coordinates": [[[124.44373341628754, 11.390045010156946], [124.47465903490604, 11.385051373670798], [124.50558465352452, 11.383874800838214], [124.536510272143, 11.383891641673669], [124.56743589076152, 11.384988641588565], [124.59836150938, 11.389010819738846], [124.62526807771039, 11.410158177375806], [124.6292871279985, 11.413006266942999], [124.65482052948059, 11.438708867985788], [124.65830830777998, 11.467259558595773], [124.65851728671548, 11.495810249205757], [124.6584493414262, 11.52436093981574], [124.65722125014673, 11.552911630425722], [124.6532259332353, 11.581462321035708], [124.63726235479152, 11.610013011645691], [124.62928712799848, 11.617956839098198], [124.62153268525842, 11.638563702255674], [124.59836150938, 11.659768880973552], [124.56743589076152, 11.665034155365998], [124.53651027214302, 11.666073894993323], [124.50558465352452, 11.666304136732592], [124.47465903490604, 11.666126701445084], [124.44373341628754, 11.665226880266342], [124.41280779766906, 11.66095442895971], [124.38526917522081, 11.638563702255674], [124.38188217905056, 11.627876617938053], [124.36865604295838, 11.610013011645691], [124.36120884991186, 11.581462321035707], [124.36023055784494, 11.552911630425722], [124.36385056762877, 11.52436093981574], [124.38018396411277, 11.495810249205757], [124.38188217905056, 11.493882325680515], [124.38369814617324, 11.467259558595773], [124.39006594474304, 11.438708867985788], [124.41280779766906, 11.417050365518138], [124.42117590255722, 11.410158177375806], [124.44373341628754, 11.390045010156946]]]}, "properties": {"fillColor": "#8A2BE2", "fillOpacity": 0.7, "color": "#000000", "weight": 0.2, "stroke": false}}, {"type": "Feature", "geometry": {"type": "Polygon", "coordinates": [[[124.48106376405867, 11.46725955859577], [124.47465903490604, 11.470463847939536], [124.45208803449889, 11.495810249205757], [124.44436433989313, 11.52436093981574], [124.44561252517768, 11.552911630425722], [124.45968164251573, 11.581462321035707], [124.47465903490604, 11.59414203082979], [124.50558465352452, 11.60327208580387], [124.53651027214303, 11.600607389565319], [124.56743589076152, 11.582838264229736], [124.56885265969427, 11.581462321035707], [124.58821221057434, 11.552911630425722], [124.59149003979657, 11.52436093981574], [124.58540622355014, 11.495810249205757], [124.56743589076152, 11.473536161673142], [124.55712060781369, 11.467259558595773], [124.53651027214302, 11.456771630590897], [124.50558465352452, 11.455845929246099], [124.48106376405867, 11.46725955859577]]]}, "properties": {"fillColor": "#8A2BE2", "fillOpacity": 0.7, "color": "#000000", "weight": 0.2, "stroke": false}}, {"type": "Feature", "geometry": {"type": "Polygon", "coordinates": [[[125.09317140727586, 11.416811553225308], [125.12409702589436, 11.411964084481752], [125.15502264451284, 11.41110600840763], [125.18594826313134, 11.410971089967559], [125.21687388174982, 11.411342356198048], [125.2477995003683, 11.413331714925786], [125.27864671973406, 11.438708867985788], [125.27872511898681, 11.439033946201569], [125.29846451931726, 11.467259558595773], [125.30218087089627, 11.495810249205757], [125.3041544447756, 11.52436093981574], [125.30601674983603, 11.552911630425722], [125.30647844548947, 11.581462321035707], [125.30583797923025, 11.610013011645691], [125.30265662031105, 11.638563702255674], [125.28477881175928, 11.667114392865656], [125.27872511898681, 11.672703193255616], [125.24779950036832, 11.686517365413051], [125.21687388174982, 11.688219188838495], [125.18594826313134, 11.686877019742827], [125.15502264451285, 11.6768946352471], [125.14442885362993, 11.667114392865658], [125.12409702589436, 11.66482932660008], [125.09317140727586, 11.657924840617879], [125.07219975411383, 11.638563702255674], [125.06224578865738, 11.61787937720672], [125.05372507633635, 11.610013011645691], [125.04176270660861, 11.581462321035707], [125.04050985228062, 11.552911630425722], [125.04237560324853, 11.52436093981574], [125.04660706692043, 11.495810249205757], [125.0571672913247, 11.467259558595773], [125.06224578865738, 11.460226362361997], [125.0670219211544, 11.438708867985788], [125.09317140727586, 11.416811553225308]]]}, "properties": {"fillColor": "#8A2BE2", "fillOpacity": 0.7, "color": "#000000", "weight": 0.2, "stroke": false}}, {"type": "Feature", "geometry": {"type": "Polygon", "coordinates": [[[125.12536348644407, 11.495810249205757], [125.12409702589436, 11.498201716211064], [125.11157836315104, 11.52436093981574], [125.11230187977426, 11.552911630425722], [125.12409702589434, 11.57499552153989], [125.12813163378306, 11.581462321035705], [125.15502264451285, 11.601587523576018], [125.18594826313134, 11.606138209381069], [125.21687388174982, 11.596565847957091], [125.23070067254375, 11.581462321035707], [125.24007960970543, 11.55291163042572], [125.2399449836339, 11.52436093981574], [125.22914117764591, 11.495810249205757], [125.21687388174982, 11.482823601649855], [125.18594826313132, 11.470427793488925], [125.15502264451284, 11.473170858344615], [125.12536348644407, 11.495810249205757]]]}, "properties": {"fillColor": "#8A2BE2", "fillOpacity": 0.7, "color": "#000000", "weight": 0.2, "stroke": false}}, {"type": "Feature", "geometry": {"type": "Polygon", "coordinates": [[[124.87669207694643, 11.793365142865582], [124.90761769556491, 11.786192597803467], [124.9385433141834, 11.787557641336884], [124.96946893280189, 11.807006148601232], [124.97256867427413, 11.809867845915576], [125.00039455142038, 11.829872531639609], [125.00965143740696, 11.838418536525559], [125.02837760645616, 11.866969227135543], [125.03132017003888, 11.870597114617704], [125.06224578865738, 11.872396042376282], [125.09317140727586, 11.8728537620261], [125.12409702589434, 11.877905164653878], [125.15053020100001, 11.895519917745528], [125.15502264451284, 11.89687469624894], [125.18397083497683, 11.92407060835551], [125.18594826313134, 11.928984941694884], [125.20585045666704, 11.952621298965495], [125.2119694777961, 11.98117198957548], [125.21351674252352, 12.009722680185462], [125.21443323359934, 12.038273370795444], [125.21441872544978, 12.066824061405429], [125.20937084500257, 12.095374752015413], [125.18594826313134, 12.120905351816333], [125.18144383581941, 12.123925442625396], [125.15502264451285, 12.142318870095934], [125.12409702589434, 12.146053733682763], [125.09317140727586, 12.14551356002087], [125.06224578865738, 12.14176385181192], [125.03132017003888, 12.124005237997908], [125.03122204803005, 12.123925442625396], [125.00039455142038, 12.112127087646488], [124.99535239917218, 12.123925442625396], [125.00039455142038, 12.136140576373048], [125.01711822983728, 12.15247613323538], [125.02313517222777, 12.181026823845365], [125.02265432629869, 12.209577514455347], [125.00374494268387, 12.238128205065331], [125.00039455142038, 12.241221303559689], [124.9694689328019, 12.259078515247591], [124.9385433141834, 12.261759723159225], [124.90761769556491, 12.258624773387657], [124.88013109123617, 12.238128205065331], [124.87669207694643, 12.234103131954814], [124.85628505222613, 12.209577514455347], [124.84722477831215, 12.181026823845365], [124.84576645832792, 12.164176996304983], [124.84007256410082, 12.15247613323538], [124.843236112174, 12.123925442625396], [124.84576645832793, 12.121368747403064], [124.85736822069137, 12.095374752015413], [124.87669207694643, 12.077929100885198], [124.90761769556491, 12.072372732531443], [124.9385433141834, 12.073430848443678], [124.96946893280189, 12.086966024422773], [124.97081265942258, 12.066824061405429], [124.9694689328019, 12.06204775276486], [124.94644059967965, 12.038273370795444], [124.94270589801812, 12.009722680185462], [124.93854331418339, 11.997306114402488], [124.91715387010169, 11.98117198957548], [124.90761769556491, 11.978455048014483], [124.87690066048118, 11.952621298965495], [124.87669207694643, 11.952375660584352], [124.85021202165211, 11.92407060835551], [124.84576645832793, 11.900278922941618], [124.84224326949624, 11.895519917745528], [124.83610622994777, 11.866969227135542], [124.84576645832792, 11.84687571142749], [124.84642598597081, 11.838418536525559], [124.857738347903, 11.809867845915576], [124.87669207694643, 11.793365142865582]]]}, "properties": {"fillColor": "#8A2BE2", "fillOpacity": 0.7, "color": "#000000", "weight": 0.2, "stroke": false}}, {"type": "Feature", "geometry": {"type": "Polygon", "coordinates": [[[125.05710945989019, 11.98117198957548], [125.04683017208784, 12.009722680185462], [125.06224578865738, 12.038161007175487], [125.06264426421, 12.038273370795444], [125.09317140727586, 12.043189127018564], [125.10010358150475, 12.038273370795444], [125.11166892792335, 12.009722680185462], [125.09738006935304, 11.98117198957548], [125.09317140727586, 11.977733482451756], [125.06224578865738, 11.976875306246313], [125.05710945989019, 11.98117198957548]]]}, "properties": {"fillColor": "#8A2BE2", "fillOpacity": 0.7, "color": "#000000", "weight": 0.2, "stroke": false}}, {"type": "Feature", "geometry": {"type": "Polygon", "coordinates": [[[124.35095656043208, 12.07993681388373], [124.38188217905056, 12.074815491964142], [124.41280779766906, 12.075198882813108], [124.44373341628754, 12.081579314035132], [124.46458940096733, 12.095374752015413], [124.47465903490604, 12.098315704517024], [124.50205869072795, 12.123925442625396], [124.50558465352452, 12.131210915469303], [124.52402264459201, 12.15247613323538], [124.53164869633457, 12.181026823845365], [124.5331957123104, 12.209577514455347], [124.53268058352229, 12.238128205065331], [124.52971910307753, 12.266678895675316], [124.5166996847758, 12.295229586285298], [124.50558465352452, 12.306557606953145], [124.49432407159347, 12.323780276895281], [124.47465903490604, 12.34145859883174], [124.44373341628754, 12.349911174433919], [124.41280779766906, 12.350429258240556], [124.38188217905056, 12.350313326228578], [124.35095656043208, 12.348800820165708], [124.32003094181358, 12.341212203738039], [124.30031426611455, 12.323780276895281], [124.28910532319509, 12.312623107558933], [124.27112209178628, 12.295229586285298], [124.26199850131647, 12.266678895675314], [124.26013654579208, 12.238128205065331], [124.25979623517651, 12.209577514455347], [124.260271092264, 12.181026823845365], [124.26263211019415, 12.15247613323538], [124.27645234842606, 12.123925442625396], [124.28910532319509, 12.112244151059876], [124.32003094181358, 12.09621722555212], [124.3261524465969, 12.095374752015413], [124.35095656043208, 12.07993681388373]]]}, "properties": {"fillColor": "#8A2BE2", "fillOpacity": 0.7, "color": "#000000", "weight": 0.2, "stroke": false}}, {"type": "Feature", "geometry": {"type": "Polygon", "coordinates": [[[124.34790476391208, 12.181026823845365], [124.33480321513639, 12.209577514455347], [124.33792508799331, 12.238128205065331], [124.35095656043208, 12.256443835358096], [124.3649812200867, 12.266678895675312], [124.38188217905056, 12.275494933416063], [124.41280779766906, 12.27446771656583], [124.42537463695896, 12.266678895675314], [124.44373341628754, 12.244050623076761], [124.44702682834054, 12.238128205065331], [124.44757327402147, 12.209577514455347], [124.44373341628754, 12.202345748189595], [124.43054372426445, 12.181026823845365], [124.41280779766907, 12.167409523741156], [124.38188217905056, 12.16248933620213], [124.35095656043208, 12.177809417977926], [124.34790476391208, 12.181026823845365]]]}, "properties": {"fillColor": "#8A2BE2", "fillOpacity": 0.7, "color": "#000000", "weight": 0.2, "stroke": false}}, {"type": "Feature", "geometry": {"type": "Polygon", "coordinates": [[[124.66021274661699, 12.214424919657649], [124.69113836523547, 12.212362911852455], [124.72206398385397, 12.224519917884013], [124.73653890922313, 12.238128205065331], [124.75265769988934, 12.266678895675314], [124.75298960247245, 12.268509013125607], [124.76168195188936, 12.295229586285298], [124.75782751537591, 12.323780276895281], [124.75298960247247, 12.33071995531447], [124.72367739764626, 12.352330967505264], [124.72206398385397, 12.353210560154837], [124.7106472188368, 12.352330967505265], [124.69113836523547, 12.351739091086666], [124.66021274661699, 12.346417603396022], [124.63846020244631, 12.323780276895281], [124.6292871279985, 12.297516314143984], [124.6275619772712, 12.295229586285298], [124.61552236223257, 12.266678895675314], [124.6292871279985, 12.245175870333693], [124.63311815284733, 12.238128205065331], [124.66021274661699, 12.214424919657649]]]}, "properties": {"fillColor": "#8A2BE2", "fillOpacity": 0.7, "color": "#000000", "weight": 0.2, "stroke": false}}, {"type": "Feature", "geometry": {"type": "Polygon", "coordinates": [[[123.14485743431092, 12.372962223949315], [123.1757830529294, 12.365433085879275], [123.19836934428048, 12.38088165811525], [123.2067086715479, 12.382812643575923], [123.2376342901664, 12.397438171838678], [123.2509105299797, 12.409432348725232], [123.26085739318465, 12.437983039335219], [123.26141445125538, 12.4665337299452], [123.25538772999312, 12.495084420555184], [123.2376342901664, 12.51147448776804], [123.2239501528473, 12.523635111165168], [123.20670867154789, 12.539552535625113], [123.1757830529294, 12.542753194848101], [123.14485743431092, 12.53487097101965], [123.13268694353516, 12.523635111165168], [123.11393181569244, 12.506878323434401], [123.10115686227893, 12.495084420555184], [123.09160054239263, 12.4665337299452], [123.09168408346827, 12.437983039335215], [123.09997943314869, 12.409432348725232], [123.11393181569242, 12.394588946516627], [123.13493963642247, 12.380881658115248], [123.14485743431092, 12.372962223949315]]]}, "properties": {"fillColor": "#8A2BE2", "fillOpacity": 0.7, "color": "#000000", "weight": 0.2, "stroke": false}}, {"type": "Feature", "geometry": {"type": "Polygon", "coordinates": [[[121.13469222410899, 12.716304335523798], [121.16561784272749, 12.710538396982113], [121.19654346134598, 12.715074389412479], [121.2144475350356, 12.723489945435054], [121.22746907996446, 12.726079217138853], [121.25839469858296, 12.746725289018748], [121.26329788707386, 12.752040636045036], [121.26839127709428, 12.78059132665502], [121.26645862497901, 12.809142017265003], [121.25839469858296, 12.82954619589733], [121.2579194701301, 12.837692707874988], [121.25482412353107, 12.866243398484972], [121.2427251854941, 12.894794089094955], [121.22746907996446, 12.911474713265317], [121.21634067276051, 12.923344779704939], [121.19654346134598, 12.939107020386109], [121.1656178427275, 12.948286043527604], [121.13469222410899, 12.95042775390204], [121.1037666054905, 12.9500049623806], [121.07284098687201, 12.946005400825348], [121.0448427063112, 12.923344779704939], [121.04191536825353, 12.920752041922908], [121.01892819210173, 12.894794089094955], [121.01537526091974, 12.866243398484972], [121.01480707027314, 12.837692707874988], [121.01624822239148, 12.809142017265003], [121.02065137417813, 12.78059132665502], [121.04191536825353, 12.754215054331748], [121.04496476314434, 12.752040636045038], [121.07284098687201, 12.734228894026597], [121.1037666054905, 12.725657579888406], [121.12265597694163, 12.723489945435054], [121.13469222410899, 12.716304335523798]]]}, "properties": {"fillColor": "#8A2BE2", "fillOpacity": 0.7, "color": "#000000", "weight": 0.2, "stroke": false}}, {"type": "Feature", "geometry": {"type": "Polygon", "coordinates": [[[123.2376342901664, 13.060054384714384], [123.26855990878488, 13.042440218343216], [123.29948552740338, 13.040141377107837], [123.33041114602187, 13.040157245155296], [123.36133676464036, 13.042643267392435], [123.39226238325885, 13.059955848090073], [123.3989157090276, 13.066098232754857], [123.42318800187732, 13.091955744002142], [123.42610520759328, 13.094648923364838], [123.44728114416233, 13.123199613974824], [123.45060809937515, 13.151750304584809], [123.45163018711725, 13.180300995194791], [123.45141767298647, 13.208851685804776], [123.44918929211036, 13.237402376414758], [123.44323374732919, 13.265953067024743], [123.42318800187735, 13.289946734595567], [123.41973393609601, 13.294503757634725], [123.39226238325885, 13.317701338814576], [123.36133676464036, 13.320472654607661], [123.33041114602187, 13.319298143014095], [123.29948552740338, 13.308591746875667], [123.28377045126688, 13.294503757634725], [123.26855990878488, 13.287550099113174], [123.24438992063375, 13.265953067024743], [123.2376342901664, 13.260050941182861], [123.21447456153987, 13.237402376414757], [123.20750658261173, 13.208851685804776], [123.2067086715479, 13.186065429612981], [123.20422115187122, 13.180300995194791], [123.2067086715479, 13.161411296658564], [123.2067652201774, 13.151750304584809], [123.20791092411848, 13.123199613974824], [123.21143795390067, 13.09464892336484], [123.23108769757987, 13.066098232754857], [123.2376342901664, 13.060054384714384]]]}, "properties": {"fillColor": "#8A2BE2", "fillOpacity": 0.7, "color": "#000000", "weight": 0.2, "stroke": false}}, {"type": "Feature", "geometry": {"type": "Polygon", "coordinates": [[[123.28745889313484, 13.151750304584809], [123.28787481938029, 13.180300995194791], [123.29948552740336, 13.196999045721055], [123.31971320733464, 13.208851685804776], [123.33041114602187, 13.213729854742253], [123.34230816862066, 13.208851685804778], [123.36133676464036, 13.191278617993067], [123.36582858884933, 13.180300995194791], [123.36133676464036, 13.155356945030421], [123.36048626916921, 13.151750304584809], [123.33041114602187, 13.127311730878459], [123.29948552740338, 13.135309940181259], [123.28745889313484, 13.151750304584809]]]}, "properties": {"fillColor": "#8A2BE2", "fillOpacity": 0.7, "color": "#000000", "weight": 0.2, "stroke": false}}, {"type": "Feature", "geometry": {"type": "Polygon", "coordinates": [[[120.85636165654257, 13.161769182954096], [120.88728727516107, 13.156212400436237], [120.91821289377955, 13.15398329635181], [120.94913851239805, 13.160494094530044], [120.97201336309784, 13.180300995194791], [120.98006413101653, 13.187607578941726], [121.00077424045341, 13.208851685804776], [121.00953631634756, 13.237402376414758], [121.01069811257895, 13.265953067024743], [121.0088173555396, 13.294503757634725], [121.00158976485969, 13.323054448244708], [120.98006413101653, 13.344833443192012], [120.97413018553804, 13.351605138854694], [120.94913851239805, 13.373203524509007], [120.91821289377955, 13.379807097183276], [120.90943489927486, 13.380155829464677], [120.88728727516109, 13.385793456465477], [120.85636165654257, 13.384281481877144], [120.8462791611046, 13.380155829464677], [120.82543603792408, 13.377831867607679], [120.7945104193056, 13.353460604174543], [120.79267524867277, 13.351605138854694], [120.7743650911836, 13.32305444824471], [120.77895026233341, 13.294503757634725], [120.78900087194839, 13.265953067024743], [120.7945104193056, 13.259019534982572], [120.79621235514598, 13.237402376414758], [120.80299747723035, 13.208851685804774], [120.82543603792408, 13.188136290843623], [120.83628831521804, 13.180300995194791], [120.85636165654257, 13.161769182954096]]]}, "properties": {"fillColor": "#8A2BE2", "fillOpacity": 0.7, "color": "#000000", "weight": 0.2, "stroke": false}}, {"type": "Feature", "geometry": {"type": "Polygon", "coordinates": [[[123.2376342901664, 13.507455206389729], [123.26855990878488, 13.498402131970703], [123.29948552740338, 13.497572497560334], [123.33041114602187, 13.500273890985431], [123.36133676464036, 13.50462742000411], [123.39226238325885, 13.520336663815153], [123.39504899973117, 13.522909282514595], [123.42318800187734, 13.534050069676855], [123.44204611083043, 13.55145997312458], [123.45245258734089, 13.580010663734562], [123.45411362049583, 13.596514441819552], [123.46244791257968, 13.608561354344547], [123.47204009355494, 13.63711204495453], [123.47397529836246, 13.665662735564513], [123.47186724110952, 13.694213426174498], [123.46192442610108, 13.722764116784479], [123.45411362049585, 13.73390220343435], [123.45054424270508, 13.751314807394465], [123.4314011391865, 13.779865498004447], [123.42318800187734, 13.786943549277577], [123.39226238325884, 13.798660740420457], [123.36133676464036, 13.801885018152804], [123.33041114602187, 13.802353213039602], [123.29948552740338, 13.801478758538021], [123.26855990878488, 13.798894412443236], [123.2376342901664, 13.791194735476763], [123.22318831008735, 13.779865498004447], [123.2067086715479, 13.776994948451074], [123.1757830529294, 13.760817509616125], [123.16548988878964, 13.751314807394465], [123.14994055215328, 13.72276411678448], [123.14718065932135, 13.694213426174498], [123.14553351471258, 13.665662735564513], [123.14485743431092, 13.642069646775722], [123.14236886254996, 13.63711204495453], [123.14485743431092, 13.633242900965866], [123.14619427948814, 13.608561354344547], [123.15006727005564, 13.580010663734562], [123.16324357030388, 13.55145997312458], [123.1757830529294, 13.538185593420774], [123.2067086715479, 13.52359875064675], [123.21045122234749, 13.522909282514595], [123.2376342901664, 13.507455206389729]]]}, "properties": {"fillColor": "#8A2BE2", "fillOpacity": 0.7, "color": "#000000", "weight": 0.2, "stroke": false}}, {"type": "Feature", "geometry": {"type": "Polygon", "coordinates": [[[123.29797408511067, 13.580010663734562], [123.26855990878488, 13.593633182752855], [123.25152237749526, 13.608561354344545], [123.2376342901664, 13.63623162247072], [123.23715640209087, 13.63711204495453], [123.23677852049708, 13.665662735564513], [123.2376342901664, 13.667296111090279], [123.25414922808577, 13.694213426174498], [123.26855990878488, 13.704683929145535], [123.29948552740339, 13.713807728206408], [123.33041114602187, 13.713315987389898], [123.36133676464036, 13.701331130254829], [123.36898947914415, 13.694213426174498], [123.38523101327824, 13.665662735564513], [123.38568550677421, 13.63711204495453], [123.3704485226385, 13.608561354344547], [123.36133676464036, 13.599579112586373], [123.33041114602187, 13.580844491483914], [123.31026814687053, 13.580010663734562], [123.29948552740338, 13.579283540949804], [123.29797408511067, 13.580010663734562]]]}, "properties": {"fillColor": "#8A2BE2", "fillOpacity": 0.7, "color": "#000000", "weight": 0.2, "stroke": false}}, {"type": "Feature", "geometry": {"type": "Polygon", "coordinates": [[[131.18551827511862, 15.833063462356133], [131.2164438937371, 15.818259890651245], [131.2473695123556, 15.814221445513642], [131.2782951309741, 15.812874527197742], [131.30922074959258, 15.812483302655725], [131.34014636821107, 15.813429673658291], [131.37107198682958, 15.81666498450593], [131.40199760544806, 15.82949506763967], [131.40997146335454, 15.83551522192327], [131.43292322406654, 15.837292992182162], [131.46384884268502, 15.840173786887373], [131.49477446130354, 15.846246181676182], [131.52349584910203, 15.864065912533254], [131.52570007992202, 15.865195164750599], [131.54915453562003, 15.892616603143239], [131.5563114199036, 15.921167293753223], [131.55420468097333, 15.949717984363206], [131.5518219267505, 15.97826867497319], [131.5468602914424, 16.006819365583173], [131.52570007992202, 16.035032852220642], [131.52566301990237, 16.03537005619316], [131.5242969342471, 16.06392074680314], [131.49820420598797, 16.092471437413124], [131.49477446130354, 16.095552530820818], [131.46384884268502, 16.11906361092719], [131.45792232150296, 16.121022128023107], [131.43292322406654, 16.14282161402335], [131.40199760544806, 16.149274526724614], [131.4008927834917, 16.14957281863309], [131.37107198682958, 16.175196652294098], [131.36712702226217, 16.178123509243076], [131.34526492263876, 16.206674199853055], [131.34014636821107, 16.211399675700065], [131.33779606200403, 16.235224890463044], [131.3359617513217, 16.263775581073027], [131.3336102760097, 16.29232627168301], [131.32889451245717, 16.320876962292992], [131.30922074959258, 16.34940547161901], [131.30920993315723, 16.349427652902975], [131.2782951309741, 16.37213444579084], [131.2473695123556, 16.375533044773057], [131.2164438937371, 16.376324994718566], [131.18551827511862, 16.376286949911787], [131.15459265650014, 16.37532333279698], [131.12366703788163, 16.3754365252006], [131.12240208260351, 16.37797834351296], [131.12366703788163, 16.381000420699824], [131.144358612561, 16.406529034122947], [131.14628382548705, 16.43507972473293], [131.1454162915402, 16.463630415342912], [131.14088186958773, 16.492181105952895], [131.12366703788163, 16.517732759045657], [131.12171476348752, 16.520731796562877], [131.09274141926315, 16.54692323718468], [131.0851593992576, 16.54928248717286], [131.06181580064467, 16.5603360443212], [131.03089018202616, 16.573328890952382], [131.0039970864456, 16.577833177782846], [130.99996456340767, 16.579392264322525], [130.9690389447892, 16.589190561072385], [130.93811332617068, 16.59133258963334], [130.9203372483279, 16.577833177782846], [130.9071877075522, 16.570005875407908], [130.88602368009998, 16.54928248717286], [130.87626208893371, 16.537178892074863], [130.86073883350628, 16.520731796562877], [130.84547224459743, 16.492181105952895], [130.8453364703152, 16.492024138663897], [130.81820854935154, 16.463630415342912], [130.81441085169672, 16.459704569413468], [130.78398413789665, 16.43507972473293], [130.78348523307824, 16.434517874266724], [130.76045890741162, 16.406529034122947], [130.7559900389049, 16.37797834351296], [130.75527607072902, 16.349427652902975], [130.7566800484074, 16.320876962292992], [130.764069578614, 16.29232627168301], [130.78348523307824, 16.263899070459544], [130.7835031639777, 16.263775581073027], [130.78629865838357, 16.235224890463044], [130.7946648355281, 16.206674199853058], [130.81441085169672, 16.180094578991067], [130.81493594785033, 16.178123509243076], [130.8304661120663, 16.14957281863309], [130.8453364703152, 16.13566386094184], [130.8731197375216, 16.121022128023107], [130.87626208893371, 16.118335711627136], [130.9071877075522, 16.100359141639377], [130.9298876669866, 16.092471437413124], [130.93811332617068, 16.085479304935866], [130.93918059310596, 16.06392074680314], [130.9415790756225, 16.03537005619316], [130.96378565278033, 16.006819365583173], [130.9690389447892, 16.001969499306327], [130.97033857126345, 15.97826867497319], [130.97410234981155, 15.949717984363206], [130.99996456340767, 15.921757556233644], [131.00013631831044, 15.921167293753223], [131.0083978962865, 15.892616603143239], [131.03089018202616, 15.871851608942594], [131.0498610852011, 15.864065912533256], [131.06181580064467, 15.853029257578342], [131.09274141926315, 15.840578649501067], [131.12366703788163, 15.837889904314263], [131.15459265650014, 15.836990961781167], [131.1828625711865, 15.835515221923272], [131.18551827511862, 15.833063462356133]]]}, "properties": {"fillColor": "#8A2BE2", "fillOpacity": 0.7, "color": "#000000", "weight": 0.2, "stroke": false}}, {"type": "Feature", "geometry": {"type": "Polygon", "coordinates": [[[131.09327554842187, 15.921167293753223], [131.09274141926315, 15.921354667998147], [131.06181580064467, 15.943677647757674], [131.0560445994414, 15.949717984363206], [131.03516008480952, 15.97826867497319], [131.03089018202616, 15.987283002004737], [131.0175312637334, 16.006819365583173], [131.00567078634043, 16.03537005619316], [130.99996456340767, 16.05778333644541], [130.99647485426996, 16.06392074680314], [130.98409474769122, 16.092471437413124], [130.97783091834071, 16.121022128023107], [130.9744516378598, 16.14957281863309], [130.97194928074973, 16.178123509243076], [130.9690389447892, 16.196825230096515], [130.96203084105247, 16.206674199853058], [130.93811332617068, 16.222555608896183], [130.9220391363936, 16.235224890463044], [130.9071877075522, 16.256236577800802], [130.90338075754067, 16.263775581073027], [130.9031962391504, 16.29232627168301], [130.9071877075522, 16.302465097460622], [130.91567211791187, 16.320876962292992], [130.93811332617065, 16.34089127752549], [130.9690389447892, 16.332313907834386], [130.981797001356, 16.320876962292992], [130.99996456340767, 16.293503687768652], [131.0005787228213, 16.29232627168301], [131.00338488735792, 16.263775581073027], [131.03089018202616, 16.23943901800493], [131.06181580064464, 16.253079862681574], [131.07423975993584, 16.263775581073027], [131.09274141926315, 16.279482138872037], [131.12133035650936, 16.29232627168301], [131.12366703788163, 16.293773345725814], [131.15459265650014, 16.30459002257914], [131.18551827511862, 16.307136019755095], [131.2164438937371, 16.300376968388367], [131.22810342497465, 16.29232627168301], [131.2473695123556, 16.272421851626692], [131.2532562364921, 16.263775581073027], [131.26624116606112, 16.235224890463044], [131.2754416897529, 16.206674199853058], [131.2782951309741, 16.200724246435254], [131.2949415213435, 16.178123509243076], [131.30922074959258, 16.157316924308045], [131.31719362997367, 16.14957281863309], [131.34014636821107, 16.130824431859967], [131.35351843270269, 16.121022128023107], [131.37107198682958, 16.109635231187152], [131.39609207419028, 16.092471437413124], [131.40199760544806, 16.08821565881465], [131.43196506521556, 16.06392074680314], [131.43292322406654, 16.062392824386215], [131.44855731935067, 16.03537005619316], [131.45974972579668, 16.006819365583173], [131.4630263946929, 15.978268674973188], [131.4585349879431, 15.949717984363208], [131.43292322406654, 15.922004122971082], [131.4314516948559, 15.921167293753223], [131.40199760544806, 15.906280325880882], [131.37107198682958, 15.90015646083409], [131.34014636821107, 15.897977809175416], [131.30922074959255, 15.89996307093427], [131.2782951309741, 15.905548757523778], [131.2473695123556, 15.908721816330665], [131.2164438937371, 15.904566222291743], [131.18551827511862, 15.901019255381751], [131.15459265650014, 15.901148349036259], [131.12366703788163, 15.90603739728452], [131.09327554842187, 15.921167293753223]]]}, "properties": {"fillColor": "#8A2BE2", "fillOpacity": 0.7, "color": "#000000", "weight": 0.2, "stroke": false}}, {"type": "Feature", "geometry": {"type": "Polygon", "coordinates": [[[130.13404724208993, 16.33661126678148], [130.16497286070842, 16.331892276336884], [130.1958984793269, 16.331483729354662], [130.22682409794538, 16.333588561506026], [130.2577497165639, 16.338045945228007], [130.28867533518238, 16.345196607669354], [130.3000626621302, 16.349427652902975], [130.31960095380086, 16.351784726870523], [130.34900221472006, 16.37797834351296], [130.35052657241937, 16.379533232305974], [130.37933106655237, 16.406529034122947], [130.38145219103785, 16.409176403402533], [130.4025648381019, 16.43507972473293], [130.41237780965633, 16.461790894763322], [130.4143703468129, 16.463630415342912], [130.43432931560915, 16.492181105952895], [130.44112969876952, 16.520731796562877], [130.44330342827482, 16.534408301433608], [130.45465278404552, 16.54928248717286], [130.46498344811528, 16.577833177782846], [130.4686800135664, 16.606383868392832], [130.47337265065798, 16.634934559002815], [130.47422904689333, 16.644048481357338], [130.48358591837547, 16.663485249612798], [130.48540958562216, 16.69203594022278], [130.48082106674912, 16.720586630832763], [130.47422904689333, 16.737144569809857], [130.47118222021146, 16.74913732144275], [130.44330342827482, 16.774848848804336], [130.4321599449755, 16.77768801205273], [130.41237780965633, 16.785557062147337], [130.39763822432894, 16.77768801205273], [130.38145219103785, 16.77450906709291], [130.35052657241937, 16.766636835535454], [130.32552909106175, 16.74913732144275], [130.31960095380086, 16.747784249391984], [130.28867533518238, 16.739843188025954], [130.26472715575434, 16.720586630832763], [130.2577497165639, 16.718450737470626], [130.22682409794538, 16.69511861422806], [130.2225337803549, 16.69203594022278], [130.1958984793269, 16.6873085968794], [130.16747417377255, 16.663485249612798], [130.16497286070842, 16.662304703061363], [130.13404724208993, 16.64824873285393], [130.119928639794, 16.634934559002815], [130.10347448463946, 16.606383868392832], [130.10312162347142, 16.60528962191453], [130.0823855575748, 16.577833177782846], [130.0763558264114, 16.54928248717286], [130.07266362129053, 16.520731796562877], [130.07219600485294, 16.51486554414714], [130.06071962579463, 16.492181105952895], [130.05602248090895, 16.463630415342912], [130.05662944439095, 16.43507972473293], [130.06357440396027, 16.406529034122947], [130.07219600485294, 16.393365835720413], [130.07785355283454, 16.37797834351296], [130.10312162347142, 16.353793666286375], [130.1126791809792, 16.349427652902975], [130.13404724208993, 16.33661126678148]]]}, "properties": {"fillColor": "#8A2BE2", "fillOpacity": 0.7, "color": "#000000", "weight": 0.2, "stroke": false}}, {"type": "Feature", "geometry": {"type": "Polygon", "coordinates": [[[130.20967392600141, 16.492181105952895], [130.19617750355908, 16.520731796562877], [130.200318477999, 16.54928248717286], [130.21706023711948, 16.577833177782846], [130.22682409794538, 16.587325376187476], [130.24943339654575, 16.606383868392832], [130.2577497165639, 16.61223877628077], [130.28867533518238, 16.633220366719176], [130.31960095380086, 16.6344200949336], [130.3474041159505, 16.606383868392832], [130.34929939726484, 16.577833177782846], [130.34436291158443, 16.54928248717286], [130.33308511187792, 16.520731796562877], [130.31960095380086, 16.502051429654173], [130.31202912914335, 16.492181105952895], [130.28867533518238, 16.468869463122324], [130.2577497165639, 16.471160368669814], [130.22682409794538, 16.480081102887144], [130.20967392600141, 16.492181105952895]]]}, "properties": {"fillColor": "#8A2BE2", "fillOpacity": 0.7, "color": "#000000", "weight": 0.2, "stroke": false}}, {"type": "Feature", "geometry": {"type": "Polygon", "coordinates": [[[130.87626208893371, 16.803523061015014], [130.9071877075522, 16.802186623669698], [130.92527376044885, 16.806238702662718], [130.93811332617068, 16.80900868898427], [130.9690389447892, 16.83066504004212], [130.97332689750948, 16.8347893932727], [130.9873088554353, 16.863340083882683], [130.99996456340767, 16.88612416292502], [131.00514575846682, 16.891890774492666], [131.00998452543115, 16.92044146510265], [131.00829472375545, 16.948992155712634], [131.0044004613464, 16.977542846322617], [130.99996456340767, 16.98259641220716], [130.98846812734777, 17.006093536932603], [130.98514175961031, 17.034644227542586], [130.98141502260427, 17.06319491815257], [130.9754846013904, 17.09174560876255], [130.9690389447892, 17.098259322827534], [130.9497498061965, 17.120296299372534], [130.93811332617068, 17.131591484972454], [130.91825263188298, 17.14884698998252], [130.9071877075522, 17.159091276175186], [130.8807783686414, 17.177397680592502], [130.87626208893371, 17.18064355969052], [130.8453364703152, 17.195561187402006], [130.83134050518865, 17.20594837120249], [130.81441085169672, 17.220809251932046], [130.7917604383911, 17.23449906181247], [130.78348523307824, 17.23963894866074], [130.75255961445976, 17.256099106332183], [130.7368618156833, 17.263049752422454], [130.72163399584122, 17.27091157983748], [130.69070837722276, 17.285747611706697], [130.67330486134364, 17.291600443032436], [130.65978275860428, 17.29721258770911], [130.62885713998577, 17.31423314270552], [130.6082578434093, 17.32015113364242], [130.5979315213673, 17.323459691353058], [130.5670059027488, 17.341645250367648], [130.53608028413032, 17.344975539153015], [130.5051546655118, 17.3436009019536], [130.47422904689333, 17.33208314193749], [130.46332293802806, 17.32015113364242], [130.4644430783973, 17.291600443032436], [130.47422904689333, 17.26665467300947], [130.47586494679337, 17.263049752422454], [130.4975565274483, 17.23449906181247], [130.5051546655118, 17.227281284691454], [130.52147453425957, 17.20594837120249], [130.53181642647203, 17.177397680592502], [130.53608028413032, 17.1724377129177], [130.5507753345666, 17.14884698998252], [130.55982028399572, 17.120296299372534], [130.5670059027488, 17.11251602539273], [130.58709040953315, 17.09174560876255], [130.5979315213673, 17.082014665230666], [130.62277093583813, 17.06319491815257], [130.62885713998577, 17.057923207708242], [130.65978275860428, 17.043019150638273], [130.66789751328406, 17.034644227542586], [130.69070837722276, 17.012170452489453], [130.69561921424037, 17.006093536932603], [130.70674865600898, 16.977542846322613], [130.72163399584124, 16.961676742583425], [130.73020947158733, 16.948992155712634], [130.75255961445976, 16.92490131933309], [130.75592935076975, 16.92044146510265], [130.7677995898098, 16.891890774492666], [130.78348523307824, 16.87581087435288], [130.7950111559848, 16.863340083882683], [130.81441085169672, 16.844503125848814], [130.82624088212577, 16.8347893932727], [130.8453364703152, 16.818031305154967], [130.8711973394138, 16.806238702662718], [130.87626208893371, 16.803523061015014]]]}, "properties": {"fillColor": "#8A2BE2", "fillOpacity": 0.7, "color": "#000000", "weight": 0.2, "stroke": false}}, {"type": "Feature", "geometry": {"type": "Polygon", "coordinates": [[[120.88728727516107, 16.87480264944099], [120.91821289377955, 16.87137810166962], [120.93824203642136, 16.891890774492666], [120.93606364037765, 16.92044146510265], [120.91821289377955, 16.932075514852986], [120.88728727516107, 16.933068540576205], [120.86702153075788, 16.92044146510265], [120.86730196665238, 16.891890774492666], [120.88728727516107, 16.87480264944099]]]}, "properties": {"fillColor": "#8A2BE2", "fillOpacity": 0.7, "color": "#000000", "weight": 0.2, "stroke": false}}, {"type": "Feature", "geometry": {"type": "Polygon", "coordinates": [[[131.06181580064467, 17.130084502013958], [131.09274141926315, 17.127513943046765], [131.12366703788163, 17.12888093748385], [131.15459265650014, 17.13895855876582], [131.16552211063, 17.14884698998252], [131.18551827511862, 17.167912558864476], [131.19546904119957, 17.177397680592502], [131.20540316824807, 17.20594837120249], [131.20817120558297, 17.23449906181247], [131.20860643367038, 17.263049752422454], [131.20803053845478, 17.291600443032436], [131.20758122013584, 17.32015113364242], [131.20803944962344, 17.348701824252405], [131.20919755810348, 17.37725251486239], [131.2119931704032, 17.405803205472374], [131.2164438937371, 17.43210616003797], [131.2183290912285, 17.434353896082357], [131.2316818179757, 17.46290458669234], [131.24124364511863, 17.49145527730232], [131.2473695123556, 17.516266230246043], [131.2504050649559, 17.520005967912304], [131.2637641363327, 17.54855665852229], [131.27154916666993, 17.577107349132277], [131.27594363285334, 17.60565803974226], [131.27704941148036, 17.634208730352242], [131.27652935498665, 17.662759420962225], [131.27244719743152, 17.691310111572207], [131.25038386349664, 17.719860802182193], [131.2473695123556, 17.722558100778816], [131.2164438937371, 17.741087582991547], [131.20377778205545, 17.748411492792176], [131.21227720042455, 17.776962183402162], [131.2164438937371, 17.78322506466538], [131.23747703700667, 17.805512874012145], [131.2473695123556, 17.833266837040597], [131.24795815381577, 17.83406356462213], [131.27164980655778, 17.86261425523211], [131.27826010189338, 17.891164945842092], [131.2782951309741, 17.891256855263894], [131.30118676679677, 17.91971563645208], [131.3070737734651, 17.94826632706206], [131.30922074959258, 17.956960389595398], [131.32445856628385, 17.976817017672047], [131.33266658245074, 18.00536770828203], [131.33619168568939, 18.033918398892013], [131.3378409609957, 18.062469089501995], [131.34014636821107, 18.07749345562005], [131.35069077859413, 18.091019780111978], [131.3566560525292, 18.119570470721964], [131.36045968228564, 18.148121161331947], [131.3636466133131, 18.176671851941933], [131.37107198682958, 18.198783438860954], [131.37793898763456, 18.205222542551915], [131.39000061736158, 18.233773233161898], [131.40199760544806, 18.25965129193596], [131.40471810183755, 18.26232392377188], [131.4215577701043, 18.290874614381863], [131.43292322406654, 18.30628774812604], [131.44720050083816, 18.31942530499185], [131.46384884268502, 18.334893042594246], [131.47938136671416, 18.347975995601836], [131.49477446130354, 18.35581083246912], [131.52570007992202, 18.3682316668689], [131.54078101115647, 18.376526686211818], [131.55662569854053, 18.379038430837827], [131.587551317159, 18.381025334904628], [131.6184769357775, 18.383755742579602], [131.64940255439598, 18.38805132652905], [131.68001761566168, 18.4050773768218], [131.6803281730145, 18.405162972462843], [131.71125379163297, 18.4109034085649], [131.74217941025145, 18.40941750815511], [131.75871246406038, 18.4050773768218], [131.77310502886996, 18.395325499399668], [131.80403064748845, 18.3784229500836], [131.8067199351305, 18.376526686211818], [131.83495626610693, 18.350327732706116], [131.83575538848274, 18.347975995601836], [131.84656568703465, 18.31942530499185], [131.8658818847254, 18.299922139097294], [131.86968806961954, 18.290874614381863], [131.89680750334392, 18.265349600633087], [131.9006056622775, 18.26232392377188], [131.9277331219624, 18.23790934066212], [131.93456786749599, 18.233773233161898], [131.9586587405809, 18.212816870098756], [131.9890092740153, 18.205222542551915], [131.9895843591994, 18.204691620943912], [132.02050997781788, 18.18156442600515], [132.05143559643636, 18.178505528495393], [132.08236121505487, 18.1774957668572], [132.11328683367336, 18.177150516783197], [132.14421245229184, 18.17668964041533], [132.14442233589648, 18.176671851941933], [132.15743048915468, 18.148121161331947], [132.17513807091035, 18.125516940987062], [132.17565930735543, 18.119570470721964], [132.17734646683508, 18.091019780111978], [132.17829601181995, 18.062469089501995], [132.17952320876418, 18.033918398892013], [132.18140460388742, 18.00536770828203], [132.1848980428914, 17.976817017672047], [132.1924192674142, 17.948266327062058], [132.20606368952883, 17.927575897725276], [132.20674011914787, 17.91971563645208], [132.2103835763416, 17.891164945842092], [132.2170740111074, 17.86261425523211], [132.23698930814732, 17.838446291880544], [132.23872877057457, 17.834063564622127], [132.25859154295676, 17.805512874012145], [132.2679149267658, 17.796905477993548], [132.2892751934315, 17.776962183402162], [132.2988405453843, 17.76813140114526], [132.3297661640028, 17.750168157798605], [132.33828628853323, 17.748411492792176], [132.36069178262127, 17.736113681586076], [132.39161740123978, 17.7321127261175], [132.42254301985827, 17.736029010341078], [132.44412497858318, 17.748411492792176], [132.45346863847675, 17.751637822617592], [132.48428686497152, 17.776962183402162], [132.48439425709526, 17.777018476185408], [132.51531987571374, 17.779504965618425], [132.54624549433223, 17.778033561401692], [132.57717111295074, 17.777083842544577], [132.58138035268325, 17.776962183402162], [132.60809673156922, 17.77340445955145], [132.6390223501877, 17.757348569736834], [132.6491781182131, 17.748411492792176], [132.66994796880618, 17.729264956112598], [132.69387953876745, 17.719860802182193], [132.7008735874247, 17.716200191151124], [132.73179920604318, 17.700020876858463], [132.76272482466166, 17.69750712121776], [132.79365044328017, 17.700289879152535], [132.823133736066, 17.719860802182193], [132.82457606189865, 17.720533539880865], [132.85425344619384, 17.748411492792176], [132.85550168051714, 17.75020813077059], [132.87445539340155, 17.776962183402162], [132.88417759412295, 17.805512874012145], [132.88642729913562, 17.81098995979335], [132.90287066808168, 17.834063564622127], [132.91686161388998, 17.86261425523211], [132.91735291775413, 17.863303773747838], [132.94353204998148, 17.891164945842092], [132.9482785363726, 17.899473990730762], [132.96478448968455, 17.91971563645208], [132.97849332794192, 17.94826632706206], [132.9792041549911, 17.949908090813206], [133.00012888148274, 17.976817017672047], [133.0101297736096, 18.005077169964586], [133.0104444797343, 18.00536770828203], [133.0310366817747, 18.033918398892013], [133.03980000561015, 18.062469089501995], [133.0410553922281, 18.068686457938874], [133.0558720073025, 18.091019780111978], [133.06268591428505, 18.119570470721964], [133.06796295303116, 18.148121161331947], [133.07009341614736, 18.176671851941933], [133.07139180636187, 18.205222542551915], [133.07198101084657, 18.23342491782129], [133.0720308172824, 18.233773233161898], [133.07198101084657, 18.23422256651209], [133.07155759299417, 18.26232392377188], [133.06922266448893, 18.290874614381863], [133.06375463448506, 18.31942530499185], [133.05601973894125, 18.347975995601836], [133.0410553922281, 18.367011979894738], [133.0390533364078, 18.376526686211818], [133.03001775533556, 18.4050773768218], [133.0101297736096, 18.433013814648056], [133.0099739387018, 18.433628067431783], [133.00352168161143, 18.462178758041766], [133.0000604469207, 18.49072944865175], [132.99777530245012, 18.519280139261735], [133.00504574577832, 18.54783082987172], [133.0101297736096, 18.550885837861067], [133.0410553922281, 18.552587306677545], [133.07198101084657, 18.551922041778393], [133.10290662946508, 18.549358252945904], [133.107711802008, 18.54783082987172], [133.13383224808356, 18.53116829408738], [133.16475786670205, 18.522079675184788], [133.1700118841283, 18.519280139261735], [133.19568348532056, 18.499363583709055], [133.21006769718963, 18.49072944865175], [133.22660910393904, 18.477028510154284], [133.25753472255752, 18.469114065371894], [133.27396422636443, 18.462178758041766], [133.288460341176, 18.451507207826516], [133.31938595979452, 18.45395562478386], [133.33473971209492, 18.462178758041766], [133.350311578413, 18.46586613209415], [133.35448374712985, 18.462178758041766], [133.38123719703148, 18.437582841075255], [133.3845743205963, 18.433628067431783], [133.39536649654, 18.4050773768218], [133.39944594571426, 18.376526686211818], [133.41216281565, 18.35502107860172], [133.41388341144525, 18.347975995601836], [133.41530995143498, 18.31942530499185], [133.41721037089505, 18.290874614381863], [133.4250374638967, 18.26232392377188], [133.44308843426847, 18.244336963587948], [133.4536112868978, 18.233773233161898], [133.47401405288696, 18.21874638851675], [133.50493967150547, 18.205873381187466], [133.50611922095143, 18.205222542551915], [133.53586529012395, 18.184049160103733], [133.55753970144514, 18.176671851941933], [133.56679090874243, 18.168131089651208], [133.59771652736094, 18.151677775148713], [133.60479420609255, 18.148121161331947], [133.62864214597943, 18.126104620230706], [133.6396638755377, 18.119570470721964], [133.6595677645979, 18.101195097685654], [133.67099336390402, 18.091019780111978], [133.6904933832164, 18.07301726170988], [133.6957057675242, 18.062469089501995], [133.7214190018349, 18.03873049896827], [133.72239752513158, 18.033918398892013], [133.7271305936451, 18.00536770828203], [133.75174579411083, 17.976817017672047], [133.75234462045339, 17.976264178104106], [133.75436090017817, 17.948266327062058], [133.75849438167256, 17.91971563645208], [133.78327023907187, 17.891511802210445], [133.78330997548903, 17.891164945842092], [133.78520958576257, 17.86261425523211], [133.78872489144268, 17.834063564622127], [133.80728886000782, 17.805512874012145], [133.81419585769038, 17.799136298128218], [133.81701124113619, 17.776962183402162], [133.8211433508958, 17.748411492792176], [133.8348108304391, 17.719860802182193], [133.84512147630886, 17.70754625672356], [133.84736157839455, 17.691310111572207], [133.8515817696765, 17.662759420962225], [133.8564460252824, 17.634208730352242], [133.86362878832585, 17.60565803974226], [133.8728964981285, 17.577107349132277], [133.87604709492734, 17.566156602100705], [133.8766750297175, 17.54855665852229], [133.87753926877411, 17.520005967912304], [133.8783742403437, 17.49145527730232], [133.87905864390825, 17.46290458669234], [133.87904622613786, 17.434353896082357], [133.87718006521825, 17.405803205472374], [133.87604709492734, 17.39915018507742], [133.86569824710807, 17.37725251486239], [133.85115735707242, 17.348701824252405], [133.84512147630886, 17.332446915994776], [133.83640503266932, 17.32015113364242], [133.81789951171328, 17.291600443032436], [133.81419585769038, 17.285005896100785], [133.7951921383982, 17.263049752422454], [133.7854370485285, 17.23449906181247], [133.78327023907187, 17.230308537853098], [133.76349968414158, 17.20594837120249], [133.75893321435208, 17.177397680592502], [133.75234462045339, 17.15999382512408], [133.74434867591015, 17.14884698998252], [133.75234462045336, 17.140714350117165], [133.78327023907187, 17.12613962789828], [133.81419585769038, 17.136116006748193], [133.83677880423403, 17.14884698998252], [133.84512147630886, 17.153842917770756], [133.87162284542956, 17.177397680592502], [133.87604709492734, 17.181221504955275], [133.90025540348924, 17.20594837120249], [133.90697271354583, 17.216882921346688], [133.92039970274016, 17.23449906181247], [133.93789833216434, 17.25795569188286], [133.9431795675581, 17.263049752422454], [133.96354362993517, 17.291600443032436], [133.96882395078282, 17.304405612573206], [133.98069597383233, 17.32015113364242], [133.99623698497774, 17.348701824252405], [133.99974956940133, 17.35617567897343], [134.01705330959328, 17.37725251486239], [134.0306751880198, 17.400477234365773], [134.0359324293203, 17.405803205472374], [134.0556305182979, 17.434353896082357], [134.0616008066383, 17.45418019412999], [134.06911774607562, 17.46290458669234], [134.08531238816016, 17.49145527730232], [134.08981491052, 17.520005967912304], [134.09177756110392, 17.54855665852229], [134.09252642525678, 17.55660864719394], [134.1060304788931, 17.577107349132277], [134.11401412966703, 17.60565803974226], [134.11667618481172, 17.634208730352242], [134.1178878215901, 17.662759420962225], [134.11820507180423, 17.691310111572207], [134.1177326791114, 17.719860802182193], [134.116215608733, 17.748411492792176], [134.10953843481914, 17.776962183402162], [134.0985543678214, 17.805512874012145], [134.09252642525678, 17.818939628328316], [134.0917149892847, 17.834063564622127], [134.08933693215909, 17.86261425523211], [134.08303503561427, 17.891164945842092], [134.07173790697493, 17.91971563645208], [134.0616008066383, 17.935907941999513], [134.06073139241212, 17.94826632706206], [134.0574172260703, 17.976817017672047], [134.05265641664357, 18.00536770828203], [134.03888860895572, 18.033918398892013], [134.0306751880198, 18.044416490684256], [134.02950697895037, 18.062469089501995], [134.02611543768106, 18.091019780111978], [134.00984714898038, 18.11957047072196], [133.99974956940133, 18.128892608268437], [133.99880501891843, 18.148121161331947], [133.9974997952489, 18.176671851941933], [133.99312812084483, 18.205222542551915], [133.96882395078282, 18.22766027770389], [133.96858977173656, 18.233773233161898], [133.9676336130417, 18.26232392377188], [133.93789833216434, 18.28977568843998], [133.93715026611355, 18.290874614381863], [133.90697271354583, 18.318734686555548], [133.90634187296172, 18.31942530499185], [133.89155837741356, 18.347975995601836], [133.87604709492734, 18.362296091593798], [133.87509493555146, 18.376526686211818], [133.86871809049745, 18.4050773768218], [133.84512147630886, 18.426861892742156], [133.8428491350415, 18.433628067431783], [133.81419585769038, 18.46202255831374], [133.81410664766923, 18.462178758041766], [133.80005642117246, 18.49072944865175], [133.78327023907187, 18.506237764251754], [133.77900532639327, 18.519280139261735], [133.75234462045339, 18.545759469442835], [133.75083599065124, 18.54783082987172], [133.72855701666117, 18.576381520481704], [133.7214190018349, 18.58267197400065], [133.6904933832164, 18.601192581634358], [133.67011947273858, 18.604932211091686], [133.6595677645979, 18.61327454129492], [133.62864214597943, 18.62510918748503], [133.59771652736094, 18.63126574918131], [133.58622028702285, 18.63348290170167], [133.58053932683464, 18.66203359231165], [133.57098857849195, 18.690584282921638], [133.56679090874243, 18.70031499715791], [133.56132700592696, 18.71913497353162], [133.55507057799764, 18.747685664141606], [133.53586529012395, 18.77527209602189], [133.53514198670283, 18.77623635475159], [133.50787599926062, 18.80478704536157], [133.50493967150547, 18.807526228043628], [133.47401405288696, 18.82492394061724], [133.46045722936913, 18.833337735971554], [133.44308843426847, 18.846329869981286], [133.41216281565, 18.85554807513479], [133.39724005755744, 18.861888426581537], [133.38123719703145, 18.872512762099536], [133.350311578413, 18.880560934213225], [133.31938595979452, 18.887536445549845], [133.31540297412224, 18.890439117191523], [133.288460341176, 18.914564297538487], [133.28486141895587, 18.91898980780151], [133.27516035853753, 18.94754049841149], [133.2760270743314, 18.976091189021474], [133.27796955090244, 19.004641879631457], [133.27789925588905, 19.03319257024144], [133.27318585498023, 19.061743260851422], [133.25753472255752, 19.080283190150517], [133.2518295817718, 19.09029395146141], [133.22660910393904, 19.11600990562673], [133.22401498858807, 19.11884464207139], [133.19568348532056, 19.14518515749703], [133.19283716280805, 19.147395332681377], [133.16475786670205, 19.171750112319042], [133.15795457553634, 19.17594602329136], [133.13383224808356, 19.19248395047544], [133.1036540172923, 19.204496713901342], [133.10290662946508, 19.205147813482473], [133.07198101084657, 19.228671408225104], [133.06306344118127, 19.233047404511325], [133.0410553922281, 19.245524210681225], [133.0101297736096, 19.259245090746955], [133.00463060588294, 19.261598095121307], [132.9792041549911, 19.27301333763051], [132.9482785363726, 19.28651490708353], [132.93662548762387, 19.290148785731294], [132.91735291775413, 19.296022177487163], [132.88642729913562, 19.29757338245578], [132.85550168051714, 19.29688505164878], [132.82457606189865, 19.293984225421895], [132.82042157937752, 19.290148785731294], [132.79365044328017, 19.27138413277403], [132.76272482466166, 19.26392127490847], [132.76019733920415, 19.261598095121307], [132.73179920604318, 19.250409275597107], [132.7008735874247, 19.247520824452472], [132.66994796880618, 19.237608416578173], [132.66426920629533, 19.233047404511325], [132.6390223501877, 19.22846169772768], [132.60809673156922, 19.228402513523385], [132.59799221452926, 19.233047404511325], [132.60809673156922, 19.241087160518042], [132.6292175425899, 19.261598095121307], [132.6390223501877, 19.26723553905907], [132.666098273071, 19.290148785731294], [132.66994796880618, 19.292861214464196], [132.699019384924, 19.31869947634128], [132.7008735874247, 19.320226463577686], [132.73062242271172, 19.347250166951262], [132.73179920604318, 19.34831317033436], [132.7615104550854, 19.375800857561245], [132.76272482466166, 19.37695728488029], [132.79206060984893, 19.404351548171228], [132.79365044328017, 19.405839491829344], [132.82269952888473, 19.43290223878121], [132.82457606189865, 19.434611962009505], [132.85430468273756, 19.461452929391193], [132.85550168051714, 19.46248491606991], [132.88576331177944, 19.49000362000118], [132.88642729913562, 19.49063877482798], [132.91663035543155, 19.518554310611165], [132.91735291775413, 19.519334849705665], [132.94685807086225, 19.547105001221148], [132.9482785363726, 19.54887053517776], [132.97591085992815, 19.57565569183113], [132.9792041549911, 19.58076188028654], [133.00240210602234, 19.604206382441113], [133.0101297736096, 19.620653501227526], [133.02085803592445, 19.632757073051096], [133.03730283358965, 19.661307763661082], [133.0410553922281, 19.668488974026253], [133.06159099667647, 19.689858454271064], [133.07198101084657, 19.71010341973295], [133.079140160522, 19.71840914488105], [133.0985591526129, 19.746959835491033], [133.10290662946508, 19.758945623529762], [133.11545050080932, 19.775510526101016], [133.12845714737657, 19.804061216711], [133.13383224808356, 19.828941614692724], [133.13618269712103, 19.83261190732098], [133.15181178732348, 19.861162597930967], [133.15973222420712, 19.88971328854095], [133.16475786670205, 19.90482759480892], [133.17449238973333, 19.918263979150936], [133.19311233195452, 19.94681466976092], [133.18217275776215, 19.9753653603709], [133.16475786670205, 19.995686694019568], [133.15995055245384, 20.003916050980884], [133.15064160295188, 20.032466741590866], [133.13383224808356, 20.0567967361953], [133.1321043977381, 20.061017432200853], [133.11415802350407, 20.089568122810835], [133.10290662946508, 20.107270038752887], [133.09674199943782, 20.118118813420818], [133.07198101084657, 20.13516037024526], [133.05472940857277, 20.146669504030804], [133.0410553922281, 20.1586725879881], [133.01520335739195, 20.17522019464079], [133.0101297736096, 20.17972422884762], [132.9792041549911, 20.19272308200789], [132.9482785363726, 20.195888013416667], [132.91735291775413, 20.195833455374963], [132.88642729913562, 20.191567905802657], [132.86738330857918, 20.175220194640787], [132.85550168051714, 20.169660761565044], [132.82457606189865, 20.16005189573891], [132.80899124627365, 20.146669504030804], [132.79365044328017, 20.138596329393987], [132.76850636142117, 20.118118813420818], [132.76272482466166, 20.1157146212678], [132.73179920604318, 20.111948920098328], [132.7008735874247, 20.105246328986077], [132.6741733072776, 20.089568122810835], [132.66994796880618, 20.08892488557058], [132.6390223501877, 20.087533968263457], [132.60809673156922, 20.0856250680826], [132.57717111295074, 20.081483092170373], [132.54624549433223, 20.072451365863742], [132.51531987571374, 20.064286858342534], [132.51073389788363, 20.061017432200853], [132.48439425709526, 20.059852008444373], [132.46282375552678, 20.061017432200853], [132.48439425709526, 20.07710430831426], [132.49569053897073, 20.08956812281084], [132.51531987571377, 20.103891279855112], [132.53085138619366, 20.118118813420818], [132.54624549433223, 20.133321009396006], [132.55990203417036, 20.146669504030804], [132.57065429789196, 20.175220194640787], [132.57717111295074, 20.181328046809337], [132.60056732093966, 20.20377088525077], [132.60809673156922, 20.20616860811856], [132.6390223501877, 20.213368091114127], [132.66994796880618, 20.220975324437084], [132.6855282676736, 20.232321575860755], [132.7008735874247, 20.237471551544445], [132.73179920604318, 20.247144269950773], [132.74978235541744, 20.260872266470738], [132.76272482466166, 20.266030311634992], [132.79365044328017, 20.274439498369595], [132.8120439538058, 20.28942295708072], [132.82457606189865, 20.29513251698159], [132.85550168051714, 20.30371644030693], [132.8728475462156, 20.317973647690707], [132.88642729913562, 20.323200082615518], [132.91735291775413, 20.328902417785198], [132.9482785363726, 20.3388135971933], [132.95853578226684, 20.34652433830069], [132.9792041549911, 20.35316679979056], [133.0101297736096, 20.36486247600861], [133.02158042637933, 20.375075028910672], [133.0410553922281, 20.39196918257548], [133.0533963530441, 20.403625719520655], [133.07198101084657, 20.431642366089775], [133.07246877082068, 20.43217641013064], [133.0880904332193, 20.460727100740623], [133.09569561011958, 20.489277791350606], [133.10220914959285, 20.517828481960592], [133.10290662946508, 20.531051556843614], [133.105597493126, 20.546379172570575], [133.11906434507793, 20.574929863180557], [133.13383224808356, 20.584241042475306], [133.16475786670205, 20.59590442447622], [133.19568348532056, 20.601767987807904], [133.20552550228564, 20.60348055379054], [133.22660910393904, 20.604183555550712], [133.25753472255752, 20.60536476124254], [133.288460341176, 20.609287947030403], [133.31938595979452, 20.613459250354957], [133.350311578413, 20.61912139656759], [133.38118000183522, 20.632031244400526], [133.38123719703148, 20.63203667149827], [133.41216281565, 20.637837555556267], [133.44308843426847, 20.64742005937014], [133.4577117809971, 20.66058193501051], [133.47401405288696, 20.670411775042346], [133.49395719149757, 20.68913262562049], [133.50493967150547, 20.70453551589265], [133.51918114343601, 20.717683316230477], [133.5335994162259, 20.74623400684046], [133.53586529012395, 20.756445352485215], [133.54762665410775, 20.774784697450443], [133.55275253400507, 20.80333538806043], [133.55162959791113, 20.83188607867041], [133.5419849143422, 20.860436769280394], [133.53586529012395, 20.86732353066403], [133.52012953957723, 20.888987459890377], [133.50493967150544, 20.903032498126166], [133.47401405288696, 20.91404483567429], [133.44397647039662, 20.917538150500363], [133.44308843426847, 20.917926997406727], [133.41216281565, 20.931870165670677], [133.38123719703148, 20.94107141913041], [133.350311578413, 20.944512777737497], [133.3304985565891, 20.946088841110345], [133.31938595979452, 20.95136968684365], [133.288460341176, 20.965112622732647], [133.25753472255752, 20.974213493700653], [133.25648091433322, 20.974639531720328], [133.25753472255752, 20.977263045000186], [133.27649743522824, 21.003190222330314], [133.288460341176, 21.011988322116906], [133.31938595979452, 21.02172480425331], [133.350311578413, 21.02303379314212], [133.38123719703148, 21.019439662650342], [133.41216281565, 21.014997384354363], [133.44308843426847, 21.012221516509204], [133.47401405288696, 21.011219652105922], [133.50493967150547, 21.01198713347036], [133.53586529012395, 21.015752541267755], [133.56679090874243, 21.02864764532193], [133.57014148319814, 21.031740912940297], [133.59771652736094, 21.050018145057344], [133.62864214597943, 21.045001852828022], [133.6595677645979, 21.039568439801915], [133.6904933832164, 21.036936223107872], [133.7214190018349, 21.035623956216273], [133.75234462045339, 21.035105983262817], [133.78327023907187, 21.035280415505095], [133.81419585769038, 21.03644856160052], [133.84512147630886, 21.040162616307494], [133.87604709492734, 21.05980980284677], [133.8765810190202, 21.060291603550276], [133.90426781415576, 21.088842294160262], [133.90697271354583, 21.11002498744022], [133.90999456747016, 21.117392984770248], [133.90938909340443, 21.14594367538023], [133.90697271354583, 21.15096676020717], [133.90503944401974, 21.174494365990213], [133.89629317032472, 21.2030450566002], [133.87604709492734, 21.226307889506757], [133.87334956186774, 21.231595747210182], [133.84512147630886, 21.2571415603885], [133.84107288459964, 21.260146437820165], [133.81419585769038, 21.282382434042443], [133.7967529772301, 21.28869712843015], [133.78327023907187, 21.301870557502316], [133.75234462045339, 21.314789872108378], [133.74328287053123, 21.317247819040134], [133.7214190018349, 21.34036262047905], [133.6904933832164, 21.344108174261972], [133.67859698719474, 21.345798509650116], [133.6904933832164, 21.362966684053006], [133.7214190018349, 21.354093840021893], [133.75234462045339, 21.352457244932328], [133.78327023907187, 21.34899636960972], [133.79262399453353, 21.345798509650116], [133.81419585769038, 21.33544848969718], [133.84512147630886, 21.333027573482035], [133.87604709492734, 21.33155359718001], [133.90697271354583, 21.33149110472189], [133.93789833216437, 21.331617175920705], [133.9561516274356, 21.345798509650116], [133.95885535927727, 21.3743492002601], [133.96172810819252, 21.402899890870085], [133.96882395078282, 21.415285089683806], [133.98362142111472, 21.431450581480068], [133.99974956940133, 21.44028227256021], [134.0218837263178, 21.46000127209005], [134.02414856629258, 21.488551962700036], [134.01490319524666, 21.51710265331002], [133.99974956940133, 21.542663149569567], [133.9986109616724, 21.54565334392], [133.99348932037117, 21.574204034529984], [133.98984599674438, 21.60275472513997], [133.98723722227953, 21.631305415749953], [133.98316686126196, 21.659856106359932], [133.97295627495754, 21.68840679696992], [133.96882395078282, 21.701173409845268], [133.96623132418674, 21.716957487579904], [133.96775749326883, 21.745508178189887], [133.96882395078282, 21.7611728811663], [133.97068554008519, 21.774058868799877], [133.96882395078282, 21.781668021512182], [133.96592384695595, 21.802609559409856], [133.94019727445976, 21.831160250019842], [133.93789833216434, 21.83326052602782], [133.91877308386367, 21.859710940629817], [133.90697271354583, 21.88616147784905], [133.90656635996567, 21.888261631239807], [133.89257724014368, 21.91681232184979], [133.87604709492734, 21.93195309078007], [133.85583458123318, 21.945363012459772], [133.84512147630886, 21.9552534061796], [133.81419585769038, 21.965338010388344], [133.78327023907187, 21.9685308898856], [133.75383536921137, 21.97391370306976], [133.75234462045339, 21.97528997001179], [133.7214190018349, 21.986408935327724], [133.6904933832164, 21.991860424515572], [133.6595677645979, 21.9953390465681], [133.62864214597943, 21.998031776534603], [133.61061679335518, 22.00246439367974], [133.59771652736094, 22.013651941003896], [133.56679090874243, 22.02084728932235], [133.53586529012395, 22.025779744663645], [133.510530377015, 22.031015084289724], [133.50493967150547, 22.03531375173058], [133.47401405288696, 22.045728943243397], [133.44308843426847, 22.051306374218928], [133.41216281565, 22.054633940967634], [133.38123719703148, 22.058413653426495], [133.3741195647401, 22.05956577489971], [133.350311578413, 22.075186819974153], [133.31938595979452, 22.081271407075853], [133.288460341176, 22.08413040169443], [133.26067327287868, 22.088116465509692], [133.25753472255752, 22.091013991353513], [133.22660910393904, 22.10708114579259], [133.19568348532056, 22.111088496617363], [133.16664010002597, 22.116667156119675], [133.16475786670205, 22.118404843632103], [133.13383224808356, 22.13285482303364], [133.10290662946508, 22.13723706132908], [133.07198101084657, 22.14435784718736], [133.0645518242823, 22.145217846729658], [133.0410553922281, 22.153109307099047], [133.0101297736096, 22.156060263944294], [132.9792041549911, 22.155640130961018], [132.9482785363726, 22.151943360891853], [132.92415028139513, 22.145217846729658], [132.91735291775413, 22.144410049350874], [132.88642729913562, 22.135297613360063], [132.85550168051714, 22.130813199713636], [132.82457606189865, 22.12011128115838], [132.82084544470007, 22.116667156119675], [132.79365044328017, 22.105779310540044], [132.76272482466166, 22.093446821731252], [132.75695107418184, 22.088116465509692], [132.73179920604318, 22.066413401472545], [132.72424046278252, 22.059565774899703], [132.70446887457103, 22.031015084289724], [132.7008735874247, 22.00353211741095], [132.70063920390197, 22.00246439367974], [132.69894760589187, 21.97391370306976], [132.70060224962359, 21.945363012459772], [132.7008735874247, 21.942795449671493], [132.70217143816137, 21.91681232184979], [132.70344532287248, 21.888261631239807], [132.70332585596154, 21.85971094062982], [132.7008735874247, 21.844470811263204], [132.69715403773165, 21.831160250019835], [132.67916980873957, 21.802609559409856], [132.66994796880618, 21.78573608086516], [132.663428938553, 21.774058868799873], [132.6390223501877, 21.747900002057452], [132.63646944636912, 21.745508178189887], [132.60809673156922, 21.71734419396727], [132.60749944154807, 21.716957487579908], [132.57717111295074, 21.700346037410295], [132.5544691887038, 21.68840679696992], [132.54624549433223, 21.683396560666132], [132.51531987571377, 21.66060614425902], [132.51389236622146, 21.659856106359936], [132.48439425709526, 21.646077516595618], [132.4631909159017, 21.631305415749953], [132.45346863847675, 21.622962224379602], [132.43140850553388, 21.60275472513997], [132.42254301985827, 21.594924543129256], [132.3981947982396, 21.574204034529984], [132.39161740123978, 21.56943831860097], [132.36069178262127, 21.548378797156964], [132.345244203935, 21.54565334392], [132.3297661640028, 21.543517710040913], [132.2988405453843, 21.54392476796008], [132.2787452053701, 21.54565334392], [132.2679149267658, 21.546786586863444], [132.23698930814732, 21.56561007659742], [132.20606368952883, 21.571512120395504], [132.20011542559538, 21.574204034529984], [132.17513807091035, 21.5891655258718], [132.14421245229184, 21.5930846808857], [132.11328683367336, 21.594449952384], [132.08236121505487, 21.593402904728833], [132.05143559643636, 21.586696724659852], [132.0266802040044, 21.574204034529984], [132.02050997781788, 21.57199728410215], [131.9895843591994, 21.56132597090562], [131.9625193616391, 21.54565334392], [131.9586587405809, 21.5438117644752], [131.9277331219624, 21.529242186426757], [131.9134705252753, 21.51710265331002], [131.89680750334392, 21.505682732078483], [131.8675426150247, 21.488551962700036], [131.8658818847254, 21.48768995806406], [131.83495626610693, 21.4705723240821], [131.82287211309932, 21.460001272090047], [131.80403064748845, 21.44783297022628], [131.77310502886996, 21.43161764569754], [131.77287371404378, 21.431450581480068], [131.74217941025145, 21.413790373259722], [131.73005182005306, 21.402899890870085], [131.71125379163297, 21.390235328827323], [131.68210387593442, 21.3743492002601], [131.6803281730145, 21.373371892118495], [131.64940255439598, 21.351479312209037], [131.6275573127347, 21.3743492002601], [131.63532754056146, 21.402899890870085], [131.64410666676426, 21.431450581480068], [131.64940255439598, 21.444134055847798], [131.6620191500838, 21.460001272090047], [131.66891452580796, 21.488551962700036], [131.67469672229345, 21.51710265331002], [131.67977510687334, 21.54565334392], [131.67430369732097, 21.574204034529984], [131.66585575977552, 21.60275472513997], [131.66005577934857, 21.631305415749953], [131.66616941811964, 21.659856106359936], [131.6803281730145, 21.684500001938982], [131.68242473155445, 21.68840679696992], [131.69111533098982, 21.716957487579904], [131.6803281730145, 21.725725214145637], [131.64940255439598, 21.72983949076722], [131.6307947265197, 21.716957487579904], [131.6184769357775, 21.709254959791053], [131.587551317159, 21.705222276207735], [131.55662569854053, 21.706203767642045], [131.52570007992202, 21.711925273850227], [131.49477446130354, 21.716849587879267], [131.49408702245103, 21.716957487579904], [131.46384884268502, 21.730008695567385], [131.43292322406654, 21.739750748117114], [131.40199760544806, 21.743191543379858], [131.37107198682958, 21.74495442966855], [131.3437278527067, 21.745508178189887], [131.34014636821104, 21.74598384722162], [131.33570592387946, 21.745508178189887], [131.30922074959258, 21.745077807691903], [131.2782951309741, 21.742776793386685], [131.2473695123556, 21.734811292968992], [131.22475456193388, 21.716957487579904], [131.2164438937371, 21.71310228717496], [131.18679295236268, 21.68840679696992], [131.18551827511862, 21.687531880745368], [131.15459265650014, 21.66685702980667], [131.14696239744347, 21.659856106359936], [131.12366703788163, 21.63757929313153], [131.11690518261702, 21.631305415749953], [131.09274141926315, 21.606669326553707], [131.08854671706914, 21.602754725139974], [131.0619931033599, 21.574204034529984], [131.06181580064467, 21.573976910343408], [131.03689590087995, 21.54565334392], [131.03089018202616, 21.53456330668495], [131.01545426349634, 21.51710265331002], [130.99996456340767, 21.488684735205698], [130.99983705155805, 21.488551962700036], [130.98104779693801, 21.46000127209005], [130.97584054316098, 21.431450581480068], [130.9690389447892, 21.405233830832923], [130.96720286740742, 21.402899890870085], [130.95422884397587, 21.3743492002601], [130.9523861574102, 21.345798509650116], [130.953232314207, 21.317247819040134], [130.95748853835266, 21.28869712843015], [130.9690389447892, 21.2734936452827], [130.97787324366973, 21.260146437820165], [130.99996456340767, 21.23857856958192], [131.00940660583439, 21.231595747210182], [131.03089018202616, 21.21514837478785], [131.06181580064467, 21.210758868752563], [131.09274141926315, 21.209077964139468], [131.12366703788163, 21.20870674437748], [131.15459265650014, 21.209059825499466], [131.18551827511862, 21.209723539990016], [131.2164438937371, 21.210220970462963], [131.2473695123556, 21.210100219974848], [131.2782951309741, 21.209271481177815], [131.30922074959258, 21.203722824505814], [131.31243085279135, 21.2030450566002], [131.34014636821107, 21.19193008212806], [131.37107198682958, 21.188074509317524], [131.40199760544806, 21.17589862933448], [131.40431406923747, 21.174494365990213], [131.40199760544806, 21.1657265505907], [131.39808003027892, 21.14594367538023], [131.37107198682958, 21.118264897429388], [131.37012754598456, 21.117392984770245], [131.34116139330652, 21.088842294160262], [131.34014636821107, 21.087780081392616], [131.312854275558, 21.060291603550283], [131.30922074959258, 21.05630054310932], [131.2849479484982, 21.031740912940297], [131.2782951309741, 21.024329080831503], [131.25736719776384, 21.003190222330314], [131.2473695123556, 20.99228632699102], [131.22961523834115, 20.974639531720328], [131.2164438937371, 20.961296940818784], [131.2006293670724, 20.946088841110345], [131.18551827511862, 20.93252568534993], [131.169213777214, 20.917538150500363], [131.15459265650014, 20.906425517368085], [131.13451004271099, 20.888987459890377], [131.12366703788163, 20.882197155533923], [131.09274141926315, 20.872936220676877], [131.07601788314278, 20.860436769280394], [131.06181580064467, 20.8534524091906], [131.03089018202616, 20.848022441391517], [130.99996456340767, 20.84160593702855], [130.98900247274025, 20.83188607867041], [130.9690389447892, 20.815672950296833], [130.95583417292787, 20.803335388060425], [130.93811332617068, 20.7825075023846], [130.9311116685767, 20.774784697450443], [130.91859685496183, 20.74623400684046], [130.9071877075522, 20.72484292284618], [130.9010341830871, 20.717683316230477], [130.89174158413414, 20.68913262562049], [130.8840795039489, 20.66058193501051], [130.87626208893371, 20.633824508620435], [130.87485693239208, 20.632031244400526], [130.86523342082785, 20.60348055379054], [130.85882539244778, 20.574929863180557], [130.85122207409512, 20.546379172570575], [130.8453364703152, 20.525805360041645], [130.83944352019145, 20.517828481960592], [130.8285164979872, 20.489277791350606], [130.8183224603163, 20.460727100740623], [130.81441085169672, 20.448281839553744], [130.80325513375982, 20.43217641013064], [130.79047172370218, 20.403625719520655], [130.78348523307824, 20.377472969676734], [130.78194169866453, 20.375075028910672], [130.76582219984732, 20.34652433830069], [130.75727180169167, 20.317973647690707], [130.75290075224896, 20.28942295708072], [130.75255961445976, 20.288366387507295], [130.73428573620552, 20.260872266470738], [130.7257178806144, 20.232321575860755], [130.72163399584124, 20.223551551480057], [130.70589481808838, 20.20377088525077], [130.69728843480365, 20.175220194640787], [130.69070837722276, 20.1624712836418], [130.67759061554554, 20.146669504030804], [130.67087994150617, 20.118118813420818], [130.65978275860428, 20.093498155357967], [130.65654139984366, 20.089568122810835], [130.65231885365938, 20.061017432200853], [130.6534349658009, 20.032466741590866], [130.65978275860428, 20.024656126675993], [130.66809610514775, 20.003916050980884], [130.6695489274997, 19.9753653603709], [130.6709874222149, 19.94681466976092], [130.67316512494773, 19.918263979150936], [130.67644331881422, 19.88971328854095], [130.68262119723278, 19.861162597930967], [130.69070837722276, 19.85170109517132], [130.6974094516439, 19.83261190732098], [130.70054282333254, 19.804061216711], [130.70425435184092, 19.775510526101016], [130.71123313917198, 19.746959835491033], [130.72163399584124, 19.732659203278843], [130.7247348493797, 19.71840914488105], [130.72644422598722, 19.689858454271068], [130.72822520775102, 19.661307763661082], [130.72989076600226, 19.632757073051096], [130.73149534945085, 19.604206382441113], [130.73341408102053, 19.57565569183113], [130.73629859278657, 19.547105001221148], [130.74716305364743, 19.518554310611165], [130.75255961445976, 19.510302175144282], [130.7562098850982, 19.49000362000118], [130.7589285766739, 19.461452929391193], [130.76291912813417, 19.43290223878121], [130.77481894989526, 19.404351548171228], [130.78348523307824, 19.38841032786567], [130.78512532364505, 19.375800857561245], [130.7859695306905, 19.347250166951262], [130.7865194155936, 19.31869947634128], [130.7868909211892, 19.290148785731294], [130.78721756302247, 19.261598095121307], [130.78754642595172, 19.233047404511325], [130.78785329318208, 19.204496713901342], [130.78816732241776, 19.17594602329136], [130.7886499923039, 19.147395332681377], [130.78957493062254, 19.11884464207139], [130.79136231968116, 19.09029395146141], [130.7947677979542, 19.061743260851422], [130.80147879269802, 19.03319257024144], [130.81441085169672, 19.01770682254532], [130.8178341637932, 19.004641879631457], [130.8224295375527, 18.976091189021474], [130.8327767826607, 18.94754049841149], [130.8453364703152, 18.933264994289402], [130.85047889644383, 18.918989807801506], [130.86039473670252, 18.890439117191523], [130.87626208893371, 18.872390421225955], [130.88044559538514, 18.861888426581537], [130.8905314653424, 18.833337735971554], [130.9071877075522, 18.812701548943487], [130.90968006833418, 18.80478704536157], [130.9110173947902, 18.77623635475159], [130.9071877075522, 18.76257805790403], [130.89708998200607, 18.747685664141606], [130.88501961973333, 18.71913497353162], [130.87626208893371, 18.70685681763313], [130.86438735130244, 18.690584282921638], [130.85079671715684, 18.66203359231165], [130.8453364703152, 18.656446026691558], [130.81441085169672, 18.645508001567656], [130.79789310899875, 18.63348290170167], [130.78348523307824, 18.626964205136627], [130.75255961445976, 18.62030642381557], [130.72869831783248, 18.604932211091686], [130.72163399584124, 18.602354175211552], [130.69070837722276, 18.593491554666645], [130.66630796660456, 18.576381520481704], [130.65978275860428, 18.573245000972772], [130.62885713998577, 18.55993834562159], [130.61098419297556, 18.54783082987172], [130.5979315213673, 18.541301936994802], [130.5670059027488, 18.523796444153575], [130.5618305887283, 18.519280139261735], [130.53608028413032, 18.49778052369537], [130.52869315824785, 18.49072944865175], [130.5073465622889, 18.462178758041766], [130.5051546655118, 18.43634788589022], [130.50477347477974, 18.433628067431783], [130.5051546655118, 18.43296609985491], [130.51233516463103, 18.4050773768218], [130.52505826840218, 18.376526686211818], [130.53608028413032, 18.362948795321323], [130.54525060989243, 18.347975995601836], [130.5670059027488, 18.326967373830023], [130.57946520602505, 18.31942530499185], [130.5979315213673, 18.306472069694966], [130.62360464524187, 18.290874614381863], [130.62885713998577, 18.28654044154843], [130.65978275860428, 18.27215903852112], [130.69070837722276, 18.268697883104032], [130.72163399584124, 18.26919566806862], [130.75255961445976, 18.274252844825266], [130.77419445488238, 18.290874614381863], [130.78348523307824, 18.29829939544439], [130.80113341981706, 18.31942530499185], [130.8118486676562, 18.347975995601836], [130.81441085169672, 18.35269193603], [130.8328349211021, 18.376526686211818], [130.8453364703152, 18.404400538398193], [130.84944272149494, 18.4050773768218], [130.87626208893371, 18.40692611627658], [130.8776426919734, 18.4050773768218], [130.88505964471662, 18.376526686211818], [130.8845546056504, 18.347975995601836], [130.88233595080033, 18.31942530499185], [130.88045319914121, 18.290874614381863], [130.8792991991512, 18.26232392377188], [130.8784979773284, 18.233773233161898], [130.87626208893371, 18.212106210200165], [130.86880581814523, 18.205222542551915], [130.85537693928296, 18.176671851941933], [130.84868743665072, 18.148121161331947], [130.84636985576503, 18.119570470721964], [130.8453364703152, 18.11493337179364], [130.81943367776117, 18.091019780111978], [130.8156146069599, 18.062469089501995], [130.81441085169672, 18.055403039183602], [130.7911390576484, 18.033918398892013], [130.784971300371, 18.00536770828203], [130.78348523307824, 17.998072805418367], [130.76051684327493, 17.976817017672047], [130.75395082386717, 17.94826632706206], [130.75255961445976, 17.94104442949092], [130.73036026559544, 17.91971563645208], [130.72333329299826, 17.891164945842092], [130.72163399584124, 17.87969952446737], [130.70435667910945, 17.86261425523211], [130.69397550243144, 17.834063564622127], [130.69134488053527, 17.805512874012145], [130.69070837722276, 17.801012191236236], [130.66784772236474, 17.776962183402162], [130.66248888616744, 17.748411492792176], [130.66044460657525, 17.719860802182193], [130.65978275860428, 17.703456672629216], [130.65236939698775, 17.691310111572207], [130.64650425421814, 17.662759420962225], [130.64891602619807, 17.634208730352242], [130.65978275860428, 17.61019043676681], [130.65998120999325, 17.60565803974226], [130.66285945240892, 17.577107349132277], [130.6738438152381, 17.54855665852229], [130.69070837722276, 17.529725909963783], [130.69599623846383, 17.520005967912304], [130.72163399584124, 17.495615630241986], [130.72717881313946, 17.49145527730232], [130.75255961445976, 17.4694065850354], [130.76958547667917, 17.46290458669234], [130.78348523307824, 17.4526062875724], [130.81441085169672, 17.43843517383557], [130.839770692969, 17.434353896082357], [130.8453364703152, 17.431279400137463], [130.87626208893371, 17.417619115431897], [130.8919381875118, 17.405803205472374], [130.9071877075522, 17.390206546741616], [130.91172989635504, 17.37725251486239], [130.9165608477772, 17.348701824252405], [130.9212822870237, 17.32015113364242], [130.93490427958153, 17.291600443032436], [130.93811332617068, 17.28805557089018], [130.9423464283047, 17.263049752422454], [130.94839229228762, 17.23449906181247], [130.9690389447892, 17.21281977172152], [130.9718367225077, 17.20594837120249], [130.98356790491235, 17.177397680592502], [130.99996456340767, 17.16126702720587], [131.03089018202616, 17.151042099577786], [131.0380824980331, 17.14884698998252], [131.06181580064467, 17.130084502013958]]]}, "properties": {"fillColor": "#8A2BE2", "fillOpacity": 0.7, "color": "#000000", "weight": 0.2, "stroke": false}}, {"type": "Feature", "geometry": {"type": "Polygon", "coordinates": [[[130.79602112399493, 17.577107349132277], [130.78348523307824, 17.580111852168066], [130.75255961445976, 17.60547316821817], [130.75240587118878, 17.60565803974226], [130.73429319983023, 17.634208730352242], [130.72766801127318, 17.662759420962225], [130.72673118236875, 17.691310111572207], [130.72926563411943, 17.719860802182193], [130.73474980080596, 17.748411492792176], [130.74432864603472, 17.776962183402162], [130.75255961445976, 17.793096637223577], [130.75556139433334, 17.805512874012145], [130.76406374807124, 17.834063564622127], [130.77819013306214, 17.86261425523211], [130.78348523307824, 17.870878774169135], [130.78976839825737, 17.891164945842092], [130.80242030332604, 17.91971563645208], [130.81441085169672, 17.93748666200976], [130.81814447197476, 17.94826632706206], [130.8300573691266, 17.976817017672047], [130.8453364703152, 17.999283831713807], [130.84752703434995, 18.00536770828203], [130.8588083501399, 18.033918398892013], [130.87626208893371, 18.05919674593799], [130.87764697070915, 18.062469089501995], [130.8912933547368, 18.091019780111978], [130.9071877075522, 18.11171329324369], [130.9118963645398, 18.119570470721964], [130.93157831135642, 18.148121161331947], [130.93811332617068, 18.1572340988438], [130.94996703407193, 18.176671851941933], [130.96662138431032, 18.205222542551915], [130.9690389447892, 18.21040057364706], [130.97620457762034, 18.233773233161898], [130.9869342345682, 18.26232392377188], [130.99996456340767, 18.286926804182663], [131.00156421957553, 18.290874614381867], [131.0130780901172, 18.31942530499185], [131.02655676304195, 18.347975995601836], [131.03089018202616, 18.35771973692373], [131.03839156185015, 18.376526686211818], [131.04822772890773, 18.4050773768218], [131.05460139684962, 18.433628067431783], [131.0568069913124, 18.462178758041766], [131.05689500236184, 18.49072944865175], [131.0570026439982, 18.519280139261735], [131.05819276269006, 18.54783082987172], [131.06090603006064, 18.576381520481704], [131.06181580064467, 18.582478422599717], [131.06358994857533, 18.604932211091686], [131.06651153005893, 18.63348290170167], [131.06939324455743, 18.66203359231165], [131.07135307443536, 18.690584282921638], [131.07192377948996, 18.71913497353162], [131.07097892414433, 18.747685664141606], [131.06855563174005, 18.77623635475159], [131.06503810670375, 18.804787045361575], [131.06181580064467, 18.824180459951315], [131.05980500852053, 18.833337735971554], [131.05208287432453, 18.861888426581537], [131.04271735214348, 18.890439117191523], [131.03198184240506, 18.91898980780151], [131.03089018202616, 18.921658699160698], [131.01913723737977, 18.94754049841149], [131.00691286393072, 18.976091189021474], [130.99996456340767, 18.992914750622994], [130.99446763934827, 19.004641879631457], [130.9814214809544, 19.03319257024144], [130.96972979580644, 19.061743260851422], [130.9690389447892, 19.063444073199587], [130.9575647343568, 19.09029395146141], [130.94819876579575, 19.11884464207139], [130.94280362996102, 19.147395332681377], [130.9409232012858, 19.17594602329136], [130.94283351317705, 19.204496713901342], [130.94902569741015, 19.233047404511325], [130.95993116786002, 19.261598095121307], [130.9690389447892, 19.281608445759282], [130.9722932604321, 19.290148785731294], [130.98010134232905, 19.31869947634128], [130.98488258406587, 19.347250166951262], [130.9874087045702, 19.375800857561245], [130.98718336694122, 19.404351548171228], [130.98517279802928, 19.43290223878121], [130.9816290476032, 19.461452929391193], [130.97642781178695, 19.49000362000118], [130.9692204320186, 19.518554310611165], [130.9690389447892, 19.519036977692004], [130.95599834908126, 19.547105001221148], [130.94191941641088, 19.57565569183113], [130.9381133261707, 19.58281710141429], [130.92500176343646, 19.604206382441113], [130.9107033630352, 19.632757073051092], [130.9071877075522, 19.641275571781033], [130.89733985363733, 19.661307763661082], [130.88742682827893, 19.689858454271064], [130.881022015108, 19.71840914488105], [130.87740420940645, 19.746959835491033], [130.8763936314702, 19.775510526101016], [130.87774591131026, 19.804061216711], [130.88067430679448, 19.83261190732098], [130.88423786330287, 19.861162597930967], [130.888078034699, 19.889713288540946], [130.89237211112092, 19.918263979150936], [130.8973339822801, 19.94681466976092], [130.90299658314973, 19.9753653603709], [130.9071877075522, 19.994708530053693], [130.90891495458177, 20.003916050980884], [130.91433512400627, 20.032466741590866], [130.91941190202732, 20.061017432200853], [130.92372604848936, 20.089568122810835], [130.92758678750306, 20.118118813420818], [130.93186442811765, 20.146669504030804], [130.93756950963143, 20.175220194640787], [130.93811332617068, 20.17727702744147], [130.94442161978597, 20.20377088525077], [130.95416340480207, 20.232321575860755], [130.96776264860745, 20.260872266470738], [130.9690389447892, 20.26321255184465], [130.98471852548772, 20.28942295708072], [130.99996456340767, 20.31048438585879], [131.0067374434276, 20.317973647690707], [131.03089018202616, 20.34386744662587], [131.03425905827652, 20.34652433830069], [131.06181580064467, 20.371297514238535], [131.0678949090528, 20.375075028910672], [131.09274141926315, 20.394036416855126], [131.1153493433019, 20.403625719520655], [131.12366703788163, 20.407948152033526], [131.15459265650014, 20.411806887912608], [131.18374749006082, 20.403625719520655], [131.18551827511862, 20.403229129461973], [131.2164438937371, 20.388735072960824], [131.2393648424103, 20.375075028910672], [131.2473695123556, 20.371884453094], [131.2782951309741, 20.358916214148024], [131.303907808586, 20.34652433830069], [131.30922074959258, 20.34490192144052], [131.34014636821107, 20.3366828347928], [131.37107198682958, 20.333423044000185], [131.40199760544806, 20.333982878338233], [131.43292322406654, 20.335759213793523], [131.46384884268502, 20.33756343915504], [131.49477446130354, 20.34102962502835], [131.51265409240605, 20.34652433830069], [131.52570007992202, 20.353118793303878], [131.5506816963035, 20.375075028910672], [131.55662569854053, 20.381893744117836], [131.57340212112416, 20.403625719520655], [131.587551317159, 20.420851119236744], [131.59799172129587, 20.432176410130644], [131.6184769357775, 20.454600392009414], [131.62522980638994, 20.460727100740623], [131.64940255439595, 20.488976522158616], [131.64969970410033, 20.489277791350606], [131.66912479852135, 20.517828481960592], [131.6803281730145, 20.540305484687224], [131.68384935715318, 20.546379172570575], [131.6967026485708, 20.574929863180557], [131.7083683527257, 20.60348055379054], [131.71125379163297, 20.61103937107202], [131.72114775746576, 20.632031244400526], [131.73629108777536, 20.66058193501051], [131.74217941025145, 20.670303216735753], [131.75718357972255, 20.68913262562049], [131.77310502886996, 20.705873872702757], [131.78851139852466, 20.717683316230477], [131.80403064748845, 20.72819799775776], [131.83495626610693, 20.743514989957934], [131.84203485530153, 20.74623400684046], [131.8658818847254, 20.755134732239284], [131.89680750334392, 20.764347680305786], [131.9277331219624, 20.77138484263921], [131.9470062032942, 20.774784697450443], [131.9586587405809, 20.776902735707935], [131.9895843591994, 20.781006167790924], [132.02050997781788, 20.78273965465154], [132.05143559643636, 20.782130153116164], [132.08236121505487, 20.779706615718553], [132.11328683367336, 20.77641156408573], [132.12850424418718, 20.774784697450443], [132.14421245229184, 20.773472442562294], [132.17513807091035, 20.77152560562473], [132.20606368952883, 20.770685620166823], [132.23698930814732, 20.770711818338267], [132.2679149267658, 20.771028557652514], [132.2988405453843, 20.772378745390682], [132.30859704632974, 20.774784697450443], [132.3297661640028, 20.781575216313197], [132.34881759476718, 20.80333538806043], [132.36069178262127, 20.81775211015953], [132.3685168768444, 20.83188607867041], [132.39161740123978, 20.856119119371744], [132.39690354711573, 20.860436769280394], [132.42254301985827, 20.873387888453884], [132.45346863847675, 20.88047525513651], [132.48439425709526, 20.882600628923832], [132.51531987571374, 20.882985477069624], [132.54624549433223, 20.883599905332673], [132.57717111295074, 20.88537418423314], [132.60809673156922, 20.888710570614872], [132.6097425099228, 20.888987459890377], [132.6390223501877, 20.89617321092749], [132.66994796880618, 20.911483059884752], [132.67647713818744, 20.917538150500363], [132.69451305255816, 20.946088841110345], [132.7008735874247, 20.953803308267098], [132.7147997871515, 20.974639531720328], [132.73179920604318, 20.988465964475267], [132.75503795734505, 21.003190222330314], [132.76272482466166, 21.006937537342225], [132.79365044328017, 21.01813538805228], [132.82457606189865, 21.025022073225443], [132.85550168051714, 21.028680670845855], [132.88642729913562, 21.029076759749763], [132.91735291775413, 21.02626339719677], [132.9482785363726, 21.02028098957866], [132.9792041549911, 21.00971340576911], [132.99260053521382, 21.003190222330314], [133.0101297736096, 20.998054481307406], [133.0410553922281, 20.985693070567322], [133.0595096823218, 20.974639531720328], [133.07198101084657, 20.969851069258134], [133.10290662946508, 20.954999951203355], [133.11712190041484, 20.946088841110345], [133.13383224808356, 20.939181104001086], [133.16475786670205, 20.923745014405057], [133.1757312550251, 20.917538150500363], [133.19568348532056, 20.909515186278515], [133.22660910393904, 20.895330399396492], [133.23923667856815, 20.888987459890377], [133.25753472255752, 20.88174644065799], [133.288460341176, 20.8686008006205], [133.3054530422014, 20.860436769280394], [133.31938595979452, 20.854235752532173], [133.350311578413, 20.83841768864706], [133.3608813986394, 20.83188607867041], [133.38123719703148, 20.811597213348325], [133.3884984044978, 20.80333538806043], [133.39242180961992, 20.774784697450443], [133.38123719703148, 20.757226146029286], [133.37335791517918, 20.74623400684046], [133.350311578413, 20.731531369112105], [133.31938595979452, 20.721049417593978], [133.297962393693, 20.717683316230477], [133.288460341176, 20.71578071481109], [133.25753472255752, 20.713579975922862], [133.22660910393904, 20.714818652813566], [133.20494592887377, 20.717683316230477], [133.19568348532056, 20.71843179644365], [133.16475786670205, 20.72202164870951], [133.13383224808356, 20.726556675939662], [133.10290662946508, 20.731630335827028], [133.07198101084657, 20.73635913199933], [133.0410553922281, 20.739395375366236], [133.0101297736096, 20.739497735600608], [132.9792041549911, 20.73601188119104], [132.9482785363726, 20.728765957318892], [132.91735291775413, 20.718410750744734], [132.91552604965293, 20.717683316230477], [132.88642729913562, 20.707410005575305], [132.85550168051714, 20.69793567344031], [132.82457606189865, 20.690466087374553], [132.8175026276556, 20.68913262562049], [132.79365044328017, 20.68378033990633], [132.76272482466166, 20.679238537275463], [132.73179920604318, 20.677498157152193], [132.7008735874247, 20.676441750931694], [132.66994796880618, 20.671817841522767], [132.65224853185526, 20.66058193501051], [132.66994796880618, 20.64648940815691], [132.68395171480677, 20.632031244400526], [132.7008735874247, 20.62449220172767], [132.73179920604318, 20.60795626558156], [132.73875226347562, 20.60348055379054], [132.76272482466166, 20.591705861736408], [132.7899671613491, 20.574929863180557], [132.79365044328017, 20.572313224180558], [132.82457606189865, 20.549655323325855], [132.8289638632491, 20.546379172570575], [132.85135104056124, 20.517828481960592], [132.85057387436544, 20.48927779135061], [132.82457606189865, 20.464188038978502], [132.82021755845756, 20.460727100740623], [132.79365044328017, 20.447910052389318], [132.76272482466166, 20.436761633361108], [132.74618744781932, 20.43217641013064], [132.73179920604318, 20.427782530799995], [132.7008735874247, 20.419252089071904], [132.66994796880618, 20.410473845390356], [132.64870179088734, 20.403625719520655], [132.6390223501877, 20.399104788923385], [132.60809673156922, 20.38201693194693], [132.5970697294017, 20.375075028910672], [132.57717111295074, 20.364795110127396], [132.54624549433223, 20.352108809804506], [132.52746757478647, 20.34652433830069], [132.51531987571374, 20.34349627885113], [132.48439425709526, 20.337441342971015], [132.45346863847675, 20.332313675781172], [132.42254301985827, 20.32700820239366], [132.39161740123978, 20.32057325696079], [132.38183844887462, 20.317973647690707], [132.36069178262127, 20.310496052049125], [132.3297661640028, 20.296388713138185], [132.31742568479575, 20.289422957080717], [132.2988405453843, 20.275641093887415], [132.28080400826596, 20.260872266470738], [132.2679149267658, 20.249642712973984], [132.24720690240588, 20.232321575860755], [132.23698930814732, 20.224482591265172], [132.20606368952883, 20.204080868627837], [132.20548418936443, 20.20377088525077], [132.17513807091035, 20.189078337648795], [132.14421245229184, 20.17746806948535], [132.1367170810482, 20.175220194640787], [132.11328683367336, 20.16811570701383], [132.08236121505487, 20.158988124951662], [132.05143559643636, 20.14756456746889], [132.04953802759638, 20.146669504030804], [132.02050997781788, 20.13103892154431], [132.00364920023, 20.118118813420818], [131.9895843591994, 20.104023735746196], [131.97830709055523, 20.089568122810835], [131.96234536854507, 20.061017432200853], [131.9586587405809, 20.051934611193502], [131.95154069613665, 20.032466741590866], [131.94391393806166, 20.003916050980884], [131.93853024571513, 19.9753653603709], [131.9346586871552, 19.94681466976092], [131.92951006786296, 19.918263979150936], [131.9277331219624, 19.91404174135076], [131.91680332376532, 19.88971328854095], [131.89680750334392, 19.872844136002044], [131.88088267416464, 19.861162597930967], [131.8658818847254, 19.853373895353677], [131.83495626610693, 19.836507467992796], [131.82845413430007, 19.83261190732098], [131.80403064748845, 19.818401183745877], [131.78496220579484, 19.804061216711], [131.77310502886996, 19.79317354797594], [131.76166335228822, 19.775510526101016], [131.75704156919255, 19.746959835491033], [131.7596676015918, 19.71840914488105], [131.76390954006564, 19.689858454271064], [131.76713761422792, 19.661307763661082], [131.76890317379042, 19.632757073051096], [131.76901492459675, 19.604206382441113], [131.76675184165632, 19.57565569183113], [131.76295459333016, 19.547105001221148], [131.7597095258507, 19.518554310611165], [131.75727837058764, 19.49000362000118], [131.75552309237213, 19.461452929391193], [131.75769505284424, 19.43290223878121], [131.77310502886996, 19.41914589304759], [131.80403064748845, 19.42851752296166], [131.81141125786633, 19.43290223878121], [131.83495626610693, 19.44734169003716], [131.85898635796065, 19.461452929391193], [131.8658818847254, 19.46596514490132], [131.89680750334392, 19.48829165256456], [131.89876879123682, 19.49000362000118], [131.92773312196243, 19.514584418944786], [131.93286407627264, 19.518554310611165], [131.9586587405809, 19.53927732646662], [131.97227017707004, 19.547105001221148], [131.9895843591994, 19.560627397633027], [132.01514689320743, 19.57565569183113], [132.02050997781788, 19.580456942187823], [132.05143559643636, 19.603495618785388], [132.05242111197697, 19.60420638244111], [132.06953152461205, 19.632757073051096], [132.07742781288422, 19.661307763661082], [132.08236121505487, 19.67232246633352], [132.08843227087254, 19.689858454271064], [132.1032080620463, 19.71840914488105], [132.11328683367336, 19.733360950174838], [132.12490011532788, 19.746959835491033], [132.14421245229184, 19.769410066213887], [132.15488538467113, 19.775510526101016], [132.17513807091035, 19.78879743849526], [132.20606368952883, 19.794852494558693], [132.23698930814732, 19.79574255040603], [132.2679149267658, 19.795390753865938], [132.2988405453843, 19.795811818923415], [132.3297661640028, 19.798302663675585], [132.35670433454095, 19.804061216711], [132.36069178262127, 19.805429474700865], [132.39161740123978, 19.830954390488117], [132.3925033609169, 19.83261190732098], [132.40030371386942, 19.861162597930967], [132.4090672052363, 19.88971328854095], [132.42254301985827, 19.908370954830616], [132.42893574434385, 19.918263979150936], [132.45346863847675, 19.94111334757577], [132.46003464816908, 19.94681466976092], [132.48439425709526, 19.96254465438402], [132.51531987571374, 19.97213588515282], [132.54624549433223, 19.975043255704193], [132.57717111295074, 19.974307511836543], [132.60809673156922, 19.971020664631055], [132.6390223501877, 19.965359647204732], [132.66994796880618, 19.9580504986059], [132.7008735874247, 19.950395585559196], [132.7193209344227, 19.94681466976092], [132.73179920604318, 19.94467878722622], [132.76272482466166, 19.941611933685802], [132.79365044328017, 19.940613736194024], [132.82457606189865, 19.941378157782356], [132.85550168051714, 19.942241723261887], [132.88642729913562, 19.938889130742822], [132.91735291775413, 19.92369414550539], [132.92268525479824, 19.918263979150936], [132.94515012125348, 19.88971328854095], [132.9482785363726, 19.88400065407878], [132.95740773440193, 19.861162597930967], [132.96157636160984, 19.83261190732098], [132.95697774941917, 19.804061216711], [132.9482785363726, 19.786664429799295], [132.9426578716651, 19.775510526101016], [132.91982302133644, 19.746959835491033], [132.91735291775413, 19.7442026472896], [132.8926441649357, 19.71840914488105], [132.88642729913562, 19.710505745774242], [132.87055216759262, 19.689858454271064], [132.8567117651943, 19.661307763661082], [132.85550168051714, 19.658001622066326], [132.84743957464175, 19.632757073051096], [132.83811238279597, 19.604206382441113], [132.82468522033622, 19.57565569183113], [132.82457606189865, 19.575504200415182], [132.807860446235, 19.547105001221148], [132.79365044328017, 19.529888748453203], [132.7851925725374, 19.518554310611165], [132.76272482466166, 19.49506435290065], [132.75806496800277, 19.49000362000118], [132.73179920604318, 19.464820942997097], [132.7283900004847, 19.461452929391193], [132.7008735874247, 19.435506399420728], [132.69821714980083, 19.43290223878121], [132.66994796880618, 19.406071060348324], [132.66821415061986, 19.404351548171224], [132.6390223501877, 19.37666484236862], [132.63815953048203, 19.37580085756125], [132.60809673156925, 19.34768641776431], [132.60766279541542, 19.347250166951262], [132.57717111295074, 19.319545805480004], [132.57631012882516, 19.31869947634128], [132.54624549433223, 19.291900458834075], [132.54438882416875, 19.290148785731294], [132.51531987571374, 19.264736587189592], [132.5117603508205, 19.261598095121307], [132.48439425709526, 19.238256084980076], [132.4778689267403, 19.233047404511325], [132.45346863847675, 19.212792758402085], [132.44231432381994, 19.204496713901342], [132.42254301985827, 19.188337818451075], [132.40476053896992, 19.17594602329136], [132.39161740123978, 19.165575859966978], [132.3646965844197, 19.147395332681377], [132.36069178262127, 19.144279288436632], [132.3297661640028, 19.121287539047078], [132.32644245037935, 19.11884464207139], [132.2988405453843, 19.096962188301433], [132.2905136833902, 19.09029395146141], [132.2679149267658, 19.070907779130927], [132.25789680087894, 19.061743260851422], [132.23698930814732, 19.042395308551267], [132.22823256996074, 19.03319257024144], [132.20606368952883, 19.01109502138423], [132.2006752279017, 19.004641879631457], [132.17513807091035, 18.976213876066364], [132.17505374015175, 18.976091189021474], [132.16344254101332, 18.94754049841149], [132.16791068221852, 18.918989807801506], [132.17513807091035, 18.90588017027679], [132.18941436056525, 18.890439117191523], [132.20543509487416, 18.861888426581537], [132.20606368952883, 18.86034884644818], [132.23122411197744, 18.833337735971554], [132.23698930814732, 18.82447140202998], [132.25339533032283, 18.833337735971554], [132.2679149267658, 18.850973241946285], [132.27075195590606, 18.861888426581537], [132.28189538321126, 18.890439117191523], [132.2988405453843, 18.913516487960372], [132.30266158131556, 18.918989807801506], [132.3297661640028, 18.944487981773605], [132.33397012405885, 18.94754049841149], [132.36069178262127, 18.966424970839107], [132.37834068039356, 18.976091189021474], [132.39161740123978, 18.9854063159093], [132.42017048699572, 19.004641879631457], [132.42254301985827, 19.00675132434293], [132.452254077684, 19.03319257024144], [132.45346863847675, 19.034444469409767], [132.48439425709526, 19.061531129032662], [132.48472809533754, 19.061743260851422], [132.51531987571374, 19.081818634229236], [132.54591602845403, 19.09029395146141], [132.54624549433223, 19.09038802737743], [132.57717111295074, 19.092548650324026], [132.60205070927753, 19.09029395146141], [132.60809673156922, 19.089902686459848], [132.6390223501877, 19.085883445121432], [132.66994796880618, 19.080658169123062], [132.7008735874247, 19.074153270597442], [132.73179920604318, 19.066201716261542], [132.74881960819138, 19.061743260851422], [132.76272482466166, 19.05871336102558], [132.79365044328017, 19.05293925347623], [132.82457606189865, 19.048474302514947], [132.85550168051714, 19.045134850227285], [132.88642729913562, 19.041508765071676], [132.91735291775413, 19.035668339883976], [132.92537122380838, 19.03319257024144], [132.9482785363726, 19.02684084529046], [132.9792041549911, 19.012538159044706], [132.99098129297548, 19.004641879631457], [133.0101297736096, 18.9894798394851], [133.02358158012882, 18.976091189021474], [133.0410553922281, 18.95145047828476], [133.04375627132404, 18.94754049841149], [133.05623363949974, 18.918989807801506], [133.0599585004874, 18.890439117191523], [133.05358954862632, 18.861888426581537], [133.0410553922281, 18.842991462837972], [133.03343203553698, 18.833337735971554], [133.0101297736096, 18.81512714647775], [132.99453163744224, 18.80478704536157], [132.9792041549911, 18.79617992324897], [132.95256328938478, 18.77623635475159], [132.9482785363726, 18.773344527855155], [132.92767908181347, 18.747685664141606], [132.91735291775413, 18.737761448881763], [132.9056610919073, 18.71913497353162], [132.88642729913562, 18.696101356430404], [132.88264066410952, 18.690584282921634], [132.86545355689236, 18.66203359231165], [132.85550168051714, 18.647913978849637], [132.84662602241713, 18.63348290170167], [132.82457606189865, 18.60625756454229], [132.82330437807457, 18.604932211091686], [132.79393046252244, 18.576381520481704], [132.79365044328017, 18.576052368311043], [132.76272482466166, 18.548893152271944], [132.76120425753214, 18.547830829871717], [132.7550115106438, 18.519280139261735], [132.76272482466166, 18.50442095972852], [132.7720851010589, 18.49072944865175], [132.79207252143902, 18.462178758041762], [132.79365044328017, 18.45910828240526], [132.81411384362394, 18.433628067431783], [132.82457606189865, 18.413345110194555], [132.8313623612445, 18.4050773768218], [132.85236812975046, 18.376526686211815], [132.85550168051714, 18.37155660436581], [132.87900536727417, 18.347975995601836], [132.88642729913562, 18.34071453125041], [132.90069648259566, 18.31942530499185], [132.91095417473082, 18.290874614381863], [132.9144405648127, 18.26232392377188], [132.91400713509685, 18.233773233161898], [132.91034388661905, 18.205222542551915], [132.90196437163908, 18.176671851941933], [132.8876266008892, 18.148121161331947], [132.88642729913562, 18.146159663531915], [132.87255222339812, 18.119570470721964], [132.85550168051714, 18.094888065150815], [132.8535680295567, 18.091019780111978], [132.83263198264996, 18.062469089501995], [132.82457606189865, 18.055053163401517], [132.8049835331796, 18.033918398892013], [132.79365044328017, 18.024805191566017], [132.77262748103917, 18.00536770828203], [132.76272482466166, 17.997560468912603], [132.73495518236038, 17.976817017672047], [132.73179920604318, 17.974474374189878], [132.70087358742472, 17.953834606377185], [132.68836752995873, 17.94826632706206], [132.66994796880618, 17.937770945855377], [132.6390223501877, 17.927265854387112], [132.60809673156922, 17.922522396635603], [132.57717111295074, 17.92274586700711], [132.54624549433223, 17.926258244388613], [132.51531987571374, 17.93096795210685], [132.48439425709526, 17.93179460166342], [132.45346863847675, 17.921247200108063], [132.42254301985827, 17.921161176757547], [132.41827545815266, 17.91971563645208], [132.39161740123978, 17.906813941236294], [132.36069178262127, 17.898282603217762], [132.3297661640028, 17.910726529811228], [132.3213749781624, 17.91971563645208], [132.29989565985989, 17.948266327062065], [132.2988405453843, 17.9499956588149], [132.285649958152, 17.976817017672047], [132.2769545159096, 18.00536770828203], [132.2715828159134, 18.033918398892013], [132.26817381325526, 18.062469089501995], [132.2679149267658, 18.065191464931743], [132.2638254489124, 18.091019780111978], [132.25913928269006, 18.119570470721964], [132.25297650249837, 18.148121161331947], [132.24491983792748, 18.176671851941933], [132.23698930814732, 18.202973922339766], [132.23590184617015, 18.205222542551915], [132.2168015293713, 18.233773233161898], [132.20606368952883, 18.249097250402308], [132.17513807091035, 18.239721687755566], [132.16408918004635, 18.233773233161898], [132.14421245229184, 18.223126281294885], [132.11328683367338, 18.218583417492688], [132.08236121505487, 18.221980613512734], [132.05585394477947, 18.233773233161898], [132.05143559643636, 18.234702394218083], [132.02050997781788, 18.24619183057985], [131.99940570412298, 18.26232392377188], [131.9895843591994, 18.269156709555965], [131.9641255122403, 18.290874614381863], [131.9586587405809, 18.2956914633927], [131.93262025317293, 18.31942530499185], [131.9277331219624, 18.324450461435603], [131.90475369574435, 18.347975995601836], [131.89680750334392, 18.35853168787172], [131.8812735287399, 18.376526686211818], [131.8658818847254, 18.401161481738875], [131.86227605516848, 18.4050773768218], [131.83730186661393, 18.433628067431783], [131.83495626610693, 18.43654611024397], [131.80678901483927, 18.462178758041766], [131.80403064748845, 18.46549329464672], [131.77775960551148, 18.49072944865175], [131.77310502886996, 18.497506344758637], [131.75526397363447, 18.519280139261735], [131.74358788275393, 18.54783082987172], [131.74217941025145, 18.552153785700995], [131.72689283898205, 18.576381520481704], [131.71125379163297, 18.602430627459043], [131.70847215926528, 18.604932211091686], [131.6803281730145, 18.62648941713235], [131.67119109501834, 18.63348290170167], [131.64940255439598, 18.65031754700129], [131.63632718672034, 18.66203359231165], [131.6184769357775, 18.678221490307976], [131.6050464693289, 18.690584282921638], [131.587551317159, 18.705372552411553], [131.5716641503945, 18.719134973531617], [131.55662569854053, 18.73178307037401], [131.53945797798823, 18.747685664141606], [131.52570007992202, 18.76341043860792], [131.5142189836676, 18.77623635475159], [131.49759643170435, 18.80478704536157], [131.49477446130354, 18.812809513403806], [131.48399531402129, 18.833337735971554], [131.4748942885313, 18.861888426581537], [131.4666654219409, 18.890439117191523], [131.46384884268502, 18.89668321920358], [131.44713025348355, 18.918989807801502], [131.43292322406654, 18.931228232006468], [131.4043799543122, 18.94754049841149], [131.40199760544806, 18.94859299825468], [131.37107198682958, 18.957776893922954], [131.34014636821107, 18.964263538813956], [131.30922074959258, 18.96777633016346], [131.2782951309741, 18.97159028807091], [131.2473695123556, 18.957523200772602], [131.23942953681603, 18.94754049841149], [131.23062442476459, 18.918989807801506], [131.22871868900668, 18.890439117191523], [131.23014068004503, 18.861888426581537], [131.23297865904271, 18.833337735971554], [131.2361457779305, 18.80478704536157], [131.23987125930594, 18.77623635475159], [131.24405442870406, 18.747685664141606], [131.24723225635918, 18.71913497353162], [131.2473695123556, 18.717610452491005], [131.25093642936787, 18.69058428292164], [131.2542563824743, 18.66203359231165], [131.2565801140531, 18.63348290170167], [131.25696236385602, 18.604932211091686], [131.25393378744099, 18.576381520481704], [131.2473695123556, 18.55348064309452], [131.24638999711183, 18.54783082987172], [131.23946089781526, 18.519280139261735], [131.2295070083003, 18.49072944865175], [131.2164438937371, 18.464358383931607], [131.21534237895065, 18.462178758041766], [131.20265255105804, 18.433628067431783], [131.1903353541029, 18.4050773768218], [131.18551827511862, 18.38179020961644], [131.18446473364588, 18.376526686211818], [131.18551827511862, 18.36348422530949], [131.18676811949612, 18.347975995601836], [131.19298453696672, 18.31942530499185], [131.1988645540828, 18.290874614381863], [131.20306048816224, 18.26232392377188], [131.20543643682586, 18.233773233161898], [131.20616595788624, 18.205222542551915], [131.20554369030086, 18.176671851941933], [131.20383727421142, 18.148121161331947], [131.20141055092307, 18.11957047072196], [131.19708177222816, 18.091019780111978], [131.18975031720666, 18.062469089501995], [131.18551827511862, 18.05075156119663], [131.18114332043194, 18.033918398892013], [131.17065900911442, 18.00536770828203], [131.15459265650014, 17.977487042917538], [131.15428523886075, 17.976817017672047], [131.1386044263726, 17.94826632706206], [131.12366703788163, 17.927952060100466], [131.11832203570071, 17.919715636452075], [131.09656689959485, 17.891164945842092], [131.09274141926315, 17.886443639382634], [131.07581640357478, 17.86261425523211], [131.06181580064467, 17.84630483503115], [131.05320508451211, 17.834063564622127], [131.03089018202616, 17.80806657705286], [131.0291455753297, 17.805512874012145], [131.00939874423472, 17.776962183402162], [130.99996456340767, 17.764423253034725], [130.98610357700827, 17.748411492792176], [130.9690389447892, 17.730150920630244], [130.96400513668289, 17.719860802182193], [130.94578268141134, 17.691310111572207], [130.93811332617068, 17.68105205263415], [130.92971695823704, 17.662759420962225], [130.91163225125993, 17.634208730352242], [130.9071877075522, 17.627972684101877], [130.89377210460515, 17.60565803974226], [130.87626208893371, 17.588022216037903], [130.85394195558882, 17.577107349132277], [130.8453364703152, 17.572699593979777], [130.81441085169672, 17.570947532664285], [130.79602112399493, 17.577107349132277]]]}, "properties": {"fillColor": "#8A2BE2", "fillOpacity": 0.7, "color": "#000000", "weight": 0.2, "stroke": false}}, {"type": "Feature", "geometry": {"type": "Polygon", "coordinates": [[[133.9365436724071, 17.748411492792176], [133.9151559442105, 17.776962183402162], [133.90697271354583, 17.78553473153185], [133.8938168487574, 17.805512874012145], [133.8770601928949, 17.834063564622127], [133.87604709492734, 17.835593557209876], [133.8593454549086, 17.86261425523211], [133.8456335259123, 17.891164945842092], [133.84512147630883, 17.8921287747225], [133.82942008397077, 17.91971563645208], [133.81799493033645, 17.94826632706206], [133.81419585769038, 17.957048757887296], [133.8021649734887, 17.976817017672047], [133.789959074729, 18.00536770828203], [133.78327023907187, 18.023938385068504], [133.77637295604444, 18.033918398892013], [133.7602283935076, 18.062469089501995], [133.75234462045339, 18.081225671600173], [133.7444708504703, 18.091019780111978], [133.72573740344592, 18.119570470721964], [133.7214190018349, 18.12721511129503], [133.7026384486679, 18.148121161331947], [133.6904933832164, 18.16597923678975], [133.6800305698292, 18.176671851941933], [133.6595677645979, 18.204719867278957], [133.65906038422946, 18.205222542551915], [133.63615542904014, 18.233773233161898], [133.62864214597943, 18.249742351169292], [133.61999563615092, 18.26232392377188], [133.60723004824075, 18.290874614381863], [133.5988115117905, 18.31942530499185], [133.59771652736094, 18.32290743484933], [133.5860264107768, 18.347975995601836], [133.5741323620016, 18.376526686211818], [133.56679090874243, 18.3945709628505], [133.56053834699938, 18.4050773768218], [133.54566791324652, 18.433628067431783], [133.53586529012395, 18.458098219599634], [133.53352606809855, 18.462178758041766], [133.52888354914862, 18.49072944865175], [133.53586529012395, 18.503662247294095], [133.5461469407428, 18.519280139261735], [133.56679090874243, 18.532373797233454], [133.59771652736094, 18.537240150566763], [133.62864214597943, 18.53198778427179], [133.6595677645979, 18.520630389639578], [133.66188595083156, 18.519280139261735], [133.6904933832164, 18.507833197365997], [133.7124522116755, 18.49072944865175], [133.7214190018349, 18.484895699079026], [133.74503333352965, 18.462178758041766], [133.75234462045339, 18.454762230502737], [133.77171852978026, 18.433628067431783], [133.78327023907187, 18.417592653365062], [133.7944582728539, 18.4050773768218], [133.81290995073476, 18.376526686211818], [133.81419585769038, 18.37465029737907], [133.8358820797972, 18.347975995601836], [133.84512147630886, 18.33296651807889], [133.85667019006203, 18.31942530499185], [133.87604709492734, 18.297908399919507], [133.8834536664311, 18.290874614381863], [133.90697271354583, 18.266621257769607], [133.9113547910096, 18.26232392377188], [133.93099187812336, 18.233773233161898], [133.93493016280442, 18.20522254255192], [133.93763401246784, 18.176671851941933], [133.93789833216434, 18.174205878149266], [133.94691011937877, 18.148121161331947], [133.9537472777302, 18.119570470721964], [133.95867701428205, 18.091019780111978], [133.96281257163804, 18.062469089501995], [133.96661455427432, 18.033918398892013], [133.96882395078282, 18.017727496679925], [133.97271593046048, 18.00536770828203], [133.9802016810715, 17.976817017672047], [133.9856963179592, 17.948266327062065], [133.98971864601828, 17.91971563645208], [133.99270838880128, 17.891164945842092], [133.99491192053685, 17.86261425523211], [133.99626143569867, 17.834063564622127], [133.99642162118596, 17.805512874012145], [133.9945217349738, 17.776962183402162], [133.98796578938598, 17.748411492792176], [133.96882395078282, 17.720913690062147], [133.93789833216434, 17.746215601140964], [133.9365436724071, 17.748411492792176]]]}, "properties": {"fillColor": "#8A2BE2", "fillOpacity": 0.7, "color": "#000000", "weight": 0.2, "stroke": false}}, {"type": "Feature", "geometry": {"type": "Polygon", "coordinates": [[[133.59311529069646, 21.14594367538023], [133.56679090874243, 21.150705282957134], [133.53586529012395, 21.157435943054566], [133.50493967150547, 21.165708022951357], [133.47559030795605, 21.174494365990213], [133.47401405288696, 21.174741148142328], [133.44308843426847, 21.178294593526317], [133.41216281565, 21.181243549347222], [133.38123719703148, 21.183308215874785], [133.350311578413, 21.185198110811438], [133.31938595979452, 21.188864664958963], [133.288460341176, 21.19674438259358], [133.27277949383875, 21.2030450566002], [133.25753472255752, 21.209392935651735], [133.22824565437026, 21.23159574721018], [133.22660910393904, 21.233183789978202], [133.2040439184762, 21.26014643782016], [133.19568348532056, 21.277182236160183], [133.18970468792205, 21.28869712843015], [133.17635925641693, 21.317247819040134], [133.16712153376406, 21.34579850965012], [133.16652305441525, 21.374349200260102], [133.18551686319057, 21.402899890870085], [133.19568348532056, 21.410001345295782], [133.22660910393904, 21.426821224625943], [133.24035017646335, 21.431450581480064], [133.25753472255752, 21.437063709449298], [133.288460341176, 21.43974379909865], [133.31938595979452, 21.433934860132972], [133.32515221726328, 21.43145058148007], [133.350311578413, 21.425837203534517], [133.38123719703148, 21.414567422218553], [133.40162787747215, 21.402899890870085], [133.41216281565, 21.39938124403241], [133.44308843426847, 21.386772573293023], [133.4636462543746, 21.3743492002601], [133.47401405288696, 21.370428553876337], [133.50493967150547, 21.356975727769672], [133.5245969568366, 21.345798509650116], [133.53586529012395, 21.341735630225898], [133.56679090874243, 21.329549319698593], [133.5905864013721, 21.317247819040134], [133.59771652736094, 21.314812386922814], [133.62864214597943, 21.303804888976856], [133.6563813398607, 21.28869712843015], [133.6595677645979, 21.2873892012703], [133.6904933832164, 21.273443487175935], [133.710351236714, 21.260146437820165], [133.72141900183487, 21.25270665066104], [133.74767959720012, 21.231595747210186], [133.75234462045339, 21.22593129589165], [133.77318797137815, 21.203045056600203], [133.7823829148191, 21.174494365990213], [133.7744347528611, 21.14594367538023], [133.75234462045339, 21.13061045310991], [133.7214190018349, 21.123938563798102], [133.6904933832164, 21.124318551105983], [133.6595677645979, 21.128166119122646], [133.62864214597943, 21.13468685644755], [133.59771652736094, 21.14430580880786], [133.59311529069646, 21.14594367538023]]]}, "properties": {"fillColor": "#8A2BE2", "fillOpacity": 0.7, "color": "#000000", "weight": 0.2, "stroke": false}}, {"type": "Feature", "geometry": {"type": "Polygon", "coordinates": [[[133.59235406153928, 21.3743492002601], [133.59771652736094, 21.38371531493495], [133.62864214597943, 21.377373508332212], [133.6541360382772, 21.3743492002601], [133.62864214597943, 21.373053639179062], [133.59771652736094, 21.37348623276162], [133.59235406153928, 21.3743492002601]]]}, "properties": {"fillColor": "#8A2BE2", "fillOpacity": 0.7, "color": "#000000", "weight": 0.2, "stroke": false}}, {"type": "Feature", "geometry": {"type": "Polygon", "coordinates": [[[133.53418979042294, 21.402899890870085], [133.53586529012395, 21.403932568540625], [133.54357905777505, 21.40289989087008], [133.53586529012395, 21.40264686483484], [133.53418979042294, 21.402899890870085]]]}, "properties": {"fillColor": "#8A2BE2", "fillOpacity": 0.7, "color": "#000000", "weight": 0.2, "stroke": false}}, {"type": "Feature", "geometry": {"type": "Polygon", "coordinates": [[[132.97643569038428, 21.51710265331002], [132.9482785363726, 21.535418661827453], [132.91735291775413, 21.542090397464918], [132.89129742651042, 21.54565334392], [132.88642729913562, 21.54649816422379], [132.85550168051714, 21.561854077416513], [132.82457606189865, 21.564914384441487], [132.79365044328017, 21.568169174491757], [132.76772772657068, 21.574204034529984], [132.76272482466166, 21.575918029439432], [132.74141112176457, 21.602754725139967], [132.75698567270717, 21.631305415749953], [132.76272482466166, 21.633703565446012], [132.79365044328017, 21.635999732310115], [132.82457606189865, 21.634884748961397], [132.85550168051714, 21.63306391556461], [132.87584672919752, 21.631305415749953], [132.88642729913562, 21.62980755137284], [132.91735291775413, 21.61210558555515], [132.9482785363726, 21.60625358796281], [132.96530592887876, 21.60275472513997], [132.9792041549911, 21.597890192304153], [133.0101297736096, 21.57789922135278], [133.01725885673747, 21.574204034529984], [133.0410553922281, 21.556643314324965], [133.06974081756212, 21.54565334392], [133.05200185098528, 21.51710265331002], [133.0410553922281, 21.51470293759599], [133.0101297736096, 21.511674675796264], [132.9792041549911, 21.51556933085777], [132.97643569038428, 21.51710265331002]]]}, "properties": {"fillColor": "#8A2BE2", "fillOpacity": 0.7, "color": "#000000", "weight": 0.2, "stroke": false}}, {"type": "Feature", "geometry": {"type": "Polygon", "coordinates": [[[133.60118669093242, 21.51710265331002], [133.59771652736097, 21.517495062084844], [133.56679090874243, 21.523236401748164], [133.53586529012395, 21.530075104757817], [133.50493967150547, 21.538299101862744], [133.4820507684541, 21.54565334392], [133.47401405288696, 21.54778744175356], [133.44308843426847, 21.556089457927794], [133.41216281565, 21.56488726222865], [133.38223458491223, 21.574204034529984], [133.38123719703148, 21.574460604043324], [133.350311578413, 21.58207039589187], [133.31938595979452, 21.59089519691584], [133.288460341176, 21.60267887758738], [133.2882820285317, 21.60275472513997], [133.25753472255752, 21.61382532066463], [133.22660910393904, 21.62852669569512], [133.22171610535793, 21.631305415749953], [133.19568348532056, 21.648804350915242], [133.18192667567766, 21.659856106359936], [133.16475786670205, 21.679566095063606], [133.15572551837857, 21.68840679696992], [133.13383224808356, 21.716070574513587], [133.13290718109928, 21.716957487579904], [133.10827981665489, 21.745508178189887], [133.10290662946508, 21.752971512738338], [133.08548430590696, 21.77405886879987], [133.07198101084657, 21.798489104746295], [133.06975246825272, 21.802609559409856], [133.0645949680674, 21.83116025001984], [133.06782684319708, 21.85971094062982], [133.07198101084657, 21.87076823537066], [133.07957252774912, 21.888261631239807], [133.10290662946508, 21.915332729825938], [133.10461264776296, 21.91681232184979], [133.13383224808356, 21.93207546845852], [133.16475786670205, 21.94133472902508], [133.19229090760356, 21.945363012459772], [133.19568348532056, 21.94572978375195], [133.22660910393904, 21.946623243161063], [133.25753472255752, 21.945411378835768], [133.25797987243143, 21.945363012459772], [133.288460341176, 21.94170110221797], [133.31938595979452, 21.935890407589483], [133.350311578413, 21.928027939331425], [133.3812371970315, 21.91787499455127], [133.3838326206526, 21.91681232184979], [133.41216281565, 21.903987710188403], [133.44308843426847, 21.888390683053426], [133.4433196601525, 21.888261631239807], [133.47401405288696, 21.868168089136553], [133.48627586563242, 21.85971094062982], [133.50493967150547, 21.842347928482972], [133.51751177181512, 21.83116025001984], [133.53586529012395, 21.806511188431823], [133.5391945119477, 21.80260955940986], [133.55754589890503, 21.77405886879987], [133.56679090874243, 21.761610205139274], [133.57917828316926, 21.745508178189887], [133.59771652736094, 21.72678255025417], [133.60740243089703, 21.716957487579904], [133.62864214597943, 21.69926888305484], [133.64271941836145, 21.68840679696992], [133.6595677645979, 21.676737603761378], [133.6874509989489, 21.659856106359936], [133.6904933832164, 21.65796211218721], [133.7214190018349, 21.640485843778723], [133.73706720154465, 21.631305415749953], [133.7523446204534, 21.62017039163061], [133.77190957971166, 21.60275472513997], [133.77839479951808, 21.574204034529984], [133.75656029799921, 21.54565334392], [133.75234462045339, 21.542942580886137], [133.7214190018349, 21.527498486341006], [133.6908292464686, 21.51710265331002], [133.6904933832164, 21.51702144966177], [133.6595677645979, 21.513376778497143], [133.62864214597943, 21.513698282545157], [133.60118669093242, 21.51710265331002]]]}, "properties": {"fillColor": "#8A2BE2", "fillOpacity": 0.7, "color": "#000000", "weight": 0.2, "stroke": false}}, {"type": "Feature", "geometry": {"type": "Polygon", "coordinates": [[[122.1552376385192, 17.40039415763173], [122.15974378125948, 17.405803205472374], [122.1552376385192, 17.40924080963859], [122.15278408023929, 17.405803205472374], [122.1552376385192, 17.40039415763173]]]}, "properties": {"fillColor": "#8A2BE2", "fillOpacity": 0.7, "color": "#000000", "weight": 0.2, "stroke": false}}, {"type": "Feature", "geometry": {"type": "Polygon", "coordinates": [[[122.09338640128222, 17.475332302291996], [122.12431201990071, 17.48593128040319], [122.1300745251499, 17.49145527730232], [122.12431201990071, 17.50135098079938], [122.11559797003747, 17.520005967912304], [122.09465316846729, 17.548556658522287], [122.0933864012822, 17.551994495484873], [122.0859331344418, 17.577107349132277], [122.06262391184394, 17.605658039742263], [122.06246078266373, 17.605750383995936], [122.06227122963965, 17.60565803974226], [122.03383243446598, 17.577107349132277], [122.03704659308036, 17.54855665852229], [122.04313314834049, 17.520005967912304], [122.06246078266373, 17.496902655000383], [122.06788277292793, 17.49145527730232], [122.09338640128222, 17.475332302291996]]]}, "properties": {"fillColor": "#8A2BE2", "fillOpacity": 0.7, "color": "#000000", "weight": 0.2, "stroke": false}}, {"type": "Feature", "geometry": {"type": "Polygon", "coordinates": [[[122.09338640128222, 17.68966947379405], [122.09510032991022, 17.691310111572207], [122.09338640128223, 17.694018708606347], [122.0921117181957, 17.691310111572207], [122.09338640128222, 17.68966947379405]]]}, "properties": {"fillColor": "#8A2BE2", "fillOpacity": 0.7, "color": "#000000", "weight": 0.2, "stroke": false}}, {"type": "Feature", "geometry": {"type": "Polygon", "coordinates": [[[120.82543603792408, 17.95307280728983], [120.85636165654257, 17.950132563075094], [120.88728727516107, 17.950359749440576], [120.91821289377955, 17.9501596766014], [120.94913851239805, 17.95062872469934], [120.98006413101653, 17.95304609982194], [121.01098974963503, 17.962633493462775], [121.0263530999075, 17.976817017672047], [121.0407819712508, 18.00536770828203], [121.04191536825353, 18.02038549782494], [121.04760645725237, 18.033918398892013], [121.04245031261213, 18.062469089501995], [121.04191536825353, 18.06307824333728], [121.04072146918863, 18.091019780111978], [121.03992112279101, 18.119570470721964], [121.04073241411047, 18.148121161331947], [121.04191536825353, 18.16056506047584], [121.05284482750716, 18.176671851941933], [121.06222771699865, 18.205222542551915], [121.06671120357912, 18.233773233161898], [121.06547509283273, 18.26232392377188], [121.04877970832221, 18.290874614381863], [121.04191536825353, 18.299337995048614], [121.03758018762093, 18.31942530499185], [121.02637756052093, 18.347975995601836], [121.01098974963503, 18.363526963816796], [121.00543686026113, 18.376526686211818], [120.98546821475156, 18.4050773768218], [120.98006413101653, 18.410067776228235], [120.9634380953647, 18.433628067431783], [120.94913851239805, 18.45715670009197], [120.94479758598214, 18.462178758041766], [120.92687029472982, 18.49072944865175], [120.91821289377955, 18.503936523806573], [120.88728727516107, 18.5183769922707], [120.88257319271253, 18.519280139261735], [120.85636165654256, 18.526033048400695], [120.85176925815418, 18.519280139261735], [120.85044867574503, 18.49072944865175], [120.84389886423861, 18.462178758041766], [120.82543603792406, 18.445152039860083], [120.81661136400228, 18.433628067431783], [120.80109904767355, 18.4050773768218], [120.79451041930558, 18.380605072045725], [120.79170475634686, 18.376526686211818], [120.78966536985466, 18.347975995601836], [120.7945104193056, 18.32954227111714], [120.7949244450494, 18.31942530499185], [120.79905954772254, 18.290874614381863], [120.81322489662318, 18.26232392377188], [120.82543603792408, 18.248684463552873], [120.83144954808128, 18.233773233161898], [120.83125205912303, 18.205222542551915], [120.82543603792408, 18.199800872445262], [120.80112095661937, 18.176671851941933], [120.79630924924534, 18.148121161331947], [120.79451041930558, 18.124720791815175], [120.78893167979041, 18.119570470721964], [120.7742045074108, 18.091019780111978], [120.77118535673995, 18.062469089501995], [120.77168917882648, 18.033918398892013], [120.77687826611484, 18.00536770828203], [120.7945104193056, 17.986158387110518], [120.79920577906319, 17.976817017672047], [120.82543603792408, 17.95307280728983]]]}, "properties": {"fillColor": "#8A2BE2", "fillOpacity": 0.7, "color": "#000000", "weight": 0.2, "stroke": false}}, {"type": "Feature", "geometry": {"type": "Polygon", "coordinates": [[[120.86866616325108, 18.033918398892013], [120.85636165654259, 18.053118818235774], [120.85172954040729, 18.062469089501995], [120.85282807101731, 18.091019780111978], [120.85636165654257, 18.098441829851872], [120.86749690390883, 18.119570470721964], [120.88728727516107, 18.136151944628864], [120.91821289377955, 18.141214972468006], [120.94913851239804, 18.125365395834528], [120.95408006530322, 18.119570470721964], [120.96784984981156, 18.091019780111978], [120.96519143799979, 18.062469089501995], [120.94913851239806, 18.039282540140825], [120.94256751717668, 18.033918398892013], [120.91821289377955, 18.02098438833012], [120.88728727516107, 18.02219378658064], [120.86866616325108, 18.033918398892013]]]}, "properties": {"fillColor": "#8A2BE2", "fillOpacity": 0.7, "color": "#000000", "weight": 0.2, "stroke": false}}, {"type": "Feature", "geometry": {"type": "Polygon", "coordinates": [[[121.38209717305693, 18.057579471889], [121.3872577139004, 18.062469089501995], [121.38209717305693, 18.067233327424592], [121.37693663221347, 18.062469089501995], [121.38209717305693, 18.057579471889]]]}, "properties": {"fillColor": "#8A2BE2", "fillOpacity": 0.7, "color": "#000000", "weight": 0.2, "stroke": false}}, {"type": "Feature", "geometry": {"type": "Polygon", "coordinates": [[[121.16561784272749, 18.289096367616356], [121.19654346134598, 18.28165884691046], [121.20020355659858, 18.290874614381867], [121.19982174969252, 18.31942530499185], [121.19654346134598, 18.323650429649685], [121.17799599793399, 18.347975995601836], [121.16561784272749, 18.35869538233183], [121.14259928939678, 18.376526686211818], [121.13542335872891, 18.4050773768218], [121.13469222410899, 18.40581518941783], [121.10376660549049, 18.41145534842685], [121.09611583005258, 18.4050773768218], [121.1037666054905, 18.397898811638694], [121.12725587078069, 18.376526686211818], [121.12272960813368, 18.347975995601836], [121.13469222410899, 18.321649658114904], [121.13610862365786, 18.31942530499185], [121.16369167631592, 18.290874614381863], [121.16561784272749, 18.289096367616356]]]}, "properties": {"fillColor": "#8A2BE2", "fillOpacity": 0.7, "color": "#000000", "weight": 0.2, "stroke": false}}, {"type": "Feature", "geometry": {"type": "Polygon", "coordinates": [[[132.39161740123978, 18.283953065293424], [132.3935080371687, 18.290874614381863], [132.39622963067788, 18.31942530499185], [132.39609057395091, 18.347975995601836], [132.39161740123978, 18.36055561993789], [132.3689504309179, 18.376526686211818], [132.36069178262127, 18.38508205072447], [132.35995036907627, 18.376526686211818], [132.36060500273445, 18.347975995601836], [132.36069178262127, 18.347137112401928], [132.38028791921244, 18.31942530499185], [132.38807341202013, 18.29087461438186], [132.39161740123978, 18.283953065293424]]]}, "properties": {"fillColor": "#8A2BE2", "fillOpacity": 0.7, "color": "#000000", "weight": 0.2, "stroke": false}}, {"type": "Feature", "geometry": {"type": "Polygon", "coordinates": [[[136.04084039822175, 19.588213264185466], [136.07176601684023, 19.58718743843259], [136.09038214428426, 19.604206382441113], [136.09168543010034, 19.632757073051096], [136.07176601684023, 19.655980295856345], [136.06640420840068, 19.661307763661082], [136.04084039822175, 19.680577712530244], [136.00991477960324, 19.68632721951535], [135.97898916098475, 19.685092460236554], [135.95007959421852, 19.661307763661082], [135.9636396101741, 19.632757073051096], [135.97898916098475, 19.61791864845668], [136.00991477960324, 19.605137694782496], [136.0118927505552, 19.604206382441113], [136.04084039822175, 19.588213264185466]]]}, "properties": {"fillColor": "#8A2BE2", "fillOpacity": 0.7, "color": "#000000", "weight": 0.2, "stroke": false}}, {"type": "Feature", "geometry": {"type": "Polygon", "coordinates": [[[129.97941914899747, 20.382412251396655], [130.01034476761595, 20.389455032169128], [130.02502987741752, 20.403625719520655], [130.03407776753943, 20.43217641013064], [130.01034476761595, 20.46064102592159], [130.0101337498633, 20.460727100740623], [129.97941914899747, 20.46652144953098], [129.97204167598622, 20.460727100740623], [129.94849353037898, 20.437531267612716], [129.94408237411707, 20.43217641013064], [129.94849353037898, 20.412657786276693], [129.95261900252257, 20.403625719520655], [129.97941914899747, 20.382412251396655]]]}, "properties": {"fillColor": "#8A2BE2", "fillOpacity": 0.7, "color": "#000000", "weight": 0.2, "stroke": false}}, {"type": "Feature", "geometry": {"type": "Polygon", "coordinates": [[[129.02072497182425, 20.538402965238642], [129.05165059044273, 20.524601681315666], [129.08257620906122, 20.521635143526655], [129.11350182767973, 20.524147027153294], [129.1444274462982, 20.5282895131096], [129.1753530649167, 20.543080200065233], [129.17903905855033, 20.54637917257057], [129.20627868353517, 20.556644116067417], [129.22995195525232, 20.574929863180557], [129.23720430215369, 20.578498026683757], [129.26527705317577, 20.60348055379054], [129.26812992077217, 20.60588542731605], [129.2960430388996, 20.632031244400522], [129.29905553939065, 20.635574433399924], [129.32448753665105, 20.66058193501051], [129.32998115800916, 20.670125232541487], [129.34766632012048, 20.68913262562049], [129.359617941236, 20.717683316230477], [129.36090677662764, 20.721215610902004], [129.38262606861102, 20.74623400684046], [129.39011186784177, 20.774784697450443], [129.39183239524613, 20.784397755719755], [129.4070097593247, 20.80333538806043], [129.4148760568189, 20.83188607867041], [129.41763279514248, 20.860436769280394], [129.41884030652167, 20.888987459890373], [129.42104085014523, 20.917538150500363], [129.4227580138646, 20.936518854711128], [129.42931040594567, 20.94608884111035], [129.44223026964335, 20.974639531720328], [129.45256894614428, 21.003190222330314], [129.45368363248312, 21.005480751724708], [129.4784416181867, 21.031740912940297], [129.4846092511016, 21.047472009880053], [129.4958857139194, 21.06029160355028], [129.5136326149867, 21.088842294160262], [129.5155348697201, 21.09307598193061], [129.53814380221792, 21.117392984770248], [129.5454448551018, 21.14594367538023], [129.5464604883386, 21.149576458230275], [129.5674549930733, 21.174494365990213], [129.5730123040469, 21.2030450566002], [129.5743179953798, 21.231595747210182], [129.5739953510903, 21.260146437820165], [129.57207505919897, 21.28869712843015], [129.56627891195947, 21.317247819040134], [129.5464604883386, 21.33695047820069], [129.54068113101164, 21.345798509650116], [129.5155348697201, 21.369011626867497], [129.508973804744, 21.3743492002601], [129.4846092511016, 21.396508202319886], [129.46856147173045, 21.40289989087008], [129.45368363248312, 21.41555460684428], [129.4227580138646, 21.422059905952146], [129.39183239524613, 21.423627485871723], [129.36090677662764, 21.422376411496526], [129.32998115800916, 21.416427119817044], [129.30758249700114, 21.402899890870085], [129.29905553939065, 21.400794130748746], [129.26812992077217, 21.382480388417115], [129.2593223571551, 21.3743492002601], [129.23720430215366, 21.353989279847955], [129.2283322002914, 21.345798509650116], [129.20733605045947, 21.317247819040134], [129.20627868353517, 21.314658935320942], [129.18692906782485, 21.28869712843015], [129.1753530649167, 21.261078748220612], [129.17434320227372, 21.260146437820165], [129.15637176745645, 21.231595747210182], [129.1456024221865, 21.2030450566002], [129.1444274462982, 21.19460968221682], [129.133391573859, 21.174494365990213], [129.1207317612334, 21.14594367538023], [129.1185135569518, 21.117392984770248], [129.11862013705985, 21.088842294160262], [129.11829262685202, 21.06029160355028], [129.11350182767973, 21.050226202763714], [129.09193723479302, 21.031740912940297], [129.08257620906122, 21.02934267036235], [129.05198688997137, 21.003190222330314], [129.05165059044273, 21.002982813265795], [129.02072497182425, 20.98473426327129], [129.01057792273127, 20.974639531720328], [128.99515599935117, 20.946088841110345], [128.99145995503403, 20.917538150500363], [128.98979935320574, 20.90509316861221], [128.97507141228067, 20.888987459890377], [128.96812712757122, 20.860436769280394], [128.96452425989105, 20.83188607867041], [128.96128568716404, 20.80333538806043], [128.95887373458726, 20.784844004576158], [128.95031418739492, 20.774784697450443], [128.9406515661106, 20.74623400684046], [128.93766544258654, 20.717683316230477], [128.93712224282876, 20.68913262562049], [128.9387039328501, 20.66058193501051], [128.9441235494872, 20.63203124440053], [128.95887373458726, 20.610903670126028], [128.960821735119, 20.60348055379054], [128.97474071610617, 20.574929863180557], [128.98979935320574, 20.557748179332393], [129.008920723169, 20.546379172570575], [129.02072497182425, 20.538402965238642]]]}, "properties": {"fillColor": "#8A2BE2", "fillOpacity": 0.7, "color": "#000000", "weight": 0.2, "stroke": false}}, {"type": "Feature", "geometry": {"type": "Polygon", "coordinates": [[[129.06929701483426, 20.66058193501051], [129.0549324631837, 20.68913262562049], [129.05165059044273, 20.708857935402765], [129.04959095115774, 20.717683316230477], [129.04813540056344, 20.74623400684046], [129.05165059044273, 20.764970007879192], [129.05236983714093, 20.774784697450443], [129.05620404347962, 20.80333538806043], [129.06108927265507, 20.83188607867041], [129.06648190005743, 20.86043676928039], [129.07656029414417, 20.888987459890373], [129.08257620906122, 20.899007405866413], [129.09350901139413, 20.917538150500363], [129.11350182767973, 20.93689160702267], [129.1282083989223, 20.946088841110345], [129.1444274462982, 20.956259622957035], [129.1753530649167, 20.970567163260313], [129.18427697768186, 20.974639531720328], [129.20627868353517, 20.989987654390816], [129.22380809872917, 21.003190222330314], [129.23720430215369, 21.024333141393527], [129.2430596068871, 21.031740912940297], [129.2524908247111, 21.060291603550276], [129.2567448342497, 21.088842294160262], [129.26024367971462, 21.117392984770248], [129.26618084578604, 21.14594367538023], [129.26812992077217, 21.151622074718304], [129.27677104365026, 21.174494365990213], [129.29092031190152, 21.2030450566002], [129.29905553939065, 21.215632471359626], [129.31412575610636, 21.231595747210182], [129.32998115800916, 21.246130549504805], [129.36090677662764, 21.255800192770455], [129.39183239524613, 21.24376717483385], [129.40290948533487, 21.231595747210182], [129.41308161126764, 21.2030450566002], [129.4101773274853, 21.174494365990213], [129.39920089587238, 21.14594367538023], [129.39183239524613, 21.133563603018363], [129.38178329107473, 21.117392984770248], [129.36117711544904, 21.088842294160262], [129.36090677662764, 21.08849454962807], [129.33675245840806, 21.06029160355028], [129.32998115800916, 21.05106425509178], [129.3131273104345, 21.031740912940297], [129.30248694454588, 21.003190222330314], [129.30423425029377, 20.974639531720328], [129.31031833305246, 20.946088841110345], [129.3153862905998, 20.917538150500363], [129.3174456487747, 20.88898745989038], [129.3156794083016, 20.860436769280394], [129.30884217358897, 20.83188607867041], [129.29905553939065, 20.811158194971153], [129.29627628240854, 20.80333538806043], [129.28191047050117, 20.774784697450443], [129.26812992077217, 20.75563069212786], [129.26237142986105, 20.74623400684046], [129.23953917028064, 20.717683316230477], [129.23720430215369, 20.7151133240535], [129.21343377457472, 20.68913262562049], [129.20627868353517, 20.68235649735747], [129.17792489629085, 20.66058193501051], [129.1753530649167, 20.658595677186995], [129.1444274462982, 20.641821674717228], [129.11350182767973, 20.637419252121415], [129.08257620906122, 20.647558603875332], [129.06929701483426, 20.66058193501051]]]}, "properties": {"fillColor": "#8A2BE2", "fillOpacity": 0.7, "color": "#000000", "weight": 0.2, "stroke": false}}, {"type": "Feature", "geometry": {"type": "Polygon", "coordinates": [[[134.7728900348636, 21.999230070342882], [134.77726141994987, 22.002464393679745], [134.78677107966791, 22.031015084289724], [134.80381565348208, 22.046120532314223], [134.81208928786114, 22.05956577489971], [134.8137277070516, 22.088116465509692], [134.81286049529098, 22.116667156119675], [134.80381565348208, 22.133382460386848], [134.7908385731468, 22.145217846729658], [134.7728900348636, 22.153377181842345], [134.75825290103577, 22.145217846729658], [134.7419644162451, 22.126879229736467], [134.73688197945933, 22.116667156119675], [134.7372282080439, 22.088116465509692], [134.7379665123694, 22.059565774899706], [134.73858640492298, 22.031015084289724], [134.7419644162451, 22.025586319922745], [134.76632654382792, 22.002464393679745], [134.7728900348636, 21.999230070342882]]]}, "properties": {"fillColor": "#8A2BE2", "fillOpacity": 0.7, "color": "#000000", "weight": 0.2, "stroke": false}}, {"type": "Feature", "geometry": {"type": "Polygon", "coordinates": [[[120.67080794483162, 22.94405382374806], [120.67186399798598, 22.944637183809203], [120.67305528961391, 22.973187874419185], [120.67080794483162, 22.97591605720094], [120.6697511242031, 22.973187874419185], [120.6701594113772, 22.944637183809203], [120.67080794483162, 22.94405382374806]]]}, "properties": {"fillColor": "#8A2BE2", "fillOpacity": 0.7, "color": "#000000", "weight": 0.2, "stroke": false}}, {"type": "Feature", "geometry": {"type": "Polygon", "coordinates": [[[120.70173356345012, 22.98529246990231], [120.72375682113407, 23.001738565029168], [120.7326591820686, 23.004221152596227], [120.7635848006871, 23.012731661651753], [120.7833228319685, 23.03028925563915], [120.7945104193056, 23.036291712686005], [120.82543603792408, 23.043470387986318], [120.85636165654257, 23.055084491279914], [120.86143279950468, 23.058839946249137], [120.88728727516107, 23.062624328587674], [120.91431041347816, 23.08739063685912], [120.91821289377955, 23.089683018938516], [120.94587590797, 23.115941327469102], [120.94913851239805, 23.120687857257504], [120.97486168282293, 23.144492018079088], [120.98006413101653, 23.158611060924784], [120.99569624447017, 23.17304270868907], [121.00865410885127, 23.201593399299053], [121.01098974963502, 23.22112623990251], [121.02075773016728, 23.23014408990904], [121.03995360402958, 23.258694780519022], [121.04044320356866, 23.287245471129005], [121.04058837420575, 23.315796161738987], [121.04055913776338, 23.344346852348973], [121.0400534644096, 23.372897542958956], [121.03755213913297, 23.40144823356894], [121.03192803594544, 23.429998924178925], [121.03404031923476, 23.458549614788907], [121.04097766851169, 23.48710030539889], [121.04191536825353, 23.489754535888657], [121.06875345619206, 23.515650996008873], [121.07284098687201, 23.518569807838876], [121.10178915099453, 23.54420168661886], [121.1037666054905, 23.54600500761269], [121.12978721441638, 23.57275237722884], [121.13469222410899, 23.58728006989159], [121.14864232409403, 23.601303067838824], [121.16484983663175, 23.62985375844881], [121.16561784272749, 23.631135391157105], [121.18974492037432, 23.658404449058793], [121.19552027832738, 23.686955139668775], [121.19571682371958, 23.71550583027876], [121.19418740786698, 23.74405652088874], [121.1869606959131, 23.772607211498727], [121.16561784272749, 23.797674679691482], [121.16433977594369, 23.80115790210871], [121.16561784272749, 23.801313306373892], [121.19654346134598, 23.802207874551517], [121.22746907996446, 23.80540288634958], [121.25717710478496, 23.829708592718696], [121.25839469858296, 23.830647131521616], [121.2860411277159, 23.858259283328678], [121.28932031720146, 23.88066884284524], [121.29498846546232, 23.88680997393866], [121.30583235056176, 23.915360664548647], [121.30791607866253, 23.94391135515863], [121.30548840478274, 23.972462045768612], [121.2958705014695, 24.001012736378595], [121.28932031720144, 24.010306248283506], [121.28848688391781, 24.02956342698858], [121.28441072947277, 24.058114117598564], [121.25839469858296, 24.08617785575254], [121.2573674806506, 24.086664808208546], [121.25839469858296, 24.08840207014713], [121.28932031720144, 24.09470445588838], [121.32024593581994, 24.095564188949407], [121.35117155443844, 24.10209933868796], [121.37183089238903, 24.11521549881853], [121.38209717305692, 24.120162128627424], [121.40349875566136, 24.14376618942852], [121.40747755541919, 24.1723168800385], [121.40791314660282, 24.200867570648484], [121.40438794543994, 24.229418261258466], [121.38209717305692, 24.256692901654095], [121.38201008572047, 24.25796895186845], [121.38083982665736, 24.28651964247843], [121.37875335717035, 24.315070333088418], [121.36177926870431, 24.343621023698397], [121.35117155443844, 24.353414120218808], [121.32024593581994, 24.369855096167502], [121.28932031720144, 24.37211857631487], [121.28886924752109, 24.372171714308383], [121.28932031720144, 24.372718019121628], [121.31182255024214, 24.40072240491837], [121.32024593581994, 24.406909550322883], [121.34085286904494, 24.42927309552835], [121.34971604745233, 24.457823786138334], [121.35117155443842, 24.47603485558406], [121.35642121974347, 24.486374476748317], [121.35925298736045, 24.514925167358303], [121.35117155443844, 24.542155106918237], [121.35110286427417, 24.543475857968286], [121.34550333793248, 24.57202654857827], [121.32024593581994, 24.594226926898532], [121.30625055311282, 24.600577239188254], [121.28932031720146, 24.614031723906862], [121.25839469858298, 24.619169851789913], [121.22746907996446, 24.618594932135164], [121.19654346134598, 24.61315019172912], [121.17487671080673, 24.600577239188254], [121.16561784272749, 24.59904804837772], [121.13469222410899, 24.588445040871896], [121.1037666054905, 24.57597724447478], [121.07284098687201, 24.57628910842243], [121.04191536825351, 24.585542951315837], [121.01098974963503, 24.58717405757861], [120.98006413101653, 24.583976019848386], [120.94913851239805, 24.57446432698767], [120.94426733431058, 24.57202654857827], [120.91821289377955, 24.56605330320886], [120.89202151231953, 24.543475857968286], [120.88728727516107, 24.51980867083508], [120.88525350052666, 24.514925167358303], [120.88641824404596, 24.486374476748317], [120.88728727516107, 24.484562537333453], [120.89078384947433, 24.457823786138334], [120.8980645812292, 24.42927309552835], [120.91821289377955, 24.404146458871086], [120.92139018805301, 24.40072240491837], [120.94913851239805, 24.378289782860193], [120.95901880286043, 24.37217171430838], [120.96594940890233, 24.343621023698404], [120.95731060149433, 24.315070333088418], [120.958619323166, 24.28651964247843], [120.96857717031035, 24.25796895186845], [120.97235765020669, 24.229418261258466], [120.94913851239806, 24.201922784680853], [120.94799552264794, 24.200867570648484], [120.92578308357531, 24.172316880038498], [120.91878218251598, 24.143766189428515], [120.9213983546855, 24.11521549881853], [120.93640256653816, 24.086664808208546], [120.9240320656341, 24.058114117598564], [120.91821289377955, 24.05312527772849], [120.89248985436998, 24.02956342698858], [120.89037561010011, 24.001012736378595], [120.8913751015314, 23.972462045768612], [120.89183952990186, 23.94391135515863], [120.90111308831177, 23.915360664548647], [120.91821289377955, 23.899060155657608], [120.92522039660545, 23.88680997393866], [120.91821289377955, 23.871695034103155], [120.88728727516107, 23.869739571155804], [120.8619642972458, 23.858259283328678], [120.85636165654257, 23.85700717074972], [120.82543603792408, 23.84464785322301], [120.8067422024962, 23.858259283328678], [120.7945104193056, 23.867177149301966], [120.76358480068708, 23.869824365788677], [120.7326591820686, 23.865237459316575], [120.72019911858263, 23.858259283328678], [120.70173356345012, 23.845843443125403], [120.68986281533508, 23.829708592718696], [120.67643043884222, 23.801157902108706], [120.67080794483161, 23.776826155340807], [120.66893173314489, 23.772607211498727], [120.64078610722964, 23.744056520888744], [120.63988232621314, 23.743203523544604], [120.60895670759464, 23.716308120423232], [120.6081302178773, 23.715505830278758], [120.58001437082076, 23.686955139668775], [120.57803108897616, 23.684692853734088], [120.56655489047348, 23.658404449058793], [120.57803108897616, 23.642508949204114], [120.59829520241993, 23.62985375844881], [120.60599039527195, 23.601303067838824], [120.59894606761202, 23.572752377228838], [120.5820875187148, 23.54420168661886], [120.57803108897616, 23.541680921353084], [120.55034881333505, 23.515650996008873], [120.54710547035766, 23.509510395741387], [120.5335568500881, 23.48710030539889], [120.51617985173917, 23.465817340006037], [120.50527048446557, 23.458549614788907], [120.48717247571483, 23.429998924178925], [120.48525423312068, 23.41595522731657], [120.48249348372279, 23.40144823356894], [120.48525423312068, 23.3916713192122], [120.49262311970159, 23.372897542958952], [120.51617985173917, 23.360280188653604], [120.52924192819336, 23.372897542958956], [120.54710547035766, 23.3909415624743], [120.55887776595233, 23.401448233568935], [120.57803108897616, 23.4111689069517], [120.60895670759464, 23.414004831748933], [120.63988232621314, 23.4154685209604], [120.67080794483164, 23.411914939478095], [120.679438456031, 23.40144823356894], [120.6960676496852, 23.372897542958956], [120.70173356345012, 23.365034548703342], [120.7077928599526, 23.344346852348973], [120.71082672578463, 23.315796161738987], [120.71541774137148, 23.287245471129005], [120.7326591820686, 23.269230903603635], [120.73431773685137, 23.258694780519022], [120.7342930690024, 23.23014408990904], [120.73269874154325, 23.201593399299053], [120.7326591820686, 23.199086114464055], [120.72775148754332, 23.17304270868907], [120.7326591820686, 23.154111472941754], [120.7328620989132, 23.144492018079088], [120.7326591820686, 23.138138892792885], [120.71976780276623, 23.115941327469102], [120.70173356345012, 23.10420220956501], [120.67080794483164, 23.105826248108865], [120.65969942083038, 23.08739063685912], [120.66470408739843, 23.058839946249137], [120.67080794483162, 23.0377314901233], [120.67377705658927, 23.03028925563915], [120.6817288961035, 23.001738565029168], [120.70173356345012, 22.98529246990231]]]}, "properties": {"fillColor": "#8A2BE2", "fillOpacity": 0.7, "color": "#000000", "weight": 0.2, "stroke": false}}, {"type": "Feature", "geometry": {"type": "Polygon", "coordinates": [[[120.83991951943672, 23.17304270868907], [120.82551630138407, 23.201593399299053], [120.82543603792408, 23.201808161512535], [120.81657421173992, 23.23014408990904], [120.8055874471703, 23.258694780519022], [120.79692331487, 23.287245471129005], [120.79522411081193, 23.315796161738987], [120.79983231598152, 23.34434685234897], [120.80786510730671, 23.372897542958956], [120.80409049594067, 23.40144823356894], [120.79734747189865, 23.429998924178925], [120.7945104193056, 23.448006772228112], [120.79099405073713, 23.458549614788907], [120.78012053049659, 23.48710030539889], [120.7738892232636, 23.515650996008873], [120.76609256904291, 23.54420168661886], [120.7635848006871, 23.554497290529447], [120.75328198246297, 23.57275237722884], [120.74698857919546, 23.60130306783882], [120.74543684490678, 23.62985375844881], [120.73809928873968, 23.658404449058793], [120.76358480068711, 23.669716446344406], [120.7945104193056, 23.671862151700246], [120.82529845881591, 23.658404449058793], [120.82543603792406, 23.658344592120223], [120.85636165654257, 23.630144711701202], [120.85677201332484, 23.62985375844881], [120.88728727516107, 23.61454479231717], [120.90711105367221, 23.601303067838824], [120.91821289377955, 23.59397839077161], [120.93866320872456, 23.57275237722884], [120.94580103966109, 23.54420168661886], [120.94744612330676, 23.515650996008873], [120.94913851239806, 23.50532534051801], [120.95531584051366, 23.48710030539889], [120.95618933976205, 23.458549614788907], [120.94913851239805, 23.444461485229887], [120.94382165862218, 23.429998924178925], [120.93714222872575, 23.40144823356894], [120.94913851239805, 23.38971301785862], [120.96246021818457, 23.372897542958956], [120.97461016729694, 23.344346852348977], [120.97792285076775, 23.315796161738987], [120.97622039227325, 23.287245471129005], [120.9683232321945, 23.258694780519022], [120.94913851239805, 23.232571675836304], [120.94725244071348, 23.23014408990904], [120.92178243495921, 23.201593399299053], [120.91821289377955, 23.197711420903257], [120.8885941979667, 23.17304270868907], [120.88728727516107, 23.171783128942284], [120.85636165654259, 23.16079917891419], [120.83991951943672, 23.17304270868907]]]}, "properties": {"fillColor": "#8A2BE2", "fillOpacity": 0.7, "color": "#000000", "weight": 0.2, "stroke": false}}, {"type": "Feature", "geometry": {"type": "Polygon", "coordinates": [[[120.63583164935005, 23.57275237722884], [120.61414308568052, 23.601303067838824], [120.63988232621314, 23.606026543884635], [120.64152183899458, 23.601303067838824], [120.64078024679144, 23.57275237722884], [120.63988232621314, 23.570551412238437], [120.63583164935005, 23.57275237722884]]]}, "properties": {"fillColor": "#8A2BE2", "fillOpacity": 0.7, "color": "#000000", "weight": 0.2, "stroke": false}}, {"type": "Feature", "geometry": {"type": "Polygon", "coordinates": [[[120.94353857248517, 23.658404449058793], [120.92158178301561, 23.686955139668775], [120.92099500004946, 23.71550583027876], [120.94913851239805, 23.74257967045532], [120.98006413101653, 23.738635721256248], [121.01098974963503, 23.71960391857515], [121.01997142459422, 23.71550583027876], [121.03111765391698, 23.686955139668775], [121.01127998266954, 23.658404449058793], [121.01098974963503, 23.658198108989026], [120.98006413101655, 23.647121172370685], [120.94913851239805, 23.653995422353212], [120.94353857248517, 23.658404449058793]]]}, "properties": {"fillColor": "#8A2BE2", "fillOpacity": 0.7, "color": "#000000", "weight": 0.2, "stroke": false}}, {"type": "Feature", "geometry": {"type": "Polygon", "coordinates": [[[120.79295341746213, 23.772607211498727], [120.7945104193056, 23.776564826076974], [120.7958405600635, 23.772607211498727], [120.7945104193056, 23.77117549891417], [120.79295341746213, 23.772607211498727]]]}, "properties": {"fillColor": "#8A2BE2", "fillOpacity": 0.7, "color": "#000000", "weight": 0.2, "stroke": false}}, {"type": "Feature", "geometry": {"type": "Polygon", "coordinates": [[[121.06787178080822, 23.858259283328678], [121.04191536825354, 23.881491993091277], [121.03777129822613, 23.88680997393866], [121.01906791153976, 23.915360664548647], [121.01098974963503, 23.93544283118287], [121.00449149404267, 23.943911355158633], [121.00715912642467, 23.972462045768612], [121.01098974963503, 23.97720213215918], [121.03007880495443, 24.001012736378595], [121.04191536825354, 24.011277417074105], [121.07284098687201, 24.02762545683833], [121.08053536489376, 24.029563426988584], [121.1037666054905, 24.038953808466427], [121.13469222410899, 24.043347442868466], [121.16561784272749, 24.041472929547343], [121.19414539116661, 24.029563426988577], [121.19654346134598, 24.028852440118346], [121.22746907996446, 24.001039955204302], [121.22749094634787, 24.001012736378595], [121.24301913733231, 23.97246204576861], [121.24612293485417, 23.94391135515863], [121.24224002617325, 23.915360664548647], [121.22746907996446, 23.888489400800992], [121.22670254839734, 23.88680997393866], [121.19654346134598, 23.860569457022354], [121.18957676814314, 23.858259283328678], [121.16561784272747, 23.84696151141216], [121.13469222410899, 23.84098412114765], [121.1037666054905, 23.842899636546875], [121.07284098687201, 23.85508089872829], [121.06787178080822, 23.858259283328678]]]}, "properties": {"fillColor": "#8A2BE2", "fillOpacity": 0.7, "color": "#000000", "weight": 0.2, "stroke": false}}, {"type": "Feature", "geometry": {"type": "Polygon", "coordinates": [[[121.0762996706055, 24.115215498818532], [121.07391006025692, 24.143766189428515], [121.09772078772812, 24.172316880038494], [121.1037666054905, 24.173203032901107], [121.13469222410899, 24.17431192203034], [121.16032023379748, 24.172316880038498], [121.16561784272749, 24.167426100151474], [121.1757319958597, 24.143766189428515], [121.19654346134598, 24.124552937154764], [121.22541603978489, 24.115215498818532], [121.19654346134598, 24.110304177221074], [121.16561784272749, 24.111088058993438], [121.13469222410899, 24.112078313695655], [121.1037666054905, 24.112959794669536], [121.0762996706055, 24.115215498818532]]]}, "properties": {"fillColor": "#8A2BE2", "fillOpacity": 0.7, "color": "#000000", "weight": 0.2, "stroke": false}}, {"type": "Feature", "geometry": {"type": "Polygon", "coordinates": [[[121.25541325699493, 24.200867570648484], [121.22746907996446, 24.22130854341262], [121.22060518171308, 24.229418261258466], [121.20703320722447, 24.25796895186845], [121.19654346134598, 24.284670618921265], [121.16561784272749, 24.263693264081578], [121.159725216232, 24.25796895186845], [121.13469222410899, 24.24088494138113], [121.1037666054905, 24.245649559934115], [121.07688546868367, 24.25796895186845], [121.07284098687201, 24.260271308113566], [121.04911191117937, 24.28651964247843], [121.04495688887812, 24.315070333088418], [121.06199417289807, 24.3436210236984], [121.07284098687202, 24.353536251034143], [121.1037666054905, 24.366977732916336], [121.13469222410899, 24.36932942257849], [121.16561784272747, 24.36072851120189], [121.1841635218074, 24.343621023698397], [121.19652551602111, 24.315070333088418], [121.19654346134598, 24.314152269141125], [121.22746907996446, 24.29377722409398], [121.25839469858296, 24.297203641736807], [121.28932031720144, 24.287225683657976], [121.2902065029535, 24.28651964247843], [121.3120039143653, 24.257968951868445], [121.31498339101816, 24.229418261258466], [121.2935229834152, 24.200867570648484], [121.28932031720144, 24.198419441225152], [121.25839469858296, 24.19911301100377], [121.25541325699493, 24.200867570648484]]]}, "properties": {"fillColor": "#8A2BE2", "fillOpacity": 0.7, "color": "#000000", "weight": 0.2, "stroke": false}}, {"type": "Feature", "geometry": {"type": "Polygon", "coordinates": [[[115.32067592383265, 23.30841046450117], [115.35160154245116, 23.293568828803174], [115.38252716106965, 23.296117127271625], [115.40623343389365, 23.315796161738987], [115.41345277968813, 23.32223854314956], [115.43132543304202, 23.344346852348973], [115.43100387280569, 23.372897542958956], [115.42277828393577, 23.401448233568935], [115.41345277968813, 23.414955529714682], [115.4069254974553, 23.429998924178925], [115.38252716106965, 23.45277871941516], [115.36275566156482, 23.458549614788907], [115.35160154245115, 23.464384568368786], [115.32067592383265, 23.480621061392497], [115.28975030521417, 23.483030935569946], [115.25882468659567, 23.47405432296539], [115.23969819600973, 23.458549614788907], [115.23242092505127, 23.429998924178925], [115.23220363325231, 23.40144823356894], [115.23927249270439, 23.372897542958956], [115.25882468659567, 23.34710856515847], [115.26227418822094, 23.344346852348973], [115.28975030521417, 23.328307539374162], [115.31267586319915, 23.315796161738987], [115.32067592383265, 23.30841046450117]]]}, "properties": {"fillColor": "#8A2BE2", "fillOpacity": 0.7, "color": "#000000", "weight": 0.2, "stroke": false}}, {"type": "Feature", "geometry": {"type": "Polygon", "coordinates": [[[115.13512221212171, 23.419615113348407], [115.16604783074018, 23.419415660846127], [115.17636637132506, 23.429998924178925], [115.1660478307402, 23.45853272099402], [115.13512221212171, 23.457663344438963], [115.12470960771574, 23.429998924178925], [115.13512221212171, 23.419615113348407]]]}, "properties": {"fillColor": "#8A2BE2", "fillOpacity": 0.7, "color": "#000000", "weight": 0.2, "stroke": false}}, {"type": "Feature", "geometry": {"type": "Polygon", "coordinates": [[[115.66085772863606, 23.586959576731008], [115.69178334725456, 23.576233787184364], [115.72270896587304, 23.574363746077008], [115.75363458449154, 23.57392652177566], [115.78456020311002, 23.574081989700613], [115.81548582172852, 23.575249880758548], [115.84641144034701, 23.580551253042415], [115.87426750942942, 23.601303067838824], [115.8773370589655, 23.60203270124036], [115.90826267758399, 23.621759740053875], [115.91660823464392, 23.62985375844881], [115.93541597199962, 23.658404449058793], [115.93846939597249, 23.686955139668775], [115.93887951963791, 23.71550583027876], [115.93861577523411, 23.744056520888744], [115.93646687949388, 23.772607211498727], [115.93531034424268, 23.80115790210871], [115.93176671992724, 23.829708592718696], [115.91278287029779, 23.858259283328678], [115.90826267758399, 23.86243234855531], [115.8773370589655, 23.875696517097452], [115.846411440347, 23.875445832862006], [115.81548582172852, 23.86476956046328], [115.80276890757169, 23.858259283328678], [115.78456020311002, 23.85799883963563], [115.75363458449154, 23.857273542225094], [115.72270896587304, 23.855450677826315], [115.69178334725454, 23.835079883449623], [115.68596525721591, 23.829708592718696], [115.66085772863606, 23.825377939487154], [115.63462299935671, 23.80115790210871], [115.62993211001756, 23.786155649714786], [115.61525667400554, 23.772607211498727], [115.60457241037851, 23.744056520888744], [115.60260010801812, 23.71550583027876], [115.60320388270947, 23.686955139668775], [115.60698664710445, 23.658404449058793], [115.62531784041082, 23.62985375844881], [115.62993211001756, 23.624839914928643], [115.64382293163314, 23.601303067838824], [115.66085772863606, 23.586959576731008]]]}, "properties": {"fillColor": "#8A2BE2", "fillOpacity": 0.7, "color": "#000000", "weight": 0.2, "stroke": false}}, {"type": "Feature", "geometry": {"type": "Polygon", "coordinates": [[[115.698948446515, 23.658404449058793], [115.69178334725456, 23.671685286663738], [115.68240863495862, 23.686955139668775], [115.67715799935696, 23.71550583027876], [115.68398423860995, 23.74405652088874], [115.69178334725456, 23.755074723716753], [115.70246527111468, 23.772607211498723], [115.72270896587303, 23.78942231651821], [115.75363458449154, 23.80080321486873], [115.75620351971298, 23.801157902108706], [115.78456020311003, 23.809090122922104], [115.81548582172852, 23.80773204348715], [115.8309015351671, 23.80115790210871], [115.84641144034701, 23.795588424066306], [115.86799818077522, 23.77260721149873], [115.87639202904792, 23.744056520888744], [115.8773370589655, 23.718234280535672], [115.87760380682904, 23.71550583027876], [115.8773370589655, 23.714825757606956], [115.87169868809147, 23.686955139668775], [115.84641144034701, 23.65874920912067], [115.8459554505866, 23.65840444905879], [115.8154858217285, 23.638261771923485], [115.78456020311002, 23.63198397865309], [115.75363458449154, 23.631617272806047], [115.72270896587304, 23.63899362016165], [115.698948446515, 23.658404449058793]]]}, "properties": {"fillColor": "#8A2BE2", "fillOpacity": 0.7, "color": "#000000", "weight": 0.2, "stroke": false}}, {"type": "Feature", "geometry": {"type": "Polygon", "coordinates": [[[116.24844448238738, 23.76638325340564], [116.27937010100588, 23.76009672522718], [116.31029571962438, 23.76877843277135], [116.31845533664524, 23.77260721149873], [116.34122133824286, 23.773650942348716], [116.37214695686136, 23.774172029763513], [116.40307257547985, 23.782446491205803], [116.42718005582107, 23.80115790210871], [116.43105859935245, 23.829708592718696], [116.42972233904342, 23.858259283328678], [116.42441509819542, 23.88680997393866], [116.4108999357307, 23.915360664548647], [116.40307257547985, 23.92331667260342], [116.39565201061654, 23.94391135515863], [116.37214695686137, 23.964906080683118], [116.3540730144769, 23.972462045768612], [116.34122133824286, 23.984326779551438], [116.31029571962438, 23.992914031256475], [116.27937010100588, 23.989478547304408], [116.25015590951364, 23.972462045768612], [116.24844448238738, 23.971877192901935], [116.22033360039075, 23.94391135515863], [116.2175188637689, 23.938535310683687], [116.19770244304033, 23.915360664548647], [116.19074895629907, 23.88680997393866], [116.18822068947533, 23.858259283328678], [116.18797928633604, 23.829708592718696], [116.19561290472322, 23.80115790210871], [116.2175188637689, 23.78014426375453], [116.23973707395024, 23.772607211498727], [116.24844448238738, 23.76638325340564]]]}, "properties": {"fillColor": "#8A2BE2", "fillOpacity": 0.7, "color": "#000000", "weight": 0.2, "stroke": false}}, {"type": "Feature", "geometry": {"type": "Polygon", "coordinates": [[[116.49584943133532, 23.89038948378281], [116.52677504995381, 23.888326003511654], [116.55770066857231, 23.887703755358316], [116.58862628719079, 23.88755615944916], [116.61955190580929, 23.88734158631208], [116.65047752442777, 23.88798503871092], [116.68140314304627, 23.892252979869955], [116.70653395003275, 23.915360664548647], [116.71232876166476, 23.92731606881766], [116.72812053605043, 23.94391135515863], [116.73382121398924, 23.972462045768612], [116.73523134262808, 24.001012736378595], [116.73652809744848, 24.02956342698858], [116.73638819438479, 24.058114117598564], [116.73356508145014, 24.086664808208546], [116.7214551963257, 24.115215498818532], [116.71232876166476, 24.12584033912195], [116.70278687077706, 24.143766189428515], [116.68140314304625, 24.16126336022311], [116.65047752442777, 24.168358483980086], [116.61955190580929, 24.1697264255395], [116.58862628719078, 24.16967915665664], [116.55770066857231, 24.1681289210851], [116.52677504995381, 24.16023032947593], [116.5079854132772, 24.143766189428515], [116.49584943133532, 24.141590336414776], [116.46492381271685, 24.128255734106418], [116.4507988534044, 24.115215498818536], [116.43533010451584, 24.086664808208546], [116.43399819409834, 24.06047874243513], [116.43278732639294, 24.058114117598564], [116.4284440500833, 24.02956342698858], [116.43399819409834, 24.013194078754463], [116.4342071222431, 24.001012736378595], [116.4357764614425, 23.972462045768612], [116.44267330284211, 23.943911355158633], [116.46492381271685, 23.923369569683473], [116.46880107641576, 23.915360664548647], [116.49584943133532, 23.89038948378281]]]}, "properties": {"fillColor": "#8A2BE2", "fillOpacity": 0.7, "color": "#000000", "weight": 0.2, "stroke": false}}, {"type": "Feature", "geometry": {"type": "Polygon", "coordinates": [[[116.51371601728599, 23.972462045768612], [116.5005169642177, 24.0010127363786], [116.49824977571373, 24.02956342698858], [116.50489294706446, 24.058114117598564], [116.52677504995381, 24.081635237596643], [116.53543617609338, 24.086664808208546], [116.55770066857231, 24.098894982093732], [116.58862628719078, 24.10353898597151], [116.61955190580929, 24.097971721317737], [116.63642146351927, 24.086664808208546], [116.65047752442777, 24.07249464397942], [116.66071040694202, 24.058114117598564], [116.66751056341658, 24.02956342698858], [116.66485647342589, 24.001012736378595], [116.65047752442777, 23.97489080838452], [116.64912162500507, 23.972462045768612], [116.61955190580929, 23.94929842039242], [116.58862628719079, 23.9442673888151], [116.55770066857231, 23.946344496037902], [116.52677504995381, 23.959654861569724], [116.51371601728599, 23.972462045768612]]]}, "properties": {"fillColor": "#8A2BE2", "fillOpacity": 0.7, "color": "#000000", "weight": 0.2, "stroke": false}}, {"type": "Feature", "geometry": {"type": "Polygon", "coordinates": [[[120.60895670759464, 23.924539348689578], [120.63988232621314, 23.915852528787553], [120.6592602027556, 23.94391135515863], [120.65924478162698, 23.972462045768612], [120.65398475820702, 24.00101273637859], [120.63988232621314, 24.01845090378368], [120.6218220431466, 24.001012736378595], [120.60895670759464, 23.987201317315424], [120.5974363515906, 23.972462045768612], [120.59780784946409, 23.94391135515863], [120.60895670759464, 23.924539348689578]]]}, "properties": {"fillColor": "#8A2BE2", "fillOpacity": 0.7, "color": "#000000", "weight": 0.2, "stroke": false}}, {"type": "Feature", "geometry": {"type": "Polygon", "coordinates": [[[120.82543603792408, 23.95967762363958], [120.8392584805942, 23.972462045768612], [120.85636165654259, 23.989046663293593], [120.87324528808988, 24.001012736378595], [120.87349576079978, 24.02956342698858], [120.85926176674498, 24.058114117598564], [120.85636165654257, 24.06334199554442], [120.84511265884439, 24.086664808208546], [120.82543603792408, 24.103385440700293], [120.79536904056624, 24.115215498818536], [120.79451041930558, 24.115921741229222], [120.79372358624819, 24.115215498818532], [120.77837710919252, 24.086664808208546], [120.77376606528361, 24.058114117598564], [120.77256395643883, 24.02956342698858], [120.77893402530358, 24.001012736378595], [120.7945104193056, 23.98341657158361], [120.80974160442081, 23.972462045768612], [120.82543603792408, 23.95967762363958]]]}, "properties": {"fillColor": "#8A2BE2", "fillOpacity": 0.7, "color": "#000000", "weight": 0.2, "stroke": false}}, {"type": "Feature", "geometry": {"type": "Polygon", "coordinates": [[[116.27937010100588, 24.25718653925512], [116.28312742163034, 24.25796895186845], [116.31029571962438, 24.269519380408187], [116.31762983335005, 24.28651964247843], [116.31029571962438, 24.295781417928563], [116.29369055166916, 24.315070333088418], [116.2793701010059, 24.326856597473686], [116.24844448238738, 24.31792008517838], [116.24565762508165, 24.31507033308842], [116.2484444823874, 24.31249749205031], [116.26816673864823, 24.28651964247843], [116.27852260507618, 24.25796895186845], [116.27937010100588, 24.25718653925512]]]}, "properties": {"fillColor": "#8A2BE2", "fillOpacity": 0.7, "color": "#000000", "weight": 0.2, "stroke": false}}, {"type": "Feature", "geometry": {"type": "Polygon", "coordinates": [[[116.49584943133532, 24.27790271886439], [116.52677504995381, 24.28043980409619], [116.53317847314526, 24.286519642478428], [116.55770066857231, 24.291751562752594], [116.58862628719079, 24.292938245709337], [116.61955190580929, 24.297315614920883], [116.64918523110909, 24.315070333088418], [116.65047752442777, 24.315289377444035], [116.68140314304627, 24.321304332393932], [116.71232876166476, 24.34169709786927], [116.71441272514063, 24.3436210236984], [116.74325438028325, 24.350047602886146], [116.7718891765604, 24.372171714308383], [116.77417999890173, 24.37259867200671], [116.80510561752023, 24.375262429598834], [116.83603123613872, 24.37878595305821], [116.8669568547572, 24.391660311834443], [116.87798087402287, 24.40072240491837], [116.8978824733757, 24.407430679061235], [116.92219151425518, 24.42927309552835], [116.9288080919942, 24.433109337237205], [116.95828560045959, 24.457823786138334], [116.95973371061268, 24.458177575431844], [116.99065932923119, 24.467409602231307], [117.01120175618934, 24.486374476748317], [117.02158494784968, 24.49220842640002], [117.04619133221802, 24.514925167358303], [117.05170629880618, 24.543475857968286], [117.05242521260354, 24.57202654857827], [117.05251056646816, 24.582790178715268], [117.05481445967058, 24.600577239188254], [117.05251056646816, 24.615370620328072], [117.05239111282152, 24.629127929798237], [117.0515263402304, 24.65767862040822], [117.0480050625894, 24.686229311018206], [117.02598354718103, 24.71478000162819], [117.02158494784968, 24.71942415968492], [117.00343004934888, 24.74333069223817], [116.99065932923119, 24.754041914295023], [116.95973371061268, 24.76602699643173], [116.9288080919942, 24.768985314924876], [116.8978824733757, 24.770917521885025], [116.86695685475722, 24.77071621993556], [116.83603123613872, 24.768760765811557], [116.80510561752021, 24.760413410755476], [116.78270021829513, 24.743330692238168], [116.77417999890174, 24.74091412044084], [116.74709798523463, 24.71478000162819], [116.74325438028325, 24.708578299193952], [116.71981109605736, 24.686229311018206], [116.71232876166476, 24.674914586034472], [116.69042910430463, 24.65767862040822], [116.68140314304627, 24.656933346502324], [116.65047752442777, 24.654511257898875], [116.61955190580929, 24.644899396249063], [116.60047085588431, 24.629127929798237], [116.58862628719079, 24.624934927014248], [116.55770066857232, 24.611024700164933], [116.54564389131218, 24.600577239188254], [116.52677504995381, 24.589383339308593], [116.50215168707516, 24.57202654857827], [116.49584943133532, 24.56665147137393], [116.47350312838788, 24.543475857968286], [116.46492381271683, 24.525766945335253], [116.4566833828608, 24.514925167358303], [116.441149497344, 24.486374476748317], [116.43399819409834, 24.46322228803606], [116.4303142477275, 24.457823786138334], [116.4180520326351, 24.42927309552835], [116.41161951633191, 24.40072240491837], [116.4126667422992, 24.372171714308383], [116.416438447946, 24.3436210236984], [116.43399819409834, 24.32113727539301], [116.43883910226931, 24.31507033308842], [116.46492381271685, 24.294514922875244], [116.48276931909449, 24.28651964247843], [116.49584943133532, 24.27790271886439]]]}, "properties": {"fillColor": "#8A2BE2", "fillOpacity": 0.7, "color": "#000000", "weight": 0.2, "stroke": false}}, {"type": "Feature", "geometry": {"type": "Polygon", "coordinates": [[[116.61850543029065, 24.457823786138334], [116.61475045694054, 24.486374476748317], [116.61955190580929, 24.497371935135945], [116.62431687420207, 24.514925167358307], [116.6429674552054, 24.543475857968286], [116.65047752442777, 24.55116096624071], [116.6673844267628, 24.57202654857827], [116.68140314304627, 24.583741288355746], [116.7060587120562, 24.600577239188254], [116.71232876166476, 24.604539238036708], [116.74325438028325, 24.624383924631193], [116.7485864397519, 24.629127929798237], [116.77417999890174, 24.651335947734967], [116.78565666596225, 24.65767862040822], [116.80510561752023, 24.672925992312898], [116.83603123613872, 24.6854418839992], [116.84005385789342, 24.68622931101821], [116.86695685475722, 24.694886450347322], [116.89788247337572, 24.695227386079367], [116.92528804612988, 24.686229311018206], [116.92880809199418, 24.68537179404747], [116.95973371061268, 24.66234817852946], [116.96380275970849, 24.65767862040822], [116.97779761596499, 24.629127929798237], [116.98174233518043, 24.600577239188258], [116.97876054417543, 24.57202654857827], [116.96577788059018, 24.543475857968286], [116.95973371061268, 24.536715154154162], [116.93771568808052, 24.514925167358303], [116.9288080919942, 24.508468523596903], [116.89788247337572, 24.49212641905728], [116.87879140630183, 24.486374476748317], [116.86695685475722, 24.4792029369012], [116.83603123613872, 24.462355311301852], [116.82154688089206, 24.457823786138334], [116.80510561752023, 24.450510909985972], [116.77417999890176, 24.44240503218594], [116.74325438028325, 24.437297307942224], [116.71232876166476, 24.433847011894347], [116.68140314304627, 24.432350014991172], [116.65047752442777, 24.435902430658118], [116.61955190580929, 24.456503267950723], [116.61850543029065, 24.457823786138334]]]}, "properties": {"fillColor": "#8A2BE2", "fillOpacity": 0.7, "color": "#000000", "weight": 0.2, "stroke": false}}, {"type": "Feature", "geometry": {"type": "Polygon", "coordinates": [[[113.27958509501224, 24.512563349024244], [113.28199128792139, 24.514925167358303], [113.2918058585409, 24.54347585796829], [113.27958509501224, 24.55328870963045], [113.25967598145068, 24.57202654857827], [113.24865947639375, 24.58567380377816], [113.24021579906666, 24.600577239188254], [113.22697463945497, 24.629127929798237], [113.21773385777524, 24.637865547366708], [113.18680823915676, 24.638671611574342], [113.16287383756415, 24.65767862040822], [113.16380597288108, 24.686229311018202], [113.16862025096859, 24.71478000162819], [113.17963316901458, 24.74333069223817], [113.15588262053828, 24.75355162307502], [113.14577536124906, 24.74333069223817], [113.1249570019198, 24.72617075110943], [113.11393608576495, 24.714780001628185], [113.09867754213955, 24.686229311018202], [113.09917891119056, 24.65767862040822], [113.12495700191978, 24.63053535706572], [113.1276316821296, 24.629127929798237], [113.1422784482896, 24.600577239188254], [113.15588262053828, 24.589451963518044], [113.169986101567, 24.57202654857827], [113.18680823915676, 24.558588856593065], [113.20722708796967, 24.543475857968286], [113.21773385777524, 24.53506168737261], [113.24865947639375, 24.516127671595765], [113.2592955882884, 24.514925167358307], [113.27958509501224, 24.512563349024244]]]}, "properties": {"fillColor": "#8A2BE2", "fillOpacity": 0.7, "color": "#000000", "weight": 0.2, "stroke": false}}, {"type": "Feature", "geometry": {"type": "Polygon", "coordinates": [[[121.41302279167543, 24.600183369117], [121.41347049943991, 24.600577239188258], [121.4439484102939, 24.614603848250724], [121.47132261698647, 24.629127929798237], [121.4748740289124, 24.632796982386665], [121.48923993908767, 24.65767862040822], [121.50260128245289, 24.686229311018206], [121.50579964753089, 24.689240259011456], [121.52652842650802, 24.714780001628185], [121.53672526614938, 24.729472384873986], [121.54941027274205, 24.74333069223817], [121.53672526614938, 24.760180714863893], [121.50579964753089, 24.754858643042965], [121.49150087272282, 24.74333069223817], [121.48285706205893, 24.714780001628192], [121.4748740289124, 24.70752856059313], [121.4439484102939, 24.69483667974662], [121.43403064304998, 24.68622931101821], [121.41302279167542, 24.661965481813475], [121.40910891103314, 24.65767862040822], [121.40246700880375, 24.629127929798237], [121.41259615836644, 24.600577239188254], [121.41302279167543, 24.600183369117]]]}, "properties": {"fillColor": "#8A2BE2", "fillOpacity": 0.7, "color": "#000000", "weight": 0.2, "stroke": false}}, {"type": "Feature", "geometry": {"type": "Polygon", "coordinates": [[[112.97032890882733, 24.78369314462592], [112.98690400804523, 24.80043207345814], [113.00125452744582, 24.81420682917679], [113.01303582528794, 24.828982764068122], [113.02240848988725, 24.857533454678105], [113.01887814923802, 24.88608414528809], [113.00842990655971, 24.914634835898074], [113.00125452744582, 24.920618452850654], [112.98486354721054, 24.914634835898074], [112.97032890882733, 24.899737074115244], [112.96573792597277, 24.88608414528809], [112.9470478480192, 24.857533454678105], [112.94886805458808, 24.828982764068122], [112.9579558488064, 24.80043207345814], [112.97032890882733, 24.78369314462592]]]}, "properties": {"fillColor": "#8A2BE2", "fillOpacity": 0.7, "color": "#000000", "weight": 0.2, "stroke": false}}, {"type": "Feature", "geometry": {"type": "Polygon", "coordinates": [[[117.42361798989006, 24.82884174236152], [117.45454360850854, 24.816561980403932], [117.4776841410847, 24.828982764068122], [117.48546922712703, 24.841715852226393], [117.49198041722941, 24.857533454678105], [117.48945618692167, 24.88608414528809], [117.49066383167755, 24.914634835898074], [117.48546922712704, 24.918167174008783], [117.45454360850854, 24.921958408142963], [117.42361798989006, 24.92858953127255], [117.39269237127156, 24.942168181815376], [117.39105163664262, 24.943185526508056], [117.36176675265307, 24.96617023559392], [117.35006860278102, 24.97173621711804], [117.35922185870494, 25.000286907728025], [117.36176675265307, 25.00235213154608], [117.37072090198515, 25.028837598338008], [117.36176675265307, 25.040217275244053], [117.33084113403459, 25.04418813018335], [117.32687066385756, 25.05738828894799], [117.32649808536713, 25.085938979557977], [117.32625284656814, 25.11448967016796], [117.32463077013558, 25.143040360777942], [117.31900651927863, 25.171591051387928], [117.29991551541609, 25.195990195771746], [117.29694985218961, 25.20014174199791], [117.26898989679759, 25.2207346361887], [117.23806427817911, 25.225551502525473], [117.20713865956061, 25.226690502344855], [117.17621304094213, 25.226811411795907], [117.14528742232363, 25.226224223717967], [117.11436180370515, 25.224006486767124], [117.08343618508665, 25.21399882327217], [117.06634314124253, 25.20014174199791], [117.05251056646816, 25.173023462031022], [117.05131220686206, 25.171591051387928], [117.0418897374974, 25.14304036077794], [117.05251056646816, 25.131396167209257], [117.05327325634555, 25.11448967016796], [117.05359963174931, 25.085938979557977], [117.054115845922, 25.05738828894799], [117.05431886123785, 25.028837598338008], [117.05251056646816, 25.00812223149181], [117.04337043588768, 25.000286907728025], [117.02868654099383, 24.97173621711804], [117.05251056646816, 24.9620203868559], [117.07631640338934, 24.97173621711804], [117.08343618508665, 24.972825997802566], [117.11436180370515, 24.97402524063037], [117.14528742232363, 24.97396775665251], [117.17621304094213, 24.97528624724703], [117.20713865956061, 24.987586277235764], [117.22089326466423, 25.000286907728025], [117.23806427817911, 25.001541139137803], [117.26898989679759, 25.00346381217215], [117.29991551541609, 25.00257862586407], [117.3105224202992, 25.000286907728025], [117.32169953298023, 24.971736217118043], [117.30179503420811, 24.943185526508056], [117.3133391350992, 24.914634835898074], [117.33084113403459, 24.901733882675913], [117.3551438138689, 24.88608414528809], [117.36176675265307, 24.881201915623848], [117.38853806345273, 24.857533454678105], [117.39269237127158, 24.853852205717253], [117.42344757417831, 24.828982764068122], [117.42361798989006, 24.82884174236152]]]}, "properties": {"fillColor": "#8A2BE2", "fillOpacity": 0.7, "color": "#000000", "weight": 0.2, "stroke": false}}, {"type": "Feature", "geometry": {"type": "Polygon", "coordinates": [[[117.13586464429618, 25.085938979557973], [117.13374315077075, 25.11448967016796], [117.14528742232363, 25.13090646182323], [117.16666749042739, 25.143040360777942], [117.17621304094213, 25.146571052314627], [117.19260642638403, 25.143040360777942], [117.20713865956061, 25.138769739581544], [117.22659637338647, 25.114489670167956], [117.22299721165597, 25.08593897955798], [117.2071386595606, 25.070074962980257], [117.17621304094213, 25.061474332736406], [117.14528742232363, 25.07432075921128], [117.13586464429618, 25.085938979557973]]]}, "properties": {"fillColor": "#8A2BE2", "fillOpacity": 0.7, "color": "#000000", "weight": 0.2, "stroke": false}}, {"type": "Feature", "geometry": {"type": "Polygon", "coordinates": [[[112.69199834126093, 24.8777956454828], [112.70916130657302, 24.88608414528809], [112.7229239598794, 24.906083553255364], [112.72856523142777, 24.914634835898074], [112.72292395987938, 24.93452282936815], [112.70931796448053, 24.914634835898077], [112.69199834126093, 24.905960046829822], [112.67582798293313, 24.88608414528809], [112.69199834126093, 24.8777956454828]]]}, "properties": {"fillColor": "#8A2BE2", "fillOpacity": 0.7, "color": "#000000", "weight": 0.2, "stroke": false}}, {"type": "Feature", "geometry": {"type": "Polygon", "coordinates": [[[117.73287417607497, 24.88233909714934], [117.74093720699545, 24.886084145288095], [117.76379979469345, 24.889044608318997], [117.79472541331194, 24.893434304634173], [117.81529657104475, 24.914634835898074], [117.82487452301719, 24.943185526508056], [117.82565103193043, 24.946941918356753], [117.84261071334562, 24.97173621711804], [117.8403354841399, 25.000286907728025], [117.83015772894068, 25.028837598338008], [117.82565103193045, 25.034728367996948], [117.81878188997334, 25.05738828894799], [117.79472541331195, 25.08278277426553], [117.79183943923404, 25.085938979557977], [117.76379979469345, 25.109827538420706], [117.73835040188845, 25.11448967016796], [117.76379979469345, 25.116817215828682], [117.79222608907689, 25.143040360777942], [117.79472541331194, 25.152889939621332], [117.81033060665132, 25.171591051387928], [117.81883248831116, 25.20014174199791], [117.82102220763217, 25.228692432607893], [117.82036753588957, 25.257243123217876], [117.81452083571057, 25.28579381382786], [117.81792550250744, 25.31434450443784], [117.81877319966824, 25.342895195047827], [117.81576629227507, 25.371445885657813], [117.80025514129483, 25.399996576267796], [117.79472541331197, 25.40510164966161], [117.76379979469345, 25.415873179195412], [117.73287417607497, 25.41197120315826], [117.71662385893518, 25.399996576267796], [117.70194855745648, 25.399323398917968], [117.67102293883798, 25.39882267961736], [117.6400973202195, 25.39825112734843], [117.609171701601, 25.396808747070075], [117.57824608298252, 25.39389100456963], [117.54732046436402, 25.38461519679965], [117.52777585995987, 25.371445885657813], [117.51639484574552, 25.368119190095506], [117.49193865819024, 25.342895195047827], [117.48704375738266, 25.31434450443784], [117.48616877633445, 25.285793813827862], [117.48594085649134, 25.257243123217876], [117.48594876220714, 25.228692432607893], [117.48620918982054, 25.20014174199791], [117.48712238129578, 25.171591051387928], [117.49093792928781, 25.143040360777942], [117.51427674087704, 25.114489670167956], [117.51639484574554, 25.11235101387934], [117.54732046436402, 25.090668922978946], [117.57824608298252, 25.089103631274433], [117.60054450706312, 25.08593897955798], [117.57824608298252, 25.062007855457583], [117.57374870908271, 25.05738828894799], [117.55842229539999, 25.028837598338008], [117.56401603253738, 25.000286907728025], [117.5782460829825, 24.98706951691959], [117.58325974322126, 24.97173621711804], [117.60831496436018, 24.943185526508056], [117.60917170160101, 24.942394582268626], [117.6400973202195, 24.921635586351403], [117.65440215236292, 24.914634835898074], [117.67102293883798, 24.89929044010124], [117.70194855745648, 24.88668129797699], [117.71421304247502, 24.88608414528809], [117.73287417607497, 24.88233909714934]]]}, "properties": {"fillColor": "#8A2BE2", "fillOpacity": 0.7, "color": "#000000", "weight": 0.2, "stroke": false}}, {"type": "Feature", "geometry": {"type": "Polygon", "coordinates": [[[117.66563404981724, 25.11448967016796], [117.67102293883798, 25.11463670566032], [117.69491841414118, 25.114489670167956], [117.67102293883798, 25.11317406872302], [117.66563404981724, 25.11448967016796]]]}, "properties": {"fillColor": "#8A2BE2", "fillOpacity": 0.7, "color": "#000000", "weight": 0.2, "stroke": false}}, {"type": "Feature", "geometry": {"type": "Polygon", "coordinates": [[[117.57166916040202, 25.171591051387928], [117.54732046436402, 25.199081981262072], [117.54652950316438, 25.20014174199791], [117.53240902847111, 25.228692432607893], [117.53153275220359, 25.257243123217876], [117.54417843673629, 25.285793813827862], [117.54732046436402, 25.289699551210077], [117.56937250484808, 25.314344504437848], [117.5782460829825, 25.321405388414426], [117.609171701601, 25.337074776975886], [117.6400973202195, 25.34216146059531], [117.65953057619463, 25.342895195047827], [117.67102293883798, 25.344293749601725], [117.6785533009615, 25.342895195047827], [117.70194855745648, 25.341012178599414], [117.73287417607497, 25.3243302529058], [117.7417056085628, 25.314344504437845], [117.75402295949095, 25.28579381382786], [117.75765161651103, 25.257243123217876], [117.75545691237492, 25.228692432607893], [117.74184512277287, 25.20014174199791], [117.73287417607497, 25.190060291153802], [117.70417394280602, 25.171591051387928], [117.70194855745648, 25.169944955338185], [117.67102293883798, 25.156464077850885], [117.6400973202195, 25.151775145673373], [117.609171701601, 25.153628904107364], [117.57824608298252, 25.166446704077348], [117.57166916040202, 25.171591051387928]]]}, "properties": {"fillColor": "#8A2BE2", "fillOpacity": 0.7, "color": "#000000", "weight": 0.2, "stroke": false}}, {"type": "Feature", "geometry": {"type": "Polygon", "coordinates": [[[112.87755205297185, 24.9577859115198], [112.90847767159035, 24.955571416394307], [112.93940329020884, 24.956634947969306], [112.97032890882733, 24.95780140847649], [113.00125452744582, 24.96409018912874], [113.01962469601142, 24.97173621711804], [113.0321801460643, 24.982243297948884], [113.03977110052803, 25.000286907728025], [113.03503423222648, 25.028837598338008], [113.0321801460643, 25.03199104208356], [113.00758332699358, 25.05738828894799], [113.00125452744584, 25.062598558107904], [112.97032890882733, 25.071482571680335], [112.93940329020884, 25.07081515818717], [112.90847767159035, 25.061826657886357], [112.90296974271327, 25.05738828894799], [112.88125508985726, 25.028837598338008], [112.87755205297185, 25.022120356652536], [112.85961417031129, 25.000286907728025], [112.85015281038017, 24.971736217118043], [112.87755205297185, 24.9577859115198]]]}, "properties": {"fillColor": "#8A2BE2", "fillOpacity": 0.7, "color": "#000000", "weight": 0.2, "stroke": false}}, {"type": "Feature", "geometry": {"type": "Polygon", "coordinates": [[[113.46513880672319, 25.364658368060546], [113.46701684665504, 25.371445885657813], [113.46513880672319, 25.383952906680193], [113.46371015594902, 25.371445885657813], [113.46513880672319, 25.364658368060546]]]}, "properties": {"fillColor": "#8A2BE2", "fillOpacity": 0.7, "color": "#000000", "weight": 0.2, "stroke": false}}, {"type": "Feature", "geometry": {"type": "Polygon", "coordinates": [[[116.74325438028325, 25.41769697158385], [116.77417999890174, 25.410387995227133], [116.78340290531824, 25.42854726687778], [116.7798185902849, 25.45709795748776], [116.77855241674551, 25.48564864809775], [116.77417999890174, 25.490293374718583], [116.76947621552695, 25.485648648097747], [116.74325438028325, 25.458865886877376], [116.74155696800011, 25.45709795748776], [116.73798846731708, 25.42854726687778], [116.74325438028325, 25.41769697158385]]]}, "properties": {"fillColor": "#8A2BE2", "fillOpacity": 0.7, "color": "#000000", "weight": 0.2, "stroke": false}}, {"type": "Feature", "geometry": {"type": "Polygon", "coordinates": [[[117.76379979469344, 25.509175654507953], [117.77817342821676, 25.51419933870773], [117.79472541331197, 25.516919805853146], [117.82565103193042, 25.52464087921189], [117.85657665054893, 25.527735585135034], [117.88750226916741, 25.531932704727254], [117.90181414510947, 25.542750029317713], [117.91842788778591, 25.55938678618776], [117.94935350640439, 25.56895921380668], [117.98027912502289, 25.548000473532262], [118.01120474364139, 25.54802067316524], [118.04213036225988, 25.54797614963945], [118.07305598087837, 25.549424118673677], [118.10398159949686, 25.556438022646272], [118.12690214329018, 25.5713007199277], [118.13490721811536, 25.57270589608059], [118.16583283673384, 25.588315524711916], [118.1783283104983, 25.59985141053768], [118.19552626231489, 25.628402101147664], [118.19675845535235, 25.632078611324722], [118.21901631745396, 25.65695279175765], [118.22485798034145, 25.685503482367633], [118.2276840739708, 25.7111733021847], [118.23010652765363, 25.714054172977615], [118.239399149809, 25.742604863587594], [118.24004970097792, 25.771155554197584], [118.23369329145939, 25.799706244807567], [118.2276840739708, 25.809936197959537], [118.22166570844911, 25.82825693541755], [118.19675845535234, 25.852349035325922], [118.16583283673384, 25.854931926773553], [118.13490721811536, 25.85383124910323], [118.10398159949686, 25.84882819051243], [118.07305598087837, 25.82988876307289], [118.07085164370119, 25.82825693541755], [118.04213036225988, 25.823013658758477], [118.01562548880375, 25.799706244807567], [118.0112047436414, 25.797734027630263], [117.98027912502289, 25.776366503811385], [117.97463471373358, 25.771155554197584], [117.95262583734188, 25.742604863587598], [117.94935350640439, 25.71702894258838], [117.94730792672134, 25.71405417297762], [117.9361906004344, 25.685503482367636], [117.93796506466992, 25.65695279175765], [117.9493535064044, 25.63661360423629], [117.94988961780834, 25.628402101147664], [117.9493535064044, 25.619438058906397], [117.91852983338677, 25.628402101147667], [117.91842788778591, 25.628424306331468], [117.89955845908547, 25.656952791757654], [117.88750226916743, 25.668058126954037], [117.85657665054893, 25.684593261802526], [117.85085597287464, 25.685503482367633], [117.82565103193043, 25.69280119391246], [117.80532247650993, 25.68550348236763], [117.79472541331195, 25.68322629000051], [117.76379979469345, 25.664631259050914], [117.75588107899186, 25.65695279175765], [117.73309145790127, 25.628402101147664], [117.73287417607497, 25.627872452642645], [117.71855559160952, 25.59985141053768], [117.71930546423205, 25.5713007199277], [117.72413996629115, 25.542750029317713], [117.73287417607497, 25.532136276702225], [117.75703160111347, 25.514199338707733], [117.76379979469344, 25.509175654507953]]]}, "properties": {"fillColor": "#8A2BE2", "fillOpacity": 0.7, "color": "#000000", "weight": 0.2, "stroke": false}}, {"type": "Feature", "geometry": {"type": "Polygon", "coordinates": [[[118.06647432853289, 25.685503482367633], [118.07305598087837, 25.70212878525966], [118.09331365154176, 25.685503482367633], [118.07305598087837, 25.67824826107414], [118.06647432853289, 25.685503482367633]]]}, "properties": {"fillColor": "#8A2BE2", "fillOpacity": 0.7, "color": "#000000", "weight": 0.2, "stroke": false}}, {"type": "Feature", "geometry": {"type": "Polygon", "coordinates": [[[112.87755205297185, 25.51941799405443], [112.90847767159036, 25.535083500429415], [112.91628079155173, 25.54275002931771], [112.91036619066867, 25.5713007199277], [112.90847767159033, 25.573267969567794], [112.90605264539894, 25.5713007199277], [112.87755205297185, 25.557559566253776], [112.86358309150992, 25.54275002931771], [112.87755205297185, 25.51941799405443]]]}, "properties": {"fillColor": "#8A2BE2", "fillOpacity": 0.7, "color": "#000000", "weight": 0.2, "stroke": false}}, {"type": "Feature", "geometry": {"type": "Polygon", "coordinates": [[[113.7743949929081, 25.531414971771653], [113.8053206115266, 25.53633546939669], [113.83624623014508, 25.540506323253858], [113.84374030917363, 25.542750029317713], [113.8362462301451, 25.54821396676711], [113.82685746158296, 25.5713007199277], [113.81466755770246, 25.59985141053768], [113.80532061152658, 25.608855257097378], [113.77735080889245, 25.628402101147664], [113.7743949929081, 25.63012780886928], [113.77252573588821, 25.628402101147667], [113.77312326752775, 25.599851410537685], [113.7520457629966, 25.5713007199277], [113.74923368535224, 25.542750029317716], [113.7743949929081, 25.531414971771653]]]}, "properties": {"fillColor": "#8A2BE2", "fillOpacity": 0.7, "color": "#000000", "weight": 0.2, "stroke": false}}, {"type": "Feature", "geometry": {"type": "Polygon", "coordinates": [[[118.41323778568176, 25.579258483112135], [118.44416340430027, 25.582484383907325], [118.47508902291875, 25.589343169056548], [118.48686147909464, 25.59985141053768], [118.49847647194531, 25.628402101147664], [118.47508902291875, 25.643374703779216], [118.44416340430027, 25.642489673415977], [118.42257539390083, 25.628402101147664], [118.41323778568179, 25.61912233190251], [118.39745646035746, 25.59985141053768], [118.41323778568176, 25.579258483112135]]]}, "properties": {"fillColor": "#8A2BE2", "fillOpacity": 0.7, "color": "#000000", "weight": 0.2, "stroke": false}}, {"type": "Feature", "geometry": {"type": "Polygon", "coordinates": [[[113.24865947639375, 25.74242069901059], [113.24964378136775, 25.742604863587598], [113.24865947639375, 25.752610244294345], [113.24631109605424, 25.742604863587598], [113.24865947639375, 25.74242069901059]]]}, "properties": {"fillColor": "#8A2BE2", "fillOpacity": 0.7, "color": "#000000", "weight": 0.2, "stroke": false}}, {"type": "Feature", "geometry": {"type": "Polygon", "coordinates": [[[114.02179994185603, 25.941372672663988], [114.02238102335279, 25.942459697857487], [114.02179994185603, 25.94327467715955], [114.02121886035928, 25.942459697857487], [114.02179994185603, 25.941372672663988]]]}, "properties": {"fillColor": "#8A2BE2", "fillOpacity": 0.7, "color": "#000000", "weight": 0.2, "stroke": false}}, {"type": "Feature", "geometry": {"type": "Polygon", "coordinates": [[[118.56786587877423, 26.141382321254056], [118.56910538047539, 26.142314532127372], [118.56786587877423, 26.143472456744387], [118.55936463437374, 26.142314532127372], [118.56786587877423, 26.141382321254056]]]}, "properties": {"fillColor": "#8A2BE2", "fillOpacity": 0.7, "color": "#000000", "weight": 0.2, "stroke": false}}, {"type": "Feature", "geometry": {"type": "Polygon", "coordinates": [[[118.53694026015572, 26.153148089091594], [118.54170980720244, 26.170865222737355], [118.53694026015573, 26.174493968532847], [118.53300966491838, 26.170865222737355], [118.53694026015572, 26.153148089091594]]]}, "properties": {"fillColor": "#8A2BE2", "fillOpacity": 0.7, "color": "#000000", "weight": 0.2, "stroke": false}}, {"type": "Feature", "geometry": {"type": "Polygon", "coordinates": [[[114.05272556047451, 26.18195565453253], [114.08365117909302, 26.189636362296277], [114.10104817361312, 26.199415913347337], [114.1145767977115, 26.20902025375319], [114.12746437452611, 26.22796660395732], [114.13650079851578, 26.256517294567306], [114.12482016862262, 26.28506798517729], [114.1145767977115, 26.293997640328413], [114.08365117909301, 26.31183650127023], [114.08237530929354, 26.31361867578727], [114.08310843646807, 26.342169366397258], [114.08365117909301, 26.359615563663603], [114.08437862317814, 26.37072005700724], [114.10301698455963, 26.399270747617223], [114.10231324058603, 26.427821438227205], [114.11457679771152, 26.448172226831417], [114.12133009346623, 26.45637212883719], [114.13122547479861, 26.484922819447174], [114.14550241632999, 26.50454742410568], [114.15499903474188, 26.51347351005716], [114.17642803494849, 26.5397324299937], [114.17891044165367, 26.542024200667143], [114.17642803494849, 26.55212363820562], [114.16191179436206, 26.570574891277126], [114.14550241633, 26.574935084516902], [114.13916487991823, 26.570574891277126], [114.1145767977115, 26.557908691941307], [114.08365117909301, 26.543148407109697], [114.08226128225519, 26.54202420066714], [114.05272556047451, 26.520333506157286], [114.03722198675507, 26.513473510057157], [114.02179994185603, 26.50539614468522], [113.99087432323753, 26.504545378642504], [113.9831056349425, 26.513473510057157], [113.9663456719751, 26.54202420066714], [113.95994870461905, 26.550420212709696], [113.93797388886553, 26.570574891277126], [113.92902308600056, 26.577935469312187], [113.89809746738206, 26.577251860009394], [113.89081285606238, 26.570574891277126], [113.88989365695892, 26.542024200667143], [113.88983471651332, 26.513473510057153], [113.88712813822067, 26.48492281944717], [113.88961187712992, 26.45637212883719], [113.89291883697537, 26.427821438227205], [113.89809746738206, 26.4016545829028], [113.89841625166629, 26.399270747617223], [113.91207651988779, 26.37072005700724], [113.92902308600056, 26.350745202421876], [113.93543007199706, 26.342169366397258], [113.95994870461905, 26.315991539741212], [113.96206903113102, 26.313618675787268], [113.98146889215437, 26.28506798517729], [113.99087432323753, 26.276821636862056], [114.01438194755076, 26.256517294567303], [114.01635393856763, 26.227966603957316], [114.02179994185605, 26.2230206314866], [114.04241546621985, 26.199415913347337], [114.05272556047451, 26.18195565453253]]]}, "properties": {"fillColor": "#8A2BE2", "fillOpacity": 0.7, "color": "#000000", "weight": 0.2, "stroke": false}}, {"type": "Feature", "geometry": {"type": "Polygon", "coordinates": [[[118.81527082772216, 26.455853056946157], [118.81608795307594, 26.45637212883719], [118.84619644634066, 26.468179654706162], [118.87712206495914, 26.481036522654968], [118.88191733208039, 26.484922819447174], [118.90804768357762, 26.503299698089336], [118.91849998203654, 26.513473510057157], [118.93542586710508, 26.542024200667143], [118.93807548910164, 26.570574891277126], [118.90804768357762, 26.590607743717612], [118.88138074492271, 26.59912558188711], [118.87712206495914, 26.601849043857246], [118.87369780526264, 26.599125581887108], [118.84619644634066, 26.590287063158645], [118.81527082772216, 26.58060758785674], [118.80415660100289, 26.570574891277126], [118.79804180231065, 26.542024200667143], [118.79655816032155, 26.513473510057157], [118.80036988126116, 26.484922819447178], [118.81470857794834, 26.45637212883719], [118.81527082772216, 26.455853056946157]]]}, "properties": {"fillColor": "#8A2BE2", "fillOpacity": 0.7, "color": "#000000", "weight": 0.2, "stroke": false}}, {"type": "Feature", "geometry": {"type": "Polygon", "coordinates": [[[119.0317501580516, 26.798927640551014], [119.03179412844311, 26.798980416156997], [119.0317501580516, 26.799011263773004], [119.03172224628227, 26.79898041615699], [119.0317501580516, 26.798927640551014]]]}, "properties": {"fillColor": "#8A2BE2", "fillOpacity": 0.7, "color": "#000000", "weight": 0.2, "stroke": false}}, {"type": "Feature", "geometry": {"type": "Polygon", "coordinates": [[[119.89766747936935, 27.137489366050346], [119.92859309798783, 27.133926497766865], [119.93856200157359, 27.1415887034768], [119.95951871660631, 27.153854242823673], [119.99044433522482, 27.157434874128825], [120.00398096245371, 27.17013939408678], [120.0213699538433, 27.190084465010123], [120.02925380444654, 27.198690084696764], [120.031613108549, 27.22724077530675], [120.03940003853577, 27.255791465916733], [120.05090196176657, 27.284342156526716], [120.03918761188262, 27.312892847136702], [120.0213699538433, 27.325241524862342], [119.99044433522482, 27.330603452588395], [119.96235599284303, 27.312892847136702], [119.95951871660633, 27.31089512215994], [119.93095308957537, 27.284342156526716], [119.92859309798783, 27.282356090407077], [119.89766747936935, 27.276778165698403], [119.86674186075088, 27.263156889541772], [119.86096092656409, 27.255791465916733], [119.86674186075086, 27.244031662515287], [119.87347352469416, 27.22724077530675], [119.88328895829214, 27.198690084696764], [119.88609777640855, 27.17013939408678], [119.89433731374653, 27.1415887034768], [119.89766747936935, 27.137489366050346]]]}, "properties": {"fillColor": "#8A2BE2", "fillOpacity": 0.7, "color": "#000000", "weight": 0.2, "stroke": false}}, {"type": "Feature", "geometry": {"type": "Polygon", "coordinates": [[[124.9385433141834, 5.798571079535282], [124.9694689328019, 5.7937219124190005], [125.00039455142038, 5.798033852926993], [125.02569586249513, 5.81422281781901], [125.03132017003887, 5.819421029009781], [125.0483287127264, 5.8427735084289925], [125.05732615022873, 5.871324199038976], [125.0600016705174, 5.8998748896489595], [125.05763823013083, 5.928425580258944], [125.04984945147808, 5.956976270868927], [125.03132017003888, 5.985203529435267], [125.03112020196052, 5.985526961478911], [125.00693842209405, 6.014077652088894], [125.00039455142037, 6.0229798030131265], [124.9694689328019, 6.028975994842186], [124.9385433141834, 6.02990717114974], [124.90761769556491, 6.035657378153042], [124.88723353767371, 6.042628342698878], [124.87669207694643, 6.050455823226287], [124.86013317800078, 6.071179033308862], [124.84576645832792, 6.08588619379272], [124.84091017577589, 6.099729723918845], [124.82842880561918, 6.128280414528829], [124.81484083970946, 6.145239362625507], [124.80744214241766, 6.156831105138813], [124.78391522109095, 6.181704613179635], [124.77972005027678, 6.185381795748796], [124.75298960247244, 6.205980689079944], [124.72206398385397, 6.213883234488446], [124.72165464874864, 6.213932486358781], [124.69113836523547, 6.223372350342769], [124.66021274661699, 6.224819465492962], [124.6292871279985, 6.214259922136617], [124.62875501489165, 6.213932486358781], [124.59836150938001, 6.189227398740674], [124.59524679081466, 6.185381795748796], [124.58214314139637, 6.156831105138813], [124.58004363726651, 6.128280414528829], [124.58396770813218, 6.099729723918845], [124.59685543983647, 6.071179033308862], [124.59836150938, 6.06884882353073], [124.6081138421978, 6.042628342698878], [124.62928712799848, 6.022279036627512], [124.63856034708948, 6.0140776520888934], [124.66021274661699, 5.997177363255338], [124.68546555864576, 5.985526961478911], [124.69113836523547, 5.981132655066251], [124.72206398385397, 5.9629185057748515], [124.73717916222697, 5.956976270868927], [124.75298960247245, 5.94571745101841], [124.78391522109095, 5.930113557331323], [124.78743255052123, 5.928425580258944], [124.81484083970946, 5.909243130373117], [124.82772432055438, 5.8998748896489595], [124.84576645832794, 5.883185849082537], [124.85619112424402, 5.871324199038976], [124.87669207694643, 5.847303944912814], [124.88063140292084, 5.8427735084289925], [124.90761769556491, 5.816156399973124], [124.91122753199642, 5.81422281781901], [124.9385433141834, 5.798571079535282]]]}, "properties": {"fillColor": "#0000FF", "fillOpacity": 0.7, "color": "#000000", "weight": 0.2, "stroke": false}}, {"type": "Feature", "geometry": {"type": "Polygon", "coordinates": [[[124.91147518682213, 5.8427735084289925], [124.90761769556491, 5.845529363429947], [124.88348883024418, 5.871324199038976], [124.87669207694643, 5.879691899049865], [124.85812175019981, 5.8998748896489595], [124.84576645832793, 5.912189477002988], [124.82408474498556, 5.928425580258944], [124.81484083970943, 5.9336447714857545], [124.78391522109095, 5.948603753431671], [124.7702083397614, 5.956976270868927], [124.75298960247247, 5.963156507610412], [124.72206398385396, 5.977333848487516], [124.70960099157557, 5.985526961478911], [124.69113836523547, 5.993073241544453], [124.66021274661699, 6.01373817614587], [124.6597778150711, 6.014077652088894], [124.6292871279985, 6.041044107542584], [124.62763874433263, 6.042628342698878], [124.60880653510796, 6.071179033308862], [124.6009717281836, 6.099729723918845], [124.5984695913828, 6.128280414528829], [124.60040518316247, 6.156831105138813], [124.61358721004308, 6.185381795748796], [124.6292871279985, 6.199307884336901], [124.66021274661699, 6.209719374163183], [124.69113836523547, 6.209518723579274], [124.72206398385397, 6.204465624160138], [124.75298960247245, 6.18849311000367], [124.75702704380271, 6.185381795748796], [124.78391522109095, 6.161813569037561], [124.78862794741676, 6.156831105138813], [124.8107848418769, 6.128280414528829], [124.81484083970946, 6.119237678743127], [124.82730501262692, 6.099729723918845], [124.83925602055992, 6.071179033308862], [124.84576645832793, 6.054315023453407], [124.85628275036578, 6.042628342698878], [124.87669207694643, 6.023776879961382], [124.90679418110798, 6.014077652088894], [124.90761769556491, 6.0138838846330644], [124.9385433141834, 6.007341527010785], [124.9694689328019, 6.001200277507429], [125.00039455142038, 5.987755485347762], [125.00257228251436, 5.985526961478911], [125.02317679901923, 5.9569762708689264], [125.03132017003888, 5.933465577882701], [125.03334434882547, 5.928425580258944], [125.03596712796461, 5.8998748896489595], [125.03132017003888, 5.877328754119531], [125.03026659839958, 5.871324199038976], [125.01551219062642, 5.8427735084289925], [125.00039455142038, 5.828808489868473], [124.96946893280189, 5.819896623027221], [124.9385433141834, 5.8250084077678626], [124.91147518682213, 5.8427735084289925]]]}, "properties": {"fillColor": "#0000FF", "fillOpacity": 0.7, "color": "#000000", "weight": 0.2, "stroke": false}}, {"type": "Feature", "geometry": {"type": "Polygon", "coordinates": [[[124.9694689328019, 6.095194001594046], [125.00039455142038, 6.089783991625529], [125.01209217012669, 6.099729723918845], [125.01271549788872, 6.128280414528829], [125.00039455142038, 6.143133061298748], [124.97239302301702, 6.156831105138814], [124.9694689328019, 6.157675948376763], [124.9672074237683, 6.156831105138813], [124.9397998606193, 6.128280414528829], [124.96249427376868, 6.099729723918845], [124.9694689328019, 6.095194001594046]]]}, "properties": {"fillColor": "#0000FF", "fillOpacity": 0.7, "color": "#000000", "weight": 0.2, "stroke": false}}, {"type": "Feature", "geometry": {"type": "Polygon", "coordinates": [[[125.71168377964568, 6.1499247115597555], [125.74260939826418, 6.156217066777249], [125.74355269811872, 6.156831105138813], [125.7710345152838, 6.185381795748796], [125.77353501688268, 6.203003756738918], [125.77500659104955, 6.213932486358781], [125.77353501688268, 6.217406044178927], [125.7615355344127, 6.242483176968763], [125.7426093982642, 6.2581895667895076], [125.71168377964568, 6.266455812144746], [125.6807581610272, 6.264060376517952], [125.65573199461868, 6.271033867578748], [125.64983254240869, 6.273675158019338], [125.64223674770261, 6.299584558188731], [125.62972741701489, 6.328135248798715], [125.6189069237902, 6.344064590662017], [125.60942407505615, 6.356685939408698], [125.58798130517172, 6.375275202414667], [125.55705568655323, 6.382376825944449], [125.52613006793476, 6.377038195558078], [125.50062388512487, 6.356685939408698], [125.49520444931625, 6.349174992333326], [125.48224289207249, 6.328135248798715], [125.4779932742099, 6.299584558188731], [125.48343326307162, 6.271033867578748], [125.49520444931625, 6.251267607668175], [125.50013208148548, 6.242483176968763], [125.52613006793474, 6.219723376771391], [125.54353998950958, 6.213932486358781], [125.55705568655321, 6.208185926285211], [125.58798130517172, 6.203260336704343], [125.6189069237902, 6.210077344635583], [125.6498325424087, 6.1935480838744175], [125.65425966663186, 6.185381795748796], [125.6807581610272, 6.1602714916852435], [125.68962589333454, 6.156831105138813], [125.71168377964568, 6.1499247115597555]]]}, "properties": {"fillColor": "#0000FF", "fillOpacity": 0.7, "color": "#000000", "weight": 0.2, "stroke": false}}, {"type": "Feature", "geometry": {"type": "Polygon", "coordinates": [[[125.52886087950029, 6.242483176968763], [125.52613006793473, 6.244638139364137], [125.5058432547886, 6.271033867578748], [125.50030369377649, 6.299584558188731], [125.50713448884794, 6.328135248798715], [125.52613006793473, 6.3499546548527785], [125.54805212433786, 6.356685939408698], [125.55705568655323, 6.359344124579244], [125.56409741469916, 6.356685939408698], [125.58798130517174, 6.34713974022843], [125.60472168462964, 6.328135248798715], [125.61647607769905, 6.299584558188731], [125.61738100775224, 6.271033867578748], [125.60522512472129, 6.242483176968763], [125.58798130517172, 6.2298744466408245], [125.55705568655323, 6.226897624963158], [125.52886087950029, 6.242483176968763]]]}, "properties": {"fillColor": "#0000FF", "fillOpacity": 0.7, "color": "#000000", "weight": 0.2, "stroke": false}}, {"type": "Feature", "geometry": {"type": "Polygon", "coordinates": [[[125.2477995003683, 6.924393091390236], [125.27872511898681, 6.916768937428252], [125.3096507376053, 6.917960824018097], [125.33775403490532, 6.927699751608372], [125.34057635622379, 6.928253174156158], [125.37150197484229, 6.946482402244001], [125.38139700609194, 6.956250442218355], [125.39674955586251, 6.9848011328283395], [125.40137283980287, 7.013351823438322], [125.40214552652907, 7.0419025140483065], [125.39973341675478, 7.070453204658289], [125.38800288432499, 7.0990038952682735], [125.37150197484229, 7.114541672424273], [125.34057635622379, 7.125286862213651], [125.3096507376053, 7.12667724663591], [125.27872511898681, 7.124876328587477], [125.24779950036832, 7.115654595913325], [125.22714327994531, 7.0990038952682735], [125.21687388174982, 7.085389313233595], [125.20523550973465, 7.070453204658289], [125.19509611407472, 7.0419025140483065], [125.1929736946024, 7.013351823438322], [125.19454472994786, 6.984801132828339], [125.20585932036684, 6.956250442218355], [125.21687388174982, 6.943104820694287], [125.24220018126951, 6.927699751608371], [125.2477995003683, 6.924393091390236]]]}, "properties": {"fillColor": "#0000FF", "fillOpacity": 0.7, "color": "#000000", "weight": 0.2, "stroke": false}}, {"type": "Feature", "geometry": {"type": "Polygon", "coordinates": [[[125.22440928331255, 6.956250442218354], [125.21687388174982, 6.970842290445187], [125.20875392449827, 6.984801132828339], [125.20484665690302, 7.013351823438322], [125.20841253973029, 7.0419025140483065], [125.21687388174982, 7.057888824089506], [125.22096975829587, 7.070453204658289], [125.24779950036833, 7.098304403371063], [125.24906087674277, 7.0990038952682735], [125.27872511898681, 7.116052629272681], [125.3096507376053, 7.11876053400097], [125.34057635622379, 7.114041280207316], [125.36448549460167, 7.0990038952682735], [125.37150197484229, 7.091974237582188], [125.38690889568623, 7.070453204658289], [125.39283481940889, 7.041902514048307], [125.39144866863262, 7.013351823438322], [125.3820077489672, 6.984801132828338], [125.37150197484229, 6.970090234312101], [125.36157340076332, 6.956250442218355], [125.3405763562238, 6.9398324445104675], [125.3096507376053, 6.931185782203236], [125.27872511898681, 6.93056021275176], [125.2477995003683, 6.93699896202768], [125.22440928331255, 6.956250442218354]]]}, "properties": {"fillColor": "#0000FF", "fillOpacity": 0.7, "color": "#000000", "weight": 0.2, "stroke": false}}, {"type": "Feature", "geometry": {"type": "Polygon", "coordinates": [[[126.26834491477851, 7.211785818763035], [126.29927053339703, 7.202447119263926], [126.3301961520155, 7.2107684216469226], [126.33551471213302, 7.2132066577082075], [126.36112177063401, 7.22199614640526], [126.38714807042301, 7.241757348318192], [126.3920473892525, 7.2474337310861285], [126.40877909876824, 7.270308038928175], [126.41639015498451, 7.298858729538159], [126.4177211575259, 7.3274094201481415], [126.41219950973743, 7.355960110758126], [126.39392534182744, 7.38451080136811], [126.3920473892525, 7.387394032285101], [126.38757268907014, 7.413061491978093], [126.3801082251363, 7.441612182588077], [126.36596047965898, 7.470162873198061], [126.361121770634, 7.478459039596837], [126.35246172992323, 7.498713563808044], [126.3301961520155, 7.51998763614121], [126.31199637864995, 7.527264254418029], [126.29927053339702, 7.5338794380380545], [126.26834491477852, 7.543495703800936], [126.23741929616001, 7.53716418234319], [126.2205980851499, 7.527264254418029], [126.20649367754154, 7.521798928910718], [126.18019132681559, 7.498713563808044], [126.17556805892305, 7.490351049168757], [126.16228287492032, 7.470162873198061], [126.15270827317974, 7.441612182588077], [126.15053706521907, 7.413061491978093], [126.15141764767729, 7.38451080136811], [126.15531594524904, 7.355960110758126], [126.16543000298697, 7.327409420148143], [126.17556805892305, 7.309876372786967], [126.17913337531046, 7.298858729538159], [126.19644687800312, 7.2703080389281745], [126.20649367754154, 7.258430645196411], [126.22168842910645, 7.241757348318192], [126.23741929616003, 7.227895253819533], [126.26602274546156, 7.213206657708208], [126.26834491477851, 7.211785818763035]]]}, "properties": {"fillColor": "#0000FF", "fillOpacity": 0.7, "color": "#000000", "weight": 0.2, "stroke": false}}, {"type": "Feature", "geometry": {"type": "Polygon", "coordinates": [[[126.24842107339089, 7.241757348318192], [126.23741929616004, 7.252207692692599], [126.21937142128733, 7.270308038928175], [126.20649367754154, 7.284941599973681], [126.1955239223847, 7.298858729538159], [126.18069033633759, 7.327409420148142], [126.17556805892305, 7.350396069259654], [126.17280079837683, 7.355960110758126], [126.16296105247564, 7.38451080136811], [126.16015408677595, 7.413061491978093], [126.16441830707228, 7.441612182588077], [126.17556805892303, 7.4618236214509075], [126.17863432098308, 7.47016287319806], [126.1985744718851, 7.498713563808044], [126.20649367754154, 7.505664187948338], [126.23741929616003, 7.522282327516321], [126.26834491477852, 7.525518168957609], [126.29927053339702, 7.519605414508746], [126.3301961520155, 7.498998208578596], [126.33049406302264, 7.498713563808044], [126.3530335133281, 7.47016287319806], [126.361121770634, 7.443944527684255], [126.36243974060966, 7.441612182588077], [126.3783060507086, 7.413061491978093], [126.38647076476377, 7.38451080136811], [126.39179010329973, 7.355960110758126], [126.3920473892525, 7.354069998768383], [126.40119649328724, 7.327409420148143], [126.39795542872557, 7.298858729538159], [126.3920473892525, 7.28560247824047], [126.38603453574166, 7.270308038928175], [126.361121770634, 7.244596671727372], [126.35657666093468, 7.241757348318191], [126.3301961520155, 7.227042156872667], [126.29927053339702, 7.218850377365624], [126.26834491477852, 7.226993477292124], [126.24842107339089, 7.241757348318192]]]}, "properties": {"fillColor": "#0000FF", "fillOpacity": 0.7, "color": "#000000", "weight": 0.2, "stroke": false}}, {"type": "Feature", "geometry": {"type": "Polygon", "coordinates": [[[124.59836150938, 7.466703793349598], [124.6292871279985, 7.452525583396449], [124.66021274661699, 7.449136678971087], [124.69113836523547, 7.456604541331258], [124.7103846187578, 7.470162873198062], [124.72206398385396, 7.478702025542359], [124.74197685196313, 7.498713563808044], [124.75298960247245, 7.509603384525933], [124.77147519846639, 7.527264254418029], [124.78391522109095, 7.537775097861672], [124.80592954579053, 7.555814945028011], [124.81484083970945, 7.561819827909025], [124.84351506795485, 7.584365635637996], [124.84576645832794, 7.586237275323161], [124.87051320681267, 7.612916326247979], [124.87669207694643, 7.628240034714656], [124.8831548814903, 7.641467016857963], [124.88597804293694, 7.670017707467947], [124.88050898073953, 7.69856839807793], [124.87669207694643, 7.704489356080404], [124.86742545657083, 7.727119088687914], [124.84576645832793, 7.748711776326821], [124.84033492095665, 7.7556697792978975], [124.8309677318083, 7.784220469907881], [124.84576645832793, 7.812207096379037], [124.84679754344616, 7.8127711605178645], [124.87669207694643, 7.81950980586782], [124.90761769556491, 7.814569159159143], [124.90975853434234, 7.8127711605178645], [124.93786485845847, 7.784220469907882], [124.9385433141834, 7.783489556812245], [124.9694689328019, 7.761064771389325], [124.99348448094187, 7.7556697792978975], [125.00039455142038, 7.753454099531373], [125.03132017003887, 7.753101218056265], [125.04027509374265, 7.7556697792978975], [125.06224578865738, 7.7600075815288765], [125.09317140727586, 7.777777134770802], [125.1003815872381, 7.784220469907881], [125.12204646861723, 7.812771160517864], [125.12409702589437, 7.817597124533333], [125.1359562970664, 7.841321851127848], [125.14316419566512, 7.869872541737832], [125.14717921861455, 7.898423232347815], [125.14995746878668, 7.926973922957799], [125.15144683367022, 7.955524613567783], [125.15087016508173, 7.984075304177766], [125.14792574151137, 8.01262599478775], [125.14173173965534, 8.041176685397733], [125.12913769600416, 8.069727376007718], [125.12409702589434, 8.077525272905092], [125.11655922986644, 8.098278066617702], [125.0947618964638, 8.126828757227685], [125.09317140727586, 8.128447311644981], [125.06838951006878, 8.155379447837667], [125.06224578865738, 8.160695322254298], [125.03132017003888, 8.182824824765996], [125.02815371256388, 8.183930138447652], [125.00039455142038, 8.198928621624344], [124.9694689328019, 8.204804563569077], [124.93854331418339, 8.206238183222323], [124.90761769556491, 8.203131328244627], [124.87669207694643, 8.188084698002882], [124.8713665849979, 8.183930138447652], [124.84937147849188, 8.155379447837667], [124.84576645832794, 8.131162150789851], [124.8445167202885, 8.126828757227685], [124.84576645832794, 8.119377353323706], [124.8471489639992, 8.098278066617702], [124.85452593235041, 8.069727376007718], [124.86185789702608, 8.041176685397733], [124.84952688808283, 8.01262599478775], [124.84576645832793, 8.01023881300635], [124.81484083970945, 7.985973574856519], [124.81286348826046, 7.984075304177766], [124.78902918748331, 7.955524613567784], [124.78391522109095, 7.9431061956565525], [124.77464968843803, 7.9269739229578], [124.75763709297652, 7.898423232347815], [124.75298960247245, 7.894505439280228], [124.72206398385397, 7.892500755196162], [124.714045388984, 7.898423232347815], [124.69113836523547, 7.917669770647656], [124.66021274661699, 7.926115874164658], [124.65235283620609, 7.926973922957799], [124.6292871279985, 7.934382711562779], [124.59836150938, 7.933265540803509], [124.58298337574377, 7.926973922957799], [124.56743589076152, 7.921583444591288], [124.54523482634184, 7.898423232347815], [124.53881667801156, 7.869872541737832], [124.53905919952355, 7.841321851127848], [124.54188146115865, 7.8127711605178645], [124.54796933859659, 7.784220469907881], [124.55369855914378, 7.7556697792978975], [124.54437963997987, 7.727119088687914], [124.53651027214302, 7.7139127169466635], [124.52341843235367, 7.69856839807793], [124.50954672019901, 7.670017707467947], [124.50558465352454, 7.652387953205755], [124.50005755597972, 7.6414670168579635], [124.49614332001421, 7.612916326247979], [124.50207974866161, 7.584365635637996], [124.50558465352451, 7.57744499253386], [124.51625143782212, 7.555814945028011], [124.53651027214302, 7.53341453708214], [124.54424172443515, 7.527264254418029], [124.56743589076152, 7.500300303720506], [124.56890333061314, 7.498713563808044], [124.59365160154276, 7.470162873198061], [124.59836150938, 7.466703793349598]]]}, "properties": {"fillColor": "#0000FF", "fillOpacity": 0.7, "color": "#000000", "weight": 0.2, "stroke": false}}, {"type": "Feature", "geometry": {"type": "Polygon", "coordinates": [[[124.61833407933861, 7.498713563808044], [124.59836150938, 7.519873912935887], [124.59138488411018, 7.527264254418029], [124.56743589076152, 7.541376449458653], [124.55011993345802, 7.555814945028011], [124.53651027214302, 7.566951516355311], [124.52348412070809, 7.584365635637996], [124.51448022369507, 7.612916326247978], [124.51500734394605, 7.6414670168579635], [124.52305864357794, 7.670017707467947], [124.536510272143, 7.68981656812676], [124.54083732224011, 7.69856839807793], [124.56070887964, 7.727119088687914], [124.56743589076152, 7.74291474156804], [124.56998172943683, 7.755669779297898], [124.56743589076152, 7.7726474778944326], [124.56383759814024, 7.784220469907881], [124.55325931882552, 7.8127711605178645], [124.54912577991506, 7.841321851127848], [124.55134732814383, 7.869872541737832], [124.56743589076152, 7.897856702302605], [124.567900755101, 7.898423232347815], [124.59836150938, 7.918039286747782], [124.62928712799851, 7.920740112056828], [124.66021274661698, 7.917331753835014], [124.69113836523547, 7.90126276800596], [124.69451795016356, 7.898423232347815], [124.72206398385397, 7.878077927740715], [124.75298960247245, 7.87326775120019], [124.78283034641733, 7.898423232347815], [124.78391522109095, 7.900138841695129], [124.79428222848004, 7.926973922957799], [124.80938043723853, 7.955524613567783], [124.81484083970945, 7.961804765021808], [124.83981808574868, 7.984075304177766], [124.84576645832793, 7.988908596467081], [124.87669207694643, 8.008759811987204], [124.87914611840046, 8.01262599478775], [124.88190364149449, 8.041176685397733], [124.87669207694643, 8.063166894907365], [124.87402396673627, 8.069727376007718], [124.86070033719048, 8.098278066617702], [124.85765782409146, 8.126828757227685], [124.86727573188469, 8.155379447837667], [124.87669207694643, 8.166117805231977], [124.90240577487876, 8.183930138447652], [124.90761769556491, 8.186815224800169], [124.9385433141834, 8.193841552167717], [124.9694689328019, 8.191771216188254], [124.99372804445085, 8.183930138447652], [125.0003945514204, 8.182750646011382], [125.03132017003887, 8.171215639302165], [125.05061046103216, 8.155379447837667], [125.06224578865738, 8.143336770929116], [125.07897558009395, 8.126828757227685], [125.09317140727586, 8.105055314057624], [125.09853935993063, 8.098278066617702], [125.11416539389114, 8.069727376007718], [125.12202836189536, 8.041176685397733], [125.12409702589436, 8.028153772044996], [125.12891694617284, 8.01262599478775], [125.1327857718891, 7.984075304177766], [125.13292666822136, 7.955524613567783], [125.12985516127425, 7.926973922957799], [125.12436804898033, 7.898423232347815], [125.12409702589436, 7.897330590471666], [125.11935608154238, 7.869872541737832], [125.11059111649641, 7.841321851127848], [125.09317140727586, 7.813617074542076], [125.09247968553731, 7.8127711605178645], [125.06224578865738, 7.787996089484863], [125.04830562133746, 7.784220469907881], [125.03132017003887, 7.77898615467606], [125.00039455142038, 7.7810385162646085], [124.99021091276994, 7.784220469907881], [124.9694689328019, 7.79012385447296], [124.94032470575456, 7.8127711605178645], [124.9385433141834, 7.814043642239184], [124.90761769556491, 7.8402018135290605], [124.88981191426386, 7.841321851127848], [124.87669207694643, 7.841809825810353], [124.87367477499798, 7.841321851127848], [124.84576645832794, 7.834718023895567], [124.81484083970945, 7.815999905373539], [124.81318588562449, 7.8127711605178645], [124.810047626023, 7.784220469907881], [124.81484083970946, 7.76903254984226], [124.82198389435132, 7.755669779297897], [124.84473628678981, 7.727119088687914], [124.84576645832793, 7.7248549964933595], [124.8616396621688, 7.69856839807793], [124.86408302678095, 7.670017707467947], [124.85932253998331, 7.641467016857963], [124.84576645832793, 7.6199860899764005], [124.84016762879804, 7.612916326247979], [124.81484083970945, 7.591086811596988], [124.80406590140859, 7.584365635637996], [124.78391522109095, 7.569853932863776], [124.76350820901882, 7.555814945028011], [124.75298960247244, 7.546791645258661], [124.73146023542199, 7.527264254418029], [124.72206398385397, 7.51809991133614], [124.6970658405088, 7.498713563808044], [124.69113836523547, 7.494128519256986], [124.66021274661699, 7.485136833952187], [124.62928712799848, 7.490488515002736], [124.61833407933861, 7.498713563808044]]]}, "properties": {"fillColor": "#0000FF", "fillOpacity": 0.7, "color": "#000000", "weight": 0.2, "stroke": false}}, {"type": "Feature", "geometry": {"type": "Polygon", "coordinates": [[[128.24758450636196, 7.469368059766454], [128.27851012498044, 7.466054976427014], [128.30050206345575, 7.470162873198062], [128.30943574359895, 7.471084506218432], [128.34036136221744, 7.478292834717797], [128.37128698083592, 7.493333586369627], [128.37859092456515, 7.498713563808044], [128.4022125994544, 7.524330403373289], [128.4044405692233, 7.5272642544180295], [128.4168867764981, 7.555814945028011], [128.4193156197926, 7.584365635637996], [128.41873974624235, 7.612916326247978], [128.42353554229402, 7.641467016857963], [128.4331382180729, 7.657162058570375], [128.44741136255809, 7.670017707467946], [128.4640638366914, 7.678276027470923], [128.49498945530988, 7.6946520255308], [128.50145260981463, 7.69856839807793], [128.5259150739284, 7.709490249547901], [128.5508034340944, 7.727119088687914], [128.55684069254687, 7.731376778185437], [128.58422793143873, 7.7556697792978975], [128.58776631116535, 7.76010042000245], [128.60771055236398, 7.784220469907881], [128.61702630773078, 7.8127711605178645], [128.61869192978386, 7.837522122454328], [128.61922842049373, 7.841321851127848], [128.61869192978386, 7.843757253599594], [128.6157241642818, 7.869872541737832], [128.6052477180216, 7.898423232347815], [128.58776631116535, 7.919783347243971], [128.58085508136594, 7.926973922957799], [128.55684069254687, 7.945681754022621], [128.53031025124062, 7.955524613567783], [128.5259150739284, 7.95767306411549], [128.49498945530988, 7.966245559520049], [128.4640638366914, 7.96766221733802], [128.4331382180729, 7.958770030619177], [128.4263523523341, 7.955524613567783], [128.4022125994544, 7.9478102728423785], [128.37128698083592, 7.93127290288642], [128.36446677423473, 7.926973922957799], [128.34036136221744, 7.9160418997161806], [128.30943574359895, 7.899791151523436], [128.30604053885696, 7.898423232347815], [128.27851012498044, 7.892013129392848], [128.24758450636196, 7.889780460414045], [128.21665888774348, 7.8889077255729525], [128.18573326912497, 7.886283395692409], [128.15480765050648, 7.877817839057996], [128.13932053227524, 7.869872541737832], [128.123882031888, 7.865775376751829], [128.09295641326952, 7.849399437104114], [128.08285347467566, 7.841321851127849], [128.06203079465104, 7.817727649914549], [128.05800691870346, 7.8127711605178645], [128.0419260899012, 7.784220469907881], [128.03580223217372, 7.7556697792978975], [128.0329151050583, 7.727119088687914], [128.03163323040417, 7.69856839807793], [128.03169148999322, 7.670017707467947], [128.0338281972922, 7.641467016857963], [128.040248303262, 7.612916326247979], [128.06128863039456, 7.584365635637996], [128.062030794651, 7.583577892245963], [128.09295641326952, 7.559739496937205], [128.10547452974416, 7.555814945028011], [128.123882031888, 7.546526714928636], [128.15480765050648, 7.536576596861649], [128.17933980837594, 7.527264254418029], [128.18573326912497, 7.52211428885358], [128.20735954976155, 7.498713563808043], [128.21665888774348, 7.4879412434138946], [128.24595846534632, 7.470162873198061], [128.24758450636196, 7.469368059766454]]]}, "properties": {"fillColor": "#0000FF", "fillOpacity": 0.7, "color": "#000000", "weight": 0.2, "stroke": false}}, {"type": "Feature", "geometry": {"type": "Polygon", "coordinates": [[[128.2618959744666, 7.498713563808044], [128.24758450636196, 7.504533939183821], [128.22331190673452, 7.527264254418029], [128.21665888774348, 7.533411814913389], [128.18573326912497, 7.553740165709411], [128.18005356753474, 7.555814945028011], [128.15480765050648, 7.5602257931429], [128.123882031888, 7.566087461582207], [128.09295641326952, 7.579841977523579], [128.0871903979021, 7.584365635637996], [128.062030794651, 7.608649877710679], [128.05882598907246, 7.612916326247979], [128.0446491425741, 7.641467016857963], [128.03962085657932, 7.670017707467947], [128.03895084818322, 7.6985683980779305], [128.04106423186838, 7.727119088687914], [128.0466208789018, 7.7556697792978975], [128.05910564407748, 7.784220469907881], [128.062030794651, 7.788839203127721], [128.074320857964, 7.812771160517864], [128.09295641326952, 7.831259881991648], [128.10773971653663, 7.841321851127849], [128.123882031888, 7.852152009461343], [128.15480765050648, 7.8642617282817335], [128.18573326912497, 7.8688015366264015], [128.2069051584166, 7.869872541737832], [128.21665888774348, 7.871072998022144], [128.24343567790464, 7.869872541737832], [128.24758450636196, 7.869754987257673], [128.27851012498044, 7.869749565678317], [128.27904972065792, 7.869872541737832], [128.30943574359895, 7.879285167870325], [128.34036136221744, 7.893187339561562], [128.35101085749224, 7.898423232347815], [128.37128698083592, 7.910582000415959], [128.4022125994544, 7.925429879331795], [128.40599169044438, 7.926973922957799], [128.4331382180729, 7.940558920126325], [128.4640638366914, 7.948402708663476], [128.49498945530985, 7.946399501986797], [128.5259150739284, 7.938517721807995], [128.54642543425695, 7.926973922957799], [128.55684069254687, 7.920840894550883], [128.57964301530149, 7.898423232347815], [128.58776631116535, 7.883163813292244], [128.5952860105275, 7.869872541737832], [128.6015984795748, 7.841321851127848], [128.59814321501977, 7.8127711605178645], [128.58776631116535, 7.7935021586372955], [128.58366371084165, 7.784220469907881], [128.55803074785925, 7.7556697792978975], [128.55684069254687, 7.754614177630934], [128.5259150739284, 7.730405337554851], [128.52057498466888, 7.727119088687914], [128.49498945530988, 7.710782096421222], [128.46694744938793, 7.69856839807793], [128.4640638366914, 7.696890870548579], [128.4331382180729, 7.677943647031029], [128.4233473773947, 7.670017707467947], [128.40285077820883, 7.641467016857963], [128.4022125994544, 7.638859180453164], [128.39875321898012, 7.612916326247978], [128.39757615778367, 7.584365635637996], [128.39250662377808, 7.555814945028011], [128.37497880958645, 7.527264254418029], [128.37128698083592, 7.523571927494357], [128.34036136221744, 7.503119114431334], [128.32426560073108, 7.498713563808044], [128.30943574359895, 7.493748509729484], [128.27851012498044, 7.492902425113307], [128.2618959744666, 7.498713563808044]]]}, "properties": {"fillColor": "#0000FF", "fillOpacity": 0.7, "color": "#000000", "weight": 0.2, "stroke": false}}, {"type": "Feature", "geometry": {"type": "Polygon", "coordinates": [[[132.05143559643636, 7.863058196443867], [132.08236121505487, 7.863953115854506], [132.1025467466905, 7.869872541737832], [132.11328683367336, 7.871404011553843], [132.14421245229184, 7.880949732051676], [132.16870723476933, 7.898423232347815], [132.17513807091035, 7.904046151434168], [132.1976459980321, 7.926973922957799], [132.20606368952883, 7.945199026515823], [132.21276160489523, 7.955524613567784], [132.2199504501662, 7.984075304177766], [132.21519625769253, 8.01262599478775], [132.20606368952883, 8.026417591140463], [132.1915883455377, 8.041176685397733], [132.17513807091035, 8.051351920624896], [132.14421245229184, 8.055631993261542], [132.11328683367336, 8.048349881097174], [132.10038968440296, 8.041176685397733], [132.08236121505487, 8.034461666083791], [132.05216908291484, 8.01262599478775], [132.05143559643636, 8.012134307830278], [132.02072049125954, 7.984075304177766], [132.02050997781788, 7.983745971012844], [131.99869037162395, 7.955524613567783], [131.9918800266947, 7.926973922957799], [131.9952811712576, 7.898423232347815], [132.02050997781788, 7.872553784946283], [132.0287318489865, 7.869872541737832], [132.05143559643636, 7.863058196443867]]]}, "properties": {"fillColor": "#0000FF", "fillOpacity": 0.7, "color": "#000000", "weight": 0.2, "stroke": false}}, {"type": "Feature", "geometry": {"type": "Polygon", "coordinates": [[[132.02661293201075, 7.898423232347815], [132.02050997781788, 7.911949126020565], [132.0152515628187, 7.926973922957799], [132.02050997781788, 7.943104582968875], [132.02300145307177, 7.955524613567783], [132.04253978562457, 7.984075304177766], [132.05143559643636, 7.9922018460412225], [132.08190383789048, 8.01262599478775], [132.08236121505487, 8.012956780880426], [132.11328683367336, 8.029179789770888], [132.14421245229184, 8.034161266842862], [132.17513807091035, 8.025113274679168], [132.1880916508556, 8.01262599478775], [132.1974350040167, 7.984075304177766], [132.19252929629104, 7.955524613567784], [132.17513807091035, 7.929688943870743], [132.17365925080816, 7.926973922957799], [132.14421245229184, 7.900467102497086], [132.13961023010336, 7.898423232347815], [132.11328683367336, 7.885174361764977], [132.08236121505487, 7.880419469874589], [132.05143559643636, 7.883682152332839], [132.02661293201075, 7.898423232347815]]]}, "properties": {"fillColor": "#0000FF", "fillOpacity": 0.7, "color": "#000000", "weight": 0.2, "stroke": false}}, {"type": "Feature", "geometry": {"type": "Polygon", "coordinates": [[[125.18594826313134, 8.405033673354755], [125.21687388174982, 8.397510143684123], [125.24779950036833, 8.39665830709431], [125.27872511898683, 8.402196583396277], [125.29864369485529, 8.412335663327521], [125.3096507376053, 8.421462421088687], [125.32364672249994, 8.440886353937504], [125.3302426625856, 8.469437044547488], [125.33001817872449, 8.497987735157473], [125.32054206883535, 8.526538425767455], [125.3096507376053, 8.54033316889813], [125.29097161449613, 8.555089116377438], [125.27872511898681, 8.561811737430364], [125.2477995003683, 8.568752589227731], [125.21687388174982, 8.571413472256417], [125.18594826313134, 8.575406334774037], [125.15882894756857, 8.583639806987424], [125.15502264451284, 8.58595264509114], [125.13615560232304, 8.612190497597407], [125.12746196262844, 8.64074118820739], [125.12409702589437, 8.648725853602166], [125.11709249817963, 8.669291878817374], [125.09626314374212, 8.697842569427358], [125.09317140727586, 8.700823016001607], [125.06224578865738, 8.717012592718177], [125.03132017003888, 8.71638610751795], [125.00480057619478, 8.697842569427358], [125.00039455142038, 8.691330415055056], [124.99017920749641, 8.669291878817374], [124.98871181887108, 8.64074118820739], [124.99763069029163, 8.612190497597407], [125.00039455142038, 8.60788451621715], [125.01379952389897, 8.583639806987424], [125.03132017003888, 8.565621347099157], [125.04991015854009, 8.55508911637744], [125.06224578865739, 8.54624904464293], [125.08320233698353, 8.526538425767455], [125.09317140727586, 8.50945596020589], [125.09773509201732, 8.497987735157473], [125.11168336497559, 8.469437044547488], [125.12409702589437, 8.452789039980665], [125.13309988695654, 8.440886353937504], [125.15502264451284, 8.420968900131616], [125.17221010822321, 8.412335663327521], [125.18594826313134, 8.405033673354755]]]}, "properties": {"fillColor": "#0000FF", "fillOpacity": 0.7, "color": "#000000", "weight": 0.2, "stroke": false}}, {"type": "Feature", "geometry": {"type": "Polygon", "coordinates": [[[125.17367390566105, 8.440886353937504], [125.15502264451284, 8.456528571124839], [125.14407818410582, 8.469437044547488], [125.13131126654638, 8.497987735157473], [125.12939209641155, 8.526538425767455], [125.15502264451284, 8.545444913687444], [125.18594826313134, 8.546502045706792], [125.21687388174982, 8.544321458908405], [125.24779950036832, 8.538972296682], [125.27362826295087, 8.526538425767455], [125.27872511898681, 8.521936096679406], [125.29404605499545, 8.497987735157473], [125.29437483836531, 8.469437044547488], [125.27872511898681, 8.443379860032204], [125.27613498566397, 8.440886353937504], [125.2477995003683, 8.426970569636916], [125.21687388174982, 8.424897997654131], [125.18594826313134, 8.433173280893827], [125.17367390566105, 8.440886353937504]]]}, "properties": {"fillColor": "#0000FF", "fillOpacity": 0.7, "color": "#000000", "weight": 0.2, "stroke": false}}, {"type": "Feature", "geometry": {"type": "Polygon", "coordinates": [[[125.05764823389687, 8.583639806987424], [125.03132017003888, 8.60966744305209], [125.02972849065458, 8.612190497597407], [125.01946841293562, 8.64074118820739], [125.02407390837132, 8.669291878817374], [125.03132017003888, 8.678051760564173], [125.06224578865738, 8.682591127119274], [125.08022796064645, 8.669291878817374], [125.09317140727586, 8.651028088374382], [125.0977082011011, 8.64074118820739], [125.09881870732909, 8.612190497597407], [125.09317140727586, 8.597583826929412], [125.07369319314645, 8.583639806987424], [125.06224578865738, 8.580760881220616], [125.05764823389687, 8.583639806987424]]]}, "properties": {"fillColor": "#0000FF", "fillOpacity": 0.7, "color": "#000000", "weight": 0.2, "stroke": false}}, {"type": "Feature", "geometry": {"type": "Polygon", "coordinates": [[[129.63923734419407, 8.467688772212423], [129.67016296281255, 8.449688624511516], [129.70108858143104, 8.446346924416437], [129.73201420004955, 8.447001634666565], [129.76293981866803, 8.450003918766727], [129.7938654372865, 8.461293658165314], [129.80366025008107, 8.469437044547488], [129.82430208065458, 8.497987735157473], [129.824791055905, 8.499013028646417], [129.8437148914958, 8.526538425767455], [129.8528208111729, 8.55508911637744], [129.8557166745235, 8.563432251014158], [129.8729820809976, 8.583639806987424], [129.886642293142, 8.610159095502977], [129.8885407419683, 8.612190497597407], [129.90821621786603, 8.64074118820739], [129.91702366630182, 8.669291878817374], [129.91756791176047, 8.672675498409802], [129.92588243190963, 8.697842569427358], [129.92679465536258, 8.72639326003734], [129.91926279343997, 8.754943950647325], [129.91756791176047, 8.758316644110538], [129.9085963284568, 8.78349464125731], [129.8891511517663, 8.812045331867292], [129.886642293142, 8.814470957459982], [129.85689293754467, 8.840596022477277], [129.8557166745235, 8.841576889971575], [129.824791055905, 8.862389934151555], [129.801520296742, 8.869146713087261], [129.7938654372865, 8.873945800969253], [129.76293981866803, 8.887001494230926], [129.74989627198238, 8.897697403697244], [129.7545439910574, 8.926248094307226], [129.7608240619745, 8.95479878491721], [129.76134091001015, 8.983349475527195], [129.74530113602015, 9.011900166137178], [129.73201420004955, 9.022203542448702], [129.70108858143104, 9.036273656033242], [129.68116754885196, 9.040450856747162], [129.67016296281255, 9.043656424488418], [129.63923734419407, 9.050707705323246], [129.60831172557556, 9.055438479720143], [129.57738610695708, 9.059469727643915], [129.5464604883386, 9.064302402927007], [129.5218657145643, 9.069001547357146], [129.5155348697201, 9.070834464991814], [129.4846092511016, 9.078644762173326], [129.45368363248312, 9.081199279558845], [129.4227580138646, 9.077855780883828], [129.3991913148424, 9.069001547357146], [129.39183239524613, 9.067841977206916], [129.36090677662764, 9.059195874355346], [129.33232903244013, 9.040450856747162], [129.32998115800916, 9.03946774575093], [129.29905553939065, 9.019359292924383], [129.2908758999116, 9.011900166137178], [129.26812992077217, 8.984768680061409], [129.26677647282125, 8.983349475527195], [129.24487516223525, 8.95479878491721], [129.23720430215369, 8.92820346409424], [129.23594278855222, 8.926248094307226], [129.2249524617253, 8.897697403697244], [129.22265887409384, 8.869146713087261], [129.2254830323931, 8.840596022477275], [129.23273204698486, 8.812045331867292], [129.23720430215369, 8.801448486426777], [129.2446871443016, 8.78349464125731], [129.26812992077217, 8.762613851817548], [129.29905553939065, 8.756503126768441], [129.32998115800916, 8.757280611758432], [129.36090677662764, 8.75982710236108], [129.39183239524613, 8.755762176149082], [129.3931057036886, 8.754943950647325], [129.4227580138646, 8.730385177135311], [129.4271317098099, 8.72639326003734], [129.45368363248312, 8.70261021503261], [129.46104384411763, 8.697842569427358], [129.4846092511016, 8.680268785765609], [129.5155348697201, 8.669774755763044], [129.5175654440363, 8.669291878817374], [129.5464604883386, 8.655820306439672], [129.57738610695708, 8.6478007568586], [129.60666197818637, 8.64074118820739], [129.60831172557556, 8.639650000700074], [129.61546728559225, 8.612190497597407], [129.61225573655787, 8.583639806987424], [129.61577231074062, 8.55508911637744], [129.61552966237838, 8.526538425767455], [129.61916662785458, 8.497987735157473], [129.63741875439533, 8.469437044547488], [129.63923734419407, 8.467688772212423]]]}, "properties": {"fillColor": "#0000FF", "fillOpacity": 0.7, "color": "#000000", "weight": 0.2, "stroke": false}}, {"type": "Feature", "geometry": {"type": "Polygon", "coordinates": [[[129.66426388905055, 8.469437044547488], [129.63923734419407, 8.49370247369947], [129.63634333673986, 8.497987735157473], [129.6268697957299, 8.526538425767455], [129.6261748155738, 8.55508911637744], [129.61972679597847, 8.583639806987424], [129.6281989648623, 8.612190497597407], [129.63923734419407, 8.638592473344167], [129.64038793671438, 8.64074118820739], [129.63923734419407, 8.643663679879667], [129.60831172557556, 8.65866914204091], [129.57738610695708, 8.66561310345757], [129.56653170286492, 8.669291878817374], [129.5464604883386, 8.672941151793015], [129.5155348697201, 8.680891619702134], [129.48573625069193, 8.697842569427358], [129.4846092511016, 8.698319588853847], [129.45368363248312, 8.718809093327224], [129.44521649936422, 8.72639326003734], [129.4227580138646, 8.746891349840869], [129.4130352882277, 8.754943950647325], [129.39183239524613, 8.768568887991545], [129.36090677662764, 8.77407015183772], [129.32998115800916, 8.770816861064239], [129.29905553939065, 8.773481825877296], [129.2795217249016, 8.78349464125731], [129.26812992077217, 8.790610502276593], [129.25137679533415, 8.812045331867292], [129.2428364128919, 8.840596022477277], [129.2400785448902, 8.869146713087261], [129.2410514063403, 8.897697403697244], [129.24633458656126, 8.926248094307226], [129.25971735998496, 8.95479878491721], [129.26812992077217, 8.96539685400261], [129.27861165288812, 8.983349475527195], [129.29905553939065, 9.003924495457456], [129.30879575277805, 9.011900166137178], [129.32998115800916, 9.028778112374765], [129.35785811000775, 9.040450856747164], [129.36090677662764, 9.0424505705488], [129.39183239524613, 9.056222606928934], [129.4227580138646, 9.06146280051995], [129.45368363248312, 9.061594604384428], [129.4846092511016, 9.056413707242092], [129.5155348697201, 9.046677577698324], [129.53550420440743, 9.040450856747162], [129.5464604883386, 9.038121805805776], [129.57738610695708, 9.034067171139327], [129.60831172557556, 9.030835286741826], [129.63923734419407, 9.026432335820637], [129.67016296281255, 9.018783885291938], [129.68595880381707, 9.011900166137178], [129.70108858143104, 9.00546370869831], [129.72525016464257, 8.983349475527195], [129.73074881666494, 8.95479878491721], [129.72641854338875, 8.926248094307226], [129.71665818277995, 8.897697403697244], [129.70785192297274, 8.869146713087261], [129.73201420004955, 8.86232311321378], [129.76293981866803, 8.861735828653744], [129.7938654372865, 8.856557492732968], [129.824791055905, 8.84060796473715], [129.82480840100234, 8.840596022477277], [129.8557166745235, 8.817858162528324], [129.86217643488527, 8.812045331867292], [129.88185263660029, 8.78349464125731], [129.886642293142, 8.774319168194987], [129.89788955989334, 8.754943950647325], [129.90575506278216, 8.72639326003734], [129.906259484057, 8.697842569427358], [129.90071182947617, 8.669291878817374], [129.88681766278378, 8.64074118820739], [129.886642293142, 8.640496578663994], [129.87475557533685, 8.612190497597407], [129.8557166745235, 8.58617536643742], [129.85476689817375, 8.583639806987424], [129.84458800802716, 8.555089116377438], [129.83000903696978, 8.526538425767455], [129.824791055905, 8.518948685289677], [129.8147945174013, 8.497987735157473], [129.7938654372865, 8.476037219045223], [129.77487792627045, 8.469437044547488], [129.76293981866803, 8.46372633903767], [129.73201420004955, 8.457718262446644], [129.70108858143104, 8.457331042622283], [129.67016296281255, 8.465811346460734], [129.66426388905055, 8.469437044547488]]]}, "properties": {"fillColor": "#0000FF", "fillOpacity": 0.7, "color": "#000000", "weight": 0.2, "stroke": false}}, {"type": "Feature", "geometry": {"type": "Polygon", "coordinates": [[[129.1753530649167, 8.52435465519067], [129.20627868353517, 8.511040723483077], [129.23720430215369, 8.507297511893714], [129.25661616440672, 8.526538425767455], [129.24793953310493, 8.55508911637744], [129.23720430215369, 8.5701134099705], [129.22861730376957, 8.583639806987424], [129.21045661592888, 8.612190497597407], [129.20627868353517, 8.620378022500773], [129.18570262328709, 8.64074118820739], [129.1753530649167, 8.64891746494362], [129.15669399055142, 8.64074118820739], [129.1444274462982, 8.634389753623445], [129.13211339200802, 8.612190497597407], [129.12929560455086, 8.583639806987424], [129.14053610104207, 8.55508911637744], [129.1444274462982, 8.550456842862117], [129.1722971162002, 8.526538425767455], [129.1753530649167, 8.52435465519067]]]}, "properties": {"fillColor": "#0000FF", "fillOpacity": 0.7, "color": "#000000", "weight": 0.2, "stroke": false}}, {"type": "Feature", "geometry": {"type": "Polygon", "coordinates": [[[133.13383224808356, 8.519312173709158], [133.14786368835223, 8.526538425767455], [133.15257803261153, 8.55508911637744], [133.13383224808356, 8.558454726273709], [133.12769805704974, 8.55508911637744], [133.1083815749088, 8.526538425767455], [133.13383224808356, 8.519312173709158]]]}, "properties": {"fillColor": "#0000FF", "fillOpacity": 0.7, "color": "#000000", "weight": 0.2, "stroke": false}}, {"type": "Feature", "geometry": {"type": "Polygon", "coordinates": [[[133.53586529012395, 8.553017647612236], [133.55018324558063, 8.55508911637744], [133.56679090874243, 8.556531807449048], [133.59771652736094, 8.56666594377505], [133.62091096751786, 8.583639806987424], [133.62864214597943, 8.591874783146451], [133.64516030239338, 8.612190497597407], [133.654744767396, 8.64074118820739], [133.65536355881395, 8.669291878817374], [133.64550891932086, 8.697842569427358], [133.62864214597943, 8.714851807024694], [133.61070833305342, 8.72639326003734], [133.59771652736094, 8.735671366453039], [133.56679090874243, 8.750385543771767], [133.53990062050627, 8.754943950647325], [133.53586529012395, 8.755943251748427], [133.523647479172, 8.754943950647325], [133.50493967150547, 8.75414366522356], [133.47401405288696, 8.747848722852044], [133.44308843426847, 8.73445461963717], [133.43197640571418, 8.72639326003734], [133.41216281565, 8.710677926207914], [133.4001693198465, 8.697842569427358], [133.38702595071356, 8.669291878817374], [133.38507818521794, 8.64074118820739], [133.3934455154807, 8.612190497597407], [133.41216281565, 8.592164646976295], [133.4245490610453, 8.583639806987424], [133.44308843426847, 8.572237648709537], [133.47401405288696, 8.561775572836215], [133.50493967150547, 8.556124282476564], [133.52035353600945, 8.55508911637744], [133.53586529012395, 8.553017647612236]]]}, "properties": {"fillColor": "#0000FF", "fillOpacity": 0.7, "color": "#000000", "weight": 0.2, "stroke": false}}, {"type": "Feature", "geometry": {"type": "Polygon", "coordinates": [[[133.47101261425337, 8.583639806987424], [133.44308843426847, 8.593384771218574], [133.419759034269, 8.612190497597407], [133.41216281565, 8.627071948486973], [133.40515214960485, 8.64074118820739], [133.40782531835862, 8.669291878817374], [133.41216281565, 8.67631845620609], [133.42363123430707, 8.697842569427358], [133.44308843426847, 8.71469815993272], [133.47401405288696, 8.726005021300391], [133.47774720386073, 8.72639326003734], [133.50493967150547, 8.733220686378973], [133.53586529012395, 8.73329334846215], [133.5579765009706, 8.72639326003734], [133.56679090874243, 8.725254707878603], [133.59771652736094, 8.71405232114575], [133.6179889211695, 8.697842569427358], [133.62864214597943, 8.674103250879329], [133.63123928279936, 8.669291878817374], [133.62864214597943, 8.642965881631614], [133.62850173867696, 8.64074118820739], [133.61526710020584, 8.612190497597407], [133.59771652736094, 8.59464613715552], [133.57904988844774, 8.583639806987424], [133.56679090874243, 8.577426898356045], [133.53586529012395, 8.571476807339124], [133.50493967150547, 8.57362508069062], [133.47401405288696, 8.582304622776983], [133.47101261425337, 8.583639806987424]]]}, "properties": {"fillColor": "#0000FF", "fillOpacity": 0.7, "color": "#000000", "weight": 0.2, "stroke": false}}, {"type": "Feature", "geometry": {"type": "Polygon", "coordinates": [[[125.09317140727586, 10.320456978000479], [125.12409702589437, 10.307234573093139], [125.15502264451285, 10.305140089683249], [125.18594826313134, 10.311377816364557], [125.20813868080911, 10.325231934196427], [125.21687388174982, 10.331861044697115], [125.23513504132126, 10.35378262480641], [125.2443822371788, 10.382333315416393], [125.24639770262219, 10.410884006026377], [125.24353195313014, 10.439434696636361], [125.23247364370074, 10.467985387246344], [125.21687388174982, 10.485272013284476], [125.20751485103992, 10.496536077856328], [125.18594826313134, 10.514851161198397], [125.15502264451284, 10.520929870738083], [125.12409702589436, 10.523128829604575], [125.09317140727586, 10.520911059645274], [125.06224578865738, 10.506708567276597], [125.05167661701174, 10.496536077856328], [125.03640001954629, 10.467985387246344], [125.03322274072009, 10.439434696636361], [125.03458498523426, 10.410884006026377], [125.03877316444968, 10.382333315416393], [125.05056057412028, 10.35378262480641], [125.06224578865739, 10.341764182487063], [125.08695373198103, 10.325231934196427], [125.09317140727586, 10.320456978000479]]]}, "properties": {"fillColor": "#0000FF", "fillOpacity": 0.7, "color": "#000000", "weight": 0.2, "stroke": false}}, {"type": "Feature", "geometry": {"type": "Polygon", "coordinates": [[[125.07652509932541, 10.35378262480641], [125.06224578865738, 10.378937041602008], [125.06040083752407, 10.382333315416393], [125.05477619073278, 10.410884006026377], [125.05354262388622, 10.439434696636361], [125.06171221922199, 10.467985387246344], [125.06224578865738, 10.468755458775355], [125.09317140727585, 10.495739242695844], [125.09671009173864, 10.496536077856328], [125.12409702589436, 10.502931329401974], [125.15502264451284, 10.501519922748809], [125.17245314837835, 10.496536077856328], [125.18594826313134, 10.493394252890075], [125.20991963044602, 10.467985387246344], [125.21687388174982, 10.453068587160438], [125.22484153983007, 10.439434696636361], [125.2301340098672, 10.410884006026377], [125.22560264841783, 10.382333315416393], [125.21687388174982, 10.366285483932147], [125.20941316513635, 10.35378262480641], [125.18594826313134, 10.3340622070105], [125.15502264451285, 10.326083204627992], [125.12409702589436, 10.328289728885835], [125.09317140727586, 10.340713885071912], [125.07652509932541, 10.35378262480641]]]}, "properties": {"fillColor": "#0000FF", "fillOpacity": 0.7, "color": "#000000", "weight": 0.2, "stroke": false}}, {"type": "Feature", "geometry": {"type": "Polygon", "coordinates": [[[124.75298960247245, 10.907263370547534], [124.78391522109095, 10.901751885067522], [124.81484083970945, 10.9090331547192], [124.83403077355636, 10.924796437006083], [124.84576645832793, 10.943748994412076], [124.85061359145709, 10.953347127616066], [124.85801121009055, 10.98189781822605], [124.85917772012823, 11.010448508836035], [124.85674095963573, 11.038999199446017], [124.85033809021016, 11.067549890056], [124.84576645832793, 11.080802194084562], [124.84345305291797, 11.096100580665984], [124.83594741072582, 11.124651271275969], [124.81484083970945, 11.152610022141696], [124.81411363513962, 11.153201961885951], [124.78391522109095, 11.172295121215052], [124.75298960247244, 11.179431856621065], [124.72206398385397, 11.17996089490252], [124.69113836523547, 11.172842828172682], [124.66783685619794, 11.153201961885951], [124.66021274661699, 11.139369356460067], [124.65211726708854, 11.12465127127597], [124.64421623909132, 11.096100580665984], [124.64263033453803, 11.067549890056], [124.64899061105305, 11.038999199446017], [124.66021274661699, 11.016636783384342], [124.66219073404153, 11.010448508836035], [124.67589182546767, 10.98189781822605], [124.69113836523547, 10.961817292708124], [124.69771213045199, 10.953347127616066], [124.72206398385397, 10.927805585141996], [124.7266615222427, 10.924796437006083], [124.75298960247245, 10.907263370547534]]]}, "properties": {"fillColor": "#0000FF", "fillOpacity": 0.7, "color": "#000000", "weight": 0.2, "stroke": false}}, {"type": "Feature", "geometry": {"type": "Polygon", "coordinates": [[[124.7270381621993, 10.953347127616066], [124.72206398385397, 10.956801325804257], [124.6996474470882, 10.98189781822605], [124.69113836523547, 10.99241601057449], [124.6782394734957, 11.010448508836035], [124.66584332546088, 11.038999199446017], [124.66086068961172, 11.067549890056], [124.66238325171155, 11.096100580665984], [124.67130715749934, 11.124651271275969], [124.69113836523547, 11.149060105397686], [124.69873834110275, 11.153201961885951], [124.72206398385399, 11.16401851145842], [124.75298960247244, 11.164110413898971], [124.78111068637229, 11.153201961885951], [124.78391522109095, 11.152321106875991], [124.81484083970945, 11.126149895896091], [124.81597217877118, 11.124651271275969], [124.83002891120543, 11.096100580665984], [124.83595232888685, 11.067549890056], [124.83898847229959, 11.038999199446017], [124.83952095202655, 11.010448508836035], [124.8360242801837, 10.981897818226052], [124.82208149579162, 10.953347127616066], [124.81484083970946, 10.944560699088585], [124.78391522109095, 10.929316854546993], [124.75298960247247, 10.934264347078425], [124.7270381621993, 10.953347127616066]]]}, "properties": {"fillColor": "#0000FF", "fillOpacity": 0.7, "color": "#000000", "weight": 0.2, "stroke": false}}, {"type": "Feature", "geometry": {"type": "Polygon", "coordinates": [[[113.4342131881047, 10.931026259498717], [113.46513880672319, 10.929413625924523], [113.4872672073561, 10.953347127616066], [113.49606442534167, 10.96466449872252], [113.50386307805147, 10.98189781822605], [113.51527252924907, 11.010448508836035], [113.52521555796756, 11.038999199446017], [113.52699004396017, 11.044654969587839], [113.5328965203223, 11.067549890056], [113.53937557439357, 11.096100580665984], [113.5449205458364, 11.124651271275969], [113.5498792643153, 11.153201961885951], [113.55446003304802, 11.181752652495936], [113.55791566257865, 11.20386815187506], [113.5588445896549, 11.21030334310592], [113.56302163610282, 11.238854033715905], [113.56717184510325, 11.267404724325885], [113.571092665067, 11.295955414935872], [113.57450652505362, 11.324506105545854], [113.57709786750743, 11.353056796155837], [113.57876120679873, 11.381607486765821], [113.57959926933609, 11.410158177375806], [113.57972878896621, 11.438708867985788], [113.57923679483457, 11.467259558595773], [113.57817183535212, 11.495810249205757], [113.57657998979994, 11.52436093981574], [113.57452877314242, 11.552911630425722], [113.5721068708194, 11.581462321035705], [113.5694829200306, 11.610013011645691], [113.56662863516723, 11.638563702255672], [113.56352814784168, 11.667114392865658], [113.56015566175641, 11.695665083475642], [113.55791566257867, 11.71323100450292], [113.55660739473633, 11.724215774085625], [113.55306382286771, 11.752766464695608], [113.54946680265355, 11.781317155305594], [113.54587822388164, 11.809867845915576], [113.54235550313646, 11.838418536525559], [113.53895027655079, 11.866969227135542], [113.53572502595543, 11.895519917745528], [113.53277800400939, 11.92407060835551], [113.5301289592669, 11.952621298965497], [113.52776049370829, 11.98117198957548], [113.52699004396018, 11.992078137753452], [113.52581332023594, 12.009722680185462], [113.5242487310976, 12.038273370795444], [113.52297501204953, 12.066824061405429], [113.52193465867273, 12.095374752015413], [113.52106098850825, 12.123925442625396], [113.52028361832224, 12.152476133235382], [113.51952013361006, 12.181026823845365], [113.51880226736317, 12.209577514455347], [113.51791205979328, 12.238128205065331], [113.51648602238194, 12.266678895675312], [113.51429845071249, 12.295229586285298], [113.5112675947937, 12.323780276895281], [113.50748587083069, 12.352330967505265], [113.50317109620447, 12.38088165811525], [113.49857227672256, 12.409432348725232], [113.49606442534167, 12.424806104151235], [113.49411728001742, 12.437983039335217], [113.49006276937766, 12.466533729945198], [113.4862863517777, 12.495084420555184], [113.48327920725188, 12.523635111165168], [113.48156028043877, 12.55218580177515], [113.48249043096212, 12.580736492385135], [113.48936363849555, 12.609287182995118], [113.49606442534167, 12.620448521517394], [113.50628603885866, 12.637837873605102], [113.52699004396017, 12.664012723020553], [113.52807524230533, 12.666388564215088], [113.53989655888009, 12.69493925482507], [113.5478733172952, 12.723489945435052], [113.5527344489874, 12.752040636045036], [113.5562039587188, 12.78059132665502], [113.55791566257867, 12.794536224398158], [113.55961220644544, 12.809142017265003], [113.56315962483802, 12.837692707874986], [113.56598234124122, 12.866243398484972], [113.56742698718958, 12.894794089094955], [113.56720819350669, 12.92334477970494], [113.56523931617124, 12.951895470314922], [113.56145287845459, 12.980446160924906], [113.55791566257867, 13.00111858578283], [113.55718008681315, 13.008996851534892], [113.55446365090182, 13.037547542144873], [113.55092203987212, 13.066098232754857], [113.54635676360598, 13.09464892336484], [113.54048963115875, 13.123199613974823], [113.53288825916727, 13.151750304584807], [113.52699004396018, 13.169825778793248], [113.52492968431292, 13.180300995194791], [113.51873972296917, 13.208851685804774], [113.51109877981295, 13.23740237641476], [113.50131339906139, 13.265953067024743], [113.49606442534167, 13.279105000584586], [113.49212592023989, 13.294503757634725], [113.48419048458754, 13.323054448244708], [113.47509563415466, 13.351605138854694], [113.46513880672319, 13.378313049399999], [113.46467758949525, 13.380155829464677], [113.4573361945709, 13.40870652007466], [113.44846016767414, 13.437257210684646], [113.437574651359, 13.465807901294628], [113.43421318810468, 13.473612083952107], [113.42760947993277, 13.494358591904613], [113.41675763685305, 13.522909282514595], [113.40328756948621, 13.551166516326434], [113.40317134612866, 13.55145997312458], [113.39149280523284, 13.580010663734562], [113.37787460416676, 13.608561354344547], [113.37236195086771, 13.61904432692074], [113.36412256824153, 13.63711204495453], [113.35002922795422, 13.665662735564515], [113.34143633224922, 13.681195723643151], [113.33454183458161, 13.6942134261745], [113.31928046007056, 13.722764116784482], [113.31051071363073, 13.738149156852485], [113.30279909889404, 13.751314807394465], [113.28688203640735, 13.779865498004447], [113.27958509501224, 13.79263790031133], [113.26996725768555, 13.80841618861443], [113.25409459046537, 13.836966879224414], [113.24865947639375, 13.846885880289783], [113.23728325400423, 13.865517569834399], [113.22191547973894, 13.894068260444383], [113.21773385777526, 13.901891330320913], [113.20441648692719, 13.922618951054366], [113.18880849234927, 13.951169641664348], [113.18680823915676, 13.954732831852363], [113.1677583701623, 13.979720332274335], [113.15588262053828, 13.998174032811068], [113.13977483038141, 14.008271022884317], [113.12495700191978, 14.018808313958615], [113.11068618854404, 14.008271022884315], [113.09744876430344, 13.979720332274335], [113.09403138330131, 13.961738708048905], [113.09234494309923, 13.951169641664348], [113.08952307679219, 13.922618951054364], [113.0875847346465, 13.894068260444385], [113.08611442435985, 13.865517569834399], [113.0854104676013, 13.836966879224416], [113.0855315935482, 13.808416188614432], [113.08661933745866, 13.779865498004447], [113.08889370643894, 13.751314807394465], [113.09263924144045, 13.72276411678448], [113.0940313833013, 13.714963399944661], [113.09601383255172, 13.694213426174498], [113.09923880281707, 13.665662735564513], [113.10297035605447, 13.63711204495453], [113.10637258022535, 13.608561354344548], [113.10938421413078, 13.580010663734562], [113.1127631922477, 13.55145997312458], [113.11660440848382, 13.522909282514595], [113.12088696861618, 13.49435859190461], [113.12495700191978, 13.468681046002152], [113.12524489186822, 13.465807901294628], [113.12788861911747, 13.437257210684644], [113.13039866414657, 13.408706520074661], [113.13256240829098, 13.380155829464677], [113.13414473462316, 13.351605138854694], [113.13447118727663, 13.323054448244708], [113.13325668892934, 13.294503757634725], [113.13082342156812, 13.265953067024743], [113.12658212959506, 13.237402376414758], [113.12495700191977, 13.230176788481227], [113.12453562424501, 13.208851685804776], [113.12391675839059, 13.180300995194791], [113.12346227959799, 13.151750304584809], [113.12325847110613, 13.123199613974824], [113.12283904043981, 13.09464892336484], [113.12495700191978, 13.09269361040298], [113.15090706784342, 13.066098232754856], [113.14997585230427, 13.037547542144871], [113.14906994668857, 13.00899685153489], [113.1483945544094, 12.980446160924908], [113.14797571790879, 12.951895470314922], [113.1477473066063, 12.923344779704939], [113.14762098006494, 12.894794089094955], [113.14753424870665, 12.866243398484972], [113.14745685949833, 12.837692707874988], [113.14739504608508, 12.809142017265003], [113.14736843345163, 12.78059132665502], [113.15588262053828, 12.772730985224017], [113.17669056513489, 12.752040636045034], [113.17670830330468, 12.723489945435055], [113.17674664585122, 12.69493925482507], [113.1768175848593, 12.666388564215087], [113.17691827670447, 12.637837873605102], [113.17701937234753, 12.609287182995118], [113.17712681321109, 12.580736492385135], [113.1772465400509, 12.552185801775153], [113.1773663168953, 12.523635111165168], [113.17749096317124, 12.495084420555184], [113.18680823915676, 12.486482663310738], [113.20674979728577, 12.4665337299452], [113.20694894068097, 12.437983039335215], [113.20713318213335, 12.409432348725232], [113.20733076996405, 12.38088165811525], [113.20754678973765, 12.352330967505267], [113.20777346141266, 12.323780276895281], [113.20799305782363, 12.295229586285298], [113.20821116829916, 12.266678895675314], [113.208437112317, 12.238128205065331], [113.20867094263616, 12.209577514455347], [113.20890431464898, 12.181026823845365], [113.21773385777526, 12.172875344092096], [113.23829054799889, 12.15247613323538], [113.23848858743933, 12.123925442625396], [113.23868106842268, 12.095374752015413], [113.23887378126614, 12.066824061405429], [113.23906782618289, 12.038273370795444], [113.23926441129615, 12.009722680185462], [113.23946847705888, 11.98117198957548], [113.23968726084308, 11.952621298965493], [113.23992476596388, 11.924070608355512], [113.24018425663357, 11.895519917745528], [113.24865947639375, 11.887695551151278], [113.26955250625483, 11.866969227135543], [113.2698488201672, 11.838418536525559], [113.27013850264206, 11.809867845915576], [113.27045333935367, 11.781317155305594], [113.27079234148127, 11.752766464695608], [113.27115635669814, 11.724215774085625], [113.27154442730229, 11.695665083475642], [113.27194955956142, 11.667114392865656], [113.27236279020852, 11.638563702255672], [113.27276980515501, 11.610013011645691], [113.27958509501224, 11.603721100899092], [113.30188566548937, 11.581462321035705], [113.30226275994578, 11.55291163042572], [113.30253301845404, 11.52436093981574], [113.30278234706894, 11.495810249205757], [113.30301936462575, 11.467259558595773], [113.30326108451432, 11.438708867985788], [113.30353051371166, 11.410158177375806], [113.30384611665205, 11.381607486765821], [113.30422412106427, 11.353056796155837], [113.30467108443233, 11.324506105545854], [113.30518591011172, 11.29595541493587], [113.31051071363072, 11.291039528864019], [113.33447219761538, 11.267404724325885], [113.33509042874628, 11.238854033715903], [113.33576445306016, 11.21030334310592], [113.33654634104848, 11.181752652495936], [113.33745726982129, 11.153201961885951], [113.33852078675088, 11.124651271275969], [113.3397608506965, 11.096100580665986], [113.34120208251446, 11.067549890056002], [113.34143633224923, 11.063362858406713], [113.35526187384289, 11.038999199446017], [113.37236195086771, 11.013563111396193], [113.37418831710671, 11.010448508836035], [113.39150511156811, 10.981897818226049], [113.40328756948622, 10.9632516358693], [113.41304027282717, 10.953347127616066], [113.4342131881047, 10.931026259498717]]]}, "properties": {"fillColor": "#0000FF", "fillOpacity": 0.7, "color": "#000000", "weight": 0.2, "stroke": false}}, {"type": "Feature", "geometry": {"type": "Polygon", "coordinates": [[[113.44014005136538, 12.866243398484972], [113.4342131881047, 12.869824549334304], [113.41462784243535, 12.894794089094955], [113.40328756948621, 12.9119413953376], [113.39645649272674, 12.923344779704937], [113.38249096688479, 12.951895470314922], [113.37236195086771, 12.980081451642477], [113.37218893386007, 12.980446160924906], [113.36052993716018, 13.008996851534889], [113.35222645696271, 13.037547542144873], [113.34581441663259, 13.06609823275486], [113.3414363322492, 13.089018202291191], [113.33972286569916, 13.09464892336484], [113.33195964506353, 13.123199613974824], [113.32540190917287, 13.151750304584809], [113.31936666797849, 13.180300995194791], [113.31310486214258, 13.208851685804778], [113.31051071363075, 13.219662099277514], [113.30394552513944, 13.23740237641476], [113.29455058743898, 13.265953067024743], [113.28620225498935, 13.294503757634725], [113.27958509501224, 13.318377793136598], [113.27765503893693, 13.32305444824471], [113.26688001003336, 13.351605138854694], [113.25793354322266, 13.380155829464677], [113.25001662904599, 13.408706520074663], [113.24865947639375, 13.41373985271715], [113.24021283216744, 13.437257210684644], [113.2316128600649, 13.465807901294628], [113.22433101216197, 13.494358591904613], [113.2179771053912, 13.522909282514593], [113.21773385777526, 13.524118910408394], [113.21114921874084, 13.55145997312458], [113.20602143617072, 13.580010663734562], [113.20263369299056, 13.608561354344547], [113.2011037493877, 13.63711204495453], [113.20196084716486, 13.665662735564513], [113.20668698207547, 13.694213426174498], [113.21773385777526, 13.719890198677193], [113.24865947639375, 13.717229495617667], [113.27109879930529, 13.694213426174498], [113.27958509501224, 13.687928569308664], [113.29433478110607, 13.665662735564513], [113.31051071363073, 13.644924149300367], [113.31482324198299, 13.63711204495453], [113.33058858518368, 13.608561354344545], [113.34143633224923, 13.590048181075243], [113.34637196680963, 13.580010663734562], [113.35993101411987, 13.55145997312458], [113.37236195086771, 13.525039129070965], [113.37333335366624, 13.522909282514595], [113.38555240121401, 13.494358591904613], [113.39639517832204, 13.465807901294628], [113.4032875694862, 13.446775143428233], [113.40689794829882, 13.437257210684644], [113.4170036099065, 13.408706520074661], [113.42614192426416, 13.380155829464677], [113.43421318810469, 13.35549366456007], [113.43565790279229, 13.351605138854694], [113.44600619690834, 13.323054448244708], [113.45534374534213, 13.294503757634725], [113.46429673023589, 13.265953067024743], [113.4651388067232, 13.263355318296558], [113.47437511263904, 13.23740237641476], [113.48308445034252, 13.208851685804776], [113.49069512512246, 13.18030099519479], [113.49606442534167, 13.158303989688031], [113.49805650724055, 13.151750304584809], [113.50570048441307, 13.123199613974824], [113.51184746137372, 13.09464892336484], [113.51675372443721, 13.066098232754857], [113.5205169303846, 13.037547542144873], [113.52341291718915, 13.00899685153489], [113.5254087931069, 12.980446160924908], [113.52553208147592, 12.951895470314922], [113.5226929364027, 12.923344779704939], [113.51516634943778, 12.894794089094955], [113.50075718763662, 12.866243398484972], [113.49606442534167, 12.858933544253587], [113.46513880672319, 12.849368153787708], [113.44014005136538, 12.866243398484972]]]}, "properties": {"fillColor": "#0000FF", "fillOpacity": 0.7, "color": "#000000", "weight": 0.2, "stroke": false}}, {"type": "Feature", "geometry": {"type": "Polygon", "coordinates": [[[122.21708887575619, 10.946640367850272], [122.24801449437467, 10.932783442492543], [122.27894011299317, 10.930919899079377], [122.30986573161167, 10.93727690864526], [122.33327522863767, 10.953347127616066], [122.34079135023015, 10.960321476251224], [122.3576128612855, 10.98189781822605], [122.36672001374161, 11.010448508836035], [122.36922980148405, 11.038999199446017], [122.36926088153763, 11.067549890056], [122.36723731896997, 11.096100580665984], [122.36291416954688, 11.124651271275969], [122.35641824641475, 11.153201961885951], [122.34252114311698, 11.181752652495938], [122.34079135023015, 11.184180112160629], [122.32578590982449, 11.21030334310592], [122.30986573161167, 11.225070448303914], [122.2807398967579, 11.238854033715903], [122.27894011299315, 11.239998782765792], [122.24801449437467, 11.253178026772158], [122.21708887575619, 11.25594181897356], [122.18616325713771, 11.249261034793623], [122.17036907601798, 11.238854033715903], [122.1552376385192, 11.22424596499948], [122.14564666027236, 11.21030334310592], [122.13652612299559, 11.181752652495936], [122.13213102025769, 11.153201961885951], [122.13017489327524, 11.124651271275969], [122.13240306251234, 11.096100580665984], [122.14140777698289, 11.067549890056], [122.1552376385192, 11.041883657184341], [122.15589948338612, 11.038999199446017], [122.1623959594958, 11.010448508836035], [122.17935871848726, 10.98189781822605], [122.18616325713771, 10.973919297767695], [122.2092107154563, 10.953347127616066], [122.21708887575619, 10.946640367850272]]]}, "properties": {"fillColor": "#0000FF", "fillOpacity": 0.7, "color": "#000000", "weight": 0.2, "stroke": false}}, {"type": "Feature", "geometry": {"type": "Polygon", "coordinates": [[[122.24552560359591, 10.953347127616066], [122.21708887575619, 10.965546343684041], [122.19911859452696, 10.98189781822605], [122.1861632571377, 10.996634819116498], [122.17617839677924, 11.010448508836035], [122.16465071579594, 11.038999199446017], [122.15729438199808, 11.067549890056], [122.1552376385192, 11.075210918382343], [122.14447352837084, 11.096100580665984], [122.13974338520396, 11.124651271275969], [122.14400569762924, 11.153201961885951], [122.15421236145207, 11.181752652495936], [122.1552376385192, 11.18404323466251], [122.16527434199755, 11.21030334310592], [122.18616325713768, 11.229888405450074], [122.21708887575618, 11.23751594484038], [122.24801449437469, 11.235831584937623], [122.27894011299315, 11.22651982063827], [122.30224621134263, 11.21030334310592], [122.30986573161167, 11.205367205564299], [122.330796770527, 11.181752652495936], [122.33935080363574, 11.153201961885951], [122.34079135023015, 11.143183593354012], [122.34750289388056, 11.124651271275969], [122.3553341279653, 11.096100580665984], [122.35846003578246, 11.067549890056], [122.35770396969374, 11.038999199446017], [122.35212470362865, 11.010448508836035], [122.34079135023015, 10.989822784745627], [122.33658821519381, 10.98189781822605], [122.30986573161168, 10.95717409762315], [122.29609606621517, 10.953347127616066], [122.27894011299317, 10.947340217992942], [122.24801449437467, 10.952001768273567], [122.24552560359591, 10.953347127616066]]]}, "properties": {"fillColor": "#0000FF", "fillOpacity": 0.7, "color": "#000000", "weight": 0.2, "stroke": false}}, {"type": "Feature", "geometry": {"type": "Polygon", "coordinates": [[[125.3096507376053, 11.122558064701789], [125.34057635622379, 11.119949669305495], [125.35470609432417, 11.124651271275969], [125.37150197484229, 11.12774863778078], [125.40227924366218, 11.153201961885951], [125.40242759346077, 11.153466001002782], [125.41911901334771, 11.181752652495936], [125.42285559422473, 11.21030334310592], [125.42020373285582, 11.238854033715903], [125.40546436280975, 11.267404724325885], [125.40242759346077, 11.270723034776093], [125.37150197484229, 11.291621235672523], [125.35178326377701, 11.295955414935872], [125.34057635622378, 11.300514310875391], [125.3096507376053, 11.298905190065906], [125.30279763563209, 11.295955414935872], [125.27872511898681, 11.287952292950013], [125.25740549574039, 11.267404724325885], [125.2490672555096, 11.238854033715903], [125.24910826430518, 11.21030334310592], [125.25357108228341, 11.181752652495936], [125.2656347036797, 11.153201961885951], [125.27872511898681, 11.138041686311224], [125.30565775167256, 11.124651271275967], [125.3096507376053, 11.122558064701789]]]}, "properties": {"fillColor": "#0000FF", "fillOpacity": 0.7, "color": "#000000", "weight": 0.2, "stroke": false}}, {"type": "Feature", "geometry": {"type": "Polygon", "coordinates": [[[125.28816334280074, 11.153201961885951], [125.27872511898681, 11.164890753376], [125.26814785323504, 11.181752652495936], [125.26073435902222, 11.21030334310592], [125.26278367285497, 11.238854033715903], [125.27872511898681, 11.264284694930437], [125.28161262481763, 11.267404724325884], [125.30965073760528, 11.284670691998333], [125.3405763562238, 11.286937118374187], [125.37150197484229, 11.276072511780525], [125.38327982009594, 11.267404724325885], [125.40212367852872, 11.238854033715903], [125.40242759346077, 11.235988903381031], [125.4068925033108, 11.21030334310592], [125.40242759346077, 11.192761613985763], [125.400741812479, 11.181752652495936], [125.3830026954247, 11.153201961885951], [125.37150197484229, 11.1436906706099], [125.34057635622378, 11.133911541972319], [125.3096507376053, 11.137483714458483], [125.28816334280074, 11.153201961885951]]]}, "properties": {"fillColor": "#0000FF", "fillOpacity": 0.7, "color": "#000000", "weight": 0.2, "stroke": false}}, {"type": "Feature", "geometry": {"type": "Polygon", "coordinates": [[[124.50558465352452, 11.455845929246099], [124.536510272143, 11.456771630590897], [124.55712060781369, 11.467259558595773], [124.56743589076152, 11.473536161673142], [124.58540622355014, 11.495810249205757], [124.59149003979657, 11.52436093981574], [124.58821221057434, 11.552911630425722], [124.56885265969427, 11.581462321035707], [124.56743589076153, 11.582838264229736], [124.53651027214302, 11.600607389565317], [124.50558465352452, 11.60327208580387], [124.47465903490604, 11.59414203082979], [124.45968164251572, 11.581462321035707], [124.44561252517768, 11.552911630425722], [124.44436433989314, 11.52436093981574], [124.45208803449887, 11.495810249205757], [124.47465903490604, 11.470463847939536], [124.48106376405869, 11.46725955859577], [124.50558465352452, 11.455845929246099]]]}, "properties": {"fillColor": "#0000FF", "fillOpacity": 0.7, "color": "#000000", "weight": 0.2, "stroke": false}}, {"type": "Feature", "geometry": {"type": "Polygon", "coordinates": [[[124.48034752057778, 11.495810249205757], [124.47465903490604, 11.50402184189476], [124.46523087053029, 11.52436093981574], [124.46932791461985, 11.552911630425722], [124.47465903490604, 11.560430357246322], [124.50558465352452, 11.580204221096384], [124.53651027214302, 11.57693058354428], [124.56394095631865, 11.552911630425724], [124.56743589076152, 11.536223253437395], [124.56973729309237, 11.52436093981574], [124.56743589076152, 11.518088975211102], [124.55679649406045, 11.495810249205757], [124.536510272143, 11.480823900075002], [124.50558465352452, 11.479464434327445], [124.48034752057778, 11.495810249205757]]]}, "properties": {"fillColor": "#0000FF", "fillOpacity": 0.7, "color": "#000000", "weight": 0.2, "stroke": false}}, {"type": "Feature", "geometry": {"type": "Polygon", "coordinates": [[[125.15502264451284, 11.473170858344615], [125.18594826313134, 11.470427793488925], [125.21687388174982, 11.482823601649855], [125.22914117764591, 11.495810249205757], [125.2399449836339, 11.52436093981574], [125.24007960970543, 11.552911630425722], [125.23070067254373, 11.581462321035705], [125.21687388174982, 11.596565847957091], [125.18594826313134, 11.606138209381069], [125.15502264451285, 11.601587523576018], [125.12813163378306, 11.581462321035707], [125.12409702589436, 11.57499552153989], [125.11230187977426, 11.552911630425722], [125.11157836315104, 11.52436093981574], [125.12409702589436, 11.498201716211064], [125.12536348644407, 11.495810249205757], [125.15502264451284, 11.473170858344615]]]}, "properties": {"fillColor": "#0000FF", "fillOpacity": 0.7, "color": "#000000", "weight": 0.2, "stroke": false}}, {"type": "Feature", "geometry": {"type": "Polygon", "coordinates": [[[125.15441189654877, 11.495810249205757], [125.13342924158678, 11.52436093981574], [125.13476220812473, 11.552911630425722], [125.15502264451284, 11.5777556818459], [125.16871591156075, 11.581462321035707], [125.18594826313134, 11.585634369148504], [125.19431088943156, 11.581462321035707], [125.21687388174982, 11.560696928922466], [125.22083495867896, 11.552911630425722], [125.22138767439543, 11.52436093981574], [125.21687388174982, 11.516141335174803], [125.19611528473416, 11.495810249205757], [125.18594826313134, 11.490033181699966], [125.15502264451284, 11.495344053845649], [125.15441189654877, 11.495810249205757]]]}, "properties": {"fillColor": "#0000FF", "fillOpacity": 0.7, "color": "#000000", "weight": 0.2, "stroke": false}}, {"type": "Feature", "geometry": {"type": "Polygon", "coordinates": [[[125.06224578865739, 11.976875306246315], [125.09317140727586, 11.977733482451756], [125.09738006935304, 11.981171989575481], [125.11166892792335, 12.009722680185462], [125.10010358150475, 12.038273370795444], [125.09317140727586, 12.043189127018564], [125.06264426421, 12.038273370795444], [125.06224578865738, 12.038161007175487], [125.04683017208784, 12.009722680185462], [125.05710945989017, 11.98117198957548], [125.06224578865739, 11.976875306246315]]]}, "properties": {"fillColor": "#0000FF", "fillOpacity": 0.7, "color": "#000000", "weight": 0.2, "stroke": false}}, {"type": "Feature", "geometry": {"type": "Polygon", "coordinates": [[[124.35095656043208, 12.177809417977926], [124.38188217905056, 12.16248933620213], [124.41280779766907, 12.167409523741156], [124.43054372426444, 12.181026823845365], [124.44373341628756, 12.202345748189595], [124.44757327402147, 12.209577514455347], [124.44702682834054, 12.23812820506533], [124.44373341628754, 12.244050623076761], [124.42537463695898, 12.266678895675316], [124.41280779766906, 12.27446771656583], [124.38188217905056, 12.275494933416063], [124.36498122008672, 12.266678895675314], [124.35095656043208, 12.256443835358098], [124.33792508799331, 12.238128205065331], [124.33480321513639, 12.209577514455347], [124.34790476391207, 12.181026823845365], [124.35095656043208, 12.177809417977926]]]}, "properties": {"fillColor": "#0000FF", "fillOpacity": 0.7, "color": "#000000", "weight": 0.2, "stroke": false}}, {"type": "Feature", "geometry": {"type": "Polygon", "coordinates": [[[124.36957533046098, 12.209577514455347], [124.37519823040452, 12.238128205065331], [124.38188217905056, 12.243423950810387], [124.41246215209605, 12.238128205065333], [124.41280779766906, 12.237238896272665], [124.41470079990957, 12.209577514455347], [124.41280779766906, 12.207091594256188], [124.38188217905056, 12.197178303158893], [124.36957533046098, 12.209577514455347]]]}, "properties": {"fillColor": "#0000FF", "fillOpacity": 0.7, "color": "#000000", "weight": 0.2, "stroke": false}}, {"type": "Feature", "geometry": {"type": "Polygon", "coordinates": [[[123.29948552740339, 13.135309940181262], [123.33041114602187, 13.127311730878459], [123.36048626916921, 13.151750304584809], [123.36133676464036, 13.155356945030421], [123.36582858884933, 13.18030099519479], [123.36133676464036, 13.191278617993067], [123.34230816862066, 13.208851685804778], [123.33041114602187, 13.213729854742253], [123.31971320733464, 13.208851685804776], [123.29948552740336, 13.196999045721055], [123.2878748193803, 13.180300995194791], [123.28745889313484, 13.15175030458481], [123.29948552740339, 13.135309940181262]]]}, "properties": {"fillColor": "#0000FF", "fillOpacity": 0.7, "color": "#000000", "weight": 0.2, "stroke": false}}, {"type": "Feature", "geometry": {"type": "Polygon", "coordinates": [[[123.29948552740338, 13.579283540949804], [123.31026814687054, 13.580010663734562], [123.33041114602187, 13.580844491483914], [123.36133676464037, 13.599579112586374], [123.3704485226385, 13.608561354344547], [123.38568550677421, 13.63711204495453], [123.38523101327824, 13.665662735564513], [123.36898947914415, 13.694213426174498], [123.36133676464036, 13.701331130254829], [123.33041114602187, 13.713315987389898], [123.29948552740339, 13.713807728206408], [123.26855990878488, 13.704683929145535], [123.25414922808577, 13.694213426174498], [123.2376342901664, 13.667296111090279], [123.2367785204971, 13.665662735564513], [123.23715640209089, 13.63711204495453], [123.2376342901664, 13.63623162247072], [123.25152237749526, 13.608561354344547], [123.26855990878488, 13.593633182752855], [123.29797408511067, 13.580010663734562], [123.29948552740338, 13.579283540949804]]]}, "properties": {"fillColor": "#0000FF", "fillOpacity": 0.7, "color": "#000000", "weight": 0.2, "stroke": false}}, {"type": "Feature", "geometry": {"type": "Polygon", "coordinates": [[[123.29729774098288, 13.608561354344547], [123.26970774510997, 13.63711204495453], [123.27259137491241, 13.665662735564512], [123.29948552740339, 13.684354516515075], [123.33041114602187, 13.686584904341807], [123.36133676464036, 13.666121357891058], [123.36164973969603, 13.665662735564513], [123.36148102756161, 13.63711204495453], [123.36133676464036, 13.63689237878645], [123.33467587262051, 13.608561354344547], [123.33041114602187, 13.605526392663254], [123.29948552740339, 13.607263310524692], [123.29729774098288, 13.608561354344547]]]}, "properties": {"fillColor": "#0000FF", "fillOpacity": 0.7, "color": "#000000", "weight": 0.2, "stroke": false}}, {"type": "Feature", "geometry": {"type": "Polygon", "coordinates": [[[131.12366703788163, 15.906037397284518], [131.15459265650014, 15.901148349036259], [131.18551827511862, 15.901019255381753], [131.2164438937371, 15.904566222291743], [131.2473695123556, 15.908721816330665], [131.2782951309741, 15.90554875752378], [131.30922074959258, 15.89996307093427], [131.34014636821107, 15.897977809175416], [131.37107198682958, 15.90015646083409], [131.40199760544806, 15.906280325880882], [131.4314516948559, 15.921167293753223], [131.43292322406654, 15.92200412297108], [131.4585349879431, 15.949717984363206], [131.46302639469292, 15.97826867497319], [131.45974972579668, 16.006819365583173], [131.44855731935067, 16.03537005619316], [131.43292322406654, 16.062392824386215], [131.43196506521556, 16.06392074680314], [131.40199760544806, 16.08821565881465], [131.39609207419028, 16.092471437413124], [131.37107198682958, 16.109635231187156], [131.35351843270269, 16.121022128023107], [131.34014636821107, 16.130824431859967], [131.31719362997367, 16.14957281863309], [131.30922074959255, 16.157316924308045], [131.2949415213435, 16.178123509243076], [131.2782951309741, 16.200724246435254], [131.2754416897529, 16.206674199853058], [131.26624116606112, 16.235224890463044], [131.2532562364921, 16.263775581073027], [131.2473695123556, 16.272421851626692], [131.22810342497465, 16.29232627168301], [131.2164438937371, 16.300376968388367], [131.18551827511862, 16.307136019755095], [131.15459265650014, 16.30459002257914], [131.12366703788163, 16.293773345725814], [131.12133035650936, 16.29232627168301], [131.09274141926315, 16.279482138872037], [131.07423975993586, 16.263775581073027], [131.06181580064467, 16.253079862681574], [131.03089018202616, 16.23943901800493], [131.00338488735792, 16.263775581073027], [131.0005787228213, 16.29232627168301], [130.99996456340767, 16.293503687768652], [130.981797001356, 16.320876962292992], [130.9690389447892, 16.332313907834383], [130.93811332617068, 16.34089127752549], [130.91567211791187, 16.320876962292992], [130.90718770755223, 16.302465097460622], [130.9031962391504, 16.29232627168301], [130.90338075754067, 16.263775581073027], [130.9071877075522, 16.256236577800806], [130.9220391363936, 16.235224890463044], [130.93811332617068, 16.222555608896183], [130.96203084105247, 16.206674199853058], [130.9690389447892, 16.196825230096515], [130.97194928074973, 16.178123509243076], [130.9744516378598, 16.14957281863309], [130.97783091834071, 16.121022128023107], [130.98409474769122, 16.092471437413124], [130.99647485426996, 16.06392074680314], [130.99996456340767, 16.05778333644541], [131.00567078634043, 16.03537005619316], [131.0175312637334, 16.006819365583173], [131.03089018202616, 15.987283002004737], [131.03516008480952, 15.97826867497319], [131.0560445994414, 15.949717984363206], [131.06181580064467, 15.943677647757674], [131.09274141926315, 15.921354667998147], [131.09327554842187, 15.921167293753223], [131.12366703788163, 15.906037397284518]]]}, "properties": {"fillColor": "#0000FF", "fillOpacity": 0.7, "color": "#000000", "weight": 0.2, "stroke": false}}, {"type": "Feature", "geometry": {"type": "Polygon", "coordinates": [[[131.14995139824228, 15.921167293753223], [131.12366703788163, 15.924510353284093], [131.09274141926315, 15.937273844845556], [131.0777873439605, 15.949717984363206], [131.06181580064467, 15.966041047995038], [131.0515593589097, 15.97826867497319], [131.03501401555098, 16.006819365583173], [131.03089018202616, 16.01667523539811], [131.01947858434704, 16.03537005619316], [131.00804729667155, 16.06392074680314], [131.0013857227959, 16.092471437413124], [130.99996456340767, 16.10229509990386], [130.99367770710728, 16.121022128023107], [130.99057922592266, 16.14957281863309], [130.9950949359556, 16.178123509243076], [130.99996456340767, 16.1875279796964], [131.01256405097993, 16.20667419985306], [131.03089018202616, 16.21822157222791], [131.06181580064467, 16.232468558322108], [131.06483997670085, 16.235224890463044], [131.09274141926315, 16.26031472684947], [131.09936190229928, 16.263775581073027], [131.12366703788163, 16.280350804767657], [131.15459265650014, 16.286892630282306], [131.18551827511862, 16.287152461102643], [131.2164438937371, 16.276571995361046], [131.2296765854634, 16.263775581073027], [131.2456073658044, 16.235224890463044], [131.2473695123556, 16.231347122653162], [131.26106749750966, 16.206674199853058], [131.2757512944501, 16.178123509243076], [131.2782951309741, 16.173988403515384], [131.29860336323515, 16.14957281863309], [131.30922074959258, 16.13765294493073], [131.32852594780908, 16.121022128023107], [131.34014636821107, 16.111657514679763], [131.36556523174892, 16.092471437413124], [131.37107198682958, 16.088453086970233], [131.40140222346386, 16.06392074680314], [131.40199760544806, 16.06339865476229], [131.42675461551642, 16.03537005619316], [131.43292322406654, 16.02056794545522], [131.4408765543541, 16.006819365583173], [131.4436054399463, 15.97826867497319], [131.43292322406654, 15.954303894696999], [131.4304529991675, 15.949717984363206], [131.40199760544806, 15.92901035889274], [131.37107198682958, 15.921891880809172], [131.359454594115, 15.921167293753221], [131.34014636821107, 15.919103825515855], [131.32469363813738, 15.921167293753223], [131.30922074959258, 15.922535150555436], [131.2782951309741, 15.928202412140818], [131.2473695123556, 15.929657172786008], [131.2164438937371, 15.925431334363433], [131.18551827511862, 15.921329445148585], [131.17886446220044, 15.921167293753223], [131.15459265650014, 15.920064126620495], [131.14995139824228, 15.921167293753223]]]}, "properties": {"fillColor": "#0000FF", "fillOpacity": 0.7, "color": "#000000", "weight": 0.2, "stroke": false}}, {"type": "Feature", "geometry": {"type": "Polygon", "coordinates": [[[130.22682409794538, 16.480081102887148], [130.2577497165639, 16.471160368669814], [130.28867533518238, 16.468869463122324], [130.31202912914335, 16.492181105952895], [130.31960095380086, 16.502051429654173], [130.33308511187792, 16.520731796562877], [130.34436291158443, 16.54928248717286], [130.34929939726484, 16.577833177782846], [130.3474041159505, 16.606383868392832], [130.31960095380086, 16.6344200949336], [130.28867533518238, 16.633220366719176], [130.2577497165639, 16.61223877628077], [130.24943339654575, 16.606383868392832], [130.22682409794538, 16.587325376187476], [130.21706023711948, 16.577833177782846], [130.200318477999, 16.54928248717286], [130.19617750355908, 16.520731796562877], [130.20967392600141, 16.492181105952895], [130.22682409794538, 16.480081102887148]]]}, "properties": {"fillColor": "#0000FF", "fillOpacity": 0.7, "color": "#000000", "weight": 0.2, "stroke": false}}, {"type": "Feature", "geometry": {"type": "Polygon", "coordinates": [[[130.25519920984107, 16.520731796562877], [130.24936273207197, 16.54928248717286], [130.2577497165639, 16.562594215796004], [130.26282626976243, 16.577833177782846], [130.2867847898553, 16.606383868392832], [130.28867533518238, 16.607834331158667], [130.29358789744106, 16.606383868392832], [130.31960095380086, 16.585867675472873], [130.32274697158337, 16.577833177782846], [130.31960095380086, 16.556282282955255], [130.31869051549558, 16.54928248717286], [130.30375471141184, 16.520731796562877], [130.28867533518238, 16.50315268474613], [130.2577497165639, 16.518499856598606], [130.25519920984107, 16.520731796562877]]]}, "properties": {"fillColor": "#0000FF", "fillOpacity": 0.7, "color": "#000000", "weight": 0.2, "stroke": false}}, {"type": "Feature", "geometry": {"type": "Polygon", "coordinates": [[[130.81441085169672, 17.570947532664285], [130.8453364703152, 17.572699593979777], [130.85394195558882, 17.577107349132277], [130.87626208893371, 17.588022216037903], [130.89377210460515, 17.60565803974226], [130.9071877075522, 17.627972684101877], [130.91163225125993, 17.634208730352242], [130.92971695823704, 17.662759420962225], [130.93811332617068, 17.681052052634154], [130.94578268141134, 17.691310111572207], [130.96400513668289, 17.719860802182193], [130.9690389447892, 17.730150920630244], [130.98610357700827, 17.748411492792176], [130.99996456340767, 17.764423253034725], [131.00939874423472, 17.776962183402162], [131.0291455753297, 17.805512874012145], [131.03089018202616, 17.80806657705286], [131.05320508451211, 17.834063564622127], [131.06181580064467, 17.84630483503115], [131.07581640357478, 17.86261425523211], [131.09274141926315, 17.886443639382634], [131.09656689959485, 17.891164945842092], [131.11832203570071, 17.91971563645208], [131.12366703788163, 17.927952060100466], [131.13860442637258, 17.948266327062058], [131.15428523886075, 17.976817017672047], [131.15459265650014, 17.977487042917538], [131.17065900911442, 18.00536770828203], [131.18114332043194, 18.033918398892013], [131.18551827511862, 18.05075156119663], [131.18975031720666, 18.062469089501995], [131.19708177222816, 18.091019780111978], [131.2014105509231, 18.119570470721964], [131.20383727421142, 18.148121161331947], [131.20554369030086, 18.176671851941933], [131.20616595788624, 18.205222542551915], [131.20543643682586, 18.233773233161898], [131.20306048816224, 18.26232392377188], [131.1988645540828, 18.290874614381863], [131.19298453696672, 18.31942530499185], [131.18676811949612, 18.347975995601836], [131.18551827511862, 18.36348422530949], [131.1844647336459, 18.376526686211818], [131.18551827511862, 18.38179020961644], [131.1903353541029, 18.4050773768218], [131.20265255105804, 18.433628067431783], [131.21534237895065, 18.462178758041766], [131.2164438937371, 18.464358383931607], [131.2295070083003, 18.49072944865175], [131.23946089781526, 18.519280139261735], [131.24638999711183, 18.54783082987172], [131.2473695123556, 18.55348064309452], [131.25393378744096, 18.576381520481704], [131.25696236385602, 18.604932211091686], [131.2565801140531, 18.63348290170167], [131.2542563824743, 18.66203359231165], [131.2509364293679, 18.69058428292164], [131.2473695123556, 18.717610452491005], [131.2472322563592, 18.71913497353162], [131.24405442870406, 18.747685664141606], [131.23987125930597, 18.77623635475159], [131.2361457779305, 18.80478704536157], [131.23297865904271, 18.833337735971554], [131.23014068004503, 18.861888426581537], [131.22871868900668, 18.890439117191523], [131.23062442476459, 18.918989807801502], [131.23942953681603, 18.94754049841149], [131.2473695123556, 18.957523200772602], [131.2782951309741, 18.97159028807091], [131.30922074959258, 18.96777633016346], [131.3401463682111, 18.964263538813956], [131.37107198682958, 18.957776893922954], [131.40199760544806, 18.94859299825468], [131.4043799543122, 18.94754049841149], [131.43292322406654, 18.931228232006468], [131.44713025348358, 18.918989807801506], [131.46384884268502, 18.89668321920358], [131.46666542194092, 18.890439117191523], [131.4748942885313, 18.861888426581537], [131.4839953140213, 18.833337735971554], [131.49477446130354, 18.812809513403806], [131.49759643170438, 18.80478704536157], [131.5142189836676, 18.77623635475159], [131.52570007992202, 18.76341043860792], [131.53945797798823, 18.747685664141606], [131.55662569854053, 18.73178307037401], [131.57166415039453, 18.71913497353162], [131.587551317159, 18.705372552411553], [131.6050464693289, 18.690584282921638], [131.6184769357775, 18.678221490307976], [131.63632718672034, 18.66203359231165], [131.64940255439598, 18.650317547001286], [131.67119109501834, 18.63348290170167], [131.6803281730145, 18.62648941713235], [131.70847215926528, 18.604932211091686], [131.71125379163297, 18.602430627459043], [131.72689283898205, 18.576381520481704], [131.74217941025145, 18.552153785700995], [131.7435878827539, 18.54783082987172], [131.75526397363444, 18.519280139261735], [131.77310502886996, 18.497506344758637], [131.7777596055115, 18.49072944865175], [131.80403064748845, 18.46549329464672], [131.80678901483927, 18.462178758041766], [131.83495626610693, 18.43654611024397], [131.83730186661393, 18.433628067431783], [131.86227605516848, 18.4050773768218], [131.8658818847254, 18.401161481738875], [131.8812735287399, 18.376526686211818], [131.89680750334392, 18.35853168787172], [131.90475369574432, 18.347975995601836], [131.9277331219624, 18.324450461435603], [131.93262025317293, 18.31942530499185], [131.9586587405809, 18.2956914633927], [131.9641255122403, 18.290874614381863], [131.9895843591994, 18.269156709555965], [131.99940570412298, 18.26232392377188], [132.02050997781788, 18.24619183057985], [132.05143559643636, 18.234702394218083], [132.05585394477947, 18.233773233161898], [132.08236121505487, 18.221980613512734], [132.11328683367336, 18.218583417492688], [132.14421245229184, 18.223126281294885], [132.16408918004635, 18.233773233161898], [132.17513807091035, 18.239721687755562], [132.20606368952883, 18.249097250402308], [132.2168015293713, 18.233773233161898], [132.23590184617015, 18.20522254255192], [132.23698930814732, 18.202973922339766], [132.24491983792748, 18.176671851941933], [132.25297650249837, 18.148121161331947], [132.25913928269003, 18.11957047072196], [132.2638254489124, 18.091019780111978], [132.2679149267658, 18.06519146493174], [132.26817381325526, 18.062469089501995], [132.2715828159134, 18.033918398892013], [132.2769545159096, 18.00536770828203], [132.285649958152, 17.976817017672047], [132.2988405453843, 17.9499956588149], [132.29989565985989, 17.94826632706206], [132.32137497816237, 17.91971563645208], [132.3297661640028, 17.910726529811228], [132.36069178262127, 17.898282603217762], [132.39161740123978, 17.906813941236294], [132.41827545815266, 17.91971563645208], [132.42254301985827, 17.921161176757543], [132.45346863847675, 17.921247200108063], [132.48439425709526, 17.93179460166342], [132.51531987571374, 17.93096795210685], [132.54624549433223, 17.926258244388613], [132.57717111295074, 17.92274586700711], [132.60809673156922, 17.9225223966356], [132.6390223501877, 17.927265854387116], [132.66994796880618, 17.937770945855377], [132.68836752995873, 17.94826632706206], [132.7008735874247, 17.953834606377185], [132.73179920604318, 17.974474374189878], [132.73495518236038, 17.976817017672047], [132.76272482466166, 17.997560468912603], [132.77262748103914, 18.00536770828203], [132.79365044328017, 18.024805191566017], [132.8049835331796, 18.033918398892013], [132.82457606189865, 18.055053163401517], [132.83263198264996, 18.062469089501995], [132.8535680295567, 18.091019780111978], [132.85550168051714, 18.094888065150815], [132.87255222339812, 18.119570470721964], [132.88642729913562, 18.146159663531915], [132.8876266008892, 18.148121161331947], [132.90196437163908, 18.176671851941933], [132.91034388661905, 18.205222542551915], [132.91400713509685, 18.233773233161898], [132.9144405648127, 18.26232392377188], [132.91095417473082, 18.290874614381863], [132.90069648259563, 18.31942530499185], [132.88642729913562, 18.34071453125041], [132.87900536727417, 18.347975995601836], [132.85550168051714, 18.37155660436581], [132.8523681297505, 18.376526686211818], [132.8313623612445, 18.4050773768218], [132.82457606189865, 18.413345110194555], [132.81411384362394, 18.433628067431783], [132.79365044328017, 18.45910828240526], [132.79207252143902, 18.462178758041766], [132.7720851010589, 18.49072944865175], [132.76272482466166, 18.50442095972852], [132.7550115106438, 18.519280139261735], [132.76120425753214, 18.54783082987172], [132.76272482466166, 18.548893152271944], [132.79365044328017, 18.576052368311043], [132.79393046252244, 18.576381520481707], [132.82330437807457, 18.604932211091686], [132.82457606189865, 18.60625756454229], [132.84662602241713, 18.63348290170167], [132.85550168051714, 18.647913978849637], [132.86545355689236, 18.66203359231165], [132.88264066410952, 18.690584282921638], [132.88642729913562, 18.696101356430404], [132.9056610919073, 18.71913497353162], [132.91735291775413, 18.737761448881763], [132.92767908181347, 18.747685664141606], [132.9482785363726, 18.773344527855155], [132.95256328938478, 18.77623635475159], [132.9792041549911, 18.79617992324897], [132.99453163744224, 18.80478704536157], [133.0101297736096, 18.81512714647775], [133.03343203553695, 18.833337735971554], [133.0410553922281, 18.84299146283797], [133.05358954862632, 18.861888426581537], [133.0599585004874, 18.890439117191523], [133.05623363949974, 18.918989807801506], [133.04375627132404, 18.94754049841149], [133.0410553922281, 18.95145047828476], [133.02358158012882, 18.976091189021474], [133.0101297736096, 18.9894798394851], [132.9909812929755, 19.004641879631457], [132.97920415499107, 19.012538159044702], [132.9482785363726, 19.02684084529046], [132.92537122380838, 19.03319257024144], [132.91735291775413, 19.035668339883976], [132.88642729913562, 19.04150876507168], [132.85550168051714, 19.045134850227285], [132.82457606189865, 19.048474302514943], [132.79365044328017, 19.05293925347623], [132.76272482466166, 19.05871336102558], [132.74881960819138, 19.061743260851422], [132.73179920604318, 19.066201716261542], [132.7008735874247, 19.074153270597442], [132.66994796880618, 19.080658169123062], [132.6390223501877, 19.085883445121432], [132.60809673156922, 19.089902686459848], [132.60205070927753, 19.09029395146141], [132.57717111295074, 19.092548650324026], [132.54624549433223, 19.09038802737743], [132.54591602845403, 19.09029395146141], [132.51531987571374, 19.081818634229236], [132.48472809533752, 19.061743260851422], [132.48439425709526, 19.061531129032662], [132.45346863847675, 19.034444469409767], [132.452254077684, 19.03319257024144], [132.42254301985827, 19.00675132434293], [132.42017048699572, 19.004641879631457], [132.39161740123978, 18.9854063159093], [132.37834068039356, 18.976091189021474], [132.36069178262127, 18.966424970839107], [132.33397012405885, 18.94754049841149], [132.3297661640028, 18.944487981773605], [132.30266158131556, 18.918989807801506], [132.2988405453843, 18.913516487960376], [132.28189538321126, 18.890439117191523], [132.27075195590606, 18.861888426581537], [132.2679149267658, 18.850973241946285], [132.25339533032283, 18.833337735971554], [132.23698930814732, 18.82447140202998], [132.23122411197744, 18.833337735971554], [132.20606368952883, 18.860348846448183], [132.20543509487416, 18.861888426581537], [132.18941436056525, 18.890439117191523], [132.17513807091035, 18.90588017027679], [132.16791068221852, 18.918989807801506], [132.16344254101332, 18.94754049841149], [132.17505374015175, 18.976091189021474], [132.17513807091035, 18.976213876066364], [132.2006752279017, 19.004641879631457], [132.20606368952883, 19.01109502138423], [132.2282325699607, 19.03319257024144], [132.23698930814732, 19.042395308551267], [132.25789680087894, 19.061743260851422], [132.2679149267658, 19.070907779130927], [132.2905136833902, 19.09029395146141], [132.2988405453843, 19.09696218830143], [132.32644245037932, 19.11884464207139], [132.3297661640028, 19.121287539047078], [132.36069178262127, 19.144279288436632], [132.3646965844197, 19.147395332681377], [132.39161740123978, 19.16557585996698], [132.40476053896992, 19.17594602329136], [132.42254301985827, 19.188337818451075], [132.44231432381991, 19.204496713901342], [132.45346863847675, 19.212792758402085], [132.4778689267403, 19.233047404511325], [132.48439425709526, 19.23825608498008], [132.5117603508205, 19.261598095121307], [132.51531987571374, 19.264736587189592], [132.54438882416875, 19.290148785731294], [132.54624549433223, 19.291900458834075], [132.57631012882516, 19.31869947634128], [132.57717111295074, 19.319545805480004], [132.60766279541542, 19.347250166951262], [132.60809673156922, 19.34768641776431], [132.63815953048203, 19.375800857561245], [132.6390223501877, 19.37666484236862], [132.66821415061986, 19.404351548171228], [132.66994796880618, 19.406071060348324], [132.69821714980083, 19.43290223878121], [132.7008735874247, 19.435506399420728], [132.7283900004847, 19.461452929391193], [132.73179920604318, 19.464820942997093], [132.75806496800277, 19.49000362000118], [132.76272482466166, 19.495064352900652], [132.78519257253743, 19.518554310611165], [132.79365044328017, 19.529888748453203], [132.807860446235, 19.547105001221148], [132.82457606189865, 19.575504200415182], [132.82468522033622, 19.57565569183113], [132.83811238279597, 19.604206382441113], [132.84743957464175, 19.632757073051096], [132.85550168051714, 19.658001622066326], [132.8567117651943, 19.661307763661082], [132.87055216759262, 19.689858454271064], [132.88642729913562, 19.710505745774242], [132.8926441649357, 19.71840914488105], [132.91735291775413, 19.7442026472896], [132.91982302133644, 19.746959835491033], [132.9426578716651, 19.775510526101016], [132.9482785363726, 19.786664429799295], [132.95697774941917, 19.804061216711], [132.96157636160984, 19.83261190732098], [132.95740773440193, 19.861162597930967], [132.9482785363726, 19.884000654078775], [132.94515012125348, 19.88971328854095], [132.92268525479824, 19.918263979150936], [132.91735291775413, 19.92369414550539], [132.88642729913562, 19.938889130742822], [132.85550168051714, 19.942241723261887], [132.82457606189865, 19.94137815778236], [132.79365044328017, 19.940613736194024], [132.76272482466166, 19.941611933685802], [132.73179920604318, 19.94467878722622], [132.71932093442268, 19.94681466976092], [132.7008735874247, 19.9503955855592], [132.66994796880618, 19.9580504986059], [132.6390223501877, 19.965359647204732], [132.60809673156922, 19.971020664631055], [132.57717111295074, 19.974307511836543], [132.54624549433223, 19.97504325570419], [132.51531987571374, 19.97213588515282], [132.48439425709526, 19.96254465438402], [132.46003464816908, 19.94681466976092], [132.45346863847675, 19.94111334757577], [132.42893574434385, 19.918263979150936], [132.42254301985827, 19.908370954830616], [132.4090672052363, 19.88971328854095], [132.40030371386945, 19.861162597930967], [132.3925033609169, 19.83261190732098], [132.39161740123978, 19.830954390488117], [132.36069178262127, 19.805429474700865], [132.35670433454095, 19.804061216711], [132.3297661640028, 19.798302663675585], [132.2988405453843, 19.79581181892342], [132.2679149267658, 19.795390753865938], [132.23698930814732, 19.79574255040603], [132.20606368952883, 19.794852494558693], [132.17513807091035, 19.78879743849526], [132.15488538467113, 19.775510526101016], [132.14421245229184, 19.769410066213887], [132.12490011532788, 19.746959835491033], [132.11328683367336, 19.733360950174838], [132.1032080620463, 19.71840914488105], [132.08843227087254, 19.689858454271064], [132.08236121505487, 19.67232246633352], [132.07742781288422, 19.661307763661082], [132.06953152461205, 19.632757073051096], [132.05242111197697, 19.604206382441113], [132.05143559643636, 19.603495618785388], [132.02050997781788, 19.580456942187823], [132.01514689320743, 19.57565569183113], [131.9895843591994, 19.560627397633027], [131.97227017707002, 19.547105001221148], [131.9586587405809, 19.539277326466618], [131.93286407627264, 19.518554310611165], [131.9277331219624, 19.514584418944786], [131.89876879123682, 19.49000362000118], [131.89680750334392, 19.48829165256456], [131.8658818847254, 19.46596514490132], [131.85898635796065, 19.461452929391193], [131.83495626610693, 19.44734169003716], [131.81141125786633, 19.43290223878121], [131.80403064748845, 19.42851752296166], [131.77310502886996, 19.419145893047595], [131.75769505284427, 19.43290223878121], [131.75552309237216, 19.461452929391193], [131.75727837058764, 19.49000362000118], [131.7597095258507, 19.518554310611165], [131.76295459333016, 19.547105001221148], [131.76675184165632, 19.57565569183113], [131.76901492459675, 19.604206382441113], [131.76890317379042, 19.632757073051096], [131.76713761422792, 19.661307763661082], [131.76390954006564, 19.689858454271064], [131.7596676015918, 19.71840914488105], [131.75704156919255, 19.746959835491033], [131.76166335228822, 19.775510526101016], [131.77310502886996, 19.79317354797594], [131.78496220579484, 19.804061216711], [131.80403064748845, 19.818401183745877], [131.82845413430007, 19.83261190732098], [131.83495626610693, 19.8365074679928], [131.8658818847254, 19.853373895353677], [131.8808826741646, 19.861162597930967], [131.89680750334392, 19.872844136002044], [131.91680332376535, 19.88971328854095], [131.9277331219624, 19.914041741350765], [131.92951006786294, 19.918263979150932], [131.9346586871552, 19.94681466976092], [131.93853024571513, 19.9753653603709], [131.94391393806166, 20.003916050980884], [131.95154069613662, 20.032466741590866], [131.9586587405809, 20.051934611193502], [131.9623453685451, 20.061017432200853], [131.9783070905552, 20.089568122810835], [131.9895843591994, 20.104023735746196], [132.00364920022997, 20.118118813420814], [132.02050997781788, 20.13103892154431], [132.04953802759638, 20.146669504030804], [132.05143559643636, 20.147564567468894], [132.08236121505487, 20.158988124951662], [132.11328683367336, 20.16811570701383], [132.1367170810482, 20.175220194640787], [132.14421245229184, 20.177468069485347], [132.17513807091035, 20.189078337648795], [132.20548418936443, 20.20377088525077], [132.20606368952883, 20.204080868627837], [132.23698930814732, 20.224482591265172], [132.24720690240588, 20.232321575860755], [132.2679149267658, 20.249642712973984], [132.28080400826596, 20.260872266470734], [132.2988405453843, 20.275641093887415], [132.31742568479575, 20.28942295708072], [132.3297661640028, 20.296388713138185], [132.36069178262127, 20.310496052049125], [132.38183844887462, 20.317973647690707], [132.39161740123978, 20.32057325696079], [132.42254301985827, 20.32700820239366], [132.45346863847675, 20.332313675781172], [132.48439425709526, 20.337441342971015], [132.51531987571374, 20.34349627885113], [132.5274675747865, 20.34652433830069], [132.54624549433223, 20.35210880980451], [132.57717111295074, 20.364795110127396], [132.5970697294017, 20.375075028910672], [132.60809673156922, 20.38201693194693], [132.6390223501877, 20.399104788923385], [132.64870179088732, 20.403625719520655], [132.66994796880618, 20.410473845390356], [132.70087358742472, 20.419252089071904], [132.73179920604318, 20.427782530799995], [132.74618744781932, 20.432176410130644], [132.76272482466166, 20.436761633361108], [132.79365044328017, 20.447910052389318], [132.82021755845756, 20.460727100740623], [132.82457606189865, 20.464188038978502], [132.85057387436544, 20.48927779135061], [132.85135104056124, 20.517828481960592], [132.8289638632491, 20.546379172570575], [132.82457606189865, 20.549655323325855], [132.79365044328017, 20.572313224180558], [132.78996716134913, 20.574929863180557], [132.76272482466166, 20.591705861736408], [132.73875226347562, 20.60348055379054], [132.73179920604318, 20.60795626558156], [132.7008735874247, 20.62449220172767], [132.68395171480677, 20.632031244400526], [132.66994796880618, 20.64648940815691], [132.65224853185526, 20.66058193501051], [132.66994796880618, 20.671817841522767], [132.7008735874247, 20.676441750931694], [132.7317992060432, 20.677498157152193], [132.76272482466163, 20.679238537275463], [132.79365044328017, 20.68378033990633], [132.8175026276556, 20.68913262562049], [132.82457606189865, 20.690466087374553], [132.85550168051714, 20.697935673440305], [132.88642729913562, 20.707410005575305], [132.91552604965293, 20.717683316230477], [132.91735291775413, 20.718410750744734], [132.9482785363726, 20.728765957318892], [132.97920415499112, 20.73601188119104], [133.0101297736096, 20.739497735600608], [133.0410553922281, 20.739395375366236], [133.07198101084657, 20.73635913199933], [133.10290662946508, 20.731630335827028], [133.13383224808356, 20.726556675939662], [133.16475786670205, 20.72202164870951], [133.19568348532056, 20.71843179644365], [133.20494592887377, 20.717683316230477], [133.22660910393904, 20.714818652813566], [133.25753472255752, 20.713579975922862], [133.288460341176, 20.71578071481109], [133.297962393693, 20.717683316230477], [133.31938595979452, 20.721049417593978], [133.350311578413, 20.731531369112105], [133.3733579151792, 20.74623400684046], [133.38123719703148, 20.757226146029282], [133.39242180961992, 20.774784697450443], [133.38849840449777, 20.80333538806043], [133.38123719703148, 20.81159721334833], [133.36088139863944, 20.831886078670415], [133.350311578413, 20.83841768864706], [133.31938595979452, 20.854235752532173], [133.3054530422014, 20.860436769280394], [133.288460341176, 20.8686008006205], [133.25753472255752, 20.88174644065799], [133.23923667856815, 20.888987459890373], [133.22660910393904, 20.895330399396492], [133.19568348532056, 20.909515186278515], [133.1757312550251, 20.917538150500363], [133.16475786670205, 20.923745014405057], [133.13383224808356, 20.939181104001086], [133.11712190041484, 20.946088841110345], [133.10290662946508, 20.954999951203355], [133.07198101084657, 20.969851069258134], [133.0595096823218, 20.974639531720328], [133.0410553922281, 20.985693070567322], [133.0101297736096, 20.99805448130741], [132.99260053521382, 21.003190222330314], [132.9792041549911, 21.00971340576911], [132.9482785363726, 21.02028098957866], [132.91735291775413, 21.02626339719677], [132.88642729913562, 21.029076759749763], [132.85550168051714, 21.028680670845855], [132.82457606189865, 21.025022073225443], [132.79365044328017, 21.01813538805228], [132.76272482466166, 21.006937537342225], [132.75503795734505, 21.003190222330314], [132.7317992060432, 20.988465964475267], [132.7147997871515, 20.974639531720328], [132.7008735874247, 20.953803308267098], [132.69451305255816, 20.946088841110345], [132.67647713818744, 20.917538150500363], [132.66994796880618, 20.911483059884752], [132.6390223501877, 20.89617321092749], [132.6097425099228, 20.888987459890377], [132.60809673156922, 20.888710570614872], [132.57717111295074, 20.88537418423314], [132.54624549433223, 20.883599905332673], [132.51531987571374, 20.882985477069624], [132.48439425709526, 20.882600628923832], [132.45346863847675, 20.88047525513651], [132.42254301985827, 20.873387888453884], [132.39690354711573, 20.860436769280394], [132.39161740123978, 20.856119119371748], [132.3685168768444, 20.83188607867041], [132.36069178262127, 20.81775211015953], [132.34881759476716, 20.80333538806043], [132.3297661640028, 20.781575216313197], [132.30859704632974, 20.774784697450443], [132.2988405453843, 20.772378745390682], [132.2679149267658, 20.771028557652514], [132.23698930814732, 20.770711818338267], [132.20606368952883, 20.770685620166823], [132.17513807091035, 20.77152560562473], [132.14421245229184, 20.773472442562294], [132.12850424418718, 20.774784697450443], [132.11328683367336, 20.776411564085734], [132.08236121505487, 20.779706615718556], [132.05143559643636, 20.782130153116164], [132.02050997781788, 20.78273965465154], [131.9895843591994, 20.781006167790924], [131.9586587405809, 20.776902735707935], [131.9470062032942, 20.774784697450443], [131.9277331219624, 20.77138484263921], [131.89680750334392, 20.764347680305786], [131.8658818847254, 20.755134732239284], [131.84203485530153, 20.74623400684046], [131.83495626610693, 20.743514989957934], [131.80403064748845, 20.72819799775776], [131.78851139852466, 20.717683316230477], [131.77310502886996, 20.705873872702757], [131.75718357972255, 20.68913262562049], [131.74217941025145, 20.67030321673575], [131.73629108777536, 20.66058193501051], [131.72114775746576, 20.632031244400526], [131.71125379163297, 20.61103937107202], [131.7083683527257, 20.60348055379054], [131.6967026485708, 20.574929863180557], [131.68384935715318, 20.546379172570575], [131.6803281730145, 20.54030548468722], [131.66912479852135, 20.517828481960592], [131.6496997041003, 20.489277791350606], [131.64940255439598, 20.488976522158616], [131.62522980638994, 20.460727100740623], [131.6184769357775, 20.45460039200941], [131.59799172129584, 20.43217641013064], [131.587551317159, 20.420851119236744], [131.57340212112416, 20.403625719520655], [131.55662569854053, 20.38189374411784], [131.5506816963035, 20.375075028910672], [131.52570007992202, 20.353118793303878], [131.51265409240605, 20.34652433830069], [131.49477446130354, 20.34102962502835], [131.46384884268502, 20.33756343915504], [131.43292322406654, 20.335759213793523], [131.40199760544806, 20.333982878338233], [131.37107198682958, 20.333423044000185], [131.34014636821107, 20.3366828347928], [131.30922074959258, 20.34490192144052], [131.303907808586, 20.34652433830069], [131.27829513097407, 20.35891621414802], [131.2473695123556, 20.371884453094], [131.2393648424103, 20.375075028910672], [131.2164438937371, 20.38873507296082], [131.18551827511862, 20.403229129461973], [131.1837474900608, 20.403625719520655], [131.15459265650014, 20.411806887912608], [131.12366703788163, 20.40794815203353], [131.1153493433019, 20.403625719520655], [131.09274141926315, 20.394036416855126], [131.0678949090528, 20.375075028910672], [131.06181580064467, 20.371297514238535], [131.03425905827652, 20.34652433830069], [131.03089018202616, 20.34386744662587], [131.0067374434276, 20.317973647690707], [130.99996456340767, 20.310484385858793], [130.98471852548775, 20.28942295708072], [130.9690389447892, 20.26321255184465], [130.96776264860745, 20.260872266470738], [130.95416340480207, 20.232321575860755], [130.94442161978597, 20.20377088525077], [130.93811332617068, 20.17727702744147], [130.93756950963143, 20.175220194640787], [130.93186442811768, 20.146669504030804], [130.92758678750306, 20.118118813420818], [130.92372604848936, 20.089568122810835], [130.91941190202732, 20.061017432200853], [130.91433512400624, 20.032466741590866], [130.90891495458177, 20.003916050980884], [130.9071877075522, 19.99470853005369], [130.90299658314976, 19.9753653603709], [130.8973339822801, 19.94681466976092], [130.89237211112092, 19.918263979150936], [130.888078034699, 19.88971328854095], [130.88423786330287, 19.861162597930967], [130.88067430679448, 19.83261190732098], [130.87774591131026, 19.804061216711], [130.8763936314702, 19.775510526101016], [130.87740420940645, 19.746959835491033], [130.881022015108, 19.71840914488105], [130.88742682827893, 19.689858454271064], [130.89733985363733, 19.66130776366108], [130.9071877075522, 19.641275571781033], [130.9107033630352, 19.632757073051096], [130.92500176343646, 19.604206382441113], [130.93811332617068, 19.582817101414285], [130.94191941641088, 19.57565569183113], [130.95599834908123, 19.547105001221148], [130.9690389447892, 19.519036977692004], [130.9692204320186, 19.518554310611165], [130.97642781178695, 19.49000362000118], [130.9816290476032, 19.461452929391193], [130.98517279802928, 19.43290223878121], [130.98718336694122, 19.404351548171228], [130.9874087045702, 19.375800857561245], [130.98488258406587, 19.347250166951262], [130.98010134232905, 19.31869947634128], [130.9722932604321, 19.290148785731294], [130.9690389447892, 19.281608445759282], [130.95993116786002, 19.261598095121307], [130.94902569741015, 19.233047404511325], [130.94283351317708, 19.204496713901342], [130.9409232012858, 19.17594602329136], [130.94280362996102, 19.147395332681377], [130.94819876579575, 19.11884464207139], [130.9575647343568, 19.09029395146141], [130.9690389447892, 19.063444073199587], [130.96972979580644, 19.061743260851422], [130.9814214809544, 19.03319257024144], [130.99446763934827, 19.004641879631457], [130.99996456340767, 18.992914750622997], [131.00691286393072, 18.976091189021474], [131.01913723737977, 18.94754049841149], [131.03089018202616, 18.921658699160698], [131.03198184240506, 18.918989807801506], [131.04271735214348, 18.890439117191523], [131.05208287432453, 18.861888426581537], [131.05980500852053, 18.83333773597155], [131.06181580064467, 18.824180459951315], [131.06503810670372, 18.80478704536157], [131.06855563174005, 18.77623635475159], [131.07097892414433, 18.747685664141606], [131.07192377948996, 18.71913497353162], [131.07135307443536, 18.690584282921638], [131.06939324455743, 18.66203359231165], [131.06651153005893, 18.63348290170167], [131.06358994857533, 18.604932211091686], [131.06181580064467, 18.582478422599717], [131.06090603006064, 18.576381520481704], [131.05819276269003, 18.54783082987172], [131.0570026439982, 18.519280139261735], [131.05689500236184, 18.49072944865175], [131.0568069913124, 18.462178758041766], [131.05460139684962, 18.433628067431783], [131.04822772890773, 18.4050773768218], [131.03839156185015, 18.376526686211818], [131.03089018202616, 18.35771973692373], [131.02655676304192, 18.347975995601836], [131.0130780901172, 18.31942530499185], [131.00156421957553, 18.290874614381863], [130.99996456340767, 18.286926804182663], [130.9869342345682, 18.26232392377188], [130.97620457762034, 18.233773233161898], [130.9690389447892, 18.21040057364706], [130.96662138431032, 18.205222542551915], [130.94996703407193, 18.176671851941933], [130.93811332617068, 18.157234098843798], [130.93157831135645, 18.148121161331947], [130.9118963645398, 18.119570470721964], [130.9071877075522, 18.11171329324369], [130.89129335473677, 18.091019780111978], [130.87764697070915, 18.062469089501995], [130.87626208893371, 18.05919674593799], [130.8588083501399, 18.033918398892013], [130.84752703434995, 18.00536770828203], [130.8453364703152, 17.999283831713807], [130.8300573691266, 17.976817017672047], [130.81814447197476, 17.94826632706206], [130.81441085169672, 17.93748666200976], [130.80242030332607, 17.919715636452082], [130.78976839825737, 17.891164945842092], [130.78348523307824, 17.870878774169135], [130.77819013306214, 17.86261425523211], [130.76406374807127, 17.834063564622127], [130.75556139433334, 17.805512874012145], [130.75255961445976, 17.793096637223577], [130.74432864603472, 17.776962183402162], [130.73474980080596, 17.748411492792176], [130.72926563411943, 17.719860802182193], [130.72673118236875, 17.691310111572207], [130.72766801127318, 17.662759420962225], [130.73429319983023, 17.634208730352242], [130.75240587118878, 17.60565803974226], [130.75255961445976, 17.605473168218175], [130.78348523307824, 17.580111852168066], [130.79602112399493, 17.577107349132277], [130.81441085169672, 17.570947532664285]]]}, "properties": {"fillColor": "#0000FF", "fillOpacity": 0.7, "color": "#000000", "weight": 0.2, "stroke": false}}, {"type": "Feature", "geometry": {"type": "Polygon", "coordinates": [[[130.8017150416083, 17.60565803974226], [130.78348523307824, 17.61319500434479], [130.76280202972967, 17.634208730352242], [130.75255961445976, 17.655300704779386], [130.749548404179, 17.662759420962225], [130.74567191689633, 17.691310111572207], [130.74839009335545, 17.719860802182193], [130.75255961445976, 17.73493861675061], [130.75453888102592, 17.748411492792176], [130.76058827700106, 17.776962183402162], [130.7694803896532, 17.805512874012145], [130.78348523307824, 17.833974721333906], [130.78351035186296, 17.834063564622127], [130.79205045399274, 17.86261425523211], [130.80483896292657, 17.891164945842092], [130.81441085169672, 17.90689213695596], [130.81880887738944, 17.91971563645208], [130.83091109927807, 17.94826632706206], [130.8453364703152, 17.970988214396176], [130.84748392622865, 17.976817017672047], [130.85891830213677, 18.00536770828203], [130.87626208893371, 18.03193884470103], [130.87707503504592, 18.03391839889201], [130.8897137008411, 18.062469089501995], [130.9071877075522, 18.085948828310237], [130.91019006012905, 18.091019780111978], [130.9299411112113, 18.119570470721964], [130.93811332617068, 18.129766870561436], [130.95261036346943, 18.148121161331947], [130.9690389447892, 18.168572128130002], [130.97519291514215, 18.176671851941933], [130.98981170184402, 18.205222542551915], [130.99996456340767, 18.22554814384449], [131.00346462996222, 18.233773233161898], [131.01574631248917, 18.26232392377188], [131.03089018202616, 18.289152519057364], [131.0320563573134, 18.290874614381863], [131.04911809738007, 18.31942530499185], [131.06181580064467, 18.34087372596176], [131.0726410781607, 18.347975995601836], [131.09274141926315, 18.367445723190745], [131.12366703788163, 18.34893963468754], [131.12417863854486, 18.347975995601836], [131.14590674518735, 18.31942530499185], [131.15459265650014, 18.30709617566247], [131.16126178340232, 18.290874614381863], [131.16942810510096, 18.26232392377188], [131.17346362888938, 18.233773233161898], [131.17413778711858, 18.205222542551915], [131.17211213134487, 18.176671851941933], [131.1683413527671, 18.148121161331947], [131.16402041602532, 18.119570470721964], [131.15892010982628, 18.091019780111978], [131.15459265650014, 18.076254403802285], [131.15138660698668, 18.062469089501995], [131.1426298448743, 18.033918398892013], [131.1303654185889, 18.00536770828203], [131.12366703788163, 17.993738172439787], [131.11584174205223, 17.976817017672047], [131.09751687571418, 17.94826632706206], [131.09274141926315, 17.942045126236522], [131.0785543713175, 17.91971563645208], [131.06181580064467, 17.898876641301815], [131.0568056632756, 17.891164945842092], [131.03535850835624, 17.86261425523211], [131.03089018202616, 17.8571732888593], [131.01389409292258, 17.834063564622127], [130.99996456340767, 17.816037082476992], [130.99279856041292, 17.805512874012145], [130.9690389447892, 17.780378275919432], [130.96739310738377, 17.776962183402162], [130.95310026778634, 17.748411492792176], [130.93811332617068, 17.727571659952364], [130.9344217644327, 17.719860802182193], [130.9190052463747, 17.691310111572207], [130.90718770755217, 17.674363679397526], [130.90081511729613, 17.662759420962225], [130.88159237817422, 17.634208730352242], [130.87626208893371, 17.627566134089726], [130.84919233015975, 17.60565803974226], [130.8453364703152, 17.603090878216882], [130.81441085169672, 17.60043185398245], [130.8017150416083, 17.60565803974226]]]}, "properties": {"fillColor": "#0000FF", "fillOpacity": 0.7, "color": "#000000", "weight": 0.2, "stroke": false}}, {"type": "Feature", "geometry": {"type": "Polygon", "coordinates": [[[132.3253066801905, 17.976817017672047], [132.3092628505843, 18.00536770828203], [132.2989104448563, 18.033918398892013], [132.2988405453843, 18.034192812305957], [132.29244942805235, 18.062469089501995], [132.2885183698854, 18.091019780111978], [132.2856373346204, 18.119570470721964], [132.28152329539714, 18.148121161331947], [132.2728826885177, 18.176671851941933], [132.2679149267658, 18.18456362683202], [132.2564363814311, 18.205222542551915], [132.24088589789957, 18.233773233161898], [132.23698930814732, 18.238958796374366], [132.21542427457803, 18.26232392377188], [132.20606368952883, 18.269951843435507], [132.17513807091035, 18.263108497911666], [132.17433535374698, 18.26232392377188], [132.14421245229184, 18.239626901663314], [132.11328683367336, 18.234672774892296], [132.08236121505487, 18.236329132674175], [132.05143559643636, 18.243856119254133], [132.02268602888128, 18.26232392377188], [132.02050997781788, 18.26357452316684], [131.9895843591994, 18.2864852886754], [131.98443896546505, 18.290874614381863], [131.9586587405809, 18.313589931294587], [131.9522567300213, 18.31942530499185], [131.9277331219624, 18.344641523209223], [131.92447605405565, 18.347975995601836], [131.90015149839712, 18.376526686211818], [131.89680750334392, 18.380381196088415], [131.87539827626688, 18.4050773768218], [131.8658818847254, 18.416729050540752], [131.84976344432854, 18.433628067431783], [131.83495626610693, 18.452048928038472], [131.82382477983782, 18.462178758041766], [131.80403064748845, 18.485963978750654], [131.79906975448603, 18.49072944865175], [131.7760400805519, 18.519280139261735], [131.77310502886996, 18.52553545181664], [131.75789611884, 18.54783082987172], [131.74646318339276, 18.5763815204817], [131.74217941025145, 18.587811100213997], [131.72933852585012, 18.604932211091686], [131.71125379163297, 18.62621737532628], [131.70253355890506, 18.63348290170167], [131.6803281730145, 18.652718250866435], [131.66916433987333, 18.66203359231165], [131.64940255439598, 18.679118129458825], [131.63684854677032, 18.690584282921638], [131.6184769357775, 18.705535339967625], [131.60297986879465, 18.719134973531617], [131.587551317159, 18.731637383303436], [131.56926141780656, 18.747685664141606], [131.55662569854053, 18.76060448558392], [131.54157785570942, 18.77623635475159], [131.52570007992202, 18.802574267385733], [131.52411870572388, 18.80478704536157], [131.51095188515012, 18.833337735971554], [131.50468865749133, 18.861888426581537], [131.5006483929418, 18.890439117191523], [131.49477446130354, 18.91291820241478], [131.49225594462308, 18.918989807801506], [131.4693799944658, 18.94754049841149], [131.46384884268502, 18.952311219477526], [131.43292322406654, 18.972888827969083], [131.42640410008002, 18.976091189021474], [131.40199760544806, 18.987007923893753], [131.37107198682958, 18.998120643234348], [131.3438014956964, 19.004641879631457], [131.34014636821107, 19.005452915965613], [131.30922074959258, 19.01010737723947], [131.2782951309741, 19.014605244118307], [131.2473695123556, 19.01138955176862], [131.2222454328992, 19.004641879631457], [131.2164438937371, 19.002017292678847], [131.18551827511862, 18.977158599256878], [131.18413516663415, 18.976091189021474], [131.1687431183359, 18.94754049841149], [131.16144522721123, 18.918989807801506], [131.15968516763996, 18.890439117191523], [131.1634835336135, 18.861888426581537], [131.17361031343674, 18.833337735971554], [131.18551827511862, 18.814498452489616], [131.18792284278362, 18.80478704536157], [131.1988110627738, 18.77623635475159], [131.2131269571074, 18.747685664141606], [131.2164438937371, 18.73836229114137], [131.2211606226811, 18.71913497353162], [131.22552529829073, 18.690584282921638], [131.2298413530716, 18.66203359231165], [131.2331208384036, 18.63348290170167], [131.23426320724775, 18.604932211091686], [131.23210116834088, 18.576381520481704], [131.22568400093002, 18.54783082987172], [131.2164438937371, 18.52465343079117], [131.2142715607063, 18.519280139261735], [131.19954129867898, 18.49072944865175], [131.18551827511862, 18.469744489266127], [131.1759437598825, 18.462178758041766], [131.15459265650014, 18.44119809656415], [131.12366703788163, 18.434719283927087], [131.10181835176428, 18.462178758041766], [131.09274141926315, 18.481845912519425], [131.09033488290603, 18.49072944865175], [131.0845147981761, 18.519280139261735], [131.08232666798543, 18.54783082987172], [131.08322990127272, 18.576381520481704], [131.08698557344815, 18.604932211091686], [131.09274141926315, 18.63142049146362], [131.093142751486, 18.63348290170167], [131.0987470274905, 18.66203359231165], [131.10418721229703, 18.690584282921638], [131.11010677852659, 18.71913497353162], [131.1161430473508, 18.747685664141606], [131.11990505934665, 18.77623635475159], [131.1220832993638, 18.80478704536157], [131.12366703788163, 18.83002922058426], [131.12436107031306, 18.833337735971554], [131.12726122780194, 18.861888426581537], [131.12366703788163, 18.872489302639547], [131.12191108603662, 18.890439117191523], [131.112779785276, 18.918989807801506], [131.0931342188493, 18.94754049841149], [131.09274141926315, 18.947906519934904], [131.07653379501227, 18.976091189021474], [131.06181580064467, 18.997706685652446], [131.0581281121291, 19.004641879631457], [131.0423644438065, 19.03319257024144], [131.03089018202616, 19.056548024027816], [131.02832344205763, 19.061743260851422], [131.01504223875577, 19.09029395146141], [131.0033327910544, 19.11884464207139], [130.99996456340767, 19.12798477055075], [130.9924721550685, 19.147395332681377], [130.98768247068125, 19.17594602329136], [130.9907245866075, 19.204496713901342], [130.99996456340767, 19.23133341008828], [131.00045333465044, 19.233047404511325], [131.01154292650287, 19.261598095121307], [131.02286867776473, 19.290148785731294], [131.03089018202616, 19.317582550245138], [131.0311406966472, 19.31869947634128], [131.03436700506342, 19.347250166951262], [131.03637480566093, 19.375800857561245], [131.03670690511942, 19.404351548171228], [131.03601433350923, 19.43290223878121], [131.03375799212486, 19.461452929391193], [131.03089018202616, 19.477347509285593], [131.0283838866149, 19.49000362000118], [131.01864698223702, 19.518554310611165], [131.00549980155628, 19.547105001221148], [130.99996456340767, 19.55680665560176], [130.98866993606924, 19.57565569183113], [130.9717329355722, 19.604206382441117], [130.9690389447892, 19.609094513633295], [130.95463643600698, 19.632757073051096], [130.94194059999157, 19.661307763661082], [130.93811332617068, 19.674703117189495], [130.93286895193344, 19.689858454271064], [130.92873218570992, 19.71840914488105], [130.93011455072016, 19.746959835491033], [130.9363875464019, 19.775510526101016], [130.93811332617068, 19.781904499929], [130.94509781217582, 19.804061216711], [130.95180935619615, 19.83261190732098], [130.9543957016263, 19.861162597930967], [130.95524346258742, 19.88971328854095], [130.95705390528835, 19.918263979150936], [130.96096601288562, 19.94681466976092], [130.96700210214595, 19.9753653603709], [130.9690389447892, 19.983571450602398], [130.97361318088366, 20.003916050980884], [130.97943724141652, 20.032466741590866], [130.98351610112397, 20.061017432200853], [130.9864596512375, 20.089568122810835], [130.98971906326386, 20.118118813420818], [130.9945377542215, 20.146669504030804], [130.99996456340767, 20.16727441622777], [131.00203440879886, 20.175220194640787], [131.01364944289338, 20.20377088525077], [131.03089018202616, 20.230923083728936], [131.03203518671117, 20.232321575860755], [131.06181580064467, 20.260274944177187], [131.06287889111, 20.26087226647074], [131.09274141926315, 20.27694097029891], [131.12366703788163, 20.284765689497608], [131.15459265650014, 20.28756084604042], [131.18551827511862, 20.287559835834543], [131.2164438937371, 20.2862084809702], [131.2473695123556, 20.28440713096873], [131.2782951309741, 20.282314179562285], [131.30922074959258, 20.279654924227188], [131.34014636821104, 20.27674007100693], [131.37107198682958, 20.274060968477748], [131.40199760544806, 20.270572921657287], [131.43292322406654, 20.26340980548896], [131.43927243724036, 20.260872266470738], [131.46384884268502, 20.24861227245068], [131.48280383603873, 20.232321575860755], [131.49477446130354, 20.219990650306976], [131.50502547149583, 20.20377088525077], [131.52570007992202, 20.181508935084544], [131.53037892996872, 20.175220194640787], [131.55662569854053, 20.152754432956907], [131.57123335013273, 20.146669504030804], [131.587551317159, 20.14322189159278], [131.6184769357775, 20.141221943862007], [131.64940255439598, 20.14432749534261], [131.656389154593, 20.146669504030804], [131.6803281730145, 20.168645414205002], [131.6854581811603, 20.175220194640787], [131.6975892852652, 20.20377088525077], [131.6908021278365, 20.232321575860755], [131.6803281730145, 20.236317589777247], [131.65242185923236, 20.260872266470738], [131.6803281730145, 20.286515059246142], [131.68488552386953, 20.28942295708072], [131.70006326184645, 20.317973647690707], [131.71125379163297, 20.327991278128515], [131.73309431548998, 20.34652433830069], [131.74217941025145, 20.352259985820243], [131.77310502886996, 20.367784983840473], [131.79172832544458, 20.375075028910672], [131.80403064748845, 20.38011768028493], [131.83495626610693, 20.39198687459668], [131.85733867161792, 20.403625719520655], [131.8658818847254, 20.409402137151712], [131.8907332995347, 20.432176410130644], [131.89680750334392, 20.43838656180472], [131.9153832996085, 20.460727100740623], [131.9277331219624, 20.474341670484243], [131.93953740644827, 20.489277791350606], [131.9586587405809, 20.510556052477355], [131.96442857784453, 20.517828481960592], [131.9895843591994, 20.54470507039517], [131.99111375182545, 20.546379172570575], [132.02050997781788, 20.571851731535535], [132.02450561141538, 20.574929863180557], [132.05143559643636, 20.5919411782031], [132.07408407914355, 20.60348055379054], [132.08236121505487, 20.607317207968986], [132.11328683367336, 20.6191663130556], [132.14421245229184, 20.628187542861497], [132.16112945187538, 20.632031244400526], [132.17513807091035, 20.635062503550962], [132.20606368952883, 20.640552437108507], [132.23698930814732, 20.646023500933694], [132.2679149267658, 20.65289559293413], [132.29453545403626, 20.66058193501051], [132.2988405453843, 20.661796938566813], [132.3297661640028, 20.67393545019169], [132.36069178262127, 20.685493087469357], [132.37223021954526, 20.68913262562049], [132.39161740123978, 20.697908640873237], [132.42254301985827, 20.707298419975114], [132.45346863847675, 20.709748220822043], [132.48439425709526, 20.699323421207232], [132.49456080935704, 20.68913262562049], [132.51531987571374, 20.677212958183436], [132.53415549186, 20.660581935010512], [132.54624549433225, 20.654172770828517], [132.57717111295074, 20.634879649415648], [132.5813076769442, 20.632031244400526], [132.60809673156922, 20.61936295132165], [132.63809810228145, 20.60348055379054], [132.6390223501877, 20.602996520884094], [132.66994796880618, 20.587638526775656], [132.69408564117458, 20.574929863180557], [132.7008735874247, 20.569863593914388], [132.73179920604318, 20.547878300826355], [132.73388333204701, 20.546379172570575], [132.74926528241136, 20.517828481960592], [132.73179920604318, 20.492321729503185], [132.72867267620686, 20.489277791350606], [132.7008735874247, 20.47825558511758], [132.66994796880618, 20.47002035758151], [132.6390223501877, 20.464061945240385], [132.61902811760186, 20.460727100740623], [132.60809673156922, 20.4584302964424], [132.57717111295074, 20.45052624790211], [132.54624549433223, 20.439972512966524], [132.5277999600318, 20.43217641013064], [132.51531987571374, 20.424236384605933], [132.4843942570953, 20.404545520743717], [132.48275049142723, 20.403625719520655], [132.45346863847675, 20.390812646775693], [132.42254301985827, 20.381099765033767], [132.39769185088304, 20.375075028910672], [132.39161740123978, 20.373836446950207], [132.36069178262127, 20.368106653022494], [132.3297661640028, 20.362322273240675], [132.2988405453843, 20.35591828910289], [132.2679149267658, 20.348705283812365], [132.2587732295978, 20.34652433830069], [132.23698930814732, 20.339296116764405], [132.20606368952883, 20.32775773646882], [132.18029924679556, 20.317973647690707], [132.17513807091035, 20.315262889542286], [132.14421245229184, 20.30322977611906], [132.11328683367338, 20.296391348606875], [132.08236121505487, 20.294422391079042], [132.05143559643636, 20.293800102238173], [132.02050997781788, 20.29054472666795], [132.01610240361637, 20.28942295708072], [131.9895843591994, 20.28211222090247], [131.9586587405809, 20.26570108369622], [131.95264447904245, 20.260872266470738], [131.9277331219624, 20.2401051642492], [131.92068328221734, 20.232321575860755], [131.8984467631966, 20.20377088525077], [131.89680750334392, 20.2012113088364], [131.8812143805522, 20.175220194640787], [131.8691030759694, 20.146669504030804], [131.8658818847254, 20.140105089235448], [131.85298294923888, 20.118118813420814], [131.84512961710854, 20.089568122810835], [131.84306588508025, 20.061017432200853], [131.84128432279658, 20.032466741590866], [131.83934804649007, 20.003916050980884], [131.83550425653397, 19.9753653603709], [131.83495626610693, 19.973407741168025], [131.8288899538938, 19.94681466976092], [131.8143634287355, 19.918263979150936], [131.80403064748845, 19.907133988759455], [131.79190189912728, 19.88971328854095], [131.77310502886996, 19.86932993665868], [131.76190194225802, 19.861162597930967], [131.74217941025145, 19.846853776895834], [131.7281541168765, 19.83261190732098], [131.7120622846089, 19.804061216711], [131.71125379163297, 19.799567438218585], [131.70900199926552, 19.775510526101016], [131.71125379163297, 19.759634002043022], [131.71363783663298, 19.746959835491033], [131.7223076520251, 19.71840914488105], [131.72849095092667, 19.68985845427106], [131.7315073325275, 19.661307763661082], [131.73081138092567, 19.632757073051096], [131.72725085585094, 19.604206382441113], [131.72075985459261, 19.57565569183113], [131.71125379163297, 19.553247201330514], [131.70813387135007, 19.547105001221148], [131.70051263342884, 19.518554310611165], [131.69643531466085, 19.490003620001183], [131.6922331276007, 19.461452929391193], [131.6938128001039, 19.43290223878121], [131.69905823851832, 19.404351548171228], [131.70798131235435, 19.375800857561245], [131.71125379163297, 19.37117635681291], [131.74217941025142, 19.362046223718274], [131.77310502886996, 19.37529925505868], [131.77388146813618, 19.375800857561245], [131.80403064748845, 19.395733263467868], [131.81628824747935, 19.404351548171228], [131.83495626610693, 19.417143814734036], [131.85698186866668, 19.43290223878121], [131.8658818847254, 19.43908522361567], [131.89561430624224, 19.461452929391193], [131.89680750334392, 19.46237884528628], [131.9277331219624, 19.489455426298388], [131.92830139301003, 19.49000362000118], [131.9586587405809, 19.51461823569187], [131.96549197938955, 19.518554310611165], [131.9895843591994, 19.53402675789964], [132.02050997781788, 19.546982328153614], [132.02088886381313, 19.547105001221148], [132.05143559643636, 19.561694758625148], [132.08236121505487, 19.574395428442653], [132.08532592254576, 19.57565569183113], [132.11328683367336, 19.600444386893034], [132.11631635356704, 19.604206382441113], [132.12071219424124, 19.632757073051096], [132.12166650290365, 19.661307763661082], [132.12763607726995, 19.689858454271064], [132.14421245229184, 19.7148474652922], [132.14796046580912, 19.71840914488105], [132.17513807091035, 19.73670968951366], [132.20606368952883, 19.746326374966916], [132.21362520713086, 19.746959835491033], [132.23698930814732, 19.749172417608662], [132.2679149267658, 19.74701947760033], [132.2682576462524, 19.746959835491033], [132.2988405453843, 19.7410181732448], [132.3297661640028, 19.730760522944017], [132.35937258841403, 19.71840914488105], [132.36069178262127, 19.717886115437416], [132.39161740123978, 19.70806013307258], [132.42254301985827, 19.700201193953692], [132.45346863847675, 19.693049290714296], [132.46671053011377, 19.689858454271064], [132.48439425709526, 19.686711707186213], [132.51531987571374, 19.682369209458756], [132.54624549433223, 19.679318732089335], [132.57717111295074, 19.676238854790583], [132.60809673156922, 19.672681315019894], [132.6390223501877, 19.672228732587783], [132.66994796880618, 19.673755275747716], [132.7008735874247, 19.67372735611456], [132.73179920604318, 19.66651375806061], [132.73740121769208, 19.661307763661082], [132.75848634834642, 19.632757073051096], [132.76272482466166, 19.618279461816346], [132.76483518324227, 19.604206382441113], [132.76369644235385, 19.57565569183113], [132.76272482466166, 19.57311364607505], [132.7531265038127, 19.547105001221148], [132.73480774604724, 19.518554310611165], [132.73179920604318, 19.515262882048837], [132.70939261715196, 19.49000362000118], [132.7008735874247, 19.481562999229375], [132.6815156320318, 19.461452929391193], [132.66994796880618, 19.450089965469875], [132.65334946348554, 19.43290223878121], [132.6390223501877, 19.418668425312006], [132.6257646336467, 19.404351548171228], [132.60809673156922, 19.386668452051204], [132.59853288985647, 19.375800857561245], [132.57717111295074, 19.354436560740275], [132.57101167333056, 19.347250166951262], [132.54624549433223, 19.323104065231618], [132.54231311716117, 19.31869947634128], [132.51531987571374, 19.293341557806947], [132.5122066821351, 19.290148785731297], [132.48439425709526, 19.265339648182355], [132.48023812588522, 19.261598095121307], [132.45346863847675, 19.239290929759452], [132.44569953277022, 19.233047404511325], [132.42254301985827, 19.214529398454637], [132.4090312781571, 19.204496713901342], [132.39161740123978, 19.19099766888114], [132.36934040749577, 19.17594602329136], [132.36069178262127, 19.16935751489735], [132.3297661640028, 19.147798494994483], [132.3291963642732, 19.147395332681377], [132.2988405453843, 19.123680671006632], [132.2925269189843, 19.11884464207139], [132.2679149267658, 19.098406715395523], [132.2586775627699, 19.090293951461405], [132.23698930814732, 19.070406060577593], [132.22875441307326, 19.061743260851422], [132.20606368952883, 19.038756111401145], [132.20155496042642, 19.03319257024144], [132.17596030738338, 19.004641879631457], [132.17513807091035, 19.003726564688833], [132.15614248587295, 18.976091189021474], [132.14421245229184, 18.95536222792194], [132.1415925784122, 18.947540498411488], [132.14421245229184, 18.928169037595644], [132.14661455260466, 18.918989807801506], [132.16754581803593, 18.890439117191523], [132.17513807091035, 18.875889024672627], [132.1862305941578, 18.861888426581537], [132.19982528054433, 18.833337735971554], [132.20606368952883, 18.817744248018478], [132.2163689378559, 18.80478704536157], [132.23528179702782, 18.77623635475159], [132.23698930814732, 18.773663306221536], [132.2679149267658, 18.755187096756966], [132.28316402068742, 18.77623635475159], [132.29355870460464, 18.80478704536157], [132.2988405453843, 18.82773514863091], [132.29972710764002, 18.833337735971554], [132.30690253002393, 18.861888426581537], [132.3208252080604, 18.890439117191523], [132.3297661640028, 18.901515964850784], [132.34728648677955, 18.918989807801506], [132.36069178262127, 18.929419906072585], [132.39161740123978, 18.94609569914202], [132.3952830871261, 18.94754049841149], [132.42254301985827, 18.96115089175577], [132.4512135897497, 18.976091189021474], [132.45346863847675, 18.97772547765453], [132.48439425709526, 19.00170209714101], [132.4881478670515, 19.004641879631457], [132.51531987571374, 19.023871830114608], [132.53310272646303, 19.03319257024144], [132.54624549433223, 19.039179654964077], [132.57717111295074, 19.04646253568272], [132.60809673156922, 19.04806704046795], [132.6390223501877, 19.045895732679107], [132.66994796880618, 19.040847422343035], [132.69929777614874, 19.03319257024144], [132.7008735874247, 19.032795800564056], [132.73179920604318, 19.023087745244954], [132.76272482466166, 19.012002661821548], [132.7845155185312, 19.004641879631457], [132.79365044328017, 19.00159922065098], [132.82457606189865, 18.994491471128622], [132.85550168051714, 18.989571246803216], [132.88642729913562, 18.985194353791844], [132.91735291775413, 18.978097724472804], [132.9221660071125, 18.976091189021474], [132.9482785363726, 18.962038490444392], [132.96496561456698, 18.94754049841149], [132.9792041549911, 18.92198231944148], [132.9806694407359, 18.918989807801506], [132.98037361016705, 18.890439117191523], [132.9792041549911, 18.888221413724235], [132.96617504744313, 18.861888426581537], [132.9482785363726, 18.842289923406508], [132.9420595315869, 18.833337735971554], [132.9195745113306, 18.80478704536157], [132.91735291775413, 18.80179900161243], [132.90613084922305, 18.77623635475159], [132.8943067819414, 18.747685664141606], [132.88642729913562, 18.736982081115613], [132.8758882424574, 18.71913497353162], [132.85550168051714, 18.693267386221365], [132.85339866243066, 18.690584282921638], [132.83422094861493, 18.66203359231165], [132.82457606189865, 18.648737665324504], [132.81204393026502, 18.63348290170167], [132.79365044328017, 18.61495652742705], [132.77857761441066, 18.604932211091686], [132.76272482466166, 18.593795173171383], [132.73179920604318, 18.579757934480583], [132.72285397563434, 18.576381520481704], [132.7008735874247, 18.560379774281568], [132.6886413810434, 18.54783082987172], [132.69927685669904, 18.519280139261735], [132.7008735874247, 18.51810103510107], [132.72560307724814, 18.49072944865175], [132.73179920604318, 18.483562090934534], [132.74857645260258, 18.462178758041766], [132.76272482466166, 18.435715315940815], [132.7641638106916, 18.433628067431783], [132.78048662142731, 18.4050773768218], [132.79127891957742, 18.376526686211818], [132.79365044328017, 18.368548610904618], [132.80326819913944, 18.347975995601836], [132.81155702065067, 18.31942530499185], [132.81548560670365, 18.290874614381863], [132.81592768463378, 18.26232392377188], [132.81381085937144, 18.233773233161898], [132.81102781969724, 18.205222542551915], [132.8106685326631, 18.176671851941933], [132.8134985993642, 18.148121161331947], [132.81233472820864, 18.119570470721964], [132.8034609522693, 18.091019780111978], [132.79365044328017, 18.076914465580728], [132.78562171658865, 18.062469089501995], [132.76272482466166, 18.036165893340847], [132.76086502266946, 18.033918398892013], [132.73179920604318, 18.00777338321935], [132.72851740239904, 18.00536770828203], [132.70087358742467, 17.98627788654314], [132.67899796795004, 17.976817017672047], [132.66994796880618, 17.97216040976664], [132.6390223501877, 17.964391484038792], [132.60809673156922, 17.963762590537993], [132.57717111295074, 17.967865732541078], [132.54624549433223, 17.971902508025934], [132.51531987571374, 17.97448811740588], [132.49671673708812, 17.976817017672047], [132.48439425709526, 17.977911030344934], [132.47932838729048, 17.976817017672047], [132.45346863847675, 17.968500838691458], [132.42254301985827, 17.965348017792792], [132.39161740123978, 17.96846272815243], [132.3606917826213, 17.957586441698126], [132.3297661640028, 17.97054593341316], [132.3253066801905, 17.976817017672047]]]}, "properties": {"fillColor": "#0000FF", "fillOpacity": 0.7, "color": "#000000", "weight": 0.2, "stroke": false}}, {"type": "Feature", "geometry": {"type": "Polygon", "coordinates": [[[132.60757588425133, 19.775510526101016], [132.57717111295074, 19.791158070259943], [132.5554449249171, 19.804061216711], [132.54624549433223, 19.80793793819234], [132.51531987571374, 19.823531349703686], [132.50275981868748, 19.83261190732098], [132.48439425709526, 19.8483991091531], [132.47472444746523, 19.861162597930967], [132.46913310388166, 19.88971328854095], [132.48382904816856, 19.918263979150936], [132.48439425709526, 19.918760125549873], [132.51531987571374, 19.937630282703406], [132.54624549433223, 19.944787370355026], [132.57717111295074, 19.943951231668194], [132.60809673156922, 19.938139012130613], [132.6390223501877, 19.929108281733093], [132.6691530761324, 19.91826397915094], [132.66994796880618, 19.917902137137467], [132.7008735874247, 19.905505241866074], [132.73179920604318, 19.894416218929333], [132.74675807772581, 19.88971328854095], [132.76272482466166, 19.882876762111813], [132.79365044328017, 19.87198671665995], [132.82457606189865, 19.86143695898666], [132.82534268086874, 19.861162597930967], [132.85550168051714, 19.843111573666594], [132.86733296745157, 19.83261190732098], [132.8706487598664, 19.804061216711], [132.85550168051714, 19.784395818164427], [132.84407126458208, 19.775510526101016], [132.82457606189865, 19.764919864959257], [132.79365044328017, 19.754252544866922], [132.76272482466166, 19.749665798042006], [132.73179920604318, 19.751036554249627], [132.7008735874247, 19.75566408188021], [132.66994796880618, 19.760202396019046], [132.6390223501877, 19.762419867670033], [132.60809673156922, 19.775048077529046], [132.60757588425133, 19.775510526101016]]]}, "properties": {"fillColor": "#0000FF", "fillOpacity": 0.7, "color": "#000000", "weight": 0.2, "stroke": false}}, {"type": "Feature", "geometry": {"type": "Polygon", "coordinates": [[[132.64883569194367, 20.74623400684046], [132.6390223501877, 20.749632661595793], [132.60809673156922, 20.760226298749057], [132.57717111295074, 20.769034814514598], [132.55342202109267, 20.774784697450443], [132.554638645394, 20.80333538806043], [132.57717111295074, 20.808534250879184], [132.60809673156922, 20.81668730093459], [132.6390223501877, 20.82513378118219], [132.66713300649172, 20.83188607867041], [132.66994796880618, 20.832312024401585], [132.7008735874247, 20.83661426337778], [132.73179920604318, 20.841089573425133], [132.76272482466166, 20.84971042036814], [132.77418821598604, 20.860436769280394], [132.77063909099658, 20.88898745989038], [132.7641482882435, 20.917538150500366], [132.76521688466167, 20.946088841110345], [132.78564712833418, 20.974639531720328], [132.79365044328017, 20.979455649941595], [132.82457606189865, 20.994631036544828], [132.85331972323377, 21.003190222330314], [132.85550168051714, 21.00377992927162], [132.88642729913562, 21.007309276178457], [132.91735291775413, 21.00376934682122], [132.91937891734793, 21.003190222330314], [132.9482785363726, 20.997849313820023], [132.9792041549911, 20.98907760062681], [133.0101297736096, 20.975270448247134], [133.01133453581846, 20.974639531720328], [133.0410553922281, 20.963580949376418], [133.07198101084657, 20.947489868630765], [133.07439150977106, 20.946088841110345], [133.10290662946508, 20.933836938912016], [133.13243313616246, 20.917538150500363], [133.13383224808356, 20.916864774662365], [133.16475786670205, 20.90284183971464], [133.1905436608498, 20.888987459890377], [133.19568348532056, 20.88632170017111], [133.22660910393904, 20.871673519582963], [133.24839276735378, 20.860436769280394], [133.25753472255752, 20.855313251609232], [133.288460341176, 20.839298080294526], [133.3020072203798, 20.83188607867041], [133.31938595979452, 20.81763457155232], [133.33577352355388, 20.80333538806043], [133.33954330169922, 20.774784697450443], [133.31938595979452, 20.756732351383487], [133.2970821622556, 20.74623400684046], [133.288460341176, 20.743715320047173], [133.25753472255752, 20.739909900622145], [133.22660910393904, 20.740444147023865], [133.19568348532056, 20.744284733237286], [133.18600657251812, 20.74623400684046], [133.16475786670205, 20.749324043221105], [133.13383224808356, 20.754658399309], [133.10290662946508, 20.761019409790954], [133.07198101084657, 20.768445461714307], [133.04657532922909, 20.774784697450443], [133.0410553922281, 20.77581272245769], [133.0101297736096, 20.780773882102082], [132.9792041549911, 20.785768394080108], [132.9482785363726, 20.79054827083491], [132.91735291775413, 20.794393069961806], [132.88642729913562, 20.794360770500283], [132.85585012309193, 20.774784697450443], [132.85550168051714, 20.774535744322005], [132.82457606189865, 20.749222804700914], [132.81992271798737, 20.74623400684046], [132.79365044328017, 20.738255532682132], [132.76272482466166, 20.73355129051825], [132.73179920604318, 20.73356497062334], [132.7008735874247, 20.736981555589047], [132.66994796880618, 20.742218233149984], [132.64883569194367, 20.74623400684046]]]}, "properties": {"fillColor": "#0000FF", "fillOpacity": 0.7, "color": "#000000", "weight": 0.2, "stroke": false}}, {"type": "Feature", "geometry": {"type": "Polygon", "coordinates": [[[133.93789833216434, 17.746215601140964], [133.96882395078282, 17.720913690062147], [133.98796578938598, 17.748411492792176], [133.99452173497377, 17.776962183402162], [133.99642162118596, 17.805512874012145], [133.99626143569867, 17.834063564622127], [133.99491192053685, 17.86261425523211], [133.99270838880128, 17.891164945842092], [133.98971864601828, 17.91971563645208], [133.9856963179592, 17.94826632706206], [133.9802016810715, 17.976817017672047], [133.9727159304605, 18.00536770828203], [133.9688239507828, 18.017727496679925], [133.96661455427432, 18.033918398892013], [133.96281257163804, 18.062469089501995], [133.95867701428205, 18.091019780111978], [133.9537472777302, 18.119570470721964], [133.94691011937877, 18.148121161331947], [133.93789833216434, 18.174205878149266], [133.93763401246784, 18.176671851941933], [133.93493016280442, 18.205222542551915], [133.93099187812336, 18.233773233161898], [133.9113547910096, 18.26232392377188], [133.90697271354583, 18.26662125776961], [133.8834536664311, 18.290874614381863], [133.87604709492734, 18.297908399919507], [133.85667019006203, 18.31942530499185], [133.84512147630886, 18.33296651807889], [133.8358820797972, 18.347975995601836], [133.81419585769038, 18.374650297379073], [133.81290995073476, 18.376526686211818], [133.7944582728539, 18.4050773768218], [133.78327023907187, 18.417592653365062], [133.77171852978026, 18.433628067431783], [133.75234462045339, 18.454762230502737], [133.74503333352965, 18.462178758041766], [133.7214190018349, 18.484895699079026], [133.71245221167547, 18.49072944865175], [133.6904933832164, 18.507833197365997], [133.66188595083156, 18.519280139261735], [133.6595677645979, 18.520630389639578], [133.62864214597943, 18.53198778427179], [133.59771652736094, 18.537240150566763], [133.56679090874243, 18.532373797233454], [133.5461469407428, 18.519280139261735], [133.53586529012395, 18.503662247294095], [133.52888354914862, 18.49072944865175], [133.53352606809855, 18.462178758041766], [133.53586529012395, 18.458098219599634], [133.54566791324652, 18.433628067431783], [133.56053834699938, 18.4050773768218], [133.56679090874243, 18.3945709628505], [133.5741323620016, 18.376526686211818], [133.5860264107768, 18.347975995601836], [133.59771652736094, 18.32290743484933], [133.5988115117905, 18.31942530499185], [133.60723004824075, 18.290874614381863], [133.61999563615092, 18.26232392377188], [133.62864214597943, 18.249742351169292], [133.63615542904017, 18.233773233161898], [133.65906038422943, 18.205222542551915], [133.6595677645979, 18.20471986727896], [133.6800305698292, 18.176671851941933], [133.6904933832164, 18.16597923678975], [133.70263844866787, 18.148121161331947], [133.7214190018349, 18.12721511129503], [133.72573740344592, 18.119570470721964], [133.7444708504703, 18.091019780111978], [133.75234462045339, 18.081225671600173], [133.7602283935076, 18.062469089501995], [133.77637295604444, 18.033918398892013], [133.78327023907187, 18.023938385068504], [133.78995907472904, 18.00536770828203], [133.8021649734887, 17.976817017672047], [133.81419585769038, 17.957048757887296], [133.81799493033645, 17.94826632706206], [133.82942008397077, 17.91971563645208], [133.84512147630886, 17.8921287747225], [133.8456335259123, 17.891164945842092], [133.8593454549086, 17.86261425523211], [133.87604709492734, 17.835593557209876], [133.8770601928949, 17.834063564622127], [133.8938168487574, 17.805512874012145], [133.90697271354583, 17.78553473153185], [133.9151559442105, 17.776962183402162], [133.9365436724071, 17.748411492792176], [133.93789833216434, 17.746215601140964]]]}, "properties": {"fillColor": "#0000FF", "fillOpacity": 0.7, "color": "#000000", "weight": 0.2, "stroke": false}}, {"type": "Feature", "geometry": {"type": "Polygon", "coordinates": [[[133.91139869328003, 17.834063564622127], [133.90697271354583, 17.836326081747664], [133.88806652849024, 17.86261425523211], [133.87604709492734, 17.878055296666105], [133.86781308788562, 17.891164945842092], [133.85116275480792, 17.91971563645208], [133.84512147630886, 17.929664373614024], [133.83459366369664, 17.94826632706206], [133.82030533708118, 17.976817017672047], [133.81419585769038, 17.98851469835883], [133.80422866906673, 18.00536770828203], [133.7905574709623, 18.033918398892013], [133.78327023907187, 18.050668013025877], [133.77531727814238, 18.062469089501995], [133.75945336177546, 18.091019780111978], [133.75234462045339, 18.10626443417366], [133.74201391615077, 18.119570470721964], [133.72447472983868, 18.148121161331947], [133.7214190018349, 18.15389564153685], [133.7028371082715, 18.176671851941933], [133.6904933832164, 18.197926298851918], [133.68432224989158, 18.205222542551915], [133.66603732601362, 18.233773233161898], [133.6595677645979, 18.248854685181378], [133.65114779281473, 18.26232392377188], [133.63798388092025, 18.290874614381863], [133.62864214597943, 18.319288266086915], [133.6285762369787, 18.31942530499185], [133.61547441412893, 18.347975995601836], [133.60544025546932, 18.376526686211818], [133.59771652736094, 18.40280290663803], [133.5967194289058, 18.4050773768218], [133.58931453727683, 18.433628067431783], [133.58919107330541, 18.462178758041766], [133.59771652736094, 18.487920505808287], [133.5988131930178, 18.490729448651745], [133.62864214597943, 18.503657661042684], [133.6595677645979, 18.49725215611355], [133.6726934656338, 18.49072944865175], [133.6904933832164, 18.483897587795415], [133.72075165307558, 18.462178758041766], [133.7214190018349, 18.4617547009183], [133.7500934666201, 18.433628067431783], [133.75234462045339, 18.43139877781931], [133.77510292198812, 18.4050773768218], [133.78327023907187, 18.394569031815465], [133.79831777408435, 18.376526686211818], [133.81419585769038, 18.353357468071206], [133.81857099778614, 18.347975995601836], [133.84041750280437, 18.31942530499185], [133.84512147630886, 18.313536603048558], [133.86771451970137, 18.290874614381863], [133.87604709492734, 18.282625608064897], [133.89708352549798, 18.26232392377188], [133.90697271354583, 18.24618301285091], [133.91647523608015, 18.233773233161898], [133.92523567414432, 18.205222542551915], [133.92984643062837, 18.176671851941933], [133.93330552922922, 18.148121161331947], [133.93635359057208, 18.119570470721964], [133.93789833216434, 18.104603460208082], [133.9412467917238, 18.091019780111978], [133.94703041698193, 18.062469089501995], [133.95202079365635, 18.033918398892013], [133.95651339844653, 18.00536770828203], [133.96050774773832, 17.976817017672047], [133.96396301506982, 17.94826632706206], [133.96668206140444, 17.91971563645208], [133.96816222416209, 17.891164945842092], [133.96704335059405, 17.86261425523211], [133.958492921757, 17.834063564622127], [133.93789833216434, 17.814289656013024], [133.91139869328003, 17.834063564622127]]]}, "properties": {"fillColor": "#0000FF", "fillOpacity": 0.7, "color": "#000000", "weight": 0.2, "stroke": false}}, {"type": "Feature", "geometry": {"type": "Polygon", "coordinates": [[[120.88728727516106, 18.022193786580637], [120.91821289377955, 18.02098438833012], [120.94256751717668, 18.033918398892013], [120.94913851239805, 18.039282540140825], [120.96519143799979, 18.062469089501995], [120.96784984981156, 18.091019780111978], [120.95408006530323, 18.119570470721968], [120.94913851239804, 18.125365395834528], [120.91821289377955, 18.141214972468006], [120.88728727516107, 18.136151944628864], [120.86749690390883, 18.119570470721964], [120.85636165654257, 18.098441829851875], [120.85282807101731, 18.091019780111978], [120.85172954040729, 18.062469089501995], [120.85636165654259, 18.053118818235777], [120.86866616325106, 18.033918398892013], [120.88728727516106, 18.022193786580637]]]}, "properties": {"fillColor": "#0000FF", "fillOpacity": 0.7, "color": "#000000", "weight": 0.2, "stroke": false}}, {"type": "Feature", "geometry": {"type": "Polygon", "coordinates": [[[120.87773774858222, 18.062469089501995], [120.8782183978918, 18.091019780111978], [120.88728727516107, 18.10302685101684], [120.91821289377955, 18.111733974893255], [120.94030932169954, 18.091019780111978], [120.93552472605711, 18.062469089501995], [120.91821289377955, 18.047537017691692], [120.88728727516107, 18.051271302255547], [120.87773774858222, 18.062469089501995]]]}, "properties": {"fillColor": "#0000FF", "fillOpacity": 0.7, "color": "#000000", "weight": 0.2, "stroke": false}}, {"type": "Feature", "geometry": {"type": "Polygon", "coordinates": [[[132.39161740123978, 18.24499731349367], [132.39734172479442, 18.26232392377188], [132.40603449887914, 18.290874614381863], [132.41021891842541, 18.31942530499185], [132.4158627336936, 18.347975995601836], [132.41648360085415, 18.376526686211818], [132.39985761622475, 18.4050773768218], [132.39161740123978, 18.410379072225812], [132.36507781172304, 18.433628067431783], [132.36069178262127, 18.43487018916096], [132.359216862935, 18.433628067431783], [132.35157342987387, 18.4050773768218], [132.35286573825346, 18.376526686211818], [132.3555780276663, 18.347975995601836], [132.358871389077, 18.319425304991853], [132.36069178262127, 18.298834611235115], [132.36459261141576, 18.290874614381863], [132.3772592747994, 18.26232392377188], [132.39161740123978, 18.24499731349367]]]}, "properties": {"fillColor": "#0000FF", "fillOpacity": 0.7, "color": "#000000", "weight": 0.2, "stroke": false}}, {"type": "Feature", "geometry": {"type": "Polygon", "coordinates": [[[132.38807341202013, 18.290874614381863], [132.38028791921244, 18.31942530499185], [132.36069178262127, 18.347137112401928], [132.36060500273445, 18.347975995601836], [132.35995036907627, 18.376526686211818], [132.36069178262127, 18.38508205072447], [132.3689504309179, 18.376526686211818], [132.39161740123978, 18.360555619937895], [132.39609057395091, 18.347975995601836], [132.3962296306779, 18.31942530499185], [132.3935080371687, 18.290874614381863], [132.39161740123978, 18.283953065293424], [132.38807341202013, 18.290874614381863]]]}, "properties": {"fillColor": "#0000FF", "fillOpacity": 0.7, "color": "#000000", "weight": 0.2, "stroke": false}}, {"type": "Feature", "geometry": {"type": "Polygon", "coordinates": [[[132.51531987571374, 18.40282775155943], [132.54624549433223, 18.3914406101917], [132.55378356885495, 18.4050773768218], [132.55698276238425, 18.433628067431783], [132.54624549433223, 18.44335348099681], [132.51833345950587, 18.433628067431783], [132.51531987571374, 18.423733808192896], [132.51034797713743, 18.4050773768218], [132.51531987571374, 18.40282775155943]]]}, "properties": {"fillColor": "#0000FF", "fillOpacity": 0.7, "color": "#000000", "weight": 0.2, "stroke": false}}, {"type": "Feature", "geometry": {"type": "Polygon", "coordinates": [[[129.08257620906124, 20.647558603875332], [129.11350182767973, 20.637419252121415], [129.1444274462982, 20.641821674717228], [129.1753530649167, 20.658595677186995], [129.17792489629088, 20.660581935010512], [129.20627868353517, 20.68235649735747], [129.21343377457472, 20.68913262562049], [129.23720430215369, 20.7151133240535], [129.23953917028064, 20.717683316230477], [129.26237142986105, 20.74623400684046], [129.26812992077217, 20.75563069212786], [129.28191047050117, 20.774784697450443], [129.29627628240854, 20.80333538806043], [129.29905553939065, 20.811158194971156], [129.30884217358897, 20.83188607867041], [129.3156794083016, 20.860436769280394], [129.3174456487747, 20.888987459890377], [129.3153862905998, 20.917538150500363], [129.31031833305246, 20.946088841110345], [129.30423425029377, 20.974639531720328], [129.30248694454588, 21.003190222330314], [129.3131273104345, 21.031740912940293], [129.32998115800916, 21.05106425509178], [129.33675245840806, 21.06029160355028], [129.36090677662764, 21.08849454962807], [129.36117711544904, 21.088842294160262], [129.38178329107475, 21.117392984770248], [129.39183239524613, 21.133563603018363], [129.39920089587238, 21.14594367538023], [129.4101773274853, 21.174494365990213], [129.41308161126764, 21.2030450566002], [129.40290948533487, 21.231595747210186], [129.39183239524613, 21.24376717483385], [129.36090677662764, 21.255800192770455], [129.32998115800916, 21.246130549504805], [129.31412575610636, 21.231595747210182], [129.29905553939065, 21.215632471359626], [129.29092031190152, 21.2030450566002], [129.27677104365029, 21.174494365990213], [129.26812992077217, 21.151622074718304], [129.26618084578607, 21.14594367538023], [129.26024367971462, 21.117392984770248], [129.2567448342497, 21.088842294160262], [129.2524908247111, 21.06029160355028], [129.2430596068871, 21.031740912940297], [129.23720430215369, 21.024333141393527], [129.22380809872917, 21.003190222330314], [129.20627868353517, 20.989987654390816], [129.18427697768186, 20.974639531720328], [129.1753530649167, 20.970567163260313], [129.1444274462982, 20.956259622957035], [129.1282083989223, 20.946088841110345], [129.11350182767973, 20.93689160702267], [129.09350901139413, 20.917538150500363], [129.0825762090612, 20.899007405866413], [129.07656029414417, 20.888987459890377], [129.06648190005745, 20.860436769280394], [129.06108927265507, 20.83188607867041], [129.0562040434796, 20.80333538806043], [129.05236983714093, 20.774784697450443], [129.05165059044273, 20.764970007879192], [129.04813540056344, 20.746234006840464], [129.04959095115774, 20.71768331623048], [129.05165059044273, 20.708857935402765], [129.0549324631837, 20.68913262562049], [129.06929701483426, 20.66058193501051], [129.08257620906124, 20.647558603875332]]]}, "properties": {"fillColor": "#0000FF", "fillOpacity": 0.7, "color": "#000000", "weight": 0.2, "stroke": false}}, {"type": "Feature", "geometry": {"type": "Polygon", "coordinates": [[[129.08808297640917, 20.68913262562049], [129.08257620906122, 20.697787688297055], [129.07489889064286, 20.717683316230477], [129.06958685626302, 20.74623400684046], [129.0686578694638, 20.774784697450443], [129.0758862985341, 20.80333538806043], [129.0825762090612, 20.82206197604523], [129.08477610603808, 20.83188607867041], [129.09152487626886, 20.860436769280394], [129.1047931221217, 20.888987459890377], [129.11350182767973, 20.900251570802094], [129.13221526712073, 20.917538150500363], [129.1444274462982, 20.92640994135932], [129.1753530649167, 20.941292677801393], [129.18954778774645, 20.946088841110345], [129.20627868353517, 20.954008200584962], [129.23720430215369, 20.96098156431864], [129.25795058178542, 20.946088841110345], [129.26812992077217, 20.93466095116097], [129.2769553501957, 20.917538150500363], [129.28478012253223, 20.888987459890377], [129.28553260201124, 20.860436769280394], [129.27953437631368, 20.83188607867041], [129.26812992077217, 20.807891573652103], [129.26632160660662, 20.80333538806043], [129.2508765584623, 20.774784697450443], [129.23720430215369, 20.75617706453702], [129.2301559273119, 20.74623400684046], [129.20627868353517, 20.719089244032205], [129.20485930871354, 20.717683316230477], [129.1753530649167, 20.691551162417547], [129.1709713253332, 20.68913262562049], [129.1444274462982, 20.67378917237197], [129.11350182767973, 20.670663352589987], [129.08808297640917, 20.68913262562049]]]}, "properties": {"fillColor": "#0000FF", "fillOpacity": 0.7, "color": "#000000", "weight": 0.2, "stroke": false}}, {"type": "Feature", "geometry": {"type": "Polygon", "coordinates": [[[133.59771652736094, 21.14430580880786], [133.62864214597943, 21.13468685644755], [133.6595677645979, 21.128166119122646], [133.6904933832164, 21.124318551105983], [133.7214190018349, 21.123938563798102], [133.75234462045339, 21.13061045310991], [133.77443475286114, 21.14594367538023], [133.78238291481912, 21.174494365990213], [133.77318797137815, 21.2030450566002], [133.75234462045339, 21.22593129589165], [133.7476795972001, 21.231595747210182], [133.7214190018349, 21.252706650661043], [133.710351236714, 21.260146437820165], [133.6904933832164, 21.273443487175935], [133.6595677645979, 21.2873892012703], [133.6563813398607, 21.28869712843015], [133.62864214597943, 21.303804888976856], [133.59771652736094, 21.314812386922814], [133.5905864013721, 21.317247819040134], [133.56679090874243, 21.329549319698593], [133.53586529012395, 21.341735630225898], [133.5245969568366, 21.345798509650116], [133.50493967150547, 21.356975727769672], [133.47401405288696, 21.370428553876337], [133.4636462543746, 21.3743492002601], [133.44308843426847, 21.38677257329302], [133.41216281565, 21.39938124403241], [133.40162787747218, 21.402899890870085], [133.38123719703148, 21.414567422218553], [133.350311578413, 21.42583720353452], [133.32515221726328, 21.431450581480068], [133.31938595979452, 21.433934860132972], [133.288460341176, 21.43974379909865], [133.25753472255752, 21.437063709449298], [133.24035017646335, 21.431450581480068], [133.22660910393904, 21.426821224625943], [133.19568348532056, 21.410001345295782], [133.18551686319057, 21.40289989087009], [133.16652305441525, 21.3743492002601], [133.16712153376406, 21.345798509650116], [133.17635925641693, 21.317247819040134], [133.18970468792205, 21.28869712843015], [133.19568348532056, 21.277182236160186], [133.2040439184762, 21.260146437820165], [133.22660910393904, 21.233183789978202], [133.22824565437026, 21.231595747210182], [133.25753472255752, 21.209392935651735], [133.27277949383875, 21.2030450566002], [133.288460341176, 21.19674438259358], [133.3193859597945, 21.188864664958963], [133.350311578413, 21.185198110811438], [133.38123719703148, 21.183308215874785], [133.41216281565, 21.181243549347222], [133.44308843426847, 21.178294593526317], [133.47401405288696, 21.174741148142328], [133.47559030795605, 21.174494365990213], [133.50493967150547, 21.165708022951357], [133.53586529012395, 21.157435943054566], [133.56679090874243, 21.150705282957134], [133.59311529069646, 21.14594367538023], [133.59771652736094, 21.14430580880786]]]}, "properties": {"fillColor": "#0000FF", "fillOpacity": 0.7, "color": "#000000", "weight": 0.2, "stroke": false}}, {"type": "Feature", "geometry": {"type": "Polygon", "coordinates": [[[133.55357194931943, 21.174494365990213], [133.53586529012395, 21.177968262292026], [133.50493967150547, 21.184365028531843], [133.47401405288696, 21.19186857796168], [133.44308843426847, 21.200864830779622], [133.4348227627138, 21.2030450566002], [133.41216281565, 21.20661591289443], [133.38123719703148, 21.211883389134726], [133.350311578413, 21.218883716529945], [133.31938595979452, 21.230053893720328], [133.31612591044063, 21.231595747210182], [133.288460341176, 21.243736595510896], [133.26677438769988, 21.260146437820165], [133.25753472255752, 21.269709006235914], [133.24123228659326, 21.28869712843015], [133.22660910393904, 21.31499956075843], [133.2252173543494, 21.317247819040134], [133.2125010386801, 21.345798509650116], [133.2160025315315, 21.3743492002601], [133.22660910393904, 21.385355011853754], [133.2470274166559, 21.402899890870085], [133.25753472255752, 21.408339178906022], [133.288460341176, 21.41699440339184], [133.31938595979452, 21.41599305730469], [133.350311578413, 21.40753499811877], [133.36013556640805, 21.402899890870085], [133.38123719703148, 21.39677491648526], [133.41216281565, 21.38444664894904], [133.4302743188625, 21.3743492002601], [133.44308843426847, 21.36947919169968], [133.47401405288696, 21.355525509706254], [133.49082491779333, 21.345798509650116], [133.50493967150547, 21.33993316264238], [133.53586529012395, 21.326054860393114], [133.55234598856404, 21.317247819040134], [133.56679090874243, 21.311490619790757], [133.59771652736094, 21.29880429551922], [133.61749074379966, 21.28869712843015], [133.62864214597943, 21.283983480769148], [133.6595677645979, 21.269707395691427], [133.67541257521344, 21.26014643782017], [133.6904933832164, 21.250621882761084], [133.7157167966178, 21.23159574721018], [133.7214190018349, 21.22473043233583], [133.7406069597021, 21.2030450566002], [133.7466020698598, 21.174494365990213], [133.72141900183487, 21.151152342531912], [133.6904933832164, 21.14728830698186], [133.6595677645979, 21.149877973292373], [133.62864214597943, 21.154503265503802], [133.59771652736094, 21.161094811478243], [133.56679090874243, 21.170039075084723], [133.55357194931943, 21.174494365990213]]]}, "properties": {"fillColor": "#0000FF", "fillOpacity": 0.7, "color": "#000000", "weight": 0.2, "stroke": false}}, {"type": "Feature", "geometry": {"type": "Polygon", "coordinates": [[[133.62864214597943, 21.513698282545157], [133.6595677645979, 21.513376778497143], [133.6904933832164, 21.51702144966177], [133.69082924646864, 21.51710265331002], [133.7214190018349, 21.527498486341006], [133.75234462045339, 21.542942580886134], [133.75656029799921, 21.54565334392], [133.77839479951808, 21.574204034529984], [133.77190957971166, 21.60275472513997], [133.75234462045339, 21.62017039163061], [133.73706720154465, 21.631305415749953], [133.7214190018349, 21.640485843778723], [133.6904933832164, 21.65796211218721], [133.6874509989489, 21.659856106359936], [133.6595677645979, 21.676737603761378], [133.64271941836142, 21.68840679696992], [133.62864214597943, 21.69926888305484], [133.60740243089703, 21.716957487579904], [133.59771652736094, 21.72678255025417], [133.57917828316926, 21.745508178189887], [133.56679090874243, 21.761610205139274], [133.55754589890503, 21.774058868799873], [133.5391945119477, 21.802609559409856], [133.53586529012392, 21.80651118843182], [133.51751177181512, 21.83116025001984], [133.50493967150547, 21.842347928482972], [133.48627586563242, 21.85971094062982], [133.47401405288696, 21.868168089136553], [133.4433196601525, 21.888261631239807], [133.44308843426847, 21.888390683053426], [133.41216281565, 21.903987710188403], [133.38383262065258, 21.91681232184979], [133.3812371970315, 21.91787499455127], [133.35031157841303, 21.92802793933143], [133.31938595979452, 21.935890407589483], [133.288460341176, 21.94170110221797], [133.2579798724314, 21.945363012459772], [133.25753472255752, 21.945411378835768], [133.22660910393904, 21.946623243161063], [133.19568348532056, 21.94572978375195], [133.19229090760356, 21.945363012459772], [133.16475786670205, 21.94133472902508], [133.13383224808356, 21.93207546845852], [133.10461264776296, 21.91681232184979], [133.10290662946508, 21.915332729825938], [133.07957252774912, 21.888261631239807], [133.07198101084657, 21.870768235370665], [133.06782684319708, 21.85971094062982], [133.0645949680674, 21.83116025001984], [133.06975246825272, 21.802609559409856], [133.07198101084657, 21.79848910474629], [133.08548430590696, 21.774058868799873], [133.10290662946508, 21.752971512738338], [133.10827981665489, 21.745508178189887], [133.13290718109928, 21.716957487579904], [133.13383224808356, 21.716070574513587], [133.15572551837857, 21.68840679696992], [133.16475786670205, 21.679566095063606], [133.18192667567766, 21.659856106359936], [133.19568348532056, 21.648804350915242], [133.22171610535793, 21.63130541574995], [133.22660910393904, 21.62852669569512], [133.25753472255752, 21.61382532066463], [133.2882820285317, 21.60275472513997], [133.288460341176, 21.60267887758738], [133.31938595979452, 21.59089519691584], [133.350311578413, 21.582070395891865], [133.38123719703148, 21.574460604043328], [133.38223458491223, 21.574204034529984], [133.41216281565, 21.56488726222865], [133.44308843426847, 21.55608945792779], [133.47401405288696, 21.54778744175356], [133.4820507684541, 21.54565334392], [133.50493967150547, 21.538299101862744], [133.53586529012395, 21.530075104757817], [133.56679090874243, 21.52323640174816], [133.59771652736094, 21.517495062084844], [133.60118669093245, 21.51710265331002], [133.62864214597943, 21.513698282545157]]]}, "properties": {"fillColor": "#0000FF", "fillOpacity": 0.7, "color": "#000000", "weight": 0.2, "stroke": false}}, {"type": "Feature", "geometry": {"type": "Polygon", "coordinates": [[[133.42333523870008, 21.602754725139974], [133.41216281565, 21.60606199413392], [133.38123719703148, 21.614413023525593], [133.350311578413, 21.62203263701772], [133.31938595979452, 21.630545635034657], [133.31724233464053, 21.631305415749953], [133.288460341176, 21.642927343364732], [133.25753472255752, 21.65839513644287], [133.255194337241, 21.65985610635994], [133.2306371817939, 21.68840679696992], [133.22812090944367, 21.716957487579904], [133.2532746982611, 21.745508178189887], [133.25753472255752, 21.74810877331094], [133.288460341176, 21.759816967569172], [133.31938595979452, 21.765858481003683], [133.350311578413, 21.768325823499563], [133.38123719703145, 21.765959229422492], [133.41216281565, 21.755099164387598], [133.42645729854107, 21.745508178189887], [133.44308843426847, 21.735757573294755], [133.4682876698552, 21.716957487579904], [133.47401405288696, 21.71307749360973], [133.50493967150547, 21.690509014295404], [133.5075984460663, 21.68840679696992], [133.53586529012395, 21.665881890633088], [133.5430171263152, 21.659856106359932], [133.56679090874243, 21.63520845529786], [133.5706883673709, 21.631305415749953], [133.58492478013972, 21.60275472513997], [133.56679090874243, 21.584664132632547], [133.53586529012395, 21.580533747376975], [133.50493967150547, 21.58449399212355], [133.47401405288696, 21.590660915282335], [133.44308843426847, 21.597729008709553], [133.42333523870008, 21.602754725139974]]]}, "properties": {"fillColor": "#0000FF", "fillOpacity": 0.7, "color": "#000000", "weight": 0.2, "stroke": false}}, {"type": "Feature", "geometry": {"type": "Polygon", "coordinates": [[[120.85636165654259, 23.16079917891419], [120.88728727516107, 23.171783128942284], [120.8885941979667, 23.17304270868907], [120.91821289377955, 23.197711420903257], [120.92178243495921, 23.20159339929905], [120.94725244071348, 23.23014408990904], [120.94913851239805, 23.232571675836304], [120.9683232321945, 23.258694780519022], [120.97622039227325, 23.287245471129005], [120.97792285076775, 23.315796161738987], [120.97461016729694, 23.344346852348977], [120.96246021818457, 23.372897542958956], [120.94913851239804, 23.389713017858618], [120.93714222872575, 23.40144823356894], [120.9438216586222, 23.429998924178925], [120.94913851239804, 23.444461485229887], [120.95618933976205, 23.45854961478891], [120.95531584051366, 23.48710030539889], [120.94913851239806, 23.505325340518006], [120.94744612330676, 23.515650996008873], [120.94580103966108, 23.54420168661886], [120.93866320872456, 23.57275237722884], [120.91821289377955, 23.59397839077161], [120.90711105367221, 23.601303067838824], [120.88728727516109, 23.614544792317176], [120.85677201332484, 23.62985375844881], [120.85636165654257, 23.630144711701202], [120.82543603792408, 23.658344592120223], [120.82529845881592, 23.658404449058793], [120.7945104193056, 23.671862151700246], [120.7635848006871, 23.669716446344403], [120.73809928873969, 23.658404449058793], [120.74543684490678, 23.62985375844881], [120.74698857919546, 23.601303067838824], [120.75328198246297, 23.57275237722884], [120.7635848006871, 23.554497290529447], [120.76609256904293, 23.54420168661886], [120.77388922326358, 23.515650996008873], [120.78012053049659, 23.48710030539889], [120.79099405073714, 23.458549614788907], [120.7945104193056, 23.448006772228112], [120.79734747189865, 23.429998924178925], [120.80409049594067, 23.40144823356894], [120.80786510730671, 23.372897542958956], [120.79983231598153, 23.344346852348973], [120.79522411081193, 23.315796161738987], [120.79692331487, 23.287245471129005], [120.8055874471703, 23.258694780519022], [120.81657421173993, 23.23014408990904], [120.82543603792408, 23.201808161512538], [120.82551630138407, 23.201593399299053], [120.83991951943672, 23.17304270868907], [120.85636165654259, 23.16079917891419]]]}, "properties": {"fillColor": "#0000FF", "fillOpacity": 0.7, "color": "#000000", "weight": 0.2, "stroke": false}}, {"type": "Feature", "geometry": {"type": "Polygon", "coordinates": [[[120.84331856837767, 23.23014408990904], [120.82758814066837, 23.25869478051902], [120.82543603792408, 23.26254065521575], [120.81270814294544, 23.287245471129005], [120.81013913257169, 23.315796161738987], [120.81922667650257, 23.344346852348973], [120.82543603792408, 23.35586872976955], [120.83926571692362, 23.372897542958956], [120.8353647761087, 23.40144823356894], [120.82543603792408, 23.411826867802205], [120.81541104877982, 23.429998924178925], [120.81066147716766, 23.458549614788907], [120.80327696075489, 23.48710030539889], [120.7945104193056, 23.51550101797413], [120.79446284155757, 23.515650996008873], [120.78412453686934, 23.54420168661886], [120.78152038239307, 23.57275237722884], [120.78622964438296, 23.601303067838828], [120.79425921638689, 23.62985375844881], [120.7945104193056, 23.630137625034155], [120.82543603792408, 23.62989805684365], [120.82548448860112, 23.62985375844881], [120.85636165654259, 23.604938234443896], [120.86317367960085, 23.601303067838824], [120.88728727516109, 23.590863489991648], [120.91232912724702, 23.572752377228845], [120.91821289377955, 23.566322788258596], [120.92975026862581, 23.54420168661886], [120.92967484965729, 23.515650996008873], [120.93148899984021, 23.48710030539889], [120.93572962604065, 23.458549614788907], [120.9212996085162, 23.429998924178925], [120.91821289377955, 23.424250045525074], [120.902868378502, 23.401448233568935], [120.91821289377955, 23.386340526076967], [120.93220284503764, 23.372897542958956], [120.94913851239804, 23.35559512420298], [120.95616126663009, 23.344346852348973], [120.9634548580731, 23.315796161738987], [120.96039713692245, 23.287245471129005], [120.94913851239805, 23.26448260310536], [120.9462368958649, 23.258694780519026], [120.92247365053422, 23.23014408990904], [120.91821289377955, 23.225633117965344], [120.88728727516107, 23.205636875168647], [120.85636165654257, 23.21055990649932], [120.84331856837767, 23.23014408990904]]]}, "properties": {"fillColor": "#0000FF", "fillOpacity": 0.7, "color": "#000000", "weight": 0.2, "stroke": false}}, {"type": "Feature", "geometry": {"type": "Polygon", "coordinates": [[[115.72270896587304, 23.63899362016165], [115.75363458449154, 23.63161727280605], [115.78456020311002, 23.63198397865309], [115.81548582172852, 23.638261771923485], [115.84595545058662, 23.658404449058793], [115.84641144034701, 23.65874920912067], [115.87169868809148, 23.686955139668775], [115.8773370589655, 23.714825757606956], [115.87760380682904, 23.71550583027876], [115.8773370589655, 23.718234280535672], [115.87639202904792, 23.744056520888744], [115.86799818077522, 23.77260721149873], [115.84641144034701, 23.795588424066306], [115.8309015351671, 23.80115790210871], [115.81548582172852, 23.80773204348715], [115.78456020311002, 23.809090122922104], [115.75620351971298, 23.80115790210871], [115.75363458449154, 23.80080321486873], [115.72270896587304, 23.78942231651821], [115.70246527111468, 23.772607211498727], [115.69178334725456, 23.755074723716753], [115.68398423860995, 23.744056520888744], [115.67715799935696, 23.71550583027876], [115.68240863495862, 23.686955139668775], [115.69178334725456, 23.671685286663738], [115.698948446515, 23.658404449058793], [115.72270896587304, 23.63899362016165]]]}, "properties": {"fillColor": "#0000FF", "fillOpacity": 0.7, "color": "#000000", "weight": 0.2, "stroke": false}}, {"type": "Feature", "geometry": {"type": "Polygon", "coordinates": [[[115.7260511667606, 23.658404449058793], [115.72270896587305, 23.660601872450304], [115.70188998984982, 23.686955139668775], [115.6968434794459, 23.71550583027876], [115.70256030500695, 23.744056520888744], [115.72270896587303, 23.768196073733126], [115.72795194497108, 23.772607211498727], [115.75363458449154, 23.788335305908905], [115.78456020311002, 23.7941350666541], [115.81548582172852, 23.791955136221], [115.84621220449111, 23.772607211498727], [115.84641144034701, 23.772382543463326], [115.86340808852746, 23.744056520888744], [115.86531225289954, 23.715505830278765], [115.8538090644907, 23.686955139668775], [115.84641144034701, 23.678703673359493], [115.81956309145585, 23.658404449058793], [115.81548582172852, 23.65570907235782], [115.78456020311002, 23.644606906271274], [115.75363458449154, 23.645113952802653], [115.7260511667606, 23.658404449058793]]]}, "properties": {"fillColor": "#0000FF", "fillOpacity": 0.7, "color": "#000000", "weight": 0.2, "stroke": false}}, {"type": "Feature", "geometry": {"type": "Polygon", "coordinates": [[[120.94913851239805, 23.653995422353212], [120.98006413101655, 23.647121172370685], [121.01098974963502, 23.658198108989026], [121.01127998266954, 23.658404449058793], [121.03111765391697, 23.686955139668775], [121.01997142459422, 23.71550583027876], [121.01098974963502, 23.71960391857515], [120.98006413101653, 23.73863572125625], [120.94913851239805, 23.74257967045532], [120.92099500004946, 23.71550583027876], [120.92158178301561, 23.686955139668775], [120.94353857248517, 23.658404449058793], [120.94913851239805, 23.653995422353212]]]}, "properties": {"fillColor": "#0000FF", "fillOpacity": 0.7, "color": "#000000", "weight": 0.2, "stroke": false}}, {"type": "Feature", "geometry": {"type": "Polygon", "coordinates": [[[121.07284098687201, 23.855080898728293], [121.1037666054905, 23.842899636546875], [121.13469222410899, 23.84098412114765], [121.16561784272747, 23.846961511412154], [121.18957676814314, 23.858259283328678], [121.19654346134598, 23.860569457022354], [121.22670254839734, 23.88680997393866], [121.22746907996446, 23.888489400800992], [121.24224002617325, 23.915360664548647], [121.24612293485418, 23.94391135515863], [121.24301913733231, 23.972462045768612], [121.22749094634787, 24.001012736378595], [121.22746907996448, 24.001039955204305], [121.19654346134598, 24.028852440118346], [121.19414539116661, 24.02956342698858], [121.1656178427275, 24.041472929547346], [121.13469222410899, 24.043347442868466], [121.1037666054905, 24.038953808466427], [121.08053536489375, 24.02956342698858], [121.07284098687201, 24.02762545683833], [121.04191536825353, 24.011277417074105], [121.03007880495443, 24.001012736378595], [121.01098974963504, 23.97720213215918], [121.00715912642467, 23.97246204576861], [121.00449149404267, 23.94391135515863], [121.01098974963503, 23.935442831182865], [121.01906791153976, 23.915360664548647], [121.03777129822613, 23.88680997393866], [121.04191536825353, 23.881491993091277], [121.06787178080823, 23.858259283328678], [121.07284098687201, 23.855080898728293]]]}, "properties": {"fillColor": "#0000FF", "fillOpacity": 0.7, "color": "#000000", "weight": 0.2, "stroke": false}}, {"type": "Feature", "geometry": {"type": "Polygon", "coordinates": [[[121.12347023856799, 23.858259283328678], [121.1037666054905, 23.8599342421074], [121.07284098687202, 23.874150054400673], [121.05896204823136, 23.88680997393866], [121.04191536825353, 23.913101067620367], [121.04030596089015, 23.915360664548647], [121.02282830740694, 23.943911355158633], [121.0281456108224, 23.972462045768612], [121.04191536825353, 23.987034926142478], [121.05837059114624, 24.001012736378595], [121.07284098687202, 24.01110143834921], [121.1037666054905, 24.02254657602142], [121.13469222410899, 24.026234090964884], [121.16561784272749, 24.02449286846112], [121.19654346134598, 24.01192902774159], [121.20867402907865, 24.001012736378595], [121.2246313285502, 23.972462045768612], [121.22746907996446, 23.94788287899045], [121.2282882182963, 23.94391135515863], [121.22746907996446, 23.940134568646247], [121.22462194193696, 23.915360664548647], [121.20914957314855, 23.88680997393866], [121.19654346134598, 23.87584177422356], [121.16561784272747, 23.862498523143007], [121.13999205535922, 23.858259283328678], [121.13469222410899, 23.85669984366464], [121.12347023856799, 23.858259283328678]]]}, "properties": {"fillColor": "#0000FF", "fillOpacity": 0.7, "color": "#000000", "weight": 0.2, "stroke": false}}, {"type": "Feature", "geometry": {"type": "Polygon", "coordinates": [[[116.52677504995381, 23.959654861569724], [116.55770066857231, 23.946344496037902], [116.58862628719079, 23.944267388815096], [116.61955190580929, 23.94929842039242], [116.64912162500507, 23.972462045768612], [116.65047752442777, 23.97489080838452], [116.6648564734259, 24.0010127363786], [116.66751056341658, 24.02956342698858], [116.66071040694202, 24.058114117598564], [116.65047752442777, 24.07249464397942], [116.63642146351927, 24.086664808208546], [116.61955190580929, 24.097971721317737], [116.58862628719079, 24.10353898597151], [116.55770066857232, 24.098894982093732], [116.53543617609338, 24.086664808208546], [116.52677504995381, 24.08163523759664], [116.50489294706446, 24.058114117598564], [116.49824977571373, 24.02956342698858], [116.50051696421768, 24.0010127363786], [116.51371601728599, 23.972462045768612], [116.52677504995381, 23.959654861569724]]]}, "properties": {"fillColor": "#0000FF", "fillOpacity": 0.7, "color": "#000000", "weight": 0.2, "stroke": false}}, {"type": "Feature", "geometry": {"type": "Polygon", "coordinates": [[[116.54213750344717, 23.972462045768612], [116.52677504995381, 23.988719376764063], [116.51875451846982, 24.0010127363786], [116.51500592886138, 24.02956342698858], [116.5267750499538, 24.054912268926287], [116.52846990528178, 24.05811411759856], [116.55770066857231, 24.079642669755067], [116.58862628719079, 24.084481137495793], [116.61955190580929, 24.07682675490468], [116.63908473818569, 24.058114117598564], [116.64755234206613, 24.029563426988584], [116.64453486213574, 24.001012736378595], [116.62359734793678, 23.972462045768612], [116.61955190580929, 23.96929302325264], [116.58862628719079, 23.958503193762386], [116.5577006685723, 23.96277903966289], [116.54213750344717, 23.972462045768612]]]}, "properties": {"fillColor": "#0000FF", "fillOpacity": 0.7, "color": "#000000", "weight": 0.2, "stroke": false}}, {"type": "Feature", "geometry": {"type": "Polygon", "coordinates": [[[121.25839469858296, 24.19911301100377], [121.28932031720144, 24.198419441225152], [121.29352298341519, 24.200867570648484], [121.31498339101816, 24.229418261258466], [121.31200391436532, 24.25796895186845], [121.2902065029535, 24.28651964247843], [121.28932031720144, 24.287225683657976], [121.25839469858298, 24.297203641736807], [121.22746907996446, 24.29377722409398], [121.19654346134598, 24.314152269141125], [121.19652551602111, 24.315070333088418], [121.18416352180742, 24.3436210236984], [121.16561784272747, 24.36072851120189], [121.13469222410899, 24.36932942257849], [121.1037666054905, 24.366977732916336], [121.07284098687202, 24.353536251034143], [121.06199417289807, 24.3436210236984], [121.04495688887812, 24.315070333088418], [121.04911191117937, 24.28651964247843], [121.07284098687201, 24.26027130811357], [121.07688546868367, 24.25796895186845], [121.1037666054905, 24.245649559934115], [121.13469222410899, 24.240884941381132], [121.15972521623202, 24.25796895186845], [121.16561784272749, 24.263693264081578], [121.196543461346, 24.28467061892126], [121.20703320722447, 24.25796895186845], [121.22060518171308, 24.229418261258466], [121.22746907996446, 24.22130854341262], [121.25541325699491, 24.200867570648484], [121.25839469858296, 24.19911301100377]]]}, "properties": {"fillColor": "#0000FF", "fillOpacity": 0.7, "color": "#000000", "weight": 0.2, "stroke": false}}, {"type": "Feature", "geometry": {"type": "Polygon", "coordinates": [[[121.08038247422087, 24.28651964247843], [121.07349533669131, 24.315070333088418], [121.1037666054905, 24.336557614635424], [121.13469222410899, 24.340007579890674], [121.16004038725569, 24.31507033308842], [121.15007467439023, 24.28651964247843], [121.13469222410899, 24.27171425225734], [121.1037666054905, 24.270132526871578], [121.08038247422087, 24.28651964247843]]]}, "properties": {"fillColor": "#0000FF", "fillOpacity": 0.7, "color": "#000000", "weight": 0.2, "stroke": false}}, {"type": "Feature", "geometry": {"type": "Polygon", "coordinates": [[[116.6195519058093, 24.456503267950723], [116.65047752442777, 24.435902430658118], [116.68140314304627, 24.432350014991172], [116.71232876166476, 24.433847011894347], [116.74325438028325, 24.437297307942224], [116.77417999890174, 24.44240503218594], [116.80510561752023, 24.450510909985972], [116.82154688089206, 24.457823786138334], [116.83603123613872, 24.462355311301852], [116.86695685475722, 24.4792029369012], [116.87879140630183, 24.486374476748317], [116.89788247337572, 24.49212641905728], [116.92880809199421, 24.508468523596907], [116.93771568808052, 24.514925167358303], [116.95973371061268, 24.536715154154166], [116.96577788059018, 24.543475857968282], [116.97876054417543, 24.57202654857827], [116.98174233518041, 24.600577239188254], [116.97779761596499, 24.629127929798237], [116.96380275970849, 24.65767862040822], [116.95973371061268, 24.66234817852946], [116.9288080919942, 24.685371794047473], [116.92528804612986, 24.686229311018206], [116.89788247337572, 24.695227386079367], [116.8669568547572, 24.694886450347322], [116.84005385789342, 24.68622931101821], [116.83603123613872, 24.6854418839992], [116.80510561752023, 24.672925992312898], [116.78565666596225, 24.65767862040822], [116.77417999890174, 24.651335947734967], [116.74858643975189, 24.629127929798237], [116.74325438028325, 24.624383924631193], [116.71232876166476, 24.604539238036708], [116.7060587120562, 24.600577239188254], [116.68140314304628, 24.583741288355746], [116.6673844267628, 24.572026548578265], [116.65047752442779, 24.551160966240715], [116.64296745520541, 24.543475857968286], [116.62431687420205, 24.514925167358303], [116.61955190580929, 24.497371935135945], [116.61475045694053, 24.486374476748313], [116.61850543029067, 24.457823786138338], [116.6195519058093, 24.456503267950723]]]}, "properties": {"fillColor": "#0000FF", "fillOpacity": 0.7, "color": "#000000", "weight": 0.2, "stroke": false}}, {"type": "Feature", "geometry": {"type": "Polygon", "coordinates": [[[116.66212140591608, 24.486374476748317], [116.6607453918302, 24.5149251673583], [116.67486068302868, 24.543475857968282], [116.68140314304628, 24.550774541197374], [116.69823597411593, 24.57202654857827], [116.71232876166476, 24.58310916219108], [116.73677155737191, 24.600577239188254], [116.74325438028325, 24.605072144910018], [116.7702920564814, 24.629127929798237], [116.77417999890174, 24.63250157136573], [116.80510561752023, 24.65253294946422], [116.81885196597638, 24.65767862040822], [116.83603123613872, 24.667372972024303], [116.8669568547572, 24.675756108645437], [116.89788247337572, 24.675347206679447], [116.9288080919942, 24.663246017969747], [116.93557727520006, 24.65767862040822], [116.95471009918926, 24.629127929798237], [116.95973371061268, 24.601044521657315], [116.95984739933871, 24.600577239188254], [116.95973371061268, 24.599931994779777], [116.95635917881977, 24.57202654857827], [116.94212605014613, 24.543475857968286], [116.9288080919942, 24.530743647158538], [116.906801476976, 24.5149251673583], [116.8978824733757, 24.509426851598622], [116.8669568547572, 24.495606049688256], [116.83975217703055, 24.486374476748317], [116.83603123613872, 24.484021795318196], [116.80510561752023, 24.469681312944342], [116.77417999890176, 24.463210678491926], [116.74325438028325, 24.460065421788336], [116.71232876166475, 24.46025147136583], [116.68140314304627, 24.46892623301219], [116.66212140591608, 24.486374476748317]]]}, "properties": {"fillColor": "#0000FF", "fillOpacity": 0.7, "color": "#000000", "weight": 0.2, "stroke": false}}, {"type": "Feature", "geometry": {"type": "Polygon", "coordinates": [[[117.14528742232363, 25.07432075921128], [117.17621304094213, 25.061474332736406], [117.20713865956061, 25.070074962980257], [117.22299721165595, 25.085938979557977], [117.22659637338649, 25.11448967016796], [117.20713865956061, 25.138769739581544], [117.19260642638403, 25.143040360777942], [117.17621304094214, 25.146571052314627], [117.16666749042739, 25.143040360777942], [117.14528742232363, 25.13090646182323], [117.13374315077075, 25.11448967016796], [117.13586464429619, 25.085938979557977], [117.14528742232363, 25.07432075921128]]]}, "properties": {"fillColor": "#0000FF", "fillOpacity": 0.7, "color": "#000000", "weight": 0.2, "stroke": false}}, {"type": "Feature", "geometry": {"type": "Polygon", "coordinates": [[[117.57824608298252, 25.16644670407735], [117.609171701601, 25.153628904107364], [117.6400973202195, 25.151775145673373], [117.67102293883798, 25.156464077850885], [117.70194855745648, 25.169944955338185], [117.70417394280601, 25.171591051387928], [117.73287417607497, 25.190060291153802], [117.74184512277287, 25.20014174199791], [117.75545691237494, 25.228692432607893], [117.75765161651103, 25.257243123217876], [117.75402295949095, 25.28579381382786], [117.7417056085628, 25.314344504437845], [117.73287417607497, 25.3243302529058], [117.70194855745648, 25.341012178599414], [117.6785533009615, 25.342895195047827], [117.671022938838, 25.34429374960173], [117.65953057619463, 25.342895195047827], [117.6400973202195, 25.34216146059531], [117.609171701601, 25.337074776975886], [117.57824608298252, 25.32140538841443], [117.56937250484808, 25.314344504437848], [117.54732046436402, 25.289699551210077], [117.54417843673627, 25.28579381382786], [117.53153275220359, 25.257243123217876], [117.53240902847111, 25.228692432607893], [117.54652950316438, 25.20014174199791], [117.54732046436402, 25.199081981262072], [117.57166916040202, 25.171591051387928], [117.57824608298252, 25.16644670407735]]]}, "properties": {"fillColor": "#0000FF", "fillOpacity": 0.7, "color": "#000000", "weight": 0.2, "stroke": false}}, {"type": "Feature", "geometry": {"type": "Polygon", "coordinates": [[[117.62732581217941, 25.171591051387928], [117.60917170160099, 25.17263082564323], [117.57824608298252, 25.186023214037405], [117.56407054632483, 25.20014174199791], [117.55045686683052, 25.22869243260789], [117.54957180561675, 25.257243123217876], [117.56130959161396, 25.285793813827862], [117.57824608298252, 25.302639992788805], [117.59536586562785, 25.314344504437845], [117.60917170160101, 25.322999327825727], [117.6400973202195, 25.33287058715961], [117.67102293883798, 25.334650145567416], [117.70194855745648, 25.32803452895112], [117.72051855207476, 25.314344504437848], [117.73287417607497, 25.295602538882157], [117.73855576739072, 25.285793813827862], [117.74554702645293, 25.257243123217876], [117.74052680926319, 25.228692432607893], [117.73287417607497, 25.216593442141566], [117.7223335009243, 25.20014174199791], [117.70194855745646, 25.18344513645856], [117.671022938838, 25.17402402556618], [117.64632107854908, 25.171591051387928], [117.6400973202195, 25.170067820809443], [117.62732581217941, 25.171591051387928]]]}, "properties": {"fillColor": "#0000FF", "fillOpacity": 0.7, "color": "#000000", "weight": 0.2, "stroke": false}}, {"type": "Feature", "geometry": {"type": "Polygon", "coordinates": [[[118.07305598087837, 25.678248261074142], [118.09331365154176, 25.685503482367633], [118.07305598087837, 25.70212878525966], [118.06647432853289, 25.685503482367633], [118.07305598087837, 25.678248261074142]]]}, "properties": {"fillColor": "#0000FF", "fillOpacity": 0.7, "color": "#000000", "weight": 0.2, "stroke": false}}, {"type": "Feature", "geometry": {"type": "Polygon", "coordinates": [[[124.9385433141834, 5.8250084077678626], [124.9694689328019, 5.819896623027221], [125.00039455142038, 5.828808489868473], [125.01551219062642, 5.8427735084289925], [125.03026659839956, 5.871324199038976], [125.03132017003888, 5.877328754119531], [125.03596712796461, 5.8998748896489595], [125.03334434882547, 5.928425580258944], [125.03132017003888, 5.933465577882701], [125.02317679901924, 5.956976270868927], [125.00257228251436, 5.985526961478911], [125.00039455142038, 5.987755485347762], [124.9694689328019, 6.001200277507429], [124.9385433141834, 6.007341527010785], [124.90761769556491, 6.0138838846330644], [124.90679418110797, 6.014077652088894], [124.87669207694643, 6.023776879961383], [124.85628275036579, 6.042628342698878], [124.84576645832794, 6.054315023453407], [124.83925602055992, 6.071179033308862], [124.82730501262691, 6.099729723918845], [124.81484083970945, 6.119237678743126], [124.81078484187688, 6.128280414528829], [124.78862794741676, 6.156831105138813], [124.78391522109096, 6.1618135690375615], [124.75702704380271, 6.185381795748796], [124.75298960247245, 6.1884931100036695], [124.72206398385399, 6.204465624160138], [124.69113836523547, 6.209518723579274], [124.66021274661699, 6.209719374163183], [124.62928712799848, 6.1993078843369], [124.61358721004308, 6.185381795748796], [124.60040518316247, 6.156831105138813], [124.59846959138278, 6.128280414528829], [124.6009717281836, 6.099729723918845], [124.60880653510796, 6.071179033308862], [124.62763874433263, 6.042628342698878], [124.62928712799848, 6.041044107542584], [124.6597778150711, 6.014077652088894], [124.66021274661699, 6.01373817614587], [124.69113836523547, 5.993073241544453], [124.70960099157557, 5.985526961478911], [124.72206398385396, 5.977333848487516], [124.75298960247245, 5.963156507610411], [124.7702083397614, 5.956976270868927], [124.78391522109096, 5.948603753431671], [124.81484083970945, 5.9336447714857545], [124.82408474498556, 5.928425580258944], [124.84576645832793, 5.912189477002988], [124.85812175019981, 5.8998748896489595], [124.87669207694643, 5.879691899049865], [124.88348883024418, 5.871324199038976], [124.90761769556491, 5.845529363429947], [124.91147518682213, 5.8427735084289925], [124.9385433141834, 5.8250084077678626]]]}, "properties": {"fillColor": "#00FF00", "fillOpacity": 0.7, "color": "#000000", "weight": 0.2, "stroke": false}}, {"type": "Feature", "geometry": {"type": "Polygon", "coordinates": [[[124.92937716387408, 5.871324199038975], [124.90761769556491, 5.892528909408418], [124.90155743545549, 5.8998748896489595], [124.88372546521182, 5.928425580258944], [124.87669207694643, 5.9397467419451875], [124.85451421040221, 5.956976270868928], [124.84576645832793, 5.965682565383844], [124.81484083970946, 5.969833789740703], [124.78391522109095, 5.975396845192874], [124.75298960247245, 5.984886417058543], [124.7517664510687, 5.985526961478911], [124.72206398385399, 5.995107968422548], [124.69113836523547, 6.010998597484801], [124.68656494894857, 6.014077652088894], [124.66021274661699, 6.030813658383069], [124.64716834931252, 6.042628342698878], [124.63000194164712, 6.071179033308863], [124.6292871279985, 6.0731319470254554], [124.61619786339594, 6.099729723918845], [124.61178281772342, 6.128280414528829], [124.61718266966845, 6.156831105138813], [124.6292871279985, 6.173310878813077], [124.64506756692268, 6.185381795748796], [124.66021274661699, 6.193571624736488], [124.69113836523547, 6.195050137648948], [124.72206398385397, 6.1856304035035246], [124.72250563260219, 6.185381795748796], [124.75298960247245, 6.170921391310059], [124.76856618143987, 6.156831105138814], [124.78391522109095, 6.137340664712914], [124.7916827953676, 6.128280414528829], [124.80902554896318, 6.099729723918845], [124.81484083970945, 6.077812676052616], [124.81828126361536, 6.071179033308862], [124.8287734936196, 6.042628342698878], [124.84066341812874, 6.014077652088894], [124.84576645832794, 5.998848748126546], [124.87669207694643, 5.986460414781303], [124.88161784282335, 5.985526961478911], [124.90761769556491, 5.976537336120652], [124.9385433141834, 5.968619072982559], [124.9694689328019, 5.958649566793897], [124.97180526181226, 5.956976270868927], [124.99476444321955, 5.928425580258943], [124.99856067800448, 5.89987488964896], [124.98467056670394, 5.871324199038976], [124.9694689328019, 5.8605479568473555], [124.9385433141834, 5.864452881361323], [124.92937716387408, 5.871324199038975]]]}, "properties": {"fillColor": "#00FF00", "fillOpacity": 0.7, "color": "#000000", "weight": 0.2, "stroke": false}}, {"type": "Feature", "geometry": {"type": "Polygon", "coordinates": [[[125.55705568655323, 6.226897624963158], [125.58798130517172, 6.2298744466408245], [125.60522512472129, 6.242483176968763], [125.61738100775224, 6.271033867578748], [125.61647607769905, 6.299584558188731], [125.60472168462965, 6.328135248798715], [125.58798130517172, 6.347139740228429], [125.56409741469916, 6.356685939408698], [125.55705568655323, 6.359344124579243], [125.54805212433786, 6.356685939408697], [125.52613006793474, 6.3499546548527785], [125.50713448884792, 6.328135248798715], [125.50030369377649, 6.299584558188732], [125.5058432547886, 6.271033867578748], [125.52613006793474, 6.244638139364138], [125.52886087950029, 6.242483176968763], [125.55705568655323, 6.226897624963158]]]}, "properties": {"fillColor": "#00FF00", "fillOpacity": 0.7, "color": "#000000", "weight": 0.2, "stroke": false}}, {"type": "Feature", "geometry": {"type": "Polygon", "coordinates": [[[125.5435225569837, 6.271033867578748], [125.53730697935839, 6.299584558188732], [125.55705568655323, 6.318034364570846], [125.57709856022467, 6.299584558188731], [125.57497961068782, 6.271033867578748], [125.55705568655323, 6.25992712161522], [125.5435225569837, 6.271033867578748]]]}, "properties": {"fillColor": "#00FF00", "fillOpacity": 0.7, "color": "#000000", "weight": 0.2, "stroke": false}}, {"type": "Feature", "geometry": {"type": "Polygon", "coordinates": [[[125.2477995003683, 6.93699896202768], [125.27872511898681, 6.93056021275176], [125.3096507376053, 6.931185782203236], [125.3405763562238, 6.9398324445104675], [125.36157340076333, 6.956250442218355], [125.37150197484229, 6.970090234312101], [125.3820077489672, 6.984801132828339], [125.39144866863262, 7.013351823438322], [125.39283481940888, 7.0419025140483065], [125.38690889568625, 7.070453204658289], [125.37150197484229, 7.091974237582188], [125.36448549460167, 7.0990038952682735], [125.34057635622379, 7.114041280207316], [125.3096507376053, 7.118760534000969], [125.27872511898681, 7.116052629272681], [125.24906087674277, 7.0990038952682735], [125.24779950036832, 7.098304403371063], [125.22096975829587, 7.070453204658289], [125.21687388174982, 7.057888824089506], [125.20841253973029, 7.0419025140483065], [125.20484665690302, 7.013351823438322], [125.20875392449827, 6.984801132828338], [125.21687388174982, 6.970842290445187], [125.22440928331257, 6.956250442218355], [125.2477995003683, 6.93699896202768]]]}, "properties": {"fillColor": "#00FF00", "fillOpacity": 0.7, "color": "#000000", "weight": 0.2, "stroke": false}}, {"type": "Feature", "geometry": {"type": "Polygon", "coordinates": [[[125.24956010658144, 6.956250442218355], [125.24779950036832, 6.957257832380263], [125.22503548451456, 6.984801132828339], [125.22111555008476, 7.013351823438322], [125.22336557891687, 7.0419025140483065], [125.23737310337675, 7.070453204658289], [125.24779950036833, 7.081276553376504], [125.27872511898681, 7.098718412599454], [125.28244927672507, 7.0990038952682735], [125.3096507376053, 7.102927108731084], [125.32288088374595, 7.0990038952682735], [125.34057635622379, 7.0947690404941985], [125.36613794339313, 7.070453204658288], [125.37150197484229, 7.049531464937031], [125.3742134051685, 7.0419025140483065], [125.37160032629211, 7.013351823438322], [125.37150197484229, 7.013133712929861], [125.36248986568927, 6.984801132828339], [125.3405763562238, 6.960727335498976], [125.3329168088668, 6.956250442218355], [125.3096507376053, 6.944489003389272], [125.27872511898681, 6.9422003933132626], [125.24956010658144, 6.956250442218355]]]}, "properties": {"fillColor": "#00FF00", "fillOpacity": 0.7, "color": "#000000", "weight": 0.2, "stroke": false}}, {"type": "Feature", "geometry": {"type": "Polygon", "coordinates": [[[126.26834491477852, 7.226993477292124], [126.29927053339702, 7.218850377365624], [126.3301961520155, 7.227042156872667], [126.35657666093469, 7.241757348318192], [126.361121770634, 7.244596671727372], [126.38603453574166, 7.270308038928175], [126.3920473892525, 7.285602478240469], [126.39795542872557, 7.298858729538159], [126.40119649328726, 7.327409420148143], [126.3920473892525, 7.354069998768383], [126.39179010329971, 7.355960110758126], [126.38647076476376, 7.38451080136811], [126.3783060507086, 7.413061491978093], [126.36243974060964, 7.441612182588077], [126.361121770634, 7.443944527684254], [126.35303351332811, 7.470162873198061], [126.33049406302264, 7.498713563808045], [126.3301961520155, 7.498998208578596], [126.29927053339702, 7.519605414508746], [126.26834491477852, 7.525518168957608], [126.23741929616003, 7.52228232751632], [126.20649367754153, 7.505664187948339], [126.19857447188508, 7.498713563808043], [126.17863432098308, 7.470162873198061], [126.17556805892305, 7.4618236214509075], [126.16441830707228, 7.441612182588077], [126.16015408677596, 7.413061491978093], [126.16296105247562, 7.38451080136811], [126.17280079837683, 7.355960110758126], [126.17556805892305, 7.350396069259655], [126.18069033633759, 7.327409420148143], [126.1955239223847, 7.298858729538158], [126.20649367754154, 7.284941599973681], [126.21937142128733, 7.270308038928175], [126.23741929616003, 7.252207692692598], [126.24842107339089, 7.241757348318192], [126.26834491477852, 7.226993477292124]]]}, "properties": {"fillColor": "#00FF00", "fillOpacity": 0.7, "color": "#000000", "weight": 0.2, "stroke": false}}, {"type": "Feature", "geometry": {"type": "Polygon", "coordinates": [[[126.2935290271702, 7.241757348318192], [126.26834491477854, 7.252877164222115], [126.24979919450709, 7.270308038928175], [126.23741929616003, 7.281936935454822], [126.22116059751869, 7.298858729538159], [126.20649367754154, 7.3133353874045754], [126.19635855856006, 7.327409420148143], [126.18427544586294, 7.355960110758126], [126.1792476717936, 7.38451080136811], [126.17725716280032, 7.413061491978093], [126.18077581269085, 7.441612182588076], [126.19424430156849, 7.470162873198061], [126.20649367754154, 7.484439196152939], [126.22680790863241, 7.498713563808044], [126.23741929616003, 7.505565102237602], [126.26834491477852, 7.510641853424984], [126.29927053339702, 7.499386470300203], [126.30027319769441, 7.498713563808044], [126.3301961520155, 7.474621341833625], [126.33374200143119, 7.47016287319806], [126.35003790520994, 7.441612182588077], [126.36030843566525, 7.413061491978093], [126.361121770634, 7.411361297107923], [126.3746778401856, 7.38451080136811], [126.37868072238808, 7.355960110758126], [126.37716648588709, 7.327409420148143], [126.37157482859607, 7.298858729538159], [126.361121770634, 7.280388135027996], [126.35379071428511, 7.270308038928176], [126.3301961520155, 7.253272040074788], [126.30478378735485, 7.241757348318192], [126.29927053339702, 7.239479225877877], [126.2935290271702, 7.241757348318192]]]}, "properties": {"fillColor": "#00FF00", "fillOpacity": 0.7, "color": "#000000", "weight": 0.2, "stroke": false}}, {"type": "Feature", "geometry": {"type": "Polygon", "coordinates": [[[124.6292871279985, 7.4904885150027365], [124.66021274661699, 7.485136833952187], [124.69113836523546, 7.494128519256986], [124.6970658405088, 7.498713563808044], [124.72206398385397, 7.51809991133614], [124.73146023542199, 7.527264254418028], [124.75298960247244, 7.546791645258661], [124.76350820901882, 7.555814945028011], [124.78391522109095, 7.569853932863776], [124.80406590140859, 7.584365635637996], [124.81484083970945, 7.591086811596988], [124.84016762879804, 7.612916326247979], [124.84576645832793, 7.619986089976401], [124.85932253998332, 7.641467016857963], [124.86408302678095, 7.670017707467947], [124.86163966216881, 7.69856839807793], [124.84576645832793, 7.7248549964933595], [124.84473628678981, 7.727119088687914], [124.82198389435132, 7.755669779297897], [124.81484083970946, 7.769032549842261], [124.810047626023, 7.784220469907881], [124.81318588562448, 7.8127711605178645], [124.81484083970945, 7.815999905373539], [124.84576645832793, 7.834718023895567], [124.87367477499798, 7.841321851127848], [124.87669207694643, 7.841809825810353], [124.88981191426384, 7.841321851127848], [124.9076176955649, 7.84020181352906], [124.9385433141834, 7.814043642239184], [124.94032470575456, 7.8127711605178645], [124.9694689328019, 7.79012385447296], [124.99021091276994, 7.784220469907881], [125.00039455142038, 7.781038516264609], [125.03132017003887, 7.77898615467606], [125.04830562133745, 7.784220469907881], [125.06224578865738, 7.787996089484864], [125.09247968553733, 7.8127711605178645], [125.09317140727586, 7.813617074542076], [125.11059111649641, 7.841321851127848], [125.11935608154238, 7.869872541737832], [125.12409702589436, 7.897330590471666], [125.12436804898034, 7.898423232347815], [125.12985516127425, 7.926973922957799], [125.13292666822136, 7.955524613567783], [125.1327857718891, 7.984075304177766], [125.12891694617284, 8.01262599478775], [125.12409702589436, 8.028153772044996], [125.12202836189536, 8.041176685397733], [125.11416539389114, 8.069727376007718], [125.09853935993063, 8.098278066617702], [125.09317140727588, 8.105055314057626], [125.07897558009395, 8.126828757227685], [125.06224578865738, 8.143336770929118], [125.05061046103216, 8.155379447837667], [125.03132017003888, 8.171215639302165], [125.00039455142038, 8.182750646011382], [124.99372804445086, 8.183930138447652], [124.9694689328019, 8.191771216188254], [124.9385433141834, 8.193841552167717], [124.90761769556491, 8.186815224800169], [124.90240577487876, 8.183930138447652], [124.87669207694643, 8.166117805231977], [124.86727573188467, 8.155379447837667], [124.85765782409146, 8.126828757227685], [124.86070033719048, 8.098278066617702], [124.87402396673627, 8.069727376007718], [124.87669207694643, 8.063166894907365], [124.88190364149449, 8.041176685397733], [124.87914611840046, 8.01262599478775], [124.87669207694643, 8.008759811987204], [124.84576645832793, 7.988908596467082], [124.83981808574868, 7.9840753041777655], [124.81484083970945, 7.961804765021808], [124.80938043723853, 7.955524613567783], [124.79428222848004, 7.926973922957799], [124.78391522109095, 7.900138841695129], [124.78283034641733, 7.898423232347815], [124.75298960247245, 7.873267751200189], [124.72206398385397, 7.878077927740715], [124.69451795016356, 7.898423232347815], [124.69113836523549, 7.90126276800596], [124.66021274661699, 7.917331753835015], [124.6292871279985, 7.920740112056828], [124.59836150938, 7.918039286747783], [124.567900755101, 7.898423232347815], [124.56743589076152, 7.8978567023026045], [124.55134732814383, 7.869872541737832], [124.54912577991506, 7.841321851127848], [124.55325931882552, 7.8127711605178645], [124.56383759814024, 7.784220469907881], [124.56743589076153, 7.772647477894433], [124.56998172943683, 7.7556697792978975], [124.56743589076152, 7.74291474156804], [124.56070887964, 7.727119088687914], [124.54083732224011, 7.69856839807793], [124.53651027214302, 7.68981656812676], [124.52305864357794, 7.670017707467947], [124.51500734394605, 7.641467016857963], [124.51448022369507, 7.612916326247978], [124.52348412070808, 7.584365635637996], [124.53651027214302, 7.566951516355311], [124.55011993345802, 7.555814945028011], [124.56743589076152, 7.541376449458653], [124.5913848841102, 7.527264254418029], [124.59836150938, 7.519873912935887], [124.61833407933861, 7.498713563808044], [124.6292871279985, 7.4904885150027365]]]}, "properties": {"fillColor": "#00FF00", "fillOpacity": 0.7, "color": "#000000", "weight": 0.2, "stroke": false}}, {"type": "Feature", "geometry": {"type": "Polygon", "coordinates": [[[124.613985059183, 7.555814945028011], [124.59836150938, 7.565339948842507], [124.56743589076152, 7.577826650279027], [124.55986580401152, 7.584365635637996], [124.54012663415851, 7.612916326247979], [124.53753329756177, 7.641467016857963], [124.54412850369016, 7.670017707467946], [124.56050284767024, 7.69856839807793], [124.56743589076152, 7.707347201455239], [124.58067950592056, 7.727119088687914], [124.58528768776415, 7.755669779297898], [124.5776303112058, 7.784220469907881], [124.57082078191148, 7.8127711605178645], [124.56833049554798, 7.841321851127848], [124.57298669003153, 7.869872541737832], [124.59836150938, 7.896049826364769], [124.60915275948449, 7.898423232347816], [124.6292871279985, 7.903262368677991], [124.66021274661699, 7.899763513175726], [124.66259648124885, 7.898423232347815], [124.69113836523547, 7.88798878872006], [124.71244912853581, 7.869872541737832], [124.72206398385399, 7.861161615084663], [124.75298960247245, 7.846723902884683], [124.76535713888197, 7.841321851127848], [124.7819156028409, 7.8127711605178645], [124.78391522109095, 7.8026422953225865], [124.78837899934992, 7.784220469907881], [124.7999611406511, 7.755669779297897], [124.81484083970943, 7.732391079334485], [124.81945250067676, 7.727119088687914], [124.83355814271212, 7.69856839807793], [124.83354512237588, 7.670017707467947], [124.82091455956036, 7.641467016857963], [124.81484083970945, 7.634558778988549], [124.78391522109095, 7.614296118738749], [124.77866461978121, 7.61291632624798], [124.75298960247244, 7.603728407320219], [124.72206398385396, 7.588927131712316], [124.71704047139136, 7.5843656356379965], [124.69113836523547, 7.55886604698768], [124.68867807578788, 7.555814945028011], [124.66021274661699, 7.535448869726556], [124.62928712799851, 7.541182619254686], [124.613985059183, 7.555814945028011]]]}, "properties": {"fillColor": "#00FF00", "fillOpacity": 0.7, "color": "#000000", "weight": 0.2, "stroke": false}}, {"type": "Feature", "geometry": {"type": "Polygon", "coordinates": [[[124.95881840411315, 7.841321851127848], [124.9385433141834, 7.85458721360793], [124.91397975498627, 7.869872541737832], [124.90761769556491, 7.873762042664061], [124.87669207694643, 7.872133535147589], [124.84863861965252, 7.869872541737832], [124.84576645832793, 7.869619899749274], [124.84455839206525, 7.869872541737832], [124.8181775269861, 7.898423232347816], [124.82478405572184, 7.926973922957799], [124.84331588601349, 7.955524613567783], [124.84576645832793, 7.957737903937936], [124.87669207694643, 7.9732974285639], [124.90761769556491, 7.9811596562958504], [124.90975075310425, 7.984075304177766], [124.90761769556491, 7.9946494024672115], [124.90477216980047, 8.01262599478775], [124.90462799337398, 8.041176685397733], [124.89415399295052, 8.069727376007718], [124.88285065467852, 8.098278066617702], [124.88007997256105, 8.126828757227685], [124.89336086201129, 8.155379447837667], [124.90761769556491, 8.167051493458816], [124.93854331418342, 8.17647739405312], [124.96946893280192, 8.17579310599223], [125.00039455142038, 8.168482027630805], [125.02336638805734, 8.155379447837667], [125.03132017003888, 8.150396746530516], [125.05529425408112, 8.126828757227685], [125.06224578865736, 8.116044763589978], [125.07640181455523, 8.098278066617702], [125.0913154664416, 8.069727376007718], [125.09317140727586, 8.064464908534857], [125.10257315590555, 8.041176685397733], [125.10741066490704, 8.01262599478775], [125.10872228063572, 7.984075304177766], [125.10769093073688, 7.955524613567783], [125.10399934049838, 7.926973922957799], [125.09764350911638, 7.898423232347815], [125.09317140727586, 7.884456474830966], [125.08812869914766, 7.869872541737832], [125.07217012609374, 7.841321851127848], [125.06224578865738, 7.830305132325652], [125.03132017003888, 7.8166381710897745], [125.00039455142038, 7.8227014975972775], [124.9694689328019, 7.833407116958801], [124.95881840411315, 7.841321851127848]]]}, "properties": {"fillColor": "#00FF00", "fillOpacity": 0.7, "color": "#000000", "weight": 0.2, "stroke": false}}, {"type": "Feature", "geometry": {"type": "Polygon", "coordinates": [[[128.27851012498044, 7.492902425113307], [128.30943574359895, 7.493748509729484], [128.32426560073108, 7.498713563808044], [128.34036136221744, 7.503119114431334], [128.37128698083592, 7.523571927494357], [128.37497880958645, 7.527264254418029], [128.39250662377808, 7.555814945028011], [128.39757615778367, 7.584365635637996], [128.39875321898012, 7.612916326247979], [128.4022125994544, 7.6388591804531645], [128.40285077820883, 7.641467016857963], [128.4233473773947, 7.670017707467947], [128.4331382180729, 7.677943647031029], [128.4640638366914, 7.696890870548579], [128.46694744938793, 7.6985683980779305], [128.49498945530988, 7.710782096421221], [128.52057498466888, 7.727119088687914], [128.5259150739284, 7.730405337554851], [128.55684069254687, 7.754614177630935], [128.55803074785925, 7.755669779297898], [128.58366371084165, 7.784220469907881], [128.58776631116535, 7.7935021586372955], [128.59814321501977, 7.8127711605178645], [128.6015984795748, 7.841321851127848], [128.5952860105275, 7.869872541737832], [128.58776631116535, 7.883163813292244], [128.57964301530149, 7.898423232347815], [128.55684069254687, 7.920840894550883], [128.54642543425695, 7.926973922957799], [128.5259150739284, 7.938517721807996], [128.49498945530988, 7.946399501986797], [128.4640638366914, 7.948402708663476], [128.43313821807288, 7.940558920126324], [128.40599169044438, 7.926973922957799], [128.4022125994544, 7.925429879331796], [128.37128698083592, 7.910582000415959], [128.35101085749224, 7.898423232347815], [128.34036136221744, 7.893187339561562], [128.30943574359895, 7.879285167870325], [128.27904972065792, 7.869872541737832], [128.27851012498044, 7.869749565678316], [128.24758450636196, 7.869754987257673], [128.24343567790464, 7.869872541737832], [128.21665888774348, 7.871072998022144], [128.2069051584166, 7.869872541737832], [128.18573326912497, 7.8688015366264015], [128.15480765050648, 7.8642617282817335], [128.123882031888, 7.852152009461343], [128.10773971653663, 7.841321851127848], [128.09295641326952, 7.831259881991649], [128.07432085796404, 7.8127711605178645], [128.062030794651, 7.788839203127721], [128.05910564407748, 7.784220469907881], [128.0466208789018, 7.755669779297898], [128.04106423186838, 7.727119088687914], [128.03895084818322, 7.69856839807793], [128.03962085657932, 7.670017707467947], [128.0446491425741, 7.641467016857963], [128.05882598907246, 7.612916326247979], [128.062030794651, 7.608649877710679], [128.0871903979021, 7.584365635637996], [128.09295641326952, 7.579841977523579], [128.123882031888, 7.566087461582207], [128.15480765050648, 7.560225793142901], [128.18005356753474, 7.555814945028011], [128.18573326912497, 7.553740165709411], [128.21665888774348, 7.533411814913389], [128.22331190673452, 7.527264254418029], [128.24758450636196, 7.504533939183821], [128.2618959744666, 7.498713563808044], [128.27851012498044, 7.492902425113307]]]}, "properties": {"fillColor": "#00FF00", "fillOpacity": 0.7, "color": "#000000", "weight": 0.2, "stroke": false}}, {"type": "Feature", "geometry": {"type": "Polygon", "coordinates": [[[128.24718927019828, 7.555814945028011], [128.21665888774348, 7.575463803536832], [128.1879861906111, 7.584365635637996], [128.18573326912497, 7.584739501904619], [128.15480765050648, 7.586189625966207], [128.123882031888, 7.589717464814353], [128.09295641326952, 7.603418411651593], [128.08286765168077, 7.612916326247979], [128.06452187786294, 7.641467016857963], [128.06203079465098, 7.650681303733054], [128.05547958975146, 7.670017707467947], [128.05358608374132, 7.69856839807793], [128.05736248548857, 7.727119088687914], [128.062030794651, 7.74136018768106], [128.06472667814694, 7.7556697792978975], [128.07519105998333, 7.784220469907881], [128.09295641326952, 7.806734805802697], [128.098516549337, 7.812771160517864], [128.123882031888, 7.833181024126215], [128.14197187055055, 7.841321851127848], [128.15480765050648, 7.848191978747532], [128.18573326912497, 7.8541409025494735], [128.21665888774348, 7.853278711159792], [128.24758450636196, 7.847211435130169], [128.27568578677844, 7.841321851127848], [128.27851012498044, 7.8407988806338205], [128.28148781546935, 7.841321851127848], [128.30943574359895, 7.848293658766871], [128.34036136221744, 7.864746158514068], [128.34936776314782, 7.869872541737832], [128.37128698083592, 7.882922368844526], [128.4020606896624, 7.898423232347815], [128.4022125994544, 7.89851249475862], [128.4331382180729, 7.914664656111924], [128.4640638366914, 7.9238400754365275], [128.49498945530988, 7.9202640160113535], [128.5259150739284, 7.909983700467857], [128.5423719593649, 7.898423232347815], [128.55684069254687, 7.883711754012491], [128.56671915523418, 7.869872541737832], [128.5750781656091, 7.841321851127848], [128.57143165798666, 7.812771160517864], [128.55684069254687, 7.789134248388565], [128.55391041685405, 7.784220469907881], [128.5259150739284, 7.756932536072359], [128.5244316663975, 7.7556697792978975], [128.49498945530988, 7.73452499175111], [128.4819334087747, 7.727119088687914], [128.4640638366914, 7.716488553918095], [128.4331382180729, 7.701342668789838], [128.428354966365, 7.69856839807793], [128.4022125994544, 7.676821006299888], [128.39685938765544, 7.670017707467947], [128.38365350007, 7.641467016857963], [128.3762108712817, 7.612916326247979], [128.37128698083592, 7.589524618896398], [128.37016336792186, 7.5843656356379965], [128.35713605093275, 7.555814945028011], [128.34036136221744, 7.538951462969448], [128.30943574359895, 7.527493463917362], [128.27851012498044, 7.532053884831653], [128.24758450636196, 7.5554498038701094], [128.24718927019828, 7.555814945028011]]]}, "properties": {"fillColor": "#00FF00", "fillOpacity": 0.7, "color": "#000000", "weight": 0.2, "stroke": false}}, {"type": "Feature", "geometry": {"type": "Polygon", "coordinates": [[[132.05143559643636, 7.883682152332838], [132.08236121505487, 7.880419469874589], [132.11328683367336, 7.885174361764976], [132.13961023010336, 7.898423232347815], [132.14421245229184, 7.900467102497086], [132.17365925080816, 7.926973922957799], [132.17513807091035, 7.929688943870742], [132.192529296291, 7.955524613567784], [132.1974350040167, 7.984075304177766], [132.1880916508556, 8.01262599478775], [132.17513807091035, 8.025113274679168], [132.14421245229184, 8.034161266842862], [132.11328683367336, 8.029179789770888], [132.08236121505487, 8.012956780880428], [132.08190383789048, 8.01262599478775], [132.05143559643636, 7.9922018460412225], [132.04253978562457, 7.984075304177766], [132.02300145307177, 7.955524613567782], [132.02050997781788, 7.943104582968874], [132.0152515628187, 7.9269739229578], [132.02050997781788, 7.911949126020565], [132.02661293201075, 7.898423232347815], [132.05143559643636, 7.883682152332838]]]}, "properties": {"fillColor": "#00FF00", "fillOpacity": 0.7, "color": "#000000", "weight": 0.2, "stroke": false}}, {"type": "Feature", "geometry": {"type": "Polygon", "coordinates": [[[132.04960077296386, 7.926973922957799], [132.05143559643636, 7.950670771695005], [132.05169358721218, 7.955524613567783], [132.0753109981302, 7.984075304177766], [132.08236121505487, 7.989543880438388], [132.11328683367336, 8.003953352058442], [132.14421245229184, 8.004855578711433], [132.16634778198187, 7.984075304177766], [132.16589433378712, 7.955524613567782], [132.1466629527263, 7.926973922957799], [132.14421245229184, 7.9247680812932515], [132.11328683367336, 7.907505778285221], [132.08236121505487, 7.905658024607116], [132.05143559643636, 7.924492532201277], [132.04960077296386, 7.926973922957799]]]}, "properties": {"fillColor": "#00FF00", "fillOpacity": 0.7, "color": "#000000", "weight": 0.2, "stroke": false}}, {"type": "Feature", "geometry": {"type": "Polygon", "coordinates": [[[125.18594826313134, 8.433173280893827], [125.21687388174982, 8.424897997654131], [125.24779950036832, 8.426970569636916], [125.27613498566397, 8.440886353937504], [125.27872511898681, 8.443379860032204], [125.29437483836531, 8.469437044547488], [125.29404605499546, 8.497987735157473], [125.27872511898681, 8.521936096679406], [125.27362826295087, 8.526538425767455], [125.24779950036833, 8.538972296682], [125.21687388174982, 8.544321458908405], [125.18594826313134, 8.546502045706793], [125.15502264451284, 8.545444913687444], [125.12939209641154, 8.526538425767455], [125.13131126654638, 8.497987735157473], [125.14407818410584, 8.469437044547488], [125.15502264451284, 8.456528571124839], [125.17367390566105, 8.440886353937504], [125.18594826313134, 8.433173280893827]]]}, "properties": {"fillColor": "#00FF00", "fillOpacity": 0.7, "color": "#000000", "weight": 0.2, "stroke": false}}, {"type": "Feature", "geometry": {"type": "Polygon", "coordinates": [[[129.67016296281255, 8.465811346460734], [129.70108858143104, 8.457331042622283], [129.73201420004955, 8.457718262446646], [129.76293981866803, 8.46372633903767], [129.77487792627045, 8.469437044547488], [129.7938654372865, 8.476037219045223], [129.81479451740128, 8.497987735157473], [129.824791055905, 8.518948685289677], [129.83000903696978, 8.526538425767455], [129.84458800802716, 8.55508911637744], [129.85476689817375, 8.583639806987424], [129.8557166745235, 8.58617536643742], [129.87475557533685, 8.612190497597407], [129.886642293142, 8.640496578663994], [129.88681766278378, 8.640741188207391], [129.90071182947617, 8.669291878817374], [129.906259484057, 8.697842569427358], [129.9057550627822, 8.72639326003734], [129.89788955989334, 8.754943950647325], [129.886642293142, 8.774319168194987], [129.88185263660029, 8.78349464125731], [129.86217643488527, 8.812045331867292], [129.8557166745235, 8.817858162528324], [129.82480840100234, 8.840596022477277], [129.824791055905, 8.84060796473715], [129.7938654372865, 8.856557492732968], [129.76293981866803, 8.861735828653744], [129.73201420004955, 8.86232311321378], [129.70785192297274, 8.869146713087261], [129.71665818277995, 8.897697403697244], [129.72641854338875, 8.926248094307226], [129.73074881666494, 8.95479878491721], [129.72525016464257, 8.983349475527195], [129.70108858143104, 9.00546370869831], [129.68595880381707, 9.011900166137178], [129.67016296281255, 9.01878388529194], [129.63923734419407, 9.026432335820637], [129.60831172557556, 9.030835286741826], [129.57738610695708, 9.034067171139327], [129.5464604883386, 9.038121805805776], [129.53550420440743, 9.040450856747162], [129.5155348697201, 9.046677577698324], [129.4846092511016, 9.056413707242092], [129.45368363248312, 9.061594604384428], [129.4227580138646, 9.06146280051995], [129.39183239524613, 9.056222606928934], [129.36090677662764, 9.0424505705488], [129.35785811000775, 9.040450856747164], [129.32998115800916, 9.028778112374765], [129.30879575277805, 9.011900166137178], [129.29905553939065, 9.003924495457456], [129.27861165288812, 8.983349475527195], [129.26812992077217, 8.96539685400261], [129.25971735998496, 8.95479878491721], [129.24633458656126, 8.926248094307226], [129.2410514063403, 8.897697403697244], [129.2400785448902, 8.869146713087261], [129.2428364128919, 8.840596022477277], [129.25137679533412, 8.812045331867292], [129.26812992077217, 8.790610502276593], [129.2795217249016, 8.78349464125731], [129.29905553939065, 8.773481825877296], [129.32998115800916, 8.770816861064239], [129.36090677662764, 8.77407015183772], [129.39183239524613, 8.768568887991544], [129.41303528822766, 8.754943950647323], [129.4227580138646, 8.746891349840869], [129.44521649936422, 8.72639326003734], [129.45368363248312, 8.718809093327224], [129.4846092511016, 8.698319588853847], [129.48573625069193, 8.697842569427358], [129.5155348697201, 8.680891619702136], [129.5464604883386, 8.672941151793015], [129.56653170286492, 8.669291878817374], [129.57738610695708, 8.66561310345757], [129.60831172557556, 8.658669142040909], [129.63923734419407, 8.643663679879666], [129.64038793671438, 8.64074118820739], [129.63923734419407, 8.638592473344167], [129.6281989648623, 8.612190497597407], [129.61972679597847, 8.583639806987424], [129.6261748155738, 8.55508911637744], [129.6268697957299, 8.526538425767455], [129.63634333673986, 8.497987735157473], [129.63923734419407, 8.49370247369947], [129.66426388905055, 8.469437044547488], [129.67016296281255, 8.465811346460734]]]}, "properties": {"fillColor": "#00FF00", "fillOpacity": 0.7, "color": "#000000", "weight": 0.2, "stroke": false}}, {"type": "Feature", "geometry": {"type": "Polygon", "coordinates": [[[129.6548339730438, 8.497987735157473], [129.64333407994042, 8.526538425767455], [129.64191537069553, 8.55508911637744], [129.63923734419407, 8.570762822056256], [129.63466891481963, 8.583639806987424], [129.63923734419407, 8.593647517745215], [129.64506917804826, 8.612190497597407], [129.67016296281255, 8.639757113555152], [129.6715070700215, 8.64074118820739], [129.70108858143104, 8.666403077367221], [129.70525773654012, 8.669291878817374], [129.70479727973762, 8.697842569427358], [129.70108858143104, 8.704190670463678], [129.67016296281255, 8.72540159765632], [129.63923734419407, 8.713646204699435], [129.62397160945767, 8.697842569427358], [129.60831172557556, 8.691875532735926], [129.57738610695708, 8.688978590009466], [129.5464604883386, 8.692052289759031], [129.529127623407, 8.697842569427358], [129.5155348697201, 8.70077349715279], [129.4846092511016, 8.714863062187268], [129.46987516224667, 8.72639326003734], [129.45368363248312, 8.73916028041874], [129.43648832879032, 8.754943950647325], [129.4227580138646, 8.768102609267043], [129.40174605279478, 8.78349464125731], [129.39183239524613, 8.789070878982802], [129.36090677662764, 8.791926090377961], [129.32998115800916, 8.789945288575439], [129.29905553939065, 8.795897443380495], [129.27877692124838, 8.812045331867292], [129.26812992077217, 8.83088494859693], [129.2630962124238, 8.840596022477277], [129.25646648109222, 8.869146713087261], [129.25702715464308, 8.897697403697244], [129.26531644251418, 8.926248094307226], [129.26812992077217, 8.931141330333483], [129.27676239014374, 8.95479878491721], [129.29905553939065, 8.982399941042416], [129.29984445591717, 8.983349475527195], [129.32998115800916, 9.009625365654525], [129.33444335100782, 9.011900166137178], [129.36090677662764, 9.028186569654133], [129.39183239524613, 9.036851411336373], [129.4227580138646, 9.039791078977089], [129.45368363248312, 9.036879142481872], [129.4846092511016, 9.027229455008868], [129.5155348697201, 9.01503260670137], [129.52722076551598, 9.011900166137178], [129.5464604883386, 9.00842690653059], [129.57738610695708, 9.005653403542288], [129.60831172557556, 9.003130678916467], [129.63923734419407, 8.998309158816602], [129.67016296281255, 8.987575138734675], [129.67709035552315, 8.983349475527195], [129.69936127033696, 8.95479878491721], [129.69786823517828, 8.926248094307226], [129.6861054782988, 8.897697403697244], [129.67016296281255, 8.875546481586676], [129.6652391663699, 8.869146713087261], [129.6479715547054, 8.840596022477277], [129.67016296281255, 8.824133332395846], [129.70108858143104, 8.831546293607298], [129.73201420004955, 8.837160087175164], [129.76293981866803, 8.839068796423605], [129.7938654372865, 8.832299749975666], [129.824791055905, 8.812292269432984], [129.8250962443679, 8.812045331867292], [129.84725854502187, 8.78349464125731], [129.8557166745235, 8.771498919610734], [129.86674357648283, 8.754943950647325], [129.8775355494823, 8.72639326003734], [129.8799723839337, 8.697842569427358], [129.87632647428123, 8.669291878817374], [129.86719468156923, 8.64074118820739], [129.8557166745235, 8.620480534263582], [129.8529017234551, 8.612190497597407], [129.8419362872676, 8.583639806987424], [129.82812240173564, 8.55508911637744], [129.824791055905, 8.549380999227449], [129.81645659635956, 8.526538425767455], [129.79577939089472, 8.497987735157473], [129.7938654372865, 8.495980371752834], [129.76293981866803, 8.477758713914373], [129.73201420004955, 8.473028019617587], [129.70108858143104, 8.473467692688763], [129.67016296281253, 8.483612695974706], [129.6548339730438, 8.497987735157473]]]}, "properties": {"fillColor": "#00FF00", "fillOpacity": 0.7, "color": "#000000", "weight": 0.2, "stroke": false}}, {"type": "Feature", "geometry": {"type": "Polygon", "coordinates": [[[125.06224578865738, 8.580760881220616], [125.07369319314647, 8.583639806987424], [125.09317140727586, 8.597583826929412], [125.09881870732907, 8.612190497597407], [125.09770820110111, 8.64074118820739], [125.09317140727586, 8.651028088374382], [125.08022796064645, 8.669291878817374], [125.06224578865738, 8.682591127119274], [125.0313201700389, 8.678051760564173], [125.0240739083713, 8.669291878817374], [125.01946841293562, 8.64074118820739], [125.02972849065459, 8.612190497597407], [125.03132017003888, 8.60966744305209], [125.05764823389688, 8.583639806987424], [125.06224578865738, 8.580760881220616]]]}, "properties": {"fillColor": "#00FF00", "fillOpacity": 0.7, "color": "#000000", "weight": 0.2, "stroke": false}}, {"type": "Feature", "geometry": {"type": "Polygon", "coordinates": [[[133.47401405288696, 8.58230462277698], [133.50493967150547, 8.57362508069062], [133.53586529012395, 8.571476807339124], [133.56679090874243, 8.577426898356045], [133.57904988844774, 8.583639806987424], [133.59771652736094, 8.59464613715552], [133.61526710020584, 8.612190497597407], [133.62850173867696, 8.64074118820739], [133.62864214597943, 8.642965881631614], [133.63123928279938, 8.669291878817374], [133.62864214597943, 8.674103250879329], [133.6179889211695, 8.697842569427358], [133.59771652736094, 8.71405232114575], [133.56679090874243, 8.725254707878603], [133.5579765009706, 8.72639326003734], [133.53586529012395, 8.73329334846215], [133.50493967150547, 8.733220686378973], [133.47774720386073, 8.72639326003734], [133.47401405288696, 8.726005021300391], [133.44308843426847, 8.71469815993272], [133.42363123430707, 8.697842569427358], [133.41216281565, 8.67631845620609], [133.40782531835862, 8.669291878817374], [133.40515214960485, 8.64074118820739], [133.41216281565, 8.627071948486973], [133.419759034269, 8.612190497597407], [133.44308843426847, 8.593384771218576], [133.47101261425334, 8.583639806987424], [133.47401405288696, 8.58230462277698]]]}, "properties": {"fillColor": "#00FF00", "fillOpacity": 0.7, "color": "#000000", "weight": 0.2, "stroke": false}}, {"type": "Feature", "geometry": {"type": "Polygon", "coordinates": [[[133.46140607495576, 8.612190497597407], [133.44308843426847, 8.624651963153532], [133.43089462310388, 8.64074118820739], [133.4307425022, 8.669291878817374], [133.44308843426847, 8.685425297357783], [133.45617086307547, 8.697842569427358], [133.47401405288696, 8.70867223349222], [133.50493967150547, 8.715904422997585], [133.53586529012395, 8.714736338178476], [133.56679090874243, 8.706872227941448], [133.5822005187901, 8.697842569427358], [133.59771652736094, 8.680290984256935], [133.60534753791387, 8.669291878817374], [133.59771652736094, 8.640983064626424], [133.59765059707433, 8.640741188207388], [133.56939157840202, 8.612190497597407], [133.56679090874243, 8.610349358527634], [133.53586529012395, 8.599267892444722], [133.50493967150547, 8.598869340753922], [133.47401405288696, 8.605668627569703], [133.46140607495576, 8.612190497597407]]]}, "properties": {"fillColor": "#00FF00", "fillOpacity": 0.7, "color": "#000000", "weight": 0.2, "stroke": false}}, {"type": "Feature", "geometry": {"type": "Polygon", "coordinates": [[[125.09317140727586, 10.34071388507191], [125.12409702589436, 10.328289728885835], [125.15502264451284, 10.326083204627992], [125.18594826313134, 10.3340622070105], [125.20941316513634, 10.35378262480641], [125.21687388174982, 10.366285483932147], [125.22560264841782, 10.382333315416393], [125.23013400986721, 10.410884006026379], [125.22484153983007, 10.439434696636361], [125.21687388174982, 10.453068587160438], [125.20991963044602, 10.467985387246344], [125.18594826313134, 10.493394252890075], [125.17245314837835, 10.496536077856328], [125.15502264451284, 10.501519922748807], [125.12409702589437, 10.502931329401974], [125.09671009173864, 10.496536077856328], [125.09317140727586, 10.495739242695844], [125.06224578865738, 10.468755458775354], [125.06171221922199, 10.467985387246344], [125.05354262388622, 10.439434696636361], [125.05477619073278, 10.410884006026377], [125.06040083752407, 10.382333315416393], [125.06224578865736, 10.378937041602006], [125.07652509932541, 10.35378262480641], [125.09317140727586, 10.34071388507191]]]}, "properties": {"fillColor": "#00FF00", "fillOpacity": 0.7, "color": "#000000", "weight": 0.2, "stroke": false}}, {"type": "Feature", "geometry": {"type": "Polygon", "coordinates": [[[125.12399407917592, 10.35378262480641], [125.09317140727586, 10.374675890491257], [125.0871487430957, 10.382333315416393], [125.08250288109713, 10.410884006026377], [125.08509774033931, 10.439434696636361], [125.09317140727586, 10.453460963993013], [125.11120768313056, 10.467985387246344], [125.12409702589436, 10.473587308777441], [125.15502264451284, 10.475879979149326], [125.17448752470528, 10.467985387246344], [125.18594826313134, 10.459940613761148], [125.19796363501906, 10.439434696636361], [125.20338917878512, 10.410884006026375], [125.1966672512728, 10.382333315416393], [125.18594826313134, 10.36845580268124], [125.15996301112877, 10.35378262480641], [125.15502264451284, 10.351686865031787], [125.12409702589436, 10.353728949200534], [125.12399407917592, 10.35378262480641]]]}, "properties": {"fillColor": "#00FF00", "fillOpacity": 0.7, "color": "#000000", "weight": 0.2, "stroke": false}}, {"type": "Feature", "geometry": {"type": "Polygon", "coordinates": [[[122.24801449437467, 10.952001768273567], [122.27894011299315, 10.94734021799294], [122.29609606621517, 10.953347127616066], [122.30986573161167, 10.95717409762315], [122.33658821519381, 10.98189781822605], [122.34079135023015, 10.989822784745627], [122.35212470362865, 11.010448508836035], [122.35770396969374, 11.038999199446017], [122.35846003578246, 11.067549890056], [122.3553341279653, 11.096100580665984], [122.34750289388056, 11.124651271275969], [122.34079135023015, 11.143183593354012], [122.33935080363574, 11.153201961885951], [122.330796770527, 11.181752652495936], [122.30986573161167, 11.205367205564299], [122.30224621134263, 11.21030334310592], [122.27894011299317, 11.22651982063827], [122.24801449437467, 11.235831584937621], [122.21708887575619, 11.23751594484038], [122.18616325713768, 11.229888405450074], [122.16527434199755, 11.21030334310592], [122.1552376385192, 11.18404323466251], [122.15421236145208, 11.181752652495936], [122.14400569762925, 11.153201961885951], [122.13974338520396, 11.124651271275969], [122.14447352837084, 11.096100580665984], [122.1552376385192, 11.075210918382343], [122.15729438199808, 11.067549890056], [122.16465071579594, 11.038999199446017], [122.17617839677924, 11.010448508836035], [122.18616325713768, 10.996634819116498], [122.19911859452696, 10.98189781822605], [122.21708887575619, 10.965546343684041], [122.24552560359591, 10.953347127616066], [122.24801449437467, 10.952001768273567]]]}, "properties": {"fillColor": "#00FF00", "fillOpacity": 0.7, "color": "#000000", "weight": 0.2, "stroke": false}}, {"type": "Feature", "geometry": {"type": "Polygon", "coordinates": [[[122.23125777818214, 10.98189781822605], [122.21708887575619, 10.990215353660988], [122.1973290616338, 11.010448508836035], [122.1861632571377, 11.031453330679957], [122.1821531806156, 11.038999199446017], [122.16987205716094, 11.067549890056], [122.15961409782544, 11.096100580665984], [122.15662017087264, 11.124651271275967], [122.16065110753172, 11.153201961885951], [122.17006360773333, 11.181752652495936], [122.18616325713771, 11.203842417340892], [122.1977926014826, 11.21030334310592], [122.21708887575619, 11.219514980768356], [122.24801449437467, 11.218157506092519], [122.26499837599908, 11.21030334310592], [122.27894011299317, 11.206030314397081], [122.30976904396843, 11.181752652495936], [122.30986573161167, 11.181621573607808], [122.32711292022479, 11.153201961885951], [122.33274834678673, 11.124651271275969], [122.33707066685623, 11.096100580665984], [122.33898944348944, 11.067549890056], [122.33773574913205, 11.03899919944602], [122.33115970703479, 11.010448508836035], [122.30986573161167, 10.982946410665134], [122.30802227782196, 10.981897818226052], [122.27894011299317, 10.967653798748024], [122.24801449437467, 10.971548412410856], [122.23125777818214, 10.98189781822605]]]}, "properties": {"fillColor": "#00FF00", "fillOpacity": 0.7, "color": "#000000", "weight": 0.2, "stroke": false}}, {"type": "Feature", "geometry": {"type": "Polygon", "coordinates": [[[124.75298960247247, 10.934264347078425], [124.78391522109095, 10.929316854546993], [124.81484083970946, 10.944560699088585], [124.82208149579162, 10.953347127616066], [124.8360242801837, 10.98189781822605], [124.83952095202653, 11.010448508836035], [124.83898847229959, 11.038999199446017], [124.83595232888685, 11.067549890056], [124.83002891120545, 11.096100580665986], [124.81597217877118, 11.124651271275969], [124.81484083970946, 11.126149895896093], [124.78391522109095, 11.152321106875991], [124.78111068637229, 11.153201961885951], [124.75298960247244, 11.164110413898971], [124.72206398385399, 11.16401851145842], [124.69873834110274, 11.153201961885951], [124.69113836523547, 11.149060105397686], [124.67130715749934, 11.124651271275969], [124.66238325171155, 11.096100580665984], [124.66086068961172, 11.067549890056], [124.66584332546088, 11.038999199446017], [124.6782394734957, 11.010448508836035], [124.69113836523547, 10.99241601057449], [124.6996474470882, 10.98189781822605], [124.72206398385397, 10.956801325804257], [124.7270381621993, 10.953347127616066], [124.75298960247247, 10.934264347078425]]]}, "properties": {"fillColor": "#00FF00", "fillOpacity": 0.7, "color": "#000000", "weight": 0.2, "stroke": false}}, {"type": "Feature", "geometry": {"type": "Polygon", "coordinates": [[[124.73834132563697, 10.98189781822605], [124.72206398385399, 10.99063153272334], [124.70375627810627, 11.010448508836035], [124.69113836523547, 11.030683755958066], [124.68614764070263, 11.038999199446017], [124.67768576164366, 11.067549890056], [124.68131769123737, 11.096100580665984], [124.69113836523547, 11.113174913221851], [124.70206707978994, 11.124651271275969], [124.72206398385397, 11.13867515815504], [124.75298960247245, 11.140865056225858], [124.78391522109095, 11.12751022527142], [124.78719382735142, 11.124651271275969], [124.8062302329444, 11.096100580665984], [124.81340956393082, 11.067549890056], [124.81484083970943, 11.047821167830055], [124.81572503577036, 11.038999199446017], [124.81484083970945, 11.025467380425733], [124.81399629486032, 11.010448508836035], [124.79948460987376, 10.98189781822605], [124.78391522109095, 10.969035539877465], [124.75298960247247, 10.970988099852505], [124.73834132563697, 10.98189781822605]]]}, "properties": {"fillColor": "#00FF00", "fillOpacity": 0.7, "color": "#000000", "weight": 0.2, "stroke": false}}, {"type": "Feature", "geometry": {"type": "Polygon", "coordinates": [[[125.3096507376053, 11.137483714458483], [125.34057635622379, 11.13391154197232], [125.37150197484229, 11.1436906706099], [125.38300269542471, 11.153201961885951], [125.400741812479, 11.181752652495936], [125.40242759346077, 11.192761613985763], [125.40689250331081, 11.210303343105922], [125.40242759346077, 11.235988903381033], [125.40212367852872, 11.238854033715903], [125.38327982009595, 11.267404724325885], [125.37150197484229, 11.276072511780525], [125.3405763562238, 11.286937118374187], [125.3096507376053, 11.284670691998333], [125.28161262481763, 11.267404724325885], [125.27872511898681, 11.264284694930437], [125.26278367285495, 11.238854033715903], [125.26073435902222, 11.21030334310592], [125.26814785323504, 11.181752652495936], [125.27872511898681, 11.164890753376], [125.28816334280076, 11.153201961885951], [125.3096507376053, 11.137483714458483]]]}, "properties": {"fillColor": "#00FF00", "fillOpacity": 0.7, "color": "#000000", "weight": 0.2, "stroke": false}}, {"type": "Feature", "geometry": {"type": "Polygon", "coordinates": [[[125.29090142335849, 11.181752652495936], [125.28226947438085, 11.21030334310592], [125.28709726083285, 11.238854033715903], [125.3096507376053, 11.261287344667812], [125.34057635622379, 11.266023469946985], [125.37150197484229, 11.251479294015164], [125.38264179299972, 11.238854033715903], [125.38942196639856, 11.21030334310592], [125.38153472625612, 11.181752652495936], [125.37150197484229, 11.169568919464469], [125.34057635622379, 11.155235427275596], [125.3096507376053, 11.16186538236911], [125.29090142335849, 11.181752652495936]]]}, "properties": {"fillColor": "#00FF00", "fillOpacity": 0.7, "color": "#000000", "weight": 0.2, "stroke": false}}, {"type": "Feature", "geometry": {"type": "Polygon", "coordinates": [[[124.50558465352452, 11.479464434327445], [124.53651027214302, 11.480823900075002], [124.55679649406045, 11.495810249205757], [124.56743589076152, 11.518088975211102], [124.56973729309237, 11.52436093981574], [124.56743589076152, 11.536223253437395], [124.56394095631863, 11.552911630425722], [124.53651027214302, 11.576930583544279], [124.50558465352452, 11.580204221096384], [124.47465903490604, 11.560430357246322], [124.46932791461987, 11.552911630425722], [124.46523087053029, 11.52436093981574], [124.47465903490604, 11.504021841894762], [124.48034752057778, 11.495810249205757], [124.50558465352452, 11.479464434327445]]]}, "properties": {"fillColor": "#00FF00", "fillOpacity": 0.7, "color": "#000000", "weight": 0.2, "stroke": false}}, {"type": "Feature", "geometry": {"type": "Polygon", "coordinates": [[[125.15502264451284, 11.495344053845649], [125.18594826313134, 11.490033181699966], [125.19611528473416, 11.495810249205757], [125.21687388174982, 11.516141335174805], [125.22138767439543, 11.52436093981574], [125.22083495867898, 11.552911630425722], [125.21687388174982, 11.560696928922466], [125.19431088943156, 11.581462321035708], [125.18594826313134, 11.585634369148504], [125.16871591156075, 11.581462321035707], [125.15502264451283, 11.5777556818459], [125.13476220812473, 11.552911630425722], [125.13342924158678, 11.52436093981574], [125.15441189654877, 11.495810249205757], [125.15502264451284, 11.495344053845649]]]}, "properties": {"fillColor": "#00FF00", "fillOpacity": 0.7, "color": "#000000", "weight": 0.2, "stroke": false}}, {"type": "Feature", "geometry": {"type": "Polygon", "coordinates": [[[124.38188217905056, 12.197178303158893], [124.41280779766906, 12.207091594256188], [124.41470079990957, 12.209577514455349], [124.41280779766906, 12.237238896272665], [124.41246215209605, 12.238128205065333], [124.38188217905056, 12.243423950810389], [124.37519823040452, 12.23812820506533], [124.36957533046098, 12.209577514455347], [124.38188217905056, 12.197178303158893]]]}, "properties": {"fillColor": "#00FF00", "fillOpacity": 0.7, "color": "#000000", "weight": 0.2, "stroke": false}}, {"type": "Feature", "geometry": {"type": "Polygon", "coordinates": [[[113.46513880672319, 12.849368153787706], [113.49606442534167, 12.858933544253587], [113.50075718763662, 12.866243398484972], [113.51516634943778, 12.894794089094955], [113.5226929364027, 12.923344779704939], [113.52553208147592, 12.951895470314922], [113.52540879310689, 12.980446160924906], [113.52341291718915, 13.00899685153489], [113.5205169303846, 13.037547542144873], [113.51675372443721, 13.066098232754857], [113.51184746137372, 13.09464892336484], [113.50570048441307, 13.123199613974824], [113.49805650724055, 13.151750304584809], [113.49606442534167, 13.158303989688031], [113.49069512512246, 13.180300995194791], [113.48308445034252, 13.208851685804776], [113.47437511263902, 13.237402376414758], [113.46513880672319, 13.263355318296558], [113.46429673023589, 13.265953067024743], [113.45534374534213, 13.294503757634725], [113.44600619690834, 13.323054448244708], [113.43565790279229, 13.351605138854694], [113.4342131881047, 13.35549366456007], [113.42614192426416, 13.380155829464677], [113.4170036099065, 13.40870652007466], [113.4068979482988, 13.437257210684644], [113.4032875694862, 13.446775143428233], [113.39639517832204, 13.465807901294628], [113.385552401214, 13.49435859190461], [113.37333335366624, 13.522909282514595], [113.37236195086771, 13.525039129070965], [113.35993101411987, 13.55145997312458], [113.34637196680964, 13.580010663734562], [113.34143633224923, 13.590048181075243], [113.33058858518368, 13.608561354344545], [113.314823241983, 13.63711204495453], [113.31051071363073, 13.644924149300365], [113.29433478110606, 13.665662735564513], [113.27958509501224, 13.687928569308665], [113.27109879930529, 13.694213426174498], [113.24865947639375, 13.71722949561767], [113.21773385777526, 13.719890198677193], [113.20668698207547, 13.694213426174498], [113.20196084716487, 13.665662735564513], [113.2011037493877, 13.63711204495453], [113.20263369299057, 13.608561354344548], [113.20602143617072, 13.580010663734562], [113.21114921874084, 13.55145997312458], [113.21773385777526, 13.524118910408394], [113.2179771053912, 13.522909282514595], [113.22433101216197, 13.494358591904613], [113.2316128600649, 13.465807901294628], [113.24021283216744, 13.437257210684644], [113.24865947639375, 13.41373985271715], [113.25001662904599, 13.408706520074663], [113.25793354322266, 13.380155829464677], [113.26688001003336, 13.351605138854694], [113.27765503893693, 13.323054448244708], [113.27958509501224, 13.318377793136598], [113.28620225498935, 13.294503757634725], [113.29455058743898, 13.265953067024743], [113.30394552513944, 13.237402376414758], [113.31051071363075, 13.219662099277514], [113.31310486214258, 13.208851685804776], [113.31936666797849, 13.180300995194791], [113.32540190917288, 13.151750304584809], [113.33195964506353, 13.123199613974824], [113.33972286569916, 13.09464892336484], [113.3414363322492, 13.089018202291191], [113.34581441663258, 13.066098232754857], [113.3522264569627, 13.037547542144871], [113.36052993716018, 13.008996851534889], [113.37218893386007, 12.980446160924906], [113.37236195086771, 12.980081451642477], [113.38249096688479, 12.951895470314922], [113.39645649272676, 12.923344779704939], [113.40328756948621, 12.9119413953376], [113.41462784243535, 12.894794089094955], [113.43421318810469, 12.869824549334304], [113.44014005136538, 12.866243398484972], [113.46513880672319, 12.849368153787706]]]}, "properties": {"fillColor": "#00FF00", "fillOpacity": 0.7, "color": "#000000", "weight": 0.2, "stroke": false}}, {"type": "Feature", "geometry": {"type": "Polygon", "coordinates": [[[113.42548844542071, 13.037547542144873], [113.41455680854597, 13.066098232754857], [113.40328756948621, 13.093362818732064], [113.40297058263934, 13.09464892336484], [113.3974437797961, 13.123199613974824], [113.39430179685635, 13.151750304584809], [113.39224665588664, 13.180300995194791], [113.39201923356578, 13.208851685804776], [113.3979671686111, 13.237402376414758], [113.40328756948621, 13.244000551480543], [113.40539708622451, 13.237402376414758], [113.41570987355435, 13.208851685804776], [113.43421318810469, 13.183062682760072], [113.43503409042272, 13.180300995194791], [113.44273042842352, 13.151750304584809], [113.45047582173032, 13.123199613974823], [113.45872766648304, 13.09464892336484], [113.46513880672319, 13.071774727244154], [113.46596288629314, 13.066098232754857], [113.46614310268451, 13.037547542144873], [113.46513880672319, 13.028793512852754], [113.4342131881047, 13.017231553024992], [113.42548844542071, 13.037547542144873]]]}, "properties": {"fillColor": "#00FF00", "fillOpacity": 0.7, "color": "#000000", "weight": 0.2, "stroke": false}}, {"type": "Feature", "geometry": {"type": "Polygon", "coordinates": [[[123.29948552740338, 13.607263310524692], [123.33041114602187, 13.605526392663254], [123.33467587262051, 13.608561354344547], [123.36133676464037, 13.63689237878645], [123.36148102756161, 13.63711204495453], [123.36164973969603, 13.665662735564513], [123.36133676464036, 13.666121357891058], [123.33041114602187, 13.686584904341808], [123.29948552740339, 13.684354516515075], [123.27259137491242, 13.665662735564513], [123.26970774510997, 13.63711204495453], [123.29729774098288, 13.608561354344547], [123.29948552740338, 13.607263310524692]]]}, "properties": {"fillColor": "#00FF00", "fillOpacity": 0.7, "color": "#000000", "weight": 0.2, "stroke": false}}, {"type": "Feature", "geometry": {"type": "Polygon", "coordinates": [[[131.15459265650014, 15.920064126620495], [131.17886446220044, 15.921167293753223], [131.18551827511862, 15.921329445148585], [131.2164438937371, 15.925431334363433], [131.2473695123556, 15.929657172786008], [131.2782951309741, 15.928202412140818], [131.30922074959258, 15.922535150555436], [131.32469363813738, 15.921167293753221], [131.34014636821107, 15.919103825515856], [131.359454594115, 15.921167293753223], [131.37107198682958, 15.921891880809172], [131.40199760544806, 15.92901035889274], [131.4304529991675, 15.949717984363206], [131.43292322406654, 15.954303894696999], [131.4436054399463, 15.97826867497319], [131.4408765543541, 16.006819365583173], [131.43292322406654, 16.02056794545522], [131.42675461551642, 16.03537005619316], [131.40199760544806, 16.06339865476229], [131.40140222346386, 16.06392074680314], [131.37107198682958, 16.088453086970233], [131.36556523174892, 16.092471437413124], [131.34014636821107, 16.111657514679763], [131.3285259478091, 16.121022128023107], [131.30922074959258, 16.137652944930732], [131.29860336323515, 16.14957281863309], [131.2782951309741, 16.17398840351538], [131.2757512944501, 16.178123509243076], [131.26106749750969, 16.206674199853058], [131.2473695123556, 16.231347122653162], [131.2456073658044, 16.235224890463044], [131.2296765854634, 16.263775581073027], [131.2164438937371, 16.276571995361046], [131.18551827511862, 16.287152461102643], [131.15459265650014, 16.28689263028231], [131.12366703788163, 16.280350804767654], [131.09936190229925, 16.263775581073027], [131.09274141926315, 16.26031472684947], [131.06483997670085, 16.235224890463044], [131.06181580064467, 16.232468558322108], [131.03089018202616, 16.21822157222791], [131.0125640509799, 16.206674199853058], [130.99996456340767, 16.1875279796964], [130.9950949359556, 16.178123509243076], [130.99057922592266, 16.14957281863309], [130.99367770710728, 16.121022128023107], [130.99996456340767, 16.102295099903856], [131.0013857227959, 16.092471437413124], [131.00804729667155, 16.06392074680314], [131.01947858434704, 16.03537005619316], [131.03089018202616, 16.01667523539811], [131.03501401555098, 16.006819365583173], [131.0515593589097, 15.97826867497319], [131.06181580064467, 15.966041047995038], [131.0777873439605, 15.949717984363206], [131.09274141926315, 15.937273844845556], [131.12366703788163, 15.924510353284091], [131.14995139824228, 15.921167293753223], [131.15459265650014, 15.920064126620495]]]}, "properties": {"fillColor": "#00FF00", "fillOpacity": 0.7, "color": "#000000", "weight": 0.2, "stroke": false}}, {"type": "Feature", "geometry": {"type": "Polygon", "coordinates": [[[131.11479146731256, 15.949717984363206], [131.09274141926315, 15.961196323519413], [131.0751559023509, 15.97826867497319], [131.06181580064467, 15.996056047185915], [131.05394335424162, 16.006819365583173], [131.03831338699388, 16.03537005619316], [131.03089018202616, 16.05531539018311], [131.02627552194573, 16.06392074680314], [131.01504337184426, 16.092471437413124], [131.0096665544507, 16.121022128023107], [131.00962892852473, 16.14957281863309], [131.0193583889241, 16.178123509243076], [131.03089018202616, 16.190569225511403], [131.05185828044645, 16.206674199853058], [131.06181580064467, 16.213029864715494], [131.08616760659535, 16.235224890463044], [131.09274141926315, 16.241136265256717], [131.12366703788163, 16.259298331873932], [131.14769093537203, 16.263775581073027], [131.15459265650014, 16.265818936999942], [131.17292893684998, 16.263775581073027], [131.18551827511862, 16.26269827087421], [131.2164438937371, 16.242588380490325], [131.2220765179207, 16.235224890463044], [131.23905375106136, 16.206674199853058], [131.2473695123556, 16.18998526803726], [131.25506631331814, 16.178123509243076], [131.27438102795557, 16.14957281863309], [131.2782951309741, 16.144544307261462], [131.300915899676, 16.121022128023107], [131.30922074959258, 16.112660829715427], [131.33291186044212, 16.092471437413124], [131.34014636821107, 16.08669495590299], [131.36827281597087, 16.06392074680314], [131.37107198682958, 16.061712641072283], [131.40038063725015, 16.03537005619316], [131.40199760544806, 16.032509770650712], [131.417607104206, 16.006819365583173], [131.41583706186785, 15.97826867497319], [131.40199760544806, 15.961178146576918], [131.3786783410427, 15.949717984363206], [131.37107198682958, 15.946550803053503], [131.34014636821107, 15.943932198486797], [131.3124529355597, 15.949717984363206], [131.30922074959258, 15.950266555186012], [131.27829513097407, 15.956110261707838], [131.2473695123556, 15.955218054032407], [131.2164438937371, 15.94988759893474], [131.2155165167309, 15.949717984363208], [131.18551827511862, 15.941613980855216], [131.15459265650014, 15.938579030459763], [131.12366703788163, 15.944754305931207], [131.11479146731256, 15.949717984363206]]]}, "properties": {"fillColor": "#00FF00", "fillOpacity": 0.7, "color": "#000000", "weight": 0.2, "stroke": false}}, {"type": "Feature", "geometry": {"type": "Polygon", "coordinates": [[[130.2577497165639, 16.518499856598602], [130.28867533518238, 16.50315268474613], [130.30375471141184, 16.520731796562877], [130.31869051549558, 16.54928248717286], [130.31960095380086, 16.556282282955255], [130.32274697158337, 16.577833177782846], [130.31960095380086, 16.585867675472873], [130.29358789744106, 16.606383868392832], [130.28867533518238, 16.607834331158664], [130.2867847898553, 16.606383868392832], [130.26282626976246, 16.577833177782846], [130.2577497165639, 16.562594215796004], [130.24936273207197, 16.54928248717286], [130.25519920984107, 16.520731796562877], [130.2577497165639, 16.518499856598602]]]}, "properties": {"fillColor": "#00FF00", "fillOpacity": 0.7, "color": "#000000", "weight": 0.2, "stroke": false}}, {"type": "Feature", "geometry": {"type": "Polygon", "coordinates": [[[130.81441085169672, 17.60043185398245], [130.8453364703152, 17.603090878216882], [130.84919233015972, 17.60565803974226], [130.87626208893371, 17.627566134089726], [130.88159237817422, 17.634208730352242], [130.9008151172961, 17.662759420962225], [130.9071877075522, 17.674363679397526], [130.9190052463747, 17.691310111572207], [130.9344217644327, 17.719860802182193], [130.93811332617068, 17.727571659952364], [130.95310026778634, 17.748411492792176], [130.96739310738377, 17.776962183402162], [130.9690389447892, 17.780378275919432], [130.99279856041292, 17.805512874012145], [130.99996456340767, 17.816037082476992], [131.01389409292258, 17.834063564622127], [131.03089018202616, 17.8571732888593], [131.03535850835627, 17.86261425523211], [131.0568056632756, 17.891164945842092], [131.06181580064467, 17.898876641301815], [131.0785543713175, 17.91971563645208], [131.09274141926315, 17.942045126236522], [131.09751687571418, 17.94826632706206], [131.11584174205223, 17.976817017672047], [131.12366703788163, 17.993738172439787], [131.1303654185889, 18.00536770828203], [131.1426298448743, 18.033918398892013], [131.15138660698668, 18.062469089501995], [131.15459265650014, 18.076254403802288], [131.15892010982628, 18.091019780111978], [131.16402041602532, 18.119570470721964], [131.16834135276713, 18.14812116133195], [131.17211213134487, 18.176671851941933], [131.17413778711858, 18.205222542551915], [131.17346362888938, 18.233773233161898], [131.16942810510096, 18.26232392377188], [131.1612617834023, 18.290874614381863], [131.15459265650014, 18.30709617566247], [131.14590674518735, 18.31942530499185], [131.12417863854486, 18.347975995601836], [131.12366703788163, 18.34893963468754], [131.09274141926315, 18.367445723190745], [131.0726410781607, 18.347975995601836], [131.06181580064467, 18.34087372596176], [131.04911809738007, 18.31942530499185], [131.0320563573134, 18.290874614381863], [131.03089018202616, 18.289152519057364], [131.01574631248917, 18.26232392377188], [131.00346462996222, 18.233773233161898], [130.99996456340767, 18.22554814384449], [130.98981170184402, 18.205222542551915], [130.97519291514215, 18.176671851941933], [130.9690389447892, 18.168572128130002], [130.95261036346943, 18.148121161331947], [130.93811332617068, 18.129766870561436], [130.92994111121126, 18.11957047072196], [130.91019006012905, 18.091019780111978], [130.9071877075522, 18.085948828310237], [130.8897137008411, 18.062469089501995], [130.87707503504592, 18.033918398892013], [130.87626208893371, 18.03193884470103], [130.85891830213677, 18.00536770828203], [130.84748392622865, 17.976817017672047], [130.8453364703152, 17.970988214396176], [130.83091109927807, 17.948266327062065], [130.81880887738944, 17.91971563645208], [130.81441085169672, 17.90689213695596], [130.8048389629266, 17.891164945842092], [130.79205045399274, 17.86261425523211], [130.78351035186296, 17.834063564622127], [130.78348523307824, 17.833974721333906], [130.7694803896532, 17.805512874012145], [130.76058827700106, 17.776962183402162], [130.75453888102592, 17.748411492792176], [130.75255961445976, 17.73493861675061], [130.74839009335545, 17.719860802182193], [130.7456719168963, 17.691310111572207], [130.74954840417902, 17.662759420962225], [130.75255961445976, 17.655300704779386], [130.76280202972967, 17.634208730352242], [130.78348523307824, 17.61319500434479], [130.8017150416083, 17.60565803974226], [130.81441085169672, 17.60043185398245]]]}, "properties": {"fillColor": "#00FF00", "fillOpacity": 0.7, "color": "#000000", "weight": 0.2, "stroke": false}}, {"type": "Feature", "geometry": {"type": "Polygon", "coordinates": [[[130.78498497403643, 17.662759420962225], [130.78348523307824, 17.66584139794283], [130.77363149949474, 17.691310111572207], [130.77154153815866, 17.719860802182193], [130.7748584904404, 17.748411492792176], [130.7828976560295, 17.776962183402162], [130.78348523307824, 17.778399265402445], [130.79059246739178, 17.805512874012145], [130.79950581101767, 17.834063564622127], [130.81268581984332, 17.86261425523211], [130.81441085169672, 17.86572996901356], [130.8232198017704, 17.891164945842092], [130.83579382629114, 17.91971563645208], [130.8453364703152, 17.93580669400079], [130.85020478648894, 17.94826632706206], [130.86230120473903, 17.976817017672047], [130.87626208893371, 17.99959618654943], [130.87871050671941, 18.00536770828203], [130.89140887738364, 18.033918398892013], [130.9071877075522, 18.0567466684253], [130.91045860001026, 18.06246908950199], [130.92938967724135, 18.091019780111978], [130.93811332617068, 18.1015843347251], [130.95409646170816, 18.119570470721964], [130.9690389447892, 18.135940996822722], [130.98234937463144, 18.14812116133195], [130.99996456340767, 18.168958884168806], [131.00738015332382, 18.176671851941933], [131.02379326588684, 18.205222542551915], [131.03089018202616, 18.21839894871088], [131.04536843657837, 18.233773233161898], [131.06181580064467, 18.256146370685716], [131.09274141926315, 18.24828186906857], [131.10658659572005, 18.233773233161898], [131.11928372598533, 18.205222542551915], [131.12079694237218, 18.176671851941933], [131.11747975473685, 18.148121161331947], [131.11400642105195, 18.119570470721964], [131.11100737855645, 18.091019780111978], [131.10503878281153, 18.062469089501995], [131.0954664306508, 18.033918398892013], [131.09274141926315, 18.02788719016662], [131.08579551346455, 18.00536770828203], [131.07272855696334, 17.976817017672047], [131.06181580064464, 17.960054173745615], [131.05557732345093, 17.94826632706206], [131.03548737808532, 17.91971563645208], [131.03089018202616, 17.91358973826521], [131.0157154357242, 17.891164945842092], [130.99996456340767, 17.873007793114077], [130.99434582593997, 17.86261425523211], [130.97581713676158, 17.834063564622127], [130.9690389447892, 17.826105495983395], [130.95793596791114, 17.805512874012145], [130.9397458800528, 17.776962183402162], [130.93811332617068, 17.774584671805105], [130.9251524452539, 17.748411492792176], [130.9071877075522, 17.72121207783803], [130.90643804002738, 17.719860802182193], [130.8903500981986, 17.691310111572207], [130.87626208893374, 17.67197976734363], [130.86795634364233, 17.662759420962225], [130.8453364703152, 17.640258979302462], [130.81441085169672, 17.636512495689804], [130.78498497403643, 17.662759420962225]]]}, "properties": {"fillColor": "#00FF00", "fillOpacity": 0.7, "color": "#000000", "weight": 0.2, "stroke": false}}, {"type": "Feature", "geometry": {"type": "Polygon", "coordinates": [[[133.93789833216434, 17.814289656013024], [133.958492921757, 17.834063564622127], [133.96704335059405, 17.86261425523211], [133.9681622241621, 17.891164945842092], [133.96668206140447, 17.91971563645208], [133.96396301506982, 17.94826632706206], [133.96050774773832, 17.976817017672047], [133.95651339844653, 18.00536770828203], [133.95202079365635, 18.033918398892013], [133.94703041698193, 18.062469089501995], [133.9412467917238, 18.091019780111978], [133.93789833216434, 18.104603460208082], [133.93635359057208, 18.119570470721964], [133.93330552922922, 18.148121161331947], [133.92984643062837, 18.176671851941933], [133.9252356741443, 18.205222542551915], [133.91647523608015, 18.233773233161898], [133.90697271354583, 18.24618301285091], [133.89708352549795, 18.26232392377188], [133.87604709492734, 18.282625608064897], [133.86771451970137, 18.290874614381863], [133.84512147630886, 18.31353660304856], [133.84041750280437, 18.31942530499185], [133.81857099778614, 18.347975995601836], [133.81419585769038, 18.353357468071206], [133.79831777408435, 18.376526686211818], [133.78327023907187, 18.39456903181546], [133.77510292198812, 18.4050773768218], [133.75234462045339, 18.43139877781931], [133.75009346662011, 18.433628067431783], [133.7214190018349, 18.4617547009183], [133.72075165307558, 18.462178758041766], [133.6904933832164, 18.483897587795415], [133.6726934656338, 18.49072944865175], [133.6595677645979, 18.497252156113554], [133.62864214597943, 18.503657661042684], [133.5988131930178, 18.49072944865175], [133.59771652736094, 18.487920505808287], [133.58919107330541, 18.462178758041766], [133.58931453727683, 18.433628067431783], [133.5967194289058, 18.4050773768218], [133.59771652736094, 18.40280290663803], [133.60544025546932, 18.376526686211818], [133.61547441412893, 18.347975995601836], [133.6285762369787, 18.31942530499185], [133.62864214597943, 18.319288266086918], [133.63798388092025, 18.290874614381863], [133.6511477928147, 18.26232392377188], [133.6595677645979, 18.248854685181378], [133.66603732601362, 18.233773233161898], [133.68432224989158, 18.205222542551915], [133.6904933832164, 18.197926298851918], [133.7028371082715, 18.176671851941933], [133.7214190018349, 18.153895641536852], [133.72447472983868, 18.148121161331947], [133.74201391615077, 18.119570470721968], [133.75234462045339, 18.10626443417366], [133.75945336177546, 18.091019780111978], [133.77531727814238, 18.062469089501995], [133.78327023907187, 18.05066801302588], [133.7905574709623, 18.033918398892013], [133.80422866906676, 18.00536770828203], [133.81419585769038, 17.98851469835883], [133.82030533708118, 17.976817017672047], [133.83459366369664, 17.94826632706206], [133.84512147630886, 17.929664373614024], [133.85116275480792, 17.91971563645208], [133.86781308788562, 17.891164945842092], [133.87604709492734, 17.878055296666105], [133.88806652849024, 17.86261425523211], [133.90697271354583, 17.836326081747664], [133.91139869328003, 17.834063564622127], [133.93789833216434, 17.814289656013024]]]}, "properties": {"fillColor": "#00FF00", "fillOpacity": 0.7, "color": "#000000", "weight": 0.2, "stroke": false}}, {"type": "Feature", "geometry": {"type": "Polygon", "coordinates": [[[133.89497493752646, 17.91971563645208], [133.87604709492734, 17.933830624730643], [133.86642932911502, 17.94826632706206], [133.8455963973212, 17.976817017672047], [133.84512147630886, 17.977332899810396], [133.82775035808703, 18.00536770828203], [133.81419585769038, 18.026869559864664], [133.81003965729525, 18.033918398892013], [133.79427684196446, 18.062469089501995], [133.78327023907187, 18.084495400216134], [133.779005095586, 18.091019780111978], [133.7618484905205, 18.119570470721964], [133.75234462045339, 18.14043458934725], [133.74674399424146, 18.148121161331947], [133.72913401580132, 18.176671851941933], [133.7214190018349, 18.193018604967076], [133.71273034966407, 18.205222542551915], [133.69721627663344, 18.233773233161898], [133.6904933832164, 18.250047330115297], [133.683310696563, 18.26232392377188], [133.67038888061194, 18.290874614381863], [133.66091953434508, 18.31942530499185], [133.6595677645979, 18.324691942311294], [133.65109580608163, 18.347975995601836], [133.6451291415801, 18.376526686211818], [133.64306596437308, 18.4050773768218], [133.64554990641534, 18.433628067431783], [133.6595677645979, 18.454693833542706], [133.6904933832164, 18.45100112358], [133.7170749424354, 18.433628067431783], [133.7214190018349, 18.431369605448833], [133.74844835000357, 18.4050773768218], [133.75234462045339, 18.40192103268548], [133.77493625475395, 18.376526686211818], [133.78327023907184, 18.367392487616424], [133.80000080247396, 18.347975995601836], [133.81419585769038, 18.329061860798667], [133.82227237119704, 18.31942530499185], [133.8450902354652, 18.29087461438186], [133.84512147630886, 18.29084307534148], [133.8747250217742, 18.26232392377188], [133.87604709492734, 18.2607716995491], [133.89798739351218, 18.233773233161898], [133.90644582474135, 18.205222542551915], [133.90697271354583, 18.202074344154614], [133.91427126694938, 18.176671851941933], [133.91897485413142, 18.148121161331947], [133.92175785148186, 18.119570470721964], [133.92376000667738, 18.091019780111978], [133.9258657064036, 18.062469089501995], [133.92824724209387, 18.033918398892013], [133.93061131554387, 18.00536770828203], [133.93239356838438, 17.976817017672047], [133.93190784701864, 17.94826632706206], [133.92225398949012, 17.91971563645208], [133.90697271354583, 17.907024565088786], [133.89497493752646, 17.91971563645208]]]}, "properties": {"fillColor": "#00FF00", "fillOpacity": 0.7, "color": "#000000", "weight": 0.2, "stroke": false}}, {"type": "Feature", "geometry": {"type": "Polygon", "coordinates": [[[132.3297661640028, 17.97054593341316], [132.36069178262127, 17.957586441698126], [132.39161740123978, 17.96846272815243], [132.42254301985827, 17.965348017792792], [132.45346863847675, 17.968500838691458], [132.47932838729048, 17.976817017672047], [132.48439425709526, 17.977911030344934], [132.49671673708812, 17.976817017672047], [132.51531987571374, 17.97448811740588], [132.5462454943322, 17.971902508025934], [132.57717111295074, 17.967865732541078], [132.60809673156922, 17.963762590537993], [132.6390223501877, 17.964391484038792], [132.66994796880618, 17.97216040976664], [132.67899796795004, 17.976817017672047], [132.7008735874247, 17.98627788654314], [132.72851740239906, 18.00536770828203], [132.73179920604318, 18.007773383219348], [132.76086502266944, 18.033918398892013], [132.76272482466166, 18.036165893340847], [132.78562171658865, 18.062469089501995], [132.79365044328017, 18.076914465580728], [132.8034609522693, 18.091019780111978], [132.81233472820864, 18.119570470721964], [132.81349859936424, 18.148121161331947], [132.8106685326631, 18.176671851941933], [132.81102781969724, 18.205222542551915], [132.81381085937144, 18.233773233161898], [132.81592768463378, 18.26232392377188], [132.81548560670365, 18.290874614381863], [132.81155702065067, 18.31942530499185], [132.80326819913944, 18.347975995601836], [132.79365044328017, 18.368548610904618], [132.79127891957742, 18.376526686211818], [132.78048662142731, 18.4050773768218], [132.7641638106916, 18.433628067431783], [132.76272482466166, 18.435715315940815], [132.74857645260258, 18.462178758041766], [132.73179920604318, 18.483562090934534], [132.72560307724814, 18.49072944865175], [132.7008735874247, 18.51810103510107], [132.69927685669904, 18.519280139261735], [132.68864138104342, 18.54783082987172], [132.7008735874247, 18.560379774281568], [132.72285397563434, 18.576381520481704], [132.73179920604318, 18.579757934480583], [132.76272482466166, 18.593795173171383], [132.77857761441066, 18.604932211091686], [132.79365044328017, 18.61495652742705], [132.81204393026502, 18.63348290170167], [132.82457606189865, 18.648737665324504], [132.83422094861493, 18.66203359231165], [132.85339866243066, 18.690584282921638], [132.85550168051714, 18.693267386221365], [132.8758882424574, 18.71913497353162], [132.88642729913562, 18.736982081115613], [132.8943067819414, 18.747685664141606], [132.90613084922305, 18.77623635475159], [132.91735291775413, 18.80179900161243], [132.9195745113306, 18.80478704536157], [132.9420595315869, 18.833337735971554], [132.9482785363726, 18.842289923406504], [132.96617504744313, 18.861888426581537], [132.9792041549911, 18.888221413724235], [132.98037361016705, 18.890439117191523], [132.9806694407359, 18.918989807801506], [132.9792041549911, 18.92198231944148], [132.96496561456698, 18.94754049841149], [132.9482785363726, 18.962038490444392], [132.9221660071125, 18.976091189021474], [132.91735291775413, 18.978097724472804], [132.88642729913562, 18.985194353791844], [132.85550168051714, 18.989571246803216], [132.82457606189865, 18.994491471128622], [132.79365044328017, 19.00159922065098], [132.78451551853124, 19.004641879631457], [132.7627248246617, 19.01200266182155], [132.73179920604318, 19.023087745244954], [132.7008735874247, 19.032795800564056], [132.69929777614874, 19.03319257024144], [132.66994796880618, 19.040847422343035], [132.6390223501877, 19.045895732679107], [132.60809673156922, 19.04806704046795], [132.57717111295074, 19.04646253568272], [132.54624549433223, 19.03917965496408], [132.53310272646303, 19.03319257024144], [132.51531987571374, 19.023871830114608], [132.4881478670515, 19.004641879631457], [132.48439425709526, 19.00170209714101], [132.45346863847675, 18.97772547765453], [132.4512135897497, 18.976091189021474], [132.42254301985827, 18.96115089175577], [132.39528308712613, 18.94754049841149], [132.39161740123978, 18.94609569914202], [132.36069178262127, 18.929419906072585], [132.34728648677958, 18.918989807801506], [132.3297661640028, 18.901515964850784], [132.3208252080604, 18.890439117191523], [132.30690253002393, 18.861888426581537], [132.29972710764, 18.833337735971554], [132.2988405453843, 18.82773514863091], [132.29355870460464, 18.80478704536157], [132.28316402068742, 18.77623635475159], [132.2679149267658, 18.755187096756966], [132.23698930814732, 18.773663306221536], [132.23528179702782, 18.77623635475159], [132.2163689378559, 18.80478704536157], [132.20606368952883, 18.817744248018478], [132.19982528054433, 18.833337735971554], [132.1862305941578, 18.861888426581537], [132.17513807091035, 18.875889024672627], [132.16754581803593, 18.890439117191523], [132.14661455260466, 18.918989807801506], [132.14421245229184, 18.928169037595644], [132.14159257841223, 18.94754049841149], [132.14421245229184, 18.95536222792194], [132.15614248587295, 18.976091189021474], [132.17513807091035, 19.003726564688833], [132.17596030738338, 19.004641879631457], [132.20155496042642, 19.03319257024144], [132.20606368952883, 19.038756111401145], [132.22875441307326, 19.061743260851422], [132.23698930814732, 19.070406060577593], [132.2586775627699, 19.09029395146141], [132.2679149267658, 19.098406715395523], [132.2925269189843, 19.11884464207139], [132.2988405453843, 19.123680671006635], [132.3291963642732, 19.147395332681377], [132.3297661640028, 19.147798494994483], [132.36069178262127, 19.169357514897346], [132.36934040749577, 19.17594602329136], [132.39161740123978, 19.19099766888114], [132.4090312781571, 19.204496713901342], [132.42254301985827, 19.214529398454637], [132.44569953277022, 19.233047404511325], [132.45346863847675, 19.239290929759452], [132.48023812588522, 19.261598095121307], [132.48439425709526, 19.265339648182355], [132.5122066821351, 19.290148785731294], [132.51531987571374, 19.293341557806947], [132.54231311716117, 19.31869947634128], [132.54624549433223, 19.323104065231618], [132.57101167333056, 19.347250166951262], [132.57717111295074, 19.354436560740275], [132.59853288985647, 19.375800857561245], [132.60809673156922, 19.386668452051204], [132.6257646336467, 19.404351548171228], [132.6390223501877, 19.418668425312006], [132.6533494634855, 19.43290223878121], [132.66994796880618, 19.450089965469875], [132.6815156320318, 19.461452929391193], [132.7008735874247, 19.481562999229375], [132.70939261715196, 19.490003620001175], [132.73179920604318, 19.515262882048837], [132.73480774604724, 19.518554310611165], [132.7531265038127, 19.547105001221148], [132.76272482466166, 19.57311364607505], [132.76369644235385, 19.57565569183113], [132.76483518324227, 19.60420638244111], [132.76272482466166, 19.618279461816346], [132.75848634834642, 19.632757073051096], [132.73740121769208, 19.661307763661082], [132.73179920604318, 19.66651375806061], [132.70087358742472, 19.67372735611456], [132.66994796880618, 19.673755275747716], [132.6390223501877, 19.672228732587783], [132.60809673156922, 19.672681315019894], [132.57717111295074, 19.676238854790583], [132.54624549433223, 19.679318732089335], [132.51531987571374, 19.682369209458756], [132.48439425709526, 19.686711707186213], [132.46671053011377, 19.689858454271064], [132.45346863847675, 19.693049290714296], [132.42254301985827, 19.700201193953692], [132.39161740123978, 19.70806013307258], [132.36069178262127, 19.717886115437416], [132.35937258841403, 19.71840914488105], [132.3297661640028, 19.730760522944017], [132.2988405453843, 19.7410181732448], [132.2682576462524, 19.746959835491033], [132.26791492676577, 19.74701947760033], [132.23698930814732, 19.749172417608662], [132.21362520713086, 19.746959835491033], [132.20606368952883, 19.746326374966916], [132.17513807091035, 19.73670968951366], [132.14796046580915, 19.71840914488105], [132.14421245229184, 19.7148474652922], [132.12763607726995, 19.689858454271064], [132.12166650290365, 19.661307763661082], [132.1207121942412, 19.632757073051096], [132.11631635356704, 19.604206382441113], [132.11328683367336, 19.600444386893034], [132.08532592254576, 19.57565569183113], [132.08236121505487, 19.574395428442656], [132.05143559643636, 19.56169475862515], [132.02088886381313, 19.547105001221148], [132.02050997781788, 19.546982328153614], [131.9895843591994, 19.53402675789964], [131.96549197938955, 19.518554310611165], [131.9586587405809, 19.51461823569187], [131.92830139301003, 19.49000362000118], [131.9277331219624, 19.489455426298388], [131.89680750334392, 19.46237884528628], [131.89561430624224, 19.461452929391193], [131.8658818847254, 19.439085223615667], [131.85698186866668, 19.43290223878121], [131.83495626610693, 19.417143814734036], [131.81628824747935, 19.404351548171228], [131.80403064748845, 19.395733263467868], [131.77388146813618, 19.375800857561245], [131.77310502886996, 19.37529925505868], [131.74217941025145, 19.362046223718277], [131.71125379163297, 19.37117635681291], [131.70798131235435, 19.375800857561245], [131.69905823851832, 19.404351548171228], [131.6938128001039, 19.43290223878121], [131.69223312760067, 19.461452929391193], [131.69643531466085, 19.49000362000118], [131.70051263342887, 19.518554310611165], [131.70813387135004, 19.547105001221148], [131.71125379163297, 19.553247201330514], [131.72075985459261, 19.57565569183113], [131.72725085585094, 19.604206382441113], [131.73081138092567, 19.632757073051096], [131.73150733252754, 19.661307763661082], [131.7284909509267, 19.689858454271064], [131.7223076520251, 19.71840914488105], [131.71363783663298, 19.746959835491033], [131.71125379163297, 19.759634002043022], [131.70900199926552, 19.775510526101016], [131.71125379163297, 19.799567438218585], [131.7120622846089, 19.804061216711], [131.7281541168765, 19.83261190732098], [131.74217941025145, 19.846853776895834], [131.76190194225802, 19.861162597930967], [131.77310502886996, 19.869329936658676], [131.79190189912728, 19.88971328854095], [131.80403064748845, 19.907133988759455], [131.8143634287355, 19.918263979150936], [131.8288899538938, 19.94681466976092], [131.83495626610693, 19.973407741168025], [131.83550425653397, 19.975365360370905], [131.83934804649007, 20.003916050980884], [131.84128432279658, 20.032466741590866], [131.84306588508025, 20.061017432200853], [131.84512961710854, 20.089568122810835], [131.85298294923888, 20.118118813420818], [131.8658818847254, 20.140105089235448], [131.8691030759694, 20.146669504030804], [131.8812143805522, 20.175220194640787], [131.89680750334392, 20.2012113088364], [131.8984467631966, 20.20377088525077], [131.92068328221734, 20.232321575860755], [131.9277331219624, 20.240105164249197], [131.95264447904242, 20.260872266470734], [131.9586587405809, 20.26570108369622], [131.9895843591994, 20.28211222090247], [132.01610240361634, 20.28942295708072], [132.02050997781788, 20.29054472666795], [132.05143559643636, 20.293800102238173], [132.08236121505487, 20.294422391079042], [132.11328683367336, 20.296391348606875], [132.14421245229184, 20.30322977611906], [132.17513807091035, 20.315262889542286], [132.18029924679556, 20.317973647690707], [132.20606368952883, 20.32775773646882], [132.23698930814732, 20.339296116764405], [132.2587732295978, 20.34652433830069], [132.2679149267658, 20.348705283812365], [132.2988405453843, 20.35591828910289], [132.3297661640028, 20.36232227324068], [132.36069178262127, 20.36810665302249], [132.39161740123978, 20.373836446950207], [132.39769185088304, 20.375075028910672], [132.42254301985827, 20.381099765033767], [132.45346863847675, 20.390812646775693], [132.48275049142723, 20.403625719520655], [132.48439425709526, 20.404545520743714], [132.51531987571374, 20.424236384605933], [132.52779996003184, 20.43217641013064], [132.54624549433223, 20.439972512966524], [132.57717111295074, 20.45052624790211], [132.60809673156922, 20.458430296442405], [132.61902811760186, 20.460727100740623], [132.6390223501877, 20.464061945240385], [132.66994796880618, 20.470020357581507], [132.7008735874247, 20.47825558511758], [132.72867267620686, 20.489277791350606], [132.73179920604318, 20.492321729503182], [132.74926528241136, 20.517828481960592], [132.73388333204704, 20.546379172570575], [132.73179920604318, 20.547878300826355], [132.7008735874247, 20.569863593914388], [132.69408564117458, 20.574929863180557], [132.66994796880618, 20.587638526775656], [132.6390223501877, 20.602996520884094], [132.63809810228145, 20.60348055379054], [132.60809673156922, 20.619362951321655], [132.5813076769442, 20.632031244400526], [132.57717111295074, 20.634879649415648], [132.54624549433223, 20.654172770828517], [132.53415549185996, 20.66058193501051], [132.51531987571374, 20.677212958183436], [132.49456080935704, 20.689132625620495], [132.48439425709526, 20.699323421207232], [132.45346863847675, 20.709748220822043], [132.42254301985827, 20.707298419975114], [132.39161740123978, 20.697908640873237], [132.37223021954526, 20.68913262562049], [132.36069178262127, 20.685493087469357], [132.3297661640028, 20.67393545019169], [132.2988405453843, 20.661796938566813], [132.29453545403626, 20.66058193501051], [132.2679149267658, 20.652895592934133], [132.23698930814732, 20.646023500933694], [132.20606368952883, 20.640552437108507], [132.17513807091035, 20.635062503550962], [132.16112945187538, 20.632031244400526], [132.14421245229184, 20.628187542861497], [132.11328683367336, 20.6191663130556], [132.08236121505487, 20.607317207968983], [132.07408407914355, 20.60348055379054], [132.05143559643636, 20.5919411782031], [132.02450561141538, 20.574929863180557], [132.02050997781788, 20.571851731535535], [131.99111375182542, 20.546379172570575], [131.9895843591994, 20.54470507039517], [131.96442857784453, 20.517828481960592], [131.9586587405809, 20.510556052477355], [131.93953740644824, 20.489277791350606], [131.9277331219624, 20.474341670484243], [131.9153832996085, 20.460727100740623], [131.89680750334392, 20.43838656180472], [131.8907332995347, 20.43217641013064], [131.8658818847254, 20.40940213715171], [131.85733867161792, 20.403625719520655], [131.83495626610693, 20.391986874596675], [131.80403064748845, 20.38011768028493], [131.79172832544458, 20.375075028910672], [131.77310502886996, 20.367784983840473], [131.74217941025145, 20.352259985820243], [131.73309431548998, 20.34652433830069], [131.711253791633, 20.327991278128515], [131.70006326184645, 20.317973647690707], [131.68488552386953, 20.28942295708072], [131.6803281730145, 20.286515059246142], [131.65242185923236, 20.260872266470738], [131.6803281730145, 20.236317589777244], [131.6908021278365, 20.232321575860755], [131.6975892852652, 20.20377088525077], [131.6854581811603, 20.175220194640787], [131.6803281730145, 20.168645414205002], [131.656389154593, 20.146669504030804], [131.64940255439598, 20.144327495342605], [131.6184769357775, 20.141221943862007], [131.587551317159, 20.14322189159278], [131.57123335013273, 20.146669504030804], [131.55662569854053, 20.152754432956907], [131.53037892996872, 20.175220194640787], [131.52570007992202, 20.181508935084544], [131.50502547149583, 20.20377088525077], [131.49477446130354, 20.219990650306976], [131.48280383603873, 20.232321575860755], [131.46384884268502, 20.248612272450682], [131.43927243724036, 20.260872266470738], [131.43292322406654, 20.26340980548896], [131.40199760544806, 20.270572921657287], [131.37107198682958, 20.274060968477748], [131.34014636821107, 20.276740071006934], [131.30922074959258, 20.279654924227188], [131.2782951309741, 20.282314179562285], [131.2473695123556, 20.28440713096873], [131.2164438937371, 20.2862084809702], [131.18551827511862, 20.287559835834543], [131.15459265650014, 20.28756084604042], [131.12366703788163, 20.284765689497604], [131.09274141926315, 20.27694097029891], [131.06287889111, 20.260872266470738], [131.06181580064467, 20.260274944177187], [131.03203518671117, 20.232321575860755], [131.03089018202616, 20.230923083728936], [131.01364944289338, 20.20377088525077], [131.00203440879886, 20.175220194640787], [130.99996456340767, 20.16727441622777], [130.9945377542215, 20.146669504030804], [130.98971906326386, 20.118118813420814], [130.9864596512375, 20.089568122810835], [130.98351610112397, 20.061017432200853], [130.97943724141652, 20.032466741590866], [130.97361318088366, 20.003916050980884], [130.9690389447892, 19.983571450602398], [130.96700210214595, 19.9753653603709], [130.96096601288562, 19.94681466976092], [130.95705390528832, 19.918263979150936], [130.95524346258745, 19.889713288540953], [130.9543957016263, 19.86116259793097], [130.95180935619615, 19.83261190732098], [130.94509781217582, 19.804061216711], [130.93811332617068, 19.781904499929], [130.9363875464019, 19.775510526101016], [130.93011455072016, 19.746959835491033], [130.92873218570992, 19.71840914488105], [130.93286895193344, 19.689858454271064], [130.93811332617068, 19.674703117189495], [130.94194059999157, 19.661307763661082], [130.95463643600698, 19.632757073051096], [130.9690389447892, 19.609094513633295], [130.9717329355722, 19.604206382441113], [130.98866993606924, 19.57565569183113], [130.99996456340767, 19.55680665560176], [131.00549980155628, 19.547105001221148], [131.01864698223702, 19.518554310611165], [131.0283838866149, 19.49000362000118], [131.03089018202616, 19.477347509285593], [131.03375799212486, 19.461452929391193], [131.03601433350923, 19.43290223878121], [131.03670690511942, 19.404351548171228], [131.03637480566093, 19.375800857561245], [131.03436700506342, 19.347250166951262], [131.0311406966472, 19.31869947634128], [131.03089018202616, 19.317582550245138], [131.02286867776473, 19.290148785731294], [131.01154292650287, 19.261598095121307], [131.00045333465044, 19.233047404511325], [130.99996456340767, 19.23133341008828], [130.9907245866075, 19.204496713901342], [130.98768247068125, 19.17594602329136], [130.9924721550685, 19.147395332681377], [130.99996456340767, 19.12798477055075], [131.0033327910544, 19.11884464207139], [131.01504223875577, 19.09029395146141], [131.02832344205763, 19.061743260851422], [131.03089018202616, 19.056548024027816], [131.04236444380646, 19.03319257024144], [131.0581281121291, 19.004641879631457], [131.06181580064467, 18.997706685652446], [131.07653379501227, 18.976091189021474], [131.09274141926315, 18.947906519934904], [131.09313421884926, 18.94754049841149], [131.112779785276, 18.918989807801506], [131.12191108603662, 18.890439117191523], [131.12366703788163, 18.87248930263955], [131.12726122780194, 18.861888426581537], [131.12436107031306, 18.833337735971554], [131.12366703788163, 18.83002922058426], [131.1220832993638, 18.80478704536157], [131.11990505934665, 18.77623635475159], [131.1161430473508, 18.747685664141606], [131.11010677852659, 18.719134973531617], [131.10418721229703, 18.690584282921638], [131.0987470274905, 18.66203359231165], [131.09314275148597, 18.63348290170167], [131.09274141926315, 18.63142049146362], [131.08698557344815, 18.604932211091686], [131.08322990127272, 18.576381520481704], [131.08232666798543, 18.54783082987172], [131.08451479817612, 18.51928013926174], [131.09033488290603, 18.49072944865175], [131.09274141926315, 18.481845912519425], [131.1018183517643, 18.462178758041766], [131.12366703788163, 18.434719283927087], [131.15459265650014, 18.44119809656415], [131.1759437598825, 18.462178758041766], [131.18551827511862, 18.469744489266127], [131.199541298679, 18.49072944865175], [131.2142715607063, 18.519280139261735], [131.2164438937371, 18.52465343079117], [131.22568400093002, 18.54783082987172], [131.23210116834088, 18.576381520481704], [131.23426320724775, 18.604932211091686], [131.2331208384036, 18.63348290170167], [131.2298413530716, 18.66203359231165], [131.22552529829073, 18.690584282921638], [131.22116062268114, 18.71913497353162], [131.2164438937371, 18.73836229114137], [131.2131269571074, 18.747685664141606], [131.1988110627738, 18.77623635475159], [131.18792284278362, 18.804787045361575], [131.18551827511862, 18.814498452489616], [131.17361031343674, 18.833337735971554], [131.16348353361346, 18.861888426581537], [131.15968516763996, 18.89043911719152], [131.16144522721123, 18.918989807801506], [131.1687431183359, 18.94754049841149], [131.18413516663415, 18.976091189021474], [131.18551827511862, 18.97715859925688], [131.2164438937371, 19.002017292678847], [131.22224543289923, 19.004641879631457], [131.2473695123556, 19.01138955176862], [131.2782951309741, 19.014605244118307], [131.30922074959258, 19.01010737723947], [131.34014636821107, 19.005452915965616], [131.3438014956964, 19.004641879631457], [131.37107198682958, 18.998120643234348], [131.40199760544806, 18.987007923893753], [131.42640410008002, 18.976091189021474], [131.43292322406654, 18.972888827969083], [131.46384884268502, 18.952311219477526], [131.4693799944658, 18.94754049841149], [131.49225594462308, 18.918989807801506], [131.49477446130354, 18.91291820241478], [131.5006483929418, 18.890439117191523], [131.50468865749133, 18.861888426581537], [131.51095188515012, 18.833337735971554], [131.52411870572388, 18.80478704536157], [131.52570007992202, 18.802574267385733], [131.5415778557094, 18.77623635475159], [131.55662569854053, 18.76060448558392], [131.56926141780656, 18.747685664141606], [131.587551317159, 18.731637383303436], [131.60297986879465, 18.71913497353162], [131.6184769357775, 18.705535339967625], [131.63684854677032, 18.69058428292164], [131.64940255439598, 18.679118129458825], [131.66916433987333, 18.66203359231165], [131.6803281730145, 18.652718250866435], [131.70253355890506, 18.63348290170167], [131.71125379163297, 18.62621737532628], [131.72933852585012, 18.604932211091686], [131.74217941025145, 18.587811100213997], [131.7464631833928, 18.576381520481704], [131.75789611884, 18.54783082987172], [131.77310502886996, 18.52553545181664], [131.77604008055187, 18.519280139261735], [131.79906975448603, 18.49072944865175], [131.80403064748845, 18.485963978750654], [131.82382477983782, 18.462178758041766], [131.83495626610693, 18.452048928038472], [131.84976344432852, 18.433628067431783], [131.8658818847254, 18.416729050540752], [131.87539827626688, 18.4050773768218], [131.89680750334392, 18.38038119608841], [131.90015149839712, 18.376526686211818], [131.92447605405565, 18.347975995601836], [131.9277331219624, 18.344641523209223], [131.9522567300213, 18.31942530499185], [131.9586587405809, 18.313589931294587], [131.98443896546505, 18.290874614381863], [131.9895843591994, 18.286485288675397], [132.02050997781788, 18.26357452316684], [132.02268602888128, 18.26232392377188], [132.05143559643636, 18.243856119254133], [132.08236121505487, 18.236329132674175], [132.11328683367336, 18.234672774892296], [132.14421245229184, 18.239626901663314], [132.17433535374698, 18.26232392377188], [132.17513807091035, 18.263108497911666], [132.20606368952883, 18.269951843435507], [132.21542427457803, 18.26232392377188], [132.23698930814732, 18.238958796374366], [132.24088589789955, 18.233773233161898], [132.2564363814311, 18.205222542551915], [132.2679149267658, 18.18456362683202], [132.2728826885177, 18.176671851941933], [132.28152329539714, 18.148121161331947], [132.2856373346204, 18.11957047072196], [132.28851836988537, 18.091019780111978], [132.29244942805235, 18.062469089501995], [132.2988405453843, 18.034192812305957], [132.2989104448563, 18.033918398892013], [132.3092628505843, 18.00536770828203], [132.32530668019047, 17.976817017672047], [132.3297661640028, 17.97054593341316]]]}, "properties": {"fillColor": "#00FF00", "fillOpacity": 0.7, "color": "#000000", "weight": 0.2, "stroke": false}}, {"type": "Feature", "geometry": {"type": "Polygon", "coordinates": [[[132.40096724630652, 18.033918398892013], [132.39161740123978, 18.040959297019523], [132.36069178262127, 18.05752839025645], [132.35534592033173, 18.062469089501995], [132.338460500419, 18.091019780111978], [132.33617335382482, 18.119570470721964], [132.34794274058902, 18.148121161331947], [132.36069178262127, 18.15612108626911], [132.37299957920328, 18.176671851941933], [132.39161740123978, 18.189071123768], [132.3974034486246, 18.205222542551915], [132.4074103499658, 18.233773233161898], [132.41901021029625, 18.26232392377188], [132.42254301985827, 18.271558085443314], [132.43738628214481, 18.290874614381863], [132.45346863847675, 18.31158656341882], [132.47257285627603, 18.31942530499185], [132.48439425709526, 18.324779238620103], [132.5013310917335, 18.319425304991853], [132.51531987571377, 18.312027362439203], [132.52663226461405, 18.290874614381863], [132.54205949146723, 18.26232392377188], [132.54624549433223, 18.249569559102852], [132.55244209583518, 18.233773233161898], [132.5635182394685, 18.205222542551915], [132.57717111295074, 18.181023916692354], [132.58189500505762, 18.176671851941933], [132.60809673156922, 18.15238960190822], [132.61477251156316, 18.148121161331947], [132.6390223501877, 18.123205001291428], [132.64284502264437, 18.119570470721964], [132.66929914496086, 18.091019780111974], [132.66994796880618, 18.0901776184722], [132.7008735874247, 18.067969732954307], [132.70518531727996, 18.062469089501995], [132.7008735874247, 18.055979859752938], [132.68404336150584, 18.033918398892013], [132.66994796880618, 18.027687802524074], [132.6390223501877, 18.021908408721835], [132.60809673156922, 18.021073144855237], [132.57717111295074, 18.021448152778877], [132.54624549433223, 18.02136525719013], [132.51531987571374, 18.021578143337535], [132.48439425709526, 18.025182235248298], [132.45346863847675, 18.024633870063646], [132.42254301985827, 18.019563712368118], [132.40096724630652, 18.033918398892013]]]}, "properties": {"fillColor": "#00FF00", "fillOpacity": 0.7, "color": "#000000", "weight": 0.2, "stroke": false}}, {"type": "Feature", "geometry": {"type": "Polygon", "coordinates": [[[132.68547877581778, 18.176671851941933], [132.66994796880618, 18.1860078083698], [132.65822335830967, 18.205222542551915], [132.64777217461676, 18.233773233161898], [132.64122842676443, 18.26232392377188], [132.6390223501877, 18.276481581813236], [132.6361161818001, 18.290874614381863], [132.63262673640727, 18.31942530499185], [132.6304466492607, 18.347975995601836], [132.62879100249475, 18.376526686211818], [132.6265039327836, 18.4050773768218], [132.62610352324026, 18.433628067431783], [132.63339155896836, 18.462178758041766], [132.6390223501877, 18.47070545477417], [132.66994796880618, 18.476790787250398], [132.69278237306574, 18.462178758041766], [132.7008735874247, 18.45436029678376], [132.71367274031977, 18.433628067431783], [132.73179920604318, 18.40705153578288], [132.73295099925312, 18.4050773768218], [132.74786556620364, 18.376526686211818], [132.75962517881024, 18.347975995601836], [132.76272482466166, 18.33792482039289], [132.76821916885802, 18.31942530499185], [132.77201991895996, 18.290874614381863], [132.77079429122884, 18.26232392377188], [132.76425231187318, 18.233773233161898], [132.76272482466166, 18.229640053083067], [132.75101076964808, 18.205222542551915], [132.73179920604318, 18.180011139417612], [132.72072980759003, 18.176671851941933], [132.7008735874247, 18.168662953118236], [132.68547877581778, 18.176671851941933]]]}, "properties": {"fillColor": "#00FF00", "fillOpacity": 0.7, "color": "#000000", "weight": 0.2, "stroke": false}}, {"type": "Feature", "geometry": {"type": "Polygon", "coordinates": [[[132.29517676240079, 18.205222542551915], [132.2679149267658, 18.226276068242015], [132.2624500701182, 18.233773233161898], [132.23902570575112, 18.26232392377188], [132.23698930814732, 18.263805187193075], [132.20634014629434, 18.290874614381863], [132.20606368952883, 18.29109156755493], [132.18395879411622, 18.290874614381863], [132.17513807091035, 18.29053935052158], [132.1462701715302, 18.26232392377188], [132.14421245229184, 18.260773472228685], [132.11328683367336, 18.24853210861857], [132.08236121505487, 18.249401891873937], [132.05143559643636, 18.262163569326233], [132.05118596627793, 18.26232392377188], [132.02050997781788, 18.279953736441765], [132.00712143483653, 18.290874614381863], [131.9895843591994, 18.306932823177217], [131.9757282299023, 18.31942530499185], [131.9586587405809, 18.336568511889542], [131.94697649948444, 18.347975995601836], [131.9277331219624, 18.369643808493752], [131.92150901269304, 18.376526686211818], [131.89680750334392, 18.404999279692962], [131.8967398006014, 18.4050773768218], [131.87088267755527, 18.433628067431783], [131.8658818847254, 18.438327229068566], [131.8433984830129, 18.462178758041766], [131.83495626610693, 18.471922219857092], [131.81654702634762, 18.49072944865175], [131.80403064748845, 18.510051309913887], [131.7957234562279, 18.519280139261735], [131.77835189698772, 18.54783082987172], [131.77310502886996, 18.56333821298648], [131.76557390205033, 18.576381520481704], [131.75299776824312, 18.604932211091686], [131.74217941025145, 18.626856849971723], [131.73620623814324, 18.63348290170167], [131.71125379163297, 18.659530054263627], [131.70842621049232, 18.66203359231165], [131.6803281730145, 18.68900333149353], [131.67853662686264, 18.690584282921638], [131.64940255439598, 18.71421797233119], [131.6435824066489, 18.71913497353162], [131.6184769357775, 18.737781469205814], [131.60677279423265, 18.747685664141606], [131.587551317159, 18.7652484683385], [131.5764064445897, 18.77623635475159], [131.5572031791682, 18.804787045361575], [131.55662569854053, 18.806475699690402], [131.5451810539019, 18.833337735971554], [131.54174678633962, 18.861888426581537], [131.54326593102445, 18.890439117191523], [131.54326360043677, 18.918989807801506], [131.5323763110114, 18.94754049841149], [131.52570007992202, 18.956161453939792], [131.5069058544849, 18.976091189021474], [131.49477446130354, 18.987756387282083], [131.47376579588848, 19.004641879631457], [131.46384884268502, 19.01375681910979], [131.43639205147866, 19.03319257024144], [131.43292322406654, 19.036386532437287], [131.40199760544806, 19.05649690809754], [131.3885687990383, 19.061743260851422], [131.37107198682958, 19.069684006533784], [131.34014636821107, 19.079348097723752], [131.30922074959258, 19.083277719313667], [131.2782951309741, 19.078908133888618], [131.2473695123556, 19.069022345607287], [131.2200557689236, 19.061743260851422], [131.2164438937371, 19.06077961376925], [131.18551827511862, 19.05237117955901], [131.15459265650014, 19.053857525485142], [131.13687973884117, 19.061743260851422], [131.12366703788166, 19.069252509348644], [131.09868328775474, 19.09029395146141], [131.09274141926315, 19.098305365217037], [131.08108838580583, 19.11884464207139], [131.06831002690228, 19.147395332681377], [131.06181580064467, 19.163266902386166], [131.05676077931284, 19.17594602329136], [131.0554463010078, 19.204496713901342], [131.0613698184923, 19.233047404511325], [131.06181580064467, 19.234340895256473], [131.06957589018452, 19.261598095121307], [131.07947965726083, 19.290148785731294], [131.08933091066518, 19.31869947634128], [131.09274141926315, 19.331004233285192], [131.09799792136363, 19.347250166951262], [131.10619305312792, 19.375800857561245], [131.11408031476844, 19.404351548171228], [131.12142396707324, 19.43290223878121], [131.12366703788163, 19.446909800757425], [131.12648694138736, 19.461452929391193], [131.12366703788163, 19.473762413144584], [131.12027243182158, 19.49000362000118], [131.1006549415071, 19.518554310611165], [131.09274141926315, 19.526435097650864], [131.07662623850723, 19.547105001221148], [131.06181580064467, 19.564199654105792], [131.0533732203537, 19.57565569183113], [131.03275377510687, 19.60420638244111], [131.03089018202616, 19.60723741616514], [131.0153148693397, 19.632757073051096], [131.00359646176548, 19.661307763661082], [130.99996456340767, 19.685089298591517], [130.99912972446162, 19.689858454271064], [130.99996456340767, 19.694861477636998], [131.00449335664666, 19.71840914488105], [131.02286731510839, 19.746959835491033], [131.03089018202616, 19.7556659958683], [131.0554161288339, 19.775510526101016], [131.06181580064467, 19.781665118061195], [131.08998166837296, 19.804061216711], [131.09274141926315, 19.810380536857647], [131.10212943181148, 19.83261190732098], [131.09274141926315, 19.852122676009376], [131.0888150850867, 19.861162597930967], [131.06886662280615, 19.88971328854095], [131.06181580064467, 19.904786848983353], [131.05627220093692, 19.918263979150936], [131.05205013507668, 19.94681466976092], [131.0540974026429, 19.9753653603709], [131.05941834795001, 20.003916050980884], [131.06181580064467, 20.014109847884793], [131.06617907848033, 20.032466741590866], [131.07291122135018, 20.061017432200853], [131.0758258909879, 20.089568122810835], [131.07998885382773, 20.118118813420818], [131.09165722581486, 20.146669504030804], [131.09274141926315, 20.148221004458993], [131.12366703788163, 20.172819416296612], [131.1322613532464, 20.175220194640787], [131.15459265650014, 20.181439515030334], [131.18551827511862, 20.18541146112851], [131.2164438937371, 20.188611513312026], [131.2473695123556, 20.192071952841612], [131.2782951309741, 20.194767039474314], [131.30922074959258, 20.195128340856968], [131.34014636821104, 20.192168395308677], [131.37107198682958, 20.18615053062757], [131.40199760544806, 20.178700253630225], [131.4202819050201, 20.175220194640787], [131.43292322406654, 20.173956258775622], [131.46384884268502, 20.172064779343614], [131.49477446130354, 20.160034863057263], [131.5086936413417, 20.146669504030804], [131.52570007992202, 20.135560195199236], [131.5560611717244, 20.118118813420818], [131.55662569854053, 20.117874115979937], [131.587551317159, 20.107011352279375], [131.6184769357775, 20.089987826969868], [131.61916101698733, 20.089568122810835], [131.64695012244033, 20.061017432200853], [131.64940255439598, 20.050074934752605], [131.65639179882425, 20.032466741590866], [131.65166494521606, 20.003916050980884], [131.64940255439598, 19.995570031867537], [131.64298377098632, 19.9753653603709], [131.6184769357775, 19.950016478755913], [131.61276999507095, 19.946814669760922], [131.587551317159, 19.935894071339927], [131.55662569854053, 19.92177365342379], [131.5503570436388, 19.918263979150936], [131.52570007992202, 19.904058223418026], [131.5069140327391, 19.88971328854095], [131.49477446130354, 19.872577448948302], [131.4898916877242, 19.861162597930967], [131.49477446130354, 19.846354857298856], [131.5028108527791, 19.83261190732098], [131.52570007992202, 19.821864953808493], [131.55662569854053, 19.819361275778647], [131.587551317159, 19.823895728665892], [131.6184769357775, 19.830605308590847], [131.64066453020268, 19.804061216711], [131.64940255439598, 19.78603795981759], [131.65222283072026, 19.775510526101016], [131.65928773445756, 19.746959835491033], [131.6623007367093, 19.71840914488105], [131.64940255439598, 19.701527697409823], [131.63537666220884, 19.689858454271064], [131.6184769357775, 19.67830200723795], [131.60922640783207, 19.661307763661082], [131.59394034253995, 19.632757073051096], [131.587551317159, 19.620277670727305], [131.57822808426354, 19.604206382441113], [131.55662569854053, 19.57700529461119], [131.55486315090099, 19.57565569183113], [131.52570007992202, 19.55230535625346], [131.52151708177755, 19.547105001221148], [131.5115245681837, 19.518554310611165], [131.5107954284024, 19.49000362000118], [131.5068599718877, 19.461452929391193], [131.49477446130354, 19.437830580569443], [131.49289395860322, 19.432902238781214], [131.4755236941921, 19.404351548171228], [131.46384884268502, 19.387387196989835], [131.45703860075173, 19.375800857561245], [131.4444258056359, 19.347250166951262], [131.44127555015865, 19.31869947634128], [131.46079493289636, 19.290148785731294], [131.46384884268502, 19.287261024178278], [131.47265075860935, 19.290148785731297], [131.49477446130354, 19.29517628167705], [131.5180471696201, 19.31869947634128], [131.52570007992202, 19.3252917287322], [131.54481949203566, 19.347250166951262], [131.55662569854053, 19.361271643195927], [131.57546947223494, 19.375800857561245], [131.587551317159, 19.389259231651543], [131.60080090449918, 19.375800857561245], [131.61474090332717, 19.347250166951262], [131.6184769357775, 19.34471228020608], [131.64940255439598, 19.324184393368874], [131.6540603456226, 19.31869947634128], [131.6803281730145, 19.298906245534194], [131.71125379163297, 19.2965298998245], [131.74217941025145, 19.30574258880761], [131.77310502886996, 19.317924936760896], [131.80403064748845, 19.31305806904474], [131.83495626610693, 19.302377243335783], [131.8658818847254, 19.302628818596816], [131.89680750334392, 19.310105058974752], [131.9164908609822, 19.31869947634128], [131.9277331219624, 19.331073398341722], [131.93722761488965, 19.347250166951262], [131.93134726646966, 19.375800857561245], [131.9277331219624, 19.385530934323118], [131.91769605646456, 19.404351548171228], [131.92678598997034, 19.43290223878121], [131.9277331219624, 19.433882031000422], [131.9453111128756, 19.461452929391193], [131.9586587405809, 19.474325429370808], [131.97840900041749, 19.49000362000118], [131.9895843591994, 19.496804615675604], [132.02050997781788, 19.507585444668713], [132.05143559643636, 19.514921770962342], [132.0680219256172, 19.518554310611165], [132.08236121505487, 19.522582303277723], [132.11328683367336, 19.530297079282768], [132.14421245229184, 19.538139887206768], [132.16944975766665, 19.547105001221148], [132.17513807091035, 19.550654613319164], [132.2038228610415, 19.57565569183113], [132.20606368952883, 19.581347763553925], [132.21570898154047, 19.604206382441113], [132.21436064391423, 19.632757073051096], [132.21750803021274, 19.661307763661082], [132.23698930814732, 19.667775272685265], [132.2679149267658, 19.661594866401003], [132.26856711738327, 19.661307763661082], [132.2988405453843, 19.648027494723085], [132.3297661640028, 19.636049734118988], [132.34148845605245, 19.632757073051096], [132.36069178262127, 19.627374508417123], [132.39161740123978, 19.618724792878503], [132.42254301985827, 19.611096003690953], [132.45224060949312, 19.604206382441113], [132.45346863847675, 19.603786021097264], [132.48439425709526, 19.595223973268887], [132.51531987571374, 19.58511513333621], [132.53319795977748, 19.57565569183113], [132.54624549433223, 19.56319764191776], [132.5673201882887, 19.547105001221148], [132.5726650821754, 19.518554310611165], [132.55852468462322, 19.49000362000118], [132.54624549433223, 19.46968289651481], [132.54176271920576, 19.461452929391193], [132.53045137454285, 19.43290223878121], [132.526371513746, 19.404351548171228], [132.52236745668225, 19.375800857561245], [132.51531987571374, 19.36103536063527], [132.50977738439505, 19.347250166951262], [132.48986015240763, 19.31869947634128], [132.48439425709526, 19.313064927016384], [132.4638473705138, 19.290148785731294], [132.45346863847675, 19.2807997667327], [132.4327074926049, 19.261598095121307], [132.42254301985827, 19.253340521395863], [132.3985925501315, 19.233047404511325], [132.39161740123978, 19.227674912526762], [132.36081210592818, 19.204496713901342], [132.36069178262127, 19.204409025703587], [132.3297661640028, 19.183555829897706], [132.3192656758144, 19.17594602329136], [132.2988405453843, 19.16111845969779], [132.28043697372942, 19.147395332681377], [132.2679149267658, 19.137554077865946], [132.2449676962951, 19.11884464207139], [132.23698930814732, 19.111792099232193], [132.21497447729905, 19.09029395146141], [132.20606368952883, 19.081047933855288], [132.19063616973386, 19.061743260851422], [132.17513807091035, 19.043182119793673], [132.16858741429579, 19.03319257024144], [132.14728457941618, 19.004641879631457], [132.14421245229184, 19.000737102667795], [132.12997751518492, 18.976091189021474], [132.1195803610849, 18.94754049841149], [132.12649568154353, 18.918989807801506], [132.14312824256405, 18.890439117191523], [132.14421245229184, 18.888347768203005], [132.1621457925783, 18.861888426581537], [132.17220172246445, 18.833337735971554], [132.17513807091035, 18.819935796523648], [132.18064054166177, 18.80478704536157], [132.185924287223, 18.77623635475159], [132.20606368952883, 18.750347170400616], [132.2078979750741, 18.747685664141606], [132.22723497160047, 18.71913497353162], [132.23698930814732, 18.706591376634], [132.25260336590785, 18.690584282921638], [132.2679149267658, 18.66636739404103], [132.2964523362148, 18.690584282921638], [132.2988405453843, 18.692507221246004], [132.3152502133336, 18.71913497353162], [132.3297661640028, 18.746862094385097], [132.3301522349934, 18.747685664141606], [132.33993951693822, 18.77623635475159], [132.3471287950901, 18.80478704536157], [132.3539283954978, 18.833337735971554], [132.36069178262127, 18.850799039819368], [132.3682670098016, 18.861888426581537], [132.39161740123978, 18.882274604311746], [132.41733084495033, 18.890439117191523], [132.42254301985827, 18.891774690834943], [132.45346863847675, 18.893821984406642], [132.48439425709526, 18.896961297395173], [132.51531987571374, 18.903553994852757], [132.54624549433223, 18.912244521605285], [132.57016013576475, 18.918989807801506], [132.57717111295074, 18.921577527656837], [132.60809673156922, 18.933704990311327], [132.6390223501877, 18.94657043082862], [132.64415075232446, 18.94754049841149], [132.66994796880618, 18.951220840051484], [132.69271937518255, 18.94754049841149], [132.7008735874247, 18.94602599185605], [132.73179920604318, 18.93455514472845], [132.76272482466166, 18.925040251473597], [132.78553237663306, 18.918989807801506], [132.79365044328017, 18.91676413698769], [132.82457606189865, 18.905402482766533], [132.8487054747165, 18.890439117191523], [132.85550168051714, 18.878335131409244], [132.8604834468846, 18.861888426581537], [132.85742904890577, 18.833337735971554], [132.85550168051714, 18.826133953604845], [132.85047913091384, 18.80478704536157], [132.8483808631071, 18.77623635475159], [132.84712160784474, 18.747685664141606], [132.83238094218734, 18.71913497353162], [132.82457606189865, 18.709324892596435], [132.806546154451, 18.690584282921638], [132.79365044328017, 18.675181174934394], [132.77892433379253, 18.66203359231165], [132.76272482466166, 18.64947479788328], [132.73215330100336, 18.63348290170167], [132.73179920604318, 18.63331937296475], [132.7008735874247, 18.61965498632743], [132.66994796880618, 18.606460172561242], [132.66720759467748, 18.604932211091686], [132.6390223501877, 18.58475214986317], [132.62891024266338, 18.576381520481704], [132.60809673156922, 18.5525259718146], [132.60424599213655, 18.54783082987172], [132.57717111295074, 18.52382052987685], [132.5716301551327, 18.519280139261735], [132.54624549433223, 18.500791047290974], [132.53411750488235, 18.49072944865175], [132.51531987571374, 18.476548894305523], [132.48506612315254, 18.462178758041766], [132.48439425709526, 18.461777481250515], [132.45346863847675, 18.454188872953278], [132.42254301985827, 18.45916678215521], [132.41532002367828, 18.462178758041766], [132.39161740123978, 18.46936447584943], [132.36069178262127, 18.47229300517867], [132.33869205297174, 18.462178758041766], [132.3297661640028, 18.45477302170695], [132.32431751491964, 18.433628067431783], [132.3290241099961, 18.4050773768218], [132.3297661640028, 18.40128008812134], [132.33869647660785, 18.376526686211818], [132.34552407752997, 18.347975995601836], [132.35039924739857, 18.31942530499185], [132.35207187467512, 18.290874614381863], [132.35126334330442, 18.26232392377188], [132.34835053115782, 18.233773233161898], [132.34225433594153, 18.205222542551915], [132.3297661640028, 18.17982161089881], [132.2988405453843, 18.199972311889155], [132.29517676240079, 18.205222542551915]]]}, "properties": {"fillColor": "#00FF00", "fillOpacity": 0.7, "color": "#000000", "weight": 0.2, "stroke": false}}, {"type": "Feature", "geometry": {"type": "Polygon", "coordinates": [[[132.3772592747994, 18.26232392377188], [132.36459261141576, 18.290874614381863], [132.36069178262125, 18.298834611235115], [132.358871389077, 18.31942530499185], [132.3555780276663, 18.347975995601836], [132.35286573825346, 18.376526686211818], [132.35157342987387, 18.4050773768218], [132.35921686293503, 18.433628067431783], [132.36069178262127, 18.43487018916096], [132.36507781172304, 18.433628067431783], [132.39161740123978, 18.410379072225812], [132.39985761622475, 18.4050773768218], [132.41648360085415, 18.376526686211818], [132.41586273369361, 18.347975995601836], [132.41021891842541, 18.319425304991846], [132.40603449887914, 18.290874614381863], [132.39734172479442, 18.26232392377188], [132.39161740123978, 18.24499731349367], [132.3772592747994, 18.26232392377188]]]}, "properties": {"fillColor": "#00FF00", "fillOpacity": 0.7, "color": "#000000", "weight": 0.2, "stroke": false}}, {"type": "Feature", "geometry": {"type": "Polygon", "coordinates": [[[132.51034797713743, 18.4050773768218], [132.51531987571374, 18.423733808192896], [132.5183334595059, 18.433628067431783], [132.54624549433223, 18.44335348099681], [132.55698276238425, 18.433628067431783], [132.55378356885495, 18.4050773768218], [132.54624549433223, 18.3914406101917], [132.51531987571374, 18.40282775155943], [132.51034797713743, 18.4050773768218]]]}, "properties": {"fillColor": "#00FF00", "fillOpacity": 0.7, "color": "#000000", "weight": 0.2, "stroke": false}}, {"type": "Feature", "geometry": {"type": "Polygon", "coordinates": [[[131.1483108017046, 18.519280139261735], [131.12366703788163, 18.547287873395796], [131.12351075640436, 18.54783082987172], [131.12201648166305, 18.576381520481704], [131.12366703788163, 18.587359667868487], [131.12806988642666, 18.604932211091686], [131.14042901629955, 18.63348290170167], [131.15322985831574, 18.66203359231165], [131.15459265650014, 18.66508479622027], [131.16184611394883, 18.66203359231165], [131.18551827511862, 18.650834598384883], [131.1904188076267, 18.63348290170167], [131.1950812199466, 18.604932211091686], [131.19419108504377, 18.576381520481704], [131.18701429602922, 18.54783082987172], [131.18551827511862, 18.544653058262195], [131.15891716645106, 18.519280139261735], [131.15459265650014, 18.515895413689165], [131.1483108017046, 18.519280139261735]]]}, "properties": {"fillColor": "#00FF00", "fillOpacity": 0.7, "color": "#000000", "weight": 0.2, "stroke": false}}, {"type": "Feature", "geometry": {"type": "Polygon", "coordinates": [[[132.34636111045847, 20.517828481960592], [132.33152096453767, 20.546379172570575], [132.33299633505843, 20.574929863180557], [132.35272336717242, 20.60348055379054], [132.36069178262127, 20.60893929363688], [132.39161740123978, 20.623364235578375], [132.42254301985827, 20.627758056357393], [132.45346863847675, 20.623638282060085], [132.48439425709526, 20.613623337741476], [132.5075992359959, 20.60348055379054], [132.51531987571374, 20.59892214738466], [132.54624549433223, 20.580444793471855], [132.555884253767, 20.574929863180557], [132.57235916106455, 20.546379172570575], [132.54624549433223, 20.528333219090385], [132.5242196432639, 20.517828481960592], [132.51531987571374, 20.515328867009586], [132.48439425709526, 20.506900767269123], [132.45346863847675, 20.49954187799134], [132.42254301985827, 20.49491499733393], [132.39161740123978, 20.495608691846545], [132.36069178262127, 20.506361701867796], [132.34636111045847, 20.517828481960592]]]}, "properties": {"fillColor": "#00FF00", "fillOpacity": 0.7, "color": "#000000", "weight": 0.2, "stroke": false}}, {"type": "Feature", "geometry": {"type": "Polygon", "coordinates": [[[120.88728727516106, 18.051271302255543], [120.91821289377955, 18.047537017691692], [120.9355247260571, 18.062469089501995], [120.94030932169956, 18.091019780111978], [120.91821289377955, 18.111733974893255], [120.88728727516107, 18.10302685101684], [120.87821839789181, 18.091019780111978], [120.87773774858222, 18.062469089501995], [120.88728727516106, 18.051271302255543]]]}, "properties": {"fillColor": "#00FF00", "fillOpacity": 0.7, "color": "#000000", "weight": 0.2, "stroke": false}}, {"type": "Feature", "geometry": {"type": "Polygon", "coordinates": [[[132.14421245229184, 18.651478429435052], [132.14781472118247, 18.66203359231165], [132.15631814268622, 18.690584282921638], [132.16639191891622, 18.71913497353162], [132.14421245229184, 18.734374730288636], [132.13551222758645, 18.71913497353162], [132.12995297055946, 18.690584282921638], [132.136301613598, 18.66203359231165], [132.14421245229184, 18.651478429435052]]]}, "properties": {"fillColor": "#00FF00", "fillOpacity": 0.7, "color": "#000000", "weight": 0.2, "stroke": false}}, {"type": "Feature", "geometry": {"type": "Polygon", "coordinates": [[[132.60809673156922, 19.775048077529046], [132.6390223501877, 19.762419867670033], [132.66994796880618, 19.760202396019046], [132.7008735874247, 19.75566408188021], [132.73179920604318, 19.751036554249627], [132.76272482466166, 19.749665798042006], [132.79365044328017, 19.754252544866922], [132.82457606189865, 19.764919864959253], [132.8440712645821, 19.775510526101016], [132.85550168051714, 19.784395818164427], [132.8706487598664, 19.804061216711], [132.86733296745157, 19.83261190732098], [132.85550168051714, 19.843111573666597], [132.82534268086874, 19.861162597930967], [132.82457606189865, 19.86143695898666], [132.79365044328017, 19.871986716659947], [132.76272482466166, 19.882876762111813], [132.74675807772581, 19.88971328854095], [132.73179920604318, 19.894416218929337], [132.7008735874247, 19.905505241866074], [132.66994796880618, 19.917902137137467], [132.6691530761324, 19.918263979150936], [132.6390223501877, 19.929108281733093], [132.60809673156922, 19.938139012130613], [132.57717111295074, 19.943951231668194], [132.54624549433223, 19.944787370355026], [132.51531987571374, 19.937630282703406], [132.48439425709526, 19.918760125549873], [132.48382904816856, 19.918263979150936], [132.46913310388163, 19.889713288540946], [132.47472444746523, 19.861162597930967], [132.48439425709526, 19.8483991091531], [132.50275981868748, 19.83261190732098], [132.51531987571374, 19.823531349703686], [132.54624549433223, 19.80793793819234], [132.5554449249171, 19.804061216711], [132.57717111295074, 19.791158070259943], [132.60757588425133, 19.775510526101016], [132.60809673156922, 19.775048077529046]]]}, "properties": {"fillColor": "#00FF00", "fillOpacity": 0.7, "color": "#000000", "weight": 0.2, "stroke": false}}, {"type": "Feature", "geometry": {"type": "Polygon", "coordinates": [[[129.11350182767973, 20.670663352589987], [129.1444274462982, 20.67378917237197], [129.1709713253332, 20.68913262562049], [129.1753530649167, 20.69155116241755], [129.20485930871354, 20.717683316230477], [129.20627868353517, 20.719089244032208], [129.2301559273119, 20.74623400684046], [129.23720430215369, 20.75617706453702], [129.2508765584623, 20.774784697450443], [129.2663216066066, 20.803335388060425], [129.26812992077217, 20.807891573652103], [129.27953437631368, 20.83188607867041], [129.28553260201124, 20.860436769280394], [129.28478012253223, 20.888987459890377], [129.2769553501957, 20.917538150500363], [129.26812992077217, 20.93466095116097], [129.25795058178542, 20.946088841110345], [129.23720430215369, 20.96098156431864], [129.20627868353517, 20.954008200584962], [129.18954778774645, 20.946088841110345], [129.1753530649167, 20.941292677801393], [129.1444274462982, 20.92640994135932], [129.13221526712073, 20.917538150500363], [129.11350182767973, 20.90025157080209], [129.1047931221217, 20.888987459890377], [129.09152487626886, 20.860436769280394], [129.08477610603808, 20.83188607867041], [129.08257620906122, 20.82206197604523], [129.0758862985341, 20.803335388060432], [129.0686578694638, 20.774784697450443], [129.06958685626302, 20.74623400684046], [129.07489889064288, 20.717683316230477], [129.08257620906122, 20.697787688297055], [129.08808297640917, 20.68913262562049], [129.11350182767973, 20.670663352589987]]]}, "properties": {"fillColor": "#00FF00", "fillOpacity": 0.7, "color": "#000000", "weight": 0.2, "stroke": false}}, {"type": "Feature", "geometry": {"type": "Polygon", "coordinates": [[[129.10926379243986, 20.74623400684046], [129.09750880450963, 20.774784697450443], [129.09887158375585, 20.80333538806043], [129.10945084968384, 20.83188607867041], [129.11350182767973, 20.84027999290488], [129.12488206675644, 20.860436769280394], [129.1444274462982, 20.88400643803523], [129.15324587254125, 20.888987459890377], [129.1753530649167, 20.901636373567225], [129.20627868353517, 20.90456017070467], [129.2270282841302, 20.88898745989038], [129.23720430215369, 20.866933256596695], [129.23920469982622, 20.860436769280394], [129.23720430215369, 20.83509873193989], [129.23697100594634, 20.83188607867041], [129.2246570622671, 20.80333538806043], [129.20627868353517, 20.775201778985043], [129.20593049290238, 20.774784697450443], [129.1802751633314, 20.74623400684046], [129.1753530649167, 20.741406041229837], [129.1444274462982, 20.72451399294264], [129.11350182767973, 20.737477351266826], [129.10926379243986, 20.74623400684046]]]}, "properties": {"fillColor": "#00FF00", "fillOpacity": 0.7, "color": "#000000", "weight": 0.2, "stroke": false}}, {"type": "Feature", "geometry": {"type": "Polygon", "coordinates": [[[132.66994796880618, 20.74221823314998], [132.7008735874247, 20.736981555589047], [132.73179920604318, 20.73356497062334], [132.76272482466166, 20.73355129051825], [132.79365044328017, 20.738255532682132], [132.81992271798737, 20.74623400684046], [132.82457606189865, 20.749222804700914], [132.85550168051716, 20.774535744322005], [132.85585012309193, 20.774784697450443], [132.88642729913562, 20.79436077050028], [132.91735291775413, 20.794393069961806], [132.94827853637258, 20.79054827083491], [132.9792041549911, 20.785768394080108], [133.0101297736096, 20.780773882102082], [133.0410553922281, 20.77581272245769], [133.04657532922909, 20.774784697450443], [133.07198101084657, 20.768445461714307], [133.10290662946505, 20.76101940979095], [133.13383224808356, 20.754658399309], [133.16475786670205, 20.749324043221105], [133.18600657251812, 20.74623400684046], [133.19568348532056, 20.744284733237286], [133.22660910393904, 20.740444147023865], [133.25753472255752, 20.739909900622145], [133.288460341176, 20.743715320047173], [133.2970821622556, 20.74623400684046], [133.31938595979452, 20.756732351383487], [133.33954330169922, 20.774784697450443], [133.33577352355388, 20.80333538806043], [133.31938595979452, 20.81763457155232], [133.3020072203798, 20.83188607867041], [133.288460341176, 20.839298080294526], [133.25753472255752, 20.855313251609232], [133.24839276735378, 20.860436769280394], [133.22660910393904, 20.871673519582963], [133.19568348532056, 20.88632170017111], [133.1905436608498, 20.888987459890377], [133.16475786670205, 20.90284183971464], [133.13383224808356, 20.916864774662365], [133.13243313616246, 20.917538150500363], [133.10290662946508, 20.933836938912012], [133.07439150977106, 20.946088841110345], [133.07198101084657, 20.947489868630765], [133.0410553922281, 20.963580949376418], [133.0113345358185, 20.974639531720328], [133.0101297736096, 20.975270448247134], [132.9792041549911, 20.98907760062681], [132.9482785363726, 20.997849313820023], [132.91937891734793, 21.003190222330314], [132.91735291775413, 21.003769346821223], [132.88642729913562, 21.007309276178457], [132.85550168051714, 21.003779929271623], [132.85331972323377, 21.003190222330314], [132.82457606189865, 20.994631036544828], [132.79365044328017, 20.979455649941595], [132.78564712833418, 20.974639531720328], [132.76521688466167, 20.946088841110345], [132.7641482882435, 20.917538150500363], [132.77063909099655, 20.888987459890377], [132.77418821598604, 20.860436769280394], [132.76272482466166, 20.84971042036814], [132.73179920604318, 20.841089573425133], [132.7008735874247, 20.83661426337778], [132.66994796880618, 20.832312024401585], [132.66713300649172, 20.83188607867041], [132.6390223501877, 20.82513378118219], [132.60809673156922, 20.81668730093459], [132.57717111295074, 20.808534250879184], [132.554638645394, 20.80333538806043], [132.55342202109267, 20.774784697450443], [132.57717111295074, 20.769034814514598], [132.60809673156922, 20.760226298749057], [132.6390223501877, 20.749632661595793], [132.64883569194365, 20.74623400684046], [132.66994796880618, 20.74221823314998]]]}, "properties": {"fillColor": "#00FF00", "fillOpacity": 0.7, "color": "#000000", "weight": 0.2, "stroke": false}}, {"type": "Feature", "geometry": {"type": "Polygon", "coordinates": [[[133.07790816537562, 20.80333538806043], [133.07198101084657, 20.804799926203206], [133.0410553922281, 20.812731714927192], [133.0101297736096, 20.82189686464663], [132.98361920074333, 20.83188607867041], [132.9792041549911, 20.833288498401213], [132.9482785363726, 20.84293755410915], [132.91735291775413, 20.85616473037645], [132.90888115966703, 20.860436769280394], [132.88642729913562, 20.8722270481247], [132.86452319375644, 20.888987459890377], [132.85550168051714, 20.900200934575253], [132.8426469206031, 20.917538150500363], [132.84248373577697, 20.946088841110345], [132.85550168051714, 20.959265396156454], [132.88435575703315, 20.974639531720328], [132.88642729913562, 20.97523002332092], [132.91735291775413, 20.975414234262388], [132.92106181106087, 20.974639531720328], [132.9482785363726, 20.969727855800745], [132.9792041549911, 20.96089870315444], [133.0101297736096, 20.948776433166948], [133.01576683338303, 20.946088841110345], [133.0410553922281, 20.93510812730875], [133.07198101084657, 20.920309802927168], [133.0772510905491, 20.917538150500363], [133.10290662946508, 20.904496423493455], [133.13223244380796, 20.888987459890377], [133.13383224808356, 20.887949673045604], [133.16475786670205, 20.869964294842045], [133.18170983247194, 20.86043676928039], [133.19568348532056, 20.849165232641866], [133.22229354840317, 20.831886078670408], [133.22660910393904, 20.82417562702895], [133.2439862700403, 20.803335388060425], [133.22660910393904, 20.7902895148755], [133.19568348532056, 20.78467190696097], [133.16475786670205, 20.78600548206988], [133.13383224808356, 20.79012379513847], [133.10290662946508, 20.796369698421483], [133.07790816537562, 20.80333538806043]]]}, "properties": {"fillColor": "#00FF00", "fillOpacity": 0.7, "color": "#000000", "weight": 0.2, "stroke": false}}, {"type": "Feature", "geometry": {"type": "Polygon", "coordinates": [[[133.56679090874243, 21.170039075084723], [133.59771652736094, 21.161094811478243], [133.62864214597943, 21.154503265503802], [133.6595677645979, 21.149877973292373], [133.6904933832164, 21.147288306981864], [133.7214190018349, 21.151152342531912], [133.74660206985976, 21.174494365990213], [133.7406069597021, 21.2030450566002], [133.7214190018349, 21.22473043233583], [133.7157167966178, 21.231595747210182], [133.6904933832164, 21.25062188276108], [133.67541257521344, 21.260146437820165], [133.6595677645979, 21.269707395691427], [133.62864214597943, 21.283983480769145], [133.61749074379966, 21.28869712843015], [133.59771652736094, 21.29880429551922], [133.56679090874243, 21.311490619790757], [133.55234598856404, 21.317247819040134], [133.53586529012395, 21.326054860393114], [133.50493967150547, 21.33993316264238], [133.49082491779333, 21.345798509650116], [133.47401405288696, 21.355525509706254], [133.44308843426847, 21.36947919169968], [133.4302743188625, 21.3743492002601], [133.41216281565, 21.38444664894904], [133.38123719703148, 21.39677491648526], [133.36013556640805, 21.402899890870085], [133.350311578413, 21.40753499811877], [133.31938595979452, 21.41599305730469], [133.288460341176, 21.41699440339184], [133.25753472255752, 21.408339178906022], [133.2470274166559, 21.40289989087008], [133.22660910393904, 21.385355011853754], [133.2160025315315, 21.3743492002601], [133.2125010386801, 21.345798509650116], [133.2252173543494, 21.317247819040134], [133.22660910393904, 21.31499956075843], [133.24123228659323, 21.28869712843015], [133.25753472255752, 21.269709006235914], [133.26677438769988, 21.260146437820165], [133.288460341176, 21.243736595510896], [133.31612591044063, 21.231595747210182], [133.31938595979452, 21.230053893720328], [133.350311578413, 21.21888371652994], [133.38123719703148, 21.211883389134726], [133.41216281565, 21.20661591289443], [133.4348227627138, 21.2030450566002], [133.44308843426847, 21.200864830779622], [133.47401405288696, 21.191868577961678], [133.50493967150547, 21.184365028531843], [133.53586529012395, 21.17796826229203], [133.55357194931943, 21.174494365990213], [133.56679090874243, 21.170039075084723]]]}, "properties": {"fillColor": "#00FF00", "fillOpacity": 0.7, "color": "#000000", "weight": 0.2, "stroke": false}}, {"type": "Feature", "geometry": {"type": "Polygon", "coordinates": [[[133.5274981928349, 21.2030450566002], [133.50493967150547, 21.20781732465483], [133.47401405288696, 21.21460014522754], [133.44308843426847, 21.222906096890522], [133.41681552200137, 21.231595747210182], [133.41216281565, 21.232821223111348], [133.38123719703148, 21.240973475167777], [133.350311578413, 21.252176009139994], [133.33458043895916, 21.26014643782017], [133.31938595979452, 21.269698502359432], [133.29759115967954, 21.28869712843015], [133.288460341176, 21.304285927774867], [133.2797194229598, 21.317247819040134], [133.2709602810425, 21.345798509650116], [133.2830178282636, 21.3743492002601], [133.288460341176, 21.3779975392641], [133.31938595979452, 21.387527010602668], [133.350311578413, 21.384615717593718], [133.38097806475645, 21.374349200260095], [133.38123719703148, 21.37428279498292], [133.41216281565, 21.363545636861527], [133.44308843426847, 21.349117803510833], [133.44911401960562, 21.345798509650116], [133.47401405288696, 21.334950581961166], [133.50493967150547, 21.31852711288511], [133.50731240006317, 21.317247819040134], [133.53586529012395, 21.304225353983156], [133.56589710630058, 21.28869712843015], [133.56679090874243, 21.28820205604349], [133.59771652736094, 21.273612656774006], [133.6243030011239, 21.260146437820165], [133.62864214597943, 21.25743927153553], [133.6595677645979, 21.23840842638323], [133.66946326724272, 21.231595747210182], [133.6904933832164, 21.207304634922995], [133.6941630436199, 21.2030450566002], [133.6904933832164, 21.19018878912636], [133.6595677645979, 21.17596794863559], [133.62864214597943, 21.18055284817632], [133.59771652736094, 21.18591997917521], [133.56679090874243, 21.192272881313595], [133.53586529012395, 21.200476861370618], [133.5274981928349, 21.2030450566002]]]}, "properties": {"fillColor": "#00FF00", "fillOpacity": 0.7, "color": "#000000", "weight": 0.2, "stroke": false}}, {"type": "Feature", "geometry": {"type": "Polygon", "coordinates": [[[133.44308843426847, 21.597729008709553], [133.47401405288696, 21.590660915282335], [133.50493967150547, 21.58449399212355], [133.53586529012395, 21.580533747376972], [133.56679090874243, 21.584664132632547], [133.58492478013972, 21.60275472513997], [133.5706883673709, 21.631305415749956], [133.56679090874243, 21.635208455297864], [133.5430171263152, 21.659856106359932], [133.53586529012395, 21.66588189063309], [133.5075984460663, 21.68840679696992], [133.50493967150547, 21.690509014295404], [133.47401405288696, 21.71307749360973], [133.46828766985516, 21.716957487579904], [133.44308843426847, 21.73575757329476], [133.42645729854107, 21.745508178189887], [133.41216281565, 21.755099164387598], [133.38123719703148, 21.765959229422496], [133.350311578413, 21.768325823499563], [133.31938595979452, 21.765858481003683], [133.288460341176, 21.759816967569172], [133.25753472255752, 21.748108773310943], [133.25327469826112, 21.74550817818989], [133.22812090944367, 21.716957487579904], [133.2306371817939, 21.68840679696992], [133.255194337241, 21.659856106359936], [133.25753472255752, 21.65839513644287], [133.288460341176, 21.642927343364732], [133.31724233464053, 21.631305415749953], [133.31938595979452, 21.630545635034657], [133.35031157841297, 21.62203263701772], [133.38123719703148, 21.614413023525593], [133.41216281565, 21.60606199413392], [133.42333523870008, 21.60275472513997], [133.44308843426847, 21.597729008709553]]]}, "properties": {"fillColor": "#00FF00", "fillOpacity": 0.7, "color": "#000000", "weight": 0.2, "stroke": false}}, {"type": "Feature", "geometry": {"type": "Polygon", "coordinates": [[[120.85636165654257, 23.21055990649932], [120.88728727516107, 23.205636875168647], [120.91821289377955, 23.225633117965344], [120.9224736505342, 23.230144089909036], [120.9462368958649, 23.258694780519022], [120.94913851239806, 23.264482603105364], [120.96039713692244, 23.287245471129005], [120.96345485807312, 23.315796161738987], [120.95616126663009, 23.344346852348973], [120.94913851239804, 23.35559512420298], [120.93220284503765, 23.37289754295896], [120.91821289377955, 23.386340526076967], [120.902868378502, 23.40144823356894], [120.91821289377955, 23.424250045525078], [120.92129960851618, 23.42999892417892], [120.93572962604065, 23.458549614788907], [120.93148899984021, 23.48710030539889], [120.92967484965729, 23.515650996008873], [120.92975026862581, 23.544201686618855], [120.91821289377955, 23.566322788258596], [120.91232912724702, 23.572752377228845], [120.88728727516107, 23.590863489991648], [120.86317367960085, 23.60130306783882], [120.85636165654257, 23.604938234443896], [120.82548448860113, 23.62985375844881], [120.82543603792408, 23.62989805684365], [120.7945104193056, 23.630137625034155], [120.79425921638688, 23.62985375844881], [120.78622964438296, 23.601303067838824], [120.78152038239307, 23.57275237722884], [120.78412453686934, 23.54420168661886], [120.79446284155757, 23.515650996008873], [120.7945104193056, 23.51550101797413], [120.80327696075489, 23.48710030539889], [120.81066147716766, 23.458549614788907], [120.81541104877982, 23.429998924178925], [120.82543603792408, 23.411826867802205], [120.8353647761087, 23.40144823356894], [120.83926571692362, 23.372897542958956], [120.82543603792408, 23.35586872976955], [120.81922667650257, 23.344346852348973], [120.81013913257169, 23.315796161738987], [120.81270814294544, 23.287245471129005], [120.82543603792408, 23.26254065521575], [120.82758814066837, 23.258694780519022], [120.84331856837765, 23.23014408990904], [120.85636165654257, 23.21055990649932]]]}, "properties": {"fillColor": "#00FF00", "fillOpacity": 0.7, "color": "#000000", "weight": 0.2, "stroke": false}}, {"type": "Feature", "geometry": {"type": "Polygon", "coordinates": [[[120.86666410184341, 23.258694780519022], [120.85636165654257, 23.264629976692714], [120.8406925386239, 23.287245471129005], [120.83534035981828, 23.315796161738987], [120.84778570662439, 23.344346852348973], [120.85636165654257, 23.353282040483748], [120.88728727516107, 23.3621449197883], [120.91821289377955, 23.35155864121412], [120.92564701985634, 23.344346852348977], [120.93776130926764, 23.315796161738987], [120.93363340747622, 23.287245471129005], [120.91821289377955, 23.263397539828993], [120.9094981765474, 23.258694780519022], [120.88728727516107, 23.24722955777128], [120.86666410184341, 23.258694780519022]]]}, "properties": {"fillColor": "#00FF00", "fillOpacity": 0.7, "color": "#000000", "weight": 0.2, "stroke": false}}, {"type": "Feature", "geometry": {"type": "Polygon", "coordinates": [[[120.85029612140849, 23.429998924178925], [120.84830138653726, 23.458549614788907], [120.85268805859431, 23.48710030539889], [120.84830482121089, 23.515650996008873], [120.85636165654259, 23.53136432643628], [120.8748383854916, 23.515650996008873], [120.86924793964467, 23.48710030539889], [120.88728727516107, 23.47801812834915], [120.89553045187935, 23.458549614788907], [120.89032480634683, 23.429998924178925], [120.88728727516107, 23.426489875360524], [120.85636165654256, 23.42401529598991], [120.85029612140849, 23.429998924178925]]]}, "properties": {"fillColor": "#00FF00", "fillOpacity": 0.7, "color": "#000000", "weight": 0.2, "stroke": false}}, {"type": "Feature", "geometry": {"type": "Polygon", "coordinates": [[[115.75363458449155, 23.645113952802657], [115.78456020311002, 23.644606906271274], [115.81548582172852, 23.65570907235782], [115.81956309145586, 23.658404449058793], [115.846411440347, 23.678703673359493], [115.8538090644907, 23.686955139668775], [115.86531225289954, 23.71550583027876], [115.86340808852746, 23.744056520888744], [115.84641144034701, 23.77238254346333], [115.84621220449111, 23.772607211498727], [115.81548582172852, 23.791955136221], [115.78456020311002, 23.794135066654103], [115.75363458449154, 23.788335305908905], [115.72795194497107, 23.772607211498727], [115.72270896587304, 23.768196073733126], [115.70256030500695, 23.744056520888744], [115.69684347944589, 23.715505830278758], [115.70188998984982, 23.686955139668775], [115.72270896587304, 23.6606018724503], [115.7260511667606, 23.658404449058793], [115.75363458449155, 23.645113952802657]]]}, "properties": {"fillColor": "#00FF00", "fillOpacity": 0.7, "color": "#000000", "weight": 0.2, "stroke": false}}, {"type": "Feature", "geometry": {"type": "Polygon", "coordinates": [[[115.73012392213487, 23.686955139668775], [115.72270896587304, 23.708272276835377], [115.72043152161365, 23.71550583027876], [115.72270896587304, 23.72253961910358], [115.72929717695743, 23.74405652088874], [115.75363458449154, 23.765387915864327], [115.78078091200577, 23.772607211498727], [115.78456020311002, 23.773659797366335], [115.79089948428633, 23.772607211498723], [115.81548582172852, 23.768500434148386], [115.83943846969699, 23.744056520888748], [115.84254938081276, 23.71550583027876], [115.82705296611974, 23.686955139668775], [115.81548582172852, 23.67726650003015], [115.78456020311, 23.66590900509957], [115.75363458449154, 23.6686848569031], [115.73012392213487, 23.686955139668775]]]}, "properties": {"fillColor": "#00FF00", "fillOpacity": 0.7, "color": "#000000", "weight": 0.2, "stroke": false}}, {"type": "Feature", "geometry": {"type": "Polygon", "coordinates": [[[121.13469222410899, 23.85669984366464], [121.13999205535923, 23.858259283328678], [121.16561784272749, 23.862498523143007], [121.19654346134598, 23.87584177422356], [121.20914957314855, 23.88680997393866], [121.22462194193696, 23.915360664548647], [121.22746907996448, 23.94013456864625], [121.2282882182963, 23.94391135515863], [121.22746907996446, 23.94788287899045], [121.2246313285502, 23.972462045768612], [121.20867402907865, 24.00101273637859], [121.19654346134598, 24.011929027741587], [121.16561784272749, 24.02449286846112], [121.13469222410899, 24.026234090964884], [121.1037666054905, 24.02254657602142], [121.07284098687202, 24.011101438349215], [121.05837059114624, 24.001012736378595], [121.04191536825353, 23.987034926142478], [121.0281456108224, 23.972462045768612], [121.02282830740694, 23.94391135515863], [121.04030596089015, 23.915360664548647], [121.04191536825353, 23.913101067620367], [121.05896204823136, 23.88680997393866], [121.07284098687202, 23.874150054400673], [121.1037666054905, 23.8599342421074], [121.12347023856799, 23.858259283328678], [121.13469222410899, 23.85669984366464]]]}, "properties": {"fillColor": "#00FF00", "fillOpacity": 0.7, "color": "#000000", "weight": 0.2, "stroke": false}}, {"type": "Feature", "geometry": {"type": "Polygon", "coordinates": [[[121.09192511020836, 23.88680997393866], [121.07284098687201, 23.901700913344655], [121.06110927373979, 23.915360664548647], [121.04769946326304, 23.94391135515863], [121.05783137874184, 23.972462045768612], [121.072840986872, 23.98571348474536], [121.10376660549052, 24.000868136910093], [121.1044393509949, 24.001012736378595], [121.13469222410899, 24.00822882453383], [121.16561784272749, 24.004219678960578], [121.17147187042788, 24.001012736378595], [121.19654346134598, 23.98317279156217], [121.20466476507136, 23.972462045768612], [121.21200012605021, 23.94391135515863], [121.20572134745368, 23.915360664548647], [121.19654346134598, 23.90305364778719], [121.17704786378386, 23.88680997393866], [121.16561784272749, 23.88016982641865], [121.13469222410899, 23.873000371740417], [121.1037666054905, 23.87916176283971], [121.09192511020836, 23.88680997393866]]]}, "properties": {"fillColor": "#00FF00", "fillOpacity": 0.7, "color": "#000000", "weight": 0.2, "stroke": false}}, {"type": "Feature", "geometry": {"type": "Polygon", "coordinates": [[[116.55770066857231, 23.96277903966289], [116.58862628719078, 23.958503193762382], [116.61955190580929, 23.96929302325264], [116.62359734793678, 23.972462045768612], [116.64453486213573, 24.001012736378595], [116.64755234206613, 24.02956342698858], [116.63908473818567, 24.058114117598564], [116.61955190580929, 24.07682675490468], [116.58862628719079, 24.084481137495793], [116.55770066857231, 24.079642669755067], [116.5284699052818, 24.058114117598564], [116.52677504995381, 24.054912268926287], [116.51500592886138, 24.02956342698858], [116.51875451846982, 24.001012736378595], [116.52677504995381, 23.988719376764063], [116.54213750344717, 23.972462045768612], [116.55770066857231, 23.96277903966289]]]}, "properties": {"fillColor": "#00FF00", "fillOpacity": 0.7, "color": "#000000", "weight": 0.2, "stroke": false}}, {"type": "Feature", "geometry": {"type": "Polygon", "coordinates": [[[116.54931613981816, 24.001012736378595], [116.54394831853703, 24.02956342698858], [116.55770066857231, 24.049223704048682], [116.57969539518172, 24.058114117598564], [116.58862628719079, 24.06041047483063], [116.5941023611951, 24.058114117598564], [116.61955190580929, 24.03628332924694], [116.622914390015, 24.02956342698858], [116.61955190580929, 24.013013029243425], [116.61556834113158, 24.001012736378595], [116.58862628719078, 23.984805698373552], [116.55770066857231, 23.992691284281477], [116.54931613981816, 24.001012736378595]]]}, "properties": {"fillColor": "#00FF00", "fillOpacity": 0.7, "color": "#000000", "weight": 0.2, "stroke": false}}, {"type": "Feature", "geometry": {"type": "Polygon", "coordinates": [[[121.1037666054905, 24.270132526871578], [121.13469222410899, 24.27171425225734], [121.15007467439023, 24.28651964247843], [121.16004038725569, 24.315070333088418], [121.13469222410899, 24.340007579890674], [121.1037666054905, 24.336557614635424], [121.07349533669131, 24.315070333088418], [121.08038247422087, 24.28651964247843], [121.1037666054905, 24.270132526871578]]]}, "properties": {"fillColor": "#00FF00", "fillOpacity": 0.7, "color": "#000000", "weight": 0.2, "stroke": false}}, {"type": "Feature", "geometry": {"type": "Polygon", "coordinates": [[[116.68140314304625, 24.468926233012187], [116.71232876166476, 24.46025147136583], [116.74325438028325, 24.460065421788336], [116.77417999890176, 24.463210678491926], [116.80510561752023, 24.469681312944342], [116.83603123613874, 24.484021795318196], [116.83975217703053, 24.486374476748317], [116.86695685475722, 24.49560604968826], [116.8978824733757, 24.509426851598622], [116.906801476976, 24.514925167358303], [116.9288080919942, 24.530743647158538], [116.94212605014613, 24.543475857968286], [116.95635917881975, 24.57202654857827], [116.95973371061268, 24.599931994779777], [116.95984739933871, 24.600577239188254], [116.95973371061268, 24.601044521657315], [116.95471009918926, 24.629127929798237], [116.93557727520006, 24.65767862040822], [116.9288080919942, 24.663246017969747], [116.8978824733757, 24.675347206679447], [116.8669568547572, 24.675756108645437], [116.83603123613872, 24.667372972024303], [116.81885196597639, 24.65767862040822], [116.80510561752021, 24.652532949464216], [116.77417999890174, 24.63250157136573], [116.7702920564814, 24.629127929798237], [116.74325438028326, 24.60507214491002], [116.73677155737191, 24.60057723918825], [116.71232876166476, 24.58310916219108], [116.69823597411593, 24.572026548578265], [116.68140314304628, 24.550774541197374], [116.67486068302867, 24.543475857968282], [116.6607453918302, 24.5149251673583], [116.66212140591608, 24.486374476748317], [116.68140314304625, 24.468926233012187]]]}, "properties": {"fillColor": "#00FF00", "fillOpacity": 0.7, "color": "#000000", "weight": 0.2, "stroke": false}}, {"type": "Feature", "geometry": {"type": "Polygon", "coordinates": [[[116.71095160220851, 24.514925167358303], [116.71232876166476, 24.52124216123454], [116.71606954556223, 24.543475857968286], [116.74052616893675, 24.57202654857827], [116.74325438028325, 24.574117262270683], [116.76694753115856, 24.600577239188254], [116.77417999890173, 24.607102570589085], [116.80510561752023, 24.62876044434813], [116.80638049970901, 24.629127929798237], [116.83603123613872, 24.64137911745587], [116.86695685475722, 24.649011290430074], [116.89788247337572, 24.64633972618691], [116.92172035278952, 24.629127929798237], [116.9288080919942, 24.613056654835], [116.93289307553898, 24.600577239188254], [116.9288080919942, 24.58214153721969], [116.92652638004682, 24.57202654857827], [116.9053810584289, 24.543475857968282], [116.8978824733757, 24.53757622638066], [116.86695685475722, 24.517481021715433], [116.85598150122456, 24.514925167358303], [116.83603123613872, 24.507915678125812], [116.80510561752021, 24.497566947009012], [116.77417999890174, 24.49114512168012], [116.74325438028323, 24.49250456629008], [116.71232876166476, 24.51298420938885], [116.71095160220851, 24.514925167358303]]]}, "properties": {"fillColor": "#00FF00", "fillOpacity": 0.7, "color": "#000000", "weight": 0.2, "stroke": false}}, {"type": "Feature", "geometry": {"type": "Polygon", "coordinates": [[[117.6400973202195, 25.170067820809443], [117.64632107854908, 25.171591051387928], [117.67102293883798, 25.17402402556618], [117.70194855745646, 25.18344513645856], [117.7223335009243, 25.20014174199791], [117.73287417607496, 25.216593442141562], [117.74052680926319, 25.228692432607893], [117.74554702645293, 25.257243123217876], [117.73855576739071, 25.285793813827862], [117.73287417607497, 25.295602538882157], [117.72051855207476, 25.314344504437845], [117.70194855745648, 25.32803452895112], [117.67102293883798, 25.334650145567416], [117.6400973202195, 25.33287058715961], [117.60917170160101, 25.322999327825727], [117.59536586562785, 25.314344504437848], [117.5782460829825, 25.302639992788805], [117.56130959161396, 25.285793813827862], [117.54957180561675, 25.257243123217876], [117.55045686683053, 25.228692432607893], [117.56407054632483, 25.20014174199791], [117.5782460829825, 25.186023214037405], [117.609171701601, 25.17263082564323], [117.62732581217941, 25.171591051387928], [117.6400973202195, 25.170067820809443]]]}, "properties": {"fillColor": "#00FF00", "fillOpacity": 0.7, "color": "#000000", "weight": 0.2, "stroke": false}}, {"type": "Feature", "geometry": {"type": "Polygon", "coordinates": [[[117.59398097013653, 25.20014174199791], [117.57824608298252, 25.217967219612206], [117.57100081462563, 25.228692432607893], [117.56945568265854, 25.257243123217876], [117.57824608298252, 25.271371544798605], [117.58698959560712, 25.285793813827866], [117.609171701601, 25.30358340679934], [117.6400973202195, 25.314312367094526], [117.64062110556792, 25.314344504437845], [117.67102293883798, 25.31735217709275], [117.6793412206483, 25.314344504437848], [117.70194855745649, 25.30536333942939], [117.7191983607864, 25.285793813827862], [117.72717313185333, 25.257243123217876], [117.72230265302743, 25.228692432607893], [117.70194855745648, 25.20543713027491], [117.69278143015606, 25.20014174199791], [117.67102293883798, 25.18874722269956], [117.6400973202195, 25.18446349127494], [117.609171701601, 25.190199857596667], [117.59398097013653, 25.20014174199791]]]}, "properties": {"fillColor": "#00FF00", "fillOpacity": 0.7, "color": "#000000", "weight": 0.2, "stroke": false}}, {"type": "Feature", "geometry": {"type": "Polygon", "coordinates": [[[124.9385433141834, 5.864452881361323], [124.9694689328019, 5.8605479568473555], [124.98467056670394, 5.871324199038976], [124.99856067800447, 5.8998748896489595], [124.99476444321955, 5.928425580258944], [124.97180526181225, 5.956976270868927], [124.96946893280192, 5.958649566793897], [124.9385433141834, 5.968619072982559], [124.90761769556491, 5.976537336120652], [124.88161784282335, 5.985526961478911], [124.87669207694643, 5.986460414781303], [124.84576645832794, 5.998848748126546], [124.84066341812874, 6.014077652088894], [124.8287734936196, 6.042628342698878], [124.81828126361535, 6.071179033308862], [124.81484083970945, 6.077812676052616], [124.80902554896318, 6.099729723918845], [124.7916827953676, 6.128280414528829], [124.78391522109095, 6.137340664712914], [124.76856618143987, 6.156831105138813], [124.75298960247247, 6.17092139131006], [124.72250563260219, 6.185381795748796], [124.72206398385397, 6.1856304035035246], [124.69113836523547, 6.195050137648948], [124.66021274661699, 6.193571624736488], [124.64506756692268, 6.185381795748796], [124.6292871279985, 6.173310878813077], [124.61718266966844, 6.156831105138812], [124.61178281772342, 6.128280414528829], [124.61619786339594, 6.099729723918845], [124.6292871279985, 6.0731319470254554], [124.63000194164712, 6.071179033308862], [124.64716834931252, 6.042628342698878], [124.66021274661699, 6.030813658383069], [124.68656494894857, 6.014077652088894], [124.69113836523547, 6.010998597484802], [124.72206398385399, 5.995107968422548], [124.75176645106869, 5.985526961478911], [124.75298960247245, 5.984886417058543], [124.78391522109095, 5.975396845192874], [124.81484083970946, 5.969833789740703], [124.84576645832793, 5.965682565383844], [124.8545142104022, 5.956976270868927], [124.87669207694643, 5.9397467419451875], [124.88372546521181, 5.928425580258944], [124.90155743545549, 5.8998748896489595], [124.90761769556491, 5.8925289094084174], [124.9293771638741, 5.871324199038976], [124.9385433141834, 5.864452881361323]]]}, "properties": {"fillColor": "#FFFF00", "fillOpacity": 0.7, "color": "#000000", "weight": 0.2, "stroke": false}}, {"type": "Feature", "geometry": {"type": "Polygon", "coordinates": [[[124.71170321220774, 6.014077652088894], [124.69113836523547, 6.022808357748278], [124.66448396029904, 6.042628342698878], [124.66021274661698, 6.0469971743599045], [124.64132671591847, 6.071179033308862], [124.63044735843673, 6.099729723918845], [124.6292871279985, 6.108533160133284], [124.62509604406407, 6.128280414528829], [124.62928712799851, 6.143428549405599], [124.63266924662861, 6.156831105138813], [124.66021274661699, 6.180285929834028], [124.69113836523547, 6.182784363869671], [124.72206398385399, 6.175714496913601], [124.75128738831324, 6.156831105138813], [124.75298960247247, 6.1555303775014085], [124.77768538229027, 6.128280414528829], [124.78391522109095, 6.119518235593683], [124.79829488892997, 6.099729723918845], [124.80817352688129, 6.071179033308862], [124.8115850514716, 6.042628342698878], [124.81326723804257, 6.0140776520888934], [124.78391522109095, 5.995713178628778], [124.75298960247247, 5.999020893369689], [124.72206398385397, 6.00849263360709], [124.71170321220774, 6.014077652088894]]]}, "properties": {"fillColor": "#FFFF00", "fillOpacity": 0.7, "color": "#000000", "weight": 0.2, "stroke": false}}, {"type": "Feature", "geometry": {"type": "Polygon", "coordinates": [[[125.55705568655321, 6.25992712161522], [125.57497961068782, 6.271033867578748], [125.57709856022467, 6.299584558188732], [125.55705568655323, 6.318034364570846], [125.53730697935839, 6.299584558188731], [125.5435225569837, 6.271033867578748], [125.55705568655321, 6.25992712161522]]]}, "properties": {"fillColor": "#FFFF00", "fillOpacity": 0.7, "color": "#000000", "weight": 0.2, "stroke": false}}, {"type": "Feature", "geometry": {"type": "Polygon", "coordinates": [[[125.27872511898681, 6.942200393313263], [125.3096507376053, 6.944489003389272], [125.3329168088668, 6.956250442218355], [125.3405763562238, 6.960727335498976], [125.36248986568928, 6.984801132828338], [125.37150197484229, 7.013133712929862], [125.37160032629211, 7.013351823438321], [125.3742134051685, 7.0419025140483065], [125.37150197484229, 7.049531464937031], [125.36613794339314, 7.070453204658289], [125.34057635622379, 7.0947690404941985], [125.32288088374595, 7.0990038952682735], [125.3096507376053, 7.102927108731084], [125.28244927672507, 7.0990038952682735], [125.27872511898681, 7.098718412599453], [125.24779950036833, 7.081276553376504], [125.23737310337677, 7.07045320465829], [125.22336557891687, 7.0419025140483065], [125.22111555008476, 7.013351823438322], [125.22503548451456, 6.984801132828339], [125.24779950036832, 6.957257832380263], [125.24956010658144, 6.956250442218355], [125.27872511898681, 6.942200393313263]]]}, "properties": {"fillColor": "#FFFF00", "fillOpacity": 0.7, "color": "#000000", "weight": 0.2, "stroke": false}}, {"type": "Feature", "geometry": {"type": "Polygon", "coordinates": [[[125.27372272784847, 6.956250442218355], [125.2477995003683, 6.971083290207739], [125.23646196340599, 6.984801132828339], [125.22971055964857, 7.013351823438322], [125.23288005581762, 7.0419025140483065], [125.2477995003683, 7.065069825577024], [125.25193760027497, 7.070453204658289], [125.27872511898683, 7.090302972223373], [125.3096507376053, 7.093357201308626], [125.34057635622378, 7.081990715251023], [125.35270495771312, 7.070453204658289], [125.3642103173195, 7.0419025140483065], [125.36263940864399, 7.013351823438322], [125.34848882287375, 6.984801132828339], [125.3405763562238, 6.976108635681488], [125.3096507376053, 6.957245322483281], [125.29855177920068, 6.956250442218355], [125.27872511898681, 6.953840573874766], [125.27372272784847, 6.956250442218355]]]}, "properties": {"fillColor": "#FFFF00", "fillOpacity": 0.7, "color": "#000000", "weight": 0.2, "stroke": false}}, {"type": "Feature", "geometry": {"type": "Polygon", "coordinates": [[[126.29927053339702, 7.239479225877876], [126.30478378735485, 7.241757348318192], [126.3301961520155, 7.253272040074788], [126.3537907142851, 7.270308038928176], [126.361121770634, 7.280388135027996], [126.37157482859607, 7.29885872953816], [126.37716648588707, 7.327409420148142], [126.3786807223881, 7.355960110758126], [126.3746778401856, 7.38451080136811], [126.361121770634, 7.411361297107923], [126.36030843566525, 7.413061491978093], [126.35003790520994, 7.441612182588077], [126.3337420014312, 7.470162873198061], [126.3301961520155, 7.474621341833625], [126.30027319769441, 7.498713563808044], [126.29927053339702, 7.499386470300203], [126.26834491477851, 7.510641853424984], [126.23741929616003, 7.505565102237603], [126.22680790863241, 7.498713563808044], [126.20649367754154, 7.48443919615294], [126.19424430156849, 7.470162873198061], [126.18077581269085, 7.441612182588077], [126.17725716280032, 7.413061491978093], [126.1792476717936, 7.38451080136811], [126.18427544586294, 7.355960110758126], [126.19635855856006, 7.327409420148143], [126.20649367754154, 7.3133353874045754], [126.22116059751869, 7.298858729538159], [126.23741929616003, 7.281936935454823], [126.24979919450709, 7.270308038928175], [126.26834491477852, 7.252877164222115], [126.2935290271702, 7.241757348318192], [126.29927053339702, 7.239479225877876]]]}, "properties": {"fillColor": "#FFFF00", "fillOpacity": 0.7, "color": "#000000", "weight": 0.2, "stroke": false}}, {"type": "Feature", "geometry": {"type": "Polygon", "coordinates": [[[126.27840244321953, 7.270308038928175], [126.26834491477852, 7.274737474841389], [126.24257835274302, 7.298858729538159], [126.23741929616003, 7.301726135599702], [126.21053302975544, 7.327409420148142], [126.20649367754154, 7.33333025519128], [126.19373108678818, 7.355960110758126], [126.18735378986874, 7.38451080136811], [126.18576179454215, 7.413061491978093], [126.19071573167119, 7.441612182588077], [126.20649367754154, 7.466753078792016], [126.20902382082186, 7.470162873198062], [126.23741929616003, 7.493108879492211], [126.26834491477851, 7.497105359659762], [126.29927053339702, 7.488008644158889], [126.31979924428681, 7.470162873198061], [126.3301961520155, 7.4550269100279625], [126.338524626745, 7.441612182588077], [126.34913438118474, 7.413061491978092], [126.361121770634, 7.388003061157589], [126.36288491560745, 7.38451080136811], [126.36557134147648, 7.355960110758126], [126.36112177063401, 7.338645893273702], [126.35757853803766, 7.327409420148142], [126.34779776296867, 7.298858729538159], [126.3301961520155, 7.277346444322566], [126.31996479966978, 7.2703080389281745], [126.29927053339702, 7.260042936642822], [126.27840244321953, 7.270308038928175]]]}, "properties": {"fillColor": "#FFFF00", "fillOpacity": 0.7, "color": "#000000", "weight": 0.2, "stroke": false}}, {"type": "Feature", "geometry": {"type": "Polygon", "coordinates": [[[124.6292871279985, 7.541182619254686], [124.66021274661699, 7.535448869726557], [124.68867807578788, 7.555814945028011], [124.69113836523547, 7.55886604698768], [124.71704047139136, 7.584365635637996], [124.72206398385397, 7.588927131712316], [124.75298960247244, 7.603728407320219], [124.77866461978121, 7.612916326247979], [124.78391522109095, 7.614296118738748], [124.81484083970945, 7.634558778988549], [124.82091455956036, 7.641467016857963], [124.83354512237588, 7.670017707467947], [124.83355814271212, 7.69856839807793], [124.81945250067676, 7.727119088687914], [124.81484083970945, 7.7323910793344846], [124.7999611406511, 7.755669779297897], [124.78837899934992, 7.784220469907881], [124.78391522109095, 7.802642295322587], [124.7819156028409, 7.8127711605178645], [124.76535713888197, 7.841321851127848], [124.75298960247245, 7.846723902884683], [124.72206398385399, 7.861161615084663], [124.71244912853581, 7.869872541737832], [124.69113836523547, 7.88798878872006], [124.66259648124887, 7.898423232347815], [124.660212746617, 7.899763513175726], [124.62928712799851, 7.903262368677992], [124.60915275948449, 7.898423232347815], [124.59836150938, 7.896049826364769], [124.57298669003153, 7.869872541737832], [124.56833049554798, 7.841321851127848], [124.57082078191148, 7.8127711605178645], [124.5776303112058, 7.784220469907881], [124.58528768776416, 7.755669779297898], [124.58067950592056, 7.727119088687914], [124.56743589076152, 7.707347201455239], [124.56050284767024, 7.6985683980779305], [124.54412850369017, 7.670017707467947], [124.53753329756177, 7.641467016857963], [124.54012663415851, 7.612916326247979], [124.55986580401154, 7.584365635637996], [124.56743589076152, 7.577826650279027], [124.59836150938, 7.565339948842507], [124.613985059183, 7.555814945028011], [124.6292871279985, 7.541182619254686]]]}, "properties": {"fillColor": "#FFFF00", "fillOpacity": 0.7, "color": "#000000", "weight": 0.2, "stroke": false}}, {"type": "Feature", "geometry": {"type": "Polygon", "coordinates": [[[124.62322305652572, 7.584365635637996], [124.59836150938, 7.589562835597345], [124.56743589076152, 7.604462746269579], [124.56067443776743, 7.612916326247979], [124.55297768247345, 7.641467016857963], [124.5592972785339, 7.670017707467947], [124.56743589076152, 7.682955755207525], [124.57815298793591, 7.69856839807793], [124.59735871314794, 7.727119088687914], [124.59836150938, 7.735453545177208], [124.60002065286862, 7.7556697792978975], [124.59836150937998, 7.76005791087749], [124.58912838552133, 7.784220469907881], [124.57979902319656, 7.812771160517865], [124.57821021504552, 7.841321851127848], [124.58849034707455, 7.869872541737832], [124.59836150938, 7.88005587434483], [124.62928712799851, 7.891390602677319], [124.66021274661699, 7.891972693354023], [124.69113836523547, 7.876565871397046], [124.699011958712, 7.869872541737832], [124.72206398385397, 7.848987724070389], [124.7358265025381, 7.841321851127848], [124.75298960247244, 7.825574504259492], [124.76426141523507, 7.812771160517864], [124.77570122680899, 7.784220469907881], [124.78261802535152, 7.755669779297898], [124.78391522109094, 7.750758009279457], [124.79740868496609, 7.727119088687914], [124.81017830458299, 7.69856839807793], [124.80623326978196, 7.670017707467947], [124.78391522109095, 7.649949639935839], [124.75298960247245, 7.645516816958023], [124.73624410897588, 7.641467016857963], [124.72206398385399, 7.634987989592193], [124.69113836523547, 7.615849593565405], [124.68678289483627, 7.612916326247979], [124.66058770462435, 7.584365635637996], [124.66021274661699, 7.583875424331078], [124.6292871279985, 7.581733729847495], [124.62322305652572, 7.584365635637996]]]}, "properties": {"fillColor": "#FFFF00", "fillOpacity": 0.7, "color": "#000000", "weight": 0.2, "stroke": false}}, {"type": "Feature", "geometry": {"type": "Polygon", "coordinates": [[[128.24758450636196, 7.5554498038701094], [128.27851012498044, 7.532053884831653], [128.30943574359895, 7.527493463917362], [128.34036136221744, 7.538951462969448], [128.35713605093275, 7.555814945028011], [128.37016336792186, 7.584365635637996], [128.37128698083592, 7.589524618896398], [128.3762108712817, 7.61291632624798], [128.38365350007, 7.641467016857963], [128.39685938765544, 7.670017707467947], [128.4022125994544, 7.676821006299888], [128.428354966365, 7.69856839807793], [128.4331382180729, 7.701342668789838], [128.4640638366914, 7.716488553918094], [128.4819334087747, 7.727119088687914], [128.49498945530988, 7.73452499175111], [128.5244316663975, 7.7556697792978975], [128.5259150739284, 7.756932536072359], [128.55391041685405, 7.784220469907881], [128.55684069254687, 7.7891342483885655], [128.57143165798666, 7.812771160517864], [128.5750781656091, 7.841321851127848], [128.56671915523418, 7.869872541737832], [128.55684069254687, 7.88371175401249], [128.5423719593649, 7.898423232347815], [128.5259150739284, 7.909983700467857], [128.49498945530988, 7.9202640160113535], [128.4640638366914, 7.9238400754365275], [128.4331382180729, 7.914664656111924], [128.4022125994544, 7.89851249475862], [128.4020606896624, 7.898423232347815], [128.37128698083592, 7.882922368844525], [128.34936776314782, 7.869872541737832], [128.34036136221744, 7.864746158514069], [128.30943574359895, 7.84829365876687], [128.28148781546935, 7.841321851127848], [128.27851012498044, 7.84079888063382], [128.27568578677844, 7.841321851127848], [128.24758450636196, 7.847211435130169], [128.21665888774348, 7.853278711159792], [128.18573326912497, 7.8541409025494735], [128.15480765050648, 7.848191978747532], [128.14197187055055, 7.841321851127848], [128.123882031888, 7.833181024126215], [128.098516549337, 7.812771160517864], [128.09295641326952, 7.806734805802698], [128.07519105998333, 7.784220469907881], [128.06472667814694, 7.7556697792978975], [128.06203079465104, 7.741360187681061], [128.05736248548857, 7.727119088687914], [128.05358608374132, 7.69856839807793], [128.05547958975149, 7.670017707467948], [128.062030794651, 7.650681303733055], [128.06452187786294, 7.641467016857963], [128.08286765168077, 7.612916326247978], [128.09295641326952, 7.603418411651592], [128.123882031888, 7.589717464814353], [128.15480765050648, 7.586189625966207], [128.18573326912497, 7.584739501904619], [128.1879861906111, 7.584365635637996], [128.21665888774348, 7.575463803536833], [128.24718927019828, 7.555814945028011], [128.24758450636196, 7.5554498038701094]]]}, "properties": {"fillColor": "#FFFF00", "fillOpacity": 0.7, "color": "#000000", "weight": 0.2, "stroke": false}}, {"type": "Feature", "geometry": {"type": "Polygon", "coordinates": [[[128.30891138260523, 7.555814945028011], [128.27851012498044, 7.56276400153199], [128.24843804795637, 7.584365635637996], [128.24758450636196, 7.5847831130489345], [128.21665888774348, 7.597500128266546], [128.18573326912497, 7.601855191152369], [128.15480765050648, 7.600351716523457], [128.123882031888, 7.604350467249304], [128.108043182926, 7.612916326247978], [128.09295641326952, 7.621738136848851], [128.07717650985677, 7.641467016857963], [128.0671264158188, 7.670017707467947], [128.0651197207939, 7.69856839807793], [128.06734956003436, 7.727119088687914], [128.0740936420714, 7.7556697792978975], [128.08957598044674, 7.784220469907881], [128.09295641326952, 7.78850455020822], [128.11530858798167, 7.812771160517864], [128.123882031888, 7.81966962264765], [128.15480765050648, 7.835804796620963], [128.18573326912497, 7.840065960577968], [128.21665888774348, 7.837837852215234], [128.24758450636196, 7.830114540475398], [128.27851012498044, 7.820881862337113], [128.30943574359895, 7.82603931010834], [128.33801581109313, 7.841321851127848], [128.34036136221744, 7.8426861257727785], [128.37128698083592, 7.862356160329579], [128.38522159042554, 7.869872541737832], [128.4022125994544, 7.879780829896005], [128.4331382180729, 7.894827104041275], [128.4440014803703, 7.898423232347815], [128.4640638366914, 7.9058664709492605], [128.49498945530988, 7.900230747004899], [128.49943872795004, 7.898423232347815], [128.5259150739284, 7.8868404497913005], [128.5432456751168, 7.869872541737832], [128.55471326613824, 7.841321851127849], [128.55129070436, 7.812771160517864], [128.53215176323084, 7.784220469907881], [128.5259150739284, 7.778141374342227], [128.49951685220103, 7.7556697792978975], [128.49498945530988, 7.752418296414413], [128.4640638366914, 7.732682206729578], [128.45318877036226, 7.727119088687914], [128.4331382180729, 7.715668667208326], [128.40365483306192, 7.69856839807793], [128.4022125994544, 7.697368628393527], [128.38069138214087, 7.670017707467947], [128.37128698083592, 7.652076108274258], [128.36667477922143, 7.641467016857963], [128.35782071422514, 7.612916326247979], [128.34683924679607, 7.584365635637996], [128.34036136221744, 7.574133843605619], [128.30972389081927, 7.555814945028011], [128.30943574359895, 7.555683111240431], [128.30891138260523, 7.555814945028011]]]}, "properties": {"fillColor": "#FFFF00", "fillOpacity": 0.7, "color": "#000000", "weight": 0.2, "stroke": false}}, {"type": "Feature", "geometry": {"type": "Polygon", "coordinates": [[[124.96946893280192, 7.833407116958802], [125.00039455142038, 7.8227014975972775], [125.03132017003888, 7.8166381710897745], [125.06224578865738, 7.830305132325652], [125.07217012609372, 7.841321851127848], [125.08812869914766, 7.869872541737832], [125.09317140727586, 7.884456474830966], [125.09764350911638, 7.898423232347815], [125.10399934049838, 7.926973922957799], [125.10769093073688, 7.955524613567782], [125.10872228063573, 7.984075304177766], [125.10741066490702, 8.01262599478775], [125.10257315590555, 8.041176685397733], [125.09317140727586, 8.064464908534857], [125.0913154664416, 8.069727376007718], [125.07640181455521, 8.098278066617702], [125.06224578865738, 8.116044763589978], [125.05529425408113, 8.126828757227685], [125.03132017003888, 8.150396746530516], [125.02336638805734, 8.155379447837667], [125.00039455142038, 8.168482027630805], [124.9694689328019, 8.17579310599223], [124.9385433141834, 8.17647739405312], [124.90761769556491, 8.167051493458816], [124.89336086201129, 8.155379447837667], [124.88007997256105, 8.126828757227685], [124.88285065467852, 8.098278066617702], [124.89415399295052, 8.069727376007718], [124.90462799337398, 8.041176685397733], [124.90477216980047, 8.01262599478775], [124.90761769556491, 7.9946494024672115], [124.90975075310425, 7.984075304177766], [124.90761769556491, 7.9811596562958504], [124.87669207694643, 7.9732974285639], [124.84576645832794, 7.957737903937936], [124.84331588601347, 7.955524613567783], [124.82478405572184, 7.926973922957799], [124.8181775269861, 7.898423232347815], [124.84455839206525, 7.869872541737832], [124.84576645832793, 7.869619899749274], [124.84863861965252, 7.8698725417378315], [124.87669207694643, 7.872133535147589], [124.90761769556491, 7.873762042664062], [124.91397975498629, 7.869872541737832], [124.9385433141834, 7.85458721360793], [124.95881840411315, 7.841321851127848], [124.96946893280192, 7.833407116958802]]]}, "properties": {"fillColor": "#FFFF00", "fillOpacity": 0.7, "color": "#000000", "weight": 0.2, "stroke": false}}, {"type": "Feature", "geometry": {"type": "Polygon", "coordinates": [[[124.96545690211624, 7.869872541737832], [124.9385433141834, 7.895494350528882], [124.93254054067445, 7.898423232347815], [124.90761769556491, 7.921528373438198], [124.87669207694643, 7.908976728732121], [124.86312838243967, 7.926973922957799], [124.87669207694643, 7.938226553416902], [124.90761769556491, 7.930578975298555], [124.92260850560398, 7.955524613567782], [124.93854331418339, 7.9781563800873405], [124.94242547474998, 7.984075304177767], [124.9385433141834, 7.988022804107089], [124.92451888273246, 8.01262599478775], [124.92020348349473, 8.041176685397733], [124.91143081030724, 8.069727376007718], [124.90761769556491, 8.07837249379666], [124.89787308927507, 8.098278066617702], [124.89490688832376, 8.126828757227685], [124.9076176955649, 8.14677829483362], [124.91831215822366, 8.155379447837667], [124.93854331418339, 8.164061070463816], [124.9694689328019, 8.164155335867019], [124.99737081958048, 8.155379447837667], [125.00039455142038, 8.15442891431862], [125.0313201700389, 8.134725194822995], [125.03935266937991, 8.126828757227685], [125.05838618984819, 8.098278066617702], [125.06224578865738, 8.090173831084163], [125.07431979783544, 8.069727376007718], [125.08530396132669, 8.041176685397733], [125.08939966551517, 8.01262599478775], [125.08884562247611, 7.984075304177766], [125.0861587670467, 7.955524613567783], [125.08096203596692, 7.9269739229578], [125.07257245455466, 7.898423232347815], [125.06224578865738, 7.875363961104471], [125.05663349389106, 7.869872541737833], [125.0313201700389, 7.851994761947111], [125.00039455142038, 7.862281433625013], [124.9694689328019, 7.867202844956316], [124.96545690211624, 7.869872541737832]]]}, "properties": {"fillColor": "#FFFF00", "fillOpacity": 0.7, "color": "#000000", "weight": 0.2, "stroke": false}}, {"type": "Feature", "geometry": {"type": "Polygon", "coordinates": [[[132.05143559643636, 7.924492532201277], [132.08236121505487, 7.905658024607116], [132.11328683367336, 7.907505778285222], [132.14421245229184, 7.9247680812932515], [132.1466629527263, 7.926973922957799], [132.16589433378712, 7.955524613567783], [132.16634778198187, 7.984075304177766], [132.14421245229184, 8.004855578711433], [132.11328683367336, 8.003953352058442], [132.08236121505487, 7.989543880438388], [132.0753109981302, 7.984075304177766], [132.05169358721218, 7.955524613567783], [132.05143559643636, 7.950670771695006], [132.04960077296386, 7.926973922957799], [132.05143559643636, 7.924492532201277]]]}, "properties": {"fillColor": "#FFFF00", "fillOpacity": 0.7, "color": "#000000", "weight": 0.2, "stroke": false}}, {"type": "Feature", "geometry": {"type": "Polygon", "coordinates": [[[132.0908879319524, 7.926973922957799], [132.08236121505487, 7.92998288178437], [132.07419450345364, 7.955524613567784], [132.08236121505487, 7.964712397281054], [132.11090067661502, 7.984075304177766], [132.11328683367336, 7.985270148712857], [132.1204315730465, 7.984075304177766], [132.14421245229184, 7.965975678273116], [132.14658570482203, 7.955524613567783], [132.14421245229184, 7.952124678544098], [132.11668713357685, 7.926973922957799], [132.11328683367336, 7.925008063125156], [132.0908879319524, 7.926973922957799]]]}, "properties": {"fillColor": "#FFFF00", "fillOpacity": 0.7, "color": "#000000", "weight": 0.2, "stroke": false}}, {"type": "Feature", "geometry": {"type": "Polygon", "coordinates": [[[129.67016296281255, 8.483612695974708], [129.70108858143104, 8.473467692688763], [129.73201420004955, 8.473028019617587], [129.76293981866803, 8.477758713914373], [129.7938654372865, 8.495980371752834], [129.79577939089472, 8.497987735157473], [129.81645659635956, 8.526538425767455], [129.824791055905, 8.549380999227449], [129.82812240173564, 8.55508911637744], [129.84193628726757, 8.583639806987424], [129.8529017234551, 8.612190497597407], [129.8557166745235, 8.620480534263582], [129.86719468156923, 8.64074118820739], [129.87632647428123, 8.669291878817374], [129.87997238393373, 8.697842569427358], [129.8775355494823, 8.72639326003734], [129.86674357648283, 8.754943950647325], [129.8557166745235, 8.771498919610734], [129.84725854502187, 8.78349464125731], [129.8250962443679, 8.812045331867292], [129.824791055905, 8.812292269432984], [129.7938654372865, 8.832299749975665], [129.76293981866803, 8.839068796423607], [129.73201420004955, 8.837160087175164], [129.70108858143104, 8.831546293607298], [129.67016296281255, 8.824133332395846], [129.6479715547054, 8.840596022477277], [129.6652391663699, 8.869146713087261], [129.67016296281255, 8.875546481586676], [129.6861054782988, 8.897697403697244], [129.69786823517828, 8.926248094307226], [129.69936127033696, 8.95479878491721], [129.67709035552315, 8.983349475527195], [129.67016296281255, 8.987575138734675], [129.63923734419407, 8.998309158816602], [129.60831172557556, 9.003130678916467], [129.57738610695708, 9.00565340354229], [129.5464604883386, 9.00842690653059], [129.52722076551598, 9.011900166137178], [129.5155348697201, 9.01503260670137], [129.4846092511016, 9.02722945500887], [129.45368363248312, 9.036879142481872], [129.4227580138646, 9.039791078977089], [129.39183239524613, 9.036851411336373], [129.36090677662764, 9.028186569654133], [129.33444335100782, 9.011900166137178], [129.32998115800916, 9.009625365654525], [129.29984445591717, 8.983349475527195], [129.29905553939065, 8.982399941042415], [129.27676239014374, 8.95479878491721], [129.26812992077217, 8.931141330333485], [129.26531644251418, 8.926248094307226], [129.25702715464308, 8.897697403697244], [129.25646648109222, 8.869146713087261], [129.2630962124238, 8.840596022477277], [129.26812992077217, 8.83088494859693], [129.27877692124838, 8.812045331867292], [129.29905553939065, 8.795897443380493], [129.32998115800916, 8.789945288575439], [129.36090677662764, 8.791926090377961], [129.39183239524613, 8.789070878982802], [129.40174605279475, 8.78349464125731], [129.4227580138646, 8.768102609267043], [129.43648832879032, 8.754943950647325], [129.45368363248312, 8.73916028041874], [129.46987516224667, 8.72639326003734], [129.48460925110157, 8.714863062187266], [129.5155348697201, 8.70077349715279], [129.529127623407, 8.697842569427358], [129.5464604883386, 8.692052289759031], [129.57738610695708, 8.688978590009466], [129.60831172557556, 8.691875532735926], [129.62397160945767, 8.697842569427358], [129.63923734419407, 8.713646204699437], [129.67016296281255, 8.72540159765632], [129.70108858143104, 8.70419067046368], [129.70479727973765, 8.697842569427358], [129.70525773654012, 8.669291878817374], [129.70108858143104, 8.666403077367221], [129.6715070700215, 8.64074118820739], [129.67016296281255, 8.639757113555152], [129.64506917804826, 8.612190497597407], [129.63923734419407, 8.593647517745215], [129.63466891481963, 8.583639806987424], [129.63923734419407, 8.570762822056256], [129.64191537069556, 8.55508911637744], [129.64333407994042, 8.526538425767455], [129.6548339730438, 8.497987735157473], [129.67016296281255, 8.483612695974708]]]}, "properties": {"fillColor": "#FFFF00", "fillOpacity": 0.7, "color": "#000000", "weight": 0.2, "stroke": false}}, {"type": "Feature", "geometry": {"type": "Polygon", "coordinates": [[[129.67185124467852, 8.497987735157473], [129.67016296281255, 8.499361277667422], [129.65234383441896, 8.526538425767455], [129.64911156102758, 8.55508911637744], [129.64305632207987, 8.583639806987424], [129.6553636869159, 8.612190497597407], [129.67016296281255, 8.628448147008518], [129.68695352362792, 8.64074118820739], [129.70108858143104, 8.65300331645329], [129.72459644244938, 8.669291878817374], [129.73201420004955, 8.694985341670813], [129.73292706495027, 8.697842569427358], [129.73201420004955, 8.700830139949513], [129.7195932994916, 8.72639326003734], [129.70108858143104, 8.754418455913779], [129.7005478550526, 8.754943950647325], [129.6784455340864, 8.78349464125731], [129.69815470794688, 8.812045331867292], [129.70108858143104, 8.813365342283094], [129.73201420004955, 8.823294285613466], [129.76293981866803, 8.824230866168207], [129.7938654372865, 8.813039794438602], [129.79539653916416, 8.812045331867292], [129.81757431419481, 8.78349464125731], [129.824791055905, 8.775952546645305], [129.84064847438705, 8.754943950647325], [129.85544533390066, 8.72639326003734], [129.8557166745235, 8.725165118262689], [129.86079946838316, 8.697842569427358], [129.85818820666964, 8.669291878817374], [129.8557166745235, 8.662198909752256], [129.85053012224066, 8.64074118820739], [129.84119727627728, 8.612190497597407], [129.82910567636145, 8.583639806987424], [129.824791055905, 8.575173063053724], [129.81863090759342, 8.55508911637744], [129.806162616894, 8.526538425767455], [129.7938654372865, 8.510250207494796], [129.77862063647518, 8.497987735157473], [129.76293981866803, 8.48826692546636], [129.73201420004955, 8.480950866564456], [129.70108858143104, 8.482446006009255], [129.67185124467852, 8.497987735157473]]]}, "properties": {"fillColor": "#FFFF00", "fillOpacity": 0.7, "color": "#000000", "weight": 0.2, "stroke": false}}, {"type": "Feature", "geometry": {"type": "Polygon", "coordinates": [[[129.49140046506494, 8.72639326003734], [129.4846092511016, 8.729957654868654], [129.4544381528137, 8.754943950647325], [129.45368363248312, 8.75560692420811], [129.42427915219736, 8.78349464125731], [129.4227580138646, 8.784995753196965], [129.39183239524613, 8.802434552620682], [129.36090677662764, 8.804526237996448], [129.32998115800916, 8.802077178584423], [129.30186011168288, 8.812045331867292], [129.29905553939065, 8.8131495681757], [129.27646534375862, 8.840596022477275], [129.2705868075715, 8.869146713087261], [129.27068910762983, 8.897697403697244], [129.27587649800466, 8.926248094307226], [129.2888088185985, 8.95479878491721], [129.29905553939065, 8.967485253626613], [129.31223625798305, 8.983349475527195], [129.32998115800916, 8.99882107696465], [129.35563677949315, 9.011900166137178], [129.36090677662764, 9.015143483956212], [129.39183239524613, 9.025649230289542], [129.4227580138646, 9.027051362662181], [129.45368363248312, 9.019523553141589], [129.4706798433006, 9.011900166137178], [129.4846092511016, 9.005717855312596], [129.5155348697201, 8.994349223553208], [129.5464604883386, 8.988672800485677], [129.57738610695708, 8.986334737396689], [129.60831172557556, 8.983552588358382], [129.60928255682109, 8.983349475527195], [129.63923734419407, 8.977494137251107], [129.67016296281255, 8.958385139505575], [129.67334706541294, 8.95479878491721], [129.67817213185742, 8.926248094307226], [129.67016296281255, 8.910070607452392], [129.66496845336425, 8.897697403697244], [129.6405039064308, 8.869146713087261], [129.63923734419407, 8.867497586756791], [129.61708232868972, 8.840596022477277], [129.60831172557556, 8.825709078847705], [129.60083810121418, 8.812045331867292], [129.59889565979506, 8.78349464125731], [129.60301447170218, 8.754943950647325], [129.5990956391699, 8.72639326003734], [129.57738610695708, 8.711931705479824], [129.5464604883386, 8.707563916378074], [129.5155348697201, 8.713108947855252], [129.49140046506494, 8.72639326003734]]]}, "properties": {"fillColor": "#FFFF00", "fillOpacity": 0.7, "color": "#000000", "weight": 0.2, "stroke": false}}, {"type": "Feature", "geometry": {"type": "Polygon", "coordinates": [[[133.47401405288696, 8.605668627569703], [133.50493967150547, 8.598869340753922], [133.53586529012395, 8.599267892444722], [133.56679090874243, 8.610349358527634], [133.56939157840202, 8.612190497597407], [133.59765059707433, 8.64074118820739], [133.59771652736094, 8.640983064626424], [133.60534753791387, 8.669291878817374], [133.59771652736094, 8.680290984256935], [133.5822005187901, 8.697842569427358], [133.56679090874243, 8.706872227941448], [133.53586529012395, 8.714736338178476], [133.50493967150547, 8.715904422997585], [133.47401405288696, 8.70867223349222], [133.45617086307547, 8.697842569427358], [133.44308843426847, 8.685425297357783], [133.4307425022, 8.669291878817374], [133.43089462310388, 8.64074118820739], [133.44308843426847, 8.624651963153532], [133.4614060749558, 8.612190497597407], [133.47401405288696, 8.605668627569703]]]}, "properties": {"fillColor": "#FFFF00", "fillOpacity": 0.7, "color": "#000000", "weight": 0.2, "stroke": false}}, {"type": "Feature", "geometry": {"type": "Polygon", "coordinates": [[[133.45242726645495, 8.64074118820739], [133.44894469583298, 8.669291878817374], [133.47401405288696, 8.692761106458018], [133.48822923514203, 8.697842569427358], [133.50493967150547, 8.703370618349464], [133.53586529012395, 8.700935115091179], [133.54532094049574, 8.697842569427358], [133.56679090874243, 8.688260811416695], [133.58514350645308, 8.669291878817374], [133.57275534637841, 8.64074118820739], [133.56679090874243, 8.634948803416625], [133.53586529012395, 8.61947372453239], [133.50493967150547, 8.617202546039088], [133.47401405288696, 8.623615931914028], [133.45242726645495, 8.64074118820739]]]}, "properties": {"fillColor": "#FFFF00", "fillOpacity": 0.7, "color": "#000000", "weight": 0.2, "stroke": false}}, {"type": "Feature", "geometry": {"type": "Polygon", "coordinates": [[[125.12409702589436, 10.353728949200534], [125.15502264451284, 10.351686865031787], [125.15996301112878, 10.353782624806412], [125.18594826313134, 10.36845580268124], [125.1966672512728, 10.382333315416393], [125.20338917878513, 10.410884006026377], [125.19796363501906, 10.439434696636361], [125.18594826313134, 10.459940613761148], [125.17448752470528, 10.467985387246344], [125.15502264451284, 10.475879979149326], [125.12409702589434, 10.473587308777441], [125.11120768313057, 10.467985387246344], [125.09317140727586, 10.453460963993013], [125.08509774033931, 10.439434696636361], [125.08250288109713, 10.410884006026377], [125.0871487430957, 10.382333315416393], [125.09317140727586, 10.374675890491257], [125.12399407917592, 10.35378262480641], [125.12409702589436, 10.353728949200534]]]}, "properties": {"fillColor": "#FFFF00", "fillOpacity": 0.7, "color": "#000000", "weight": 0.2, "stroke": false}}, {"type": "Feature", "geometry": {"type": "Polygon", "coordinates": [[[125.1154227957268, 10.382333315416393], [125.10433760287266, 10.410884006026379], [125.11314585646159, 10.439434696636361], [125.12409702589436, 10.448931911521727], [125.15502264451283, 10.453201762644296], [125.17215408585612, 10.439434696636361], [125.17966053613424, 10.410884006026377], [125.16391236218672, 10.382333315416393], [125.15502264451284, 10.376433401501721], [125.12409702589436, 10.375741230546115], [125.1154227957268, 10.382333315416393]]]}, "properties": {"fillColor": "#FFFF00", "fillOpacity": 0.7, "color": "#000000", "weight": 0.2, "stroke": false}}, {"type": "Feature", "geometry": {"type": "Polygon", "coordinates": [[[122.24801449437467, 10.971548412410854], [122.27894011299318, 10.967653798748024], [122.30802227782196, 10.98189781822605], [122.30986573161167, 10.982946410665134], [122.33115970703477, 11.010448508836035], [122.33773574913205, 11.038999199446017], [122.33898944348942, 11.067549890056], [122.33707066685623, 11.096100580665984], [122.33274834678674, 11.124651271275969], [122.32711292022479, 11.153201961885951], [122.30986573161167, 11.181621573607808], [122.30976904396843, 11.181752652495936], [122.27894011299317, 11.206030314397081], [122.26499837599908, 11.21030334310592], [122.24801449437466, 11.218157506092517], [122.21708887575619, 11.219514980768356], [122.1977926014826, 11.21030334310592], [122.1861632571377, 11.20384241734089], [122.17006360773333, 11.181752652495936], [122.16065110753172, 11.153201961885951], [122.15662017087264, 11.124651271275969], [122.15961409782544, 11.096100580665984], [122.16987205716094, 11.067549890056], [122.1821531806156, 11.038999199446017], [122.18616325713768, 11.031453330679957], [122.19732906163381, 11.010448508836035], [122.21708887575619, 10.990215353660988], [122.23125777818214, 10.98189781822605], [122.24801449437467, 10.971548412410854]]]}, "properties": {"fillColor": "#FFFF00", "fillOpacity": 0.7, "color": "#000000", "weight": 0.2, "stroke": false}}, {"type": "Feature", "geometry": {"type": "Polygon", "coordinates": [[[122.21483666980319, 11.010448508836035], [122.19432657836788, 11.038999199446017], [122.18616325713768, 11.059643259429015], [122.18244973232379, 11.067549890056], [122.16751222255802, 11.096100580665984], [122.16388326624127, 11.124651271275969], [122.17092211059014, 11.153201961885951], [122.18533213780545, 11.181752652495936], [122.1861632571377, 11.18289300221079], [122.21708887575619, 11.204662428218482], [122.24801449437467, 11.205198142219242], [122.27894011299317, 11.194316650516598], [122.2948944758692, 11.181752652495938], [122.30986573161167, 11.161456206217348], [122.31487503681386, 11.153201961885951], [122.32246649171995, 11.124651271275969], [122.32750894475392, 11.096100580665984], [122.32909262818868, 11.067549890056], [122.32626218953432, 11.038999199446017], [122.31541521257296, 11.010448508836035], [122.30986573161167, 11.003281112088255], [122.27894011299317, 10.98423201700634], [122.24801449437467, 10.987364556882422], [122.21708887575619, 11.008142351892907], [122.21483666980319, 11.010448508836035]]]}, "properties": {"fillColor": "#FFFF00", "fillOpacity": 0.7, "color": "#000000", "weight": 0.2, "stroke": false}}, {"type": "Feature", "geometry": {"type": "Polygon", "coordinates": [[[124.75298960247247, 10.970988099852505], [124.78391522109095, 10.969035539877463], [124.79948460987376, 10.98189781822605], [124.81399629486032, 11.010448508836035], [124.81484083970945, 11.025467380425733], [124.81572503577037, 11.03899919944602], [124.81484083970943, 11.047821167830055], [124.81340956393082, 11.067549890056], [124.8062302329444, 11.096100580665984], [124.78719382735142, 11.124651271275969], [124.78391522109095, 11.127510225271418], [124.75298960247245, 11.140865056225858], [124.72206398385396, 11.138675158155039], [124.70206707978994, 11.124651271275969], [124.69113836523547, 11.113174913221851], [124.68131769123737, 11.096100580665984], [124.67768576164366, 11.067549890056], [124.68614764070263, 11.038999199446017], [124.69113836523546, 11.030683755958066], [124.70375627810625, 11.010448508836035], [124.72206398385399, 10.99063153272334], [124.73834132563697, 10.98189781822605], [124.75298960247247, 10.970988099852505]]]}, "properties": {"fillColor": "#FFFF00", "fillOpacity": 0.7, "color": "#000000", "weight": 0.2, "stroke": false}}, {"type": "Feature", "geometry": {"type": "Polygon", "coordinates": [[[124.72576269853471, 11.010448508836037], [124.72206398385397, 11.012878403103386], [124.70186320995475, 11.038999199446017], [124.69451955561696, 11.067549890056002], [124.70137640990532, 11.096100580665984], [124.72206398385396, 11.11690538187573], [124.75298960247245, 11.121360436736119], [124.78391522109095, 11.099647766744532], [124.78640383422231, 11.096100580665984], [124.79657060820574, 11.067549890056], [124.79818527083393, 11.038999199446017], [124.79397616508052, 11.010448508836035], [124.78391522109095, 10.997770075719341], [124.75298960247247, 10.99339469096174], [124.72576269853471, 11.010448508836037]]]}, "properties": {"fillColor": "#FFFF00", "fillOpacity": 0.7, "color": "#000000", "weight": 0.2, "stroke": false}}, {"type": "Feature", "geometry": {"type": "Polygon", "coordinates": [[[125.3096507376053, 11.161865382369108], [125.34057635622379, 11.155235427275596], [125.37150197484229, 11.16956891946447], [125.38153472625612, 11.181752652495936], [125.38942196639857, 11.21030334310592], [125.38264179299972, 11.238854033715903], [125.37150197484229, 11.251479294015164], [125.34057635622379, 11.266023469946985], [125.3096507376053, 11.261287344667812], [125.28709726083285, 11.238854033715903], [125.28226947438085, 11.21030334310592], [125.29090142335849, 11.181752652495936], [125.3096507376053, 11.161865382369108]]]}, "properties": {"fillColor": "#FFFF00", "fillOpacity": 0.7, "color": "#000000", "weight": 0.2, "stroke": false}}, {"type": "Feature", "geometry": {"type": "Polygon", "coordinates": [[[125.31048715795674, 11.181752652495936], [125.30965073760528, 11.182454256044823], [125.29793328276631, 11.21030334310592], [125.3070836690979, 11.238854033715903], [125.3096507376053, 11.241407424780267], [125.34057635622378, 11.250439012110972], [125.36019893502235, 11.238854033715903], [125.37150197484229, 11.218922510932407], [125.374301763128, 11.21030334310592], [125.37150197484229, 11.20232730828386], [125.35871936308214, 11.181752652495936], [125.34057635622378, 11.171038698764093], [125.31048715795674, 11.181752652495936]]]}, "properties": {"fillColor": "#FFFF00", "fillOpacity": 0.7, "color": "#000000", "weight": 0.2, "stroke": false}}, {"type": "Feature", "geometry": {"type": "Polygon", "coordinates": [[[113.4342131881047, 13.017231553024992], [113.46513880672319, 13.028793512852753], [113.4661431026845, 13.037547542144873], [113.46596288629314, 13.066098232754857], [113.46513880672317, 13.071774727244154], [113.45872766648304, 13.09464892336484], [113.45047582173032, 13.123199613974824], [113.44273042842353, 13.15175030458481], [113.43503409042272, 13.180300995194791], [113.43421318810469, 13.183062682760074], [113.41570987355435, 13.208851685804776], [113.40539708622451, 13.237402376414758], [113.40328756948621, 13.244000551480543], [113.3979671686111, 13.237402376414758], [113.39201923356579, 13.208851685804778], [113.39224665588664, 13.180300995194791], [113.39430179685637, 13.151750304584809], [113.3974437797961, 13.123199613974824], [113.40297058263934, 13.09464892336484], [113.40328756948621, 13.093362818732064], [113.41455680854597, 13.066098232754857], [113.42548844542071, 13.037547542144871], [113.4342131881047, 13.017231553024992]]]}, "properties": {"fillColor": "#FFFF00", "fillOpacity": 0.7, "color": "#000000", "weight": 0.2, "stroke": false}}, {"type": "Feature", "geometry": {"type": "Polygon", "coordinates": [[[131.12366703788163, 15.944754305931207], [131.15459265650014, 15.938579030459762], [131.18551827511862, 15.941613980855218], [131.2155165167309, 15.949717984363206], [131.2164438937371, 15.949887598934742], [131.2473695123556, 15.955218054032407], [131.2782951309741, 15.95611026170784], [131.30922074959258, 15.950266555186012], [131.3124529355597, 15.949717984363206], [131.34014636821107, 15.943932198486799], [131.37107198682958, 15.946550803053503], [131.3786783410427, 15.949717984363206], [131.40199760544806, 15.96117814657692], [131.41583706186785, 15.97826867497319], [131.417607104206, 16.006819365583173], [131.40199760544806, 16.032509770650712], [131.40038063725015, 16.03537005619316], [131.37107198682958, 16.061712641072283], [131.36827281597087, 16.06392074680314], [131.34014636821107, 16.08669495590299], [131.33291186044212, 16.092471437413124], [131.30922074959258, 16.112660829715423], [131.300915899676, 16.121022128023107], [131.2782951309741, 16.144544307261462], [131.27438102795557, 16.14957281863309], [131.25506631331814, 16.178123509243076], [131.2473695123556, 16.18998526803726], [131.23905375106133, 16.206674199853058], [131.2220765179207, 16.235224890463044], [131.2164438937371, 16.242588380490325], [131.18551827511862, 16.262698270874214], [131.17292893684998, 16.263775581073027], [131.15459265650014, 16.265818936999942], [131.14769093537203, 16.263775581073027], [131.12366703788163, 16.259298331873932], [131.09274141926315, 16.241136265256717], [131.08616760659535, 16.235224890463044], [131.06181580064467, 16.213029864715494], [131.05185828044645, 16.206674199853058], [131.03089018202616, 16.190569225511403], [131.0193583889241, 16.178123509243076], [131.00962892852473, 16.14957281863309], [131.0096665544507, 16.121022128023107], [131.01504337184426, 16.092471437413124], [131.0262755219457, 16.06392074680314], [131.03089018202616, 16.05531539018311], [131.03831338699388, 16.03537005619316], [131.05394335424162, 16.006819365583173], [131.0618158006447, 15.996056047185917], [131.0751559023509, 15.97826867497319], [131.09274141926315, 15.961196323519413], [131.11479146731259, 15.949717984363208], [131.12366703788163, 15.944754305931207]]]}, "properties": {"fillColor": "#FFFF00", "fillOpacity": 0.7, "color": "#000000", "weight": 0.2, "stroke": false}}, {"type": "Feature", "geometry": {"type": "Polygon", "coordinates": [[[131.094594248806, 15.97826867497319], [131.09274141926315, 15.97959664269381], [131.0690105209064, 16.006819365583173], [131.06181580064467, 16.01838549370389], [131.050964352841, 16.03537005619316], [131.0378551051341, 16.06392074680314], [131.03089018202616, 16.087426569995824], [131.02870102089258, 16.092471437413124], [131.02176928909836, 16.121022128023107], [131.02325936133593, 16.14957281863309], [131.03089018202616, 16.165124589449224], [131.0374015560781, 16.178123509243076], [131.06181580064467, 16.198758545889635], [131.06840951365447, 16.206674199853058], [131.09274141926315, 16.229005044267815], [131.1069419908057, 16.235224890463044], [131.12366703788163, 16.24603288631947], [131.15459265650014, 16.252798287875347], [131.18551827511862, 16.246515766178497], [131.2003140850926, 16.235224890463044], [131.2164438937371, 16.216883897115512], [131.22316947465742, 16.206674199853058], [131.23914256263618, 16.178123509243076], [131.2473695123556, 16.166313044438056], [131.26008918187532, 16.14957281863309], [131.2782951309741, 16.12618334174887], [131.28325855807532, 16.121022128023107], [131.30922074959258, 16.094883470470336], [131.31205113406753, 16.092471437413124], [131.34014636821107, 16.070038452925964], [131.3477018157315, 16.06392074680314], [131.37107198682958, 16.045485355990124], [131.38232622733062, 16.03537005619316], [131.3986460737711, 16.006819365583173], [131.39119872310073, 15.97826867497319], [131.37107198682958, 15.96488272463192], [131.34014636821107, 15.96293058326543], [131.30922074959258, 15.969709486818786], [131.2782951309741, 15.976598014495881], [131.2473695123556, 15.973502367881363], [131.2164438937371, 15.963620683234584], [131.18551827511862, 15.95695731943972], [131.15459265650014, 15.954120612846047], [131.12366703788163, 15.95938389350472], [131.094594248806, 15.97826867497319]]]}, "properties": {"fillColor": "#FFFF00", "fillOpacity": 0.7, "color": "#000000", "weight": 0.2, "stroke": false}}, {"type": "Feature", "geometry": {"type": "Polygon", "coordinates": [[[130.81441085169672, 17.636512495689804], [130.8453364703152, 17.640258979302462], [130.86795634364233, 17.662759420962225], [130.87626208893371, 17.67197976734363], [130.8903500981986, 17.691310111572207], [130.90643804002738, 17.719860802182193], [130.9071877075522, 17.72121207783803], [130.9251524452539, 17.748411492792176], [130.93811332617068, 17.774584671805105], [130.9397458800528, 17.776962183402162], [130.95793596791117, 17.805512874012145], [130.9690389447892, 17.82610549598339], [130.97581713676158, 17.834063564622127], [130.99434582593997, 17.86261425523211], [130.99996456340767, 17.87300779311408], [131.0157154357242, 17.891164945842092], [131.03089018202616, 17.91358973826521], [131.03548737808532, 17.91971563645208], [131.05557732345093, 17.94826632706206], [131.06181580064467, 17.960054173745615], [131.07272855696334, 17.976817017672047], [131.08579551346455, 18.00536770828203], [131.09274141926315, 18.02788719016662], [131.0954664306508, 18.033918398892013], [131.10503878281153, 18.062469089501995], [131.11100737855645, 18.091019780111978], [131.11400642105195, 18.119570470721964], [131.11747975473685, 18.148121161331947], [131.12079694237218, 18.176671851941933], [131.11928372598533, 18.205222542551915], [131.10658659572005, 18.233773233161898], [131.09274141926315, 18.24828186906857], [131.06181580064467, 18.256146370685716], [131.04536843657837, 18.233773233161898], [131.03089018202616, 18.218398948710878], [131.02379326588684, 18.205222542551915], [131.00738015332382, 18.176671851941933], [130.99996456340767, 18.168958884168806], [130.98234937463144, 18.148121161331947], [130.9690389447892, 18.13594099682272], [130.95409646170816, 18.119570470721968], [130.93811332617068, 18.101584334725096], [130.92938967724135, 18.091019780111978], [130.91045860001026, 18.062469089501995], [130.9071877075522, 18.0567466684253], [130.89140887738364, 18.033918398892013], [130.87871050671941, 18.00536770828203], [130.87626208893371, 17.99959618654943], [130.86230120473903, 17.976817017672047], [130.85020478648894, 17.94826632706206], [130.8453364703152, 17.93580669400079], [130.83579382629114, 17.91971563645208], [130.8232198017704, 17.891164945842092], [130.81441085169672, 17.86572996901356], [130.81268581984332, 17.86261425523211], [130.79950581101767, 17.834063564622127], [130.79059246739178, 17.805512874012145], [130.78348523307824, 17.778399265402445], [130.7828976560295, 17.776962183402162], [130.7748584904404, 17.748411492792176], [130.77154153815866, 17.719860802182193], [130.77363149949474, 17.691310111572207], [130.78348523307824, 17.66584139794283], [130.78498497403643, 17.662759420962225], [130.81441085169672, 17.636512495689804]]]}, "properties": {"fillColor": "#FFFF00", "fillOpacity": 0.7, "color": "#000000", "weight": 0.2, "stroke": false}}, {"type": "Feature", "geometry": {"type": "Polygon", "coordinates": [[[130.7967465670631, 17.691310111572207], [130.79095778895223, 17.719860802182193], [130.79234485504813, 17.748411492792176], [130.7976321927136, 17.776962183402162], [130.80489515059355, 17.805512874012145], [130.81441085169672, 17.831410027052737], [130.81514158233946, 17.834063564622127], [130.82493110233992, 17.86261425523211], [130.83612799362245, 17.891164945842092], [130.8453364703152, 17.908851982754744], [130.84958481277027, 17.919715636452075], [130.86139539319564, 17.94826632706206], [130.87626208893371, 17.975626690432005], [130.87674991336274, 17.976817017672047], [130.8889667563813, 18.00536770828203], [130.90574271972136, 18.033918398892013], [130.9071877075522, 18.036008957654758], [130.92231211810122, 18.062469089501995], [130.9381133261707, 18.082727635740476], [130.9454765717582, 18.091019780111978], [130.9690389447892, 18.115663540482455], [130.9742610801596, 18.119570470721964], [130.99996456340767, 18.14314053551458], [131.00934468636234, 18.148121161331947], [131.03089018202616, 18.17098828200736], [131.0603205659493, 18.176671851941933], [131.06181580064467, 18.177401287379837], [131.06224039385347, 18.176671851941933], [131.07056949268383, 18.148121161331947], [131.07473679520535, 18.119570470721964], [131.0778069617501, 18.091019780111978], [131.0766138778589, 18.062469089501995], [131.07039928567784, 18.033918398892013], [131.06181580064467, 18.01370696023445], [131.05958602539408, 18.00536770828203], [131.04807291825261, 17.976817017672047], [131.03089018202616, 17.951613581969593], [131.0291258633513, 17.94826632706206], [131.0119391875014, 17.91971563645208], [130.99996456340767, 17.905063015617618], [130.99201825930828, 17.891164945842092], [130.97371152694822, 17.86261425523211], [130.9690389447892, 17.85620836160818], [130.95713060584697, 17.834063564622127], [130.93817965524119, 17.805512874012145], [130.93811332617068, 17.805411365838108], [130.9240302637327, 17.776962183402162], [130.9071877075522, 17.75071962383169], [130.905844433088, 17.748411492792176], [130.8896906098566, 17.719860802182193], [130.87626208893371, 17.700617722776485], [130.8678951357381, 17.691310111572207], [130.8453364703152, 17.66743498221024], [130.81441085169672, 17.66562057900624], [130.7967465670631, 17.691310111572207]]]}, "properties": {"fillColor": "#FFFF00", "fillOpacity": 0.7, "color": "#000000", "weight": 0.2, "stroke": false}}, {"type": "Feature", "geometry": {"type": "Polygon", "coordinates": [[[133.90697271354583, 17.907024565088786], [133.92225398949012, 17.919715636452082], [133.93190784701864, 17.94826632706206], [133.93239356838438, 17.976817017672047], [133.93061131554387, 18.00536770828203], [133.92824724209387, 18.033918398892013], [133.9258657064036, 18.062469089501995], [133.92376000667738, 18.091019780111978], [133.92175785148186, 18.119570470721968], [133.91897485413142, 18.148121161331943], [133.91427126694938, 18.176671851941933], [133.90697271354583, 18.202074344154614], [133.90644582474133, 18.205222542551915], [133.89798739351218, 18.233773233161898], [133.87604709492734, 18.260771699549096], [133.8747250217742, 18.26232392377188], [133.84512147630886, 18.29084307534148], [133.8450902354652, 18.290874614381863], [133.82227237119704, 18.31942530499185], [133.81419585769038, 18.329061860798667], [133.80000080247396, 18.347975995601836], [133.78327023907187, 18.367392487616428], [133.77493625475395, 18.376526686211818], [133.75234462045339, 18.40192103268548], [133.74844835000357, 18.4050773768218], [133.7214190018349, 18.431369605448833], [133.7170749424354, 18.433628067431783], [133.6904933832164, 18.45100112358], [133.6595677645979, 18.454693833542706], [133.64554990641534, 18.433628067431783], [133.64306596437308, 18.4050773768218], [133.64512914158013, 18.376526686211818], [133.65109580608166, 18.347975995601836], [133.6595677645979, 18.324691942311294], [133.66091953434508, 18.31942530499185], [133.67038888061194, 18.290874614381863], [133.683310696563, 18.26232392377188], [133.6904933832164, 18.250047330115297], [133.69721627663344, 18.233773233161898], [133.71273034966407, 18.205222542551915], [133.72141900183487, 18.193018604967072], [133.72913401580132, 18.176671851941933], [133.74674399424146, 18.148121161331947], [133.75234462045339, 18.14043458934725], [133.76184849052046, 18.119570470721964], [133.779005095586, 18.091019780111978], [133.78327023907187, 18.084495400216134], [133.79427684196446, 18.062469089501995], [133.81003965729525, 18.033918398892013], [133.81419585769038, 18.026869559864664], [133.82775035808703, 18.00536770828203], [133.84512147630886, 17.977332899810396], [133.84559639732123, 17.976817017672047], [133.86642932911502, 17.94826632706206], [133.87604709492734, 17.933830624730643], [133.89497493752643, 17.91971563645208], [133.90697271354583, 17.907024565088786]]]}, "properties": {"fillColor": "#FFFF00", "fillOpacity": 0.7, "color": "#000000", "weight": 0.2, "stroke": false}}, {"type": "Feature", "geometry": {"type": "Polygon", "coordinates": [[[133.85128399775618, 18.00536770828203], [133.84512147630886, 18.010118866081356], [133.82922956348472, 18.033918398892013], [133.81419585769038, 18.05398138713886], [133.80922206522365, 18.062469089501995], [133.79320665835846, 18.091019780111978], [133.78327023907187, 18.107923710489064], [133.77577051614026, 18.119570470721964], [133.7603852236786, 18.148121161331943], [133.75234462045339, 18.16705422696773], [133.74595054761406, 18.176671851941933], [133.73047266843466, 18.205222542551915], [133.7214190018349, 18.226663498764715], [133.71708678898608, 18.233773233161898], [133.70304086042302, 18.26232392377188], [133.69260041027644, 18.290874614381863], [133.6904933832164, 18.298369894721915], [133.68269345542313, 18.31942530499185], [133.6769965848591, 18.347975995601836], [133.6758334382285, 18.376526686211818], [133.68085017054113, 18.4050773768218], [133.6904933832164, 18.416212664084902], [133.7214190018349, 18.40814774329438], [133.7245754480065, 18.4050773768218], [133.75234462045339, 18.382581745229395], [133.75773139735412, 18.376526686211818], [133.78327023907187, 18.34853565056221], [133.78375247565666, 18.347975995601836], [133.80686591971875, 18.31942530499185], [133.81419585769038, 18.310942046304312], [133.83173119455992, 18.290874614381863], [133.84512147630886, 18.27735652115971], [133.86072566352135, 18.26232392377188], [133.87604709492734, 18.244335284565725], [133.8846303439958, 18.233773233161898], [133.89737328178225, 18.205222542551915], [133.9028804558056, 18.176671851941933], [133.90564402544697, 18.148121161331947], [133.90697271354583, 18.121681935952324], [133.90716211239157, 18.119570470721964], [133.90811934453043, 18.091019780111978], [133.90893463826808, 18.062469089501995], [133.90954891622133, 18.033918398892013], [133.90861721692423, 18.00536770828203], [133.90697271354583, 17.99388730102907], [133.87604709492734, 17.97748623348102], [133.85128399775618, 18.00536770828203]]]}, "properties": {"fillColor": "#FFFF00", "fillOpacity": 0.7, "color": "#000000", "weight": 0.2, "stroke": false}}, {"type": "Feature", "geometry": {"type": "Polygon", "coordinates": [[[132.42254301985827, 18.019563712368118], [132.45346863847675, 18.024633870063646], [132.48439425709526, 18.025182235248298], [132.51531987571374, 18.021578143337535], [132.5462454943322, 18.02136525719013], [132.57717111295074, 18.021448152778877], [132.60809673156922, 18.021073144855237], [132.6390223501877, 18.021908408721835], [132.66994796880618, 18.027687802524074], [132.68404336150584, 18.033918398892013], [132.7008735874247, 18.055979859752938], [132.70518531727996, 18.062469089501995], [132.7008735874247, 18.067969732954307], [132.66994796880618, 18.090177618472204], [132.66929914496086, 18.091019780111978], [132.64284502264437, 18.119570470721964], [132.6390223501877, 18.123205001291428], [132.61477251156316, 18.148121161331947], [132.60809673156922, 18.15238960190822], [132.58189500505762, 18.176671851941933], [132.57717111295074, 18.181023916692354], [132.56351823946846, 18.205222542551915], [132.55244209583515, 18.233773233161898], [132.54624549433223, 18.249569559102852], [132.54205949146723, 18.26232392377188], [132.52663226461405, 18.290874614381863], [132.51531987571374, 18.312027362439203], [132.5013310917335, 18.31942530499185], [132.48439425709526, 18.324779238620103], [132.47257285627603, 18.31942530499185], [132.45346863847675, 18.31158656341882], [132.43738628214481, 18.290874614381863], [132.42254301985827, 18.271558085443317], [132.41901021029628, 18.26232392377188], [132.4074103499658, 18.233773233161898], [132.39740344862457, 18.205222542551915], [132.39161740123978, 18.189071123768], [132.37299957920328, 18.176671851941933], [132.36069178262127, 18.15612108626911], [132.34794274058902, 18.148121161331947], [132.33617335382482, 18.119570470721964], [132.338460500419, 18.091019780111978], [132.35534592033173, 18.062469089501995], [132.36069178262127, 18.05752839025645], [132.39161740123978, 18.040959297019523], [132.40096724630652, 18.033918398892013], [132.42254301985827, 18.019563712368118]]]}, "properties": {"fillColor": "#FFFF00", "fillOpacity": 0.7, "color": "#000000", "weight": 0.2, "stroke": false}}, {"type": "Feature", "geometry": {"type": "Polygon", "coordinates": [[[132.480176575469, 18.062469089501995], [132.45346863847675, 18.06859678030382], [132.42254301985827, 18.068389251077587], [132.40263401299816, 18.091019780111978], [132.39648890480174, 18.119570470721964], [132.40073984361538, 18.148121161331947], [132.4081430605928, 18.176671851941933], [132.41616972637323, 18.205222542551915], [132.42254301985827, 18.22300070707194], [132.4313815549665, 18.233773233161898], [132.45346863847675, 18.261384509690238], [132.4700366842378, 18.26232392377188], [132.48439425709526, 18.263118451578283], [132.48568073263755, 18.26232392377188], [132.51531987571374, 18.236143706308994], [132.51640012571158, 18.233773233161898], [132.52613388618875, 18.205222542551915], [132.53817347908, 18.176671851941933], [132.54624549433223, 18.164093666144705], [132.55850303623149, 18.148121161331947], [132.57717111295074, 18.123288749875364], [132.58046885621636, 18.119570470721964], [132.59172184164845, 18.091019780111978], [132.57717111295074, 18.068390270708967], [132.5660565840783, 18.062469089501995], [132.54624549433223, 18.05836816817867], [132.51531987571374, 18.057123507951253], [132.48439425709526, 18.061737717353573], [132.480176575469, 18.062469089501995]]]}, "properties": {"fillColor": "#FFFF00", "fillOpacity": 0.7, "color": "#000000", "weight": 0.2, "stroke": false}}, {"type": "Feature", "geometry": {"type": "Polygon", "coordinates": [[[132.70087358742472, 18.168662953118236], [132.72072980759003, 18.176671851941933], [132.73179920604318, 18.180011139417612], [132.75101076964808, 18.205222542551915], [132.76272482466166, 18.229640053083067], [132.76425231187318, 18.233773233161894], [132.77079429122884, 18.26232392377188], [132.77201991895996, 18.290874614381863], [132.76821916885802, 18.31942530499185], [132.76272482466166, 18.33792482039289], [132.75962517881027, 18.347975995601836], [132.74786556620364, 18.376526686211818], [132.73295099925312, 18.4050773768218], [132.73179920604318, 18.40705153578288], [132.71367274031977, 18.433628067431783], [132.7008735874247, 18.45436029678376], [132.69278237306574, 18.462178758041766], [132.66994796880618, 18.476790787250398], [132.6390223501877, 18.47070545477417], [132.63339155896836, 18.462178758041766], [132.62610352324023, 18.433628067431783], [132.6265039327836, 18.4050773768218], [132.62879100249475, 18.376526686211818], [132.6304466492607, 18.347975995601836], [132.6326267364073, 18.31942530499185], [132.6361161818001, 18.290874614381863], [132.6390223501877, 18.276481581813236], [132.64122842676443, 18.26232392377188], [132.64777217461676, 18.233773233161898], [132.65822335830967, 18.205222542551915], [132.66994796880618, 18.1860078083698], [132.68547877581776, 18.176671851941933], [132.70087358742472, 18.168662953118236]]]}, "properties": {"fillColor": "#FFFF00", "fillOpacity": 0.7, "color": "#000000", "weight": 0.2, "stroke": false}}, {"type": "Feature", "geometry": {"type": "Polygon", "coordinates": [[[132.6857066478742, 18.26232392377188], [132.67776544566289, 18.290874614381863], [132.67611751400784, 18.31942530499185], [132.6822661326498, 18.347975995601836], [132.7008735874247, 18.366305593058982], [132.71303104992637, 18.347975995601836], [132.73179920604318, 18.31981743889781], [132.73192481267304, 18.31942530499185], [132.73611884980133, 18.290874614381863], [132.73363215311056, 18.26232392377188], [132.73179920604318, 18.257166151905636], [132.7008735874247, 18.237625267697247], [132.6857066478742, 18.26232392377188]]]}, "properties": {"fillColor": "#FFFF00", "fillOpacity": 0.7, "color": "#000000", "weight": 0.2, "stroke": false}}, {"type": "Feature", "geometry": {"type": "Polygon", "coordinates": [[[132.2988405453843, 18.199972311889155], [132.3297661640028, 18.17982161089881], [132.34225433594153, 18.205222542551915], [132.34835053115782, 18.233773233161898], [132.3512633433044, 18.26232392377188], [132.35207187467512, 18.290874614381863], [132.35039924739857, 18.31942530499185], [132.34552407752997, 18.347975995601836], [132.33869647660785, 18.376526686211818], [132.3297661640028, 18.40128008812134], [132.32902410999608, 18.4050773768218], [132.32431751491964, 18.433628067431783], [132.3297661640028, 18.45477302170695], [132.3386920529717, 18.462178758041766], [132.36069178262127, 18.47229300517867], [132.39161740123978, 18.469364475849435], [132.41532002367828, 18.462178758041766], [132.42254301985827, 18.45916678215521], [132.45346863847675, 18.454188872953278], [132.4843942570953, 18.461777481250515], [132.48506612315254, 18.462178758041766], [132.51531987571374, 18.476548894305523], [132.53411750488235, 18.49072944865175], [132.54624549433223, 18.500791047290974], [132.5716301551327, 18.519280139261735], [132.57717111295074, 18.52382052987685], [132.60424599213655, 18.54783082987172], [132.60809673156922, 18.5525259718146], [132.6289102426634, 18.576381520481704], [132.6390223501877, 18.58475214986317], [132.66720759467748, 18.604932211091686], [132.66994796880618, 18.606460172561242], [132.7008735874247, 18.61965498632743], [132.7317992060432, 18.63331937296475], [132.7321533010034, 18.63348290170167], [132.7627248246617, 18.64947479788328], [132.77892433379253, 18.66203359231165], [132.79365044328017, 18.67518117493439], [132.806546154451, 18.690584282921638], [132.82457606189865, 18.709324892596435], [132.83238094218734, 18.719134973531624], [132.84712160784474, 18.747685664141606], [132.84838086310708, 18.77623635475159], [132.85047913091384, 18.80478704536157], [132.85550168051714, 18.826133953604845], [132.85742904890577, 18.833337735971558], [132.86048344688461, 18.861888426581537], [132.85550168051714, 18.878335131409244], [132.8487054747165, 18.890439117191523], [132.82457606189865, 18.905402482766533], [132.79365044328017, 18.916764136987688], [132.78553237663306, 18.918989807801506], [132.76272482466166, 18.925040251473597], [132.73179920604318, 18.93455514472845], [132.7008735874247, 18.94602599185605], [132.69271937518255, 18.94754049841149], [132.66994796880618, 18.951220840051487], [132.64415075232446, 18.94754049841149], [132.6390223501877, 18.94657043082862], [132.60809673156922, 18.933704990311327], [132.57717111295074, 18.921577527656837], [132.57016013576475, 18.918989807801502], [132.54624549433223, 18.912244521605285], [132.51531987571374, 18.903553994852757], [132.48439425709526, 18.896961297395173], [132.45346863847675, 18.893821984406642], [132.42254301985827, 18.891774690834946], [132.41733084495033, 18.890439117191523], [132.39161740123978, 18.882274604311746], [132.3682670098016, 18.861888426581537], [132.36069178262127, 18.850799039819364], [132.3539283954978, 18.833337735971554], [132.3471287950901, 18.80478704536157], [132.33993951693822, 18.77623635475159], [132.33015223499342, 18.747685664141606], [132.3297661640028, 18.746862094385094], [132.3152502133336, 18.71913497353162], [132.29884054538428, 18.692507221246], [132.2964523362148, 18.690584282921638], [132.2679149267658, 18.66636739404103], [132.25260336590787, 18.690584282921638], [132.23698930814732, 18.706591376634], [132.22723497160047, 18.71913497353162], [132.20789797507413, 18.747685664141606], [132.20606368952883, 18.750347170400616], [132.185924287223, 18.77623635475159], [132.18064054166177, 18.80478704536157], [132.17513807091035, 18.819935796523648], [132.17220172246448, 18.833337735971554], [132.16214579257826, 18.861888426581537], [132.14421245229184, 18.888347768203], [132.14312824256405, 18.890439117191523], [132.12649568154353, 18.918989807801502], [132.11958036108493, 18.94754049841149], [132.12997751518492, 18.976091189021474], [132.14421245229184, 19.000737102667795], [132.14728457941618, 19.004641879631457], [132.16858741429579, 19.03319257024144], [132.17513807091035, 19.043182119793673], [132.19063616973386, 19.061743260851422], [132.20606368952883, 19.081047933855288], [132.21497447729905, 19.09029395146141], [132.23698930814732, 19.111792099232193], [132.2449676962951, 19.11884464207139], [132.2679149267658, 19.137554077865946], [132.28043697372945, 19.147395332681377], [132.2988405453843, 19.16111845969779], [132.3192656758144, 19.17594602329136], [132.3297661640028, 19.183555829897703], [132.36069178262127, 19.204409025703587], [132.36081210592818, 19.204496713901342], [132.39161740123978, 19.227674912526762], [132.3985925501315, 19.233047404511325], [132.42254301985827, 19.253340521395863], [132.4327074926049, 19.261598095121307], [132.45346863847675, 19.280799766732702], [132.4638473705138, 19.290148785731294], [132.48439425709526, 19.313064927016384], [132.48986015240763, 19.31869947634128], [132.50977738439505, 19.347250166951262], [132.51531987571374, 19.36103536063527], [132.52236745668225, 19.375800857561245], [132.526371513746, 19.404351548171228], [132.53045137454285, 19.43290223878121], [132.54176271920576, 19.461452929391193], [132.54624549433223, 19.469682896514808], [132.55852468462322, 19.49000362000118], [132.5726650821754, 19.518554310611165], [132.5673201882887, 19.547105001221148], [132.54624549433223, 19.56319764191776], [132.53319795977748, 19.57565569183113], [132.51531987571374, 19.58511513333621], [132.48439425709526, 19.595223973268887], [132.45346863847675, 19.603786021097264], [132.45224060949312, 19.604206382441113], [132.42254301985827, 19.611096003690953], [132.39161740123978, 19.618724792878503], [132.36069178262127, 19.627374508417123], [132.34148845605245, 19.632757073051096], [132.3297661640028, 19.636049734118988], [132.2988405453843, 19.648027494723085], [132.26856711738327, 19.661307763661082], [132.2679149267658, 19.661594866401003], [132.23698930814732, 19.66777527268527], [132.21750803021274, 19.661307763661082], [132.21436064391423, 19.632757073051096], [132.21570898154047, 19.604206382441113], [132.20606368952883, 19.581347763553925], [132.2038228610415, 19.575655691831127], [132.17513807091035, 19.550654613319164], [132.16944975766665, 19.547105001221148], [132.14421245229184, 19.538139887206768], [132.11328683367333, 19.530297079282768], [132.08236121505487, 19.522582303277723], [132.0680219256172, 19.518554310611165], [132.05143559643636, 19.514921770962342], [132.02050997781788, 19.507585444668713], [131.9895843591994, 19.4968046156756], [131.97840900041749, 19.49000362000118], [131.9586587405809, 19.474325429370808], [131.9453111128756, 19.461452929391193], [131.9277331219624, 19.433882031000422], [131.92678598997034, 19.43290223878121], [131.91769605646456, 19.404351548171228], [131.9277331219624, 19.385530934323118], [131.93134726646966, 19.375800857561245], [131.93722761488965, 19.347250166951262], [131.9277331219624, 19.331073398341722], [131.9164908609822, 19.31869947634128], [131.89680750334392, 19.310105058974756], [131.8658818847254, 19.302628818596816], [131.83495626610693, 19.302377243335787], [131.80403064748845, 19.31305806904474], [131.77310502886996, 19.317924936760893], [131.74217941025145, 19.30574258880761], [131.71125379163297, 19.2965298998245], [131.6803281730145, 19.298906245534194], [131.6540603456226, 19.31869947634128], [131.64940255439598, 19.324184393368874], [131.6184769357775, 19.34471228020608], [131.6147409033272, 19.347250166951262], [131.60080090449915, 19.375800857561245], [131.587551317159, 19.389259231651547], [131.57546947223491, 19.375800857561245], [131.55662569854053, 19.361271643195927], [131.54481949203566, 19.347250166951262], [131.52570007992205, 19.3252917287322], [131.5180471696201, 19.31869947634128], [131.49477446130354, 19.29517628167705], [131.47265075860932, 19.290148785731294], [131.46384884268502, 19.287261024178278], [131.46079493289633, 19.290148785731294], [131.44127555015865, 19.31869947634128], [131.4444258056359, 19.347250166951262], [131.45703860075173, 19.375800857561245], [131.46384884268502, 19.387387196989835], [131.4755236941921, 19.404351548171228], [131.49289395860322, 19.43290223878121], [131.49477446130354, 19.437830580569443], [131.5068599718877, 19.461452929391193], [131.5107954284024, 19.49000362000118], [131.51152456818372, 19.518554310611165], [131.52151708177755, 19.547105001221148], [131.52570007992202, 19.55230535625346], [131.55486315090099, 19.57565569183113], [131.55662569854053, 19.57700529461119], [131.57822808426354, 19.604206382441113], [131.587551317159, 19.620277670727305], [131.59394034253995, 19.632757073051096], [131.60922640783207, 19.661307763661082], [131.6184769357775, 19.67830200723795], [131.63537666220884, 19.689858454271064], [131.64940255439598, 19.701527697409823], [131.6623007367093, 19.71840914488105], [131.65928773445756, 19.746959835491033], [131.65222283072023, 19.775510526101016], [131.64940255439598, 19.78603795981759], [131.64066453020268, 19.804061216711], [131.6184769357775, 19.830605308590847], [131.587551317159, 19.823895728665892], [131.55662569854053, 19.819361275778647], [131.52570007992202, 19.821864953808493], [131.5028108527791, 19.83261190732098], [131.49477446130354, 19.846354857298856], [131.4898916877242, 19.861162597930967], [131.49477446130354, 19.872577448948302], [131.5069140327391, 19.88971328854095], [131.52570007992202, 19.904058223418026], [131.5503570436388, 19.918263979150936], [131.55662569854053, 19.92177365342379], [131.587551317159, 19.935894071339927], [131.61276999507095, 19.94681466976092], [131.6184769357775, 19.950016478755913], [131.64298377098632, 19.9753653603709], [131.64940255439598, 19.995570031867537], [131.65166494521606, 20.003916050980884], [131.65639179882425, 20.032466741590866], [131.64940255439598, 20.050074934752605], [131.64695012244033, 20.061017432200853], [131.61916101698733, 20.089568122810835], [131.6184769357775, 20.089987826969864], [131.587551317159, 20.10701135227938], [131.55662569854053, 20.117874115979937], [131.5560611717244, 20.118118813420818], [131.52570007992202, 20.135560195199236], [131.5086936413417, 20.146669504030804], [131.49477446130354, 20.160034863057263], [131.46384884268502, 20.172064779343614], [131.43292322406654, 20.173956258775622], [131.4202819050201, 20.175220194640787], [131.40199760544806, 20.178700253630225], [131.37107198682958, 20.18615053062757], [131.34014636821107, 20.192168395308677], [131.30922074959258, 20.195128340856968], [131.2782951309741, 20.194767039474314], [131.2473695123556, 20.192071952841612], [131.2164438937371, 20.188611513312026], [131.18551827511862, 20.18541146112851], [131.15459265650014, 20.181439515030334], [131.1322613532464, 20.175220194640787], [131.12366703788163, 20.172819416296612], [131.09274141926315, 20.148221004458996], [131.09165722581486, 20.146669504030804], [131.07998885382773, 20.118118813420818], [131.0758258909879, 20.089568122810835], [131.07291122135018, 20.061017432200853], [131.06617907848033, 20.032466741590866], [131.06181580064467, 20.01410984788479], [131.05941834795001, 20.003916050980884], [131.05409740264287, 19.9753653603709], [131.05205013507668, 19.94681466976092], [131.05627220093692, 19.918263979150936], [131.06181580064467, 19.90478684898335], [131.06886662280615, 19.88971328854095], [131.08881508508674, 19.861162597930967], [131.09274141926312, 19.852122676009373], [131.10212943181148, 19.83261190732098], [131.09274141926315, 19.81038053685765], [131.08998166837296, 19.804061216711], [131.06181580064467, 19.781665118061195], [131.0554161288339, 19.775510526101016], [131.03089018202616, 19.7556659958683], [131.02286731510839, 19.746959835491033], [131.00449335664666, 19.71840914488105], [130.99996456340767, 19.694861477636998], [130.99912972446162, 19.689858454271064], [130.99996456340767, 19.685089298591517], [131.00359646176548, 19.661307763661082], [131.0153148693397, 19.632757073051096], [131.03089018202616, 19.60723741616514], [131.03275377510687, 19.604206382441113], [131.0533732203537, 19.57565569183113], [131.06181580064467, 19.564199654105792], [131.07662623850723, 19.547105001221148], [131.09274141926315, 19.526435097650868], [131.1006549415071, 19.518554310611165], [131.12027243182158, 19.49000362000118], [131.12366703788163, 19.473762413144584], [131.12648694138736, 19.461452929391193], [131.12366703788163, 19.446909800757425], [131.12142396707324, 19.43290223878121], [131.11408031476847, 19.404351548171228], [131.10619305312792, 19.375800857561245], [131.09799792136363, 19.347250166951262], [131.09274141926315, 19.331004233285192], [131.08933091066518, 19.31869947634128], [131.07947965726083, 19.290148785731294], [131.06957589018452, 19.261598095121307], [131.06181580064467, 19.234340895256473], [131.0613698184923, 19.233047404511325], [131.0554463010078, 19.204496713901342], [131.05676077931284, 19.175946023291363], [131.06181580064467, 19.163266902386166], [131.06831002690228, 19.147395332681377], [131.08108838580583, 19.11884464207139], [131.09274141926315, 19.098305365217037], [131.09868328775474, 19.09029395146141], [131.12366703788163, 19.06925250934864], [131.13687973884117, 19.061743260851422], [131.15459265650014, 19.053857525485142], [131.18551827511862, 19.05237117955901], [131.2164438937371, 19.06077961376925], [131.2200557689236, 19.061743260851422], [131.2473695123556, 19.069022345607287], [131.2782951309741, 19.078908133888618], [131.30922074959258, 19.083277719313664], [131.34014636821107, 19.079348097723752], [131.37107198682958, 19.069684006533784], [131.3885687990383, 19.061743260851422], [131.40199760544806, 19.05649690809754], [131.43292322406654, 19.036386532437287], [131.43639205147866, 19.03319257024144], [131.46384884268502, 19.01375681910979], [131.47376579588848, 19.004641879631457], [131.49477446130354, 18.987756387282083], [131.50690585448493, 18.976091189021474], [131.52570007992202, 18.956161453939792], [131.5323763110114, 18.94754049841149], [131.5432636004368, 18.918989807801506], [131.54326593102445, 18.890439117191523], [131.54174678633962, 18.861888426581537], [131.5451810539019, 18.833337735971554], [131.55662569854053, 18.8064756996904], [131.5572031791682, 18.80478704536157], [131.5764064445897, 18.77623635475159], [131.587551317159, 18.7652484683385], [131.60677279423265, 18.747685664141606], [131.6184769357775, 18.737781469205814], [131.6435824066489, 18.71913497353162], [131.64940255439598, 18.71421797233119], [131.6785366268626, 18.690584282921634], [131.6803281730145, 18.68900333149353], [131.70842621049232, 18.662033592311648], [131.71125379163297, 18.65953005426363], [131.73620623814324, 18.63348290170167], [131.74217941025145, 18.626856849971723], [131.75299776824312, 18.604932211091686], [131.76557390205033, 18.576381520481704], [131.77310502886996, 18.56333821298648], [131.77835189698772, 18.54783082987172], [131.7957234562279, 18.519280139261735], [131.80403064748845, 18.510051309913887], [131.81654702634762, 18.49072944865175], [131.83495626610693, 18.471922219857092], [131.8433984830129, 18.462178758041766], [131.8658818847254, 18.438327229068566], [131.87088267755524, 18.433628067431783], [131.8967398006014, 18.4050773768218], [131.89680750334392, 18.404999279692962], [131.92150901269304, 18.376526686211818], [131.9277331219624, 18.369643808493752], [131.94697649948444, 18.347975995601836], [131.95865874058092, 18.336568511889542], [131.9757282299023, 18.31942530499185], [131.9895843591994, 18.30693282317722], [132.0071214348365, 18.290874614381863], [132.02050997781788, 18.279953736441765], [132.05118596627793, 18.26232392377188], [132.05143559643636, 18.262163569326233], [132.08236121505487, 18.249401891873937], [132.11328683367336, 18.24853210861857], [132.14421245229184, 18.260773472228685], [132.1462701715302, 18.26232392377188], [132.17513807091035, 18.29053935052158], [132.18395879411622, 18.290874614381863], [132.20606368952883, 18.29109156755493], [132.20634014629437, 18.290874614381863], [132.23698930814732, 18.26380518719308], [132.23902570575112, 18.26232392377188], [132.2624500701182, 18.233773233161898], [132.2679149267658, 18.226276068242015], [132.29517676240079, 18.205222542551915], [132.2988405453843, 18.199972311889155]]]}, "properties": {"fillColor": "#FFFF00", "fillOpacity": 0.7, "color": "#000000", "weight": 0.2, "stroke": false}}, {"type": "Feature", "geometry": {"type": "Polygon", "coordinates": [[[132.29137279213802, 18.233773233161898], [132.2679149267658, 18.242719455368285], [132.24998509267056, 18.26232392377188], [132.23698930814732, 18.27177697960338], [132.21536615021154, 18.290874614381863], [132.20606368952883, 18.298174845789354], [132.17513807091035, 18.304450314379718], [132.15987945833052, 18.290874614381863], [132.14421245229184, 18.275955448167878], [132.11328683367336, 18.262370282838567], [132.08236121505487, 18.262420420683835], [132.05143559643636, 18.272386037439983], [132.02529318586517, 18.290874614381863], [132.02050997781788, 18.294962457472497], [131.99386720414088, 18.31942530499185], [131.9895843591994, 18.324167630851967], [131.96533437945865, 18.347975995601836], [131.9586587405809, 18.35545562398031], [131.9389321290746, 18.376526686211818], [131.9277331219624, 18.389477027469354], [131.91346744367337, 18.4050773768218], [131.89680750334392, 18.4206442131279], [131.88503822222762, 18.433628067431783], [131.8658818847254, 18.451628958361393], [131.8559372231288, 18.462178758041766], [131.83495626610693, 18.486393624334443], [131.83071219430437, 18.49072944865175], [131.8087783277461, 18.519280139261735], [131.80403064748845, 18.52809966448344], [131.78955056635732, 18.54783082987172], [131.77834232307106, 18.576381520481704], [131.77310502886996, 18.59696481121656], [131.76928500947892, 18.604932211091686], [131.7565089143967, 18.63348290170167], [131.74217941025145, 18.654078541293753], [131.73440557376574, 18.66203359231165], [131.71125379163297, 18.684433596550967], [131.70477744353093, 18.690584282921638], [131.6803281730145, 18.712762030561432], [131.67273235193892, 18.71913497353162], [131.64940255439598, 18.736842281183026], [131.63556451813437, 18.747685664141606], [131.6184769357775, 18.761425205667425], [131.60231149240133, 18.77623635475159], [131.587551317159, 18.79560035144918], [131.5806016400847, 18.80478704536157], [131.5698968203252, 18.833337735971554], [131.56888433423293, 18.861888426581537], [131.5746591732769, 18.890439117191523], [131.58031743023605, 18.918989807801506], [131.57463491637682, 18.94754049841149], [131.55662569854053, 18.97475661079252], [131.55558588823632, 18.976091189021474], [131.52989332652783, 19.004641879631457], [131.52570007992202, 19.01035477646629], [131.5057737213745, 19.03319257024144], [131.49477446130354, 19.05185927868422], [131.4871279863627, 19.061743260851422], [131.47544737318685, 19.09029395146141], [131.47420137650113, 19.11884464207139], [131.48855627784314, 19.147395332681377], [131.49477446130354, 19.152665906882923], [131.52570007992202, 19.17456820302856], [131.5273589798444, 19.17594602329136], [131.55662569854053, 19.193204626596643], [131.57180205324966, 19.204496713901342], [131.587551317159, 19.217079312313754], [131.61632327353843, 19.233047404511325], [131.6184769357775, 19.234613940366305], [131.64940255439598, 19.24692831468716], [131.6803281730145, 19.2516492135948], [131.71125379163297, 19.25520301814927], [131.74217941025145, 19.25339012925728], [131.77310502886996, 19.243706058160164], [131.80403064748845, 19.23899206882627], [131.83495626610693, 19.244699818236356], [131.8658818847254, 19.25460816978091], [131.89397907172122, 19.261598095121307], [131.89680750334392, 19.26226628593096], [131.9277331219624, 19.269583601149474], [131.9586587405809, 19.283365728399012], [131.9678359482048, 19.290148785731294], [131.9895843591994, 19.312071093213724], [131.9949041567921, 19.31869947634128], [132.00256932561493, 19.347250166951262], [131.9955841303207, 19.375800857561245], [131.9895843591994, 19.38945021149449], [131.98265225144587, 19.404351548171228], [131.97836479886715, 19.43290223878121], [131.9895843591994, 19.454479375417435], [131.99520605060718, 19.461452929391193], [132.02050997781788, 19.47391534786124], [132.05143559643636, 19.480863505699883], [132.08236121505487, 19.484861525153093], [132.11328683367336, 19.487336019032767], [132.14421245229184, 19.48909402630559], [132.15411429080825, 19.49000362000118], [132.17513807091035, 19.49205924914748], [132.20606368952883, 19.495693672752292], [132.23698930814732, 19.495413762023926], [132.2521908410434, 19.49000362000118], [132.2679149267658, 19.481310533644795], [132.28798234167078, 19.461452929391193], [132.2988405453843, 19.449775500179385], [132.31439151689216, 19.43290223878121], [132.3297661640028, 19.420670601589975], [132.34591664707415, 19.404351548171228], [132.36069178262127, 19.38845178297762], [132.3792591261491, 19.375800857561245], [132.39161740123978, 19.367864184291456], [132.40914174103085, 19.347250166951262], [132.41178791103988, 19.31869947634128], [132.39977706621565, 19.290148785731294], [132.39161740123978, 19.281235910048267], [132.37591970087243, 19.261598095121307], [132.36069178262127, 19.24817123803848], [132.34364367514752, 19.233047404511325], [132.3297661640028, 19.223384685640653], [132.30343704636286, 19.204496713901342], [132.2988405453843, 19.201513450801496], [132.2679149267658, 19.181793779723705], [132.2580371435849, 19.17594602329136], [132.23698930814732, 19.16211366144598], [132.2175471979318, 19.147395332681377], [132.20606368952883, 19.136851507846693], [132.19058050924173, 19.11884464207139], [132.1751603199887, 19.09029395146141], [132.17513807091035, 19.09026355423675], [132.1590147810582, 19.061743260851422], [132.14421245229184, 19.035467258586408], [132.14325430288582, 19.03319257024144], [132.12655379816306, 19.004641879631457], [132.11328683367336, 18.98258805178065], [132.1105010532666, 18.976091189021474], [132.104573625737, 18.94754049841149], [132.10990463570508, 18.918989807801502], [132.11328683367336, 18.913078871932203], [132.1291549658725, 18.890439117191523], [132.14397244439485, 18.861888426581537], [132.14421245229184, 18.86088353511583], [132.1535711492872, 18.833337735971554], [132.15384332142955, 18.80478704536157], [132.14421245229184, 18.78542550680241], [132.13840161520616, 18.77623635475159], [132.11516860456504, 18.747685664141606], [132.11328683367336, 18.744511891669514], [132.10820885011887, 18.71913497353162], [132.10813926967285, 18.690584282921638], [132.11018242810434, 18.66203359231165], [132.11301065650824, 18.63348290170167], [132.11328683367336, 18.631685635676682], [132.14421245229184, 18.616589631775092], [132.15159971221476, 18.63348290170167], [132.16516203892118, 18.66203359231165], [132.17513807091035, 18.67869630784341], [132.1917778341503, 18.690584282921638], [132.20606368952883, 18.702584841574527], [132.21643923449386, 18.690584282921638], [132.23668865059886, 18.662033592311648], [132.2369893081473, 18.661181180619515], [132.25089551752313, 18.63348290170167], [132.25752765473732, 18.604932211091686], [132.2679149267658, 18.592938740698845], [132.2988405453843, 18.60024446614255], [132.31232138433174, 18.604932211091686], [132.3247283592894, 18.63348290170167], [132.3297661640028, 18.657307459654568], [132.33045670025388, 18.66203359231165], [132.34245936209697, 18.690584282921638], [132.35767572072115, 18.71913497353162], [132.36069178262127, 18.72508189356651], [132.3746515894137, 18.747685664141606], [132.39161740123978, 18.772121243145868], [132.3982184418614, 18.77623635475159], [132.42254301985827, 18.791625565397176], [132.45346863847675, 18.793863528870194], [132.48439425709526, 18.793582398875095], [132.51531987571374, 18.799067455161556], [132.53173565105817, 18.80478704536157], [132.54624549433223, 18.810777000219232], [132.57717111295074, 18.820436140116776], [132.60809673156922, 18.824366716689614], [132.6390223501877, 18.825260607509453], [132.66994796880618, 18.827936222860288], [132.7008735874247, 18.83292739092074], [132.73179920604318, 18.8296617383492], [132.76272482466166, 18.811181758427914], [132.7677270662278, 18.80478704536157], [132.7680071352706, 18.77623635475159], [132.76272482466166, 18.771669050271846], [132.73179920604318, 18.76529775664681], [132.70792863715155, 18.747685664141606], [132.71192211819323, 18.71913497353162], [132.72044653155035, 18.690584282921634], [132.7105916457195, 18.66203359231165], [132.7008735874247, 18.655783158901137], [132.66994796880616, 18.63407586887771], [132.66922830503245, 18.63348290170167], [132.6390223501877, 18.61431610088055], [132.62654930421982, 18.604932211091686], [132.60809673156922, 18.589129068442734], [132.59644414420927, 18.576381520481704], [132.57717111295074, 18.555768565282655], [132.5695317821053, 18.54783082987172], [132.54624549433225, 18.52769904950344], [132.5366314223081, 18.519280139261735], [132.51531987571374, 18.50085745832559], [132.49922122335394, 18.49072944865175], [132.48439425709526, 18.481554527558906], [132.45346863847675, 18.475302745103715], [132.42254301985827, 18.481268888520255], [132.40212367013723, 18.49072944865175], [132.39161740123978, 18.49487191500579], [132.36069178262127, 18.49676807600232], [132.34923033697766, 18.49072944865175], [132.3297661640028, 18.47936560181192], [132.31680982304664, 18.462178758041766], [132.31149436588572, 18.433628067431783], [132.32134912828815, 18.4050773768218], [132.3280886642209, 18.376526686211818], [132.3297661640028, 18.365261490048937], [132.33547012739368, 18.347975995601836], [132.34192710572017, 18.31942530499185], [132.34267109859218, 18.290874614381863], [132.33770060339486, 18.26232392377188], [132.32976616400276, 18.241605809398393], [132.31485948515513, 18.233773233161898], [132.2988405453843, 18.227831466710064], [132.29137279213802, 18.233773233161898]]]}, "properties": {"fillColor": "#FFFF00", "fillOpacity": 0.7, "color": "#000000", "weight": 0.2, "stroke": false}}, {"type": "Feature", "geometry": {"type": "Polygon", "coordinates": [[[132.136301613598, 18.66203359231165], [132.12995297055946, 18.690584282921638], [132.13551222758647, 18.71913497353162], [132.14421245229184, 18.73437473028864], [132.16639191891622, 18.71913497353162], [132.15631814268622, 18.690584282921638], [132.14781472118247, 18.66203359231165], [132.14421245229184, 18.651478429435052], [132.136301613598, 18.66203359231165]]]}, "properties": {"fillColor": "#FFFF00", "fillOpacity": 0.7, "color": "#000000", "weight": 0.2, "stroke": false}}, {"type": "Feature", "geometry": {"type": "Polygon", "coordinates": [[[131.13955866687817, 19.11884464207139], [131.12388448943545, 19.147395332681377], [131.12366703788163, 19.147862536746878], [131.1084630621263, 19.17594602329136], [131.10068514596142, 19.204496713901342], [131.1041426439669, 19.233047404511325], [131.11314824376842, 19.261598095121307], [131.12366703788163, 19.284161280065938], [131.12702177530073, 19.290148785731294], [131.14408909780096, 19.31869947634128], [131.15459265650014, 19.337464570518524], [131.15948812198502, 19.347250166951262], [131.1756107490317, 19.375800857561245], [131.18551827511862, 19.390721585718808], [131.1960402848724, 19.404351548171228], [131.2164438937371, 19.432198833430412], [131.2169311180307, 19.43290223878121], [131.22711371961555, 19.461452929391193], [131.2164873546624, 19.49000362000118], [131.2164438937371, 19.490033373880568], [131.18551827511862, 19.517862457836763], [131.1848151522509, 19.518554310611165], [131.15459265650014, 19.540521948324724], [131.14650590682712, 19.547105001221148], [131.12366703788163, 19.565714401583552], [131.11284809699052, 19.57565569183113], [131.09274141926315, 19.59697242097191], [131.08652923758834, 19.604206382441113], [131.06760319539438, 19.632757073051096], [131.06181580064467, 19.649126096797787], [131.05740972925372, 19.66130776366108], [131.0590030492168, 19.689858454271064], [131.06181580064467, 19.69509902631156], [131.07773604510155, 19.71840914488105], [131.09274141926315, 19.730455053036316], [131.1196281374731, 19.746959835491033], [131.12366703788163, 19.749288166112546], [131.15459265650014, 19.764454704227536], [131.18529725913226, 19.775510526101016], [131.18551827511862, 19.77563830588452], [131.2164438937371, 19.793128959993183], [131.22803880989318, 19.804061216711], [131.2181765394345, 19.83261190732098], [131.2164438937371, 19.834470179139046], [131.1890271047686, 19.861162597930967], [131.18551827511862, 19.864352178648964], [131.15559161059633, 19.88971328854095], [131.15459265650014, 19.890697900143362], [131.12813303187806, 19.918263979150936], [131.12366703788163, 19.926854454192206], [131.1141889934001, 19.94681466976092], [131.11223738488516, 19.9753653603709], [131.12116147984662, 20.003916050980884], [131.12366703788163, 20.01189515126434], [131.12742234991583, 20.032466741590866], [131.12803344243895, 20.061017432200853], [131.1353291318915, 20.089568122810835], [131.15459265650014, 20.11044064025622], [131.1816250924196, 20.118118813420818], [131.18551827511862, 20.1190594965047], [131.2164438937371, 20.1196334395074], [131.23473088653904, 20.118118813420814], [131.2473695123556, 20.11733258142117], [131.2782951309741, 20.115620708856845], [131.30922074959258, 20.115318552115625], [131.34014636821107, 20.116854332277196], [131.35041874076356, 20.118118813420818], [131.37107198682958, 20.121597417556433], [131.40199760544806, 20.1258267121391], [131.43292322406654, 20.129400657439298], [131.46384884268502, 20.13245331363411], [131.49477446130354, 20.124120853529387], [131.50530979930232, 20.118118813420818], [131.52570007992202, 20.11128856070338], [131.55662569854053, 20.09802014210585], [131.57311133228478, 20.08956812281084], [131.587551317159, 20.07826652758697], [131.60547388010377, 20.061017432200853], [131.61007081141676, 20.032466741590866], [131.59615701756283, 20.003916050980884], [131.587551317159, 19.99470948092536], [131.57160300530774, 19.9753653603709], [131.55662569854053, 19.962846838766247], [131.5354553081708, 19.94681466976092], [131.52570007992202, 19.93979828847096], [131.49477446130354, 19.919128117588382], [131.49358162900842, 19.918263979150936], [131.46469596312312, 19.88971328854095], [131.46384884268502, 19.888089819216965], [131.45100463880507, 19.861162597930967], [131.45261924927573, 19.83261190732098], [131.46384884268502, 19.819146590322745], [131.48378810662314, 19.804061216711], [131.49477446130354, 19.801663822510132], [131.52570007992202, 19.795870897604004], [131.55662569854053, 19.78845817289004], [131.58435297595645, 19.775510526101016], [131.587551317159, 19.771297501304684], [131.60263816102355, 19.746959835491033], [131.59667278616845, 19.71840914488105], [131.587551317159, 19.702840334018347], [131.58318470299236, 19.689858454271064], [131.56665217724927, 19.661307763661082], [131.55662569854053, 19.64802193725025], [131.54332632599176, 19.632757073051096], [131.52570007992202, 19.616109753393232], [131.51126594558514, 19.604206382441113], [131.49477446130354, 19.589835309624966], [131.4828655302149, 19.57565569183113], [131.4685666416508, 19.547105001221148], [131.46384884268502, 19.531881049786726], [131.45987774388826, 19.518554310611165], [131.4537020247369, 19.49000362000118], [131.4463092411546, 19.461452929391193], [131.43292322406654, 19.438859439845814], [131.4298587987525, 19.43290223878121], [131.41507941691202, 19.404351548171228], [131.40199760544806, 19.383663606314478], [131.39845513588796, 19.375800857561245], [131.38612072506524, 19.347250166951262], [131.38001953892459, 19.31869947634128], [131.38150731880685, 19.290148785731294], [131.38131733799162, 19.261598095121307], [131.37982796001054, 19.233047404511325], [131.3744475584373, 19.204496713901342], [131.37107198682958, 19.197964629922325], [131.35803451882973, 19.17594602329136], [131.34014636821107, 19.163796463105864], [131.30922074959258, 19.151076746790103], [131.30116125921035, 19.147395332681377], [131.2782951309741, 19.1377564362006], [131.24810245381815, 19.11884464207139], [131.2473695123556, 19.11844060944162], [131.2164438937371, 19.103066842238277], [131.18551827511862, 19.092344965490607], [131.15459265650014, 19.102355558387934], [131.13955866687817, 19.11884464207139]]]}, "properties": {"fillColor": "#FFFF00", "fillOpacity": 0.7, "color": "#000000", "weight": 0.2, "stroke": false}}, {"type": "Feature", "geometry": {"type": "Polygon", "coordinates": [[[131.15459265650014, 18.515895413689165], [131.15891716645106, 18.519280139261735], [131.18551827511862, 18.544653058262195], [131.18701429602922, 18.54783082987172], [131.19419108504377, 18.576381520481704], [131.1950812199466, 18.604932211091686], [131.19041880762674, 18.63348290170167], [131.18551827511862, 18.650834598384883], [131.16184611394885, 18.66203359231165], [131.15459265650014, 18.66508479622027], [131.15322985831574, 18.66203359231165], [131.14042901629955, 18.63348290170167], [131.12806988642666, 18.604932211091686], [131.12366703788163, 18.587359667868487], [131.12201648166302, 18.576381520481704], [131.12351075640436, 18.54783082987172], [131.12366703788163, 18.547287873395796], [131.1483108017046, 18.519280139261735], [131.15459265650014, 18.515895413689165]]]}, "properties": {"fillColor": "#FFFF00", "fillOpacity": 0.7, "color": "#000000", "weight": 0.2, "stroke": false}}, {"type": "Feature", "geometry": {"type": "Polygon", "coordinates": [[[132.36069178262125, 20.50636170186779], [132.39161740123978, 20.495608691846545], [132.42254301985827, 20.49491499733393], [132.45346863847675, 20.49954187799134], [132.48439425709526, 20.506900767269123], [132.51531987571374, 20.515328867009586], [132.5242196432639, 20.517828481960592], [132.54624549433223, 20.528333219090385], [132.57235916106455, 20.546379172570575], [132.555884253767, 20.574929863180557], [132.5462454943322, 20.58044479347185], [132.51531987571374, 20.59892214738466], [132.5075992359959, 20.60348055379054], [132.48439425709526, 20.613623337741476], [132.45346863847675, 20.623638282060085], [132.42254301985827, 20.627758056357393], [132.39161740123978, 20.62336423557837], [132.36069178262127, 20.60893929363688], [132.35272336717242, 20.60348055379054], [132.33299633505843, 20.574929863180557], [132.33152096453767, 20.546379172570575], [132.34636111045847, 20.517828481960592], [132.36069178262125, 20.50636170186779]]]}, "properties": {"fillColor": "#FFFF00", "fillOpacity": 0.7, "color": "#000000", "weight": 0.2, "stroke": false}}, {"type": "Feature", "geometry": {"type": "Polygon", "coordinates": [[[129.11350182767973, 20.737477351266826], [129.1444274462982, 20.72451399294264], [129.1753530649167, 20.741406041229837], [129.1802751633314, 20.746234006840456], [129.20593049290238, 20.774784697450443], [129.20627868353517, 20.775201778985046], [129.2246570622671, 20.80333538806043], [129.23697100594634, 20.83188607867041], [129.23720430215369, 20.83509873193989], [129.23920469982622, 20.860436769280394], [129.23720430215369, 20.866933256596695], [129.2270282841302, 20.888987459890377], [129.20627868353517, 20.90456017070467], [129.1753530649167, 20.901636373567225], [129.15324587254125, 20.888987459890377], [129.1444274462982, 20.88400643803523], [129.12488206675644, 20.860436769280394], [129.11350182767973, 20.84027999290488], [129.10945084968387, 20.831886078670415], [129.09887158375585, 20.80333538806043], [129.09750880450963, 20.774784697450443], [129.1092637924399, 20.746234006840464], [129.11350182767973, 20.737477351266826]]]}, "properties": {"fillColor": "#FFFF00", "fillOpacity": 0.7, "color": "#000000", "weight": 0.2, "stroke": false}}, {"type": "Feature", "geometry": {"type": "Polygon", "coordinates": [[[129.1270298907225, 20.80333538806043], [129.1349014550331, 20.83188607867041], [129.1444274462982, 20.8471714614168], [129.1713003382066, 20.860436769280394], [129.1753530649167, 20.862451793232438], [129.17937180299862, 20.860436769280394], [129.1918350441633, 20.831886078670415], [129.1804050448478, 20.80333538806043], [129.1753530649167, 20.79732542897614], [129.1444274462982, 20.78421344955731], [129.1270298907225, 20.80333538806043]]]}, "properties": {"fillColor": "#FFFF00", "fillOpacity": 0.7, "color": "#000000", "weight": 0.2, "stroke": false}}, {"type": "Feature", "geometry": {"type": "Polygon", "coordinates": [[[133.10290662946508, 20.796369698421483], [133.13383224808356, 20.79012379513847], [133.16475786670205, 20.78600548206988], [133.19568348532056, 20.78467190696097], [133.22660910393904, 20.7902895148755], [133.2439862700403, 20.80333538806043], [133.22660910393904, 20.824175627028946], [133.22229354840317, 20.83188607867041], [133.19568348532056, 20.849165232641866], [133.18170983247197, 20.860436769280394], [133.16475786670205, 20.869964294842042], [133.13383224808356, 20.887949673045604], [133.13223244380796, 20.888987459890377], [133.10290662946508, 20.904496423493455], [133.0772510905491, 20.917538150500363], [133.07198101084657, 20.920309802927168], [133.0410553922281, 20.93510812730875], [133.01576683338303, 20.946088841110345], [133.0101297736096, 20.948776433166948], [132.9792041549911, 20.96089870315444], [132.9482785363726, 20.96972785580074], [132.92106181106087, 20.974639531720328], [132.91735291775413, 20.975414234262388], [132.88642729913562, 20.975230023320922], [132.88435575703315, 20.974639531720328], [132.85550168051714, 20.959265396156454], [132.84248373577697, 20.946088841110345], [132.8426469206031, 20.917538150500363], [132.85550168051714, 20.900200934575253], [132.8645231937564, 20.888987459890377], [132.88642729913562, 20.8722270481247], [132.90888115966703, 20.860436769280394], [132.91735291775413, 20.85616473037645], [132.9482785363726, 20.84293755410915], [132.9792041549911, 20.83328849840121], [132.98361920074333, 20.83188607867041], [133.0101297736096, 20.82189686464663], [133.0410553922281, 20.812731714927192], [133.07198101084657, 20.804799926203206], [133.07790816537562, 20.80333538806043], [133.10290662946508, 20.796369698421483]]]}, "properties": {"fillColor": "#FFFF00", "fillOpacity": 0.7, "color": "#000000", "weight": 0.2, "stroke": false}}, {"type": "Feature", "geometry": {"type": "Polygon", "coordinates": [[[133.07357448087902, 20.831886078670415], [133.07198101084657, 20.832236009471817], [133.0410553922281, 20.841530806120907], [133.0101297736096, 20.850178404064685], [132.97992220530497, 20.860436769280394], [132.9792041549911, 20.860761871850478], [132.9482785363726, 20.874974722212023], [132.92061459173019, 20.888987459890377], [132.91735291775413, 20.892232542518702], [132.89306022880822, 20.917538150500363], [132.91259460794814, 20.946088841110345], [132.91735291775413, 20.947219884166994], [132.9356641040653, 20.946088841110345], [132.9482785363726, 20.945011979192472], [132.9792041549911, 20.935490091387834], [133.0101297736096, 20.924430844137035], [133.02618953723206, 20.917538150500363], [133.0410553922281, 20.909196607676815], [133.07198101084657, 20.89405671251945], [133.082110097701, 20.888987459890377], [133.10290662946508, 20.873413229444136], [133.1252041780507, 20.860436769280394], [133.13383224808356, 20.8416085348202], [133.14137576235646, 20.83188607867041], [133.13383224808356, 20.82892678179622], [133.10290662946508, 20.827641036128412], [133.07357448087902, 20.831886078670415]]]}, "properties": {"fillColor": "#FFFF00", "fillOpacity": 0.7, "color": "#000000", "weight": 0.2, "stroke": false}}, {"type": "Feature", "geometry": {"type": "Polygon", "coordinates": [[[133.53586529012395, 21.200476861370618], [133.56679090874243, 21.192272881313595], [133.59771652736094, 21.18591997917521], [133.62864214597943, 21.18055284817632], [133.6595677645979, 21.17596794863559], [133.6904933832164, 21.19018878912636], [133.6941630436199, 21.2030450566002], [133.6904933832164, 21.207304634922995], [133.66946326724272, 21.231595747210182], [133.6595677645979, 21.238408426383234], [133.62864214597943, 21.25743927153553], [133.6243030011239, 21.260146437820165], [133.59771652736094, 21.273612656774006], [133.56679090874243, 21.28820205604349], [133.56589710630058, 21.28869712843015], [133.53586529012395, 21.30422535398316], [133.50731240006317, 21.317247819040134], [133.50493967150547, 21.31852711288511], [133.47401405288696, 21.334950581961166], [133.44911401960562, 21.345798509650116], [133.44308843426847, 21.349117803510833], [133.41216281565, 21.363545636861527], [133.38123719703148, 21.37428279498292], [133.38097806475645, 21.3743492002601], [133.350311578413, 21.384615717593718], [133.31938595979452, 21.387527010602668], [133.288460341176, 21.3779975392641], [133.2830178282636, 21.3743492002601], [133.2709602810425, 21.345798509650116], [133.2797194229598, 21.317247819040134], [133.288460341176, 21.304285927774863], [133.29759115967954, 21.28869712843015], [133.31938595979452, 21.269698502359432], [133.33458043895914, 21.260146437820165], [133.350311578413, 21.252176009139994], [133.38123719703148, 21.240973475167777], [133.41216281565, 21.232821223111348], [133.41681552200137, 21.231595747210186], [133.44308843426847, 21.222906096890522], [133.47401405288696, 21.21460014522754], [133.50493967150547, 21.20781732465483], [133.5274981928349, 21.2030450566002], [133.53586529012395, 21.200476861370618]]]}, "properties": {"fillColor": "#FFFF00", "fillOpacity": 0.7, "color": "#000000", "weight": 0.2, "stroke": false}}, {"type": "Feature", "geometry": {"type": "Polygon", "coordinates": [[[133.47453129568066, 21.231595747210182], [133.47401405288696, 21.23173509158895], [133.44308843426847, 21.240171197309685], [133.41216281565, 21.249440279932184], [133.38432267718326, 21.260146437820165], [133.38123719703148, 21.26146228466151], [133.350311578413, 21.27622282512545], [133.33322031156396, 21.28869712843015], [133.31938595979452, 21.307909679891377], [133.312824598409, 21.317247819040134], [133.30849302751338, 21.345798509650116], [133.31938595979452, 21.357337351251886], [133.350311578413, 21.364054808202724], [133.38123719703148, 21.358257813596182], [133.41216281565, 21.347224682534225], [133.41508630856282, 21.345798509650116], [133.44308843426847, 21.333841506200486], [133.47401405288696, 21.318847545487056], [133.47696933158446, 21.317247819040134], [133.50493967150547, 21.30278394121924], [133.53170237760307, 21.28869712843015], [133.53586529012395, 21.28582757837635], [133.56679090874243, 21.268804619565824], [133.58331340798577, 21.260146437820165], [133.59771652736094, 21.24834207711877], [133.626158975497, 21.231595747210182], [133.59771652736094, 21.20866927871792], [133.56679090874243, 21.21257938110648], [133.53586529012395, 21.21735257916678], [133.50493967150547, 21.223330812513662], [133.47453129568066, 21.231595747210182]]]}, "properties": {"fillColor": "#FFFF00", "fillOpacity": 0.7, "color": "#000000", "weight": 0.2, "stroke": false}}, {"type": "Feature", "geometry": {"type": "Polygon", "coordinates": [[[120.88728727516107, 23.247229557771284], [120.9094981765474, 23.258694780519022], [120.91821289377955, 23.26339753982899], [120.93363340747622, 23.287245471129005], [120.93776130926764, 23.315796161738987], [120.92564701985634, 23.344346852348973], [120.91821289377955, 23.35155864121412], [120.88728727516107, 23.362144919788296], [120.85636165654259, 23.35328204048375], [120.84778570662439, 23.344346852348973], [120.83534035981828, 23.315796161738987], [120.8406925386239, 23.287245471129005], [120.85636165654257, 23.264629976692714], [120.86666410184341, 23.258694780519022], [120.88728727516107, 23.247229557771284]]]}, "properties": {"fillColor": "#FFFF00", "fillOpacity": 0.7, "color": "#000000", "weight": 0.2, "stroke": false}}, {"type": "Feature", "geometry": {"type": "Polygon", "coordinates": [[[120.87690676771112, 23.287245471129005], [120.85636165654257, 23.31348762546483], [120.85566951032503, 23.315796161738987], [120.85636165654257, 23.317161889490272], [120.88728727516107, 23.337085075405817], [120.91265202611436, 23.315796161738987], [120.89818698016674, 23.287245471129005], [120.88728727516107, 23.280854120396995], [120.87690676771112, 23.287245471129005]]]}, "properties": {"fillColor": "#FFFF00", "fillOpacity": 0.7, "color": "#000000", "weight": 0.2, "stroke": false}}, {"type": "Feature", "geometry": {"type": "Polygon", "coordinates": [[[120.85636165654256, 23.42401529598991], [120.88728727516107, 23.426489875360524], [120.89032480634683, 23.429998924178925], [120.89553045187935, 23.458549614788907], [120.88728727516107, 23.47801812834915], [120.86924793964465, 23.48710030539889], [120.8748383854916, 23.515650996008873], [120.85636165654257, 23.531364326436275], [120.84830482121089, 23.515650996008873], [120.85268805859431, 23.48710030539889], [120.84830138653726, 23.458549614788907], [120.85029612140849, 23.429998924178925], [120.85636165654256, 23.42401529598991]]]}, "properties": {"fillColor": "#FFFF00", "fillOpacity": 0.7, "color": "#000000", "weight": 0.2, "stroke": false}}, {"type": "Feature", "geometry": {"type": "Polygon", "coordinates": [[[115.75363458449152, 23.6686848569031], [115.78456020311, 23.66590900509957], [115.81548582172853, 23.67726650003015], [115.82705296611974, 23.686955139668775], [115.84254938081276, 23.71550583027876], [115.83943846969699, 23.744056520888744], [115.81548582172852, 23.768500434148386], [115.79089948428633, 23.772607211498723], [115.78456020311002, 23.773659797366335], [115.78078091200578, 23.772607211498727], [115.75363458449154, 23.765387915864327], [115.72929717695745, 23.744056520888744], [115.72270896587304, 23.722539619103575], [115.72043152161365, 23.71550583027876], [115.72270896587304, 23.708272276835377], [115.73012392213487, 23.686955139668775], [115.75363458449152, 23.6686848569031]]]}, "properties": {"fillColor": "#FFFF00", "fillOpacity": 0.7, "color": "#000000", "weight": 0.2, "stroke": false}}, {"type": "Feature", "geometry": {"type": "Polygon", "coordinates": [[[115.76182085409775, 23.686955139668775], [115.75363458449154, 23.69047104308163], [115.74017098623378, 23.71550583027876], [115.7516031530479, 23.744056520888744], [115.75363458449152, 23.74583704194175], [115.78456020311002, 23.757078370386015], [115.81548582172852, 23.74790270121338], [115.8192547028549, 23.744056520888744], [115.82500532085685, 23.71550583027876], [115.81548582172852, 23.701008913593867], [115.79509440269632, 23.686955139668775], [115.78456020311002, 23.682458076088444], [115.76182085409775, 23.686955139668775]]]}, "properties": {"fillColor": "#FFFF00", "fillOpacity": 0.7, "color": "#000000", "weight": 0.2, "stroke": false}}, {"type": "Feature", "geometry": {"type": "Polygon", "coordinates": [[[121.1037666054905, 23.879161762839715], [121.13469222410899, 23.873000371740417], [121.16561784272749, 23.88016982641865], [121.17704786378386, 23.88680997393866], [121.19654346134598, 23.90305364778719], [121.20572134745368, 23.915360664548647], [121.21200012605021, 23.94391135515863], [121.20466476507136, 23.972462045768612], [121.19654346134598, 23.98317279156217], [121.17147187042788, 24.001012736378595], [121.16561784272749, 24.004219678960578], [121.13469222410899, 24.00822882453383], [121.10443935099491, 24.001012736378595], [121.1037666054905, 24.000868136910093], [121.072840986872, 23.98571348474536], [121.05783137874184, 23.972462045768612], [121.04769946326306, 23.94391135515863], [121.06110927373977, 23.915360664548647], [121.072840986872, 23.901700913344648], [121.09192511020836, 23.88680997393866], [121.1037666054905, 23.879161762839715]]]}, "properties": {"fillColor": "#FFFF00", "fillOpacity": 0.7, "color": "#000000", "weight": 0.2, "stroke": false}}, {"type": "Feature", "geometry": {"type": "Polygon", "coordinates": [[[121.08139259434121, 23.915360664548647], [121.07284098687201, 23.929762913177996], [121.06559787826768, 23.94391135515863], [121.07284098687201, 23.958300759608875], [121.08355995101158, 23.972462045768612], [121.1037666054905, 23.984643303725626], [121.13469222410899, 23.992983415208997], [121.16561784272747, 23.98822401252689], [121.18529316474837, 23.972462045768612], [121.19620023047455, 23.94391135515863], [121.18795245947578, 23.915360664548647], [121.1656178427275, 23.895895698981846], [121.13469222410897, 23.88828568815353], [121.1037666054905, 23.897044469426923], [121.08139259434121, 23.915360664548647]]]}, "properties": {"fillColor": "#FFFF00", "fillOpacity": 0.7, "color": "#000000", "weight": 0.2, "stroke": false}}, {"type": "Feature", "geometry": {"type": "Polygon", "coordinates": [[[116.55770066857232, 23.992691284281477], [116.58862628719078, 23.984805698373552], [116.61556834113159, 24.001012736378595], [116.61955190580929, 24.013013029243425], [116.622914390015, 24.02956342698858], [116.61955190580929, 24.03628332924694], [116.5941023611951, 24.058114117598564], [116.58862628719078, 24.060410474830626], [116.57969539518172, 24.058114117598564], [116.5577006685723, 24.049223704048686], [116.54394831853705, 24.02956342698858], [116.54931613981816, 24.001012736378595], [116.55770066857232, 23.992691284281477]]]}, "properties": {"fillColor": "#FFFF00", "fillOpacity": 0.7, "color": "#000000", "weight": 0.2, "stroke": false}}, {"type": "Feature", "geometry": {"type": "Polygon", "coordinates": [[[116.71232876166475, 24.51298420938885], [116.74325438028325, 24.49250456629008], [116.77417999890174, 24.49114512168012], [116.80510561752021, 24.497566947009012], [116.83603123613872, 24.507915678125812], [116.85598150122456, 24.514925167358303], [116.86695685475722, 24.517481021715433], [116.89788247337569, 24.537576226380658], [116.9053810584289, 24.543475857968282], [116.92652638004682, 24.57202654857827], [116.9288080919942, 24.58214153721969], [116.93289307553898, 24.600577239188254], [116.9288080919942, 24.613056654835], [116.92172035278954, 24.629127929798237], [116.89788247337572, 24.64633972618691], [116.86695685475722, 24.649011290430074], [116.83603123613872, 24.64137911745587], [116.80638049970901, 24.629127929798237], [116.80510561752023, 24.62876044434813], [116.77417999890173, 24.607102570589085], [116.76694753115856, 24.600577239188254], [116.74325438028325, 24.57411726227068], [116.74052616893675, 24.572026548578272], [116.71606954556223, 24.543475857968286], [116.71232876166478, 24.52124216123454], [116.71095160220851, 24.514925167358303], [116.71232876166475, 24.51298420938885]]]}, "properties": {"fillColor": "#FFFF00", "fillOpacity": 0.7, "color": "#000000", "weight": 0.2, "stroke": false}}, {"type": "Feature", "geometry": {"type": "Polygon", "coordinates": [[[116.75491601413331, 24.54347585796829], [116.7703168048615, 24.57202654857827], [116.77417999890174, 24.576419194579415], [116.7888080555262, 24.600577239188254], [116.80510561752024, 24.613220650131097], [116.83603123613872, 24.62226461594232], [116.86695685475723, 24.626141328544385], [116.8978824733757, 24.613686064181252], [116.90577748427188, 24.600577239188254], [116.89913041725262, 24.57202654857827], [116.8978824733757, 24.570452960711325], [116.88181168737978, 24.543475857968286], [116.86695685475723, 24.532578111833747], [116.83603123613872, 24.52382779973903], [116.80510561752023, 24.5213057987306], [116.77417999890174, 24.52026524691842], [116.75491601413331, 24.54347585796829]]]}, "properties": {"fillColor": "#FFFF00", "fillOpacity": 0.7, "color": "#000000", "weight": 0.2, "stroke": false}}, {"type": "Feature", "geometry": {"type": "Polygon", "coordinates": [[[117.60917170160101, 25.190199857596667], [117.6400973202195, 25.18446349127494], [117.67102293883798, 25.18874722269956], [117.69278143015606, 25.20014174199791], [117.70194855745648, 25.20543713027491], [117.72230265302741, 25.228692432607893], [117.72717313185333, 25.257243123217876], [117.7191983607864, 25.285793813827862], [117.70194855745649, 25.30536333942939], [117.67934122064828, 25.314344504437845], [117.67102293883798, 25.317352177092754], [117.64062110556792, 25.314344504437845], [117.6400973202195, 25.314312367094526], [117.60917170160099, 25.30358340679934], [117.58698959560712, 25.285793813827866], [117.5782460829825, 25.271371544798605], [117.56945568265853, 25.257243123217876], [117.57100081462565, 25.228692432607893], [117.5782460829825, 25.217967219612206], [117.59398097013651, 25.20014174199791], [117.60917170160101, 25.190199857596667]]]}, "properties": {"fillColor": "#FFFF00", "fillOpacity": 0.7, "color": "#000000", "weight": 0.2, "stroke": false}}, {"type": "Feature", "geometry": {"type": "Polygon", "coordinates": [[[117.63149612810295, 25.20014174199791], [117.60917170160099, 25.206466023621033], [117.58745853685528, 25.228692432607893], [117.58529587889781, 25.257243123217876], [117.60636444831057, 25.285793813827862], [117.609171701601, 25.28804517325326], [117.6400973202195, 25.303584313530365], [117.67102293883798, 25.305319967664445], [117.70194855745648, 25.28635774600039], [117.70244564252975, 25.285793813827862], [117.71520939559201, 25.257243123217876], [117.70808822906515, 25.228692432607893], [117.70194855745648, 25.221677632122784], [117.67102293883798, 25.202407997061893], [117.65324770287285, 25.20014174199791], [117.6400973202195, 25.19789515844846], [117.63149612810295, 25.20014174199791]]]}, "properties": {"fillColor": "#FFFF00", "fillOpacity": 0.7, "color": "#000000", "weight": 0.2, "stroke": false}}, {"type": "Feature", "geometry": {"type": "Polygon", "coordinates": [[[124.72206398385397, 6.00849263360709], [124.75298960247245, 5.999020893369688], [124.78391522109095, 5.995713178628778], [124.81326723804258, 6.014077652088894], [124.8115850514716, 6.042628342698878], [124.80817352688129, 6.071179033308862], [124.79829488892997, 6.099729723918845], [124.78391522109095, 6.119518235593683], [124.77768538229027, 6.128280414528829], [124.75298960247245, 6.155530377501408], [124.75128738831323, 6.156831105138813], [124.72206398385399, 6.175714496913601], [124.69113836523547, 6.18278436386967], [124.66021274661699, 6.180285929834029], [124.63266924662861, 6.156831105138813], [124.6292871279985, 6.143428549405599], [124.62509604406407, 6.128280414528829], [124.62928712799848, 6.108533160133283], [124.63044735843673, 6.099729723918845], [124.64132671591847, 6.071179033308862], [124.66021274661699, 6.046997174359905], [124.66448396029905, 6.042628342698878], [124.69113836523547, 6.022808357748277], [124.71170321220775, 6.014077652088894], [124.72206398385397, 6.00849263360709]]]}, "properties": {"fillColor": "#FFA500", "fillOpacity": 0.7, "color": "#000000", "weight": 0.2, "stroke": false}}, {"type": "Feature", "geometry": {"type": "Polygon", "coordinates": [[[124.71718497482911, 6.042628342698878], [124.69113836523547, 6.050930099185426], [124.67035217499554, 6.071179033308862], [124.66021274661699, 6.090860042514442], [124.65524880235517, 6.099729723918845], [124.65068116877565, 6.128280414528829], [124.66021274661699, 6.1459959416558805], [124.6818311443064, 6.156831105138813], [124.69113836523547, 6.159297328978272], [124.69815972885576, 6.156831105138813], [124.72206398385397, 6.148100065342011], [124.74648973367744, 6.128280414528829], [124.75298960247244, 6.1219170543057775], [124.77081552327829, 6.099729723918845], [124.78391522109095, 6.071877033483823], [124.78424699387851, 6.071179033308862], [124.78418374271143, 6.042628342698878], [124.78391522109095, 6.042207300073292], [124.75298960247245, 6.035872153850017], [124.72206398385397, 6.040483747313608], [124.71718497482911, 6.042628342698878]]]}, "properties": {"fillColor": "#FFA500", "fillOpacity": 0.7, "color": "#000000", "weight": 0.2, "stroke": false}}, {"type": "Feature", "geometry": {"type": "Polygon", "coordinates": [[[125.27872511898681, 6.953840573874766], [125.29855177920066, 6.956250442218355], [125.3096507376053, 6.957245322483281], [125.3405763562238, 6.976108635681488], [125.34848882287375, 6.984801132828338], [125.36263940864399, 7.013351823438322], [125.3642103173195, 7.0419025140483065], [125.35270495771312, 7.070453204658289], [125.34057635622378, 7.081990715251022], [125.3096507376053, 7.093357201308626], [125.27872511898681, 7.090302972223373], [125.25193760027497, 7.070453204658289], [125.24779950036832, 7.065069825577025], [125.23288005581763, 7.0419025140483065], [125.22971055964857, 7.013351823438322], [125.23646196340599, 6.9848011328283395], [125.2477995003683, 6.971083290207739], [125.27372272784848, 6.956250442218356], [125.27872511898681, 6.953840573874766]]]}, "properties": {"fillColor": "#FFA500", "fillOpacity": 0.7, "color": "#000000", "weight": 0.2, "stroke": false}}, {"type": "Feature", "geometry": {"type": "Polygon", "coordinates": [[[125.26925829183357, 6.984801132828338], [125.2537273951848, 7.013351823438322], [125.25752867008669, 7.0419025140483065], [125.27872511898681, 7.065585079043453], [125.30736677492314, 7.070453204658289], [125.3096507376053, 7.07083707111777], [125.31038688744091, 7.070453204658289], [125.33882266509079, 7.041902514048306], [125.33682982826053, 7.013351823438322], [125.31210649049707, 6.984801132828339], [125.3096507376053, 6.982998202891312], [125.27872511898681, 6.977926732077405], [125.26925829183357, 6.984801132828338]]]}, "properties": {"fillColor": "#FFA500", "fillOpacity": 0.7, "color": "#000000", "weight": 0.2, "stroke": false}}, {"type": "Feature", "geometry": {"type": "Polygon", "coordinates": [[[126.29927053339702, 7.260042936642822], [126.31996479966978, 7.2703080389281745], [126.3301961520155, 7.277346444322566], [126.34779776296867, 7.298858729538159], [126.35757853803766, 7.327409420148142], [126.36112177063401, 7.338645893273702], [126.36557134147648, 7.355960110758126], [126.36288491560747, 7.38451080136811], [126.36112177063399, 7.388003061157589], [126.34913438118474, 7.413061491978093], [126.338524626745, 7.441612182588077], [126.33019615201549, 7.455026910027962], [126.31979924428681, 7.470162873198061], [126.29927053339702, 7.488008644158889], [126.26834491477852, 7.497105359659762], [126.23741929616003, 7.49310887949221], [126.20902382082184, 7.470162873198061], [126.20649367754154, 7.466753078792016], [126.1907157316712, 7.441612182588077], [126.18576179454215, 7.413061491978093], [126.18735378986875, 7.38451080136811], [126.19373108678816, 7.355960110758126], [126.20649367754154, 7.33333025519128], [126.21053302975544, 7.327409420148142], [126.23741929616003, 7.301726135599702], [126.24257835274302, 7.298858729538159], [126.26834491477851, 7.274737474841389], [126.27840244321953, 7.270308038928175], [126.29927053339702, 7.260042936642822]]]}, "properties": {"fillColor": "#FFA500", "fillOpacity": 0.7, "color": "#000000", "weight": 0.2, "stroke": false}}, {"type": "Feature", "geometry": {"type": "Polygon", "coordinates": [[[126.24671779804626, 7.327409420148143], [126.23741929616003, 7.331918512974489], [126.2164750931438, 7.355960110758126], [126.21037335820499, 7.38451080136811], [126.20981054788928, 7.413061491978093], [126.21711187077766, 7.441612182588077], [126.23741929616001, 7.465089227908321], [126.2573972589705, 7.470162873198061], [126.26834491477852, 7.472759421359049], [126.27413688297756, 7.470162873198061], [126.29927053339702, 7.457417270849746], [126.31258727870477, 7.441612182588077], [126.32104584969349, 7.413061491978093], [126.32832510336668, 7.384510801368111], [126.3301961520155, 7.382646226953749], [126.34731552502849, 7.355960110758126], [126.3301961520155, 7.335469538679808], [126.31201226893742, 7.327409420148142], [126.29927053339702, 7.315143323559812], [126.26834491477851, 7.313931621914522], [126.24671779804626, 7.327409420148143]]]}, "properties": {"fillColor": "#FFA500", "fillOpacity": 0.7, "color": "#000000", "weight": 0.2, "stroke": false}}, {"type": "Feature", "geometry": {"type": "Polygon", "coordinates": [[[128.30943574359895, 7.555683111240431], [128.30972389081927, 7.555814945028011], [128.34036136221744, 7.574133843605619], [128.34683924679607, 7.584365635637996], [128.35782071422514, 7.61291632624798], [128.36667477922143, 7.641467016857963], [128.37128698083592, 7.652076108274258], [128.38069138214087, 7.670017707467947], [128.4022125994544, 7.697368628393527], [128.4036548330619, 7.69856839807793], [128.43313821807288, 7.715668667208325], [128.45318877036226, 7.727119088687914], [128.4640638366914, 7.732682206729578], [128.49498945530988, 7.752418296414412], [128.49951685220103, 7.755669779297897], [128.5259150739284, 7.778141374342228], [128.53215176323087, 7.784220469907881], [128.55129070436, 7.8127711605178645], [128.5547132661382, 7.841321851127848], [128.5432456751168, 7.869872541737832], [128.5259150739284, 7.8868404497913005], [128.49943872795004, 7.898423232347815], [128.49498945530988, 7.900230747004899], [128.4640638366914, 7.90586647094926], [128.4440014803703, 7.898423232347815], [128.4331382180729, 7.8948271040412745], [128.4022125994544, 7.879780829896005], [128.38522159042554, 7.869872541737832], [128.37128698083592, 7.862356160329579], [128.34036136221744, 7.842686125772778], [128.33801581109313, 7.841321851127848], [128.30943574359895, 7.82603931010834], [128.27851012498047, 7.820881862337114], [128.24758450636196, 7.830114540475398], [128.21665888774348, 7.837837852215234], [128.18573326912497, 7.840065960577968], [128.15480765050648, 7.835804796620963], [128.123882031888, 7.81966962264765], [128.11530858798167, 7.812771160517864], [128.09295641326952, 7.788504550208219], [128.08957598044674, 7.784220469907881], [128.0740936420714, 7.7556697792978975], [128.06734956003436, 7.727119088687914], [128.0651197207939, 7.69856839807793], [128.0671264158188, 7.670017707467947], [128.07717650985677, 7.641467016857963], [128.09295641326952, 7.621738136848851], [128.108043182926, 7.612916326247979], [128.123882031888, 7.604350467249304], [128.15480765050648, 7.600351716523457], [128.18573326912497, 7.601855191152369], [128.21665888774348, 7.597500128266546], [128.24758450636196, 7.5847831130489345], [128.24843804795637, 7.584365635637996], [128.27851012498044, 7.56276400153199], [128.30891138260523, 7.555814945028011], [128.30943574359895, 7.555683111240431]]]}, "properties": {"fillColor": "#FFA500", "fillOpacity": 0.7, "color": "#000000", "weight": 0.2, "stroke": false}}, {"type": "Feature", "geometry": {"type": "Polygon", "coordinates": [[[128.11771359952854, 7.641467016857963], [128.09318830776377, 7.670017707467947], [128.09295641326952, 7.670869220174519], [128.08702763536823, 7.69856839807793], [128.08971078131418, 7.727119088687914], [128.09295641326952, 7.735863675283455], [128.0998752051053, 7.755669779297897], [128.12025195095453, 7.784220469907881], [128.123882031888, 7.7878950071555355], [128.15480765050648, 7.8076093093727295], [128.18573326912497, 7.81062369157967], [128.21665888774348, 7.806127285168934], [128.24758450636196, 7.795777574309639], [128.27851012498044, 7.78649931052598], [128.30943574359895, 7.7895311754965535], [128.34036136221744, 7.800634815590694], [128.36422554703785, 7.8127711605178645], [128.37128698083592, 7.817603053162786], [128.4022125994544, 7.834975911614443], [128.4157350930906, 7.841321851127848], [128.4331382180729, 7.850501386395874], [128.4640638366914, 7.8583322668151965], [128.49498945530988, 7.8494797094305095], [128.50391379021733, 7.841321851127848], [128.50567862988004, 7.8127711605178645], [128.49498945530988, 7.799368821874695], [128.48286267917226, 7.784220469907881], [128.4640638366914, 7.769501352991416], [128.44462401485902, 7.755669779297898], [128.4331382180729, 7.748674984746806], [128.4022125994544, 7.732978363857199], [128.3919701145656, 7.727119088687914], [128.37128698083592, 7.710360428297535], [128.36095491071035, 7.69856839807793], [128.34348992455364, 7.670017707467947], [128.34036136221744, 7.664085191645185], [128.32386413379396, 7.641467016857963], [128.30943574359895, 7.625130524945914], [128.27851012498041, 7.620529604624814], [128.24758450636196, 7.629627959111901], [128.21665888774348, 7.638317207510623], [128.18573326912497, 7.6357717186378435], [128.15480765050648, 7.630929960848323], [128.123882031888, 7.637093589122575], [128.11771359952854, 7.641467016857963]]]}, "properties": {"fillColor": "#FFA500", "fillOpacity": 0.7, "color": "#000000", "weight": 0.2, "stroke": false}}, {"type": "Feature", "geometry": {"type": "Polygon", "coordinates": [[[124.6292871279985, 7.581733729847495], [124.660212746617, 7.583875424331078], [124.66058770462435, 7.584365635637996], [124.68678289483627, 7.612916326247979], [124.69113836523547, 7.615849593565405], [124.72206398385397, 7.634987989592193], [124.7362441089759, 7.6414670168579635], [124.75298960247245, 7.645516816958023], [124.78391522109095, 7.649949639935839], [124.80623326978196, 7.670017707467947], [124.81017830458299, 7.69856839807793], [124.79740868496609, 7.727119088687914], [124.78391522109095, 7.7507580092794575], [124.78261802535152, 7.7556697792978975], [124.77570122680899, 7.784220469907881], [124.76426141523505, 7.812771160517864], [124.75298960247244, 7.825574504259492], [124.7358265025381, 7.841321851127848], [124.72206398385396, 7.848987724070389], [124.699011958712, 7.869872541737832], [124.69113836523547, 7.876565871397046], [124.66021274661699, 7.891972693354023], [124.62928712799851, 7.891390602677319], [124.59836150938, 7.88005587434483], [124.58849034707455, 7.869872541737832], [124.57821021504552, 7.841321851127848], [124.57979902319654, 7.8127711605178645], [124.58912838552132, 7.784220469907881], [124.59836150938, 7.7600579108774905], [124.60002065286862, 7.7556697792978975], [124.59836150937998, 7.735453545177208], [124.59735871314794, 7.727119088687914], [124.57815298793591, 7.69856839807793], [124.5674358907615, 7.682955755207524], [124.5592972785339, 7.670017707467947], [124.55297768247345, 7.641467016857963], [124.56067443776743, 7.612916326247979], [124.56743589076152, 7.604462746269579], [124.59836150938, 7.589562835597345], [124.62322305652572, 7.584365635637996], [124.6292871279985, 7.581733729847495]]]}, "properties": {"fillColor": "#FFA500", "fillOpacity": 0.7, "color": "#000000", "weight": 0.2, "stroke": false}}, {"type": "Feature", "geometry": {"type": "Polygon", "coordinates": [[[124.66005603920016, 7.727119088687914], [124.63525431766561, 7.755669779297897], [124.62928712799851, 7.761536293325103], [124.61600812699544, 7.784220469907881], [124.60479219190945, 7.812771160517865], [124.60711431812216, 7.841321851127848], [124.62928712799848, 7.862891118332273], [124.65486269105614, 7.869872541737832], [124.66021274661699, 7.871022810078011], [124.66218810605176, 7.869872541737832], [124.69113836523547, 7.851686419665096], [124.7024961776542, 7.841321851127848], [124.72206398385397, 7.818111851132877], [124.72786640157766, 7.8127711605178645], [124.74554385668866, 7.784220469907881], [124.75298960247245, 7.755793719106081], [124.75302420791786, 7.7556697792978975], [124.75298960247245, 7.75552725707623], [124.73733919111366, 7.727119088687914], [124.72206398385396, 7.704063531933092], [124.69113836523547, 7.7175797653686296], [124.66021274661699, 7.726936908408474], [124.66005603920016, 7.727119088687914]]]}, "properties": {"fillColor": "#FFA500", "fillOpacity": 0.7, "color": "#000000", "weight": 0.2, "stroke": false}}, {"type": "Feature", "geometry": {"type": "Polygon", "coordinates": [[[124.9694689328019, 7.867202844956315], [125.00039455142038, 7.862281433625013], [125.03132017003888, 7.851994761947111], [125.05663349389104, 7.869872541737832], [125.06224578865738, 7.875363961104472], [125.07257245455466, 7.898423232347815], [125.0809620359669, 7.926973922957799], [125.0861587670467, 7.955524613567783], [125.08884562247613, 7.984075304177766], [125.08939966551516, 8.01262599478775], [125.08530396132667, 8.041176685397733], [125.07431979783544, 8.069727376007718], [125.06224578865738, 8.090173831084163], [125.05838618984819, 8.098278066617702], [125.0393526693799, 8.126828757227685], [125.0313201700389, 8.134725194822995], [125.00039455142038, 8.154428914318622], [124.99737081958047, 8.155379447837667], [124.9694689328019, 8.164155335867019], [124.93854331418339, 8.164061070463815], [124.91831215822367, 8.155379447837667], [124.90761769556491, 8.146778294833622], [124.89490688832375, 8.126828757227685], [124.89787308927507, 8.098278066617702], [124.90761769556491, 8.07837249379666], [124.91143081030722, 8.069727376007718], [124.92020348349472, 8.041176685397733], [124.92451888273246, 8.01262599478775], [124.9385433141834, 7.988022804107089], [124.94242547474997, 7.984075304177766], [124.93854331418339, 7.9781563800873405], [124.92260850560399, 7.955524613567783], [124.90761769556491, 7.930578975298555], [124.87669207694643, 7.938226553416902], [124.86312838243967, 7.926973922957799], [124.87669207694643, 7.908976728732121], [124.90761769556491, 7.921528373438198], [124.93254054067445, 7.898423232347815], [124.9385433141834, 7.895494350528882], [124.96545690211624, 7.869872541737832], [124.9694689328019, 7.867202844956315]]]}, "properties": {"fillColor": "#FFA500", "fillOpacity": 0.7, "color": "#000000", "weight": 0.2, "stroke": false}}, {"type": "Feature", "geometry": {"type": "Polygon", "coordinates": [[[124.99590151688443, 8.01262599478775], [124.9694689328019, 8.034828338208538], [124.96468661408628, 8.041176685397733], [124.95326112654844, 8.069727376007718], [124.9385433141834, 8.095029084724382], [124.936946636893, 8.098278066617702], [124.93854331418342, 8.113729384611213], [124.94495467239514, 8.126828757227685], [124.9694689328019, 8.131281045623096], [124.98178327192615, 8.126828757227685], [125.00039455142038, 8.115369252440413], [125.01514730560626, 8.098278066617702], [125.0226875391578, 8.069727376007718], [125.02906388885138, 8.041176685397733], [125.03132017003887, 8.03119581973073], [125.03431876657338, 8.01262599478775], [125.03132017003888, 8.008739041134902], [125.00039455142038, 8.009163527895787], [124.99590151688443, 8.01262599478775]]]}, "properties": {"fillColor": "#FFA500", "fillOpacity": 0.7, "color": "#000000", "weight": 0.2, "stroke": false}}, {"type": "Feature", "geometry": {"type": "Polygon", "coordinates": [[[132.11328683367336, 7.925008063125155], [132.11668713357685, 7.926973922957799], [132.14421245229184, 7.952124678544098], [132.14658570482203, 7.955524613567784], [132.14421245229184, 7.965975678273116], [132.1204315730465, 7.984075304177766], [132.11328683367336, 7.985270148712857], [132.11090067661502, 7.984075304177766], [132.08236121505485, 7.964712397281053], [132.07419450345367, 7.955524613567784], [132.08236121505487, 7.929982881784371], [132.0908879319524, 7.926973922957799], [132.11328683367336, 7.925008063125155]]]}, "properties": {"fillColor": "#FFA500", "fillOpacity": 0.7, "color": "#000000", "weight": 0.2, "stroke": false}}, {"type": "Feature", "geometry": {"type": "Polygon", "coordinates": [[[129.70108858143104, 8.482446006009255], [129.73201420004955, 8.480950866564456], [129.76293981866803, 8.48826692546636], [129.77862063647518, 8.497987735157473], [129.7938654372865, 8.510250207494796], [129.806162616894, 8.526538425767455], [129.81863090759342, 8.55508911637744], [129.824791055905, 8.575173063053724], [129.82910567636142, 8.583639806987424], [129.84119727627728, 8.612190497597407], [129.85053012224066, 8.64074118820739], [129.8557166745235, 8.662198909752258], [129.85818820666964, 8.669291878817374], [129.86079946838316, 8.697842569427358], [129.8557166745235, 8.725165118262689], [129.85544533390066, 8.72639326003734], [129.84064847438705, 8.754943950647325], [129.824791055905, 8.775952546645305], [129.81757431419481, 8.78349464125731], [129.79539653916416, 8.812045331867292], [129.7938654372865, 8.813039794438602], [129.76293981866803, 8.824230866168207], [129.73201420004955, 8.823294285613464], [129.70108858143104, 8.813365342283094], [129.69815470794688, 8.812045331867292], [129.6784455340864, 8.78349464125731], [129.7005478550526, 8.754943950647325], [129.70108858143104, 8.754418455913779], [129.7195932994916, 8.72639326003734], [129.73201420004955, 8.700830139949513], [129.73292706495027, 8.697842569427358], [129.73201420004955, 8.694985341670813], [129.72459644244938, 8.669291878817372], [129.701088581431, 8.65300331645329], [129.68695352362792, 8.64074118820739], [129.67016296281255, 8.628448147008518], [129.6553636869159, 8.612190497597407], [129.64305632207987, 8.583639806987424], [129.64911156102758, 8.55508911637744], [129.65234383441896, 8.526538425767455], [129.67016296281255, 8.499361277667422], [129.67185124467852, 8.497987735157473], [129.70108858143104, 8.482446006009255]]]}, "properties": {"fillColor": "#FFA500", "fillOpacity": 0.7, "color": "#000000", "weight": 0.2, "stroke": false}}, {"type": "Feature", "geometry": {"type": "Polygon", "coordinates": [[[129.677567794354, 8.526538425767455], [129.67052927146446, 8.55508911637744], [129.67016296281255, 8.556153437589508], [129.65955873087213, 8.583639806987424], [129.67016296281255, 8.599409490965646], [129.68015534401056, 8.612190497597407], [129.70108858143104, 8.629631623705222], [129.72455387779036, 8.64074118820739], [129.73201420004955, 8.646512234628773], [129.76293981866803, 8.662316623384568], [129.7901078090498, 8.669291878817374], [129.7938654372865, 8.672749925748324], [129.7969497458233, 8.669291878817374], [129.81197586020068, 8.64074118820739], [129.81148235320194, 8.612190497597407], [129.80524392513175, 8.583639806987424], [129.79546312199213, 8.55508911637744], [129.7938654372865, 8.552153800222714], [129.77901178126717, 8.526538425767455], [129.76293981866803, 8.51269346243247], [129.73201420004955, 8.502385788770784], [129.70108858143104, 8.506010269860635], [129.677567794354, 8.526538425767455]]]}, "properties": {"fillColor": "#FFA500", "fillOpacity": 0.7, "color": "#000000", "weight": 0.2, "stroke": false}}, {"type": "Feature", "geometry": {"type": "Polygon", "coordinates": [[[133.47401405288696, 8.623615931914028], [133.50493967150547, 8.617202546039088], [133.53586529012395, 8.61947372453239], [133.56679090874243, 8.634948803416625], [133.57275534637841, 8.64074118820739], [133.58514350645308, 8.669291878817374], [133.56679090874243, 8.688260811416695], [133.54532094049574, 8.697842569427358], [133.53586529012395, 8.700935115091179], [133.50493967150547, 8.703370618349464], [133.48822923514206, 8.697842569427358], [133.47401405288696, 8.692761106458018], [133.44894469583298, 8.669291878817374], [133.45242726645495, 8.64074118820739], [133.47401405288696, 8.623615931914028]]]}, "properties": {"fillColor": "#FFA500", "fillOpacity": 0.7, "color": "#000000", "weight": 0.2, "stroke": false}}, {"type": "Feature", "geometry": {"type": "Polygon", "coordinates": [[[133.50292231536764, 8.669291878817374], [133.50493967150547, 8.670245522173735], [133.5103216424772, 8.669291878817374], [133.50493967150547, 8.667385856297921], [133.50292231536764, 8.669291878817374]]]}, "properties": {"fillColor": "#FFA500", "fillOpacity": 0.7, "color": "#000000", "weight": 0.2, "stroke": false}}, {"type": "Feature", "geometry": {"type": "Polygon", "coordinates": [[[129.5155348697201, 8.713108947855252], [129.5464604883386, 8.707563916378074], [129.57738610695708, 8.711931705479824], [129.5990956391699, 8.72639326003734], [129.60301447170218, 8.754943950647325], [129.59889565979506, 8.78349464125731], [129.60083810121418, 8.812045331867292], [129.60831172557556, 8.825709078847705], [129.61708232868972, 8.840596022477277], [129.63923734419407, 8.867497586756791], [129.6405039064308, 8.869146713087261], [129.66496845336425, 8.897697403697244], [129.67016296281255, 8.910070607452392], [129.67817213185742, 8.926248094307226], [129.67334706541294, 8.95479878491721], [129.67016296281255, 8.958385139505575], [129.63923734419407, 8.977494137251107], [129.60928255682109, 8.983349475527195], [129.60831172557556, 8.983552588358382], [129.57738610695708, 8.986334737396689], [129.5464604883386, 8.988672800485677], [129.5155348697201, 8.994349223553208], [129.4846092511016, 9.005717855312596], [129.4706798433006, 9.011900166137178], [129.45368363248315, 9.019523553141589], [129.4227580138646, 9.027051362662181], [129.39183239524613, 9.025649230289542], [129.36090677662764, 9.015143483956212], [129.35563677949315, 9.011900166137178], [129.32998115800916, 8.99882107696465], [129.31223625798305, 8.983349475527195], [129.29905553939065, 8.967485253626615], [129.2888088185985, 8.95479878491721], [129.27587649800466, 8.926248094307226], [129.27068910762986, 8.897697403697244], [129.2705868075715, 8.869146713087261], [129.27646534375864, 8.840596022477277], [129.29905553939065, 8.8131495681757], [129.30186011168288, 8.812045331867292], [129.32998115800916, 8.802077178584423], [129.36090677662764, 8.804526237996448], [129.39183239524613, 8.802434552620682], [129.4227580138646, 8.784995753196965], [129.42427915219736, 8.78349464125731], [129.45368363248312, 8.75560692420811], [129.4544381528137, 8.754943950647325], [129.4846092511016, 8.729957654868654], [129.49140046506497, 8.72639326003734], [129.5155348697201, 8.713108947855252]]]}, "properties": {"fillColor": "#FFA500", "fillOpacity": 0.7, "color": "#000000", "weight": 0.2, "stroke": false}}, {"type": "Feature", "geometry": {"type": "Polygon", "coordinates": [[[129.504829486043, 8.754943950647325], [129.4846092511016, 8.766281524741789], [129.46498205034953, 8.78349464125731], [129.45368363248312, 8.794375708130993], [129.43588711878337, 8.812045331867292], [129.4227580138646, 8.823048345946418], [129.39183239524613, 8.832970217586613], [129.36090677662764, 8.82900190828655], [129.32998115800916, 8.825345589932258], [129.3076623652064, 8.840596022477277], [129.29905553939065, 8.86168958123503], [129.2961535344818, 8.869146713087261], [129.29585947988292, 8.897697403697244], [129.29905553939065, 8.910765213523465], [129.30196628193517, 8.926248094307226], [129.3162896089764, 8.95479878491721], [129.32998115800916, 8.969682383994797], [129.34967480654905, 8.983349475527195], [129.36090677662764, 8.990353108813673], [129.39183239524613, 8.99867445650332], [129.4227580138646, 8.99581908811852], [129.44793632852085, 8.983349475527195], [129.45368363248312, 8.979911940051622], [129.4846092511016, 8.961635735396825], [129.50318383027204, 8.95479878491721], [129.5155348697201, 8.95050764291566], [129.5464604883386, 8.947345952689373], [129.57738610695708, 8.94488864540543], [129.60831172557556, 8.936074228807081], [129.62021389235179, 8.926248094307226], [129.61652754811308, 8.897697403697244], [129.60831172557556, 8.88886218414704], [129.5908094673882, 8.869146713087261], [129.57738610695708, 8.855042174645732], [129.56237392061556, 8.840596022477277], [129.5464604883386, 8.818275102491155], [129.5422486942761, 8.812045331867292], [129.5450802456982, 8.78349464125731], [129.5380132663043, 8.754943950647325], [129.5155348697201, 8.749397715995237], [129.504829486043, 8.754943950647325]]]}, "properties": {"fillColor": "#FFA500", "fillOpacity": 0.7, "color": "#000000", "weight": 0.2, "stroke": false}}, {"type": "Feature", "geometry": {"type": "Polygon", "coordinates": [[[125.12409702589436, 10.375741230546115], [125.15502264451284, 10.376433401501721], [125.16391236218672, 10.382333315416393], [125.17966053613424, 10.410884006026377], [125.17215408585614, 10.439434696636361], [125.15502264451283, 10.453201762644296], [125.12409702589436, 10.448931911521727], [125.11314585646159, 10.439434696636361], [125.10433760287265, 10.410884006026377], [125.1154227957268, 10.382333315416393], [125.12409702589436, 10.375741230546115]]]}, "properties": {"fillColor": "#FFA500", "fillOpacity": 0.7, "color": "#000000", "weight": 0.2, "stroke": false}}, {"type": "Feature", "geometry": {"type": "Polygon", "coordinates": [[[122.21708887575619, 11.008142351892905], [122.24801449437467, 10.987364556882422], [122.27894011299317, 10.98423201700634], [122.30986573161167, 11.003281112088255], [122.31541521257296, 11.010448508836035], [122.3262621895343, 11.038999199446017], [122.32909262818868, 11.067549890056], [122.32750894475392, 11.096100580665984], [122.32246649171994, 11.124651271275969], [122.31487503681386, 11.153201961885953], [122.30986573161168, 11.161456206217348], [122.2948944758692, 11.181752652495936], [122.27894011299315, 11.194316650516598], [122.24801449437467, 11.20519814221924], [122.21708887575619, 11.204662428218482], [122.1861632571377, 11.18289300221079], [122.18533213780545, 11.181752652495936], [122.17092211059014, 11.153201961885951], [122.16388326624127, 11.124651271275969], [122.16751222255802, 11.096100580665984], [122.18244973232379, 11.067549890056], [122.18616325713768, 11.059643259429015], [122.19432657836788, 11.038999199446017], [122.21483666980319, 11.010448508836035], [122.21708887575619, 11.008142351892905]]]}, "properties": {"fillColor": "#FFA500", "fillOpacity": 0.7, "color": "#000000", "weight": 0.2, "stroke": false}}, {"type": "Feature", "geometry": {"type": "Polygon", "coordinates": [[[122.2271088736598, 11.038999199446017], [122.21708887575619, 11.050810290749702], [122.20755537969342, 11.067549890056], [122.19031912410419, 11.096100580665984], [122.18616325713768, 11.12191951108533], [122.18567255234716, 11.124651271275969], [122.1861632571377, 11.12586928723239], [122.20090351636165, 11.153201961885951], [122.21708887575619, 11.17092556495011], [122.24801449437467, 11.178293820480835], [122.27894011299318, 11.165104335105983], [122.28967788360046, 11.153201961885951], [122.29789646443007, 11.124651271275969], [122.30264889067338, 11.096100580665984], [122.30262308822418, 11.067549890056], [122.29393463964581, 11.038999199446017], [122.27894011299315, 11.02129201782677], [122.24801449437467, 11.021339640331977], [122.2271088736598, 11.038999199446017]]]}, "properties": {"fillColor": "#FFA500", "fillOpacity": 0.7, "color": "#000000", "weight": 0.2, "stroke": false}}, {"type": "Feature", "geometry": {"type": "Polygon", "coordinates": [[[124.75298960247247, 10.99339469096174], [124.78391522109095, 10.997770075719341], [124.79397616508052, 11.010448508836035], [124.79818527083393, 11.038999199446017], [124.79657060820576, 11.067549890056], [124.78640383422231, 11.096100580665986], [124.78391522109095, 11.099647766744532], [124.75298960247245, 11.121360436736119], [124.72206398385396, 11.116905381875732], [124.70137640990532, 11.096100580665984], [124.69451955561695, 11.067549890056], [124.70186320995477, 11.038999199446017], [124.72206398385397, 11.012878403103388], [124.7257626985347, 11.010448508836035], [124.75298960247247, 10.99339469096174]]]}, "properties": {"fillColor": "#FFA500", "fillOpacity": 0.7, "color": "#000000", "weight": 0.2, "stroke": false}}, {"type": "Feature", "geometry": {"type": "Polygon", "coordinates": [[[125.34057635622378, 11.171038698764091], [125.35871936308214, 11.181752652495936], [125.37150197484229, 11.20232730828386], [125.374301763128, 11.21030334310592], [125.37150197484229, 11.218922510932407], [125.36019893502235, 11.238854033715903], [125.34057635622378, 11.250439012110972], [125.3096507376053, 11.241407424780267], [125.3070836690979, 11.238854033715903], [125.29793328276631, 11.21030334310592], [125.3096507376053, 11.182454256044823], [125.31048715795673, 11.181752652495936], [125.34057635622378, 11.171038698764091]]]}, "properties": {"fillColor": "#FFA500", "fillOpacity": 0.7, "color": "#000000", "weight": 0.2, "stroke": false}}, {"type": "Feature", "geometry": {"type": "Polygon", "coordinates": [[[131.12366703788163, 15.959383893504722], [131.15459265650014, 15.954120612846047], [131.18551827511862, 15.95695731943972], [131.2164438937371, 15.963620683234584], [131.2473695123556, 15.973502367881363], [131.2782951309741, 15.976598014495881], [131.30922074959258, 15.969709486818786], [131.34014636821107, 15.962930583265429], [131.37107198682958, 15.964882724631922], [131.39119872310073, 15.97826867497319], [131.3986460737711, 16.006819365583173], [131.3823262273306, 16.03537005619316], [131.37107198682958, 16.045485355990124], [131.3477018157315, 16.06392074680314], [131.34014636821107, 16.070038452925964], [131.31205113406753, 16.092471437413124], [131.30922074959258, 16.094883470470336], [131.28325855807532, 16.121022128023107], [131.2782951309741, 16.12618334174887], [131.26008918187532, 16.14957281863309], [131.2473695123556, 16.166313044438056], [131.23914256263618, 16.178123509243076], [131.22316947465745, 16.206674199853058], [131.2164438937371, 16.216883897115512], [131.2003140850926, 16.235224890463044], [131.18551827511862, 16.2465157661785], [131.15459265650014, 16.252798287875347], [131.12366703788163, 16.24603288631947], [131.1069419908057, 16.235224890463044], [131.09274141926315, 16.229005044267815], [131.06840951365447, 16.206674199853058], [131.06181580064467, 16.198758545889635], [131.03740155607812, 16.178123509243076], [131.03089018202616, 16.165124589449224], [131.02325936133593, 16.14957281863309], [131.02176928909836, 16.121022128023107], [131.02870102089258, 16.092471437413124], [131.03089018202616, 16.087426569995824], [131.0378551051341, 16.06392074680314], [131.050964352841, 16.03537005619316], [131.06181580064467, 16.01838549370389], [131.0690105209064, 16.006819365583173], [131.09274141926315, 15.97959664269381], [131.094594248806, 15.97826867497319], [131.12366703788163, 15.959383893504722]]]}, "properties": {"fillColor": "#FFA500", "fillOpacity": 0.7, "color": "#000000", "weight": 0.2, "stroke": false}}, {"type": "Feature", "geometry": {"type": "Polygon", "coordinates": [[[131.10765570348184, 16.006819365583173], [131.09274141926315, 16.02032876036776], [131.08166705717298, 16.03537005619316], [131.0651532885416, 16.06392074680314], [131.0618158006447, 16.071436389032442], [131.05259960662747, 16.092471437413124], [131.0474687362463, 16.121022128023107], [131.0525697375154, 16.14957281863309], [131.06181580064467, 16.162569505396963], [131.06891230852315, 16.178123509243076], [131.09274141926315, 16.203536465176246], [131.10182652457578, 16.206674199853058], [131.12366703788163, 16.21701718081549], [131.15459265650014, 16.220656977658123], [131.18040633317864, 16.206674199853058], [131.18551827511862, 16.2025599256951], [131.203473697448, 16.178123509243076], [131.2164438937371, 16.16245944801972], [131.2266727511441, 16.14957281863309], [131.2473695123556, 16.12499718415402], [131.25081850127725, 16.121022128023107], [131.27568287514586, 16.092471437413124], [131.2782951309741, 16.088416758806947], [131.30172493237563, 16.06392074680314], [131.30922074959258, 16.04950363683693], [131.3225625067496, 16.03537005619316], [131.30922074959258, 16.022544414740295], [131.2782951309741, 16.019543438084906], [131.2473695123556, 16.01605451935886], [131.23160257669286, 16.006819365583173], [131.2164438937371, 15.998802653151472], [131.18551827511862, 15.987362425338878], [131.15459265650014, 15.98696707959776], [131.12366703788163, 15.99453245181248], [131.10765570348184, 16.006819365583173]]]}, "properties": {"fillColor": "#FFA500", "fillOpacity": 0.7, "color": "#000000", "weight": 0.2, "stroke": false}}, {"type": "Feature", "geometry": {"type": "Polygon", "coordinates": [[[130.81441085169672, 17.66562057900624], [130.8453364703152, 17.66743498221024], [130.8678951357381, 17.691310111572207], [130.87626208893371, 17.700617722776485], [130.8896906098566, 17.719860802182193], [130.905844433088, 17.748411492792176], [130.9071877075522, 17.75071962383169], [130.92403026373273, 17.776962183402162], [130.93811332617068, 17.805411365838108], [130.93817965524119, 17.80551287401214], [130.95713060584697, 17.834063564622127], [130.9690389447892, 17.85620836160818], [130.97371152694822, 17.86261425523211], [130.99201825930828, 17.891164945842092], [130.99996456340767, 17.905063015617618], [131.01193918750144, 17.919715636452082], [131.02912586335128, 17.94826632706206], [131.03089018202616, 17.951613581969593], [131.04807291825264, 17.976817017672047], [131.05958602539408, 18.00536770828203], [131.06181580064467, 18.01370696023445], [131.07039928567787, 18.033918398892013], [131.07661387785893, 18.062469089501995], [131.0778069617501, 18.091019780111978], [131.07473679520535, 18.119570470721964], [131.07056949268383, 18.148121161331947], [131.06224039385347, 18.176671851941933], [131.06181580064467, 18.177401287379837], [131.0603205659493, 18.176671851941933], [131.03089018202616, 18.170988282007364], [131.00934468636234, 18.148121161331947], [130.99996456340767, 18.143140535514576], [130.9742610801596, 18.119570470721964], [130.9690389447892, 18.115663540482455], [130.9454765717582, 18.091019780111978], [130.93811332617068, 18.082727635740476], [130.92231211810122, 18.062469089501995], [130.9071877075522, 18.036008957654758], [130.90574271972136, 18.033918398892013], [130.8889667563813, 18.00536770828203], [130.87674991336274, 17.976817017672047], [130.87626208893371, 17.975626690432005], [130.86139539319564, 17.948266327062065], [130.84958481277027, 17.91971563645208], [130.8453364703152, 17.908851982754747], [130.83612799362245, 17.891164945842092], [130.82493110233992, 17.86261425523211], [130.81514158233946, 17.834063564622127], [130.81441085169672, 17.831410027052737], [130.80489515059355, 17.805512874012145], [130.7976321927136, 17.776962183402162], [130.79234485504813, 17.748411492792176], [130.79095778895223, 17.719860802182193], [130.7967465670631, 17.691310111572207], [130.81441085169672, 17.66562057900624]]]}, "properties": {"fillColor": "#FFA500", "fillOpacity": 0.7, "color": "#000000", "weight": 0.2, "stroke": false}}, {"type": "Feature", "geometry": {"type": "Polygon", "coordinates": [[[130.83885850568691, 17.748411492792176], [130.8342913705855, 17.776962183402162], [130.8379392332214, 17.805512874012145], [130.8453364703152, 17.828363690802544], [130.84724271385844, 17.834063564622127], [130.85494227371686, 17.86261425523211], [130.86432889918515, 17.891164945842092], [130.87626208893371, 17.915505176630916], [130.87801726411848, 17.91971563645208], [130.88818413600978, 17.94826632706206], [130.9020708325817, 17.976817017672047], [130.9071877075522, 17.986276990975536], [130.91597620112915, 18.00536770828203], [130.9320956253354, 18.033918398892013], [130.93811332617068, 18.04236564422361], [130.9554700418237, 18.062469089501995], [130.9690389447892, 18.07701911107806], [130.99553543473795, 18.091019780111978], [130.99996456340767, 18.09425967933076], [131.00678413048513, 18.091019780111978], [131.02409610219345, 18.062469089501995], [131.02642445116507, 18.033918398892013], [131.0192067826844, 18.00536770828203], [131.00516818758746, 17.976817017672047], [130.99996456340767, 17.96888737153397], [130.9879544934942, 17.948266327062065], [130.97065027441957, 17.91971563645208], [130.9690389447892, 17.91734246664847], [130.95349395577372, 17.891164945842092], [130.93811332617068, 17.865883102124663], [130.93603827439253, 17.86261425523211], [130.91897340894326, 17.834063564622127], [130.9071877075522, 17.81393658974799], [130.90121505338624, 17.805512874012145], [130.88389501322035, 17.776962183402162], [130.87626208893371, 17.76473628989626], [130.85572863153664, 17.748411492792176], [130.8453364703152, 17.737083498504994], [130.83885850568691, 17.748411492792176]]]}, "properties": {"fillColor": "#FFA500", "fillOpacity": 0.7, "color": "#000000", "weight": 0.2, "stroke": false}}, {"type": "Feature", "geometry": {"type": "Polygon", "coordinates": [[[133.87604709492734, 17.97748623348102], [133.90697271354583, 17.99388730102907], [133.90861721692423, 18.00536770828203], [133.90954891622133, 18.033918398892013], [133.90893463826808, 18.062469089501995], [133.90811934453043, 18.091019780111978], [133.90716211239157, 18.119570470721964], [133.90697271354583, 18.12168193595232], [133.90564402544697, 18.148121161331947], [133.9028804558056, 18.176671851941933], [133.89737328178225, 18.205222542551915], [133.8846303439958, 18.233773233161898], [133.87604709492734, 18.24433528456572], [133.86072566352132, 18.26232392377188], [133.84512147630886, 18.27735652115971], [133.83173119455992, 18.290874614381863], [133.81419585769038, 18.310942046304312], [133.80686591971877, 18.31942530499185], [133.78375247565666, 18.347975995601836], [133.78327023907187, 18.348535650562205], [133.75773139735412, 18.376526686211818], [133.75234462045339, 18.382581745229395], [133.7245754480065, 18.4050773768218], [133.7214190018349, 18.40814774329438], [133.6904933832164, 18.416212664084902], [133.68085017054113, 18.4050773768218], [133.6758334382285, 18.376526686211818], [133.67699658485913, 18.347975995601836], [133.68269345542313, 18.31942530499185], [133.6904933832164, 18.298369894721915], [133.69260041027644, 18.290874614381863], [133.70304086042302, 18.26232392377188], [133.71708678898608, 18.233773233161898], [133.7214190018349, 18.226663498764715], [133.73047266843466, 18.205222542551915], [133.74595054761406, 18.176671851941933], [133.75234462045336, 18.16705422696773], [133.76038522367864, 18.148121161331947], [133.77577051614028, 18.119570470721964], [133.78327023907187, 18.107923710489064], [133.79320665835846, 18.091019780111978], [133.80922206522365, 18.062469089501995], [133.81419585769038, 18.053981387138858], [133.82922956348472, 18.033918398892013], [133.84512147630886, 18.010118866081353], [133.85128399775618, 18.00536770828203], [133.87604709492734, 17.97748623348102]]]}, "properties": {"fillColor": "#FFA500", "fillOpacity": 0.7, "color": "#000000", "weight": 0.2, "stroke": false}}, {"type": "Feature", "geometry": {"type": "Polygon", "coordinates": [[[133.84208676673143, 18.091019780111978], [133.81419585769038, 18.113362648003225], [133.81011028021317, 18.119570470721964], [133.79132090789264, 18.148121161331947], [133.78327023907187, 18.163533128856514], [133.7764490738156, 18.176671851941933], [133.76575267229885, 18.205222542551915], [133.75682814643417, 18.233773233161898], [133.75234462045339, 18.248794157869288], [133.74790555560804, 18.26232392377188], [133.74515919900506, 18.290874614381863], [133.75234462045339, 18.310655733349222], [133.78327023907187, 18.297021499201414], [133.78836759631977, 18.290874614381863], [133.81419585769038, 18.26916521441835], [133.82099924877522, 18.26232392377188], [133.84512147630886, 18.241737817073755], [133.85242932877478, 18.233773233161898], [133.87067520534868, 18.205222542551915], [133.87604709492734, 18.188870507275084], [133.87977767024483, 18.176671851941933], [133.88111229011975, 18.148121161331947], [133.8766486769578, 18.119570470721964], [133.87604709492734, 18.11704551993544], [133.85111132581065, 18.091019780111978], [133.84512147630886, 18.08759133220252], [133.84208676673143, 18.091019780111978]]]}, "properties": {"fillColor": "#FFA500", "fillOpacity": 0.7, "color": "#000000", "weight": 0.2, "stroke": false}}, {"type": "Feature", "geometry": {"type": "Polygon", "coordinates": [[[132.48439425709526, 18.061737717353573], [132.51531987571374, 18.057123507951253], [132.54624549433223, 18.05836816817867], [132.5660565840783, 18.062469089501995], [132.57717111295074, 18.068390270708967], [132.59172184164845, 18.091019780111978], [132.58046885621636, 18.11957047072196], [132.57717111295074, 18.123288749875364], [132.55850303623149, 18.148121161331947], [132.54624549433223, 18.164093666144705], [132.53817347908, 18.176671851941933], [132.52613388618875, 18.205222542551915], [132.5164001257116, 18.233773233161898], [132.51531987571374, 18.236143706308994], [132.48568073263758, 18.26232392377188], [132.48439425709526, 18.263118451578283], [132.4700366842378, 18.26232392377188], [132.45346863847675, 18.261384509690235], [132.4313815549665, 18.233773233161898], [132.42254301985827, 18.22300070707194], [132.41616972637323, 18.205222542551915], [132.4081430605928, 18.176671851941933], [132.40073984361538, 18.148121161331947], [132.39648890480174, 18.119570470721964], [132.40263401299816, 18.091019780111978], [132.42254301985827, 18.068389251077587], [132.45346863847675, 18.06859678030382], [132.48017657546902, 18.062469089501995], [132.48439425709526, 18.061737717353573]]]}, "properties": {"fillColor": "#FFA500", "fillOpacity": 0.7, "color": "#000000", "weight": 0.2, "stroke": false}}, {"type": "Feature", "geometry": {"type": "Polygon", "coordinates": [[[132.2988405453843, 18.227831466710064], [132.31485948515513, 18.233773233161898], [132.3297661640028, 18.241605809398393], [132.33770060339486, 18.26232392377188], [132.34267109859218, 18.290874614381863], [132.34192710572017, 18.31942530499185], [132.33547012739368, 18.347975995601836], [132.3297661640028, 18.365261490048933], [132.3280886642209, 18.376526686211818], [132.32134912828815, 18.4050773768218], [132.31149436588572, 18.433628067431783], [132.31680982304664, 18.462178758041766], [132.32976616400276, 18.47936560181192], [132.34923033697766, 18.49072944865175], [132.36069178262127, 18.49676807600232], [132.39161740123978, 18.49487191500579], [132.4021236701372, 18.49072944865175], [132.42254301985827, 18.481268888520255], [132.45346863847675, 18.475302745103715], [132.48439425709526, 18.481554527558906], [132.49922122335394, 18.49072944865175], [132.51531987571374, 18.50085745832559], [132.5366314223081, 18.519280139261735], [132.54624549433223, 18.52769904950344], [132.56953178210526, 18.54783082987172], [132.57717111295074, 18.555768565282655], [132.59644414420927, 18.576381520481704], [132.60809673156922, 18.589129068442734], [132.6265493042198, 18.604932211091686], [132.6390223501877, 18.61431610088055], [132.66922830503245, 18.63348290170167], [132.66994796880618, 18.634075868877712], [132.7008735874247, 18.655783158901137], [132.7105916457195, 18.66203359231165], [132.72044653155035, 18.690584282921638], [132.71192211819323, 18.71913497353162], [132.70792863715155, 18.747685664141606], [132.73179920604318, 18.76529775664681], [132.76272482466166, 18.771669050271846], [132.7680071352706, 18.77623635475159], [132.7677270662278, 18.80478704536157], [132.76272482466166, 18.811181758427914], [132.73179920604318, 18.8296617383492], [132.7008735874247, 18.83292739092074], [132.66994796880618, 18.827936222860288], [132.6390223501877, 18.825260607509453], [132.60809673156922, 18.824366716689614], [132.57717111295074, 18.820436140116776], [132.54624549433223, 18.810777000219232], [132.53173565105817, 18.80478704536157], [132.51531987571374, 18.799067455161556], [132.48439425709526, 18.793582398875095], [132.45346863847675, 18.793863528870194], [132.42254301985827, 18.791625565397176], [132.3982184418614, 18.77623635475159], [132.39161740123978, 18.772121243145868], [132.37465158941373, 18.747685664141606], [132.36069178262127, 18.72508189356651], [132.35767572072112, 18.71913497353162], [132.34245936209697, 18.690584282921638], [132.33045670025388, 18.66203359231165], [132.3297661640028, 18.65730745965457], [132.3247283592894, 18.63348290170167], [132.31232138433174, 18.604932211091686], [132.2988405453843, 18.60024446614255], [132.2679149267658, 18.592938740698848], [132.25752765473732, 18.604932211091686], [132.25089551752313, 18.63348290170167], [132.23698930814732, 18.66118118061952], [132.23668865059886, 18.66203359231165], [132.21643923449386, 18.690584282921638], [132.20606368952883, 18.702584841574527], [132.1917778341503, 18.690584282921638], [132.17513807091035, 18.67869630784341], [132.16516203892118, 18.66203359231165], [132.15159971221476, 18.63348290170167], [132.14421245229187, 18.616589631775092], [132.11328683367336, 18.631685635676682], [132.11301065650827, 18.63348290170167], [132.11018242810434, 18.66203359231165], [132.10813926967285, 18.690584282921638], [132.10820885011887, 18.71913497353162], [132.11328683367333, 18.744511891669514], [132.11516860456504, 18.747685664141606], [132.13840161520616, 18.77623635475159], [132.14421245229184, 18.785425506802408], [132.15384332142955, 18.80478704536157], [132.1535711492872, 18.833337735971554], [132.14421245229184, 18.86088353511583], [132.14397244439485, 18.861888426581537], [132.12915496587246, 18.890439117191523], [132.11328683367336, 18.913078871932203], [132.1099046357051, 18.918989807801506], [132.104573625737, 18.94754049841149], [132.1105010532666, 18.976091189021474], [132.11328683367336, 18.98258805178065], [132.12655379816306, 19.004641879631457], [132.14325430288582, 19.03319257024144], [132.14421245229184, 19.035467258586408], [132.1590147810582, 19.061743260851422], [132.17513807091035, 19.09026355423675], [132.1751603199887, 19.09029395146141], [132.19058050924173, 19.11884464207139], [132.20606368952883, 19.136851507846693], [132.2175471979318, 19.147395332681377], [132.23698930814732, 19.162113661445986], [132.2580371435849, 19.17594602329136], [132.2679149267658, 19.18179377972371], [132.2988405453843, 19.2015134508015], [132.30343704636286, 19.204496713901342], [132.3297661640028, 19.223384685640653], [132.34364367514752, 19.233047404511325], [132.36069178262127, 19.24817123803848], [132.37591970087243, 19.261598095121307], [132.39161740123978, 19.281235910048267], [132.39977706621565, 19.290148785731294], [132.41178791103988, 19.31869947634128], [132.40914174103085, 19.347250166951262], [132.39161740123978, 19.367864184291456], [132.3792591261491, 19.375800857561245], [132.36069178262127, 19.38845178297762], [132.34591664707415, 19.404351548171228], [132.3297661640028, 19.420670601589975], [132.31439151689216, 19.43290223878121], [132.2988405453843, 19.449775500179385], [132.28798234167078, 19.461452929391193], [132.2679149267658, 19.481310533644795], [132.2521908410434, 19.49000362000118], [132.23698930814732, 19.495413762023922], [132.20606368952883, 19.495693672752296], [132.17513807091035, 19.49205924914748], [132.15411429080825, 19.49000362000118], [132.14421245229184, 19.48909402630559], [132.11328683367336, 19.487336019032764], [132.08236121505487, 19.484861525153093], [132.05143559643636, 19.480863505699883], [132.02050997781788, 19.473915347861237], [131.99520605060718, 19.461452929391193], [131.9895843591994, 19.454479375417435], [131.97836479886718, 19.43290223878121], [131.98265225144587, 19.404351548171228], [131.9895843591994, 19.38945021149449], [131.9955841303207, 19.375800857561245], [132.00256932561493, 19.347250166951262], [131.9949041567921, 19.31869947634128], [131.9895843591994, 19.312071093213724], [131.9678359482048, 19.290148785731294], [131.9586587405809, 19.283365728399012], [131.9277331219624, 19.269583601149474], [131.89680750334392, 19.26226628593096], [131.89397907172122, 19.261598095121307], [131.8658818847254, 19.25460816978091], [131.83495626610693, 19.244699818236352], [131.80403064748845, 19.238992068826274], [131.77310502886996, 19.243706058160164], [131.74217941025145, 19.25339012925728], [131.71125379163297, 19.25520301814927], [131.6803281730145, 19.2516492135948], [131.64940255439598, 19.24692831468716], [131.6184769357775, 19.234613940366305], [131.61632327353843, 19.233047404511325], [131.587551317159, 19.21707931231375], [131.57180205324966, 19.204496713901342], [131.55662569854053, 19.193204626596643], [131.5273589798444, 19.17594602329136], [131.52570007992202, 19.17456820302856], [131.49477446130354, 19.152665906882923], [131.48855627784314, 19.147395332681377], [131.47420137650113, 19.11884464207139], [131.47544737318685, 19.09029395146141], [131.4871279863627, 19.061743260851422], [131.49477446130354, 19.05185927868422], [131.5057737213745, 19.03319257024144], [131.52570007992202, 19.01035477646629], [131.52989332652783, 19.004641879631457], [131.55558588823632, 18.976091189021474], [131.55662569854053, 18.97475661079252], [131.57463491637682, 18.94754049841149], [131.58031743023605, 18.918989807801506], [131.5746591732769, 18.890439117191523], [131.56888433423293, 18.861888426581537], [131.5698968203252, 18.833337735971554], [131.5806016400847, 18.80478704536157], [131.587551317159, 18.79560035144918], [131.60231149240133, 18.77623635475159], [131.6184769357775, 18.761425205667425], [131.63556451813437, 18.747685664141606], [131.64940255439598, 18.736842281183026], [131.67273235193892, 18.71913497353162], [131.6803281730145, 18.712762030561432], [131.70477744353093, 18.690584282921638], [131.71125379163297, 18.684433596550967], [131.73440557376574, 18.66203359231165], [131.74217941025145, 18.654078541293753], [131.75650891439668, 18.63348290170167], [131.76928500947892, 18.60493221109169], [131.77310502886996, 18.59696481121656], [131.77834232307106, 18.576381520481704], [131.78955056635735, 18.54783082987172], [131.80403064748845, 18.52809966448344], [131.8087783277461, 18.519280139261735], [131.83071219430437, 18.49072944865175], [131.83495626610693, 18.486393624334443], [131.8559372231288, 18.462178758041766], [131.8658818847254, 18.451628958361393], [131.88503822222762, 18.433628067431783], [131.89680750334392, 18.4206442131279], [131.91346744367337, 18.4050773768218], [131.9277331219624, 18.389477027469354], [131.93893212907457, 18.376526686211818], [131.9586587405809, 18.35545562398031], [131.96533437945865, 18.347975995601836], [131.9895843591994, 18.324167630851967], [131.99386720414088, 18.31942530499185], [132.02050997781788, 18.294962457472497], [132.02529318586517, 18.290874614381863], [132.05143559643636, 18.272386037439983], [132.08236121505487, 18.262420420683835], [132.11328683367336, 18.262370282838567], [132.14421245229184, 18.275955448167878], [132.15987945833052, 18.290874614381863], [132.17513807091035, 18.304450314379718], [132.20606368952883, 18.29817484578935], [132.21536615021154, 18.290874614381863], [132.23698930814732, 18.27177697960338], [132.24998509267056, 18.26232392377188], [132.2679149267658, 18.242719455368285], [132.29137279213802, 18.233773233161898], [132.2988405453843, 18.227831466710064]]]}, "properties": {"fillColor": "#FFA500", "fillOpacity": 0.7, "color": "#000000", "weight": 0.2, "stroke": false}}, {"type": "Feature", "geometry": {"type": "Polygon", "coordinates": [[[132.07452769559643, 18.290874614381863], [132.05143559643636, 18.302263293531766], [132.03169061491317, 18.31942530499185], [132.02050997781788, 18.333000405464663], [132.00678554260097, 18.347975995601836], [131.9895843591994, 18.369848379869218], [131.9835513703104, 18.376526686211818], [131.95928644920653, 18.4050773768218], [131.9586587405809, 18.4057185672977], [131.9317699613046, 18.433628067431783], [131.9277331219624, 18.43687560025299], [131.89680750334392, 18.45913670427917], [131.89356360437563, 18.462178758041766], [131.8658818847254, 18.48273191829761], [131.85842026554386, 18.49072944865175], [131.83495626610693, 18.51743317641579], [131.83342201424637, 18.519280139261735], [131.81496257932807, 18.54783082987172], [131.80420790567803, 18.576381520481704], [131.80403064748845, 18.577614890278042], [131.79836160651865, 18.604932211091686], [131.79697588606825, 18.63348290170167], [131.79057010717284, 18.66203359231165], [131.77310502886996, 18.688596726439595], [131.7711202439884, 18.690584282921638], [131.74217941025145, 18.71212758796947], [131.7341313742077, 18.71913497353162], [131.71125379163297, 18.738139041043734], [131.7001287800506, 18.747685664141606], [131.6803281730145, 18.765444169115103], [131.66709528093998, 18.77623635475159], [131.64940255439598, 18.795385780195307], [131.6408879172186, 18.80478704536157], [131.6308034975255, 18.833337735971554], [131.638122023807, 18.861888426581537], [131.64940255439598, 18.878121211528786], [131.6614225374025, 18.890439117191523], [131.6803281730145, 18.915334413098513], [131.6828519614575, 18.918989807801506], [131.68749261694174, 18.94754049841149], [131.68226883650055, 18.976091189021474], [131.6803281730145, 18.985780188997914], [131.67447666543578, 19.004641879631457], [131.67522266415187, 19.03319257024144], [131.67772843618715, 19.061743260851422], [131.6710942736174, 19.09029395146141], [131.65890410344585, 19.118844642071387], [131.64940255439598, 19.14579124467065], [131.64862249747966, 19.147395332681377], [131.64940255439598, 19.152768481441566], [131.65276617812196, 19.17594602329136], [131.6803281730145, 19.19140621095614], [131.71125379163297, 19.19269472494537], [131.74217941025145, 19.184533163501534], [131.7636407507309, 19.17594602329136], [131.77310502886996, 19.172640243403585], [131.80403064748845, 19.160025110552898], [131.8311448322304, 19.147395332681377], [131.83495626610693, 19.145781972471315], [131.8658818847254, 19.134228165391853], [131.89680750334392, 19.121895635212734], [131.90840406376694, 19.11884464207139], [131.9277331219624, 19.112994343349694], [131.95307936797576, 19.09029395146141], [131.9586587405809, 19.086988493981618], [131.9895843591994, 19.07144811438654], [132.0112749909458, 19.061743260851422], [132.02050997781788, 19.057778888656117], [132.05143559643636, 19.042993159597668], [132.06392784643026, 19.03319257024144], [132.07146981732518, 19.004641879631457], [132.069805596648, 18.976091189021474], [132.0711776751114, 18.94754049841149], [132.07697829659637, 18.918989807801506], [132.08236121505487, 18.906089953118702], [132.09089321404332, 18.890439117191523], [132.10294207720256, 18.861888426581537], [132.09678130312204, 18.833337735971554], [132.08236121505487, 18.81256024840383], [132.07778163378885, 18.80478704536157], [132.069161661947, 18.77623635475159], [132.06928945255498, 18.747685664141606], [132.0746567721506, 18.71913497353162], [132.08100949424352, 18.690584282921638], [132.08236121505487, 18.6826072062763], [132.08665667197658, 18.66203359231165], [132.090144431873, 18.63348290170167], [132.09206307153863, 18.604932211091686], [132.0947368586274, 18.576381520481704], [132.10247175964142, 18.54783082987172], [132.11328683367336, 18.533977616568755], [132.12421072845558, 18.54783082987172], [132.14421245229184, 18.56300172002578], [132.15045579700677, 18.576381520481704], [132.16577337893636, 18.604932211091686], [132.17513807091035, 18.62037453003767], [132.20201115595313, 18.63348290170167], [132.20606368952883, 18.636378283333162], [132.2077617487127, 18.63348290170167], [132.21772882404753, 18.604932211091686], [132.22833064621605, 18.576381520481704], [132.23698930814732, 18.56662392167463], [132.2679149267658, 18.554745908394228], [132.2988405453843, 18.56144297096203], [132.3297661640028, 18.568029221962654], [132.35690665311114, 18.54783082987172], [132.3297661640028, 18.52619830526129], [132.3242370101976, 18.51928013926174], [132.2988405453843, 18.494855962921186], [132.29651835153248, 18.49072944865175], [132.2864088282359, 18.462178758041766], [132.28699395323062, 18.433628067431783], [132.29854042683544, 18.4050773768218], [132.2988405453843, 18.404530733736046], [132.31447776642284, 18.376526686211818], [132.32050885036534, 18.347975995601836], [132.3229930554597, 18.31942530499185], [132.3183689833811, 18.290874614381863], [132.2988405453843, 18.267028626345617], [132.2679149267658, 18.269827219916046], [132.24120784176753, 18.290874614381863], [132.23698930814732, 18.293334585069122], [132.20606368952883, 18.319424680492617], [132.20606226237868, 18.31942530499185], [132.17513807091035, 18.333997108325036], [132.14782531293895, 18.31942530499185], [132.14421245229184, 18.316202205424023], [132.11328683367336, 18.290921336372048], [132.11293626194237, 18.290874614381863], [132.08236121505487, 18.287528298519355], [132.07452769559643, 18.290874614381863]]]}, "properties": {"fillColor": "#FFA500", "fillOpacity": 0.7, "color": "#000000", "weight": 0.2, "stroke": false}}, {"type": "Feature", "geometry": {"type": "Polygon", "coordinates": [[[132.44756391199263, 18.519280139261735], [132.42254301985827, 18.526531092170455], [132.39161740123978, 18.545291297368532], [132.37604238096336, 18.54783082987172], [132.3685428721516, 18.576381520481704], [132.39161740123978, 18.590764826795205], [132.40476680268972, 18.604932211091686], [132.42254301985827, 18.623872675043252], [132.45346863847675, 18.631174360807268], [132.48439425709526, 18.6269871438794], [132.51531987571374, 18.62481552315851], [132.54624549433223, 18.62239757079798], [132.55395158934306, 18.604932211091686], [132.54624549433223, 18.59123244438277], [132.53898113910637, 18.576381520481704], [132.51531987571374, 18.553149178289075], [132.51107709039127, 18.54783082987172], [132.48439425709526, 18.527031160651898], [132.4590534790489, 18.519280139261735], [132.45346863847675, 18.51772738537143], [132.44756391199263, 18.519280139261735]]]}, "properties": {"fillColor": "#FFA500", "fillOpacity": 0.7, "color": "#000000", "weight": 0.2, "stroke": false}}, {"type": "Feature", "geometry": {"type": "Polygon", "coordinates": [[[132.7008735874247, 18.237625267697247], [132.73179920604318, 18.257166151905636], [132.73363215311056, 18.26232392377188], [132.73611884980133, 18.290874614381863], [132.73192481267304, 18.31942530499185], [132.73179920604318, 18.31981743889781], [132.71303104992637, 18.347975995601836], [132.7008735874247, 18.36630559305898], [132.6822661326498, 18.347975995601836], [132.67611751400787, 18.31942530499185], [132.67776544566289, 18.290874614381863], [132.6857066478742, 18.26232392377188], [132.7008735874247, 18.237625267697247]]]}, "properties": {"fillColor": "#FFA500", "fillOpacity": 0.7, "color": "#000000", "weight": 0.2, "stroke": false}}, {"type": "Feature", "geometry": {"type": "Polygon", "coordinates": [[[131.15459265650014, 19.102355558387934], [131.18551827511862, 19.092344965490607], [131.2164438937371, 19.103066842238277], [131.2473695123556, 19.11844060944162], [131.24810245381815, 19.11884464207139], [131.2782951309741, 19.1377564362006], [131.30116125921035, 19.147395332681377], [131.30922074959258, 19.151076746790103], [131.34014636821107, 19.163796463105868], [131.35803451882973, 19.17594602329136], [131.37107198682958, 19.197964629922325], [131.3744475584373, 19.204496713901342], [131.37982796001052, 19.233047404511325], [131.38131733799162, 19.261598095121307], [131.38150731880685, 19.290148785731294], [131.38001953892459, 19.31869947634128], [131.38612072506524, 19.347250166951262], [131.39845513588796, 19.375800857561245], [131.40199760544806, 19.383663606314478], [131.41507941691202, 19.404351548171228], [131.4298587987525, 19.43290223878121], [131.43292322406654, 19.438859439845814], [131.4463092411546, 19.461452929391193], [131.4537020247369, 19.49000362000118], [131.45987774388826, 19.518554310611165], [131.46384884268502, 19.531881049786726], [131.4685666416508, 19.547105001221148], [131.4828655302149, 19.57565569183113], [131.49477446130354, 19.589835309624966], [131.51126594558514, 19.604206382441113], [131.52570007992202, 19.616109753393232], [131.54332632599176, 19.632757073051096], [131.55662569854053, 19.64802193725025], [131.56665217724927, 19.66130776366108], [131.58318470299236, 19.689858454271064], [131.587551317159, 19.702840334018347], [131.59667278616845, 19.71840914488105], [131.60263816102355, 19.746959835491033], [131.587551317159, 19.771297501304684], [131.58435297595645, 19.775510526101016], [131.55662569854053, 19.78845817289004], [131.52570007992202, 19.795870897604004], [131.49477446130354, 19.801663822510132], [131.48378810662314, 19.804061216711], [131.46384884268502, 19.819146590322745], [131.45261924927573, 19.83261190732098], [131.45100463880507, 19.861162597930967], [131.46384884268502, 19.88808981921697], [131.46469596312312, 19.88971328854095], [131.49358162900842, 19.918263979150936], [131.49477446130354, 19.919128117588386], [131.52570007992202, 19.93979828847096], [131.5354553081708, 19.94681466976092], [131.55662569854053, 19.962846838766247], [131.57160300530774, 19.9753653603709], [131.587551317159, 19.99470948092536], [131.59615701756283, 20.003916050980884], [131.61007081141676, 20.032466741590866], [131.60547388010377, 20.061017432200853], [131.587551317159, 20.07826652758697], [131.57311133228475, 20.089568122810835], [131.55662569854053, 20.09802014210585], [131.52570007992202, 20.11128856070338], [131.50530979930232, 20.118118813420818], [131.49477446130354, 20.124120853529387], [131.46384884268502, 20.13245331363411], [131.43292322406654, 20.129400657439298], [131.40199760544806, 20.1258267121391], [131.37107198682958, 20.121597417556433], [131.35041874076356, 20.118118813420818], [131.34014636821107, 20.116854332277196], [131.30922074959258, 20.115318552115625], [131.2782951309741, 20.115620708856845], [131.2473695123556, 20.11733258142117], [131.23473088653904, 20.118118813420818], [131.2164438937371, 20.1196334395074], [131.18551827511862, 20.1190594965047], [131.1816250924196, 20.118118813420818], [131.15459265650014, 20.11044064025622], [131.1353291318915, 20.089568122810835], [131.12803344243895, 20.061017432200853], [131.12742234991583, 20.032466741590866], [131.12366703788163, 20.01189515126434], [131.12116147984662, 20.003916050980884], [131.11223738488516, 19.9753653603709], [131.1141889934001, 19.94681466976092], [131.12366703788163, 19.926854454192206], [131.12813303187806, 19.918263979150936], [131.15459265650014, 19.890697900143362], [131.1555916105963, 19.88971328854095], [131.18551827511862, 19.864352178648964], [131.1890271047686, 19.861162597930967], [131.2164438937371, 19.834470179139046], [131.2181765394345, 19.83261190732098], [131.22803880989318, 19.804061216711], [131.2164438937371, 19.793128959993183], [131.18551827511862, 19.77563830588452], [131.18529725913228, 19.775510526101016], [131.15459265650014, 19.764454704227536], [131.12366703788163, 19.749288166112546], [131.1196281374731, 19.746959835491033], [131.09274141926318, 19.730455053036316], [131.07773604510155, 19.71840914488105], [131.06181580064467, 19.69509902631156], [131.0590030492168, 19.689858454271064], [131.0574097292537, 19.661307763661082], [131.06181580064467, 19.649126096797787], [131.06760319539438, 19.632757073051096], [131.08652923758834, 19.604206382441113], [131.09274141926315, 19.59697242097191], [131.11284809699052, 19.57565569183113], [131.12366703788163, 19.565714401583552], [131.14650590682712, 19.547105001221148], [131.15459265650014, 19.540521948324724], [131.1848151522509, 19.518554310611165], [131.18551827511865, 19.517862457836763], [131.2164438937371, 19.49003337388057], [131.2164873546624, 19.49000362000118], [131.22711371961555, 19.461452929391193], [131.21693111803071, 19.43290223878121], [131.2164438937371, 19.432198833430416], [131.1960402848724, 19.404351548171228], [131.18551827511862, 19.390721585718808], [131.1756107490317, 19.375800857561245], [131.15948812198502, 19.347250166951262], [131.15459265650014, 19.337464570518524], [131.14408909780096, 19.31869947634128], [131.12702177530073, 19.290148785731297], [131.12366703788163, 19.284161280065934], [131.11314824376842, 19.261598095121307], [131.1041426439669, 19.233047404511325], [131.10068514596142, 19.204496713901342], [131.1084630621263, 19.17594602329136], [131.12366703788163, 19.147862536746878], [131.12388448943545, 19.147395332681377], [131.13955866687817, 19.11884464207139], [131.15459265650014, 19.102355558387934]]]}, "properties": {"fillColor": "#FFA500", "fillOpacity": 0.7, "color": "#000000", "weight": 0.2, "stroke": false}}, {"type": "Feature", "geometry": {"type": "Polygon", "coordinates": [[[131.2977943830571, 19.547105001221148], [131.2782951309741, 19.54840720738465], [131.2473695123556, 19.559806382192015], [131.2248226819066, 19.57565569183113], [131.2164438937371, 19.58671928766003], [131.20338660897045, 19.604206382441113], [131.19711913743217, 19.632757073051096], [131.20391769846026, 19.661307763661082], [131.2164438937371, 19.67556727365026], [131.23275800566762, 19.689858454271064], [131.2473695123556, 19.697273395306134], [131.27829513097413, 19.70889293484486], [131.30922074959258, 19.717487448748564], [131.31260149743346, 19.718409144881054], [131.34014636821107, 19.727943345912372], [131.37107198682958, 19.73728153758951], [131.40199760544806, 19.74605464939487], [131.40515403584382, 19.746959835491033], [131.43292322406654, 19.756724639437827], [131.46384884268502, 19.76187770622684], [131.49477446130356, 19.76235466185699], [131.52570007992202, 19.752923715904146], [131.53372795067526, 19.746959835491033], [131.54344333611067, 19.71840914488105], [131.53180376540683, 19.689858454271064], [131.52570007992202, 19.682421199003766], [131.50543252848337, 19.661307763661082], [131.49477446130354, 19.651945928793108], [131.4696186553096, 19.632757073051096], [131.46384884268502, 19.627637001716067], [131.43800505497518, 19.604206382441113], [131.43292322406654, 19.598652169174407], [131.4021155765485, 19.57565569183113], [131.40199760544806, 19.57554506229451], [131.37107198682958, 19.55633255291754], [131.34014636821107, 19.548379972243055], [131.32101154737273, 19.547105001221148], [131.30922074959258, 19.545954454863615], [131.2977943830571, 19.547105001221148]]]}, "properties": {"fillColor": "#FFA500", "fillOpacity": 0.7, "color": "#000000", "weight": 0.2, "stroke": false}}, {"type": "Feature", "geometry": {"type": "Polygon", "coordinates": [[[131.29087821125273, 19.861162597930964], [131.2782951309741, 19.867721547227575], [131.2569665167469, 19.889713288540953], [131.2473695123556, 19.905129203532496], [131.2383423813191, 19.918263979150936], [131.22306610705385, 19.94681466976092], [131.2164438937371, 19.963520032472054], [131.2095370221176, 19.9753653603709], [131.20588066519738, 20.003916050980884], [131.2164438937371, 20.022137622315803], [131.2404584699126, 20.032466741590866], [131.2473695123556, 20.034255903842297], [131.2782951309741, 20.03844636611449], [131.30922074959258, 20.041750330622556], [131.34014636821107, 20.04597327018496], [131.37107198682958, 20.050120346784244], [131.40199760544806, 20.053074355866805], [131.43292322406654, 20.05466270089075], [131.46384884268502, 20.05528057110927], [131.49477446130354, 20.055048179970957], [131.52570007992205, 20.04722195662611], [131.53925355099958, 20.032466741590866], [131.53243314270253, 20.003916050980884], [131.52570007992202, 19.99656844153034], [131.50662152929567, 19.9753653603709], [131.49477446130354, 19.966165908102937], [131.4678609436529, 19.94681466976092], [131.46384884268502, 19.943720852625848], [131.43292322406654, 19.920462667518795], [131.4300634429016, 19.918263979150936], [131.40199760544806, 19.891545774420937], [131.3998581099372, 19.88971328854095], [131.37107198682958, 19.863955039926278], [131.36434423419868, 19.861162597930967], [131.34014636821107, 19.85007754260912], [131.30922074959258, 19.85131620383905], [131.29087821125273, 19.861162597930964]]]}, "properties": {"fillColor": "#FFA500", "fillOpacity": 0.7, "color": "#000000", "weight": 0.2, "stroke": false}}, {"type": "Feature", "geometry": {"type": "Polygon", "coordinates": [[[129.1444274462982, 20.784213449557313], [129.1753530649167, 20.79732542897614], [129.1804050448478, 20.80333538806043], [129.1918350441633, 20.83188607867041], [129.17937180299862, 20.860436769280394], [129.1753530649167, 20.862451793232438], [129.1713003382066, 20.860436769280394], [129.1444274462982, 20.8471714614168], [129.1349014550331, 20.83188607867041], [129.12702989072253, 20.80333538806043], [129.1444274462982, 20.784213449557313]]]}, "properties": {"fillColor": "#FFA500", "fillOpacity": 0.7, "color": "#000000", "weight": 0.2, "stroke": false}}, {"type": "Feature", "geometry": {"type": "Polygon", "coordinates": [[[133.10290662946508, 20.827641036128412], [133.13383224808356, 20.82892678179622], [133.14137576235646, 20.83188607867041], [133.13383224808354, 20.8416085348202], [133.1252041780507, 20.860436769280394], [133.10290662946508, 20.87341322944414], [133.082110097701, 20.888987459890377], [133.07198101084657, 20.89405671251945], [133.0410553922281, 20.909196607676815], [133.02618953723206, 20.917538150500363], [133.0101297736096, 20.924430844137035], [132.9792041549911, 20.935490091387834], [132.9482785363726, 20.945011979192472], [132.9356641040653, 20.946088841110345], [132.91735291775413, 20.947219884166994], [132.91259460794817, 20.94608884111035], [132.89306022880822, 20.917538150500363], [132.91735291775413, 20.892232542518705], [132.92061459173019, 20.888987459890377], [132.94827853637258, 20.87497472221202], [132.9792041549911, 20.860761871850478], [132.97992220530494, 20.860436769280394], [133.0101297736096, 20.850178404064685], [133.0410553922281, 20.841530806120907], [133.07198101084657, 20.832236009471817], [133.07357448087902, 20.83188607867041], [133.10290662946508, 20.827641036128412]]]}, "properties": {"fillColor": "#FFA500", "fillOpacity": 0.7, "color": "#000000", "weight": 0.2, "stroke": false}}, {"type": "Feature", "geometry": {"type": "Polygon", "coordinates": [[[133.50493967150544, 21.22333081251366], [133.53586529012395, 21.21735257916678], [133.56679090874243, 21.21257938110648], [133.59771652736094, 21.20866927871792], [133.626158975497, 21.231595747210182], [133.59771652736094, 21.24834207711877], [133.58331340798577, 21.260146437820165], [133.56679090874246, 21.268804619565824], [133.53586529012395, 21.28582757837635], [133.53170237760307, 21.28869712843015], [133.50493967150547, 21.30278394121924], [133.47696933158446, 21.317247819040134], [133.47401405288696, 21.31884754548706], [133.44308843426847, 21.333841506200486], [133.41508630856282, 21.345798509650116], [133.41216281565, 21.347224682534225], [133.38123719703148, 21.358257813596182], [133.350311578413, 21.364054808202724], [133.31938595979452, 21.357337351251886], [133.30849302751338, 21.345798509650116], [133.312824598409, 21.317247819040137], [133.3193859597945, 21.307909679891374], [133.33322031156396, 21.28869712843015], [133.350311578413, 21.27622282512545], [133.38123719703148, 21.26146228466151], [133.38432267718326, 21.260146437820165], [133.41216281565, 21.249440279932184], [133.44308843426847, 21.24017119730968], [133.47401405288696, 21.231735091588952], [133.47453129568066, 21.231595747210182], [133.50493967150544, 21.22333081251366]]]}, "properties": {"fillColor": "#FFA500", "fillOpacity": 0.7, "color": "#000000", "weight": 0.2, "stroke": false}}, {"type": "Feature", "geometry": {"type": "Polygon", "coordinates": [[[120.88728727516107, 23.280854120396995], [120.89818698016674, 23.287245471129005], [120.91265202611436, 23.315796161738987], [120.88728727516107, 23.337085075405813], [120.85636165654257, 23.317161889490272], [120.85566951032503, 23.315796161738987], [120.85636165654256, 23.31348762546483], [120.87690676771112, 23.287245471129005], [120.88728727516107, 23.280854120396995]]]}, "properties": {"fillColor": "#FFA500", "fillOpacity": 0.7, "color": "#000000", "weight": 0.2, "stroke": false}}, {"type": "Feature", "geometry": {"type": "Polygon", "coordinates": [[[115.78456020311002, 23.682458076088444], [115.79509440269632, 23.686955139668775], [115.81548582172852, 23.701008913593867], [115.82500532085683, 23.715505830278758], [115.8192547028549, 23.74405652088874], [115.81548582172852, 23.74790270121338], [115.78456020311, 23.75707837038601], [115.75363458449152, 23.74583704194175], [115.75160315304788, 23.744056520888744], [115.74017098623378, 23.715505830278758], [115.75363458449154, 23.69047104308163], [115.76182085409775, 23.686955139668775], [115.78456020311002, 23.682458076088444]]]}, "properties": {"fillColor": "#FFA500", "fillOpacity": 0.7, "color": "#000000", "weight": 0.2, "stroke": false}}, {"type": "Feature", "geometry": {"type": "Polygon", "coordinates": [[[121.1037666054905, 23.897044469426923], [121.13469222410899, 23.88828568815353], [121.16561784272749, 23.895895698981846], [121.18795245947578, 23.915360664548647], [121.19620023047455, 23.94391135515863], [121.18529316474837, 23.972462045768612], [121.16561784272749, 23.988224012526892], [121.13469222410899, 23.992983415208997], [121.1037666054905, 23.984643303725626], [121.08355995101157, 23.972462045768612], [121.07284098687201, 23.958300759608875], [121.06559787826768, 23.94391135515863], [121.072840986872, 23.929762913177996], [121.08139259434121, 23.915360664548647], [121.1037666054905, 23.897044469426923]]]}, "properties": {"fillColor": "#FFA500", "fillOpacity": 0.7, "color": "#000000", "weight": 0.2, "stroke": false}}, {"type": "Feature", "geometry": {"type": "Polygon", "coordinates": [[[116.77417999890174, 24.52026524691842], [116.80510561752023, 24.521305798730605], [116.83603123613872, 24.523827799739028], [116.86695685475722, 24.53257811183375], [116.88181168737978, 24.543475857968286], [116.89788247337569, 24.570452960711325], [116.89913041725262, 24.57202654857827], [116.90577748427188, 24.600577239188254], [116.8978824733757, 24.613686064181252], [116.86695685475722, 24.626141328544385], [116.83603123613872, 24.62226461594232], [116.80510561752024, 24.613220650131097], [116.7888080555262, 24.600577239188254], [116.77417999890174, 24.576419194579415], [116.7703168048615, 24.57202654857827], [116.7549160141333, 24.543475857968286], [116.77417999890174, 24.52026524691842]]]}, "properties": {"fillColor": "#FFA500", "fillOpacity": 0.7, "color": "#000000", "weight": 0.2, "stroke": false}}, {"type": "Feature", "geometry": {"type": "Polygon", "coordinates": [[[117.6400973202195, 25.197895158448464], [117.65324770287285, 25.20014174199791], [117.67102293883798, 25.202407997061893], [117.70194855745648, 25.221677632122784], [117.70808822906515, 25.228692432607893], [117.71520939559201, 25.257243123217876], [117.70244564252975, 25.28579381382786], [117.70194855745648, 25.28635774600039], [117.67102293883798, 25.305319967664445], [117.6400973202195, 25.303584313530365], [117.609171701601, 25.28804517325326], [117.60636444831057, 25.285793813827862], [117.58529587889781, 25.257243123217876], [117.58745853685528, 25.228692432607893], [117.60917170160099, 25.206466023621033], [117.63149612810295, 25.20014174199791], [117.6400973202195, 25.197895158448464]]]}, "properties": {"fillColor": "#FFA500", "fillOpacity": 0.7, "color": "#000000", "weight": 0.2, "stroke": false}}, {"type": "Feature", "geometry": {"type": "Polygon", "coordinates": [[[117.63828892520868, 25.228692432607893], [117.62498113096848, 25.257243123217876], [117.6400973202195, 25.269856103383248], [117.67102293883798, 25.267500478908293], [117.67919955769652, 25.257243123217876], [117.67102293883798, 25.238891250540377], [117.64612984327746, 25.228692432607893], [117.6400973202195, 25.227798468837463], [117.63828892520868, 25.228692432607893]]]}, "properties": {"fillColor": "#FFA500", "fillOpacity": 0.7, "color": "#000000", "weight": 0.2, "stroke": false}}, {"type": "Feature", "geometry": {"type": "Polygon", "coordinates": [[[124.72206398385397, 6.040483747313608], [124.75298960247245, 6.035872153850017], [124.78391522109094, 6.042207300073292], [124.78418374271143, 6.042628342698878], [124.78424699387851, 6.071179033308862], [124.78391522109094, 6.071877033483822], [124.77081552327829, 6.099729723918845], [124.75298960247244, 6.121917054305777], [124.74648973367744, 6.128280414528829], [124.72206398385396, 6.14810006534201], [124.69815972885576, 6.156831105138813], [124.69113836523547, 6.159297328978272], [124.68183114430641, 6.156831105138814], [124.66021274661699, 6.145995941655881], [124.65068116877566, 6.128280414528829], [124.65524880235517, 6.099729723918845], [124.66021274661699, 6.090860042514442], [124.67035217499554, 6.071179033308862], [124.69113836523547, 6.050930099185427], [124.71718497482911, 6.042628342698878], [124.72206398385397, 6.040483747313608]]]}, "properties": {"fillColor": "#FF0000", "fillOpacity": 0.7, "color": "#000000", "weight": 0.2, "stroke": false}}, {"type": "Feature", "geometry": {"type": "Polygon", "coordinates": [[[125.27872511898681, 6.977926732077405], [125.3096507376053, 6.982998202891312], [125.31210649049707, 6.984801132828339], [125.33682982826052, 7.013351823438322], [125.3388226650908, 7.0419025140483065], [125.31038688744093, 7.070453204658289], [125.3096507376053, 7.070837071117771], [125.30736677492312, 7.070453204658289], [125.27872511898681, 7.065585079043453], [125.25752867008669, 7.0419025140483065], [125.2537273951848, 7.013351823438322], [125.26925829183357, 6.984801132828338], [125.27872511898681, 6.977926732077405]]]}, "properties": {"fillColor": "#FF0000", "fillOpacity": 0.7, "color": "#000000", "weight": 0.2, "stroke": false}}, {"type": "Feature", "geometry": {"type": "Polygon", "coordinates": [[[126.26834491477852, 7.313931621914522], [126.29927053339702, 7.315143323559813], [126.31201226893742, 7.327409420148142], [126.3301961520155, 7.335469538679808], [126.34731552502849, 7.355960110758126], [126.3301961520155, 7.382646226953749], [126.32832510336668, 7.38451080136811], [126.3210458496935, 7.413061491978093], [126.31258727870477, 7.441612182588077], [126.29927053339702, 7.457417270849746], [126.27413688297756, 7.470162873198061], [126.26834491477852, 7.472759421359049], [126.25739725897049, 7.47016287319806], [126.23741929616003, 7.465089227908322], [126.21711187077766, 7.441612182588077], [126.20981054788928, 7.413061491978093], [126.210373358205, 7.38451080136811], [126.2164750931438, 7.355960110758126], [126.23741929616003, 7.331918512974489], [126.24671779804626, 7.327409420148143], [126.26834491477852, 7.313931621914522]]]}, "properties": {"fillColor": "#FF0000", "fillOpacity": 0.7, "color": "#000000", "weight": 0.2, "stroke": false}}, {"type": "Feature", "geometry": {"type": "Polygon", "coordinates": [[[128.123882031888, 7.637093589122575], [128.15480765050648, 7.630929960848322], [128.18573326912497, 7.635771718637843], [128.21665888774348, 7.638317207510623], [128.24758450636196, 7.629627959111902], [128.27851012498044, 7.620529604624814], [128.30943574359895, 7.625130524945914], [128.32386413379396, 7.641467016857963], [128.34036136221744, 7.664085191645185], [128.34348992455364, 7.670017707467948], [128.36095491071035, 7.69856839807793], [128.37128698083592, 7.710360428297534], [128.3919701145656, 7.727119088687914], [128.4022125994544, 7.732978363857199], [128.4331382180729, 7.748674984746806], [128.44462401485902, 7.755669779297898], [128.4640638366914, 7.769501352991416], [128.48286267917229, 7.784220469907881], [128.49498945530988, 7.799368821874695], [128.50567862988004, 7.812771160517864], [128.50391379021733, 7.841321851127847], [128.49498945530988, 7.8494797094305095], [128.4640638366914, 7.8583322668151965], [128.4331382180729, 7.850501386395874], [128.41573509309057, 7.841321851127848], [128.4022125994544, 7.834975911614443], [128.37128698083592, 7.817603053162786], [128.36422554703785, 7.8127711605178645], [128.34036136221744, 7.800634815590694], [128.30943574359895, 7.7895311754965535], [128.27851012498044, 7.786499310525981], [128.24758450636196, 7.795777574309639], [128.21665888774348, 7.806127285168934], [128.18573326912497, 7.81062369157967], [128.15480765050648, 7.80760930937273], [128.123882031888, 7.7878950071555355], [128.12025195095453, 7.784220469907881], [128.0998752051053, 7.755669779297897], [128.09295641326952, 7.735863675283456], [128.08971078131418, 7.727119088687914], [128.08702763536823, 7.69856839807793], [128.09295641326952, 7.670869220174518], [128.09318830776377, 7.670017707467947], [128.11771359952854, 7.641467016857963], [128.123882031888, 7.637093589122575]]]}, "properties": {"fillColor": "#FF0000", "fillOpacity": 0.7, "color": "#000000", "weight": 0.2, "stroke": false}}, {"type": "Feature", "geometry": {"type": "Polygon", "coordinates": [[[124.66021274661699, 7.726936908408474], [124.69113836523547, 7.717579765368629], [124.72206398385397, 7.704063531933093], [124.73733919111366, 7.727119088687914], [124.75298960247245, 7.75552725707623], [124.75302420791786, 7.755669779297898], [124.75298960247244, 7.75579371910608], [124.74554385668866, 7.784220469907881], [124.72786640157766, 7.8127711605178645], [124.72206398385397, 7.818111851132877], [124.70249617765421, 7.841321851127848], [124.69113836523547, 7.851686419665096], [124.66218810605176, 7.869872541737832], [124.66021274661699, 7.871022810078011], [124.65486269105614, 7.869872541737832], [124.6292871279985, 7.862891118332273], [124.60711431812217, 7.841321851127848], [124.60479219190945, 7.8127711605178645], [124.61600812699544, 7.784220469907881], [124.62928712799851, 7.761536293325102], [124.63525431766563, 7.7556697792978975], [124.66005603920016, 7.727119088687915], [124.66021274661699, 7.726936908408474]]]}, "properties": {"fillColor": "#FF0000", "fillOpacity": 0.7, "color": "#000000", "weight": 0.2, "stroke": false}}, {"type": "Feature", "geometry": {"type": "Polygon", "coordinates": [[[125.00039455142038, 8.009163527895787], [125.03132017003887, 8.008739041134902], [125.03431876657336, 8.01262599478775], [125.03132017003887, 8.03119581973073], [125.02906388885138, 8.041176685397733], [125.0226875391578, 8.069727376007718], [125.01514730560626, 8.098278066617702], [125.00039455142038, 8.115369252440413], [124.98178327192615, 8.126828757227685], [124.9694689328019, 8.131281045623096], [124.94495467239514, 8.126828757227685], [124.93854331418342, 8.113729384611213], [124.93694663689301, 8.098278066617702], [124.93854331418342, 8.095029084724382], [124.95326112654844, 8.069727376007718], [124.96468661408628, 8.041176685397733], [124.9694689328019, 8.034828338208538], [124.99590151688443, 8.01262599478775], [125.00039455142038, 8.009163527895787]]]}, "properties": {"fillColor": "#FF0000", "fillOpacity": 0.7, "color": "#000000", "weight": 0.2, "stroke": false}}, {"type": "Feature", "geometry": {"type": "Polygon", "coordinates": [[[129.70108858143104, 8.506010269860637], [129.73201420004955, 8.502385788770784], [129.76293981866803, 8.51269346243247], [129.77901178126717, 8.526538425767455], [129.7938654372865, 8.552153800222714], [129.79546312199213, 8.55508911637744], [129.80524392513175, 8.583639806987424], [129.81148235320194, 8.612190497597407], [129.81197586020068, 8.64074118820739], [129.7969497458233, 8.669291878817374], [129.7938654372865, 8.672749925748324], [129.7901078090498, 8.669291878817374], [129.76293981866803, 8.662316623384568], [129.73201420004955, 8.646512234628773], [129.72455387779036, 8.64074118820739], [129.70108858143104, 8.629631623705222], [129.68015534401056, 8.612190497597407], [129.67016296281255, 8.599409490965646], [129.65955873087213, 8.583639806987424], [129.67016296281255, 8.556153437589506], [129.67052927146446, 8.55508911637744], [129.677567794354, 8.526538425767455], [129.70108858143104, 8.506010269860637]]]}, "properties": {"fillColor": "#FF0000", "fillOpacity": 0.7, "color": "#000000", "weight": 0.2, "stroke": false}}, {"type": "Feature", "geometry": {"type": "Polygon", "coordinates": [[[133.50493967150547, 8.667385856297921], [133.5103216424772, 8.669291878817374], [133.5049396715055, 8.670245522173737], [133.50292231536764, 8.669291878817374], [133.50493967150547, 8.667385856297921]]]}, "properties": {"fillColor": "#FF0000", "fillOpacity": 0.7, "color": "#000000", "weight": 0.2, "stroke": false}}, {"type": "Feature", "geometry": {"type": "Polygon", "coordinates": [[[129.5155348697201, 8.749397715995237], [129.53801326630426, 8.754943950647325], [129.5450802456982, 8.78349464125731], [129.5422486942761, 8.812045331867292], [129.5464604883386, 8.818275102491155], [129.56237392061556, 8.840596022477277], [129.57738610695708, 8.855042174645732], [129.59080946738817, 8.869146713087261], [129.60831172557556, 8.88886218414704], [129.61652754811308, 8.897697403697244], [129.62021389235179, 8.926248094307226], [129.60831172557556, 8.936074228807083], [129.57738610695708, 8.94488864540543], [129.5464604883386, 8.947345952689373], [129.5155348697201, 8.95050764291566], [129.503183830272, 8.95479878491721], [129.4846092511016, 8.961635735396825], [129.45368363248312, 8.979911940051622], [129.44793632852085, 8.983349475527195], [129.4227580138646, 8.99581908811852], [129.39183239524613, 8.99867445650332], [129.36090677662764, 8.990353108813673], [129.34967480654905, 8.983349475527195], [129.32998115800916, 8.969682383994797], [129.3162896089764, 8.95479878491721], [129.30196628193517, 8.926248094307226], [129.29905553939065, 8.910765213523465], [129.29585947988292, 8.897697403697244], [129.2961535344818, 8.869146713087261], [129.29905553939062, 8.86168958123503], [129.3076623652064, 8.840596022477277], [129.32998115800916, 8.825345589932258], [129.36090677662764, 8.82900190828655], [129.39183239524613, 8.832970217586613], [129.4227580138646, 8.823048345946418], [129.43588711878337, 8.812045331867292], [129.45368363248312, 8.794375708130993], [129.46498205034953, 8.78349464125731], [129.4846092511016, 8.766281524741787], [129.504829486043, 8.754943950647325], [129.5155348697201, 8.749397715995237]]]}, "properties": {"fillColor": "#FF0000", "fillOpacity": 0.7, "color": "#000000", "weight": 0.2, "stroke": false}}, {"type": "Feature", "geometry": {"type": "Polygon", "coordinates": [[[122.24801449437467, 11.021339640331977], [122.27894011299317, 11.02129201782677], [122.29393463964581, 11.038999199446017], [122.30262308822418, 11.067549890056], [122.30264889067337, 11.096100580665984], [122.29789646443007, 11.124651271275969], [122.28967788360048, 11.153201961885951], [122.27894011299317, 11.165104335105983], [122.24801449437467, 11.178293820480835], [122.21708887575619, 11.17092556495011], [122.20090351636165, 11.153201961885951], [122.18616325713771, 11.12586928723239], [122.18567255234716, 11.124651271275969], [122.18616325713768, 11.12191951108533], [122.19031912410418, 11.096100580665984], [122.20755537969342, 11.067549890056], [122.21708887575619, 11.050810290749702], [122.2271088736598, 11.038999199446017], [122.24801449437467, 11.021339640331977]]]}, "properties": {"fillColor": "#FF0000", "fillOpacity": 0.7, "color": "#000000", "weight": 0.2, "stroke": false}}, {"type": "Feature", "geometry": {"type": "Polygon", "coordinates": [[[131.12366703788163, 15.99453245181248], [131.15459265650014, 15.986967079597758], [131.18551827511862, 15.987362425338878], [131.2164438937371, 15.99880265315147], [131.23160257669286, 16.006819365583173], [131.2473695123556, 16.01605451935886], [131.2782951309741, 16.019543438084906], [131.30922074959258, 16.022544414740295], [131.3225625067496, 16.03537005619316], [131.30922074959258, 16.04950363683693], [131.3017249323756, 16.06392074680314], [131.2782951309741, 16.088416758806947], [131.27568287514586, 16.092471437413124], [131.25081850127725, 16.121022128023107], [131.2473695123556, 16.12499718415402], [131.2266727511441, 16.14957281863309], [131.2164438937371, 16.16245944801972], [131.203473697448, 16.178123509243076], [131.18551827511862, 16.2025599256951], [131.18040633317864, 16.206674199853058], [131.15459265650014, 16.220656977658127], [131.1236670378816, 16.21701718081549], [131.10182652457578, 16.206674199853058], [131.09274141926315, 16.203536465176246], [131.06891230852315, 16.178123509243076], [131.06181580064467, 16.162569505396966], [131.0525697375154, 16.14957281863309], [131.0474687362463, 16.121022128023107], [131.05259960662747, 16.092471437413124], [131.06181580064467, 16.071436389032442], [131.0651532885416, 16.06392074680314], [131.08166705717298, 16.03537005619316], [131.09274141926315, 16.02032876036776], [131.1076557034818, 16.006819365583173], [131.12366703788163, 15.99453245181248]]]}, "properties": {"fillColor": "#FF0000", "fillOpacity": 0.7, "color": "#000000", "weight": 0.2, "stroke": false}}, {"type": "Feature", "geometry": {"type": "Polygon", "coordinates": [[[130.8453364703152, 17.737083498504994], [130.85572863153664, 17.748411492792176], [130.87626208893371, 17.76473628989626], [130.88389501322035, 17.776962183402162], [130.90121505338624, 17.805512874012145], [130.9071877075522, 17.81393658974799], [130.91897340894326, 17.834063564622127], [130.93603827439253, 17.86261425523211], [130.93811332617068, 17.865883102124663], [130.95349395577372, 17.891164945842092], [130.9690389447892, 17.91734246664847], [130.9706502744196, 17.91971563645208], [130.9879544934942, 17.94826632706206], [130.99996456340767, 17.96888737153397], [131.00516818758746, 17.976817017672047], [131.0192067826844, 18.00536770828203], [131.02642445116507, 18.033918398892013], [131.02409610219345, 18.062469089501995], [131.00678413048513, 18.091019780111978], [130.99996456340767, 18.09425967933076], [130.99553543473795, 18.091019780111978], [130.9690389447892, 18.07701911107806], [130.95547004182373, 18.062469089501995], [130.93811332617068, 18.04236564422361], [130.9320956253354, 18.033918398892013], [130.91597620112915, 18.00536770828203], [130.9071877075522, 17.986276990975536], [130.90207083258173, 17.976817017672047], [130.88818413600978, 17.94826632706206], [130.87801726411845, 17.91971563645208], [130.87626208893371, 17.915505176630916], [130.86432889918515, 17.891164945842092], [130.85494227371686, 17.86261425523211], [130.84724271385844, 17.834063564622127], [130.8453364703152, 17.828363690802544], [130.8379392332214, 17.805512874012145], [130.8342913705855, 17.776962183402162], [130.83885850568691, 17.748411492792176], [130.8453364703152, 17.737083498504994]]]}, "properties": {"fillColor": "#FF0000", "fillOpacity": 0.7, "color": "#000000", "weight": 0.2, "stroke": false}}, {"type": "Feature", "geometry": {"type": "Polygon", "coordinates": [[[133.84512147630886, 18.08759133220252], [133.85111132581062, 18.091019780111978], [133.87604709492734, 18.11704551993544], [133.8766486769578, 18.119570470721964], [133.88111229011975, 18.148121161331947], [133.87977767024483, 18.176671851941933], [133.87604709492734, 18.188870507275084], [133.87067520534868, 18.205222542551915], [133.85242932877478, 18.233773233161898], [133.84512147630886, 18.241737817073755], [133.82099924877522, 18.26232392377188], [133.81419585769038, 18.26916521441835], [133.78836759631977, 18.290874614381863], [133.78327023907187, 18.297021499201414], [133.75234462045339, 18.310655733349222], [133.74515919900506, 18.290874614381863], [133.74790555560804, 18.26232392377188], [133.75234462045339, 18.248794157869288], [133.75682814643417, 18.233773233161898], [133.76575267229885, 18.205222542551915], [133.77644907381557, 18.176671851941933], [133.78327023907187, 18.163533128856514], [133.79132090789264, 18.148121161331947], [133.81011028021317, 18.119570470721964], [133.81419585769038, 18.113362648003225], [133.84208676673143, 18.091019780111978], [133.84512147630886, 18.08759133220252]]]}, "properties": {"fillColor": "#FF0000", "fillOpacity": 0.7, "color": "#000000", "weight": 0.2, "stroke": false}}, {"type": "Feature", "geometry": {"type": "Polygon", "coordinates": [[[132.08236121505487, 18.287528298519355], [132.11293626194237, 18.290874614381863], [132.11328683367336, 18.290921336372048], [132.14421245229187, 18.316202205424023], [132.14782531293895, 18.31942530499185], [132.17513807091035, 18.333997108325036], [132.20606226237868, 18.31942530499185], [132.20606368952883, 18.31942468049262], [132.23698930814732, 18.293334585069122], [132.24120784176753, 18.290874614381863], [132.2679149267658, 18.269827219916046], [132.2988405453843, 18.267028626345613], [132.3183689833811, 18.290874614381863], [132.3229930554597, 18.31942530499185], [132.32050885036534, 18.347975995601836], [132.31447776642284, 18.376526686211818], [132.2988405453843, 18.404530733736046], [132.29854042683542, 18.4050773768218], [132.28699395323062, 18.433628067431783], [132.2864088282359, 18.462178758041766], [132.29651835153248, 18.49072944865175], [132.2988405453843, 18.49485596292119], [132.3242370101976, 18.519280139261735], [132.3297661640028, 18.52619830526129], [132.35690665311114, 18.54783082987172], [132.3297661640028, 18.568029221962654], [132.2988405453843, 18.56144297096203], [132.2679149267658, 18.554745908394228], [132.23698930814732, 18.56662392167463], [132.22833064621605, 18.576381520481704], [132.21772882404753, 18.604932211091686], [132.20776174871273, 18.63348290170167], [132.20606368952883, 18.636378283333162], [132.20201115595313, 18.633482901701672], [132.17513807091035, 18.62037453003767], [132.16577337893636, 18.604932211091686], [132.1504557970068, 18.576381520481704], [132.14421245229184, 18.56300172002578], [132.12421072845558, 18.54783082987172], [132.11328683367336, 18.533977616568755], [132.10247175964142, 18.54783082987172], [132.0947368586274, 18.576381520481704], [132.09206307153863, 18.604932211091686], [132.09014443187303, 18.63348290170167], [132.08665667197658, 18.66203359231165], [132.08236121505487, 18.6826072062763], [132.08100949424352, 18.690584282921638], [132.0746567721506, 18.71913497353162], [132.06928945255498, 18.747685664141606], [132.069161661947, 18.77623635475159], [132.07778163378882, 18.80478704536157], [132.08236121505487, 18.81256024840383], [132.09678130312204, 18.833337735971554], [132.10294207720256, 18.861888426581537], [132.09089321404332, 18.89043911719152], [132.08236121505487, 18.906089953118702], [132.07697829659637, 18.918989807801506], [132.0711776751114, 18.94754049841149], [132.069805596648, 18.976091189021474], [132.07146981732518, 19.004641879631457], [132.06392784643026, 19.03319257024144], [132.05143559643636, 19.042993159597668], [132.02050997781788, 19.057778888656117], [132.0112749909458, 19.061743260851422], [131.9895843591994, 19.07144811438654], [131.9586587405809, 19.086988493981618], [131.95307936797576, 19.09029395146141], [131.9277331219624, 19.112994343349694], [131.90840406376694, 19.11884464207139], [131.89680750334392, 19.121895635212734], [131.8658818847254, 19.134228165391853], [131.83495626610693, 19.14578197247132], [131.8311448322304, 19.147395332681377], [131.80403064748845, 19.160025110552898], [131.77310502886996, 19.172640243403585], [131.7636407507309, 19.17594602329136], [131.74217941025142, 19.184533163501534], [131.71125379163297, 19.19269472494537], [131.6803281730145, 19.19140621095614], [131.65276617812196, 19.17594602329136], [131.64940255439598, 19.152768481441566], [131.64862249747966, 19.147395332681377], [131.64940255439598, 19.145791244670654], [131.65890410344585, 19.11884464207139], [131.6710942736174, 19.09029395146141], [131.67772843618715, 19.061743260851422], [131.67522266415187, 19.03319257024144], [131.67447666543578, 19.004641879631457], [131.6803281730145, 18.985780188997914], [131.68226883650055, 18.976091189021474], [131.68749261694174, 18.94754049841149], [131.6828519614575, 18.918989807801506], [131.6803281730145, 18.915334413098513], [131.6614225374025, 18.890439117191523], [131.64940255439598, 18.878121211528786], [131.638122023807, 18.861888426581537], [131.6308034975255, 18.833337735971554], [131.6408879172186, 18.80478704536157], [131.64940255439598, 18.795385780195307], [131.66709528093998, 18.77623635475159], [131.6803281730145, 18.765444169115103], [131.7001287800506, 18.747685664141606], [131.71125379163297, 18.738139041043734], [131.7341313742077, 18.71913497353162], [131.74217941025145, 18.712127587969473], [131.77112024398843, 18.690584282921638], [131.77310502886996, 18.688596726439595], [131.79057010717284, 18.66203359231165], [131.79697588606825, 18.63348290170167], [131.79836160651865, 18.604932211091686], [131.80403064748845, 18.577614890278042], [131.80420790567803, 18.576381520481704], [131.81496257932804, 18.54783082987172], [131.83342201424637, 18.519280139261735], [131.83495626610693, 18.517433176415786], [131.85842026554386, 18.49072944865175], [131.8658818847254, 18.48273191829761], [131.89356360437563, 18.462178758041762], [131.89680750334392, 18.459136704279175], [131.9277331219624, 18.43687560025299], [131.9317699613046, 18.433628067431783], [131.9586587405809, 18.4057185672977], [131.95928644920653, 18.4050773768218], [131.9835513703104, 18.376526686211818], [131.9895843591994, 18.369848379869218], [132.00678554260097, 18.347975995601836], [132.02050997781788, 18.333000405464663], [132.03169061491317, 18.31942530499185], [132.05143559643636, 18.302263293531766], [132.07452769559643, 18.290874614381863], [132.08236121505487, 18.287528298519355]]]}, "properties": {"fillColor": "#FF0000", "fillOpacity": 0.7, "color": "#000000", "weight": 0.2, "stroke": false}}, {"type": "Feature", "geometry": {"type": "Polygon", "coordinates": [[[132.45346863847675, 18.51772738537143], [132.4590534790489, 18.519280139261735], [132.48439425709526, 18.5270311606519], [132.51107709039127, 18.54783082987172], [132.51531987571374, 18.553149178289072], [132.53898113910637, 18.576381520481704], [132.54624549433223, 18.59123244438277], [132.55395158934306, 18.604932211091686], [132.54624549433223, 18.62239757079798], [132.51531987571374, 18.62481552315851], [132.48439425709526, 18.6269871438794], [132.45346863847675, 18.631174360807268], [132.42254301985827, 18.623872675043252], [132.40476680268972, 18.604932211091686], [132.39161740123978, 18.590764826795205], [132.3685428721516, 18.576381520481704], [132.37604238096333, 18.54783082987172], [132.39161740123978, 18.545291297368532], [132.42254301985827, 18.526531092170455], [132.44756391199263, 18.519280139261735], [132.45346863847675, 18.51772738537143]]]}, "properties": {"fillColor": "#FF0000", "fillOpacity": 0.7, "color": "#000000", "weight": 0.2, "stroke": false}}, {"type": "Feature", "geometry": {"type": "Polygon", "coordinates": [[[131.30922074959258, 19.545954454863615], [131.32101154737273, 19.547105001221148], [131.34014636821107, 19.548379972243055], [131.37107198682958, 19.55633255291754], [131.40199760544806, 19.57554506229451], [131.4021155765485, 19.575655691831134], [131.43292322406654, 19.598652169174407], [131.43800505497518, 19.604206382441113], [131.46384884268502, 19.627637001716064], [131.4696186553096, 19.632757073051096], [131.49477446130354, 19.651945928793108], [131.50543252848337, 19.661307763661082], [131.52570007992205, 19.68242119900377], [131.53180376540683, 19.689858454271064], [131.54344333611067, 19.71840914488105], [131.53372795067526, 19.746959835491033], [131.52570007992202, 19.752923715904146], [131.49477446130354, 19.76235466185699], [131.46384884268502, 19.76187770622684], [131.43292322406654, 19.756724639437827], [131.40515403584382, 19.746959835491033], [131.40199760544806, 19.74605464939487], [131.37107198682958, 19.73728153758951], [131.34014636821107, 19.727943345912372], [131.31260149743346, 19.71840914488105], [131.30922074959258, 19.717487448748564], [131.2782951309741, 19.70889293484486], [131.2473695123556, 19.69727339530613], [131.23275800566762, 19.689858454271064], [131.2164438937371, 19.67556727365026], [131.20391769846026, 19.661307763661082], [131.19711913743217, 19.632757073051096], [131.20338660897045, 19.604206382441113], [131.2164438937371, 19.58671928766003], [131.2248226819066, 19.57565569183113], [131.2473695123556, 19.559806382192015], [131.2782951309741, 19.54840720738465], [131.2977943830571, 19.547105001221148], [131.30922074959258, 19.545954454863615]]]}, "properties": {"fillColor": "#FF0000", "fillOpacity": 0.7, "color": "#000000", "weight": 0.2, "stroke": false}}, {"type": "Feature", "geometry": {"type": "Polygon", "coordinates": [[[131.30922074959258, 19.85131620383905], [131.34014636821107, 19.85007754260912], [131.36434423419868, 19.861162597930967], [131.37107198682958, 19.86395503992628], [131.3998581099372, 19.88971328854095], [131.40199760544806, 19.89154577442094], [131.4300634429016, 19.918263979150936], [131.43292322406654, 19.92046266751879], [131.46384884268502, 19.943720852625848], [131.4678609436529, 19.94681466976092], [131.49477446130354, 19.966165908102937], [131.50662152929567, 19.9753653603709], [131.52570007992202, 19.99656844153034], [131.53243314270253, 20.003916050980884], [131.53925355099958, 20.032466741590866], [131.52570007992202, 20.04722195662611], [131.49477446130354, 20.05504817997096], [131.46384884268502, 20.05528057110927], [131.43292322406654, 20.05466270089075], [131.40199760544806, 20.053074355866805], [131.37107198682958, 20.050120346784244], [131.34014636821107, 20.04597327018496], [131.30922074959258, 20.041750330622556], [131.2782951309741, 20.03844636611449], [131.2473695123556, 20.034255903842297], [131.2404584699126, 20.032466741590866], [131.2164438937371, 20.022137622315803], [131.20588066519738, 20.003916050980884], [131.2095370221176, 19.9753653603709], [131.2164438937371, 19.963520032472054], [131.22306610705388, 19.94681466976092], [131.2383423813191, 19.918263979150936], [131.2473695123556, 19.905129203532496], [131.25696651674687, 19.88971328854095], [131.2782951309741, 19.867721547227575], [131.29087821125273, 19.861162597930967], [131.30922074959258, 19.85131620383905]]]}, "properties": {"fillColor": "#FF0000", "fillOpacity": 0.7, "color": "#000000", "weight": 0.2, "stroke": false}}, {"type": "Feature", "geometry": {"type": "Polygon", "coordinates": [[[117.64009732021951, 25.227798468837463], [117.64612984327746, 25.228692432607893], [117.67102293883798, 25.238891250540377], [117.67919955769652, 25.257243123217876], [117.67102293883798, 25.267500478908293], [117.6400973202195, 25.269856103383248], [117.62498113096848, 25.257243123217876], [117.63828892520867, 25.228692432607893], [117.64009732021951, 25.227798468837463]]]}, "properties": {"fillColor": "#FF0000", "fillOpacity": 0.7, "color": "#000000", "weight": 0.2, "stroke": false}}]}