{"type": "FeatureCollection", "features": [{"type": "Feature", "geometry": {"type": "Polygon", "coordinates": [[[114.02179994185603, 4.400231207317924], [114.05272556047451, 4.403610541076663], [114.08365117909301, 4.413921480515437], [114.0859564529832, 4.41523897792981], [114.1145767977115, 4.422756925461512], [114.14231740635347, 4.443789668539793], [114.14550241632999, 4.445230166624621], [114.17642803494849, 4.4613494025369915], [114.19047199316245, 4.4723403591497775], [114.20735365356697, 4.478204144866241], [114.23827927218547, 4.493269400067432], [114.24633247634323, 4.500891049759761], [114.26920489080396, 4.512210570945422], [114.29401216453283, 4.5294417403697445], [114.30013050942244, 4.53304665858731], [114.32685726291773, 4.557992430979728], [114.33105612804094, 4.561160360736447], [114.36198174665941, 4.574739081773107], [114.39290736527792, 4.584922701375521], [114.42383298389643, 4.57873612943408], [114.45475860251491, 4.568366267003663], [114.4856842211334, 4.560555511322581], [114.49622223326085, 4.557992430979728], [114.51660983975187, 4.546391314471119], [114.54753545837038, 4.538016886179144], [114.57846107698887, 4.531268024130542], [114.59921335030673, 4.5294417403697445], [114.60938669560736, 4.526389612734082], [114.64031231422585, 4.528062450695941], [114.64622042366442, 4.5294417403697445], [114.67123793284435, 4.530895852929678], [114.70216355146283, 4.535197216021491], [114.73308917008133, 4.545084833835392], [114.75731621933107, 4.557992430979728], [114.76401478869981, 4.559869008928451], [114.79427405227342, 4.5865431215897114], [114.79494040731831, 4.5871829333117775], [114.82094066848461, 4.615093812199696], [114.8258660259368, 4.6241647695343495], [114.84403651111052, 4.643644502809679], [114.85389347841877, 4.672195193419663], [114.85563188175583, 4.700745884029646], [114.85378888567197, 4.72929657463963], [114.84475425052128, 4.757847265249613], [114.8258660259368, 4.7778450321723085], [114.81841858391184, 4.786397955859598], [114.79494040731831, 4.808008863902971], [114.76401478869981, 4.8119582212904115], [114.73308917008131, 4.810955282918049], [114.70216355146283, 4.807011612430779], [114.67123793284435, 4.799492909683952], [114.65705370335124, 4.786397955859598], [114.64031231422585, 4.7796545559312325], [114.60938669560736, 4.765812010803299], [114.60075941976484, 4.757847265249612], [114.57846107698887, 4.748558596783345], [114.54753545837038, 4.743020021581225], [114.51660983975188, 4.742696588313024], [114.4856842211334, 4.749517869021963], [114.45475860251491, 4.751390540242191], [114.42383298389642, 4.75151279093547], [114.39290736527792, 4.750455754173243], [114.36198174665942, 4.750611241744105], [114.33105612804094, 4.757121301411635], [114.3299371348464, 4.757847265249613], [114.31855778691062, 4.786397955859598], [114.32127059968833, 4.814948646469581], [114.32544700557511, 4.843499337079565], [114.3260800187256, 4.872050027689548], [114.3248370284736, 4.900600718299532], [114.32234643489716, 4.929151408909515], [114.31900047207264, 4.9577020995195], [114.31282628660921, 4.986252790129482], [114.30013050942244, 5.00108366336919], [114.26920489080396, 5.009460409322386], [114.23827927218547, 5.010069993789312], [114.20735365356697, 5.011283732135574], [114.18981154551494, 5.014803480739467], [114.17642803494849, 5.0252551164395705], [114.14550241632999, 5.04046387385425], [114.14247040042335, 5.04335417134945], [114.12540989394671, 5.071904861959434], [114.11457679771149, 5.0928078640455325], [114.11345734317864, 5.100455552569418], [114.11457679771152, 5.109132610163547], [114.1315379750618, 5.1290062431794015], [114.14550241632998, 5.139962667991887], [114.1570672146305, 5.157556933789385], [114.16341584199546, 5.1861076243993685], [114.16136711269812, 5.214658315009352], [114.14973899691492, 5.243209005619336], [114.14550241632998, 5.252541788130792], [114.13544961752562, 5.271759696229319], [114.1145767977115, 5.284855901223639], [114.08904219653584, 5.300310386839303], [114.08365117909301, 5.30443981984184], [114.05272556047451, 5.323552553598846], [114.02179994185603, 5.3249097508117345], [113.99087432323753, 5.325114097294469], [113.9777766312186, 5.328861077449287], [113.95994870461905, 5.33558342208708], [113.92902308600056, 5.351607598095773], [113.91037180183812, 5.328861077449287], [113.90396683827049, 5.300310386839303], [113.90130871406888, 5.271759696229319], [113.90001212973716, 5.243209005619336], [113.899296864693, 5.214658315009352], [113.89887129808021, 5.1861076243993685], [113.89860956292692, 5.157556933789385], [113.92902308600056, 5.129479012427592], [113.9294187884347, 5.1290062431794015], [113.92929423772274, 5.100455552569418], [113.92921924895005, 5.071904861959434], [113.92917221163566, 5.04335417134945], [113.92914274344504, 5.014803480739467], [113.92912436964843, 4.986252790129483], [113.92911296758898, 4.9577020995195], [113.92910598144186, 4.929151408909515], [113.92910192237257, 4.900600718299532], [113.92909996492632, 4.872050027689548], [113.92909965189517, 4.843499337079565], [113.95994870461905, 4.815019332498387], [113.9600183588947, 4.814948646469581], [113.96002182715138, 4.786397955859598], [113.9600282078991, 4.757847265249613], [113.96003872050116, 4.72929657463963], [113.96005475076466, 4.700745884029646], [113.96007756542895, 4.672195193419663], [113.9601076614419, 4.643644502809679], [113.96014504125213, 4.615093812199696], [113.96019247210471, 4.5865431215897114], [113.96026216819192, 4.557992430979728], [113.96038735309183, 4.5294417403697445], [113.99087432323753, 4.5012960122922], [113.99159601615007, 4.500891049759761], [113.99230189235247, 4.4723403591497775], [113.99453830595235, 4.443789668539793], [114.00554378201048, 4.41523897792981], [114.02179994185603, 4.400231207317924]]]}, "properties": {"fillColor": "#8A2BE2", "fillOpacity": 0.7, "color": "#000000", "weight": 0.2, "stroke": false}}, {"type": "Feature", "geometry": {"type": "Polygon", "coordinates": [[[113.98656628716535, 4.700745884029646], [113.98254269102998, 4.72929657463963], [113.97990402791103, 4.757847265249613], [113.97830246023432, 4.786397955859598], [113.97743192780472, 4.814948646469581], [113.95994870461905, 4.832690839699937], [113.94824112554969, 4.843499337079565], [113.94831969636843, 4.872050027689548], [113.94881101537207, 4.900600718299532], [113.94982984176912, 4.929151408909515], [113.95158336469508, 4.9577020995195], [113.95444528161784, 4.986252790129483], [113.9590571045662, 5.014803480739467], [113.95994870461905, 5.018968980783171], [113.97024826794592, 5.014803480739467], [113.99087432323755, 5.007871698320114], [114.01797410803415, 4.986252790129483], [114.02179994185603, 4.983739215393948], [114.04915309761938, 4.9577020995195], [114.05272556047453, 4.954764282169947], [114.08204602118683, 4.929151408909515], [114.08365117909301, 4.927835449779376], [114.1145767977115, 4.904518973691685], [114.12015836871736, 4.900600718299532], [114.14550241632999, 4.8783448987221565], [114.15149991757062, 4.872050027689548], [114.16314161480271, 4.843499337079565], [114.16116894670981, 4.814948646469581], [114.15055439438811, 4.786397955859598], [114.14550241632999, 4.777655803138856], [114.13174783532301, 4.757847265249612], [114.1145767977115, 4.738681666735052], [114.10417568521407, 4.72929657463963], [114.08365117909301, 4.7117233305776], [114.06687929829826, 4.700745884029646], [114.0527255604745, 4.690693444269302], [114.02179994185603, 4.6795802901061005], [113.99087432323753, 4.678282026969307], [113.98656628716535, 4.700745884029646]]]}, "properties": {"fillColor": "#8A2BE2", "fillOpacity": 0.7, "color": "#000000", "weight": 0.2, "stroke": false}}, {"type": "Feature", "geometry": {"type": "Polygon", "coordinates": [[[115.35160154245116, 4.688376352848595], [115.38252716106965, 4.68362230868059], [115.41345277968813, 4.683794729519512], [115.44437839830663, 4.689209979316706], [115.46642121882, 4.700745884029646], [115.47530401692511, 4.701700637636228], [115.5062296355436, 4.706824925240126], [115.53214507317877, 4.72929657463963], [115.5371552541621, 4.73051143927278], [115.56808087278058, 4.733882197305505], [115.59900649139908, 4.74473408194117], [115.61321046675684, 4.757847265249613], [115.62993211001756, 4.761477991341525], [115.66085772863605, 4.765706370252004], [115.69178334725456, 4.772675052530571], [115.72270896587304, 4.76991663475644], [115.75363458449154, 4.766819297547223], [115.78456020311002, 4.766568400484143], [115.81548582172852, 4.764735346305772], [115.84641144034701, 4.761168473059698], [115.8773370589655, 4.7585792467433725], [115.88493432776714, 4.757847265249613], [115.90826267758399, 4.742790051653641], [115.93918829620247, 4.7391727263242975], [115.97011391482097, 4.739808080354502], [116.00103953343947, 4.745927835550628], [116.02044984560814, 4.757847265249613], [116.03196515205795, 4.7595055183248025], [116.06289077067643, 4.768046164150341], [116.09017491958639, 4.786397955859597], [116.09381638929493, 4.787462783293195], [116.12474200791343, 4.804819539536988], [116.1354602848495, 4.814948646469581], [116.15414750996942, 4.843499337079565], [116.15566762653192, 4.847253083365848], [116.17746984377426, 4.872050027689548], [116.18315890791027, 4.900600718299532], [116.1865932451504, 4.923080719845198], [116.19197620741248, 4.929151408909515], [116.19630595729092, 4.9577020995195], [116.19232207092293, 4.986252790129482], [116.18659324515042, 4.997997731048607], [116.1822051757483, 5.014803480739467], [116.15566762653192, 5.039799914973163], [116.13391102204227, 5.04335417134945], [116.12474200791343, 5.046365306679559], [116.09381638929493, 5.062135394040377], [116.06289077067643, 5.067418277536136], [116.03196515205795, 5.067062731240424], [116.00103953343947, 5.061729391050564], [115.98113581046931, 5.04335417134945], [115.97011391482097, 5.039817331932293], [115.93918829620247, 5.0211168341570716], [115.91388218873024, 5.04335417134945], [115.90826267758399, 5.0485421330227656], [115.8773370589655, 5.070640609175996], [115.87081338361043, 5.071904861959434], [115.84641144034703, 5.088999435193207], [115.81548582172852, 5.094432088580238], [115.78456020311003, 5.095559188218264], [115.75363458449154, 5.09843145743878], [115.72270896587304, 5.097851973698619], [115.69178334725456, 5.098012257774528], [115.66085772863606, 5.097763622071572], [115.62993211001756, 5.096833864238512], [115.59900649139908, 5.093949187142074], [115.56808087278057, 5.080888094390152], [115.558350389413, 5.071904861959434], [115.53715525416209, 5.063532423851856], [115.5111140737807, 5.043354171349449], [115.5062296355436, 5.041189156583724], [115.47530401692511, 5.021334832061688], [115.46745000234066, 5.014803480739467], [115.44437839830663, 5.0073371089845065], [115.41661662824613, 4.986252790129483], [115.41345277968813, 4.985246231460046], [115.38252716106965, 4.980188458278724], [115.38003211882607, 4.986252790129482], [115.37682602931827, 5.014803480739467], [115.36882210652874, 5.04335417134945], [115.35160154245115, 5.059252284922346], [115.34226994634481, 5.071904861959434], [115.32067592383265, 5.091840574915582], [115.30749136553834, 5.100455552569418], [115.28975030521417, 5.116834190961662], [115.28099310397167, 5.1290062431794015], [115.28975030521417, 5.143804596582548], [115.31816979440052, 5.157556933789385], [115.32067592383265, 5.158187394264697], [115.35160154245115, 5.160165680001951], [115.38252716106965, 5.16007529502351], [115.39888739828638, 5.157556933789385], [115.41345277968813, 5.1511982713686715], [115.44437839830664, 5.147770651490433], [115.4753040169251, 5.151785213675756], [115.49160250867186, 5.157556933789385], [115.5062296355436, 5.167690866881492], [115.5152727044987, 5.1861076243993685], [115.51778951766237, 5.214658315009352], [115.51226916558267, 5.243209005619336], [115.5062296355436, 5.2537779325271305], [115.49432450488985, 5.271759696229319], [115.47530401692512, 5.283107892005189], [115.44437839830663, 5.297484033204932], [115.43750974537856, 5.300310386839303], [115.41345277968813, 5.3130554807816415], [115.388955330904, 5.328861077449287], [115.38252716106965, 5.334795596994163], [115.35160154245115, 5.356790184276509], [115.35066952572264, 5.35741176805927], [115.32067592383265, 5.380981670599747], [115.28975030521417, 5.384940351214155], [115.28492071180125, 5.385962458669254], [115.25882468659569, 5.40282020484576], [115.22789906797718, 5.407364094485827], [115.1969734493587, 5.411316138758152], [115.1660478307402, 5.414294070871014], [115.13512221212171, 5.413453701362266], [115.10419659350322, 5.405896683891674], [115.07327097488471, 5.394647869075801], [115.05793300105417, 5.385962458669254], [115.04234535626624, 5.382648205246747], [115.01141973764774, 5.3699637767212725], [114.99687590087717, 5.35741176805927], [114.98049411902926, 5.350801097369728], [114.9550271420033, 5.328861077449287], [114.94956850041076, 5.325152904872153], [114.91864288179225, 5.312671312777017], [114.90525373872237, 5.300310386839303], [114.88771726317378, 5.290574857953207], [114.85679164455529, 5.279502810517923], [114.8456153989471, 5.271759696229319], [114.8258660259368, 5.264327531871599], [114.79494040731831, 5.244259269351102], [114.79375423040273, 5.243209005619337], [114.76401478869982, 5.22554854946063], [114.75253383354976, 5.214658315009352], [114.73308917008131, 5.199737805083009], [114.7159362789617, 5.1861076243993685], [114.70216355146283, 5.1722871981459], [114.68749738131098, 5.157556933789385], [114.6734476910429, 5.1290062431794015], [114.67123793284435, 5.12162342555186], [114.6551089632629, 5.100455552569418], [114.64711428218479, 5.071904861959434], [114.64246477538254, 5.04335417134945], [114.64031231422585, 5.02920363924944], [114.63103016977855, 5.014803480739467], [114.63100932134658, 4.986252790129483], [114.64031231422585, 4.958438017463761], [114.6404275553008, 4.9577020995195], [114.65790669546627, 4.929151408909515], [114.67123793284435, 4.917530361047448], [114.70216355146283, 4.907616874157833], [114.73308917008131, 4.907766217439521], [114.7640147886998, 4.908611853640166], [114.79494040731831, 4.909486882042265], [114.82586602593682, 4.91053580354708], [114.85679164455529, 4.911589218901727], [114.88771726317378, 4.912932359607613], [114.91864288179227, 4.915225475362927], [114.94956850041076, 4.918003477491123], [114.9707396225063, 4.900600718299533], [114.97333394027741, 4.872050027689548], [114.96909599990076, 4.843499337079565], [114.95943628511806, 4.814948646469581], [114.96339521450943, 4.786397955859598], [114.98049411902926, 4.7704315143398865], [115.00406097175802, 4.757847265249612], [115.01141973764774, 4.753463775884584], [115.04234535626622, 4.752890659578619], [115.06529934047853, 4.757847265249613], [115.07327097488472, 4.758547423603066], [115.10419659350322, 4.767484443876862], [115.13512221212171, 4.772476987345675], [115.16604783074018, 4.784287188658899], [115.16994768257656, 4.786397955859598], [115.1969734493587, 4.789807535469105], [115.22789906797718, 4.800338302605782], [115.24665688767794, 4.814948646469581], [115.25882468659567, 4.817756890739529], [115.28975030521417, 4.827862510994466], [115.29544401893438, 4.814948646469581], [115.29551719839162, 4.786397955859598], [115.2924887364471, 4.757847265249613], [115.30305209168434, 4.72929657463963], [115.32067592383265, 4.705052684980647], [115.32795616191896, 4.700745884029646], [115.35160154245116, 4.688376352848595]]]}, "properties": {"fillColor": "#8A2BE2", "fillOpacity": 0.7, "color": "#000000", "weight": 0.2, "stroke": false}}, {"type": "Feature", "geometry": {"type": "Polygon", "coordinates": [[[115.44471359912309, 4.843499337079566], [115.44437839830663, 4.844668295398291], [115.43974233913734, 4.872050027689548], [115.44437839830663, 4.878942755919555], [115.45997005680331, 4.900600718299532], [115.47530401692511, 4.911840820823709], [115.50622963554362, 4.928416817684018], [115.50756238723663, 4.929151408909515], [115.53715525416212, 4.945709221051127], [115.55843784175654, 4.9577020995195], [115.56808087278058, 4.963776540811216], [115.59900649139908, 4.980250030741442], [115.61394455802716, 4.986252790129483], [115.62993211001756, 4.992859904775155], [115.66085772863605, 5.000534953568259], [115.69178334725456, 5.006266782874654], [115.72270896587304, 5.011162179044204], [115.75363458449154, 5.01395847374575], [115.78456020311002, 5.014513162287222], [115.81548582172852, 5.012128249096559], [115.846411440347, 5.0028303128029945], [115.87031780582049, 4.986252790129483], [115.8773370589655, 4.9817686856439005], [115.90265770191586, 4.957702099519499], [115.90826267758399, 4.938692940263623], [115.93488849125251, 4.929151408909515], [115.93918829620249, 4.927937850065793], [115.94347808982685, 4.929151408909515], [115.97011391482098, 4.935232960326263], [116.00103953343947, 4.938796913808204], [116.03080041259628, 4.929151408909515], [116.03196515205794, 4.925682311301954], [116.03573145525462, 4.900600718299532], [116.03196515205795, 4.895847989975852], [116.00888534142008, 4.872050027689548], [116.00103953343947, 4.867492666844026], [115.97011391482097, 4.853963250141941], [115.93918829620247, 4.847424816849605], [115.90826267758399, 4.851459559051731], [115.87733705896548, 4.854253052753076], [115.84641144034701, 4.849453271016674], [115.81548582172852, 4.847206964227444], [115.78456020311002, 4.8492709129029565], [115.75363458449154, 4.855284684809983], [115.72270896587304, 4.8681688149361175], [115.71274662942365, 4.872050027689548], [115.69178334725456, 4.878614041556169], [115.66085772863606, 4.879638490257699], [115.62993211001755, 4.874153432673513], [115.62377085603894, 4.872050027689548], [115.59900649139908, 4.862154395876453], [115.5680808727806, 4.849686883321171], [115.5529422561044, 4.843499337079566], [115.5371552541621, 4.836442536203833], [115.5062296355436, 4.827648209587199], [115.4753040169251, 4.8269502424743695], [115.44471359912309, 4.843499337079566]]]}, "properties": {"fillColor": "#8A2BE2", "fillOpacity": 0.7, "color": "#000000", "weight": 0.2, "stroke": false}}, {"type": "Feature", "geometry": {"type": "Polygon", "coordinates": [[[114.36198174665942, 5.0919311735431405], [114.39290736527794, 5.09368504735209], [114.39669829250698, 5.100455552569418], [114.39290736527792, 5.1064334467357515], [114.36198174665942, 5.104271831325371], [114.35860574967481, 5.100455552569418], [114.36198174665942, 5.0919311735431405]]]}, "properties": {"fillColor": "#8A2BE2", "fillOpacity": 0.7, "color": "#000000", "weight": 0.2, "stroke": false}}, {"type": "Feature", "geometry": {"type": "Polygon", "coordinates": [[[115.22789906797718, 5.776566497933381], [115.25882468659567, 5.760207597713603], [115.28975030521417, 5.764108934394618], [115.31373480152318, 5.7856721272090255], [115.32067592383265, 5.79672943885145], [115.33319164539685, 5.81422281781901], [115.34248848536984, 5.8427735084289925], [115.34720946873365, 5.871324199038976], [115.35160154245116, 5.895404093065551], [115.35776975968815, 5.89987488964896], [115.37460367775621, 5.928425580258944], [115.38252716106965, 5.941753262191979], [115.3836070897031, 5.928425580258944], [115.38348670100099, 5.8998748896489595], [115.38252716106965, 5.874234822498324], [115.38011507075832, 5.871324199038977], [115.38252716106965, 5.853090150204463], [115.38263983891504, 5.8427735084289925], [115.38530607709473, 5.814222817819009], [115.41345277968813, 5.791139244639536], [115.44437839830663, 5.789957941412044], [115.47530401692511, 5.793751866858365], [115.5062296355436, 5.812656779381941], [115.50792594153172, 5.814222817819009], [115.53715525416212, 5.830558407812431], [115.55038644174402, 5.8427735084289925], [115.5680808727806, 5.861986725138751], [115.5781950644351, 5.871324199038976], [115.59701635730484, 5.8998748896489595], [115.59900649139908, 5.903816958469765], [115.62325656366993, 5.928425580258944], [115.62993211001756, 5.940427713910484], [115.6478572232197, 5.956976270868927], [115.66080722537023, 5.985526961478911], [115.66085772863606, 5.9856434959354425], [115.6869006498918, 6.014077652088894], [115.69178334725456, 6.036071735091622], [115.69705478715487, 6.042628342698877], [115.71690663645401, 6.071179033308862], [115.72270896587304, 6.086377210826708], [115.73717217914962, 6.099729723918845], [115.751847814869, 6.128280414528829], [115.75363458449154, 6.134205218567594], [115.77136623088577, 6.156831105138813], [115.7814107828979, 6.185381795748796], [115.78456020311002, 6.205299433711349], [115.79070144507692, 6.213932486358781], [115.80693277422486, 6.242483176968763], [115.81160870615486, 6.271033867578748], [115.81548582172852, 6.285051580361167], [115.83122769416957, 6.299584558188731], [115.84432084258897, 6.328135248798715], [115.846411440347, 6.335891571760115], [115.86315346048895, 6.356685939408698], [115.87325980061289, 6.385236630018682], [115.87673862545452, 6.413787320628666], [115.87733705896548, 6.4316721030569814], [115.88042137211498, 6.4423380112386495], [115.89471115627651, 6.470888701848633], [115.89825947891552, 6.499439392458617], [115.89653208031581, 6.5279900830686], [115.88376175111544, 6.556540773678584], [115.8773370589655, 6.563139212018892], [115.86898438955615, 6.585091464288567], [115.846411440347, 6.605138860375457], [115.84022360447781, 6.613642154898551], [115.81548582172852, 6.64107434412636], [115.81466192347996, 6.642192845508535], [115.78929002477524, 6.670743536118518], [115.78456020311002, 6.675110131874289], [115.75363458449154, 6.699123182446619], [115.75323584122353, 6.699294226728503], [115.72270896587304, 6.720452323214305], [115.69344653371168, 6.727844917338484], [115.69178334725456, 6.729380379653727], [115.66085772863606, 6.74164883299856], [115.62993211001756, 6.744986586451169], [115.59900649139908, 6.748496068692358], [115.58292330409847, 6.75639560794847], [115.56808087278058, 6.776159696818466], [115.56482219807364, 6.784946298558453], [115.5371552541621, 6.813013560313554], [115.53663370452166, 6.813496989168437], [115.5062296355436, 6.838648357740137], [115.49187711778715, 6.84204767977842], [115.4753040169251, 6.852129103391157], [115.44437839830664, 6.854295298917222], [115.41345277968813, 6.849146888327127], [115.3979157265287, 6.84204767977842], [115.38252716106965, 6.840679044253323], [115.35160154245115, 6.836759212099029], [115.32067592383265, 6.835209731742608], [115.30200327218677, 6.842047679778421], [115.28975030521417, 6.853314144654735], [115.26936695058254, 6.870598370388404], [115.25882468659569, 6.880593797385403], [115.23859854184056, 6.899149060998388], [115.22789906797718, 6.908887651705207], [115.1969734493587, 6.924876018691469], [115.1660478307402, 6.926016585182682], [115.13512221212171, 6.92273240012527], [115.10419659350322, 6.914227985470855], [115.08810238440762, 6.899149060998388], [115.07327097488474, 6.890555281134089], [115.04260824900157, 6.870598370388404], [115.04234535626624, 6.870384412652691], [115.01141973764773, 6.842316764052933], [115.01032373944416, 6.84204767977842], [114.98049411902926, 6.8148440231131815], [114.97753687831533, 6.84204767977842], [114.96830126176053, 6.870598370388404], [114.94956850041078, 6.888061015910412], [114.91864288179227, 6.899027905339252], [114.9183319851623, 6.899149060998388], [114.9024584686459, 6.9276997516083725], [114.9134628808282, 6.956250442218355], [114.91668188375093, 6.984801132828339], [114.91725275406398, 7.013351823438322], [114.9161165921908, 7.0419025140483065], [114.91380202294518, 7.070453204658289], [114.91864288179227, 7.086099259613983], [114.93788878033766, 7.0990038952682735], [114.946410063501, 7.127554585878256], [114.94956850041076, 7.143141541429241], [114.95109291789038, 7.127554585878257], [114.95375039517178, 7.0990038952682735], [114.95848545446322, 7.070453204658289], [114.9611016134194, 7.0419025140483065], [114.98049411902926, 7.024179246035553], [114.99668411747659, 7.0419025140483065], [115.01141973764774, 7.057002212921242], [115.02467307883452, 7.070453204658289], [115.04204825022121, 7.0990038952682735], [115.04234535626624, 7.099645022430796], [115.0664202910219, 7.127554585878257], [115.07327097488472, 7.1331100255163635], [115.10419659350322, 7.13412469358489], [115.13512221212171, 7.136035394442468], [115.1660478307402, 7.147987578641627], [115.17484078188433, 7.1561052764882405], [115.1969734493587, 7.17095788571398], [115.21492667898343, 7.184655967098225], [115.22619497579313, 7.2132066577082075], [115.22789906797718, 7.216391116354271], [115.24841584723235, 7.241757348318192], [115.25830431897317, 7.270308038928175], [115.25882468659569, 7.27174775102854], [115.27692332981758, 7.298858729538159], [115.28975030521417, 7.32108403179463], [115.29660185744129, 7.327409420148142], [115.32067592383265, 7.344121661919919], [115.33666785458759, 7.355960110758126], [115.35160154245114, 7.3654097359735875], [115.38147776841122, 7.38451080136811], [115.38252716106965, 7.385263017596468], [115.40905752985208, 7.413061491978093], [115.41345277968813, 7.419923206451338], [115.42817747419319, 7.441612182588077], [115.44067490061366, 7.470162873198061], [115.44437839830663, 7.479170135618709], [115.45954433211051, 7.498713563808044], [115.46867065881703, 7.527264254418029], [115.47530401692511, 7.55363198048587], [115.47675059777403, 7.555814945028011], [115.49231907143874, 7.584365635637996], [115.50385916442782, 7.612916326247979], [115.5062296355436, 7.617377409973993], [115.52702269380012, 7.641467016857963], [115.5371552541621, 7.6642355592353635], [115.54167625525582, 7.670017707467947], [115.56315708579415, 7.69856839807793], [115.56808087278058, 7.702913395827569], [115.59900649139907, 7.722223883313674], [115.6064059473131, 7.727119088687914], [115.62993211001756, 7.73350416220474], [115.66085772863605, 7.755352030376676], [115.66134639658692, 7.755669779297897], [115.69178334725456, 7.761655721081126], [115.72270896587303, 7.783396704807796], [115.72358411160184, 7.784220469907881], [115.75363458449152, 7.793172720963986], [115.78456020311002, 7.808567373902328], [115.78911367270561, 7.812771160517864], [115.81548582172852, 7.834486575623419], [115.82288967497641, 7.841321851127848], [115.83459156037932, 7.869872541737832], [115.8339750731513, 7.898423232347815], [115.82065120559378, 7.926973922957799], [115.81548582172852, 7.931762350042214], [115.7857171727854, 7.955524613567783], [115.78456020311002, 7.956587650225135], [115.75363458449155, 7.974481953349702], [115.72270896587304, 7.983088729042821], [115.71541760455803, 7.984075304177766], [115.69178334725456, 7.994007237494606], [115.66085772863606, 7.9989359965231], [115.62993211001756, 8.001483212998211], [115.59900649139908, 8.005878057149657], [115.56808087278058, 8.005162853687061], [115.5371552541621, 8.002522860287531], [115.5062296355436, 7.999786306482854], [115.47530401692511, 7.999146668019114], [115.44437839830664, 7.997408966183703], [115.41345277968813, 7.993768381977874], [115.38252716106965, 7.985796039467169], [115.3788624227277, 7.984075304177766], [115.35160154245115, 7.98084529821673], [115.32067592383265, 7.971585857763372], [115.28975030521416, 7.956418043918256], [115.28820727826897, 7.955524613567783], [115.25882468659567, 7.949948014530542], [115.22789906797718, 7.941007723784049], [115.21219800358934, 7.926973922957799], [115.1969734493587, 7.923392777987741], [115.17854458447924, 7.926973922957799], [115.1660478307402, 7.937313861780766], [115.13512221212171, 7.950070978299651], [115.12280513260202, 7.955524613567782], [115.10419659350322, 7.971230222985277], [115.07327097488472, 7.98129889529294], [115.05710648663498, 7.9840753041777655], [115.04234535626625, 7.990559215221926], [115.01141973764774, 8.009725857488405], [115.00850652882514, 8.01262599478775], [114.98500272255352, 8.041176685397733], [114.98049411902927, 8.049119202705263], [114.97260170025831, 8.069727376007718], [114.94956850041078, 8.092378873816436], [114.9415218646536, 8.098278066617702], [114.91864288179227, 8.115060674570167], [114.88771726317378, 8.112734481801692], [114.87295330564328, 8.098278066617702], [114.85679164455529, 8.078514309499596], [114.84929177445957, 8.069727376007718], [114.83284817832428, 8.041176685397733], [114.82586602593682, 8.024257381861604], [114.82008249837534, 8.01262599478775], [114.81096566791184, 7.984075304177766], [114.80590135236673, 7.955524613567782], [114.80843581072503, 7.926973922957799], [114.81294662013883, 7.898423232347814], [114.81798859472019, 7.869872541737832], [114.82241248530644, 7.841321851127849], [114.82409849109906, 7.812771160517864], [114.82157261635199, 7.784220469907881], [114.8062527353836, 7.7556697792978975], [114.80501740405006, 7.727119088687914], [114.81223562450165, 7.69856839807793], [114.81703421020651, 7.670017707467947], [114.813903677833, 7.6414670168579635], [114.79494040731831, 7.623868864904941], [114.78636184106101, 7.612916326247979], [114.76401478869982, 7.590812036314005], [114.7583676195254, 7.584365635637995], [114.75454258244928, 7.555814945028011], [114.76155704212586, 7.527264254418029], [114.76401478869981, 7.52451285114792], [114.79494040731831, 7.509349273381576], [114.8258660259368, 7.512265106501504], [114.84665586302717, 7.527264254418029], [114.85063081450855, 7.555814945028011], [114.84949006798362, 7.584365635637996], [114.85679164455527, 7.604128330548086], [114.86017104481475, 7.612916326247979], [114.86495879562875, 7.641467016857963], [114.87388635948076, 7.670017707467947], [114.88771726317378, 7.684057845020645], [114.90552269793972, 7.69856839807793], [114.91864288179227, 7.70674562462661], [114.92257360542914, 7.69856839807793], [114.93754150176295, 7.670017707467946], [114.94956850041076, 7.652276257715462], [114.9515957332431, 7.641467016857963], [114.95404769125345, 7.612916326247978], [114.94966160284521, 7.584365635637996], [114.94956850041076, 7.58410477891234], [114.92334568501354, 7.555814945028011], [114.91864288179227, 7.5487483644658075], [114.8975632918739, 7.527264254418029], [114.88912546239494, 7.498713563808044], [114.8882917999831, 7.470162873198061], [114.88996504136023, 7.441612182588077], [114.8941384847701, 7.413061491978093], [114.90537664350552, 7.38451080136811], [114.91864288179227, 7.371176271206304], [114.92210152241599, 7.355960110758126], [114.91864288179227, 7.332875508712968], [114.91342476453362, 7.3274094201481415], [114.8965755692212, 7.298858729538159], [114.91136849523758, 7.2703080389281745], [114.91864288179227, 7.257763163480483], [114.92190004383386, 7.241757348318192], [114.93000951407744, 7.2132066577082075], [114.91864288179227, 7.198419151264483], [114.89552907188822, 7.213206657708208], [114.88771726317378, 7.219927941568819], [114.85679164455529, 7.227941461792424], [114.8258660259368, 7.21883049531691], [114.81225092426934, 7.241757348318192], [114.81286157980759, 7.2703080389281745], [114.81773846704985, 7.298858729538159], [114.82315620896301, 7.327409420148142], [114.82586602593682, 7.35237974519514], [114.8287442659531, 7.355960110758125], [114.83697001219676, 7.38451080136811], [114.82739497059652, 7.413061491978093], [114.8258660259368, 7.415179444746474], [114.82059629144713, 7.441612182588077], [114.79494040731831, 7.468811335530641], [114.7915879581138, 7.470162873198061], [114.76401478869981, 7.4877132193654194], [114.73308917008133, 7.476098387255609], [114.72682251863277, 7.470162873198061], [114.70216355146283, 7.45871875010831], [114.68165851974547, 7.441612182588077], [114.67139774918091, 7.413061491978093], [114.67123793284435, 7.412728083689387], [114.6460852424356, 7.38451080136811], [114.64031231422585, 7.378568483546172], [114.61582331240173, 7.355960110758126], [114.60938669560736, 7.354801990599658], [114.57846107698887, 7.348657096439233], [114.55544595828356, 7.327409420148142], [114.54753545837038, 7.323199988179027], [114.52071324676211, 7.298858729538159], [114.51660983975188, 7.285966671751719], [114.50059181967967, 7.270308038928175], [114.48622369226104, 7.241757348318192], [114.4856842211334, 7.240872018681331], [114.45646566996977, 7.2132066577082075], [114.4547586025149, 7.208416986741717], [114.42902107337703, 7.184655967098225], [114.42428910779498, 7.1561052764882405], [114.42383298389643, 7.151033674030456], [114.40166740809073, 7.127554585878258], [114.39663019501124, 7.0990038952682735], [114.39466576500233, 7.070453204658289], [114.39290736527792, 7.053494383060437], [114.38219981780011, 7.070453204658289], [114.38283423580455, 7.0990038952682735], [114.37414837228732, 7.127554585878258], [114.36198174665942, 7.141051520089384], [114.33105612804093, 7.137188179822269], [114.32130682611276, 7.127554585878256], [114.30013050942244, 7.1018582123526], [114.29718759103356, 7.099003895268273], [114.28817944429208, 7.070453204658289], [114.28279829021596, 7.0419025140483065], [114.30013050942244, 7.020639163338783], [114.30629275182434, 7.013351823438322], [114.33105612804096, 6.9929477179670805], [114.3607062240718, 7.013351823438322], [114.36198174665944, 7.015544086443572], [114.36234681287483, 7.013351823438322], [114.3647362726336, 6.984801132828339], [114.36346194608205, 6.956250442218355], [114.36252751386846, 6.927699751608372], [114.36217648341598, 6.899149060998388], [114.36292770894953, 6.870598370388404], [114.3632421134696, 6.84204767977842], [114.36198174665941, 6.820479439128161], [114.35441847656459, 6.813496989168437], [114.33789108969066, 6.784946298558452], [114.33342317776007, 6.75639560794847], [114.33204953446726, 6.727844917338485], [114.33185759813145, 6.699294226728503], [114.33250458243684, 6.670743536118518], [114.33452338921815, 6.642192845508535], [114.33888389367256, 6.613642154898551], [114.34664609325438, 6.585091464288567], [114.36198174665944, 6.570933509970152], [114.37810489650234, 6.556540773678584], [114.39290736527792, 6.54287505816003], [114.42383298389642, 6.5351938966383525], [114.45008537361468, 6.5279900830686], [114.45475860251491, 6.523968927221105], [114.4856842211334, 6.514863596132113], [114.51660983975188, 6.5145479100688615], [114.542849690834, 6.5279900830686], [114.54753545837038, 6.528674144972162], [114.54968100627447, 6.5279900830686], [114.5608213849634, 6.4994393924586165], [114.57663845840041, 6.470888701848633], [114.57846107698887, 6.469206050967449], [114.5838457279469, 6.442338011238649], [114.59287095689764, 6.413787320628666], [114.59036044838766, 6.385236630018682], [114.58145137088925, 6.356685939408698], [114.5800535003434, 6.328135248798715], [114.57846107698887, 6.305740193732673], [114.57391134444548, 6.29958455818873], [114.57846107698887, 6.289063114905689], [114.57921407519456, 6.271033867578748], [114.58230560827093, 6.242483176968763], [114.58808233206886, 6.213932486358781], [114.60938669560736, 6.189530697364142], [114.61042905816721, 6.185381795748796], [114.62080599489161, 6.156831105138813], [114.64031231422585, 6.136799684379277], [114.64745748190431, 6.128280414528829], [114.67123793284435, 6.106872017977138], [114.70216355146283, 6.100882633801599], [114.70920902412088, 6.099729723918845], [114.73308917008133, 6.081324075242783], [114.76401478869981, 6.07441893598899], [114.79282460435601, 6.071179033308862], [114.79494040731831, 6.069225713101654], [114.8258660259368, 6.046853405762102], [114.85679164455529, 6.046224639110073], [114.88771726317378, 6.0498353679270815], [114.91864288179227, 6.058102200546474], [114.94224611311165, 6.071179033308862], [114.94956850041076, 6.071827733429175], [114.98049411902926, 6.077766558271008], [115.00421523513516, 6.099729723918845], [115.01141973764774, 6.1013196180807325], [115.02293821024185, 6.099729723918845], [115.04234535626624, 6.0824512231245205], [115.07327097488472, 6.072130907548731], [115.07682773090913, 6.071179033308862], [115.10419659350322, 6.04991935507512], [115.13512221212171, 6.043395463555636], [115.13763053503317, 6.042628342698878], [115.1660478307402, 6.020030785131352], [115.19421603886617, 6.014077652088894], [115.1969734493587, 6.012005154515707], [115.2165174255127, 5.985526961478911], [115.21187126568088, 5.956976270868927], [115.20464697319805, 5.928425580258944], [115.20309968084518, 5.8998748896489595], [115.20247951049757, 5.871324199038976], [115.20368155953913, 5.8427735084289925], [115.20582802071223, 5.81422281781901], [115.21803600644543, 5.7856721272090255], [115.22789906797718, 5.776566497933381]]]}, "properties": {"fillColor": "#8A2BE2", "fillOpacity": 0.7, "color": "#000000", "weight": 0.2, "stroke": false}}, {"type": "Feature", "geometry": {"type": "Polygon", "coordinates": [[[115.51376977463089, 6.0140776520888934], [115.51548641522669, 6.042628342698878], [115.51816642450467, 6.071179033308862], [115.5192670036667, 6.099729723918845], [115.51983671160593, 6.128280414528829], [115.52285847363825, 6.156831105138813], [115.5371552541621, 6.17753711961307], [115.54223807923289, 6.185381795748795], [115.56808087278057, 6.2090446682861415], [115.57323013985595, 6.213932486358781], [115.59900649139908, 6.240589572876804], [115.60162839228207, 6.242483176968763], [115.61996958189681, 6.271033867578748], [115.59900649139908, 6.292515736898819], [115.56808087278058, 6.293318939244926], [115.53715525416212, 6.288595878016918], [115.5062296355436, 6.28334021216604], [115.47530401692511, 6.2773173413758565], [115.44719959992624, 6.271033867578748], [115.44437839830663, 6.26877338281258], [115.41901986923581, 6.242483176968763], [115.44437839830663, 6.220854550632392], [115.45218440508332, 6.213932486358781], [115.46676791441202, 6.185381795748796], [115.44437839830663, 6.163617538120906], [115.43559652188044, 6.156831105138813], [115.41345277968813, 6.149675964329826], [115.38252716106965, 6.149640752671219], [115.36531645691494, 6.156831105138814], [115.35160154245116, 6.166497290320844], [115.33048797919568, 6.185381795748796], [115.32067592383265, 6.190880513433354], [115.28975030521417, 6.191781355281378], [115.26990059135298, 6.185381795748796], [115.25882468659567, 6.172053500485212], [115.25259202110024, 6.156831105138813], [115.25305907113895, 6.128280414528829], [115.22789906797718, 6.118222675832527], [115.1969734493587, 6.123978503365477], [115.18633110114283, 6.128280414528829], [115.16604783074021, 6.133945680540504], [115.13512221212171, 6.142628089300263], [115.10419659350322, 6.152559046299097], [115.0955636815634, 6.156831105138812], [115.07327097488472, 6.163862921788899], [115.04234535626624, 6.175553627490729], [115.01141973764774, 6.171781526332154], [114.98049411902927, 6.161980476661293], [114.96141409946125, 6.156831105138813], [114.94956850041076, 6.15111248147496], [114.91864288179227, 6.1432052723048844], [114.88771726317378, 6.138771880151259], [114.85679164455529, 6.133329812051152], [114.8258660259368, 6.1338149477998005], [114.79494040731831, 6.143506555718701], [114.76590739958047, 6.156831105138812], [114.76401478869981, 6.157503882287475], [114.73308917008133, 6.170762567139778], [114.71373553574315, 6.185381795748796], [114.70216355146283, 6.196845247199218], [114.68800945234128, 6.213932486358781], [114.67574423717093, 6.242483176968763], [114.67200478495289, 6.271033867578747], [114.67484416765205, 6.299584558188732], [114.68131658672138, 6.328135248798715], [114.68354507225428, 6.356685939408698], [114.68088368221065, 6.385236630018682], [114.67724709571505, 6.413787320628666], [114.67221961063166, 6.4423380112386495], [114.67123793284435, 6.445330787901649], [114.6555487194309, 6.470888701848633], [114.64174739661479, 6.499439392458617], [114.64031231422585, 6.503385415678716], [114.62689420890902, 6.5279900830686], [114.61979656452678, 6.556540773678585], [114.61726822252325, 6.585091464288566], [114.61621555746481, 6.613642154898551], [114.61504483805854, 6.642192845508535], [114.61005676780277, 6.670743536118518], [114.60938669560736, 6.672354315533896], [114.57846107698887, 6.685432446023602], [114.55649451397035, 6.670743536118518], [114.54753545837038, 6.661774753011856], [114.52309926993343, 6.642192845508534], [114.51660983975188, 6.637485067872872], [114.4856842211334, 6.637074491733878], [114.47536457360718, 6.642192845508535], [114.45475860251489, 6.651259718512974], [114.43548980263915, 6.670743536118518], [114.42383298389642, 6.6983311208750305], [114.42338654112821, 6.699294226728503], [114.41891970322305, 6.727844917338485], [114.42184595613159, 6.75639560794847], [114.42383298389643, 6.766185720477825], [114.42527448228132, 6.784946298558453], [114.42796127562855, 6.813496989168437], [114.42983047243231, 6.84204767977842], [114.4302971305827, 6.870598370388404], [114.4311849454589, 6.899149060998388], [114.4330317402098, 6.927699751608371], [114.4349486542879, 6.956250442218355], [114.43642337057854, 6.984801132828339], [114.4386171491417, 7.013351823438322], [114.44338970236166, 7.0419025140483065], [114.44830748196638, 7.070453204658289], [114.45475860251491, 7.090255880508978], [114.4555092114308, 7.099003895268274], [114.46020780178443, 7.127554585878256], [114.47283362020329, 7.1561052764882405], [114.4856842211334, 7.171310015494928], [114.49232894196743, 7.184655967098225], [114.51660983975188, 7.210776109125782], [114.51846001867824, 7.2132066577082075], [114.54351212353957, 7.241757348318192], [114.54753545837038, 7.245944704463046], [114.56941206508886, 7.270308038928175], [114.57846107698887, 7.278717321797615], [114.60938669560737, 7.297073220954079], [114.61640007514893, 7.298858729538159], [114.64031231422585, 7.311339812113781], [114.67123793284435, 7.319081933857451], [114.70216355146283, 7.318689911576424], [114.72525563219916, 7.298858729538159], [114.73308917008133, 7.284696213125818], [114.7399022779459, 7.270308038928176], [114.74929507906938, 7.241757348318192], [114.75410319431037, 7.2132066577082075], [114.7579586943754, 7.184655967098224], [114.76229374334876, 7.15610527648824], [114.76343701840243, 7.127554585878257], [114.76401478869982, 7.111229812908665], [114.76597116631173, 7.0990038952682735], [114.77685093684633, 7.070453204658289], [114.7865566279803, 7.0419025140483065], [114.7938492691351, 7.013351823438322], [114.79494040731831, 6.998437361726133], [114.79617309198571, 6.984801132828339], [114.79494040731831, 6.978815781446892], [114.79198295263974, 6.956250442218355], [114.78421561548973, 6.927699751608371], [114.77408473022169, 6.899149060998388], [114.76401478869981, 6.882022151498855], [114.75951447907885, 6.870598370388404], [114.74562209878464, 6.842047679778419], [114.73308917008133, 6.822403627764765], [114.72939200665, 6.813496989168436], [114.72510617005472, 6.784946298558452], [114.73308917008133, 6.763098125742533], [114.7408755932524, 6.75639560794847], [114.76401478869981, 6.749229301832498], [114.79494040731831, 6.739978220719531], [114.8258660259368, 6.7350221753109025], [114.85679164455529, 6.732711854875662], [114.87808494342231, 6.727844917338485], [114.88771726317378, 6.726909477996289], [114.91864288179227, 6.719046580704483], [114.94956850041078, 6.703817909397396], [114.95590002950937, 6.699294226728503], [114.98049411902926, 6.6811903589274255], [114.99322053857259, 6.670743536118518], [115.01141973764774, 6.655057569251147], [115.03003124245006, 6.642192845508534], [115.04234535626625, 6.636920307858055], [115.07327097488471, 6.61970462507405], [115.08171641607876, 6.613642154898551], [115.10419659350322, 6.600818878653817], [115.12445639954754, 6.585091464288567], [115.13512221212171, 6.577298841827522], [115.1614473297975, 6.556540773678584], [115.1660478307402, 6.552941758499683], [115.1969734493587, 6.530401253551785], [115.20117668289544, 6.5279900830686], [115.22789906797718, 6.514371625016552], [115.25882468659566, 6.504260969342989], [115.28975030521417, 6.517635997651515], [115.29599565418468, 6.5279900830686], [115.30150374942487, 6.556540773678584], [115.30667782242568, 6.585091464288567], [115.31693301387203, 6.613642154898551], [115.32067592383265, 6.62058959181021], [115.33261795800901, 6.642192845508535], [115.35160154245115, 6.668359371104845], [115.35398498652769, 6.670743536118518], [115.38252716106965, 6.693310315785547], [115.40813527426246, 6.699294226728503], [115.41345277968813, 6.700459960404], [115.41660100644195, 6.699294226728503], [115.44437839830663, 6.686265438413214], [115.46161582170298, 6.670743536118518], [115.4753040169251, 6.663619772533579], [115.5062296355436, 6.656055039698067], [115.53715525416212, 6.654831090781462], [115.56808087278058, 6.655263988155304], [115.59900649139908, 6.655414106457077], [115.62993211001756, 6.652407043751444], [115.66085772863606, 6.643751242382568], [115.66412789002845, 6.642192845508535], [115.69178334725456, 6.631162443888533], [115.71552384372633, 6.613642154898551], [115.72270896587304, 6.607226045417842], [115.74352694772003, 6.585091464288566], [115.75363458449152, 6.569224383332587], [115.76315335530373, 6.556540773678584], [115.77574517236792, 6.527990083068601], [115.77855514777215, 6.4994393924586165], [115.77338144020644, 6.470888701848633], [115.7647533641409, 6.442338011238649], [115.75363458449155, 6.41490601298033], [115.75315706036915, 6.413787320628666], [115.7385306309244, 6.385236630018682], [115.72270896587304, 6.3576700767343315], [115.72195724455291, 6.356685939408698], [115.70189590585932, 6.328135248798715], [115.69178334725456, 6.30824848702363], [115.6829461142932, 6.299584558188731], [115.67043190542746, 6.271033867578748], [115.6659857611265, 6.242483176968763], [115.66085772863607, 6.218600080243315], [115.65960527208041, 6.213932486358781], [115.64950951503843, 6.185381795748796], [115.63890328546373, 6.156831105138813], [115.62993211001756, 6.137493828992748], [115.62519805124502, 6.128280414528829], [115.61126481548516, 6.099729723918845], [115.59900649139907, 6.076346666273924], [115.59537663024463, 6.071179033308862], [115.57810779931796, 6.042628342698878], [115.56808087278058, 6.026300287582229], [115.55568795615163, 6.014077652088894], [115.53715525416212, 5.9926946548892515], [115.51376977463089, 6.0140776520888934]]]}, "properties": {"fillColor": "#8A2BE2", "fillOpacity": 0.7, "color": "#000000", "weight": 0.2, "stroke": false}}, {"type": "Feature", "geometry": {"type": "Polygon", "coordinates": [[[116.43399819409834, 5.94219012852235], [116.46492381271682, 5.949622741834464], [116.47311816324456, 5.956976270868927], [116.48119206301794, 5.985526961478911], [116.49452753689972, 6.014077652088894], [116.47801004207918, 6.042628342698878], [116.46492381271685, 6.045840633785126], [116.45121858647383, 6.042628342698878], [116.43399819409834, 6.037600911661693], [116.41477189857977, 6.014077652088894], [116.40325088509307, 5.985526961478911], [116.41071474864489, 5.956976270868927], [116.43399819409834, 5.94219012852235]]]}, "properties": {"fillColor": "#8A2BE2", "fillOpacity": 0.7, "color": "#000000", "weight": 0.2, "stroke": false}}, {"type": "Feature", "geometry": {"type": "Polygon", "coordinates": [[[124.62928712799851, 6.0606649732194695], [124.66021274661699, 6.055764254311985], [124.69113836523546, 6.059531901989143], [124.70482691681474, 6.071179033308862], [124.72206398385399, 6.080219183032057], [124.7426071658287, 6.099729723918845], [124.75298960247247, 6.117431950813208], [124.76340821211119, 6.128280414528829], [124.7605477777219, 6.156831105138813], [124.75298960247245, 6.171667109829924], [124.75067499909468, 6.185381795748796], [124.7430097250004, 6.213932486358781], [124.73448617426207, 6.242483176968763], [124.72206398385396, 6.2585350068342525], [124.70610421066098, 6.271033867578748], [124.69113836523547, 6.280425492366016], [124.66021274661699, 6.295858030345947], [124.6292871279985, 6.299254023544322], [124.59836150938, 6.291455028209728], [124.5783594275245, 6.271033867578748], [124.5674358907615, 6.253643714617769], [124.5583262340403, 6.242483176968763], [124.5458959782658, 6.213932486358781], [124.54053017493897, 6.185381795748796], [124.54484936260914, 6.156831105138813], [124.56139874077874, 6.128280414528829], [124.56743589076152, 6.120949681833508], [124.57766161868372, 6.099729723918845], [124.59836150938, 6.079831752319289], [124.61538969184086, 6.071179033308862], [124.62928712799851, 6.0606649732194695]]]}, "properties": {"fillColor": "#8A2BE2", "fillOpacity": 0.7, "color": "#000000", "weight": 0.2, "stroke": false}}, {"type": "Feature", "geometry": {"type": "Polygon", "coordinates": [[[125.15502264451283, 7.18056756258453], [125.15658219789438, 7.184655967098225], [125.15502264451284, 7.185698785992058], [125.15281162392445, 7.184655967098225], [125.15502264451283, 7.18056756258453]]]}, "properties": {"fillColor": "#8A2BE2", "fillOpacity": 0.7, "color": "#000000", "weight": 0.2, "stroke": false}}, {"type": "Feature", "geometry": {"type": "Polygon", "coordinates": [[[124.47465903490604, 7.692892205522151], [124.48446751451883, 7.69856839807793], [124.50558465352452, 7.709335114582082], [124.52293956348498, 7.727119088687914], [124.52118271607469, 7.7556697792978975], [124.50558465352452, 7.783046374113499], [124.47465903490604, 7.776061184394125], [124.45226985196639, 7.755669779297897], [124.44845428394588, 7.727119088687914], [124.46496587521031, 7.69856839807793], [124.47465903490604, 7.692892205522151]]]}, "properties": {"fillColor": "#8A2BE2", "fillOpacity": 0.7, "color": "#000000", "weight": 0.2, "stroke": false}}, {"type": "Feature", "geometry": {"type": "Polygon", "coordinates": [[[124.87669207694643, 7.763849839986586], [124.90761769556491, 7.772599852871805], [124.92117416770783, 7.784220469907881], [124.9385433141834, 7.796224879539579], [124.96035557359548, 7.812771160517864], [124.9694689328019, 7.820248278002323], [124.99126885201929, 7.841321851127848], [125.00039455142038, 7.853262790361777], [125.03132017003887, 7.857930495939772], [125.06224578865738, 7.842718821013646], [125.0690081438203, 7.841321851127848], [125.09317140727585, 7.8325986141632855], [125.10269207100919, 7.841321851127848], [125.12409702589434, 7.863787710852922], [125.13009402938215, 7.869872541737832], [125.14535126715357, 7.898423232347815], [125.14472449035594, 7.926973922957799], [125.1327364916317, 7.955524613567782], [125.12409702589436, 7.96420573882582], [125.10078620275232, 7.9840753041777655], [125.09317140727586, 7.990444343536558], [125.06224578865738, 7.99974999009294], [125.03132017003888, 7.99514383714501], [125.01810505355877, 7.984075304177766], [125.00039455142038, 7.967767362021403], [124.9889253922274, 7.955524613567784], [124.9694689328019, 7.936647928422339], [124.95650536161165, 7.926973922957799], [124.9385433141834, 7.916982628151444], [124.90837265635261, 7.898423232347815], [124.90761769556491, 7.897808981788391], [124.87970328001688, 7.869872541737832], [124.87669207694643, 7.866358299723258], [124.86001302816803, 7.841321851127848], [124.85772251879636, 7.812771160517864], [124.86185575619501, 7.784220469907881], [124.87669207694643, 7.763849839986586]]]}, "properties": {"fillColor": "#8A2BE2", "fillOpacity": 0.7, "color": "#000000", "weight": 0.2, "stroke": false}}, {"type": "Feature", "geometry": {"type": "Polygon", "coordinates": [[[123.57781609496979, 8.167890390512007], [123.59598188572645, 8.183930138447652], [123.59885164060259, 8.212480829057636], [123.60874171358829, 8.23426743932758], [123.61342635303649, 8.241031519667619], [123.60874171358829, 8.262158776339039], [123.60760961337805, 8.269582210277603], [123.58638102800981, 8.298132900887587], [123.57781609496979, 8.306040091244462], [123.54689047635131, 8.306807335035566], [123.53117108034272, 8.298132900887587], [123.51596588877284, 8.269582210277603], [123.52017231022029, 8.241031519667619], [123.53155067980256, 8.212480829057636], [123.54689047635131, 8.185777710870266], [123.548592359138, 8.183930138447652], [123.57781609496979, 8.167890390512007]]]}, "properties": {"fillColor": "#8A2BE2", "fillOpacity": 0.7, "color": "#000000", "weight": 0.2, "stroke": false}}, {"type": "Feature", "geometry": {"type": "Polygon", "coordinates": [[[123.14485743431092, 8.313017943091689], [123.16730241768911, 8.32668359149757], [123.16735718889174, 8.355234282107554], [123.15525955171285, 8.383784972717539], [123.14485743431092, 8.401564889316731], [123.12143140344668, 8.412335663327521], [123.11393181569242, 8.41489085954258], [123.11069803023184, 8.412335663327521], [123.08478049762473, 8.383784972717539], [123.08300619707393, 8.37583543574765], [123.07779531033378, 8.355234282107553], [123.08300619707394, 8.348845790571428], [123.11393181569242, 8.33052437668596], [123.12191856557499, 8.32668359149757], [123.14485743431092, 8.313017943091689]]]}, "properties": {"fillColor": "#8A2BE2", "fillOpacity": 0.7, "color": "#000000", "weight": 0.2, "stroke": false}}, {"type": "Feature", "geometry": {"type": "Polygon", "coordinates": [[[126.48482424510796, 8.67970436482258], [126.51574986372646, 8.670945409753044], [126.54667548234495, 8.670879733244137], [126.57760110096343, 8.67686050379179], [126.60852671958193, 8.685807088501777], [126.62543632594517, 8.697842569427358], [126.6394523382004, 8.715156491905985], [126.64816171200539, 8.72639326003734], [126.6610261138567, 8.754943950647325], [126.66025961427212, 8.78349464125731], [126.65237721711222, 8.812045331867292], [126.63945233820041, 8.830227722359703], [126.63578738840513, 8.840596022477277], [126.60852671958193, 8.864731041920875], [126.59753115047067, 8.869146713087261], [126.57760110096343, 8.8841323729589], [126.54667548234497, 8.88996169957156], [126.51574986372646, 8.886812422380562], [126.49486920782078, 8.869146713087261], [126.48482424510796, 8.864997111182737], [126.45389862648948, 8.84068048136284], [126.45380714207252, 8.840596022477277], [126.43335356581917, 8.812045331867292], [126.42973683282645, 8.78349464125731], [126.43015528705705, 8.754943950647325], [126.43497748447689, 8.72639326003734], [126.45389862648948, 8.699834648006794], [126.45586409525009, 8.697842569427358], [126.48482424510796, 8.67970436482258]]]}, "properties": {"fillColor": "#8A2BE2", "fillOpacity": 0.7, "color": "#000000", "weight": 0.2, "stroke": false}}, {"type": "Feature", "geometry": {"type": "Polygon", "coordinates": [[[127.28889032918873, 8.744066765723868], [127.31981594780723, 8.737979475062886], [127.35074156642571, 8.734926564569731], [127.38166718504421, 8.733474260670793], [127.4125928036627, 8.730038036428061], [127.44351842228119, 8.726810954873933], [127.47444404089968, 8.726745030759833], [127.50536965951818, 8.727051280783837], [127.53629527813666, 8.727662257602043], [127.56722089675516, 8.728693745742747], [127.59814651537366, 8.732049208672633], [127.62907213399214, 8.739089819189944], [127.65999775261062, 8.74203607731981], [127.69092337122912, 8.74649640950297], [127.72184898984763, 8.753301891953038], [127.72803249096022, 8.754943950647325], [127.7527746084661, 8.757470384191345], [127.78370022708461, 8.763202096201153], [127.80892744427462, 8.78349464125731], [127.81462584570309, 8.7876029044817], [127.83846994225497, 8.812045331867292], [127.84555146432157, 8.818887573509189], [127.86960467227082, 8.840596022477277], [127.87647708294008, 8.844114368402202], [127.90740270155855, 8.854795280654834], [127.93832832017704, 8.867093046073906], [127.94091139539273, 8.869146713087261], [127.96925393879553, 8.881160628008772], [127.99318236855486, 8.897697403697244], [128.00017955741404, 8.904521201978934], [128.01630743532675, 8.926248094307226], [128.0210079786054, 8.95479878491721], [128.01975457377762, 8.983349475527195], [128.01115371154168, 9.011900166137178], [128.00017955741404, 9.024861729858417], [127.99485199476553, 9.040450856747162], [127.98296730601322, 9.069001547357146], [127.96925393879553, 9.08391370165729], [127.9631587716649, 9.097552237967129], [127.95192792139103, 9.126102928577112], [127.93832832017705, 9.140537175265186], [127.9291827650507, 9.154653619187096], [127.90740270155857, 9.17520231077194], [127.89461045040125, 9.18320430979708], [127.87647708294008, 9.19754463058229], [127.84555146432157, 9.20682790784696], [127.82384298172778, 9.211755000407063], [127.81462584570309, 9.217893594206295], [127.78370022708458, 9.224883343428829], [127.7527746084661, 9.227739405978802], [127.72184898984762, 9.229481202542502], [127.69092337122912, 9.231127902730789], [127.66038449437433, 9.24030569101705], [127.65999775261064, 9.240662733007941], [127.62907213399214, 9.249392054095253], [127.59814651537363, 9.256765421258038], [127.56722089675516, 9.266206011167856], [127.5533897020189, 9.268856381627032], [127.53629527813665, 9.275385509018498], [127.50536965951818, 9.289977900153165], [127.4823428027301, 9.297407072237014], [127.47444404089967, 9.302345437719199], [127.44351842228119, 9.318304130380607], [127.4125928036627, 9.32345820725773], [127.40699528599447, 9.325957762846999], [127.40062984834958, 9.354508453456983], [127.40414643103975, 9.383059144066966], [127.41038124835836, 9.411609834676948], [127.4125928036627, 9.431322220225407], [127.41721628493498, 9.440160525286933], [127.43194984399148, 9.468711215896917], [127.43856133613241, 9.4972619065069], [127.44351842228119, 9.525727572580248], [127.44361051940167, 9.525812597116886], [127.46441826184912, 9.554363287726868], [127.46963793409323, 9.582913978336851], [127.47444404089968, 9.606484527406531], [127.47983844484057, 9.611464668946834], [127.49796792924332, 9.640015359556818], [127.50473644091726, 9.668566050166802], [127.50536965951818, 9.669607525390314], [127.53629527813666, 9.692099007563254], [127.54173040073356, 9.697116740776785], [127.55898512275672, 9.72566743138677], [127.56722089675516, 9.7363179252745], [127.58666693952318, 9.754218121996754], [127.59814651537366, 9.767186636441789], [127.6151536548729, 9.782768812606736], [127.62907213399214, 9.795177304685936], [127.64681078760128, 9.81131950321672], [127.65999775261062, 9.820325152552499], [127.68402063556178, 9.839870193826705], [127.69092337122913, 9.851400686779105], [127.7054686269623, 9.868420884436688], [127.71905139222648, 9.89697157504667], [127.7208526847972, 9.925522265656655], [127.72040798978684, 9.95407295626664], [127.71794429518546, 9.982623646876622], [127.71036212196321, 10.011174337486606], [127.69092337122912, 10.03302903827414], [127.68812427376726, 10.03972502809659], [127.67833601217231, 10.068275718706573], [127.65999775261062, 10.089174016904762], [127.65661844371328, 10.096826409316556], [127.64507893877078, 10.12537709992654], [127.62907213399214, 10.153616353980171], [127.6290194093206, 10.153927790536525], [127.62907213399214, 10.154318008552487], [127.64311317497454, 10.182478481146507], [127.65982123577461, 10.211029171756492], [127.65999775261062, 10.211224015413617], [127.690741792051, 10.239579862366476], [127.69092337122912, 10.239704097988035], [127.72184898984762, 10.257857241593333], [127.73796559864556, 10.268130552976459], [127.7527746084661, 10.274245475291034], [127.77995966894053, 10.296681243586441], [127.7837002270846, 10.298847357475044], [127.81462584570309, 10.31846524255411], [127.82363343656439, 10.325231934196427], [127.84555146432157, 10.338755807059727], [127.86160638971948, 10.35378262480641], [127.87647708294007, 10.365324227248877], [127.89398106162479, 10.382333315416393], [127.90740270155857, 10.392718911561694], [127.93290337515006, 10.410884006026377], [127.93832832017705, 10.414449050481169], [127.96382739259683, 10.439434696636361], [127.96925393879553, 10.446241298084752], [127.98809186628586, 10.467985387246344], [128.00017955741404, 10.486284463282438], [128.01128393057496, 10.496536077856327], [128.03110517603253, 10.513028614920888], [128.04416636123756, 10.525086768466313], [128.062030794651, 10.543203450249102], [128.0733327341403, 10.553637459076295], [128.09003832812817, 10.582188149686278], [128.09295641326952, 10.594981711829615], [128.10806264199033, 10.610738840296262], [128.1235266044906, 10.639289530906247], [128.123882031888, 10.639779128472268], [128.1527032559791, 10.66784022151623], [128.15480765050648, 10.686769814418552], [128.165229058607, 10.696390912126214], [128.179986660427, 10.724941602736198], [128.1822701469717, 10.75349229334618], [128.18230788879808, 10.782042983956163], [128.180650881358, 10.81059367456615], [128.17438500906493, 10.839144365176132], [128.15480765050648, 10.858630796347505], [128.14368380757114, 10.867695055786115], [128.123882031888, 10.884795936284059], [128.09295641326952, 10.888117352649038], [128.062030794651, 10.878379783115403], [128.05045728117835, 10.867695055786115], [128.03110517603253, 10.867237067637069], [128.00017955741404, 10.866903571634785], [127.96925393879553, 10.865617626833531], [127.93832832017705, 10.855898776849386], [127.92018022867683, 10.839144365176132], [127.90740270155857, 10.819858982933752], [127.89736667837181, 10.81059367456615], [127.8797518084054, 10.782042983956163], [127.87647708294007, 10.780042732136678], [127.84555146432157, 10.773520064870878], [127.81462584570309, 10.765903859181567], [127.78370022708461, 10.77836071124198], [127.76849562567124, 10.782042983956163], [127.75277460846608, 10.7950267602905], [127.72184898984762, 10.804643464870647], [127.6909233712291, 10.809523576710461], [127.68416803781841, 10.81059367456615], [127.65999775261062, 10.824964831016409], [127.62907213399214, 10.828694607848137], [127.59814651537364, 10.8293674444819], [127.56722089675516, 10.827912768391572], [127.53629527813666, 10.823557318354379], [127.50536965951818, 10.813291978278357], [127.50007052995277, 10.810593674566148], [127.47444404089968, 10.79738188453736], [127.45894113070295, 10.782042983956163], [127.44351842228119, 10.755543197970587], [127.44218333222106, 10.75349229334618], [127.42312651807143, 10.724941602736198], [127.4125928036627, 10.707536145090561], [127.40271955665781, 10.696390912126214], [127.3904063980867, 10.66784022151623], [127.38166718504421, 10.649091397105327], [127.37439871352507, 10.639289530906245], [127.36465431384099, 10.610738840296262], [127.36211318345495, 10.582188149686278], [127.3615910609885, 10.553637459076295], [127.36269559724067, 10.525086768466313], [127.36567186027074, 10.496536077856328], [127.3717554464883, 10.467985387246344], [127.3816671850442, 10.456861541104015], [127.39223737201792, 10.439434696636361], [127.3985903082496, 10.410884006026377], [127.39975498567583, 10.382333315416393], [127.39618909831971, 10.35378262480641], [127.38166718504421, 10.327341158451821], [127.37947336038008, 10.325231934196427], [127.36416682748933, 10.296681243586441], [127.35074156642571, 10.284238079268292], [127.33279761467448, 10.268130552976459], [127.31981594780723, 10.259381766519306], [127.291284957735, 10.239579862366476], [127.28889032918873, 10.23791287771997], [127.25809592355576, 10.211029171756492], [127.25796471057025, 10.210921580265593], [127.22806178748728, 10.182478481146507], [127.22703909195175, 10.181441118842617], [127.19611347333327, 10.161759310700525], [127.18789177230619, 10.153927790536525], [127.17583502929284, 10.12537709992654], [127.16518785471479, 10.104293367121695], [127.15785732290287, 10.096826409316556], [127.1440252066254, 10.068275718706573], [127.13426223609628, 10.06281896571048], [127.1033366174778, 10.057819019916261], [127.0724109988593, 10.045008228607827], [127.065333665257, 10.03972502809659], [127.0414853802408, 10.03467666615945], [127.01055976162232, 10.027804750556953], [126.98862688661438, 10.011174337486606], [126.97963414300382, 10.00720269116625], [126.94870852438532, 9.997497698169003], [126.9324079183872, 9.982623646876622], [126.91778290576684, 9.97276285911868], [126.88685728714835, 9.960095344099148], [126.88033393989119, 9.95407295626664], [126.85593166852986, 9.930295126891389], [126.85076178706251, 9.925522265656655], [126.82749627166193, 9.89697157504667], [126.82500604991137, 9.892660971556818], [126.80703611774695, 9.868420884436688], [126.80553864522187, 9.839870193826705], [126.80692227293378, 9.81131950321672], [126.80941944470163, 9.782768812606736], [126.81489469794509, 9.754218121996754], [126.82500604991137, 9.737171904685379], [126.82764381584634, 9.72566743138677], [126.83005778908253, 9.697116740776785], [126.83349961982125, 9.668566050166802], [126.84211802549017, 9.640015359556818], [126.85593166852986, 9.621684133498945], [126.86039954853356, 9.611464668946834], [126.86641990065912, 9.582913978336851], [126.85593166852986, 9.557360522913418], [126.85083422029707, 9.554363287726868], [126.82500604991137, 9.547009807265649], [126.79475850209664, 9.525812597116884], [126.79408043129288, 9.525391771015487], [126.76315481267437, 9.509715695854021], [126.75362278329979, 9.4972619065069], [126.74072570967796, 9.468711215896917], [126.73222919405589, 9.446923762856285], [126.72855219762044, 9.440160525286933], [126.72325756200343, 9.411609834676948], [126.71946207978912, 9.383059144066966], [126.73222919405589, 9.363193087117665], [126.76315481267439, 9.368132990369231], [126.77827941814405, 9.383059144066966], [126.79408043129288, 9.394423756126304], [126.8113341446963, 9.411609834676948], [126.82500604991137, 9.423549046424316], [126.84143381808683, 9.440160525286933], [126.85593166852988, 9.45845440606861], [126.86564125038784, 9.468711215896917], [126.88116062441406, 9.4972619065069], [126.88685728714833, 9.509702874081238], [126.89873306909061, 9.525812597116884], [126.91778290576684, 9.533153293975353], [126.94215644156843, 9.525812597116886], [126.94870852438532, 9.516894517206282], [126.9511558228927, 9.4972619065069], [126.94870852438532, 9.481686323397225], [126.94368755427308, 9.468711215896917], [126.92444346470396, 9.440160525286933], [126.91778290576684, 9.432473070381548], [126.89561901310769, 9.411609834676948], [126.88685728714835, 9.406476313330927], [126.86194028352602, 9.383059144066966], [126.85593166852986, 9.377871096829578], [126.83175452102338, 9.354508453456983], [126.82500604991137, 9.343768379940052], [126.80571389480718, 9.325957762846999], [126.79518859381254, 9.297407072237014], [126.79408043129288, 9.29274648344542], [126.77401542257599, 9.268856381627032], [126.76729999952087, 9.240305691017047], [126.76415926027654, 9.211755000407063], [126.76315481267439, 9.19851092460897], [126.75253537438132, 9.18320430979708], [126.7449226028913, 9.154653619187096], [126.74396678396752, 9.126102928577112], [126.74797315823443, 9.097552237967129], [126.76315481267439, 9.070487797946498], [126.76331384526995, 9.069001547357146], [126.77187524696842, 9.040450856747162], [126.79408043129288, 9.015010385270267], [126.79645191662334, 9.011900166137178], [126.82500604991137, 8.986984514103034], [126.83401546912181, 8.983349475527195], [126.85593166852986, 8.967050943892454], [126.88685728714835, 8.955075603707611], [126.88734311451084, 8.95479878491721], [126.91778290576684, 8.926543411401088], [126.91808003517649, 8.926248094307226], [126.9439194980441, 8.897697403697244], [126.94870852438532, 8.893276149879217], [126.97568765966848, 8.869146713087261], [126.97963414300382, 8.865503299317758], [127.01055976162232, 8.84080987102694], [127.0109205628902, 8.840596022477277], [127.0414853802408, 8.816894682667842], [127.05770751423765, 8.812045331867292], [127.07241099885931, 8.803029991652203], [127.1033366174778, 8.789315398732377], [127.13426223609628, 8.786067384551176], [127.1472997370808, 8.78349464125731], [127.16518785471476, 8.77251602856838], [127.19611347333327, 8.764445460014073], [127.22703909195175, 8.761818201394007], [127.25796471057026, 8.760245342192308], [127.27710834894941, 8.754943950647325], [127.28889032918873, 8.744066765723868]]]}, "properties": {"fillColor": "#8A2BE2", "fillOpacity": 0.7, "color": "#000000", "weight": 0.2, "stroke": false}}, {"type": "Feature", "geometry": {"type": "Polygon", "coordinates": [[[127.119402120232, 9.011900166137178], [127.10333661747781, 9.01579210793696], [127.0724109988593, 9.024772824112194], [127.0414853802408, 9.036272868447455], [127.0338437533933, 9.040450856747162], [127.01055976162232, 9.051657990182104], [126.97963414300382, 9.066849955834678], [126.95902914225171, 9.069001547357146], [126.94870852438532, 9.069577197944016], [126.94033034333543, 9.069001547357146], [126.91778290576684, 9.067172454537758], [126.91077139005665, 9.069001547357146], [126.88685728714835, 9.073560086612074], [126.8577912672919, 9.097552237967129], [126.85593166852985, 9.100548647855568], [126.843254400073, 9.126102928577112], [126.83982881394132, 9.154653619187096], [126.8425604905666, 9.18320430979708], [126.85083614628388, 9.211755000407063], [126.85593166852986, 9.222335760823235], [126.8623875302232, 9.240305691017047], [126.87928498252809, 9.268856381627032], [126.88685728714836, 9.278098871876562], [126.90638489199414, 9.297407072237014], [126.91778290576684, 9.307127006719284], [126.94870852438532, 9.32291333640438], [126.95922492324875, 9.325957762846999], [126.97963414300382, 9.334975705404126], [127.01055976162232, 9.350285186015707], [127.01507814029287, 9.354508453456983], [127.03560102802876, 9.383059144066966], [127.0414853802408, 9.392294288766557], [127.05055517628321, 9.411609834676948], [127.06654537473946, 9.440160525286933], [127.07241099885931, 9.448508977311054], [127.08510726663401, 9.468711215896917], [127.1033366174778, 9.492731141972493], [127.10662508840706, 9.4972619065069], [127.12594852728972, 9.525812597116884], [127.13426223609628, 9.539534774209825], [127.14157909318126, 9.554363287726868], [127.15102568578106, 9.582913978336851], [127.1558465175886, 9.611464668946834], [127.15619641804045, 9.640015359556818], [127.15395656394861, 9.668566050166802], [127.15115652752695, 9.697116740776785], [127.14771335719169, 9.72566743138677], [127.13426223609628, 9.753974382827497], [127.13386015112879, 9.754218121996754], [127.1033366174778, 9.77441043094847], [127.09863289149166, 9.782768812606736], [127.10100846510944, 9.81131950321672], [127.1033366174778, 9.814629552018983], [127.13426223609628, 9.827336259128423], [127.14897329934553, 9.81131950321672], [127.16518785471477, 9.783291559476561], [127.18144198104872, 9.782768812606736], [127.19611347333326, 9.782656506205457], [127.19625035300925, 9.782768812606736], [127.22703909195175, 9.79829580108254], [127.24718371832195, 9.81131950321672], [127.25796471057025, 9.817301238096373], [127.28889032918873, 9.836174986940117], [127.29698309665949, 9.839870193826705], [127.31981594780723, 9.852867503610078], [127.35074156642571, 9.863659421532713], [127.38166718504421, 9.858625047874071], [127.388123602409, 9.839870193826705], [127.39170065156783, 9.81131950321672], [127.3906660091144, 9.782768812606736], [127.3872561470854, 9.754218121996754], [127.38346196800305, 9.72566743138677], [127.3816671850442, 9.70837365294166], [127.38082564822653, 9.697116740776785], [127.37788823376853, 9.668566050166802], [127.37401960830923, 9.640015359556818], [127.36853635592674, 9.611464668946834], [127.35886006562745, 9.582913978336851], [127.35074156642571, 9.562342384374645], [127.34887093365433, 9.554363287726868], [127.33912235916819, 9.525812597116884], [127.32621895392994, 9.4972619065069], [127.31981594780723, 9.485473135148066], [127.31358090280077, 9.468711215896917], [127.29914196710315, 9.440160525286933], [127.28889032918872, 9.424580775844749], [127.2824636669823, 9.411609834676948], [127.26275039077797, 9.383059144066966], [127.25796471057025, 9.37684770657857], [127.24271923496008, 9.354508453456983], [127.22703909195174, 9.335776056102665], [127.21803855233898, 9.325957762846999], [127.19611347333324, 9.30257069967539], [127.19004790826261, 9.297407072237014], [127.16518785471477, 9.274163939133368], [127.15819114808114, 9.268856381627032], [127.13426223609628, 9.245652932004285], [127.12983367420979, 9.24030569101705], [127.11768627111533, 9.211755000407063], [127.11464362317892, 9.18320430979708], [127.1199747319491, 9.154653619187098], [127.13426223609628, 9.12715782351741], [127.13520766702202, 9.126102928577112], [127.16518785471477, 9.097846142885293], [127.16568337285855, 9.097552237967129], [127.19611347333326, 9.077453525680939], [127.21748422879804, 9.069001547357146], [127.22703909195175, 9.060622010715596], [127.24912356175858, 9.040450856747162], [127.2334416777903, 9.011900166137178], [127.22703909195175, 9.008743178160909], [127.19611347333326, 9.002172788243072], [127.16518785471477, 9.003341850098785], [127.13426223609628, 9.008290038349328], [127.119402120232, 9.011900166137178]]]}, "properties": {"fillColor": "#8A2BE2", "fillOpacity": 0.7, "color": "#000000", "weight": 0.2, "stroke": false}}, {"type": "Feature", "geometry": {"type": "Polygon", "coordinates": [[[127.37848180049846, 9.925522265656653], [127.36564534228043, 9.95407295626664], [127.3605881124682, 9.982623646876622], [127.37319252094355, 10.011174337486606], [127.38166718504421, 10.019137766078178], [127.4061078790893, 10.03972502809659], [127.4125928036627, 10.04438910740546], [127.44351842228119, 10.061553940458547], [127.47444404089968, 10.063859462943675], [127.50536965951818, 10.044084876760687], [127.50888162931722, 10.03972502809659], [127.52535300717292, 10.011174337486606], [127.5303443435754, 9.982623646876622], [127.51980037577205, 9.95407295626664], [127.50536965951818, 9.940119965843094], [127.48338941955603, 9.925522265656655], [127.4744440408997, 9.920639586801485], [127.44351842228119, 9.908054131951172], [127.4125928036627, 9.900461899815044], [127.38166718504422, 9.916788766714737], [127.37848180049846, 9.925522265656653]]]}, "properties": {"fillColor": "#8A2BE2", "fillOpacity": 0.7, "color": "#000000", "weight": 0.2, "stroke": false}}, {"type": "Feature", "geometry": {"type": "Polygon", "coordinates": [[[127.68319653564416, 10.467985387246344], [127.65999775261062, 10.488434132160966], [127.65428820023446, 10.496536077856327], [127.64298097235071, 10.525086768466313], [127.6395120604611, 10.553637459076295], [127.64068914475534, 10.582188149686278], [127.64656133521112, 10.610738840296262], [127.65999775261062, 10.638648854837074], [127.66027772525759, 10.639289530906247], [127.68508224859985, 10.66784022151623], [127.69092337122913, 10.67181330887832], [127.72184898984762, 10.68676986968848], [127.7527746084661, 10.693608515491688], [127.77121974280318, 10.696390912126214], [127.7837002270846, 10.69872817591525], [127.81462584570309, 10.706411900458438], [127.84555146432156, 10.714138455354703], [127.87647708294006, 10.721214807047453], [127.88785992079642, 10.724941602736198], [127.90740270155855, 10.736659796288489], [127.92890173701544, 10.75349229334618], [127.93832832017705, 10.76321338232255], [127.95511804641009, 10.782042983956163], [127.96925393879553, 10.795212759017883], [128.00017955741404, 10.810022522851536], [128.00325832731048, 10.810593674566151], [128.03110517603253, 10.820163482974403], [128.062030794651, 10.818526619638464], [128.07756087507502, 10.81059367456615], [128.09295641326952, 10.801849232149074], [128.1088566448688, 10.782042983956163], [128.1156294761583, 10.75349229334618], [128.11417642783272, 10.724941602736198], [128.10352430496252, 10.696390912126214], [128.09295641326952, 10.683439820627614], [128.08432567520953, 10.66784022151623], [128.062030794651, 10.646046886334506], [128.05475954152647, 10.639289530906247], [128.03110517603253, 10.615024445432223], [128.0268216962896, 10.61073884029626], [128.00017955741404, 10.583968149580274], [127.9980765849315, 10.582188149686278], [127.96925393879555, 10.557800106742125], [127.96260265771811, 10.553637459076295], [127.93832832017705, 10.534775703593363], [127.92001840604328, 10.525086768466313], [127.90740270155855, 10.515679264762266], [127.87647708294008, 10.49991016254731], [127.86664887025754, 10.496536077856328], [127.84555146432157, 10.484756982568449], [127.81462584570309, 10.473827251191814], [127.78997386440798, 10.467985387246344], [127.7837002270846, 10.465247177640158], [127.7527746084661, 10.457447018013395], [127.72184898984762, 10.455779068061219], [127.69092337122912, 10.46338891548005], [127.68319653564416, 10.467985387246344]]]}, "properties": {"fillColor": "#8A2BE2", "fillOpacity": 0.7, "color": "#000000", "weight": 0.2, "stroke": false}}, {"type": "Feature", "geometry": {"type": "Polygon", "coordinates": [[[126.14464244030455, 8.855934283689493], [126.17556805892305, 8.843207556118408], [126.20649367754154, 8.849948192083414], [126.22522070336376, 8.869146713087261], [126.23251440192647, 8.897697403697244], [126.2108547129452, 8.926248094307226], [126.20649367754154, 8.930274224684279], [126.1805883452438, 8.926248094307226], [126.17556805892305, 8.925689734373744], [126.14648153462088, 8.897697403697244], [126.14464244030457, 8.892502536897217], [126.13499490783191, 8.869146713087261], [126.14464244030455, 8.855934283689493]]]}, "properties": {"fillColor": "#8A2BE2", "fillOpacity": 0.7, "color": "#000000", "weight": 0.2, "stroke": false}}, {"type": "Feature", "geometry": {"type": "Polygon", "coordinates": [[[115.75363458449154, 8.949058346234311], [115.76682558219915, 8.95479878491721], [115.75363458449154, 8.961586560821942], [115.74833628174846, 8.95479878491721], [115.75363458449154, 8.949058346234311]]]}, "properties": {"fillColor": "#8A2BE2", "fillOpacity": 0.7, "color": "#000000", "weight": 0.2, "stroke": false}}, {"type": "Feature", "geometry": {"type": "Polygon", "coordinates": [[[115.78456020311002, 8.96712505319224], [115.81548582172852, 8.971304416494887], [115.82908570403814, 8.983349475527195], [115.84641144034703, 8.998460255950366], [115.8773370589655, 9.010335825152477], [115.878886440785, 9.011900166137178], [115.89178761619611, 9.04045085674716], [115.8773370589655, 9.056310552668275], [115.84641144034701, 9.041562213710051], [115.84324399248453, 9.040450856747162], [115.81548582172852, 9.027927098225277], [115.80041285238262, 9.011900166137178], [115.78456020311, 8.993481676397332], [115.77356164804192, 8.983349475527195], [115.78456020311002, 8.96712505319224]]]}, "properties": {"fillColor": "#8A2BE2", "fillOpacity": 0.7, "color": "#000000", "weight": 0.2, "stroke": false}}, {"type": "Feature", "geometry": {"type": "Polygon", "coordinates": [[[141.54560051231317, 9.091030137351076], [141.57652613093165, 9.076884461051865], [141.60745174955014, 9.09007308119509], [141.62287908877613, 9.097552237967129], [141.63837736816862, 9.11318144844757], [141.64541847002033, 9.126102928577112], [141.66326988815104, 9.154653619187096], [141.6626496081025, 9.18320430979708], [141.63837736816862, 9.194605584651951], [141.6102595309195, 9.211755000407063], [141.60745174955014, 9.214344376746793], [141.6039659748054, 9.211755000407065], [141.57652613093165, 9.199734398846646], [141.54560051231317, 9.193150937971392], [141.53409523217084, 9.18320430979708], [141.51467489369466, 9.159531259092415], [141.51071965402593, 9.154653619187096], [141.509782795469, 9.126102928577112], [141.51467489369466, 9.116516576191753], [141.5319884021697, 9.097552237967129], [141.54560051231317, 9.091030137351076]]]}, "properties": {"fillColor": "#8A2BE2", "fillOpacity": 0.7, "color": "#000000", "weight": 0.2, "stroke": false}}, {"type": "Feature", "geometry": {"type": "Polygon", "coordinates": [[[116.86695685475722, 9.32020803714939], [116.89788247337569, 9.316831624134824], [116.9288080919942, 9.317497680706602], [116.95973371061268, 9.323213246572257], [116.96659496860539, 9.325957762846999], [116.99065932923118, 9.327697328643534], [117.02158494784968, 9.330976072805242], [117.05251056646816, 9.33503745204489], [117.08343618508664, 9.341974439991857], [117.1002407071936, 9.354508453456983], [117.11436180370515, 9.359650813845201], [117.14528742232363, 9.371737808381678], [117.157550499054, 9.383059144066966], [117.17621304094213, 9.40018579834009], [117.18858736125765, 9.411609834676948], [117.20683940574541, 9.440160525286933], [117.20713865956061, 9.440935530248526], [117.22624011985421, 9.468711215896917], [117.23009290434219, 9.4972619065069], [117.22628870320352, 9.525812597116884], [117.20713865956061, 9.551512073697513], [117.20540402017211, 9.554363287726868], [117.17621304094213, 9.579385184920074], [117.1676113099918, 9.582913978336851], [117.14528742232363, 9.59491435666837], [117.11436180370515, 9.597237718510943], [117.08343618508667, 9.595486033123883], [117.05251056646816, 9.588478530321286], [117.03904026595222, 9.582913978336851], [117.02158494784968, 9.580555053510366], [116.99065932923118, 9.572199713378602], [116.95973371061268, 9.564458860866035], [116.93672275821731, 9.554363287726868], [116.9288080919942, 9.552956425307393], [116.89788247337572, 9.543740034086612], [116.87154118228545, 9.525812597116884], [116.86695685475722, 9.523952131653681], [116.83603123613872, 9.511677778150924], [116.8207987035681, 9.4972619065069], [116.80510561752021, 9.480299136623529], [116.7938068282014, 9.468711215896917], [116.77735020384712, 9.440160525286933], [116.774373871362, 9.411609834676948], [116.77874362582388, 9.383059144066966], [116.80465765917798, 9.354508453456983], [116.80510561752023, 9.354094896005037], [116.83603123613872, 9.330283484658977], [116.85390591801698, 9.325957762846999], [116.86695685475722, 9.32020803714939]]]}, "properties": {"fillColor": "#8A2BE2", "fillOpacity": 0.7, "color": "#000000", "weight": 0.2, "stroke": false}}, {"type": "Feature", "geometry": {"type": "Polygon", "coordinates": [[[128.21665888774348, 9.461922940889227], [128.24758450636196, 9.461175417432184], [128.27851012498044, 9.464385746794784], [128.30943574359895, 9.463108879416309], [128.34036136221744, 9.45684300803039], [128.37128698083592, 9.452529029784234], [128.4022125994544, 9.451288336122435], [128.4331382180729, 9.453405028118935], [128.4640638366914, 9.464715785117063], [128.46839161881766, 9.468711215896915], [128.49498945530988, 9.478420623711193], [128.52354777314173, 9.4972619065069], [128.5259150739284, 9.498725678726307], [128.55491456936784, 9.525812597116884], [128.55684069254687, 9.528484008155772], [128.5799738380665, 9.554363287726868], [128.58519660011353, 9.582913978336851], [128.58551135989157, 9.611464668946834], [128.58162445844954, 9.640015359556818], [128.55684069254687, 9.666345293122118], [128.55491302528628, 9.668566050166802], [128.5259150739284, 9.694403816781511], [128.52049092293356, 9.697116740776785], [128.49498945530988, 9.714117727949278], [128.4640638366914, 9.723454723357037], [128.45474084147926, 9.72566743138677], [128.43313821807288, 9.736782008227724], [128.4022125994544, 9.741698967967155], [128.37128698083592, 9.750078669246378], [128.34036136221744, 9.751611583610826], [128.30943574359895, 9.743915554469478], [128.27851012498044, 9.737078631029952], [128.26044628195493, 9.72566743138677], [128.24758450636196, 9.718533435016113], [128.225157579701, 9.697116740776785], [128.21665888774348, 9.67539733064469], [128.21217398226798, 9.668566050166802], [128.19794467453775, 9.640015359556818], [128.1929745494191, 9.611464668946834], [128.19109278344084, 9.582913978336851], [128.1903492161729, 9.554363287726868], [128.191274430882, 9.525812597116884], [128.1954087316458, 9.4972619065069], [128.20837287048425, 9.468711215896917], [128.21665888774348, 9.461922940889227]]]}, "properties": {"fillColor": "#8A2BE2", "fillOpacity": 0.7, "color": "#000000", "weight": 0.2, "stroke": false}}, {"type": "Feature", "geometry": {"type": "Polygon", "coordinates": [[[140.3704270048105, 9.661246767737682], [140.40135262342898, 9.650781804111766], [140.43227824204746, 9.64697308841283], [140.46320386066597, 9.645468824863855], [140.49412947928445, 9.645074703165934], [140.52505509790296, 9.645419241439546], [140.55598071652145, 9.646694129129695], [140.58690633513993, 9.64990274139279], [140.6178319537584, 9.658311574215054], [140.63236471706307, 9.668566050166802], [140.64875757237692, 9.67424608895358], [140.67492997422312, 9.697116740776785], [140.6796831909954, 9.706753694187658], [140.69484825914782, 9.72566743138677], [140.7106088096139, 9.739201316028229], [140.7415344282324, 9.750918644059153], [140.75531795852834, 9.754218121996754], [140.77246004685088, 9.754804804745238], [140.80338566546936, 9.758996049425708], [140.83206542726253, 9.782768812606736], [140.83431128408785, 9.784921768851767], [140.8570576161514, 9.81131950321672], [140.8641451838355, 9.839870193826705], [140.86523690270636, 9.84528699081913], [140.88261812939587, 9.868420884436688], [140.8899783104581, 9.89697157504667], [140.89536884458843, 9.925522265656655], [140.89616252132484, 9.936274810069742], [140.90467469377523, 9.95407295626664], [140.8996296645486, 9.982623646876622], [140.89616252132484, 9.986722275944347], [140.89143746814074, 10.011174337486606], [140.8736450355243, 10.03972502809659], [140.86523690270636, 10.048187389629103], [140.8466891672669, 10.068275718706573], [140.83431128408785, 10.079523320088953], [140.80338566546936, 10.09473850610455], [140.79411474343053, 10.096826409316556], [140.77246004685088, 10.110093032297875], [140.7415344282324, 10.121361684549825], [140.72179732378888, 10.12537709992654], [140.71060880961392, 10.133445812669901], [140.6796831909954, 10.146959817632816], [140.65520674276303, 10.153927790536525], [140.64875757237692, 10.15988169789909], [140.6178319537584, 10.177476163995957], [140.60376782010462, 10.182478481146507], [140.58690633513993, 10.196092186718769], [140.55598071652145, 10.209063596064635], [140.54975306857628, 10.211029171756492], [140.52505509790296, 10.228945051141912], [140.49412947928445, 10.237724240797448], [140.48148606953248, 10.239579862366476], [140.46320386066597, 10.250360508386812], [140.43227824204746, 10.255931988607603], [140.40135262342898, 10.253908542121613], [140.37220311517225, 10.239579862366476], [140.3704270048105, 10.239096462654771], [140.339501386192, 10.212153375745334], [140.33828366770376, 10.211029171756492], [140.32190296168707, 10.182478481146507], [140.31879998330348, 10.153927790536525], [140.32043812466878, 10.12537709992654], [140.32837170681893, 10.096826409316556], [140.339501386192, 10.086551431917096], [140.34442526377353, 10.068275718706573], [140.351887647643, 10.03972502809659], [140.3704270048105, 10.020223642622973], [140.37474674731487, 10.011174337486604], [140.38597007585992, 9.982623646876622], [140.3704270048105, 9.980566148048602], [140.339501386192, 9.979258063343876], [140.3085757675735, 9.975792506606663], [140.277650148955, 9.964580026919007], [140.25196858814581, 9.95407295626664], [140.24672453033654, 9.953376965086102], [140.21579891171803, 9.945598730056721], [140.1910389178758, 9.925522265656655], [140.18487329309954, 9.919040636947244], [140.16431363726184, 9.89697157504667], [140.15854163063102, 9.868420884436688], [140.16659367076784, 9.839870193826705], [140.18487329309954, 9.81969706127992], [140.18994188020338, 9.81131950321672], [140.21579891171803, 9.786745492639238], [140.21874728555264, 9.782768812606736], [140.24501569209687, 9.754218121996754], [140.24672453033654, 9.752480328912428], [140.26185823554795, 9.72566743138677], [140.27765014895502, 9.710251183120523], [140.2968887314667, 9.697116740776785], [140.3085757675735, 9.687761335643746], [140.339501386192, 9.672589568530032], [140.35939873385905, 9.668566050166802], [140.3704270048105, 9.661246767737682]]]}, "properties": {"fillColor": "#8A2BE2", "fillOpacity": 0.7, "color": "#000000", "weight": 0.2, "stroke": false}}, {"type": "Feature", "geometry": {"type": "Polygon", "coordinates": [[[140.37402170315968, 9.782768812606736], [140.3704270048105, 9.784643799019342], [140.34079929011182, 9.81131950321672], [140.339501386192, 9.814786870433649], [140.33006774725098, 9.839870193826705], [140.339501386192, 9.860788027420883], [140.34387492503492, 9.868420884436688], [140.3704270048105, 9.884876593661968], [140.40135262342898, 9.89079946758271], [140.43227824204746, 9.890715294470796], [140.46320386066594, 9.885677581271173], [140.49412947928445, 9.874687084304355], [140.50844860533323, 9.868420884436688], [140.52505509790296, 9.86064070077703], [140.55598071652145, 9.85280530030883], [140.57054855496497, 9.868420884436688], [140.55867133800692, 9.89697157504667], [140.55598071652145, 9.901142989644207], [140.54039195159277, 9.925522265656657], [140.52623014858258, 9.954072956266637], [140.52505509790296, 9.956540190127873], [140.5120591572521, 9.982623646876622], [140.49987781006504, 10.011174337486604], [140.49412947928445, 10.024671311962848], [140.48664743449058, 10.03972502809659], [140.47848086745793, 10.068275718706573], [140.49412947928445, 10.088160269364726], [140.52505509790296, 10.082658425890717], [140.55598071652145, 10.069204645430748], [140.55828931636395, 10.068275718706573], [140.58690633513993, 10.060460174249044], [140.6178319537584, 10.049546825812694], [140.64402850263414, 10.039725028096589], [140.64875757237692, 10.038697423995227], [140.67968319099543, 10.029247838587908], [140.7106088096139, 10.016285010584367], [140.7199502312503, 10.011174337486606], [140.7415344282324, 10.00301181217864], [140.76799030600014, 9.982623646876622], [140.77246004685088, 9.979080715352227], [140.79453149229113, 9.95407295626664], [140.79717152568227, 9.925522265656655], [140.78516070111573, 9.89697157504667], [140.77246004685088, 9.8791857180729], [140.76294734291983, 9.868420884436688], [140.7415344282324, 9.850447848860005], [140.71190301851883, 9.839870193826705], [140.7106088096139, 9.839345193207127], [140.6796831909954, 9.833361876436333], [140.64875757237692, 9.832986201261697], [140.6178319537584, 9.835520635856705], [140.58690633513993, 9.835105942709967], [140.576235320283, 9.81131950321672], [140.55598071652145, 9.783599220142454], [140.55533793317744, 9.782768812606736], [140.52505509790296, 9.765018550191442], [140.49412947928445, 9.757995047470782], [140.46320386066597, 9.75735556154488], [140.43227824204746, 9.760773401827137], [140.40135262342898, 9.768731872380378], [140.37402170315968, 9.782768812606736]]]}, "properties": {"fillColor": "#8A2BE2", "fillOpacity": 0.7, "color": "#000000", "weight": 0.2, "stroke": false}}, {"type": "Feature", "geometry": {"type": "Polygon", "coordinates": [[[133.47401405288696, 9.714011527660267], [133.50493967150547, 9.704262338857964], [133.53586529012395, 9.701709148815736], [133.56679090874243, 9.700927611086765], [133.59771652736094, 9.701085958719911], [133.62864214597943, 9.702434781392121], [133.6595677645979, 9.70663421459992], [133.6904933832164, 9.72140305321978], [133.6953905405924, 9.725667431386771], [133.7214190018349, 9.733137517295035], [133.7438336953288, 9.754218121996754], [133.75234462045339, 9.766981525042919], [133.76944513969786, 9.782768812606736], [133.7773251786655, 9.81131950321672], [133.77906154688992, 9.839870193826705], [133.7786513682608, 9.868420884436688], [133.77515114104477, 9.89697157504667], [133.7587036373686, 9.925522265656655], [133.75234462045339, 9.931500441551737], [133.74031315184263, 9.95407295626664], [133.7214190018349, 9.971360363753247], [133.69183709856966, 9.98262364687662], [133.6904933832164, 9.983864171821091], [133.6595677645979, 10.009877022588068], [133.65601376063236, 10.011174337486606], [133.62864214597943, 10.0325525671639], [133.59771652736094, 10.037696777238475], [133.58371989902204, 10.03972502809659], [133.56679090874243, 10.055353959235356], [133.53586529012395, 10.065617632607047], [133.50861150852373, 10.068275718706575], [133.50493967150547, 10.071665577579623], [133.47401405288696, 10.092396805777293], [133.44308843426847, 10.094931695986466], [133.41216281565, 10.096165556956885], [133.40183633443328, 10.096826409316556], [133.38123719703148, 10.11166621545576], [133.350311578413, 10.117610614369692], [133.31938595979452, 10.120798219632853], [133.2904792339417, 10.12537709992654], [133.288460341176, 10.12724095214045], [133.25753472255752, 10.145047560562961], [133.22660910393904, 10.148205563653882], [133.19568348532056, 10.148467251211894], [133.16475786670205, 10.147581567389288], [133.13383224808356, 10.145495070587888], [133.10290662946508, 10.141277175643603], [133.07198101084657, 10.133010653273773], [133.06054364206025, 10.12537709992654], [133.0410553922281, 10.11751872744944], [133.01851952132466, 10.096826409316556], [133.01197058786764, 10.068275718706573], [133.01093413877044, 10.03972502809659], [133.0116947777244, 10.011174337486606], [133.01472231022666, 9.982623646876622], [133.03101103808623, 9.95407295626664], [133.0410553922281, 9.944799956718295], [133.05878960573366, 9.925522265656655], [133.07198101084657, 9.913343892420677], [133.10290662946508, 9.900673715381718], [133.12908477761923, 9.89697157504667], [133.13383224808356, 9.892588685828542], [133.16475786670205, 9.875595328098436], [133.19568348532056, 9.870688765308413], [133.2033883650672, 9.868420884436688], [133.22660910393904, 9.846983378547357], [133.25133973331623, 9.839870193826705], [133.25753472255752, 9.834150947807977], [133.288460341176, 9.81220449443697], [133.29064813986977, 9.81131950321672], [133.31938595979452, 9.787307257632108], [133.33565753066173, 9.782768812606736], [133.350311578413, 9.769240120143323], [133.38123719703148, 9.75684895090608], [133.39240805940273, 9.754218121996754], [133.41216281565, 9.735980429142522], [133.44308843426847, 9.7286356460992], [133.4613885777899, 9.72566743138677], [133.47401405288696, 9.714011527660267]]]}, "properties": {"fillColor": "#8A2BE2", "fillOpacity": 0.7, "color": "#000000", "weight": 0.2, "stroke": false}}, {"type": "Feature", "geometry": {"type": "Polygon", "coordinates": [[[133.44799458303262, 9.81131950321672], [133.44308843426847, 9.812350381314108], [133.41216281565, 9.821479851536498], [133.38123719703148, 9.837488440293198], [133.37749311738366, 9.839870193826705], [133.350311578413, 9.852619394578728], [133.3273973943175, 9.868420884436688], [133.31938595979452, 9.873312429237256], [133.288460341176, 9.896030330866452], [133.28722644637335, 9.89697157504667], [133.25753472255752, 9.91864293370403], [133.24782176385074, 9.925522265656655], [133.22660910393904, 9.938864986330852], [133.19568348532056, 9.953407513329557], [133.1943152440588, 9.95407295626664], [133.16475786670205, 9.968683603412686], [133.14767914896112, 9.982623646876622], [133.1380323952174, 10.011174337486606], [133.1613053412462, 10.03972502809659], [133.16475786670205, 10.041555869119604], [133.19568348532056, 10.045765970998552], [133.21679551346506, 10.03972502809659], [133.22660910393904, 10.038036831309347], [133.25753472255752, 10.028979322159167], [133.288460341176, 10.01842829406032], [133.31938595979452, 10.017561303823006], [133.350311578413, 10.022602736422321], [133.38123719703148, 10.025379709142697], [133.41216281565, 10.024745040025092], [133.44308843426847, 10.020221458302922], [133.4713105060131, 10.011174337486606], [133.47401405288696, 10.010679689473106], [133.50493967150547, 10.002726788309023], [133.53586529012395, 9.990405837959619], [133.55033921101472, 9.982623646876622], [133.5667909087424, 9.976558322499631], [133.59771652736094, 9.959064431140737], [133.6047410704198, 9.95407295626664], [133.62864214597943, 9.937756734665333], [133.64317727278498, 9.925522265656655], [133.6595677645979, 9.907722311707483], [133.6693710374603, 9.89697157504667], [133.6825140538712, 9.868420884436688], [133.68115599242216, 9.839870193826705], [133.65956776459788, 9.812271067785051], [133.65824265422978, 9.81131950321672], [133.62864214597943, 9.795932895005148], [133.59771652736094, 9.7913112157549], [133.56679090874243, 9.79088952720848], [133.53586529012395, 9.792456968017145], [133.50493967150547, 9.795852950810364], [133.47401405288696, 9.802024855785852], [133.44799458303262, 9.81131950321672]]]}, "properties": {"fillColor": "#8A2BE2", "fillOpacity": 0.7, "color": "#000000", "weight": 0.2, "stroke": false}}, {"type": "Feature", "geometry": {"type": "Polygon", "coordinates": [[[122.37171696884863, 9.825850465705049], [122.40264258746713, 9.825147723031732], [122.43356820608562, 9.83690765467585], [122.43771575502763, 9.839870193826705], [122.4644938247041, 9.860885015857003], [122.47126203216285, 9.868420884436688], [122.4644938247041, 9.881295985777225], [122.45395913138049, 9.89697157504667], [122.43356820608562, 9.919705953488542], [122.43042721455085, 9.925522265656655], [122.42200934191028, 9.95407295626664], [122.41063302878605, 9.982623646876622], [122.40264258746714, 10.003097251414042], [122.40124315899847, 10.011174337486606], [122.39605485229625, 10.03972502809659], [122.37467875273768, 10.068275718706573], [122.37171696884865, 10.072279268542133], [122.35796721776794, 10.096826409316556], [122.34079135023016, 10.10906233803231], [122.30986573161167, 10.123771199100787], [122.30606096237051, 10.125377099926542], [122.27894011299317, 10.140387338612605], [122.24801449437467, 10.1439516119235], [122.21708887575619, 10.150201109661609], [122.1861632571377, 10.151134336694287], [122.1552376385192, 10.143586181344542], [122.12431201990071, 10.140426496513395], [122.09338640128223, 10.133931528991281], [122.07124717235928, 10.12537709992654], [122.06246078266373, 10.123731487175881], [122.03153516404524, 10.11228083824801], [122.00898349487875, 10.096826409316556], [122.00060954542673, 10.092715764841445], [121.97177361565556, 10.068275718706573], [121.96968392680826, 10.066245059764118], [121.94529378213076, 10.03972502809659], [121.93875830818976, 10.030292190683866], [121.92099523101311, 10.011174337486606], [121.9078326895713, 9.982804533838106], [121.90768777403571, 9.982623646876622], [121.90333356156643, 9.95407295626664], [121.90702038051346, 9.925522265656655], [121.90783268957128, 9.924116381817349], [121.92044978781385, 9.89697157504667], [121.93875830818976, 9.879681527289454], [121.9533863410088, 9.868420884436688], [121.96968392680826, 9.855671563018628], [122.00060954542674, 9.846605828511706], [122.03153516404524, 9.843846300288849], [122.06246078266373, 9.843159461504454], [122.09338640128222, 9.843733117850958], [122.12431201990071, 9.845198747068995], [122.1552376385192, 9.847518381454956], [122.1861632571377, 9.850204965564846], [122.21708887575619, 9.853300802440948], [122.24801449437467, 9.857025900314387], [122.27894011299317, 9.859671653013143], [122.30986573161167, 9.860069115195207], [122.34079135023015, 9.844026802072559], [122.34903347388195, 9.839870193826705], [122.37171696884863, 9.825850465705049]]]}, "properties": {"fillColor": "#8A2BE2", "fillOpacity": 0.7, "color": "#000000", "weight": 0.2, "stroke": false}}, {"type": "Feature", "geometry": {"type": "Polygon", "coordinates": [[[133.99974956940133, 10.006987788747834], [134.0033675875251, 10.011174337486604], [133.99974956940133, 10.036839234269545], [133.99491923624075, 10.03972502809659], [133.96882395078282, 10.043859569094193], [133.96654124525236, 10.03972502809659], [133.96882395078282, 10.022523030151138], [133.9776717297142, 10.011174337486606], [133.99974956940133, 10.006987788747834]]]}, "properties": {"fillColor": "#8A2BE2", "fillOpacity": 0.7, "color": "#000000", "weight": 0.2, "stroke": false}}, {"type": "Feature", "geometry": {"type": "Polygon", "coordinates": [[[120.70173356345012, 10.038175044259717], [120.73265918206862, 10.03666368294427], [120.73594072224911, 10.03972502809659], [120.7326591820686, 10.04681253591326], [120.70173356345012, 10.041330455462926], [120.6983786452671, 10.039725028096592], [120.70173356345012, 10.038175044259717]]]}, "properties": {"fillColor": "#8A2BE2", "fillOpacity": 0.7, "color": "#000000", "weight": 0.2, "stroke": false}}, {"type": "Feature", "geometry": {"type": "Polygon", "coordinates": [[[119.46470881871048, 10.07699729757374], [119.49563443732896, 10.073123021115375], [119.52656005594746, 10.072981429366788], [119.55748567456595, 10.07495037942408], [119.58841129318444, 10.07900721864308], [119.61933691180292, 10.08566147669349], [119.63237963551502, 10.096826409316556], [119.65026253042141, 10.105010111294254], [119.68118814903991, 10.118171795411564], [119.68899281136854, 10.12537709992654], [119.7121137676584, 10.15150981676811], [119.71473287539253, 10.153927790536525], [119.73404544383071, 10.182478481146507], [119.73812591261681, 10.211029171756492], [119.73532932332958, 10.239579862366476], [119.7125044626321, 10.268130552976459], [119.7121137676584, 10.268479795787684], [119.68118814903991, 10.293135025745011], [119.67270081302158, 10.296681243586441], [119.65026253042141, 10.309264197839719], [119.61933691180292, 10.313024138279903], [119.58841129318444, 10.313539995844096], [119.55748567456595, 10.310731714956784], [119.52656005594746, 10.300738210209742], [119.51930470051337, 10.296681243586441], [119.49563443732896, 10.287496640447536], [119.47321550061514, 10.268130552976459], [119.46470881871048, 10.261405392896913], [119.44238940191816, 10.239579862366476], [119.43378320009198, 10.22811594334147], [119.41813144095974, 10.211029171756492], [119.40837070285356, 10.182478481146507], [119.4083763994919, 10.153927790536525], [119.41304938558442, 10.12537709992654], [119.43378320009198, 10.098721770036724], [119.43619047512269, 10.096826409316556], [119.46470881871048, 10.07699729757374]]]}, "properties": {"fillColor": "#8A2BE2", "fillOpacity": 0.7, "color": "#000000", "weight": 0.2, "stroke": false}}, {"type": "Feature", "geometry": {"type": "Polygon", "coordinates": [[[120.48525423312068, 10.092877697479247], [120.51617985173917, 10.084163351388433], [120.54710547035766, 10.082422213318875], [120.57803108897616, 10.083754308059788], [120.60895670759464, 10.088582769814382], [120.6344541494776, 10.096826409316556], [120.63988232621314, 10.097699706587182], [120.67080794483162, 10.109662904942226], [120.69385829761941, 10.12537709992654], [120.70173356345012, 10.130473343542596], [120.72104184021309, 10.153927790536525], [120.72992869837977, 10.182478481146507], [120.7326591820686, 10.194588936769488], [120.74176583852619, 10.211029171756492], [120.73961815685882, 10.239579862366476], [120.73265918206862, 10.250065489600146], [120.72819847290273, 10.268130552976459], [120.71785071248144, 10.296681243586441], [120.70173356345012, 10.31566272857946], [120.6945714222334, 10.325231934196427], [120.67080794483162, 10.34667606126865], [120.65920976419254, 10.35378262480641], [120.63988232621315, 10.369251350352666], [120.60895670759464, 10.376337275758049], [120.58308482629116, 10.382333315416393], [120.57803108897616, 10.386345085790792], [120.54710547035766, 10.395880642017188], [120.51617985173917, 10.39949842001581], [120.48525423312068, 10.400676131405792], [120.4543286145022, 10.400745391948174], [120.42340299588369, 10.400628821723508], [120.39247737726521, 10.40095855853658], [120.36155175864671, 10.406146871992716], [120.33062614002823, 10.408450778777983], [120.29970052140973, 10.409433894375319], [120.26877490279124, 10.410551237577428], [120.26715768749798, 10.410884006026377], [120.23784928417275, 10.425803573175902], [120.20692366555426, 10.434439366823518], [120.19938182678416, 10.439434696636361], [120.18748518092016, 10.467985387246344], [120.17599804693577, 10.479751456900168], [120.15711940275277, 10.496536077856328], [120.14507242831728, 10.504733549973645], [120.11414680969878, 10.504669096556402], [120.0832211910803, 10.496627349491618], [120.0830918399613, 10.496536077856328], [120.0522955724618, 10.484901760771985], [120.0213699538433, 10.477069771543233], [119.99214490358138, 10.467985387246344], [119.99044433522482, 10.46768346980643], [119.95951871660634, 10.460028991436916], [119.93255972535788, 10.439434696636361], [119.92859309798784, 10.436665823970202], [119.89766747936935, 10.415747204562736], [119.8929871252864, 10.410884006026377], [119.87702909590881, 10.382333315416393], [119.87741865363313, 10.35378262480641], [119.89302730594103, 10.325231934196427], [119.89766747936935, 10.321122668112693], [119.92859309798783, 10.301704886438399], [119.93579021879114, 10.296681243586441], [119.95951871660633, 10.280033553853398], [119.97243698555312, 10.268130552976459], [119.99044433522482, 10.252117448848786], [120.00869990147305, 10.239579862366476], [120.0213699538433, 10.229044715307321], [120.05229557246179, 10.218870968367945], [120.0832211910803, 10.211539219924283], [120.08669619145388, 10.211029171756492], [120.11414680969878, 10.200818508278404], [120.14507242831729, 10.198429743436057], [120.17599804693577, 10.198446495298098], [120.20692366555426, 10.200002844970593], [120.23784928417275, 10.201491870255477], [120.26877490279122, 10.199824531688051], [120.29970052140973, 10.189721592183153], [120.31315732596653, 10.182478481146507], [120.33062614002823, 10.167679033532519], [120.35231601405184, 10.153927790536525], [120.36155175864673, 10.146076775089373], [120.39247737726521, 10.130707351061062], [120.40658683958313, 10.12537709992654], [120.42340299588368, 10.1127500856423], [120.45432861450217, 10.104880953137636], [120.48097705615207, 10.096826409316556], [120.48525423312068, 10.092877697479247]]]}, "properties": {"fillColor": "#8A2BE2", "fillOpacity": 0.7, "color": "#000000", "weight": 0.2, "stroke": false}}, {"type": "Feature", "geometry": {"type": "Polygon", "coordinates": [[[133.6595677645979, 10.202772951950019], [133.6904933832164, 10.204436266950736], [133.70396761928603, 10.21102917175649], [133.7214190018349, 10.211563341586741], [133.75234462045339, 10.214306962064613], [133.78327023907187, 10.22370709195874], [133.80578966763693, 10.239579862366476], [133.81419585769038, 10.240586681067834], [133.84512147630886, 10.242819103370188], [133.87604709492734, 10.245120906524829], [133.90697271354583, 10.254198934093813], [133.92504721931434, 10.268130552976459], [133.93789833216434, 10.2850919522418], [133.94768499811258, 10.296681243586441], [133.95890691176513, 10.325231934196427], [133.9607515540358, 10.35378262480641], [133.95761124719542, 10.382333315416393], [133.93978093890001, 10.410884006026377], [133.93789833216434, 10.412883741013067], [133.9237789340288, 10.439434696636361], [133.90697271354583, 10.454892312665123], [133.87604709492734, 10.46754209315638], [133.87398335999094, 10.467985387246344], [133.84512147630886, 10.486816477468704], [133.81419585769038, 10.494959397034645], [133.80814618246694, 10.496536077856328], [133.78327023907187, 10.51623448591157], [133.75542231352838, 10.525086768466313], [133.75234462045339, 10.527842589066353], [133.7214190018349, 10.544687289529124], [133.6904933832164, 10.54837067613865], [133.6595677645979, 10.549035069074], [133.62864214597943, 10.54806525838054], [133.59771652736094, 10.543632024047463], [133.56868740958882, 10.525086768466313], [133.56679090874243, 10.524869590484645], [133.53586529012395, 10.5183128047016], [133.50950738783524, 10.496536077856328], [133.50493967150547, 10.493215750452693], [133.48015165116905, 10.467985387246344], [133.47559157830608, 10.439434696636361], [133.4748181371498, 10.410884006026377], [133.47472262231548, 10.382333315416393], [133.47504339657954, 10.35378262480641], [133.47642135676472, 10.325231934196427], [133.48496311667537, 10.296681243586441], [133.50493967150547, 10.277471328703783], [133.5075248167053, 10.268130552976459], [133.53586529012395, 10.241006712301683], [133.5389212116402, 10.239579862366476], [133.56679090874243, 10.21606816280146], [133.59771652736094, 10.212431985992787], [133.62864214597943, 10.211171295546585], [133.63701586439794, 10.211029171756492], [133.6595677645979, 10.202772951950019]]]}, "properties": {"fillColor": "#8A2BE2", "fillOpacity": 0.7, "color": "#000000", "weight": 0.2, "stroke": false}}, {"type": "Feature", "geometry": {"type": "Polygon", "coordinates": [[[133.64053645014943, 10.268130552976459], [133.62864214597943, 10.268803904760272], [133.59771652736094, 10.275350882478982], [133.5676270941386, 10.296681243586441], [133.56679090874243, 10.297342003898972], [133.54169573888672, 10.325231934196426], [133.53586529012395, 10.34363330225829], [133.53025685585214, 10.35378262480641], [133.5249797467207, 10.382333315416393], [133.53187544161509, 10.410884006026377], [133.53586529012395, 10.417031297299104], [133.54860752939504, 10.439434696636361], [133.56679090874243, 10.455112599000753], [133.59771652736094, 10.467568173969788], [133.59963614643567, 10.467985387246344], [133.62864214597943, 10.479866152290011], [133.6595677645979, 10.482511341518423], [133.6904933832164, 10.477688329318903], [133.71110528264396, 10.467985387246344], [133.7214190018349, 10.465144927017722], [133.75234462045339, 10.446521482625265], [133.76172003306613, 10.439434696636361], [133.78327023907187, 10.419108717693248], [133.7950626189898, 10.410884006026377], [133.81419585769038, 10.389792559526168], [133.8220864738753, 10.382333315416393], [133.82405974649166, 10.35378262480641], [133.81419585769038, 10.34484352701235], [133.7906858539829, 10.325231934196427], [133.78327023907187, 10.32130932005063], [133.75234462045339, 10.29882495289577], [133.74963836618122, 10.296681243586441], [133.72141900183493, 10.277843024227101], [133.6904933832164, 10.269130092514763], [133.67711672954917, 10.268130552976459], [133.6595677645979, 10.265041575421257], [133.64053645014943, 10.268130552976459]]]}, "properties": {"fillColor": "#8A2BE2", "fillOpacity": 0.7, "color": "#000000", "weight": 0.2, "stroke": false}}, {"type": "Feature", "geometry": {"type": "Polygon", "coordinates": [[[124.66021274661699, 10.41627781254648], [124.69113836523547, 10.414287074741477], [124.72206398385397, 10.42719230304618], [124.73496229790874, 10.439434696636361], [124.75289563391374, 10.467985387246344], [124.75298960247245, 10.468266848942768], [124.77217538697052, 10.496536077856328], [124.78391522109095, 10.510472271719433], [124.79763647502841, 10.525086768466313], [124.81326887407684, 10.553637459076295], [124.78812594644182, 10.582188149686278], [124.78391522109095, 10.584103846679989], [124.78184017094854, 10.582188149686278], [124.76229470281606, 10.553637459076295], [124.75298960247245, 10.5399959772298], [124.72206398385397, 10.539371047579369], [124.69113836523547, 10.548054120556166], [124.66021274661699, 10.542321612718087], [124.63935326030091, 10.525086768466313], [124.6292871279985, 10.51180049879385], [124.61693496014965, 10.496536077856327], [124.61632165488223, 10.467985387246344], [124.6292871279985, 10.449721659787356], [124.6345198743139, 10.439434696636361], [124.66021274661699, 10.41627781254648]]]}, "properties": {"fillColor": "#8A2BE2", "fillOpacity": 0.7, "color": "#000000", "weight": 0.2, "stroke": false}}, {"type": "Feature", "geometry": {"type": "Polygon", "coordinates": [[[138.14378246427913, 10.435940314844038], [138.1747080828976, 10.431632939977238], [138.20563370151612, 10.423698085518975], [138.2365593201346, 10.417369902156992], [138.26748493875309, 10.414097717629554], [138.2984105573716, 10.413033792880722], [138.32933617599008, 10.413414785822757], [138.36026179460856, 10.417124345717806], [138.38915657005884, 10.439434696636361], [138.39118741322704, 10.439995207171224], [138.42211303184556, 10.444991596691573], [138.45303865046404, 10.45277993394911], [138.47542836474844, 10.467985387246344], [138.48396426908255, 10.469375879786567], [138.51488988770103, 10.474969515385713], [138.5458155063195, 10.494977063071948], [138.54813346671904, 10.496536077856328], [138.576741124938, 10.502088024704863], [138.6025533432098, 10.525086768466313], [138.6076667435565, 10.530142427544796], [138.63023846406415, 10.553637459076295], [138.638592362175, 10.581202261174601], [138.63966025970956, 10.582188149686278], [138.66535791303, 10.610738840296262], [138.66951798079347, 10.632535157122536], [138.6768342026844, 10.639289530906249], [138.6937519310518, 10.66784022151623], [138.69610114096088, 10.696390912126214], [138.69584661743474, 10.724941602736198], [138.6932386925994, 10.75349229334618], [138.6849310046023, 10.782042983956163], [138.66951798079347, 10.801999739750151], [138.66877828119485, 10.81059367456615], [138.65940278200864, 10.839144365176132], [138.638592362175, 10.857841241803161], [138.6076667435565, 10.865452761707758], [138.576741124938, 10.866765994579328], [138.5458155063195, 10.86712287327284], [138.51488988770103, 10.867632157463175], [138.51437717381117, 10.867695055786115], [138.50970916080578, 10.896245746396099], [138.50621137171262, 10.924796437006083], [138.48396426908255, 10.950076774627819], [138.4766129942882, 10.953347127616066], [138.45303865046404, 10.968061426228452], [138.42211303184556, 10.974917479389848], [138.39118741322704, 10.977941998961686], [138.36026179460856, 10.980722506885181], [138.33874565732648, 10.98189781822605], [138.32933617599008, 10.985881959964996], [138.2984105573716, 10.993919136964724], [138.26748493875309, 10.997889841728014], [138.2365593201346, 10.99977733154709], [138.20563370151612, 10.9999432059553], [138.1747080828976, 10.998027508134186], [138.14378246427913, 10.992318828808523], [138.12086628932855, 10.981897818226052], [138.11285684566064, 10.979726384008673], [138.08193122704216, 10.959821732951589], [138.0749180455382, 10.953347127616066], [138.05100560842365, 10.930079077186672], [138.0452835431414, 10.924796437006083], [138.0240422387196, 10.896245746396099], [138.02007998980517, 10.881721471508865], [138.01290804509702, 10.867695055786115], [138.0047467404426, 10.839144365176132], [138.00099718265886, 10.81059367456615], [137.9991106878592, 10.782042983956163], [137.998104705394, 10.75349229334618], [137.99763648365604, 10.724941602736198], [137.99771625697028, 10.696390912126214], [137.99858182125618, 10.66784022151623], [138.00079569465328, 10.639289530906247], [138.00580732350784, 10.610738840296264], [138.02007998980517, 10.58604903901068], [138.02107509451946, 10.582188149686278], [138.03038063946502, 10.553637459076295], [138.04230150922976, 10.525086768466313], [138.05100560842365, 10.51433179550353], [138.05766090974078, 10.496536077856328], [138.07502322129375, 10.467985387246344], [138.08193122704216, 10.461125602782822], [138.11285684566064, 10.441507212022813], [138.1295688306428, 10.439434696636361], [138.14378246427913, 10.435940314844038]]]}, "properties": {"fillColor": "#8A2BE2", "fillOpacity": 0.7, "color": "#000000", "weight": 0.2, "stroke": false}}, {"type": "Feature", "geometry": {"type": "Polygon", "coordinates": [[[138.26151961450395, 10.525086768466313], [138.2365593201346, 10.545339163159467], [138.22796647598886, 10.553637459076295], [138.2075701870769, 10.582188149686278], [138.20563370151612, 10.586183913158132], [138.19046355430996, 10.610738840296262], [138.1794971911882, 10.639289530906247], [138.1747080828976, 10.661592002898969], [138.1720549271187, 10.66784022151623], [138.1631681724508, 10.696390912126214], [138.15770077735962, 10.724941602736198], [138.15666725269733, 10.75349229334618], [138.16320157333527, 10.782042983956163], [138.1747080828976, 10.801529743917111], [138.1808249642237, 10.81059367456615], [138.20563370151612, 10.835727537672245], [138.21118940628415, 10.839144365176132], [138.2365593201346, 10.853349328651976], [138.26748493875309, 10.863056084772733], [138.29534379703915, 10.867695055786115], [138.2984105573716, 10.8682822848366], [138.32933617599008, 10.869996168344104], [138.3484241106125, 10.867695055786115], [138.36026179460856, 10.866982044824294], [138.39118741322704, 10.860828836831498], [138.42211303184556, 10.846049583133976], [138.43216373899304, 10.839144365176132], [138.45303865046404, 10.834242619192588], [138.48396426908255, 10.828952657263779], [138.51488988770103, 10.825576378500259], [138.5458155063195, 10.820329424883875], [138.56864793053194, 10.81059367456615], [138.576741124938, 10.808427468027174], [138.6076667435565, 10.784366191289669], [138.60979201929217, 10.782042983956163], [138.62678715516307, 10.75349229334618], [138.63029780814605, 10.724941602736198], [138.6274713836943, 10.696390912126214], [138.61550169030545, 10.66784022151623], [138.6076667435565, 10.65676376907452], [138.59869951375416, 10.639289530906247], [138.576741124938, 10.61348788130966], [138.573894653665, 10.610738840296262], [138.5458155063195, 10.586172444967628], [138.53610379501177, 10.582188149686278], [138.51488988770103, 10.570478716095234], [138.48396426908255, 10.561498438511896], [138.46005499543065, 10.553637459076295], [138.45303865046404, 10.55007651508563], [138.42211303184556, 10.533376116113345], [138.39688988840598, 10.525086768466313], [138.39118741322704, 10.522177080028396], [138.36026179460856, 10.508226282880118], [138.32933617599008, 10.500401257390667], [138.2984105573716, 10.503840526032903], [138.26748493875309, 10.520807557334008], [138.26151961450395, 10.525086768466313]]]}, "properties": {"fillColor": "#8A2BE2", "fillOpacity": 0.7, "color": "#000000", "weight": 0.2, "stroke": false}}, {"type": "Feature", "geometry": {"type": "Polygon", "coordinates": [[[143.5866913411336, 10.574956238851584], [143.61761695975207, 10.559596601761827], [143.64854257837055, 10.55610763673046], [143.67946819698903, 10.555066811775909], [143.71039381560755, 10.554750962090157], [143.74131943422603, 10.554718341266643], [143.7722450528445, 10.554739025328137], [143.80317067146302, 10.554735509738983], [143.8340962900815, 10.554803116156014], [143.8650219087, 10.554811821032235], [143.89594752731847, 10.553864951591287], [143.92687314593698, 10.5536764738192], [143.95779876455546, 10.554123491719215], [143.98872438317397, 10.555270682162364], [144.01965000179246, 10.557731129153638], [144.05057562041094, 10.559495855190413], [144.08150123902942, 10.562903015679698], [144.11242685764793, 10.572135242112223], [144.12753130747265, 10.582188149686278], [144.14335247626641, 10.584279879066516], [144.1742780948849, 10.59114917964697], [144.20070016021694, 10.610738840296262], [144.2052037135034, 10.611997952488228], [144.2361293321219, 10.62203343141393], [144.25714144503655, 10.639289530906247], [144.26705495074037, 10.643545668182613], [144.29714127965107, 10.66784022151623], [144.29798056935886, 10.668318242424645], [144.32890618797737, 10.69100868884503], [144.3346622762102, 10.696390912126216], [144.35890804753063, 10.724941602736198], [144.35983180659585, 10.726788207372001], [144.38321333622372, 10.75349229334618], [144.3891313471292, 10.782042983956163], [144.39075742521436, 10.79732431727404], [144.39902174125478, 10.81059367456615], [144.41023760229848, 10.839144365176132], [144.41418345586902, 10.867695055786115], [144.41747791934574, 10.896245746396099], [144.42168304383284, 10.913065070021162], [144.43057728817246, 10.924796437006083], [144.45010216238046, 10.953347127616066], [144.45260866245133, 10.960323233876274], [144.4706188534354, 10.98189781822605], [144.48176864080227, 11.010448508836035], [144.4835342810698, 11.020833052874865], [144.49641292897414, 11.038999199446017], [144.50532940597603, 11.067549890056], [144.50827740626346, 11.096100580665986], [144.50884248976058, 11.124651271275969], [144.50756602300632, 11.153201961885951], [144.50305102647974, 11.181752652495936], [144.48829073613226, 11.21030334310592], [144.4835342810698, 11.21469452695138], [144.47212918219253, 11.238854033715903], [144.4600890252073, 11.267404724325885], [144.46331745531222, 11.295955414935872], [144.4835342810698, 11.310156800025018], [144.49611525251683, 11.324506105545854], [144.50125338154373, 11.353056796155837], [144.50209261781302, 11.381607486765821], [144.49228195024864, 11.410158177375806], [144.4835342810698, 11.419119033963442], [144.45260866245133, 11.436738087134595], [144.42168304383284, 11.426419412615658], [144.40326506822726, 11.410158177375806], [144.3953622852624, 11.381607486765821], [144.3994001335024, 11.353056796155837], [144.41680767023774, 11.324506105545854], [144.42168304383284, 11.303635358207485], [144.4265337892673, 11.295955414935872], [144.42168304383284, 11.29430485368744], [144.39075742521436, 11.283754527964943], [144.35983180659585, 11.282369281175278], [144.32890618797734, 11.273781250488936], [144.29798056935886, 11.268186789830175], [144.2961559105461, 11.267404724325885], [144.26705495074037, 11.265252395011807], [144.2361293321219, 11.259268513935272], [144.2052037135034, 11.246217819005741], [144.19639340247363, 11.238854033715903], [144.1742780948849, 11.233613891003689], [144.14335247626641, 11.224579827378282], [144.1186684141594, 11.21030334310592], [144.11242685764793, 11.209219476851473], [144.08150123902942, 11.202177866643872], [144.05057562041094, 11.186079147640738], [144.04588923504008, 11.181752652495938], [144.01965000179246, 11.176784660993745], [143.98872438317397, 11.169462758643734], [143.95779876455546, 11.154803857539237], [143.9521694973131, 11.153201961885951], [143.92687314593698, 11.15252605006126], [143.89594752731847, 11.151015276053942], [143.8650219087, 11.146468356770717], [143.8340962900815, 11.13552593305821], [143.82107385410018, 11.124651271275969], [143.80317067146302, 11.116205761107867], [143.78153417887592, 11.096100580665984], [143.7722450528445, 11.082194099478347], [143.75733647500303, 11.067549890056], [143.74324412832902, 11.038999199446017], [143.74131943422603, 11.031775361125257], [143.72179784204616, 11.010448508836035], [143.71133047318202, 10.98189781822605], [143.71039381560755, 10.978273576046329], [143.68698873312778, 10.953347127616066], [143.67946819698903, 10.938044639813441], [143.66304205188993, 10.924796437006083], [143.64854257837055, 10.923172250705266], [143.61761695975207, 10.921023214166674], [143.5866913411336, 10.918102340983406], [143.55576572251508, 10.916522150153709], [143.5248401038966, 10.914821607445248], [143.49391448527808, 10.915249116898027], [143.4629888666596, 10.917523144275226], [143.43206324804112, 10.918985821061737], [143.40113762942264, 10.918692846756574], [143.37021201080415, 10.914730957491951], [143.34254999625065, 10.896245746396099], [143.33928639218564, 10.894944009576438], [143.31394749967905, 10.867695055786115], [143.30836077356716, 10.85261133156137], [143.29377358644558, 10.839144365176132], [143.29058934314787, 10.81059367456615], [143.30836077356716, 10.786812528662258], [143.30959261971836, 10.782042983956163], [143.3338992125012, 10.75349229334618], [143.33928639218564, 10.748501494466485], [143.37021201080415, 10.726603207022729], [143.37187510053897, 10.724941602736198], [143.3905003069017, 10.696390912126212], [143.40113762942264, 10.685573221616503], [143.42265072452443, 10.66784022151623], [143.43206324804112, 10.660037929813887], [143.4629888666596, 10.641099234978114], [143.47266458827346, 10.639289530906247], [143.49391448527808, 10.624607319414931], [143.5248401038966, 10.615089920770348], [143.53568441229038, 10.610738840296262], [143.55576572251508, 10.591704523474686], [143.57756880769514, 10.582188149686278], [143.5866913411336, 10.574956238851584]]]}, "properties": {"fillColor": "#8A2BE2", "fillOpacity": 0.7, "color": "#000000", "weight": 0.2, "stroke": false}}, {"type": "Feature", "geometry": {"type": "Polygon", "coordinates": [[[143.70585590169958, 10.610738840296262], [143.67946819698903, 10.61335793957498], [143.64854257837055, 10.621554048035755], [143.62169874378114, 10.639289530906247], [143.61761695975207, 10.642464057920012], [143.5899257465187, 10.66784022151623], [143.5866913411336, 10.671574882004066], [143.55576572251508, 10.690631926964663], [143.5434016131879, 10.696390912126214], [143.5248401038966, 10.70381108129156], [143.49397489723873, 10.7249416027362], [143.49391448527808, 10.725024961900614], [143.47382095305392, 10.75349229334618], [143.47271574098107, 10.782042983956163], [143.49391448527808, 10.802814778286487], [143.50598103302733, 10.81059367456615], [143.5248401038966, 10.818739791936345], [143.55576572251508, 10.829582591876127], [143.5866913411336, 10.837992177144285], [143.58982304070204, 10.839144365176132], [143.61761695975207, 10.851221741875854], [143.64854257837055, 10.859629439660615], [143.67946819698903, 10.86512295239891], [143.6853348820195, 10.867695055786115], [143.71039381560755, 10.886072987048385], [143.72060992572142, 10.896245746396099], [143.74131943422603, 10.91726918029243], [143.74702091967941, 10.924796437006083], [143.77025550794247, 10.953347127616066], [143.7722450528445, 10.955733782157298], [143.79070563025164, 10.98189781822605], [143.80317067146302, 10.99578547585276], [143.81716583374975, 11.010448508836035], [143.8340962900815, 11.02654199098622], [143.85279254733985, 11.038999199446017], [143.8650219087, 11.047914850882982], [143.89594752731847, 11.061429148017215], [143.92535934908125, 11.067549890056], [143.92687314593698, 11.068073845025467], [143.95779876455546, 11.073604717418785], [143.98872438317397, 11.074956521787383], [144.01965000179246, 11.074183975373039], [144.05057562041094, 11.073849216111208], [144.08150123902942, 11.077975653315097], [144.11242685764793, 11.087208320824551], [144.13469348344063, 11.096100580665984], [144.14335247626641, 11.100026965078882], [144.1742780948849, 11.115412546681537], [144.19493331193888, 11.124651271275969], [144.2052037135034, 11.129972411831508], [144.2361293321219, 11.143910642922116], [144.26691147822808, 11.153201961885951], [144.26705495074037, 11.153259836536844], [144.29798056935886, 11.161924748506976], [144.32890618797737, 11.166136193125098], [144.35983180659585, 11.162726815587373], [144.37436584440917, 11.153201961885951], [144.39075742521436, 11.13286410122392], [144.39567918052424, 11.124651271275969], [144.4020314486692, 11.096100580665984], [144.39908024375882, 11.067549890056], [144.39075742521436, 11.04720920077256], [144.38846220182586, 11.038999199446017], [144.3742103161057, 11.010448508836035], [144.35983180659585, 10.992698409589273], [144.35119784919638, 10.98189781822605], [144.32890618797737, 10.959265394823257], [144.32212077592578, 10.953347127616066], [144.29798056935886, 10.93058846457888], [144.29038155870637, 10.924796437006083], [144.26705495074037, 10.899568074041524], [144.2633437764204, 10.896245746396099], [144.2526395662345, 10.867695055786115], [144.25852979914754, 10.839144365176132], [144.26237925246426, 10.81059367456615], [144.25454178370035, 10.782042983956163], [144.2361293321219, 10.757074607991047], [144.23342956534572, 10.75349229334618], [144.2052037135034, 10.729060016883942], [144.1999002997151, 10.724941602736198], [144.1742780948849, 10.707681623546218], [144.15407792086353, 10.696390912126214], [144.14335247626641, 10.690353920277722], [144.11242685764793, 10.675833058491396], [144.09103699143063, 10.66784022151623], [144.08150123902942, 10.663743984381032], [144.05057562041094, 10.652045824658332], [144.01965000179246, 10.64327033068227], [144.0033805787096, 10.639289530906247], [143.98872438317397, 10.634018667550592], [143.95779876455546, 10.625115894768932], [143.92687314593698, 10.619511020716864], [143.89594752731847, 10.615657758595077], [143.8650219087, 10.613024950486649], [143.8340962900815, 10.611477287588555], [143.82044155168177, 10.610738840296262], [143.80317067146302, 10.608244921535778], [143.7722450528445, 10.60639532624304], [143.74131943422603, 10.606606675521213], [143.71039381560755, 10.609638052421445], [143.70585590169958, 10.610738840296262]]]}, "properties": {"fillColor": "#8A2BE2", "fillOpacity": 0.7, "color": "#000000", "weight": 0.2, "stroke": false}}, {"type": "Feature", "geometry": {"type": "Polygon", "coordinates": [[[140.3085757675735, 10.591803169221768], [140.339501386192, 10.586428508923666], [140.3704270048105, 10.585150182287194], [140.40135262342898, 10.585410191518159], [140.43227824204746, 10.58783627012672], [140.46320386066597, 10.603858025978276], [140.47065704077602, 10.61073884029626], [140.49412947928445, 10.620338665602148], [140.51694734881195, 10.639289530906247], [140.52505509790296, 10.650451089488808], [140.5414265723449, 10.66784022151623], [140.55598071652145, 10.695003000724432], [140.5574432590069, 10.696390912126214], [140.57664711464287, 10.724941602736198], [140.5835431877349, 10.75349229334618], [140.58472993107873, 10.782042983956163], [140.5835437715007, 10.81059367456615], [140.57771561108007, 10.839144365176132], [140.5668153007463, 10.867695055786115], [140.55598071652145, 10.881299014207379], [140.55214233386056, 10.896245746396099], [140.53281531958154, 10.924796437006083], [140.52505509790296, 10.931960713683717], [140.5130217977093, 10.953347127616066], [140.49412947928445, 10.97078861342454], [140.47181506722268, 10.98189781822605], [140.46320386066597, 10.98984772853219], [140.43227824204746, 11.006587123663628], [140.41707748175008, 11.010448508836035], [140.40135262342898, 11.023387017749474], [140.3704270048105, 11.03589206143762], [140.35274099660387, 11.038999199446017], [140.339501386192, 11.046627155203673], [140.3085757675735, 11.046670261009092], [140.29759472387312, 11.038999199446017], [140.27765014895502, 11.036726084512587], [140.24672453033654, 11.03340665720286], [140.21579891171803, 11.023699198096597], [140.20174907588392, 11.010448508836035], [140.18612786600156, 10.98189781822605], [140.18487329309954, 10.979732233911836], [140.15940814856262, 10.953347127616066], [140.15600268750396, 10.924796437006083], [140.1543882795677, 10.896245746396099], [140.15394767448106, 10.885124942615887], [140.1417916777413, 10.867695055786115], [140.13606230562354, 10.839144365176132], [140.1367500516714, 10.81059367456615], [140.14324773776326, 10.782042983956163], [140.15394767448106, 10.762055288098196], [140.1544267322734, 10.75349229334618], [140.15750903634765, 10.724941602736198], [140.1676622271081, 10.696390912126214], [140.18487329309954, 10.676552944973187], [140.1884579356857, 10.66784022151623], [140.21579891171803, 10.64178522191565], [140.21924380702762, 10.639289530906247], [140.24672453033654, 10.617516930993705], [140.27765014895502, 10.611090349428093], [140.2802455148768, 10.610738840296262], [140.3085757675735, 10.591803169221768]]]}, "properties": {"fillColor": "#8A2BE2", "fillOpacity": 0.7, "color": "#000000", "weight": 0.2, "stroke": false}}, {"type": "Feature", "geometry": {"type": "Polygon", "coordinates": [[[140.2792341582975, 10.696390912126214], [140.27765014895502, 10.697441912335735], [140.2507609030994, 10.724941602736198], [140.24672453033654, 10.731698439247726], [140.2317700564666, 10.75349229334618], [140.2217447676387, 10.782042983956163], [140.21697132883335, 10.81059367456615], [140.21579891171803, 10.830056560983731], [140.21447949669525, 10.839144365176132], [140.21579891171803, 10.848688826827543], [140.21706079218046, 10.867695055786113], [140.2256665600535, 10.896245746396099], [140.24672453033654, 10.921773396748693], [140.25086953337038, 10.924796437006083], [140.27765014895502, 10.942156786668797], [140.3085757675735, 10.94726378832581], [140.339501386192, 10.946125974910077], [140.3704270048105, 10.94011870199433], [140.40135262342898, 10.925450025263766], [140.4023329995055, 10.924796437006083], [140.43227824204746, 10.90118846207821], [140.43678790249857, 10.8962457463961], [140.45559865804216, 10.867695055786115], [140.46320386066597, 10.843078984236625], [140.46523477460087, 10.839144365176132], [140.47302949990583, 10.81059367456615], [140.47415492715095, 10.782042983956163], [140.4676465460655, 10.75349229334618], [140.46320386066597, 10.745225454134255], [140.45463737233413, 10.724941602736198], [140.43227824204746, 10.698593115229597], [140.43023496490278, 10.696390912126214], [140.40135262342898, 10.67552176402847], [140.3704270048105, 10.668560467266426], [140.339501386192, 10.669290480565879], [140.3085757675735, 10.6767397356618], [140.2792341582975, 10.696390912126214]]]}, "properties": {"fillColor": "#8A2BE2", "fillOpacity": 0.7, "color": "#000000", "weight": 0.2, "stroke": false}}, {"type": "Feature", "geometry": {"type": "Polygon", "coordinates": [[[135.70065859341832, 10.61593448887914], [135.70509544945492, 10.639289530906247], [135.70065859341832, 10.643246577038205], [135.68905655541445, 10.639289530906247], [135.70065859341832, 10.61593448887914]]]}, "properties": {"fillColor": "#8A2BE2", "fillOpacity": 0.7, "color": "#000000", "weight": 0.2, "stroke": false}}, {"type": "Feature", "geometry": {"type": "Polygon", "coordinates": [[[139.69006339520368, 10.635055106022577], [139.7209890138222, 10.633093007047655], [139.75191463244067, 10.637234567690308], [139.75414053336752, 10.639289530906247], [139.78284025105916, 10.653279319794915], [139.81104303745175, 10.66784022151623], [139.81376586967764, 10.674644807434655], [139.82128309216625, 10.696390912126214], [139.81376586967764, 10.722685276803624], [139.81237227589114, 10.724941602736198], [139.78284025105916, 10.73546739427032], [139.75191463244067, 10.745610592715053], [139.7360184324598, 10.75349229334618], [139.7209890138222, 10.765667898501505], [139.69006339520368, 10.774278070086183], [139.6591377765852, 10.773407886294176], [139.63373647936626, 10.75349229334618], [139.63188715681034, 10.724941602736198], [139.6339480943479, 10.696390912126214], [139.64332548580649, 10.66784022151623], [139.6591377765852, 10.649626399544946], [139.67976457759886, 10.639289530906247], [139.69006339520368, 10.635055106022577]]]}, "properties": {"fillColor": "#8A2BE2", "fillOpacity": 0.7, "color": "#000000", "weight": 0.2, "stroke": false}}, {"type": "Feature", "geometry": {"type": "Polygon", "coordinates": [[[135.97898916098475, 10.694985635370637], [136.00991477960324, 10.683809209343488], [136.03165694440003, 10.696390912126214], [136.04084039822175, 10.697994695282931], [136.07176601684023, 10.701485580792232], [136.1026916354587, 10.713655339252341], [136.1156980276828, 10.724941602736198], [136.1336172540772, 10.74181888416243], [136.14441708541585, 10.75349229334618], [136.15421929700568, 10.782042983956163], [136.15395195765848, 10.81059367456615], [136.13933711161332, 10.839144365176132], [136.1336172540772, 10.844424967154104], [136.1026916354587, 10.858037364149292], [136.07176601684023, 10.86017628942113], [136.04084039822175, 10.858020570839528], [136.00991477960324, 10.843806199019085], [136.0048651611033, 10.839144365176132], [135.97898916098475, 10.8220598256501], [135.96656922269713, 10.81059367456615], [135.94806354236624, 10.78395115557112], [135.9459966435851, 10.782042983956163], [135.93534459810428, 10.75349229334618], [135.94162520001075, 10.724941602736198], [135.94806354236624, 10.718746231584452], [135.97742372765615, 10.696390912126214], [135.97898916098475, 10.694985635370637]]]}, "properties": {"fillColor": "#8A2BE2", "fillOpacity": 0.7, "color": "#000000", "weight": 0.2, "stroke": false}}, {"type": "Feature", "geometry": {"type": "Polygon", "coordinates": [[[133.81419585769038, 10.742897333557842], [133.84512147630886, 10.7406778133139], [133.87604709492734, 10.741472024558647], [133.90697271354583, 10.745527773121701], [133.92736679596777, 10.75349229334618], [133.93789833216434, 10.75431171237584], [133.96882395078282, 10.763715367433072], [133.98886044206807, 10.782042983956163], [133.99974956940133, 10.799353974654691], [134.0100560281453, 10.81059367456615], [134.0236141968767, 10.839144365176132], [134.0284548475223, 10.867695055786115], [134.02899098172716, 10.896245746396099], [134.0298558429617, 10.924796437006083], [134.0306751880198, 10.930322283146616], [134.0616008066383, 10.949587014085404], [134.09252642525678, 10.947490983747683], [134.1234520438753, 10.944795944203614], [134.15437766249377, 10.93735872711581], [134.18530328111225, 10.930688953306962], [134.21622889973077, 10.927108385675663], [134.24715451834925, 10.925228722199943], [134.26896211154565, 10.924796437006083], [134.27808013696773, 10.922300170587107], [134.3090057555862, 10.918164340065893], [134.33993137420472, 10.917393544795754], [134.3708569928232, 10.919815635817947], [134.3926214540977, 10.924796437006083], [134.4017826114417, 10.924974504709374], [134.4327082300602, 10.926064959342595], [134.46363384867868, 10.92702919583633], [134.47442038031568, 10.924796437006083], [134.49455946729717, 10.908755235040111], [134.52548508591568, 10.899154758379279], [134.55080265886752, 10.896245746396099], [134.55641070453416, 10.892912000398727], [134.58733632315264, 10.885459039538055], [134.61826194177115, 10.881880014624576], [134.64918756038963, 10.883729382331843], [134.6723971657945, 10.8962457463961], [134.68011317900812, 10.89814405398483], [134.70437885769945, 10.924796437006083], [134.7110387976266, 10.937830357609393], [134.7419644162451, 10.937329599151823], [134.7584336666804, 10.924796437006083], [134.7728900348636, 10.909912123599113], [134.78786689734858, 10.896245746396099], [134.80381565348208, 10.881858273650442], [134.8347412721006, 10.870888589448962], [134.86566689071907, 10.884193750179143], [134.87817084497496, 10.896245746396099], [134.88984401719745, 10.924796437006083], [134.89659250933755, 10.930393791201057], [134.92751812795603, 10.934766153480574], [134.95844374657455, 10.935029689127859], [134.98789233220444, 10.953347127616066], [134.98936936519303, 10.954564968039504], [135.02029498381154, 10.973020203769373], [135.0276007782135, 10.953347127616066], [135.0363974583747, 10.924796437006083], [135.05122060243002, 10.905815297115321], [135.0526214812657, 10.896245746396099], [135.05936761705715, 10.867695055786115], [135.0821462210485, 10.84052207761195], [135.08257081840767, 10.839144365176132], [135.09680753444366, 10.81059367456615], [135.113071839667, 10.795578384099493], [135.1354207234109, 10.782042983956163], [135.14399745828553, 10.774124898084725], [135.17492307690398, 10.759882842070756], [135.20584869552246, 10.758356362877974], [135.23677431414097, 10.762222376355826], [135.258243656505, 10.782042983956163], [135.26769993275946, 10.791106431434596], [135.2888081804458, 10.81059367456615], [135.29456482958537, 10.839144365176132], [135.29576805782938, 10.867695055786115], [135.29647038886924, 10.896245746396099], [135.29862555137794, 10.918348396452764], [135.30560995836524, 10.924796437006083], [135.31938443940842, 10.953347127616066], [135.32481662655977, 10.981897818226052], [135.32954783365878, 11.010448508836035], [135.32955116999642, 11.010479542873053], [135.3462022050361, 11.038999199446017], [135.35042176747882, 11.067549890056], [135.35035589857023, 11.096100580665984], [135.34587029661915, 11.124651271275969], [135.32955116999642, 11.150274317802571], [135.32924166510438, 11.153201961885951], [135.32465536964312, 11.181752652495936], [135.31342311642243, 11.21030334310592], [135.29862555137794, 11.225027855237862], [135.29470855954773, 11.238854033715903], [135.28119459178157, 11.267404724325885], [135.26769993275946, 11.281017606450249], [135.25515827561262, 11.295955414935872], [135.23677431414097, 11.313082561241941], [135.21747689166475, 11.324506105545854], [135.20584869552246, 11.333762808336383], [135.17492307690398, 11.351170877316708], [135.17199817672136, 11.353056796155837], [135.1439974582855, 11.378076176336343], [135.14168355965248, 11.381607486765821], [135.13506535979025, 11.410158177375806], [135.1439974582855, 11.434687288194404], [135.14835356457277, 11.438708867985788], [135.17492307690398, 11.442937894898542], [135.20584869552246, 11.44654416043046], [135.23677431414097, 11.45183406476568], [135.26769993275946, 11.450763941255119], [135.29862555137794, 11.442692157362886], [135.30586798073818, 11.438708867985788], [135.32955116999642, 11.41684442551461], [135.33034650086503, 11.410158177375806], [135.3314612874741, 11.381607486765821], [135.33528592257565, 11.353056796155837], [135.35972532177004, 11.324506105545854], [135.36047678861493, 11.323768927348928], [135.3887864939518, 11.295955414935872], [135.39140240723341, 11.293702417726013], [135.4223280258519, 11.270614024906827], [135.43159476820327, 11.267404724325885], [135.4532536444704, 11.250936598008831], [135.4841792630889, 11.240396748050419], [135.49287300996986, 11.238854033715903], [135.51510488170737, 11.225581769361877], [135.54603050032588, 11.220518620045393], [135.57695611894437, 11.219932614078566], [135.60788173756285, 11.222222653499827], [135.63880735618136, 11.228289097344216], [135.666793907853, 11.238854033715903], [135.66973297479984, 11.239129196547822], [135.70065859341832, 11.242392218865483], [135.7315842120368, 11.246651985082607], [135.76250983065532, 11.249059166740857], [135.7934354492738, 11.25217030877281], [135.82436106789228, 11.256644079746161], [135.8552866865108, 11.264147875610302], [135.85894926436507, 11.267404724325885], [135.88621230512928, 11.273679248193625], [135.91713792374776, 11.279817457864606], [135.94621744819185, 11.295955414935872], [135.94806354236624, 11.2969121596179], [135.97829465761598, 11.324506105545854], [135.97898916098475, 11.32575638577495], [135.99581999911535, 11.353056796155837], [136.0067597155481, 11.381607486765821], [136.00892715457653, 11.410158177375806], [136.0084437127199, 11.438708867985788], [135.99946021922017, 11.467259558595773], [135.9948886280008, 11.495810249205757], [135.98546420832116, 11.52436093981574], [135.97898916098475, 11.53033873691229], [135.95997750111994, 11.552911630425722], [135.94806354236624, 11.563910658594331], [135.91713792374776, 11.567737717442846], [135.88621230512928, 11.567337290562541], [135.8552866865108, 11.566005848626563], [135.82436106789228, 11.565255534305013], [135.7934354492738, 11.565534228284278], [135.76250983065532, 11.572208017928194], [135.7315842120368, 11.578937065902732], [135.72933987182515, 11.581462321035707], [135.72761032552035, 11.610013011645691], [135.7315842120368, 11.614567032095982], [135.76250983065532, 11.613304503232436], [135.7934354492738, 11.612270992005234], [135.82436106789228, 11.612291720975335], [135.8552866865108, 11.613603960192357], [135.88621230512928, 11.620435866176084], [135.91209547215584, 11.638563702255674], [135.91713792374776, 11.639690361847087], [135.94806354236624, 11.65763733168455], [135.95987143133982, 11.66711439286566], [135.97898916098475, 11.679572883023937], [135.99445753819668, 11.695665083475642], [136.00831980547255, 11.724215774085625], [136.00991477960324, 11.729182613828556], [136.02925967102644, 11.752766464695608], [136.03637625382038, 11.781317155305594], [136.04084039822175, 11.785739903249896], [136.07176601684023, 11.781532440615454], [136.07503909461886, 11.781317155305594], [136.1026916354587, 11.771879885222514], [136.1336172540772, 11.777075919963988], [136.14021573981844, 11.781317155305594], [136.1645428726957, 11.787780949221071], [136.18916579715642, 11.809867845915576], [136.1954684913142, 11.825548823503187], [136.20523732919145, 11.83841853652556], [136.2121641838616, 11.866969227135543], [136.20927682095927, 11.895519917745528], [136.1954684913142, 11.919006869616524], [136.19454429302402, 11.92407060835551], [136.18054424975557, 11.952621298965495], [136.1645428726957, 11.968020379087607], [136.14208792323365, 11.98117198957548], [136.1336172540772, 11.987668855905302], [136.1026916354587, 12.006385855455765], [136.0888257883907, 12.009722680185462], [136.07176601684023, 12.020644872929065], [136.04680192042915, 12.038273370795444], [136.04084039822175, 12.044071990300502], [136.02766060816435, 12.066824061405429], [136.00991477960324, 12.084070979956998], [135.9949114819224, 12.095374752015413], [135.97898916098475, 12.109338201809221], [135.94806354236624, 12.121348618452933], [135.92697792774027, 12.123925442625396], [135.91713792374776, 12.129243716531523], [135.88621230512928, 12.138138034666031], [135.8552866865108, 12.140283618819037], [135.82436106789228, 12.139563085741276], [135.7934354492738, 12.137276115518581], [135.76250983065532, 12.133366639685022], [135.7315842120368, 12.12556035458833], [135.7264966809089, 12.123925442625396], [135.70065859341832, 12.121455433074612], [135.66973297479984, 12.118051859820916], [135.63959087566553, 12.123925442625394], [135.63880735618136, 12.124337420330475], [135.61399206099944, 12.15247613323538], [135.60788173756285, 12.163177986058788], [135.59698522260447, 12.181026823845365], [135.57695611894437, 12.197229407599602], [135.55496555496148, 12.209577514455347], [135.54603050032588, 12.21583976102624], [135.51510488170737, 12.221980974747428], [135.4841792630889, 12.221556401137265], [135.4532536444704, 12.222509151826994], [135.4223280258519, 12.226154048528484], [135.39140240723341, 12.228259422264033], [135.36047678861493, 12.223656530353395], [135.3309557344313, 12.209577514455347], [135.32955116999642, 12.208964594645785], [135.29862555137794, 12.186307844382972], [135.2935949690737, 12.181026823845366], [135.28522875522268, 12.152476133235378], [135.29862555137794, 12.130574656079357], [135.30298189020618, 12.123925442625396], [135.32954185339403, 12.095374752015413], [135.32955116999642, 12.094430672438397], [135.3296633932412, 12.066824061405429], [135.32955116999642, 12.06661703236189], [135.30959377093384, 12.038273370795444], [135.30268454786295, 12.009722680185462], [135.30351437157637, 11.98117198957548], [135.31585568582912, 11.952621298965495], [135.32955116999642, 11.939069114509266], [135.3394490436595, 11.92407060835551], [135.36047678861493, 11.904169277853319], [135.36615326243012, 11.895519917745528], [135.36047678861493, 11.890380000627566], [135.32955116999642, 11.891998371920504], [135.29862555137794, 11.895322768496575], [135.29763188745594, 11.895519917745528], [135.26769993275946, 11.91565951485441], [135.23677431414097, 11.923165107515501], [135.23305510720922, 11.92407060835551], [135.20584869552246, 11.938630309746042], [135.17492307690398, 11.949387343968764], [135.1439974582855, 11.938479338487783], [135.113071839667, 11.933265947236945], [135.0821462210485, 11.929588975716701], [135.06110852957306, 11.92407060835551], [135.05122060243002, 11.922889138217622], [135.02029498381154, 11.913352350878675], [134.98936936519303, 11.899937607659172], [134.9843992656435, 11.895519917745528], [134.95844374657455, 11.870452618066835], [134.95469172549383, 11.866969227135543], [134.9323744637226, 11.838418536525559], [134.92751812795603, 11.83058164211537], [134.90404954457162, 11.809867845915576], [134.89659250933755, 11.806878984657402], [134.86566689071907, 11.804700610516097], [134.8347412721006, 11.804792596018304], [134.80381565348208, 11.803447428003548], [134.7728900348636, 11.79813897177873], [134.75254455955292, 11.781317155305594], [134.7419644162451, 11.772150746432729], [134.72192906704032, 11.752766464695608], [134.7110387976266, 11.738357467640267], [134.69687155787636, 11.724215774085625], [134.68011317900812, 11.700846707538057], [134.67520214479896, 11.695665083475644], [134.66324964819262, 11.667114392865658], [134.65982145171347, 11.638563702255674], [134.6557549937305, 11.610013011645691], [134.65205999298988, 11.581462321035708], [134.64918756038963, 11.555834687009513], [134.64847166603616, 11.552911630425722], [134.64101630080341, 11.52436093981574], [134.63676093334092, 11.495810249205757], [134.63858057341938, 11.467259558595774], [134.64918756038963, 11.454440841963851], [134.67610971731187, 11.438708867985786], [134.65227746229402, 11.410158177375806], [134.64918756038963, 11.408359607016992], [134.62021012235056, 11.381607486765821], [134.61826194177115, 11.378426996582613], [134.59078137559533, 11.353056796155837], [134.58733632315264, 11.338146225515555], [134.5725615790368, 11.324506105545854], [134.56052672500374, 11.295955414935872], [134.55870065057422, 11.267404724325885], [134.55852777317304, 11.238854033715903], [134.55906723557996, 11.21030334310592], [134.5591261907897, 11.181752652495936], [134.55641070453416, 11.173384571280684], [134.52548508591568, 11.175579646258232], [134.49455946729717, 11.174098838856818], [134.4703900307835, 11.181752652495936], [134.48160622348553, 11.21030334310592], [134.48457848952955, 11.238854033715903], [134.4813235273914, 11.267404724325885], [134.4657573507118, 11.295955414935872], [134.46363384867868, 11.297915842964994], [134.4327082300602, 11.315062079838897], [134.4177711170061, 11.324506105545854], [134.4017826114417, 11.340025458751256], [134.37913459962056, 11.353056796155837], [134.3708569928232, 11.359882077831774], [134.33993137420472, 11.375635074018502], [134.32850222572992, 11.381607486765821], [134.3090057555862, 11.394837817570057], [134.27808013696773, 11.406132973944894], [134.26528187602602, 11.410158177375806], [134.24715451834925, 11.419628892968435], [134.21622889973077, 11.424974995991658], [134.18530328111225, 11.427354165539338], [134.1560817287894, 11.438708867985788], [134.15437766249377, 11.440282070778757], [134.1234520438753, 11.442680291474112], [134.09252642525678, 11.442915535353363], [134.0616008066383, 11.442839927274303], [134.0306751880198, 11.443883195896339], [133.99974956940133, 11.446046897863306], [133.96882395078282, 11.447753544830993], [133.93789833216434, 11.446925005953556], [133.90697271354583, 11.440497907656406], [133.90491603869893, 11.438708867985788], [133.87604709492734, 11.420206748673005], [133.86525009947044, 11.410158177375806], [133.84512147630886, 11.381884358348184], [133.8448364028952, 11.381607486765821], [133.84238730933114, 11.353056796155837], [133.84512147630886, 11.350532599100307], [133.87604709492734, 11.326768765709968], [133.90697271354583, 11.338243348845612], [133.93789833216434, 11.335655312868436], [133.95258883855794, 11.324506105545854], [133.96882395078282, 11.298755640171159], [133.9697986070756, 11.295955414935872], [133.9723163911199, 11.267404724325885], [133.98419803915934, 11.238854033715903], [133.99974956940133, 11.228359933217217], [134.0306751880198, 11.21448207498994], [134.0415803826189, 11.21030334310592], [134.0616008066383, 11.184050687461463], [134.0621096848161, 11.181752652495936], [134.0616008066383, 11.180757746935155], [134.04112208309695, 11.153201961885951], [134.0306751880198, 11.137649503059546], [134.01722389336234, 11.124651271275969], [133.99974956940133, 11.097819303528974], [133.9970449123102, 11.096100580665984], [133.96882395078282, 11.077953888404597], [133.9622722176772, 11.096100580665984], [133.95124582533452, 11.124651271275969], [133.93789833216434, 11.141306361044899], [133.93449882051326, 11.153201961885951], [133.92614513054127, 11.181752652495936], [133.90697271354583, 11.20398425141721], [133.90486726499745, 11.21030334310592], [133.89603872481769, 11.238854033715903], [133.87604709492734, 11.260454412110601], [133.86823680034377, 11.267404724325885], [133.84512147630886, 11.287570746770308], [133.81419585769038, 11.293503509211979], [133.78327023907187, 11.294417754272258], [133.75234462045339, 11.292524853664066], [133.7214190018349, 11.28279433743064], [133.702978674383, 11.267404724325885], [133.6904933832164, 11.261055419116024], [133.66219875297878, 11.238854033715903], [133.6595677645979, 11.237879813351467], [133.62864214597943, 11.235671663277472], [133.59771652736094, 11.23573684115351], [133.56679090874243, 11.234090955034848], [133.53586529012395, 11.219751676314946], [133.52071344119526, 11.21030334310592], [133.50493967150547, 11.20314038097691], [133.48307785638778, 11.181752652495936], [133.47401405288696, 11.164763651654685], [133.4646574503961, 11.153201961885951], [133.4509960245089, 11.124651271275969], [133.44469328975742, 11.096100580665986], [133.44317060020705, 11.067549890056], [133.44333389256713, 11.038999199446017], [133.44763894176182, 11.010448508836035], [133.45367823538655, 10.98189781822605], [133.46627736573734, 10.953347127616068], [133.47401405288696, 10.944532141630283], [133.48622154234658, 10.924796437006083], [133.50493967150547, 10.906952748627681], [133.52685415697417, 10.8962457463961], [133.53586529012395, 10.889919216716184], [133.56512258071496, 10.867695055786115], [133.56679090874243, 10.866113240849987], [133.59771652736094, 10.842995542349682], [133.61026541616835, 10.839144365176132], [133.62864214597943, 10.825656164628274], [133.6595677645979, 10.812733617303596], [133.66469911983484, 10.81059367456615], [133.6904933832164, 10.789371599943658], [133.7141205309991, 10.782042983956163], [133.7214190018349, 10.776260700213482], [133.75234462045339, 10.756702286328863], [133.78327023907187, 10.753526613574918], [133.78404413974044, 10.75349229334618], [133.81419585769038, 10.742897333557842]]]}, "properties": {"fillColor": "#8A2BE2", "fillOpacity": 0.7, "color": "#000000", "weight": 0.2, "stroke": false}}, {"type": "Feature", "geometry": {"type": "Polygon", "coordinates": [[[133.73784898099018, 10.867695055786115], [133.7214190018349, 10.87629243761506], [133.69362903744118, 10.896245746396099], [133.6904933832164, 10.898363666428194], [133.6595677645979, 10.922184412822533], [133.65639572779276, 10.924796437006083], [133.62864214597943, 10.95259459228312], [133.6278787022123, 10.953347127616066], [133.60599856338473, 10.981897818226052], [133.59771652736094, 11.00392343613207], [133.59439095078224, 11.010448508836035], [133.58892776660534, 11.038999199446017], [133.59329300557397, 11.067549890056], [133.59771652736094, 11.075708319867447], [133.61173067552818, 11.096100580665983], [133.62864214597943, 11.107986121777156], [133.6595677645979, 11.11918836638552], [133.68335688003762, 11.124651271275969], [133.6904933832164, 11.126861075590979], [133.7214190018349, 11.135981881849197], [133.75234462045339, 11.14097594390732], [133.78327023907187, 11.131982110374327], [133.7901870430574, 11.124651271275969], [133.8126339903583, 11.096100580665983], [133.81419585769038, 11.094057854715027], [133.82986850581185, 11.067549890056], [133.84299996719915, 11.038999199446017], [133.84512147630886, 11.033992588196327], [133.85746980480246, 11.010448508836035], [133.86793291716342, 10.98189781822605], [133.8757008305053, 10.953347127616068], [133.87604709492734, 10.95186883222646], [133.8859166908706, 10.924796437006083], [133.89084747833644, 10.896245746396099], [133.88006551007953, 10.867695055786115], [133.87604709492734, 10.864059386576786], [133.84512147630886, 10.84679893640442], [133.81419585769038, 10.842312905329656], [133.78327023907187, 10.846458857110665], [133.75234462045339, 10.858481904094809], [133.73784898099018, 10.867695055786115]]]}, "properties": {"fillColor": "#8A2BE2", "fillOpacity": 0.7, "color": "#000000", "weight": 0.2, "stroke": false}}, {"type": "Feature", "geometry": {"type": "Polygon", "coordinates": [[[135.16437449469322, 10.896245746396099], [135.14766060745134, 10.924796437006083], [135.14399745828553, 10.930432568377146], [135.13425432760053, 10.953347127616066], [135.12545321498948, 10.98189781822605], [135.12149055831028, 11.010448508836035], [135.12313802754454, 11.038999199446017], [135.12837544290764, 11.067549890056], [135.13247687203113, 11.096100580665984], [135.1323996607431, 11.124651271275969], [135.12795016946217, 11.153201961885951], [135.1209695677305, 11.181752652495936], [135.14399745828547, 11.200947029778993], [135.17492307690398, 11.190614124213315], [135.18583423331233, 11.181752652495936], [135.20584869552246, 11.164979522496779], [135.21419793464798, 11.153201961885951], [135.22849599486605, 11.124651271275969], [135.2366159863562, 11.096100580665984], [135.23677431414097, 11.09302150067617], [135.2379123814419, 11.067549890056], [135.23677431414097, 11.059248350564943], [135.23422991321, 11.038999199446017], [135.22844604931117, 11.010448508836035], [135.22139898679788, 10.98189781822605], [135.21572435726688, 10.953347127616066], [135.21196201952688, 10.924796437006083], [135.20846478670754, 10.896245746396099], [135.20584869552246, 10.89009506993601], [135.17492307690398, 10.882915874688495], [135.16437449469322, 10.896245746396099]]]}, "properties": {"fillColor": "#8A2BE2", "fillOpacity": 0.7, "color": "#000000", "weight": 0.2, "stroke": false}}, {"type": "Feature", "geometry": {"type": "Polygon", "coordinates": [[[134.24796298329832, 11.010448508836035], [134.24715451834925, 11.01066650846754], [134.21622889973077, 11.026455233170129], [134.20082819311978, 11.038999199446017], [134.18530328111225, 11.0639650488004], [134.18282116995024, 11.067549890056], [134.1802734651635, 11.096100580665986], [134.18530328111225, 11.105502171907933], [134.19495042640327, 11.124651271275969], [134.21622889973077, 11.14305232102381], [134.2360621569644, 11.153201961885951], [134.24715451834925, 11.158737096996354], [134.27808013696773, 11.166592310694869], [134.3090057555862, 11.166921262364216], [134.33993137420472, 11.15755622234289], [134.3460064788533, 11.153201961885951], [134.3708569928232, 11.139395378941064], [134.38641542886012, 11.124651271275969], [134.4017826114417, 11.108621421491181], [134.41447936050176, 11.096100580665984], [134.432058937586, 11.067549890056], [134.4327082300602, 11.05676945524403], [134.43499564619484, 11.038999199446017], [134.4327082300602, 11.036660300588457], [134.4017826114417, 11.013173592333327], [134.39268688724528, 11.010448508836035], [134.3708569928232, 11.0042244124398], [134.33993137420472, 10.99987221220496], [134.3090057555862, 10.99867095126946], [134.27808013696773, 11.001326524876447], [134.24796298329832, 11.010448508836035]]]}, "properties": {"fillColor": "#8A2BE2", "fillOpacity": 0.7, "color": "#000000", "weight": 0.2, "stroke": false}}, {"type": "Feature", "geometry": {"type": "Polygon", "coordinates": [[[134.58620591345343, 11.010448508836035], [134.58733632315264, 11.019434686156842], [134.5891776417674, 11.010448508836035], [134.58733632315264, 11.009955888732705], [134.58620591345343, 11.010448508836035]]]}, "properties": {"fillColor": "#8A2BE2", "fillOpacity": 0.7, "color": "#000000", "weight": 0.2, "stroke": false}}, {"type": "Feature", "geometry": {"type": "Polygon", "coordinates": [[[134.68787775604613, 11.067549890056], [134.68011317900812, 11.073934699734647], [134.6688052846023, 11.096100580665984], [134.6577733844849, 11.124651271275969], [134.64918756038963, 11.140077337804415], [134.64029544785126, 11.153201961885951], [134.62994583184633, 11.181752652495936], [134.62609112257047, 11.21030334310592], [134.62346082813687, 11.238854033715903], [134.62302709321978, 11.267404724325885], [134.62628531128166, 11.295955414935872], [134.63785643851864, 11.324506105545854], [134.64918756038963, 11.338073048587422], [134.6582569664523, 11.353056796155837], [134.68011317900812, 11.373416988050433], [134.6938751102339, 11.381607486765821], [134.7110387976266, 11.394512111738269], [134.7419644162451, 11.405222684632841], [134.7728900348636, 11.407784282599046], [134.80381565348208, 11.405358555360827], [134.8347412721006, 11.391613462768492], [134.8479767628882, 11.381607486765821], [134.8616155094252, 11.353056796155837], [134.8655544386332, 11.324506105545854], [134.86566689071907, 11.322118364754422], [134.87068015462248, 11.295955414935872], [134.8765337590005, 11.267404724325885], [134.88079948623647, 11.238854033715903], [134.8864468286248, 11.21030334310592], [134.89354448798406, 11.181752652495936], [134.89659250933755, 11.1654067500559], [134.9069272243314, 11.153201961885951], [134.90717412737118, 11.124651271275969], [134.89659250933755, 11.117073472032537], [134.86566689071907, 11.101991669253124], [134.8347412721006, 11.097166104423602], [134.82576264668333, 11.096100580665984], [134.80381565348208, 11.090529639265934], [134.77289003486356, 11.079300289140352], [134.7419644162451, 11.06778241168088], [134.74067113357006, 11.067549890056], [134.7110387976266, 11.057678992252274], [134.68787775604613, 11.067549890056]]]}, "properties": {"fillColor": "#8A2BE2", "fillOpacity": 0.7, "color": "#000000", "weight": 0.2, "stroke": false}}, {"type": "Feature", "geometry": {"type": "Polygon", "coordinates": [[[134.95837612660713, 11.21030334310592], [134.95047294705526, 11.238854033715903], [134.94499423870323, 11.267404724325885], [134.9387512883327, 11.295955414935872], [134.92751812795603, 11.323056983283855], [134.9266178588353, 11.324506105545854], [134.9115320764675, 11.353056796155837], [134.90117963051853, 11.381607486765821], [134.89659250933755, 11.393155082534468], [134.8887417547746, 11.410158177375806], [134.8773283922485, 11.438708867985788], [134.8675736984029, 11.467259558595773], [134.86566689071907, 11.478797219201674], [134.86225753763526, 11.495810249205757], [134.86566689071907, 11.519104924977947], [134.8663935778691, 11.52436093981574], [134.89269245762668, 11.552911630425722], [134.89659250933755, 11.555796899961765], [134.92599218265096, 11.581462321035707], [134.92751812795603, 11.582853905764228], [134.95844374657455, 11.608671667239058], [134.96016683649427, 11.610013011645691], [134.98936936519303, 11.630998207025623], [135.00055439214663, 11.638563702255674], [135.02029498381154, 11.651845165544472], [135.04428667994617, 11.667114392865658], [135.05122060243002, 11.671916429745934], [135.0821462210485, 11.69271204008713], [135.0864349819092, 11.695665083475642], [135.113071839667, 11.716377412019053], [135.12410662977305, 11.724215774085625], [135.1439974582855, 11.740386995402815], [135.16285273443677, 11.752766464695608], [135.17492307690398, 11.761526077205602], [135.20584869552246, 11.777104247361814], [135.22457945943836, 11.781317155305594], [135.23677431414097, 11.78483255633946], [135.26769993275946, 11.788423573607924], [135.29862555137794, 11.79136971976875], [135.32955116999642, 11.793442367013377], [135.36047678861493, 11.793833241888603], [135.39140240723341, 11.794138046052083], [135.4223280258519, 11.799964587827581], [135.44306046746215, 11.809867845915576], [135.4532536444704, 11.818484134505452], [135.47033500313623, 11.838418536525559], [135.4841792630889, 11.85989251272618], [135.48909333955103, 11.866969227135543], [135.50768561400946, 11.895519917745528], [135.51510488170737, 11.904765683449327], [135.54603050032588, 11.92224541829512], [135.5722972039335, 11.92407060835551], [135.57695611894437, 11.924408712089143], [135.57765421478382, 11.92407060835551], [135.60788173756285, 11.90852659442955], [135.6253155141734, 11.895519917745528], [135.63880735618136, 11.886405637633903], [135.66836112429846, 11.866969227135542], [135.66973297479984, 11.866028893446462], [135.6944832757186, 11.838418536525559], [135.70065859341832, 11.823937463464619], [135.70668863941975, 11.809867845915576], [135.7088154289627, 11.781317155305594], [135.70065859341832, 11.759525200923417], [135.69877120697547, 11.75276646469561], [135.67796719273417, 11.724215774085625], [135.66973297479984, 11.71698897876382], [135.65749554734288, 11.695665083475642], [135.64647421008627, 11.66711439286566], [135.64188734450929, 11.638563702255674], [135.64002386334755, 11.610013011645691], [135.63880735618136, 11.597445120330509], [135.6381286951539, 11.581462321035707], [135.63450102555345, 11.552911630425722], [135.62379992733275, 11.52436093981574], [135.60788173756285, 11.50162366833808], [135.60457615317344, 11.495810249205757], [135.59251593079125, 11.467259558595774], [135.59287246618663, 11.438708867985788], [135.60788173756285, 11.410355105318699], [135.60825315444015, 11.410158177375806], [135.60788173756285, 11.40845212650679], [135.60453455304813, 11.381607486765821], [135.57695611894434, 11.36659336910391], [135.54965037648992, 11.353056796155837], [135.54603050032588, 11.35190360924658], [135.51510488170737, 11.345882235488974], [135.4841792630889, 11.348854242627844], [135.4744779868314, 11.353056796155837], [135.4532536444704, 11.359030681207013], [135.4223280258519, 11.380884095937917], [135.42158748550764, 11.381607486765821], [135.3961311786618, 11.410158177375804], [135.39140240723341, 11.417978351984203], [135.37778444995323, 11.438708867985788], [135.36473921958003, 11.467259558595773], [135.36047678861493, 11.475642448465084], [135.342405765472, 11.495810249205757], [135.32955116999642, 11.50644710796875], [135.29862555137794, 11.524047289116682], [135.2978123002659, 11.52436093981574], [135.26769993275946, 11.530441038375693], [135.23677431414097, 11.534018377258588], [135.20584869552246, 11.53453545556696], [135.17492307690398, 11.532117616385445], [135.1439974582855, 11.527187994404725], [135.12991508174116, 11.52436093981574], [135.113071839667, 11.519194624998873], [135.0821462210485, 11.51084242853155], [135.05122060243002, 11.499503490404729], [135.04510112988748, 11.495810249205757], [135.02029498381154, 11.473880984028742], [135.01535395862396, 11.467259558595773], [135.00497404052823, 11.438708867985788], [135.00352299052147, 11.410158177375806], [135.00804550833746, 11.38160748676582], [135.02029498381154, 11.35465027987132], [135.02111241567928, 11.353056796155837], [135.0344448844566, 11.324506105545854], [135.04550691359867, 11.295955414935872], [135.05122060243002, 11.27967716778851], [135.06049030375016, 11.267404724325885], [135.0757659556984, 11.238854033715903], [135.058626090463, 11.21030334310592], [135.05122060243002, 11.208918582376816], [135.02029498381154, 11.197820495902805], [134.98936936519306, 11.18910035844667], [134.95844374657455, 11.210039713599505], [134.95837612660713, 11.21030334310592]]]}, "properties": {"fillColor": "#8A2BE2", "fillOpacity": 0.7, "color": "#000000", "weight": 0.2, "stroke": false}}, {"type": "Feature", "geometry": {"type": "Polygon", "coordinates": [[[135.78494387382057, 11.724215774085625], [135.76470227087563, 11.752766464695606], [135.77111999381896, 11.781317155305594], [135.7934354492738, 11.802580812072835], [135.7993906834086, 11.809867845915576], [135.8192096288565, 11.838418536525559], [135.82436106789228, 11.846868738879305], [135.84107734104262, 11.866969227135543], [135.8552866865108, 11.884970818304783], [135.88621230512928, 11.887555549474385], [135.90813927921437, 11.866969227135545], [135.91713792374776, 11.858617576670197], [135.92950181690776, 11.838418536525559], [135.9346786054005, 11.809867845915576], [135.93062622066572, 11.781317155305594], [135.91713792374776, 11.755627908435097], [135.91606059529317, 11.752766464695606], [135.89386147142872, 11.724215774085625], [135.88621230512928, 11.717572032933521], [135.8552866865108, 11.701722393974224], [135.82436106789228, 11.70169477541998], [135.7934354492738, 11.718305725759922], [135.78494387382057, 11.724215774085625]]]}, "properties": {"fillColor": "#8A2BE2", "fillOpacity": 0.7, "color": "#000000", "weight": 0.2, "stroke": false}}, {"type": "Feature", "geometry": {"type": "Polygon", "coordinates": [[[139.93746834415163, 10.736833486783322], [139.9683939627701, 10.739691164689154], [139.97952629549792, 10.75349229334618], [139.9683939627701, 10.773880117795231], [139.93746834415163, 10.774452788561662], [139.92434467916013, 10.75349229334618], [139.93746834415163, 10.736833486783322]]]}, "properties": {"fillColor": "#8A2BE2", "fillOpacity": 0.7, "color": "#000000", "weight": 0.2, "stroke": false}}, {"type": "Feature", "geometry": {"type": "Polygon", "coordinates": [[[122.18616325713771, 10.894420834982975], [122.1883524214268, 10.896245746396099], [122.21708887575619, 10.91357980858833], [122.2300993019829, 10.924796437006083], [122.24801449437467, 10.94563578927602], [122.25410897873896, 10.953347127616066], [122.2601301438371, 10.981897818226049], [122.25983454964951, 11.010448508836035], [122.25243709871711, 11.038999199446017], [122.25336399982793, 11.067549890055998], [122.24801449437467, 11.079323465500178], [122.2426069642793, 11.067549890056], [122.24359189003225, 11.038999199446017], [122.22445649901847, 11.010448508836035], [122.21708887575619, 10.99216315404576], [122.21405880101193, 10.98189781822605], [122.197868585137, 10.953347127616066], [122.1861632571377, 10.94292585160727], [122.16521990332494, 10.924796437006083], [122.17898838111135, 10.896245746396099], [122.18616325713771, 10.894420834982975]]]}, "properties": {"fillColor": "#8A2BE2", "fillOpacity": 0.7, "color": "#000000", "weight": 0.2, "stroke": false}}, {"type": "Feature", "geometry": {"type": "Polygon", "coordinates": [[[140.0302452000071, 11.206445588864831], [140.0611708186256, 11.199556121267591], [140.09209643724407, 11.198999670344007], [140.11639490591307, 11.21030334310592], [140.12302205586258, 11.214739513207709], [140.1467435893292, 11.238854033715903], [140.15394767448106, 11.260390256123436], [140.15690490341422, 11.267404724325885], [140.17389792300696, 11.295955414935872], [140.18407125918938, 11.324506105545854], [140.18487329309954, 11.32562067418625], [140.20497687283762, 11.353056796155837], [140.20824300851342, 11.381607486765821], [140.19914019123536, 11.410158177375806], [140.18487329309954, 11.433347319864227], [140.1816789427355, 11.438708867985788], [140.16928028276277, 11.46725955859577], [140.16023942782954, 11.495810249205757], [140.15394767448106, 11.50763951136398], [140.14297846927616, 11.52436093981574], [140.12302205586258, 11.543334238906679], [140.09209643724407, 11.549036707580525], [140.06117081862558, 11.550484983127266], [140.0302452000071, 11.543872990982678], [140.00396989327922, 11.52436093981574], [139.9993195813886, 11.520857239622515], [139.9753680273295, 11.495810249205757], [139.9683939627701, 11.468617213273506], [139.96785079049693, 11.467259558595773], [139.96243899600051, 11.438708867985788], [139.9605233888401, 11.410158177375806], [139.9600528332428, 11.381607486765821], [139.96026240178327, 11.353056796155837], [139.96186019755996, 11.324506105545854], [139.9683939627701, 11.296660163773181], [139.96858793062415, 11.295955414935872], [139.98858584518828, 11.267404724325885], [139.9993195813886, 11.239043080443379], [139.99944772967726, 11.238854033715903], [140.0258839674495, 11.21030334310592], [140.0302452000071, 11.206445588864831]]]}, "properties": {"fillColor": "#8A2BE2", "fillOpacity": 0.7, "color": "#000000", "weight": 0.2, "stroke": false}}, {"type": "Feature", "geometry": {"type": "Polygon", "coordinates": [[[146.0298152119944, 11.203227829418822], [146.06074083061287, 11.205296887817342], [146.06962336517824, 11.21030334310592], [146.09166644923135, 11.213626275144739], [146.12259206784984, 11.218825874633335], [146.15351768646835, 11.237694000111272], [146.15488288308447, 11.238854033715903], [146.18444330508683, 11.24984910747812], [146.21005361929664, 11.267404724325885], [146.2153689237053, 11.269219383330473], [146.24629454232382, 11.28427046085153], [146.25886808673613, 11.295955414935872], [146.2772201609423, 11.307022473429452], [146.2960763154094, 11.324506105545854], [146.3081457795608, 11.335507700016885], [146.3271546596508, 11.353056796155837], [146.33907139817927, 11.366917170303704], [146.35498369713198, 11.381607486765821], [146.36999701679778, 11.396602335043616], [146.38535002418837, 11.410158177375806], [146.40092263541626, 11.419294758483918], [146.42490674484696, 11.438708867985788], [146.43184825403478, 11.442443036918073], [146.4618453304793, 11.467259558595773], [146.46277387265326, 11.4678716040176], [146.49369949127174, 11.489846259330063], [146.5001595828632, 11.495810249205757], [146.52462510989022, 11.51627109411071], [146.53338789207206, 11.52436093981574], [146.55555072850873, 11.548589165295166], [146.56023274863725, 11.55291163042572], [146.58472689824873, 11.581462321035707], [146.58647634712722, 11.58414259704798], [146.60794224023, 11.610013011645691], [146.6174019657457, 11.614747885370228], [146.64812688073548, 11.638563702255674], [146.6483275843642, 11.638625729159843], [146.6792532029827, 11.6430160853048], [146.71017882160118, 11.650854504726905], [146.73484514868554, 11.667114392865658], [146.74110444021966, 11.66865833398139], [146.77203005883817, 11.678523750146779], [146.79283998219307, 11.695665083475642], [146.80295567745665, 11.702737151386238], [146.82602378591702, 11.724215774085625], [146.83388129607516, 11.742234744266476], [146.84205716693714, 11.752766464695608], [146.85166459862668, 11.781317155305594], [146.85292676253277, 11.809867845915576], [146.84748967451472, 11.838418536525559], [146.83388129607516, 11.855380265612041], [146.82942781411046, 11.866969227135543], [146.80295567745665, 11.893988004755531], [146.80045345505286, 11.895519917745528], [146.77203005883817, 11.915139001414179], [146.74295989884635, 11.92407060835551], [146.74110444021963, 11.925679725106964], [146.71017882160118, 11.939492779115325], [146.6792532029827, 11.94473203249882], [146.6483275843642, 11.946503151737215], [146.6174019657457, 11.947027893058417], [146.58647634712722, 11.9473385704887], [146.55555072850873, 11.94761266480786], [146.52462510989022, 11.949818138574294], [146.51095821533227, 11.952621298965495], [146.49369949127174, 11.967018846891666], [146.46277387265326, 11.973979138287207], [146.43184825403478, 11.977276678720687], [146.40092263541626, 11.978452893043528], [146.36999701679778, 11.979115939335639], [146.36544160991176, 11.98117198957548], [146.35168659255532, 12.009722680185462], [146.3479857433103, 12.038273370795446], [146.33907139817927, 12.05208866326211], [146.33727203588626, 12.066824061405429], [146.3321083255652, 12.095374752015413], [146.3187092006209, 12.123925442625396], [146.3081457795608, 12.135065368156518], [146.29663492400755, 12.15247613323538], [146.2772201609423, 12.170763772705651], [146.25953666281893, 12.181026823845365], [146.24629454232382, 12.191446745037311], [146.2153689237053, 12.206749711625632], [146.20593986149996, 12.209577514455347], [146.18444330508683, 12.224876051957656], [146.15351768646835, 12.23293915863166], [146.12259206784984, 12.235380605999266], [146.09166644923135, 12.237905181298128], [146.06074083061287, 12.237759650524747], [146.0298152119944, 12.237176401163982], [145.99888959337588, 12.23781328588851], [145.9679639747574, 12.237535516017438], [145.94329824835015, 12.238128205065331], [145.93703835613888, 12.239372653785267], [145.9061127375204, 12.256751974683379], [145.87518711890192, 12.262829574669668], [145.84426150028344, 12.264382426146636], [145.81333588166493, 12.264211394842583], [145.78241026304644, 12.263158969924987], [145.75148464442796, 12.26172475862268], [145.72055902580945, 12.25451276993528], [145.68963340719097, 12.241173834807643], [145.68312824645477, 12.238128205065331], [145.66286984973377, 12.209577514455347], [145.65870778857249, 12.198922862978966], [145.65222859585504, 12.181026823845365], [145.63956307071996, 12.15247613323538], [145.65720006116717, 12.123925442625396], [145.65870778857249, 12.12253350090859], [145.68963340719097, 12.107419405295747], [145.70969167277428, 12.095374752015413], [145.72055902580945, 12.08549871622176], [145.75148464442796, 12.075862348779413], [145.76047620402386, 12.066824061405429], [145.77051772144515, 12.038273370795444], [145.78241026304644, 12.026097876281476], [145.78401086691466, 12.009722680185462], [145.78588352945374, 11.98117198957548], [145.79152154030382, 11.952621298965495], [145.78241026304644, 11.92904025943448], [145.75148464442796, 11.93924835682888], [145.72055902580945, 11.939818569297865], [145.6908205489669, 11.92407060835551], [145.68963340719097, 11.923652198809854], [145.65991751300186, 11.895519917745528], [145.65870778857249, 11.893299490539848], [145.6390661690264, 11.866969227135543], [145.63146813386868, 11.838418536525559], [145.63473740594924, 11.809867845915576], [145.64766038100566, 11.781317155305594], [145.65870778857249, 11.767422297556287], [145.66702784044801, 11.752766464695608], [145.68963340719097, 11.729171227373648], [145.6925835347606, 11.724215774085625], [145.71023023985586, 11.695665083475642], [145.72055902580945, 11.684613146830221], [145.73201500186843, 11.667114392865658], [145.75148464442796, 11.647871729601489], [145.76225978721882, 11.638563702255674], [145.78241026304644, 11.623066944760799], [145.80692330585472, 11.610013011645691], [145.8133358816649, 11.604092888584335], [145.84426150028344, 11.58838714552832], [145.8633606548784, 11.581462321035707], [145.87518711890192, 11.57054406845323], [145.9061127375204, 11.56113788811287], [145.93703835613888, 11.557583104554633], [145.9679639747574, 11.553323683178858], [145.97211090274507, 11.552911630425722], [145.99888959337588, 11.539787228645688], [146.0298152119944, 11.543526889456487], [146.06074083061287, 11.548449008322644], [146.07077066464825, 11.552911630425722], [146.09166644923135, 11.555790239268761], [146.12259206784984, 11.565326733634947], [146.15351768646835, 11.554171300810832], [146.15410889318474, 11.552911630425722], [146.16059670324648, 11.52436093981574], [146.16760491614042, 11.495810249205757], [146.16258660559836, 11.467259558595773], [146.15351768646835, 11.4612316058676], [146.12259206784984, 11.44908064842413], [146.11130228381876, 11.438708867985788], [146.09166644923135, 11.432912616093931], [146.06074083061287, 11.42880384285397], [146.0298152119944, 11.424182591619648], [145.99888959337588, 11.420357814010599], [145.9679639747574, 11.41971599624347], [145.93893292019632, 11.410158177375806], [145.93703835613888, 11.409751031235357], [145.9061127375204, 11.399731882986313], [145.8828607547232, 11.381607486765823], [145.8774860271909, 11.353056796155837], [145.88189608221748, 11.324506105545854], [145.8927010373353, 11.295955414935872], [145.9061127375204, 11.275376740050907], [145.9105302370068, 11.267404724325885], [145.93703835613888, 11.241762626880226], [145.94132622704296, 11.238854033715903], [145.9679639747574, 11.22188835907132], [145.99888959337588, 11.210632951910085], [146.00233532679863, 11.21030334310592], [146.0298152119944, 11.203227829418822]]]}, "properties": {"fillColor": "#8A2BE2", "fillOpacity": 0.7, "color": "#000000", "weight": 0.2, "stroke": false}}, {"type": "Feature", "geometry": {"type": "Polygon", "coordinates": [[[146.30737215558, 11.552911630425722], [146.2772201609423, 11.567878274718158], [146.26609237783902, 11.581462321035707], [146.25125369342237, 11.610013011645691], [146.24629454232382, 11.62545202942188], [146.24068481813515, 11.638563702255674], [146.2285335804894, 11.667114392865656], [146.2153689237053, 11.684336353675235], [146.2025084825316, 11.695665083475642], [146.18444330508686, 11.709311063989995], [146.1680022525594, 11.724215774085625], [146.15351768646835, 11.741515370984079], [146.1441161189055, 11.752766464695608], [146.12259206784984, 11.776566780432844], [146.11523743521334, 11.781317155305594], [146.09166644923135, 11.791402822811083], [146.06074083061287, 11.79736103670931], [146.0298152119944, 11.806215040351416], [146.0235479667539, 11.809867845915576], [145.99888959337588, 11.824856733347247], [145.9842867581621, 11.838418536525559], [145.9679639747574, 11.858015198499618], [145.96077244111845, 11.866969227135542], [145.94072426735738, 11.895519917745526], [145.93703835613888, 11.899939289376666], [145.91970155458256, 11.92407060835551], [145.9061127375204, 11.941116355611923], [145.898013046544, 11.952621298965497], [145.88140814344965, 11.98117198957548], [145.87518711890192, 11.999546605808561], [145.87085101252873, 12.009722680185462], [145.86725479168484, 12.038273370795444], [145.87446366704296, 12.066824061405429], [145.87518711890192, 12.068042796515352], [145.89681368614362, 12.095374752015413], [145.9061127375204, 12.102609681674995], [145.93703835613888, 12.118515869060898], [145.9495633376732, 12.123925442625396], [145.9679639747574, 12.132699958427104], [145.99888959337588, 12.144666539723895], [146.0298152119944, 12.151329689041889], [146.057543316191, 12.15247613323538], [146.06074083061287, 12.152686940528005], [146.06185882283611, 12.15247613323538], [146.09166644923135, 12.148598023737149], [146.12259206784984, 12.138064863113472], [146.14527524607925, 12.123925442625398], [146.15351768646835, 12.117676846773481], [146.17777996227576, 12.095374752015413], [146.18444330508683, 12.083775498270189], [146.1956107390243, 12.066824061405429], [146.20094183918405, 12.038273370795444], [146.19710460237005, 12.009722680185462], [146.1882139143466, 11.98117198957548], [146.18444330508683, 11.96482388726982], [146.18193335141757, 11.952621298965495], [146.1843717120225, 11.92407060835551], [146.18444330508683, 11.923893997064878], [146.20211926119225, 11.895519917745528], [146.2153689237053, 11.883630036114944], [146.24313693728115, 11.866969227135543], [146.2462945423238, 11.865628800082478], [146.2772201609423, 11.853106398555271], [146.30703435425173, 11.838418536525559], [146.3081457795608, 11.837894818659647], [146.33907139817927, 11.826381863815815], [146.36999701679778, 11.823252422017752], [146.40092263541626, 11.825953935730102], [146.43184825403478, 11.83055747707596], [146.46277387265326, 11.835864185221308], [146.47859220839416, 11.838418536525559], [146.49369949127174, 11.842581688849743], [146.52462510989022, 11.847348629493656], [146.55555072850873, 11.847681840191235], [146.58647634712722, 11.844512577079982], [146.6174019657457, 11.83980670118599], [146.62284633457057, 11.838418536525559], [146.6483275843642, 11.83173299157772], [146.6792532029827, 11.810165480138396], [146.67956034009813, 11.809867845915576], [146.68316553780667, 11.781317155305594], [146.6792532029827, 11.77574262856806], [146.6668976526669, 11.752766464695608], [146.6483275843642, 11.735971135486146], [146.63673209059783, 11.724215774085625], [146.6174019657457, 11.709669990775716], [146.59665058442746, 11.695665083475642], [146.58647634712722, 11.688819779888536], [146.55555072850873, 11.67165188528623], [146.5451378783777, 11.667114392865658], [146.52462510989022, 11.654937344962146], [146.49369949127174, 11.641343648257026], [146.48680767693884, 11.638563702255674], [146.46277387265326, 11.623290480019548], [146.43826612572204, 11.610013011645691], [146.43184825403478, 11.60507899187339], [146.40092263541626, 11.58470724570717], [146.39489749656397, 11.581462321035708], [146.36999701679778, 11.565743275272919], [146.33907139817927, 11.554526205812303], [146.31257738900592, 11.552911630425722], [146.3081457795608, 11.5525501967907], [146.30737215558, 11.552911630425722]]]}, "properties": {"fillColor": "#8A2BE2", "fillOpacity": 0.7, "color": "#000000", "weight": 0.2, "stroke": false}}, {"type": "Feature", "geometry": {"type": "Polygon", "coordinates": [[[147.57609614291894, 11.430256025882386], [147.60702176153742, 11.421267539893513], [147.6379473801559, 11.42136090998685], [147.66887299877442, 11.431818954122308], [147.69951840511325, 11.438708867985788], [147.6997986173929, 11.438758634008243], [147.73072423601138, 11.450476160653974], [147.75302235099932, 11.46725955859577], [147.76164985462987, 11.473874420215601], [147.78331636664885, 11.495810249205757], [147.79257547324838, 11.50176593063655], [147.81706950292264, 11.52436093981574], [147.82350109186686, 11.52562021340235], [147.85442671048537, 11.529191344610721], [147.88417876113067, 11.552911630425722], [147.88535232910385, 11.553731954159664], [147.91627794772234, 11.572910397866234], [147.92840615118178, 11.581462321035707], [147.94720356634082, 11.583415325341294], [147.9781291849593, 11.582318370098639], [147.98263124105802, 11.581462321035707], [148.0090548035778, 11.559880351590142], [148.0399804221963, 11.554277177580794], [148.04521842867132, 11.552911630425722], [148.0709060408148, 11.530116946133667], [148.1018316594333, 11.524442228026507], [148.1021761468264, 11.52436093981574], [148.13275727805177, 11.501566062291719], [148.16368289667025, 11.4967936603187], [148.17365965739612, 11.495810249205757], [148.19460851528876, 11.481404524512014], [148.22553413390725, 11.475622792808355], [148.25645975252573, 11.47508723895527], [148.28738537114424, 11.478189139333809], [148.31831098976272, 11.49058011541236], [148.3239761810265, 11.495810249205757], [148.3492366083812, 11.49669201970722], [148.3801622269997, 11.497093620921763], [148.4110878456182, 11.497900375794758], [148.4420134642367, 11.499515283183317], [148.4729390828552, 11.502667394768919], [148.50386470147367, 11.502600544551893], [148.53479032009216, 11.51643530987356], [148.54409644078302, 11.52436093981574], [148.56571593871064, 11.545439321395545], [148.57299926935204, 11.552911630425722], [148.5910552280696, 11.581462321035707], [148.5951955262195, 11.610013011645691], [148.59662532364186, 11.638563702255674], [148.59664155732915, 11.639276161374392], [148.6048125845873, 11.66711439286566], [148.60005484168298, 11.695665083475642], [148.59664155732915, 11.7004390481183], [148.59362614930265, 11.724215774085625], [148.5761314856277, 11.752766464695608], [148.5746982303491, 11.781317155305594], [148.59664155732915, 11.784730563239506], [148.62386983099034, 11.809867845915576], [148.62676028183637, 11.838418536525559], [148.62756717594763, 11.839028307068176], [148.65783230156777, 11.866969227135543], [148.65811146645348, 11.895519917745528], [148.65816769352708, 11.92407060835551], [148.65808858496882, 11.952621298965495], [148.6577581002091, 11.98117198957548], [148.65647551375912, 12.009722680185462], [148.64914050203723, 12.038273370795444], [148.62756717594763, 12.058189976707544], [148.59664155732915, 12.06427757869396], [148.5895584144147, 12.066824061405429], [148.56571593871064, 12.08784247271397], [148.53479032009216, 12.09466319332186], [148.53127713936172, 12.095374752015413], [148.50386470147367, 12.111936145060563], [148.4729390828552, 12.123519021955364], [148.47116417473902, 12.123925442625396], [148.44201346423668, 12.139382084123573], [148.4110878456182, 12.149485939233589], [148.398770894021, 12.15247613323538], [148.3801622269997, 12.163902693281754], [148.3492366083812, 12.17155499141706], [148.31831098976272, 12.174967574218922], [148.28741545049343, 12.181026823845365], [148.28738537114424, 12.18105459325567], [148.2869906532009, 12.181026823845365], [148.25645975252573, 12.18068976230025], [148.22553413390725, 12.178696137408213], [148.19460851528876, 12.179882945206339], [148.16368289667025, 12.179693989357443], [148.13275727805177, 12.178544099425212], [148.1018316594333, 12.17648912695222], [148.0709060408148, 12.175369295557232], [148.0399804221963, 12.174668329144993], [148.0090548035778, 12.171181011616536], [147.9781291849593, 12.15528250424634], [147.9750893719904, 12.15247613323538], [147.94720356634082, 12.150335627675886], [147.91627794772234, 12.149317789886087], [147.88535232910385, 12.1489254381517], [147.85442671048537, 12.14414079765732], [147.82350109186686, 12.125165904313167], [147.82215744503213, 12.123925442625398], [147.79257547324838, 12.120033742908639], [147.76164985462987, 12.11370039175808], [147.73072423601138, 12.104511209147342], [147.6997986173929, 12.100781354997547], [147.66887299877442, 12.101751461021873], [147.6379473801559, 12.103057209724838], [147.60702176153742, 12.101838656357774], [147.59941669408272, 12.095374752015413], [147.57609614291894, 12.089445818687969], [147.54517052430043, 12.087128491867709], [147.51424490568195, 12.080491610747771], [147.49149292028122, 12.066824061405429], [147.48331928706347, 12.063535302907574], [147.45239366844498, 12.054034459500823], [147.4343783623656, 12.038273370795444], [147.42146804982647, 12.015161404979477], [147.41816498753616, 12.009722680185462], [147.41623362310312, 11.98117198957548], [147.4181674739638, 11.952621298965495], [147.42146804982647, 11.947838504022023], [147.45239366844498, 11.933539989243425], [147.4604976896492, 11.92407060835551], [147.4811000269158, 11.895519917745528], [147.48331928706347, 11.89167177186804], [147.489035261434, 11.866969227135542], [147.51176537097095, 11.838418536525559], [147.51424490568198, 11.836579984175689], [147.54517052430043, 11.822302624166067], [147.57609614291894, 11.814429349265444], [147.58248584194507, 11.809867845915576], [147.59658677844874, 11.781317155305594], [147.60702176153742, 11.76952258704568], [147.61213887891006, 11.752766464695608], [147.61620948828582, 11.724215774085625], [147.62873339621305, 11.69566508347564], [147.63046324213843, 11.667114392865658], [147.61158189025366, 11.638563702255674], [147.60702176153742, 11.630778960729598], [147.57609614291894, 11.628916361522183], [147.54517052430043, 11.63308442247725], [147.5251346905566, 11.638563702255674], [147.51424490568195, 11.641125531857742], [147.48331928706347, 11.665843787946672], [147.47724997341902, 11.667114392865658], [147.45239366844498, 11.671930027125901], [147.43839499644344, 11.667114392865656], [147.42146804982647, 11.65799288754327], [147.41067075686865, 11.638563702255674], [147.390542431208, 11.611197222912413], [147.38929150320865, 11.610013011645691], [147.38112189717808, 11.581462321035705], [147.38006623636323, 11.552911630425722], [147.390542431208, 11.525285797153984], [147.3918540363111, 11.52436093981574], [147.42146804982647, 11.516391235503765], [147.45239366844498, 11.515486901381566], [147.48331928706347, 11.514534381664403], [147.51424490568195, 11.504065631195886], [147.5226616104075, 11.495810249205757], [147.54006318087667, 11.467259558595773], [147.54517052430043, 11.46188472376939], [147.5672096391952, 11.43870886798579], [147.57609614291894, 11.430256025882386]]]}, "properties": {"fillColor": "#8A2BE2", "fillOpacity": 0.7, "color": "#000000", "weight": 0.2, "stroke": false}}, {"type": "Feature", "geometry": {"type": "Polygon", "coordinates": [[[148.2934172565438, 11.552911630425724], [148.28738537114424, 11.553094423118802], [148.25645975252573, 11.556153139111148], [148.22553413390725, 11.562503914114892], [148.19460851528876, 11.572666754407855], [148.17422537818425, 11.581462321035707], [148.16368289667025, 11.585333122753834], [148.13275727805177, 11.595233406542793], [148.1018316594333, 11.60571233934057], [148.09067213638428, 11.610013011645691], [148.0709060408148, 11.613791084879024], [148.0399804221963, 11.622157534273743], [148.0090548035778, 11.635585365874359], [148.00272304583683, 11.638563702255674], [147.9781291849593, 11.643959442521844], [147.94720356634082, 11.648830123448885], [147.91627794772234, 11.651415927403153], [147.88535232910385, 11.651059202703792], [147.85442671048537, 11.644570675997697], [147.82784361446838, 11.638563702255674], [147.82350109186686, 11.63661445145882], [147.81401182591117, 11.638563702255674], [147.79257547324838, 11.64283893023136], [147.7710092623053, 11.66711439286566], [147.76164985462987, 11.689473606149058], [147.75906541098536, 11.695665083475642], [147.74805935061994, 11.724215774085625], [147.74167316823065, 11.752766464695608], [147.7395900623558, 11.781317155305594], [147.74194812054606, 11.809867845915576], [147.75081802560982, 11.838418536525559], [147.76164985462987, 11.865910894461626], [147.76186094716135, 11.866969227135543], [147.76164985462987, 11.876053145480478], [147.7604206521548, 11.895519917745528], [147.76164985462987, 11.92152778098615], [147.76170490499712, 11.92407060835551], [147.76164985462987, 11.92438631971606], [147.748589574226, 11.952621298965495], [147.73356399997758, 11.98117198957548], [147.7415324902529, 12.009722680185462], [147.76164985462987, 12.023421882491256], [147.7875526663717, 12.038273370795444], [147.79257547324838, 12.041030831808772], [147.82350109186686, 12.056997008221737], [147.85442671048534, 12.066027691561429], [147.8587452954875, 12.066824061405429], [147.88535232910385, 12.076297040094502], [147.91627794772234, 12.080155204965797], [147.94720356634082, 12.080679945831431], [147.9781291849593, 12.080732773722492], [148.0090548035778, 12.078991677791533], [148.0399804221963, 12.075705504843919], [148.0709060408148, 12.071048852514341], [148.09535976367536, 12.066824061405429], [148.1018316594333, 12.06614557132238], [148.13275727805177, 12.06317103592009], [148.16368289667025, 12.06037335765297], [148.19460851528876, 12.057698943916769], [148.22553413390725, 12.054704216135285], [148.25645975252573, 12.050924050991814], [148.28738537114424, 12.04572344460193], [148.31831098976272, 12.03930358330267], [148.32213806753924, 12.038273370795444], [148.3492366083812, 12.033453945281055], [148.3801622269997, 12.026374299906703], [148.4110878456182, 12.017350216763045], [148.43201254092833, 12.009722680185462], [148.44201346423665, 12.007465858587533], [148.4729390828552, 11.999630890246047], [148.50386470147367, 11.98931731288997], [148.52095010405594, 11.98117198957548], [148.53479032009216, 11.974886159201482], [148.56379402503453, 11.952621298965493], [148.56571593871064, 11.948841295869206], [148.58018037117506, 11.92407060835551], [148.57387722053724, 11.895519917745528], [148.56571593871064, 11.886436258071637], [148.54759248106444, 11.866969227135543], [148.53479032009216, 11.858485701948414], [148.50386470147367, 11.842583394353621], [148.49290239697874, 11.838418536525559], [148.4729390828552, 11.829477663557359], [148.44201346423668, 11.818697423590082], [148.4110878456182, 11.81082730773767], [148.4068514810789, 11.809867845915576], [148.3801622269997, 11.797254085220418], [148.3492366083812, 11.784814984933497], [148.33900561691422, 11.781317155305594], [148.3492366083812, 11.768035801200549], [148.37688231062725, 11.752766464695608], [148.3801622269997, 11.752545087417198], [148.4110878456182, 11.750193618108408], [148.44201346423668, 11.745717976384283], [148.4729390828552, 11.7307886364038], [148.4812813942322, 11.724215774085625], [148.50386470147367, 11.700171672594879], [148.50770280765454, 11.695665083475642], [148.52076438699672, 11.667114392865658], [148.52092318223103, 11.638563702255674], [148.5095048978602, 11.610013011645691], [148.50386470147367, 11.602937788440718], [148.48312848515297, 11.581462321035707], [148.4729390828552, 11.57446411352454], [148.44201346423668, 11.56203304827252], [148.4110878456182, 11.556839161796699], [148.3801622269997, 11.554376635936022], [148.3492366083812, 11.55294026154291], [148.3475516237865, 11.552911630425722], [148.31831098976272, 11.55155818213443], [148.2934172565438, 11.552911630425724]]]}, "properties": {"fillColor": "#8A2BE2", "fillOpacity": 0.7, "color": "#000000", "weight": 0.2, "stroke": false}}, {"type": "Feature", "geometry": {"type": "Polygon", "coordinates": [[[140.15394767448106, 11.628062202716134], [140.16521266819697, 11.638563702255674], [140.16345245833523, 11.667114392865658], [140.15394767448106, 11.676900623216303], [140.132152359042, 11.667114392865658], [140.14429448032743, 11.638563702255674], [140.15394767448106, 11.628062202716134]]]}, "properties": {"fillColor": "#8A2BE2", "fillOpacity": 0.7, "color": "#000000", "weight": 0.2, "stroke": false}}, {"type": "Feature", "geometry": {"type": "Polygon", "coordinates": [[[141.14356747027279, 11.66345091052476], [141.17449308889127, 11.657158547919007], [141.20541870750975, 11.660316380081081], [141.22029265027845, 11.667114392865658], [141.23634432612823, 11.667471153463072], [141.26726994474674, 11.66824851574849], [141.29819556336523, 11.669120903341748], [141.3291211819837, 11.670924175799502], [141.36004680060222, 11.675653861468817], [141.3909724192207, 11.687418256420528], [141.3999052409098, 11.695665083475642], [141.42189803783918, 11.707064643458706], [141.44047584850898, 11.724215774085625], [141.4528236564577, 11.727632077541918], [141.48374927507618, 11.726968932667914], [141.51467489369466, 11.726949772119392], [141.54560051231317, 11.727689204377931], [141.57652613093165, 11.729763372028303], [141.60745174955014, 11.73571425175311], [141.63227482405347, 11.752766464695608], [141.63837736816862, 11.75673115062239], [141.66344294388935, 11.781317155305594], [141.66910688242277, 11.809867845915576], [141.66930298678713, 11.813916760006684], [141.674677542921, 11.838418536525559], [141.66930298678713, 11.864740380204896], [141.66921075395328, 11.866969227135543], [141.66459944080714, 11.895519917745528], [141.64561429029186, 11.92407060835551], [141.63837736816862, 11.930751772184678], [141.61799948083058, 11.952621298965493], [141.60745174955014, 11.962359018884378], [141.57652613093165, 11.976769390730926], [141.57135977251772, 11.98117198957548], [141.54958234327464, 12.009722680185462], [141.54560051231317, 12.013398727065699], [141.51467489369466, 12.033926563494795], [141.48374927507618, 12.036974615622803], [141.45282365645772, 12.03768765564187], [141.42189803783918, 12.037927917884057], [141.41297475025567, 12.038273370795444], [141.3909724192207, 12.058586036285739], [141.36004680060222, 12.062396839615294], [141.3291211819837, 12.062334985139099], [141.29819556336523, 12.060051752931901], [141.26726994474674, 12.058867951343672], [141.23634432612823, 12.066656508684428], [141.23597970369454, 12.066824061405429], [141.20541870750975, 12.092164962333936], [141.1948770495442, 12.095374752015413], [141.17449308889127, 12.11140406835381], [141.14356747027279, 12.12147207291452], [141.12907102774628, 12.123925442625396], [141.11264185165427, 12.134951272519274], [141.0817162330358, 12.147817120386298], [141.0553999415807, 12.152476133235378], [141.0507906144173, 12.15504413479578], [141.0198649957988, 12.167214623491839], [140.98893937718032, 12.178081513570167], [140.95801375856183, 12.180968860721263], [140.95479759079262, 12.181026823845365], [140.92708813994332, 12.182453351610212], [140.91826573304184, 12.181026823845365], [140.89616252132484, 12.179077687335763], [140.86523690270633, 12.166375858742546], [140.84870739552434, 12.15247613323538], [140.83431128408785, 12.141727720563583], [140.81536862170375, 12.123925442625396], [140.8036370306011, 12.095374752015413], [140.80338566546936, 12.09495582736468], [140.7796926208875, 12.066824061405429], [140.7748883163222, 12.038273370795444], [140.77266480278345, 12.009722680185462], [140.77246004685088, 12.006815170902573], [140.76612713498497, 11.981171989575477], [140.7566420741755, 11.952621298965495], [140.7462694901202, 11.92407060835551], [140.74827139365422, 11.895519917745528], [140.76877028439569, 11.866969227135545], [140.77246004685088, 11.86356281940664], [140.80338566546936, 11.849015367581234], [140.83431128408785, 11.846991639119103], [140.86523690270636, 11.83877226916779], [140.86549054748636, 11.838418536525559], [140.88588830310024, 11.809867845915576], [140.89616252132484, 11.799214143228346], [140.90442761656303, 11.781317155305594], [140.92708813994332, 11.761440797504687], [140.9454161533259, 11.752766464695608], [140.95801375856183, 11.74113629056864], [140.98893937718032, 11.726773765886788], [140.9968955711184, 11.724215774085625], [141.0198649957988, 11.703010282753972], [141.0507906144173, 11.69690620837322], [141.05618597165986, 11.695665083475642], [141.0817162330358, 11.67279432257087], [141.11264185165427, 11.668358940062157], [141.1363497465522, 11.66711439286566], [141.14356747027279, 11.66345091052476]]]}, "properties": {"fillColor": "#8A2BE2", "fillOpacity": 0.7, "color": "#000000", "weight": 0.2, "stroke": false}}, {"type": "Feature", "geometry": {"type": "Polygon", "coordinates": [[[141.10127394337687, 11.752766464695608], [141.0817162330358, 11.759037701842018], [141.0507906144173, 11.774011264416153], [141.0392860937776, 11.781317155305594], [141.0198649957988, 11.791078175555148], [140.9943799064274, 11.809867845915576], [140.98893937718032, 11.814278968317124], [140.96360588725696, 11.838418536525559], [140.95801375856183, 11.846676934028448], [140.9421310358972, 11.866969227135545], [140.92944913941088, 11.895519917745526], [140.92708813994332, 11.912353864254236], [140.92413734705076, 11.92407060835551], [140.92708813994332, 11.929097991464406], [140.95801375856183, 11.951772161048874], [140.95959060556612, 11.952621298965495], [140.98893937718032, 11.976614616628881], [140.99533707706573, 11.98117198957548], [141.0198649957988, 11.9950107786537], [141.0507906144173, 12.005655759416191], [141.07036520305954, 12.009722680185462], [141.0817162330358, 12.012602726653732], [141.11264185165427, 12.01526063607117], [141.14356747027279, 12.011279240970037], [141.14811068382267, 12.009722680185462], [141.17449308889127, 12.004609833070269], [141.20541870750975, 11.998573869504327], [141.23634432612823, 11.996540190338042], [141.26726994474674, 11.998950206372594], [141.29819556336523, 12.002138609266286], [141.3291211819837, 12.003988265964878], [141.36004680060222, 12.004244203080345], [141.3909724192207, 12.002338283265697], [141.42189803783918, 11.99658766950935], [141.4528236564577, 11.981446366564569], [141.45324678597265, 11.98117198957548], [141.48374927507618, 11.959341615852304], [141.49044391092, 11.952621298965495], [141.50929534525366, 11.92407060835551], [141.51467489369466, 11.907170627719875], [141.5225069145677, 11.895519917745528], [141.52934536592517, 11.866969227135543], [141.5160926535903, 11.838418536525559], [141.51467489369466, 11.837228464668847], [141.4837492750762, 11.819913094949484], [141.45282365645767, 11.812554641283526], [141.43955840075174, 11.809867845915576], [141.42189803783918, 11.803480482037145], [141.3909724192207, 11.787053711106081], [141.38004210633937, 11.781317155305594], [141.36004680060222, 11.764413978578677], [141.3367925647105, 11.752766464695608], [141.3291211819837, 11.74789584460358], [141.29819556336523, 11.734664418256976], [141.26726994474674, 11.72900733916083], [141.23634432612823, 11.726798040931598], [141.20541870750975, 11.726955821797029], [141.17449308889127, 11.729670541272808], [141.14356747027279, 11.735923627557645], [141.11264185165427, 11.747314866402904], [141.10127394337687, 11.752766464695608]]]}, "properties": {"fillColor": "#8A2BE2", "fillOpacity": 0.7, "color": "#000000", "weight": 0.2, "stroke": false}}, {"type": "Feature", "geometry": {"type": "Polygon", "coordinates": [[[140.52505509790296, 11.694474056153823], [140.52658566494543, 11.69566508347564], [140.55598071652145, 11.715374231947507], [140.56550195843093, 11.724215774085625], [140.5716997198453, 11.752766464695608], [140.55598071652145, 11.770340795441317], [140.52505509790296, 11.75626617819469], [140.52126426823705, 11.752766464695608], [140.49698635128468, 11.724215774085625], [140.5237109209758, 11.695665083475642], [140.52505509790296, 11.694474056153823]]]}, "properties": {"fillColor": "#8A2BE2", "fillOpacity": 0.7, "color": "#000000", "weight": 0.2, "stroke": false}}, {"type": "Feature", "geometry": {"type": "Polygon", "coordinates": [[[147.14313748226004, 11.824578337896536], [147.17406310087856, 11.819979101049583], [147.20498871949704, 11.81728774889012], [147.23591433811552, 11.81819722838103], [147.26683995673403, 11.83587230419729], [147.26964460200318, 11.838418536525559], [147.28022022757182, 11.866969227135545], [147.2977655753525, 11.8902705958999], [147.3027212592993, 11.895519917745528], [147.2977655753525, 11.902724328149102], [147.28513857659937, 11.92407060835551], [147.27988061539654, 11.952621298965495], [147.26683995673403, 11.960233721834484], [147.23680419109888, 11.98117198957548], [147.23591433811552, 11.982040065824123], [147.20498871949707, 11.991963990573957], [147.17406310087856, 11.993827671274842], [147.14313748226004, 11.991108947754677], [147.12995740363772, 11.98117198957548], [147.11221186364156, 11.967572014372895], [147.09442485076136, 11.952621298965495], [147.08128624502308, 11.939378536909278], [147.0636674764852, 11.92407060835551], [147.0503606264046, 11.906649036111153], [147.0448711904523, 11.895519917745528], [147.0438771562781, 11.866969227135542], [147.0503606264046, 11.859083451341009], [147.08128624502308, 11.85173112323735], [147.11221186364156, 11.843321618429904], [147.12080770296532, 11.838418536525559], [147.14313748226004, 11.824578337896536]]]}, "properties": {"fillColor": "#8A2BE2", "fillOpacity": 0.7, "color": "#000000", "weight": 0.2, "stroke": false}}, {"type": "Feature", "geometry": {"type": "Polygon", "coordinates": [[[138.73136921803047, 11.886079531922274], [138.76229483664895, 11.873694387047255], [138.79322045526743, 11.87009816873861], [138.82414607388594, 11.868788634703373], [138.85507169250442, 11.868654782294414], [138.8859973111229, 11.870361053022073], [138.91692292974142, 11.880859762739835], [138.9335438231008, 11.895519917745528], [138.9478485483599, 11.909068152263677], [138.96325667261678, 11.92407060835551], [138.97877416697838, 11.929919559953472], [139.0096997855969, 11.925962617404293], [139.016419378702, 11.92407060835551], [139.04062540421538, 11.905739963127553], [139.06648032396058, 11.895519917745528], [139.07155102283386, 11.890838622393181], [139.10247664145237, 11.88072001663431], [139.13340226007085, 11.886242106750876], [139.1472826884467, 11.895519917745528], [139.16432787868933, 11.899953331708051], [139.19217513957986, 11.92407060835551], [139.19525349730782, 11.926119298377976], [139.22373051851122, 11.952621298965495], [139.22617911592633, 11.954837771429883], [139.25383742193947, 11.98117198957548], [139.2571047345448, 11.985246608645777], [139.28089428965552, 12.009722680185462], [139.2880303531633, 12.020831917998422], [139.3069226358307, 12.038273370795444], [139.3189559717818, 12.06155054646112], [139.32466815276453, 12.066824061405427], [139.344791776967, 12.095374752015413], [139.3498815904003, 12.115244936677568], [139.35928416563132, 12.123925442625396], [139.36938698917209, 12.15247613323538], [139.36818891434018, 12.181026823845365], [139.3498815904003, 12.208297298190125], [139.3497323019737, 12.209577514455347], [139.34553035579194, 12.238128205065331], [139.34013195528533, 12.266678895675312], [139.32321070472028, 12.295229586285298], [139.3189559717818, 12.299157577678239], [139.31693103943232, 12.323780276895281], [139.3153210913688, 12.352330967505265], [139.31248723992184, 12.38088165811525], [139.3059190887115, 12.409432348725232], [139.29350878602025, 12.437983039335219], [139.3189559717818, 12.441208164576066], [139.33940844978633, 12.437983039335219], [139.3498815904003, 12.432200106259291], [139.38080720901877, 12.417499959999963], [139.41173282763725, 12.410183004234145], [139.42320065771463, 12.409432348725232], [139.44265844625576, 12.404999236239567], [139.4601989236961, 12.409432348725232], [139.47358406487425, 12.41144756678361], [139.4983718413005, 12.437983039335217], [139.50283456590736, 12.4665337299452], [139.5025708876196, 12.495084420555184], [139.49792455368515, 12.523635111165168], [139.49208939425827, 12.55218580177515], [139.48413033541098, 12.580736492385133], [139.47358406487425, 12.602259501931389], [139.47251264200344, 12.609287182995118], [139.46570379561172, 12.637837873605102], [139.45727081448354, 12.666388564215087], [139.44265844625576, 12.682990596680302], [139.43706146198326, 12.69493925482507], [139.41173282763725, 12.720896553134084], [139.40873707898436, 12.723489945435054], [139.38080720901877, 12.748112769443075], [139.3498815904003, 12.751971073730461], [139.34748109116487, 12.752040636045038], [139.3189559717818, 12.755659091403443], [139.29768993146976, 12.752040636045036], [139.2880303531633, 12.751672532956105], [139.2571047345448, 12.747027744755751], [139.2261791159263, 12.736011879608256], [139.20825957321395, 12.723489945435054], [139.19525349730782, 12.719032126453557], [139.16672449294765, 12.69493925482507], [139.16432787868933, 12.693476271927508], [139.13340226007085, 12.673757799547179], [139.12473716897352, 12.666388564215087], [139.10394573261786, 12.637837873605102], [139.10247664145237, 12.635940325346839], [139.07604793767746, 12.609287182995118], [139.07155102283386, 12.601534088325064], [139.05129231835974, 12.580736492385135], [139.0445615693547, 12.55218580177515], [139.04340489223597, 12.523635111165168], [139.04543927435083, 12.495084420555184], [139.04062540421538, 12.492929518166658], [139.0096997855969, 12.492793976254541], [138.99541231760813, 12.495084420555184], [138.97877416697838, 12.510444847029177], [138.9478485483599, 12.518874978216829], [138.91692292974142, 12.523100097154895], [138.91376148303195, 12.523635111165168], [138.8859973111229, 12.54070651579596], [138.85507169250442, 12.540129325682056], [138.82759116803234, 12.523635111165168], [138.82414607388594, 12.520768846068897], [138.80286947388544, 12.495084420555184], [138.79722316630267, 12.4665337299452], [138.79537171705394, 12.437983039335217], [138.79502792671266, 12.409432348725232], [138.7957306009448, 12.38088165811525], [138.79692946179637, 12.352330967505265], [138.79764223224643, 12.323780276895281], [138.79322045526743, 12.304642332304285], [138.76229483664895, 12.316432255748094], [138.73136921803047, 12.319261802899083], [138.70044359941198, 12.314439028258374], [138.67032061329363, 12.295229586285298], [138.66951798079347, 12.29477362738424], [138.6441413757652, 12.266678895675314], [138.638592362175, 12.256493471649122], [138.6216475290271, 12.238128205065331], [138.61090309312263, 12.209577514455347], [138.6076667435565, 12.188863454882952], [138.6018937551476, 12.181026823845365], [138.58685690983975, 12.15247613323538], [138.5800046675094, 12.123925442625396], [138.57835279494853, 12.095374752015413], [138.5782334859408, 12.066824061405429], [138.57945056448162, 12.038273370795444], [138.58368596492573, 12.009722680185462], [138.59364295349212, 11.98117198957548], [138.6076667435565, 11.964132566860805], [138.61170686240837, 11.952621298965495], [138.638592362175, 11.926602261346947], [138.64235401240018, 11.92407060835551], [138.66951798079347, 11.90340487181146], [138.70044359941198, 11.898116656600399], [138.72114355394515, 11.895519917745528], [138.73136921803047, 11.886079531922274]]]}, "properties": {"fillColor": "#8A2BE2", "fillOpacity": 0.7, "color": "#000000", "weight": 0.2, "stroke": false}}, {"type": "Feature", "geometry": {"type": "Polygon", "coordinates": [[[138.73184188534583, 11.98117198957548], [138.73136921803047, 11.981364867656136], [138.70044359941198, 12.00669535351082], [138.6977021342892, 12.009722680185462], [138.68117624890078, 12.038273370795444], [138.67582697732425, 12.06682406140543], [138.67779996849762, 12.095374752015413], [138.68656855938414, 12.123925442625396], [138.70044359941198, 12.147769396429347], [138.70327532551488, 12.152476133235382], [138.7281079469989, 12.181026823845365], [138.73136921803047, 12.184029869031482], [138.76229483664895, 12.20343905234294], [138.78543365462323, 12.209577514455347], [138.79322045526743, 12.211790496514206], [138.82414607388594, 12.217973655759126], [138.85507169250442, 12.235845248346443], [138.8562740411727, 12.238128205065331], [138.86568205713178, 12.266678895675314], [138.87253997859224, 12.295229586285298], [138.8803443492029, 12.323780276895281], [138.8859973111229, 12.338363899230867], [138.89142755591524, 12.352330967505267], [138.91692292974142, 12.379169404594533], [138.92010240254538, 12.38088165811525], [138.9478485483599, 12.396155981120888], [138.97877416697838, 12.405666457096556], [138.99764980674956, 12.409432348725232], [139.0096997855969, 12.412848236498585], [139.04062540421538, 12.42007772674708], [139.07155102283386, 12.425998783420951], [139.10247664145237, 12.432269739364852], [139.13340226007085, 12.43564182710071], [139.16432787868933, 12.436691302379758], [139.19525349730782, 12.420869776065894], [139.20342872622743, 12.409432348725232], [139.21953154615267, 12.38088165811525], [139.22617911592633, 12.35589510933615], [139.2280090913829, 12.352330967505265], [139.24169014014637, 12.323780276895281], [139.25071405411651, 12.295229586285298], [139.25583085323845, 12.266678895675314], [139.2571047345448, 12.255710529035143], [139.26232588034, 12.238128205065331], [139.2679952104081, 12.209577514455347], [139.27156729092428, 12.181026823845365], [139.26994561379777, 12.15247613323538], [139.25856849248328, 12.123925442625396], [139.2571047345448, 12.121724807160993], [139.24321469005457, 12.095374752015413], [139.22617911592633, 12.075179019807084], [139.2187623649882, 12.066824061405429], [139.19525349730782, 12.044273412807875], [139.18643871674786, 12.038273370795444], [139.16432787868933, 12.021570984931522], [139.1382800253181, 12.009722680185462], [139.13340226007085, 12.006880185390708], [139.10247664145237, 12.000466976697691], [139.07155102283386, 12.00609102542949], [139.06115662052287, 12.009722680185462], [139.04062540421538, 12.014270824097595], [139.0096997855969, 12.02404329810982], [138.97994860494697, 12.038273370795443], [138.97877416697838, 12.038777984035669], [138.9478485483599, 12.049846441902883], [138.91692292974142, 12.053984355996556], [138.8859973111229, 12.04560733870089], [138.87480500863353, 12.038273370795444], [138.85507169250442, 12.020322538721576], [138.84622000663884, 12.009722680185462], [138.82414607388594, 11.986047442517116], [138.81726812563193, 11.98117198957548], [138.79322045526743, 11.968921852973182], [138.76229483664895, 11.968688060988574], [138.73184188534583, 11.98117198957548]]]}, "properties": {"fillColor": "#8A2BE2", "fillOpacity": 0.7, "color": "#000000", "weight": 0.2, "stroke": false}}, {"type": "Feature", "geometry": {"type": "Polygon", "coordinates": [[[144.73093923001775, 12.047284574165756], [144.76186484863624, 12.041611425327826], [144.79279046725472, 12.040125391415126], [144.82371608587323, 12.039622643072647], [144.8546417044917, 12.039523770869197], [144.8855673231102, 12.039747744881033], [144.91649294172868, 12.03944319444424], [144.9474185603472, 12.039628386039428], [144.97834417896567, 12.042749502086105], [145.00926979758418, 12.05953870605008], [145.01715185731308, 12.066824061405429], [145.04019541620266, 12.078463612571468], [145.0644026669242, 12.095374752015413], [145.07112103482115, 12.098671993197689], [145.1010103870753, 12.123925442625396], [145.10204665343963, 12.124874285784337], [145.12982835346986, 12.15247613323538], [145.13297227205814, 12.158871476042787], [145.14997432292972, 12.181026823845365], [145.16389789067662, 12.206679934944871], [145.16703649912859, 12.209577514455347], [145.1948235092951, 12.21585185635544], [145.22574912791362, 12.22753560559012], [145.2469214293333, 12.238128205065331], [145.2566747465321, 12.238478382328422], [145.2765909017164, 12.238128205065331], [145.28760036515058, 12.234399755290628], [145.31852598376906, 12.235107900518287], [145.32852517834206, 12.238128205065331], [145.34945160238757, 12.238632029492472], [145.38037722100606, 12.241216501328012], [145.41130283962457, 12.247027103240534], [145.44222845824305, 12.264472524607736], [145.4448027957883, 12.266678895675312], [145.47315407686153, 12.281809320492135], [145.48773751624287, 12.295229586285298], [145.5017464525072, 12.323780276895281], [145.50407969548002, 12.331958872808446], [145.52113672992027, 12.352330967505265], [145.52611001209277, 12.38088165811525], [145.5220072026209, 12.409432348725232], [145.5125419885884, 12.437983039335217], [145.50407969548002, 12.44678373053318], [145.49642735280833, 12.466533729945201], [145.47315407686153, 12.489812213463859], [145.46686214633615, 12.495084420555184], [145.44222845824305, 12.516778617063913], [145.41130283962457, 12.523382455152133], [145.40866437106033, 12.523635111165168], [145.38037722100606, 12.536031406129734], [145.34945160238757, 12.538628620411728], [145.31852598376906, 12.533312920329383], [145.30294385409866, 12.523635111165168], [145.28760036515058, 12.522520474061135], [145.2566747465321, 12.51892305781518], [145.22574912791362, 12.505369377883094], [145.21460863845311, 12.495084420555184], [145.1948235092951, 12.49138484184808], [145.16389789067662, 12.477641949617732], [145.15162219151745, 12.466533729945198], [145.13297227205814, 12.463162563078043], [145.10204665343963, 12.458923066409788], [145.07112103482115, 12.44198411015811], [145.06423469284047, 12.437983039335215], [145.04019541620266, 12.43463833099371], [145.00926979758418, 12.432883537868879], [144.97834417896567, 12.436931253286172], [144.9474185603472, 12.437802317281111], [144.91649294172868, 12.437174042436489], [144.8855673231102, 12.435670127306306], [144.8546417044917, 12.436168118051798], [144.82371608587323, 12.436669565182662], [144.79279046725472, 12.437871794449922], [144.7890791568505, 12.437983039335217], [144.76186484863624, 12.450977852367064], [144.73093923001775, 12.451102029102437], [144.70001361139924, 12.449171511293006], [144.66908799278076, 12.456370029426479], [144.63816237416228, 12.457641284024632], [144.6072367555438, 12.4615151052016], [144.59189682589522, 12.4665337299452], [144.57631113692528, 12.480908196916646], [144.56187691055356, 12.495084420555184], [144.5453855183068, 12.511156566013042], [144.53446076708366, 12.523635111165168], [144.5144598996883, 12.543144645399373], [144.50522163743386, 12.55218580177515], [144.4835342810698, 12.572975672070399], [144.47488812817062, 12.580736492385135], [144.45260866245133, 12.603116690785722], [144.4462732422375, 12.609287182995118], [144.42168304383284, 12.633037845634707], [144.41562956419125, 12.637837873605102], [144.39075742521436, 12.657942626565863], [144.3805405878233, 12.666388564215087], [144.35983180659585, 12.68496667396938], [144.3369166127148, 12.69493925482507], [144.32890618797737, 12.699792400569546], [144.29798056935886, 12.709864683623147], [144.26705495074037, 12.7223413294527], [144.26074539679323, 12.723489945435054], [144.2361293321219, 12.73162172386246], [144.2052037135034, 12.736442062193866], [144.1742780948849, 12.739102779222069], [144.14335247626641, 12.74050657715976], [144.11242685764793, 12.741829651233086], [144.08150123902942, 12.742721631942963], [144.05057562041094, 12.742180501750706], [144.01965000179246, 12.739239256498598], [143.9926266419293, 12.723489945435054], [143.98872438317397, 12.721843612634856], [143.95779876455546, 12.71239530825299], [143.93420187439946, 12.69493925482507], [143.92687314593698, 12.689627936986474], [143.89936261887127, 12.666388564215087], [143.89594752731847, 12.662894332437885], [143.8703460348827, 12.637837873605104], [143.8650219087, 12.629427810176201], [143.85461907082504, 12.609287182995118], [143.849760452133, 12.580736492385135], [143.84796749173512, 12.55218580177515], [143.8489918971312, 12.523635111165168], [143.85421359455344, 12.495084420555184], [143.8650219087, 12.481206592702458], [143.87678916453763, 12.4665337299452], [143.89594752731847, 12.44401665962312], [143.9012755890912, 12.437983039335217], [143.92281109718493, 12.409432348725232], [143.91203488108172, 12.38088165811525], [143.89594752731847, 12.365569752150671], [143.88146425483274, 12.352330967505264], [143.87050162183104, 12.323780276895281], [143.8717818241829, 12.295229586285298], [143.89302658001515, 12.266678895675314], [143.89594752731847, 12.263982262059853], [143.92687314593698, 12.251542673236681], [143.94270840678018, 12.238128205065333], [143.95779876455546, 12.22487794393364], [143.98872438317397, 12.21153422867311], [143.99144887284208, 12.209577514455347], [144.01965000179246, 12.189887963072884], [144.0375296877482, 12.181026823845365], [144.05057562041094, 12.170307341166922], [144.08150123902942, 12.159199833785966], [144.11242685764793, 12.156251783166729], [144.14335247626641, 12.158458180676888], [144.167951217261, 12.181026823845365], [144.1742780948849, 12.193848694460481], [144.18262954494878, 12.209577514455347], [144.1742780948849, 12.22486076009491], [144.1674833677506, 12.238128205065331], [144.14335247626641, 12.265475790555028], [144.142373173647, 12.266678895675314], [144.11815791837637, 12.295229586285298], [144.11242685764793, 12.301291796151016], [144.09615035495685, 12.323780276895281], [144.10204048128432, 12.352330967505267], [144.11242685764793, 12.355520861237764], [144.13038667584942, 12.352330967505265], [144.14335247626641, 12.347797087536629], [144.17045928229928, 12.323780276895281], [144.1742780948849, 12.320254729420382], [144.1874352946113, 12.295229586285298], [144.2052037135034, 12.271973057748145], [144.20858006373618, 12.266678895675314], [144.2345861393458, 12.238128205065331], [144.2361293321219, 12.236718081047034], [144.26705495074037, 12.217466459180942], [144.29486960318957, 12.209577514455347], [144.29798056935886, 12.20721567600386], [144.32890618797737, 12.197544373816022], [144.35983180659585, 12.196765438692335], [144.38425012265455, 12.209577514455347], [144.39075742521436, 12.210038740168981], [144.42168304383284, 12.210270697711712], [144.45260866245133, 12.209821202499496], [144.46223900065428, 12.209577514455347], [144.4835342810698, 12.204193713264623], [144.5144598996883, 12.189244057730745], [144.5453855183068, 12.182059522285343], [144.54767472644468, 12.181026823845365], [144.57631113692528, 12.15500284190052], [144.5798395767188, 12.15247613323538], [144.6072367555438, 12.127038237609844], [144.61059711041307, 12.123925442625396], [144.63816237416228, 12.098861828287534], [144.64366550481412, 12.095374752015413], [144.66908799278076, 12.073982539463639], [144.70001361139924, 12.067631874273937], [144.70544907351544, 12.066824061405429], [144.73093923001775, 12.047284574165756]]]}, "properties": {"fillColor": "#8A2BE2", "fillOpacity": 0.7, "color": "#000000", "weight": 0.2, "stroke": false}}, {"type": "Feature", "geometry": {"type": "Polygon", "coordinates": [[[144.7471007520873, 12.123925442625396], [144.73093923001775, 12.130491629964068], [144.70001361139924, 12.15210153746241], [144.6995522688726, 12.15247613323538], [144.66908799278076, 12.176181012213844], [144.66352773314085, 12.181026823845365], [144.63816237416228, 12.199925817746493], [144.6260825980235, 12.209577514455347], [144.6072367555438, 12.221911034182028], [144.58484558344952, 12.238128205065331], [144.57631113692528, 12.243759584735713], [144.5453855183068, 12.263660908102793], [144.5401855835188, 12.266678895675314], [144.5144598996883, 12.279150038225396], [144.4835342810698, 12.29191042870623], [144.4735051413026, 12.295229586285298], [144.45260866245133, 12.301175761746023], [144.42168304383284, 12.308489502211728], [144.39075742521436, 12.317450608917488], [144.37522643439326, 12.323780276895281], [144.35983180659585, 12.331611192669715], [144.3319283135623, 12.352330967505265], [144.32890618797737, 12.355856376074799], [144.3092738178415, 12.38088165811525], [144.29907734380618, 12.409432348725232], [144.30118596311308, 12.437983039335217], [144.32890618797737, 12.46492726431313], [144.33626233615223, 12.4665337299452], [144.35983180659585, 12.469907924620959], [144.38063791313203, 12.4665337299452], [144.39075742521436, 12.465263084718593], [144.42168304383284, 12.455057447486006], [144.45260866245133, 12.438598518018033], [144.45350569300984, 12.437983039335217], [144.4835342810698, 12.42156196034857], [144.5024566157171, 12.409432348725232], [144.5144598996883, 12.40365896350505], [144.5453855183068, 12.39020928735175], [144.56844168996426, 12.38088165811525], [144.57631113692528, 12.378822808068442], [144.6072367555438, 12.374393447633956], [144.63816237416228, 12.373572515899738], [144.66908799278076, 12.375247710358067], [144.70001361139924, 12.376985492541046], [144.73093923001775, 12.377111930048475], [144.76186484863624, 12.37555592939985], [144.79279046725472, 12.372404387550391], [144.82371608587323, 12.367227683412352], [144.8546417044917, 12.36027004908528], [144.88454552000695, 12.352330967505265], [144.8855673231102, 12.352148257076648], [144.9164929417287, 12.349540792316816], [144.9474185603472, 12.34773283026018], [144.97834417896567, 12.339911967122706], [145.0089779616691, 12.323780276895281], [145.00926979758415, 12.323596455930186], [145.04019541620266, 12.302479979395226], [145.04983057457156, 12.295229586285298], [145.05490379690127, 12.266678895675314], [145.04019541620266, 12.238385145656151], [145.0401027214268, 12.238128205065331], [145.01989127336392, 12.209577514455347], [145.00926979758418, 12.197295117167574], [144.9961549022725, 12.181026823845365], [144.97834417896567, 12.163732795076934], [144.9665386160153, 12.152476133235382], [144.9474185603472, 12.137742364988968], [144.92124567370848, 12.123925442625396], [144.91649294172868, 12.121367389812866], [144.8855673231102, 12.110091969794972], [144.8546417044917, 12.10546833051388], [144.82371608587323, 12.104832678569784], [144.79279046725472, 12.108033628344332], [144.76186484863624, 12.11651911332855], [144.7471007520873, 12.123925442625396]]]}, "properties": {"fillColor": "#8A2BE2", "fillOpacity": 0.7, "color": "#000000", "weight": 0.2, "stroke": false}}, {"type": "Feature", "geometry": {"type": "Polygon", "coordinates": [[[145.17879856543632, 12.323780276895281], [145.16389789067662, 12.34191363355124], [145.15969795197873, 12.352330967505265], [145.16389789067662, 12.356496673783482], [145.1794667481318, 12.38088165811525], [145.1948235092951, 12.393530223910798], [145.21112194096105, 12.409432348725232], [145.22574912791362, 12.420508430245492], [145.2566747465321, 12.43686990930918], [145.26093662306636, 12.437983039335217], [145.28760036515058, 12.448151584925746], [145.31852598376906, 12.45027532042014], [145.34945160238757, 12.441496564536948], [145.35585350773118, 12.437983039335217], [145.38037722100606, 12.41715512003389], [145.38680607453597, 12.409432348725232], [145.39285554083196, 12.38088165811525], [145.38037722100606, 12.353138196386302], [145.38017710662731, 12.352330967505265], [145.3552658250317, 12.323780276895281], [145.34945160238757, 12.319646090663237], [145.31852598376906, 12.304638478529084], [145.28760036515058, 12.301426801755564], [145.2566747465321, 12.303734783773761], [145.22574912791362, 12.310491942521846], [145.1948235092951, 12.319474451042328], [145.17879856543632, 12.323780276895281]]]}, "properties": {"fillColor": "#8A2BE2", "fillOpacity": 0.7, "color": "#000000", "weight": 0.2, "stroke": false}}, {"type": "Feature", "geometry": {"type": "Polygon", "coordinates": [[[139.69006339520368, 12.163045840157865], [139.7209890138222, 12.164961247486794], [139.75191463244067, 12.172678126748973], [139.76136540221023, 12.181026823845365], [139.78284025105916, 12.19840711636516], [139.7944799096321, 12.209577514455347], [139.80115941927056, 12.238128205065331], [139.79306114623708, 12.266678895675314], [139.78284025105916, 12.27727544877692], [139.75191463244067, 12.28242064892332], [139.7209890138222, 12.276021930109263], [139.70864756930865, 12.266678895675314], [139.69006339520368, 12.254860750638073], [139.67268431457308, 12.238128205065331], [139.66044899008025, 12.209577514455347], [139.66930264213062, 12.181026823845365], [139.69006339520368, 12.163045840157865]]]}, "properties": {"fillColor": "#8A2BE2", "fillOpacity": 0.7, "color": "#000000", "weight": 0.2, "stroke": false}}, {"type": "Feature", "geometry": {"type": "Polygon", "coordinates": [[[122.55727068055958, 12.363285080556096], [122.58819629917808, 12.359565879632633], [122.61235745370634, 12.38088165811525], [122.61317343086047, 12.409432348725232], [122.60010366566797, 12.437983039335219], [122.58819629917807, 12.450027983435898], [122.57911338962005, 12.4665337299452], [122.55727068055958, 12.487445866146409], [122.54446949933934, 12.495084420555184], [122.5263450619411, 12.509593311710137], [122.49607924399079, 12.495084420555184], [122.4954194433226, 12.494189470807447], [122.48272742191294, 12.4665337299452], [122.49159477919471, 12.437983039335219], [122.49541944332259, 12.433369475636791], [122.50656655262793, 12.409432348725232], [122.5263450619411, 12.390480027880116], [122.53687311877053, 12.38088165811525], [122.55727068055958, 12.363285080556096]]]}, "properties": {"fillColor": "#8A2BE2", "fillOpacity": 0.7, "color": "#000000", "weight": 0.2, "stroke": false}}, {"type": "Feature", "geometry": {"type": "Polygon", "coordinates": [[[120.57803108897616, 12.484055465518964], [120.60895670759464, 12.475075790484652], [120.63988232621315, 12.47455938064609], [120.67080794483161, 12.481430639143444], [120.7017335634501, 12.489612708723836], [120.71055809507993, 12.495084420555184], [120.7326591820686, 12.496355980488334], [120.7635848006871, 12.499627168134063], [120.7945104193056, 12.510319340033345], [120.80893383432064, 12.523635111165168], [120.82543603792408, 12.524553881422424], [120.85636165654257, 12.52548623695163], [120.88728727516107, 12.527541996225224], [120.91821289377955, 12.53115771883912], [120.94913851239804, 12.53693553652617], [120.9797840804793, 12.55218580177515], [120.98006413101653, 12.552212207144992], [121.01098974963503, 12.557709689220008], [121.04191536825353, 12.570620642324023], [121.05495378608543, 12.580736492385135], [121.07284098687201, 12.582191371312813], [121.1037666054905, 12.585080585516408], [121.13469222410899, 12.593684936447497], [121.15613853882064, 12.609287182995118], [121.16561784272749, 12.614131541877686], [121.1887651231791, 12.6378378736051], [121.19400642926468, 12.666388564215087], [121.19585114976147, 12.69493925482507], [121.19477337546468, 12.723489945435054], [121.19540450981157, 12.752040636045038], [121.19247735148532, 12.78059132665502], [121.18865361919549, 12.809142017265003], [121.17657473300986, 12.837692707874986], [121.16561784272749, 12.850659034505037], [121.13469222410899, 12.865570289194116], [121.12619831380043, 12.866243398484972], [121.1037666054905, 12.873568854878108], [121.07284098687201, 12.877225582557829], [121.04191536825353, 12.881417899368163], [121.01098974963503, 12.885948326166389], [120.98006413101652, 12.886991384611928], [120.94913851239805, 12.881357950746867], [120.9271222717579, 12.866243398484972], [120.91821289377955, 12.866001395015251], [120.89514056892456, 12.866243398484972], [120.88728727516107, 12.870073760064374], [120.88093568723288, 12.866243398484972], [120.85636165654257, 12.864461815571175], [120.82560015520252, 12.837692707874988], [120.82543603792408, 12.837624627552021], [120.7945104193056, 12.829955759424806], [120.77196533061226, 12.809142017265003], [120.7635848006871, 12.807154299575403], [120.7326591820686, 12.80511578923781], [120.70173356345012, 12.804204495930435], [120.67080794483161, 12.801226877557525], [120.63988232621314, 12.795163771674861], [120.60895670759464, 12.78945722580412], [120.57803108897616, 12.78167465474215], [120.5754598277993, 12.78059132665502], [120.54710547035766, 12.77619560211706], [120.51943640766982, 12.752040636045036], [120.51617985173917, 12.748530338438597], [120.49418739077376, 12.723489945435054], [120.48525423312068, 12.698093288343232], [120.48241161603417, 12.694939254825071], [120.47762133162757, 12.666388564215087], [120.47804128805299, 12.637837873605102], [120.48352280074776, 12.609287182995116], [120.4852542331207, 12.605982323082484], [120.48937920480729, 12.580736492385135], [120.49965343797328, 12.55218580177515], [120.51617985173917, 12.529153314644276], [120.5193769505517, 12.523635111165168], [120.54710547035766, 12.498173269420946], [120.55684392492581, 12.495084420555184], [120.57803108897616, 12.484055465518964]]]}, "properties": {"fillColor": "#8A2BE2", "fillOpacity": 0.7, "color": "#000000", "weight": 0.2, "stroke": false}}, {"type": "Feature", "geometry": {"type": "Polygon", "coordinates": [[[120.73160296272684, 12.580736492385135], [120.70173356345012, 12.593983538205503], [120.68330352585295, 12.609287182995118], [120.67290281544607, 12.637837873605102], [120.67685985516832, 12.666388564215088], [120.69636335174054, 12.69493925482507], [120.70173356345012, 12.699408066196412], [120.72937703861993, 12.723489945435054], [120.7326591820686, 12.725573497875574], [120.76358480068708, 12.746607258587952], [120.78223301833317, 12.752040636045036], [120.7945104193056, 12.757993729579502], [120.82543603792408, 12.7725730929806], [120.84083228558325, 12.78059132665502], [120.85636165654257, 12.792179912719886], [120.88728727516109, 12.808708226742361], [120.88852590141676, 12.809142017265001], [120.91821289377955, 12.82430309534849], [120.94913851239806, 12.829663124815852], [120.98006413101653, 12.831660501058582], [121.01098974963503, 12.831613351858481], [121.04191536825353, 12.82647482525195], [121.07230694739094, 12.809142017265001], [121.07284098687201, 12.808906702379087], [121.1037666054905, 12.78230099879868], [121.10532072264418, 12.78059132665502], [121.1239696274034, 12.752040636045038], [121.12837133251823, 12.723489945435055], [121.12490727956798, 12.69493925482507], [121.1037666054905, 12.667281112282696], [121.10298350424952, 12.666388564215087], [121.07284098687202, 12.64468846420101], [121.04191536825353, 12.638170251200293], [121.0381244411234, 12.637837873605102], [121.01098974963503, 12.63044598356735], [120.98006413101653, 12.625932707084054], [120.94913851239805, 12.61751848895845], [120.91821289377954, 12.611097113635271], [120.91300096166323, 12.609287182995118], [120.88728727516107, 12.593814573081275], [120.85636165654257, 12.58551978461602], [120.82543603792408, 12.581079151736978], [120.82032818411572, 12.580736492385135], [120.7945104193056, 12.575852678955805], [120.76358480068711, 12.574474850034791], [120.7326591820686, 12.58035537801176], [120.73160296272684, 12.580736492385135]]]}, "properties": {"fillColor": "#8A2BE2", "fillOpacity": 0.7, "color": "#000000", "weight": 0.2, "stroke": false}}, {"type": "Feature", "geometry": {"type": "Polygon", "coordinates": [[[140.6178319537584, 12.475100855945087], [140.64875757237692, 12.476264191091044], [140.67265768952078, 12.495084420555184], [140.6796831909954, 12.501987015996205], [140.69658606311407, 12.523635111165168], [140.69623525032154, 12.55218580177515], [140.6796831909954, 12.577622737741244], [140.67566157250818, 12.580736492385135], [140.64875757237692, 12.594593245461262], [140.6178319537584, 12.595326126396579], [140.58690633513993, 12.581367884833782], [140.58622242166365, 12.580736492385135], [140.5688199867575, 12.55218580177515], [140.5684532585729, 12.523635111165168], [140.58690633513993, 12.502027301337952], [140.5943105708835, 12.495084420555184], [140.6178319537584, 12.475100855945087]]]}, "properties": {"fillColor": "#8A2BE2", "fillOpacity": 0.7, "color": "#000000", "weight": 0.2, "stroke": false}}, {"type": "Feature", "geometry": {"type": "Polygon", "coordinates": [[[143.74131943422603, 13.118586026313686], [143.77224505284454, 13.109910190626582], [143.80317067146302, 13.114677458612377], [143.81355289814303, 13.123199613974824], [143.8340962900815, 13.12345923351469], [143.8650219087, 13.12356276466853], [143.89594752731847, 13.123796155911766], [143.92687314593698, 13.125688936822431], [143.95718251665497, 13.151750304584809], [143.95779876455546, 13.152093310943147], [143.98734943836334, 13.180300995194791], [143.98872438317397, 13.193273560087455], [144.00401571086746, 13.208851685804776], [144.014638867335, 13.237402376414758], [144.01707185935584, 13.265953067024743], [144.01863751746563, 13.294503757634725], [144.01965000179246, 13.309753196172757], [144.0306257992811, 13.32305444824471], [144.03742407879867, 13.351605138854694], [144.0203186409568, 13.380155829464677], [144.01965000179246, 13.380759300767327], [143.98872438317397, 13.401311933072579], [143.95779876455546, 13.404572115078576], [143.92687314593698, 13.404536090024537], [143.89594752731847, 13.400678288867784], [143.86824077216548, 13.380155829464677], [143.8650219087, 13.380066916523825], [143.8340962900815, 13.379789125030364], [143.8142522366565, 13.380155829464677], [143.80317067146302, 13.390386387605382], [143.78012661544125, 13.380155829464677], [143.7722450528445, 13.379918835483792], [143.74131943422603, 13.369798827665615], [143.72174715264237, 13.351605138854694], [143.71092685751145, 13.32305444824471], [143.71039381560755, 13.319632363856806], [143.68711427266948, 13.294503757634725], [143.68158649716813, 13.265953067024743], [143.68053873042274, 13.237402376414758], [143.6813473365749, 13.208851685804776], [143.68475676308321, 13.180300995194791], [143.6958296911443, 13.151750304584809], [143.71039381560755, 13.135666940537977], [143.73456720868748, 13.123199613974824], [143.74131943422603, 13.118586026313686]]]}, "properties": {"fillColor": "#8A2BE2", "fillOpacity": 0.7, "color": "#000000", "weight": 0.2, "stroke": false}}, {"type": "Feature", "geometry": {"type": "Polygon", "coordinates": [[[143.77996340968602, 13.180300995194791], [143.7722450528445, 13.185890342229378], [143.75262005502339, 13.208851685804778], [143.74630442794063, 13.237402376414758], [143.7474078540061, 13.265953067024743], [143.7557395703188, 13.294503757634725], [143.7722450528445, 13.314911459373228], [143.78185907785937, 13.323054448244712], [143.80317067146302, 13.336821231364084], [143.8340962900815, 13.3416804241871], [143.8650219087, 13.342280425114879], [143.89594752731847, 13.338268160994044], [143.92469882466224, 13.32305444824471], [143.92687314593698, 13.321338266182197], [143.9469731087381, 13.294503757634725], [143.9496179981358, 13.265953067024745], [143.94483978525682, 13.237402376414758], [143.92935071039437, 13.208851685804776], [143.92687314593698, 13.205280534807827], [143.90757247912782, 13.180300995194791], [143.89594752731847, 13.172501861396784], [143.8650219087, 13.162238583070035], [143.8340962900815, 13.160678305863087], [143.80317067146302, 13.166155659764932], [143.77996340968602, 13.180300995194791]]]}, "properties": {"fillColor": "#8A2BE2", "fillOpacity": 0.7, "color": "#000000", "weight": 0.2, "stroke": false}}, {"type": "Feature", "geometry": {"type": "Polygon", "coordinates": [[[120.91821289377955, 13.170819782121201], [120.93357277176341, 13.180300995194791], [120.93418636084851, 13.208851685804776], [120.91821289377955, 13.236386297953334], [120.91757164706878, 13.237402376414758], [120.89987704150104, 13.265953067024743], [120.88728727516107, 13.27785624047423], [120.86504626435723, 13.294503757634725], [120.85636165654256, 13.306612044719014], [120.84807993282126, 13.294503757634725], [120.84012168666888, 13.265953067024743], [120.84381494597787, 13.237402376414758], [120.85636165654257, 13.217113307085512], [120.86356921540643, 13.208851685804774], [120.88728727516107, 13.18892895222926], [120.9026080492811, 13.180300995194791], [120.91821289377955, 13.170819782121201]]]}, "properties": {"fillColor": "#8A2BE2", "fillOpacity": 0.7, "color": "#000000", "weight": 0.2, "stroke": false}}, {"type": "Feature", "geometry": {"type": "Polygon", "coordinates": [[[123.63966733220678, 13.275328669444413], [123.66344917619708, 13.294503757634725], [123.6534884692364, 13.323054448244708], [123.63966733220678, 13.332403191272068], [123.62299990545787, 13.32305444824471], [123.6146000708162, 13.294503757634725], [123.63966733220678, 13.275328669444413]]]}, "properties": {"fillColor": "#8A2BE2", "fillOpacity": 0.7, "color": "#000000", "weight": 0.2, "stroke": false}}, {"type": "Feature", "geometry": {"type": "Polygon", "coordinates": [[[144.2361293321219, 13.322905254909763], [144.23915095800885, 13.32305444824471], [144.26705495074037, 13.325156358296999], [144.29798056935886, 13.342179984614436], [144.30914520149076, 13.351605138854694], [144.32890618797737, 13.36928930176694], [144.33967283099352, 13.380155829464677], [144.33783999810925, 13.408706520074661], [144.32890618797737, 13.417802954247623], [144.29798056935886, 13.43650829326426], [144.26705495074037, 13.423332941322446], [144.2361293321219, 13.414043378381274], [144.22813671147142, 13.408706520074663], [144.21956075236162, 13.380155829464677], [144.217309843524, 13.351605138854694], [144.23580605642036, 13.32305444824471], [144.2361293321219, 13.322905254909763]]]}, "properties": {"fillColor": "#8A2BE2", "fillOpacity": 0.7, "color": "#000000", "weight": 0.2, "stroke": false}}, {"type": "Feature", "geometry": {"type": "Polygon", "coordinates": [[[120.7635848006871, 13.351895306795091], [120.7945104193056, 13.3589804917014], [120.81174415349341, 13.380155829464677], [120.80103165102959, 13.408706520074661], [120.7945104193056, 13.414799499537356], [120.76358480068711, 13.419165152256218], [120.75020276276184, 13.408706520074661], [120.75009418126953, 13.380155829464677], [120.7635848006871, 13.351895306795091]]]}, "properties": {"fillColor": "#8A2BE2", "fillOpacity": 0.7, "color": "#000000", "weight": 0.2, "stroke": false}}, {"type": "Feature", "geometry": {"type": "Polygon", "coordinates": [[[123.54689047635131, 13.413225303072789], [123.57781609496979, 13.409455149835908], [123.60046642786058, 13.437257210684644], [123.59918169256235, 13.465807901294628], [123.57888834952483, 13.494358591904613], [123.57781609496979, 13.49535224649106], [123.54689047635131, 13.511057088937893], [123.52957156887527, 13.494358591904613], [123.51789042683443, 13.465807901294628], [123.52231051387038, 13.437257210684646], [123.54689047635131, 13.413225303072789]]]}, "properties": {"fillColor": "#8A2BE2", "fillOpacity": 0.7, "color": "#000000", "weight": 0.2, "stroke": false}}, {"type": "Feature", "geometry": {"type": "Polygon", "coordinates": [[[147.54517052430046, 13.8362108476593], [147.57609614291894, 13.81835793362699], [147.60702176153742, 13.83100041188978], [147.60899016531198, 13.836966879224416], [147.6070217615374, 13.83925275286282], [147.57609614291894, 13.84585845904498], [147.54517052430043, 13.837427391200883], [147.54484320969124, 13.836966879224416], [147.54517052430046, 13.8362108476593]]]}, "properties": {"fillColor": "#8A2BE2", "fillOpacity": 0.7, "color": "#000000", "weight": 0.2, "stroke": false}}, {"type": "Feature", "geometry": {"type": "Polygon", "coordinates": [[[147.91627794772234, 13.822704603321856], [147.94720356634082, 13.81205353961137], [147.9781291849593, 13.817241326458017], [148.007763779691, 13.836966879224416], [148.0090548035778, 13.838425783010406], [148.03357283903205, 13.865517569834399], [148.03998042219632, 13.884570209232747], [148.04168926424805, 13.894068260444383], [148.0399804221963, 13.91430953742272], [148.0090548035778, 13.91870330585836], [147.9781291849593, 13.901925541604157], [147.94720356634085, 13.896772240026786], [147.9437813232358, 13.894068260444383], [147.91627794772234, 13.871574297650637], [147.9095424660659, 13.865517569834399], [147.90514274625667, 13.836966879224416], [147.91627794772234, 13.822704603321856]]]}, "properties": {"fillColor": "#8A2BE2", "fillOpacity": 0.7, "color": "#000000", "weight": 0.2, "stroke": false}}, {"type": "Feature", "geometry": {"type": "Polygon", "coordinates": [[[122.74282439227053, 13.98902353883883], [122.77375001088902, 13.992098804031414], [122.78681315670539, 14.008271022884317], [122.78677728523411, 14.036821713494303], [122.77375001088903, 14.051459209303246], [122.74282439227053, 14.058588521752924], [122.72364976347441, 14.036821713494302], [122.72707365173925, 14.008271022884317], [122.74282439227053, 13.98902353883883]]]}, "properties": {"fillColor": "#8A2BE2", "fillOpacity": 0.7, "color": "#000000", "weight": 0.2, "stroke": false}}, {"type": "Feature", "geometry": {"type": "Polygon", "coordinates": [[[148.50386470147367, 14.29047342278571], [148.53479032009216, 14.288405358910873], [148.56571593871064, 14.28896524268908], [148.57892526931053, 14.293777928984156], [148.59664155732915, 14.298319595925234], [148.62756717594763, 14.314597164822944], [148.63687529704043, 14.322328619594138], [148.65849279456614, 14.33928082842094], [148.67113901506883, 14.350879310204121], [148.68934659550072, 14.379430000814105], [148.68941841318463, 14.37963690987745], [148.70243648040514, 14.407980691424088], [148.70688970884237, 14.436531382034072], [148.70653653705492, 14.465082072644055], [148.70193511453783, 14.493632763254041], [148.68941841318463, 14.512530049008298], [148.68586167225152, 14.522183453864024], [148.6752548182163, 14.550734144474006], [148.66280643346852, 14.57928483508399], [148.67769632406942, 14.607835525693975], [148.68604177176448, 14.636386216303958], [148.68770379290123, 14.66493690691394], [148.6853391913768, 14.693487597523925], [148.68005558539284, 14.72203828813391], [148.65849279456611, 14.747642844155882], [148.65693170178486, 14.750588978743892], [148.62756717594763, 14.778499985125343], [148.62630803224286, 14.779139669353876], [148.59664155732915, 14.800344516350073], [148.56571593871064, 14.806852555714176], [148.5577943346959, 14.80769035996386], [148.53479032009216, 14.820043852566396], [148.50386470147367, 14.82602336306557], [148.4729390828552, 14.827532788660054], [148.44201346423668, 14.82742455772727], [148.4110878456182, 14.827687914783187], [148.3801622269997, 14.832123956103276], [148.37042358128195, 14.836241050573843], [148.3492366083812, 14.854988816132206], [148.3327538057065, 14.864791741183828], [148.31831098976272, 14.877412285090772], [148.3082997926198, 14.89334243179381], [148.31831098976272, 14.905027800339774], [148.34812774815094, 14.89334243179381], [148.3492366083812, 14.892214482020648], [148.3801622269997, 14.874547556952857], [148.4110878456182, 14.870229317200819], [148.4420134642367, 14.867908504131545], [148.4729390828552, 14.86708129104348], [148.50386470147367, 14.868068019042159], [148.53479032009216, 14.870898210860776], [148.56571593871064, 14.874110842394828], [148.59664155732915, 14.878100829109663], [148.62756717594763, 14.890762079706464], [148.63099536653004, 14.89334243179381], [148.65849279456611, 14.898291489453054], [148.68757686046848, 14.921893122403795], [148.68941841318463, 14.923188682271984], [148.71850388971444, 14.95044381301378], [148.7203440318031, 14.956205073549736], [148.73762769126887, 14.97899450362376], [148.744613769741, 15.007545194233746], [148.74637612707386, 15.036095884843728], [148.74571635272898, 15.064646575453713], [148.74056148846987, 15.093197266063697], [148.7203440318031, 15.118411496626365], [148.7196614431232, 15.12174795667368], [148.70862484517636, 15.150298647283664], [148.68941841318463, 15.168833545112076], [148.6836214180153, 15.178849337893647], [148.65849279456611, 15.201499820277721], [148.6462653589152, 15.207400028503631], [148.62756717594763, 15.224662287456699], [148.6079546745161, 15.235950719113614], [148.59664155732915, 15.246395047248932], [148.56671995983987, 15.264501409723598], [148.56571593871064, 15.265428327208413], [148.53479032009216, 15.290279505728233], [148.52956722727583, 15.293052100333583], [148.50386470147367, 15.31678080471702], [148.49200455516515, 15.321602790943565], [148.4729390828552, 15.339204133311851], [148.45237921459747, 15.350153481553548], [148.44201346423668, 15.359723195748824], [148.4110878456182, 15.378589810942229], [148.4107869272176, 15.378704172163532], [148.3801622269997, 15.404390471953121], [148.36817678695343, 15.407254862773517], [148.3492366083812, 15.421801857408438], [148.31831098976272, 15.429859687594817], [148.28738537114424, 15.43202282107595], [148.25645975252573, 15.435794596055018], [148.25642838741567, 15.435805553383501], [148.22553413390725, 15.460684364526854], [148.22271318561042, 15.464356243993484], [148.19531160230574, 15.492906934603468], [148.19460851528876, 15.49355602816377], [148.17854996048158, 15.52145762521345], [148.16368289667025, 15.535827014067028], [148.15320587077545, 15.550008315823435], [148.13275727805177, 15.569736289685286], [148.1253537520059, 15.57855900643342], [148.1018316594333, 15.600974673338985], [148.09184608429803, 15.607109697043402], [148.0709060408148, 15.62402736988415], [148.05339157366438, 15.635660387653388], [148.0399804221963, 15.648816174882835], [148.02639671216727, 15.664211078263369], [148.0124320454388, 15.692761768873352], [148.01882927447826, 15.721312459483336], [148.02384120626004, 15.749863150093319], [148.02480396531803, 15.778413840703305], [148.02162179707437, 15.806964531313287], [148.01318256105867, 15.835515221923272], [148.0090548035778, 15.851102825603556], [148.00785164464696, 15.864065912533254], [148.00818459491916, 15.892616603143239], [148.0090548035778, 15.9051523411541], [148.01133011246014, 15.921167293753223], [148.0090548035778, 15.923898964648522], [147.99378588540685, 15.949717984363206], [147.9781291849593, 15.965080654536232], [147.94720356634082, 15.973553024349705], [147.93733770205682, 15.97826867497319], [147.91627794772234, 15.992518603809614], [147.89553444947256, 16.006819365583173], [147.88535232910385, 16.014723671051932], [147.85689060841355, 16.03537005619316], [147.85442671048537, 16.03764473946821], [147.82350109186686, 16.05979738067311], [147.80177504161952, 16.06392074680314], [147.79257547324838, 16.069043891561336], [147.76164985462987, 16.077130360657762], [147.73072423601138, 16.07781665035209], [147.6997986173929, 16.073108988821], [147.69145443463265, 16.06392074680314], [147.67708181148552, 16.03537005619316], [147.66887299877442, 16.012005693343692], [147.66344071967185, 16.006819365583176], [147.65467570356782, 15.97826867497319], [147.65033952032064, 15.949717984363208], [147.65462621048243, 15.921167293753223], [147.65393992040813, 15.892616603143239], [147.64771964223806, 15.864065912533253], [147.6379473801559, 15.855675349402645], [147.60702176153742, 15.858806167984563], [147.60063229276878, 15.864065912533254], [147.57609614291894, 15.889332252792597], [147.57197986905004, 15.892616603143239], [147.54517052430043, 15.916218495441242], [147.52213074502572, 15.921167293753221], [147.51424490568195, 15.924297545475213], [147.48331928706347, 15.929443222414179], [147.45239366844498, 15.929165712645837], [147.42146804982647, 15.924145765481981], [147.41565993098655, 15.921167293753223], [147.390542431208, 15.91048249695505], [147.36923558131897, 15.892616603143239], [147.3613739632297, 15.864065912533254], [147.36256265710443, 15.835515221923272], [147.37106509344193, 15.806964531313287], [147.3744579125874, 15.778413840703305], [147.3816718043591, 15.749863150093322], [147.390542431208, 15.735752980743479], [147.39204918827863, 15.721312459483336], [147.3921527166156, 15.692761768873353], [147.3949033453498, 15.664211078263369], [147.4070853627238, 15.635660387653386], [147.42146804982647, 15.616179509761581], [147.42474952634785, 15.607109697043402], [147.449926928762, 15.57855900643342], [147.45239366844498, 15.576281699635691], [147.47908549969125, 15.550008315823433], [147.48331928706347, 15.54609966148531], [147.51424490568195, 15.5266312113359], [147.52593092492614, 15.52145762521345], [147.54517052430043, 15.504358983146282], [147.57609614291894, 15.497207265001693], [147.60702176153742, 15.494326517643119], [147.6379473801559, 15.493144823426315], [147.6627076882068, 15.492906934603468], [147.66887299877442, 15.492590571621841], [147.69979861739293, 15.492197492040692], [147.73072423601138, 15.488543651321017], [147.76164985462987, 15.482948104598044], [147.7925754732484, 15.480193833141467], [147.82350109186686, 15.476503659536142], [147.85442671048537, 15.47037688636957], [147.85790954267821, 15.464356243993484], [147.86324446431058, 15.435805553383501], [147.86959462952763, 15.407254862773517], [147.88535232910385, 15.386642629388666], [147.88664542599184, 15.378704172163532], [147.89839009463597, 15.350153481553551], [147.91627794772234, 15.333247961161105], [147.92352784328455, 15.321602790943565], [147.94720356634082, 15.298714115624085], [147.95328788914844, 15.293052100333583], [147.9781291849593, 15.270138260619909], [147.98731095856616, 15.264501409723598], [148.0090548035778, 15.245540334625364], [148.01669574352394, 15.235950719113614], [148.0399804221963, 15.212685166488688], [148.04308423381576, 15.207400028503631], [148.0626555698128, 15.178849337893649], [148.0709060408148, 15.170023115678868], [148.0778840285654, 15.150298647283666], [148.1018316594333, 15.125072683405872], [148.1034143003721, 15.12174795667368], [148.12231370175232, 15.093197266063697], [148.13275727805177, 15.083555702560442], [148.14495122163896, 15.064646575453715], [148.16368289667025, 15.046634493310467], [148.1706776141781, 15.036095884843728], [148.19460851528876, 15.012135930578772], [148.1988135165006, 15.007545194233746], [148.22553413390725, 14.981051352960387], [148.2276550815471, 14.978994503623762], [148.22553413390725, 14.97170074719907], [148.19460851528876, 14.975325714457826], [148.16368289667025, 14.97776346617432], [148.13275727805177, 14.978877759024092], [148.13109769329387, 14.978994503623762], [148.1018316594333, 15.001661466639106], [148.0709060408148, 15.005682049473126], [148.0399804221963, 15.007089147188289], [148.03451077611155, 15.007545194233746], [148.0090548035778, 15.027680262950025], [147.9781291849593, 15.034209012317985], [147.9484115775387, 15.036095884843728], [147.94720356634082, 15.036855248699206], [147.91627794772234, 15.04755804753312], [147.88535232910385, 15.050754372909335], [147.85442671048537, 15.05157928022669], [147.82350109186686, 15.051529617258005], [147.79257547324838, 15.051340084825043], [147.76164985462987, 15.051553600076776], [147.73072423601138, 15.052930405658604], [147.6997986173929, 15.05564307456017], [147.66887299877442, 15.058690436554599], [147.6379473801559, 15.061220748130834], [147.61734847958445, 15.064646575453715], [147.60702176153742, 15.074418530945852], [147.57609614291894, 15.088399458789262], [147.54517052430043, 15.092622624404534], [147.53906719670942, 15.093197266063697], [147.51424490568195, 15.104346568600562], [147.48331928706347, 15.108040814260203], [147.45239366844498, 15.103104115070787], [147.4416627394356, 15.093197266063697], [147.42146804982647, 15.079516681011173], [147.40536100640787, 15.064646575453713], [147.39481602289544, 15.036095884843728], [147.39192778823568, 15.007545194233746], [147.39174643195255, 14.978994503623762], [147.39636515204035, 14.950443813013779], [147.40873907460391, 14.921893122403795], [147.42146804982647, 14.90777387095873], [147.42842697586553, 14.893342431793808], [147.45239366844498, 14.8694734839385], [147.4571832365434, 14.864791741183828], [147.48331928706347, 14.840990530458377], [147.49380249807734, 14.836241050573843], [147.51424490568195, 14.821710090501277], [147.54517052430043, 14.809119151411432], [147.55366005166192, 14.80769035996386], [147.57609614291894, 14.796169831944459], [147.60702176153742, 14.789318779107518], [147.6379473801559, 14.786538836768926], [147.66887299877442, 14.78523916900585], [147.6997986173929, 14.78450823004005], [147.73072423601138, 14.783416615642718], [147.76164985462987, 14.7803817967739], [147.7684524333976, 14.779139669353876], [147.79257547324838, 14.761771136769946], [147.8235010918669, 14.754019498054792], [147.84359533481242, 14.750588978743894], [147.85442671048537, 14.744052245028001], [147.88535232910385, 14.728427154946212], [147.91233451934076, 14.722038288133911], [147.91627794772234, 14.718836384915202], [147.94720356634082, 14.70141933265323], [147.9781291849593, 14.697013604967816], [148.0090548035778, 14.695591745137722], [148.0399804221963, 14.69509297933894], [148.0709060408148, 14.694961933036247], [148.1018316594333, 14.694912083272188], [148.1270892892474, 14.693487597523925], [148.13275727805177, 14.688254881026626], [148.16368289667025, 14.676882312690143], [148.19460851528876, 14.672298797242632], [148.22553413390725, 14.668170048842422], [148.25645975252573, 14.666765815668148], [148.28738537114424, 14.665781185745002], [148.3065854074289, 14.66493690691394], [148.31831098976272, 14.66227244181879], [148.3492366083812, 14.651200711575722], [148.3801622269997, 14.637823287977964], [148.38198589541284, 14.636386216303958], [148.4110878456182, 14.614023848131158], [148.41875751192822, 14.607835525693975], [148.41108784561823, 14.581239747441298], [148.39951081585963, 14.579284835083993], [148.3801622269997, 14.57816313668218], [148.3492366083812, 14.575438473106452], [148.31831098976272, 14.570163578197732], [148.28738537114424, 14.557800162842911], [148.25645975252573, 14.551302016316209], [148.25512386178903, 14.550734144474006], [148.22553413390725, 14.544268238721841], [148.19460851528876, 14.535515147195895], [148.1667394618747, 14.522183453864024], [148.16368289667025, 14.52081200544767], [148.13275727805177, 14.498553944512992], [148.12730697078717, 14.49363276325404], [148.1124660989041, 14.465082072644055], [148.1195039003844, 14.436531382034074], [148.1297785507378, 14.407980691424088], [148.13275727805177, 14.405230715004796], [148.15088343120746, 14.379430000814104], [148.16368289667025, 14.366732820058555], [148.18158908484978, 14.350879310204121], [148.19460851528876, 14.339726418888844], [148.22553413390725, 14.328709178801942], [148.24063494388585, 14.322328619594138], [148.25645975252573, 14.311124940203234], [148.28738537114424, 14.305992144945838], [148.31831098976272, 14.303346535071107], [148.3492366083812, 14.301673235557171], [148.3801622269997, 14.300195084582091], [148.4110878456182, 14.298525457781754], [148.44201346423668, 14.296497537989522], [148.4729390828552, 14.294144883409684], [148.47781177592162, 14.293777928984152], [148.50386470147367, 14.29047342278571]]]}, "properties": {"fillColor": "#8A2BE2", "fillOpacity": 0.7, "color": "#000000", "weight": 0.2, "stroke": false}}, {"type": "Feature", "geometry": {"type": "Polygon", "coordinates": [[[147.9780703381296, 14.779139669353876], [147.94720356634082, 14.793183595661805], [147.92693219007418, 14.80769035996386], [147.91627794772234, 14.816150624765527], [147.89076328634889, 14.836241050573845], [147.88535232910385, 14.841935466293496], [147.85841553842783, 14.864791741183828], [147.85442671048537, 14.871463286889309], [147.83457388165516, 14.89334243179381], [147.8365821813538, 14.921893122403795], [147.85442671048537, 14.9337299975548], [147.88535232910385, 14.94895638639799], [147.88965769363483, 14.950443813013779], [147.91627794772234, 14.95803149088258], [147.94720356634082, 14.962503434662167], [147.9781291849593, 14.962876572094874], [148.0090548035778, 14.95908054010716], [148.0399804221963, 14.95114897479999], [148.0421192335618, 14.950443813013779], [148.0709060408148, 14.94636089619883], [148.1018316594333, 14.93923336182361], [148.13275727805177, 14.925523440922312], [148.13899504909102, 14.921893122403795], [148.16368289667025, 14.909198831928816], [148.18386490737078, 14.89334243179381], [148.19460851528876, 14.880634856942851], [148.20913092651608, 14.864791741183828], [148.22138783247607, 14.836241050573843], [148.2217363705308, 14.80769035996386], [148.1946085152888, 14.781076930281172], [148.19041116986764, 14.779139669353874], [148.16368289667025, 14.769685175560054], [148.13275727805177, 14.763599178363119], [148.1018316594333, 14.760596408881312], [148.0709060408148, 14.75963001989802], [148.0399804221963, 14.760674976548412], [148.0090548035778, 14.76594201734573], [147.9781291849593, 14.779106249066377], [147.9780703381296, 14.779139669353876]]]}, "properties": {"fillColor": "#8A2BE2", "fillOpacity": 0.7, "color": "#000000", "weight": 0.2, "stroke": false}}, {"type": "Feature", "geometry": {"type": "Polygon", "coordinates": [[[148.28641406805812, 14.921893122403795], [148.28738537114424, 14.922613322349498], [148.2890862562275, 14.921893122403795], [148.28738537114424, 14.920789518936742], [148.28641406805812, 14.921893122403795]]]}, "properties": {"fillColor": "#8A2BE2", "fillOpacity": 0.7, "color": "#000000", "weight": 0.2, "stroke": false}}, {"type": "Feature", "geometry": {"type": "Polygon", "coordinates": [[[148.501327298726, 14.978994503623762], [148.4729390828552, 14.987592857760863], [148.44201346423668, 15.0010575790661], [148.42662990632283, 15.007545194233746], [148.41108784561823, 15.012614813380722], [148.3801622269997, 15.022311106403492], [148.3492366083812, 15.034671479149017], [148.34604844295055, 15.036095884843728], [148.31831098976272, 15.04498927753881], [148.28738537114424, 15.061884258565176], [148.28375408762292, 15.064646575453713], [148.25645975252573, 15.085355626615222], [148.248429364206, 15.093197266063697], [148.22553413390725, 15.119683281449193], [148.22365798568575, 15.12174795667368], [148.1991554661887, 15.150298647283664], [148.19460851528876, 15.156162432217183], [148.17561393637504, 15.178849337893645], [148.16368289667025, 15.195469885528986], [148.15391140536, 15.207400028503631], [148.13335089943732, 15.235950719113614], [148.13275727805177, 15.236758281214899], [148.1085702305811, 15.264501409723598], [148.1018316594333, 15.272265175774901], [148.08105681513447, 15.293052100333583], [148.0709060408148, 15.302428291160094], [148.0488606327863, 15.321602790943565], [148.0399804221963, 15.329200985192896], [148.01662164703424, 15.350153481553551], [148.0090548035778, 15.358005439288727], [147.9901542211095, 15.37870417216353], [147.9781291849593, 15.39919554449197], [147.972817541011, 15.407254862773517], [147.96259167316174, 15.435805553383503], [147.9595590717092, 15.464356243993482], [147.96246120095353, 15.492906934603468], [147.97625112715838, 15.52145762521345], [147.9781291849593, 15.52343972484602], [148.0090548035778, 15.532469959535238], [148.03637625722135, 15.521457625213449], [148.0399804221963, 15.520324905236603], [148.06809385872333, 15.492906934603468], [148.0709060408148, 15.489466241530343], [148.0950807469119, 15.464356243993484], [148.1018316594333, 15.45759506509353], [148.12685858201917, 15.435805553383501], [148.13275727805177, 15.431111998002569], [148.15819256315703, 15.407254862773517], [148.16368289667025, 15.402431072665276], [148.1912033901475, 15.378704172163532], [148.19460851528876, 15.376117970143138], [148.22553413390725, 15.354984735353124], [148.2338716169606, 15.35015348155355], [148.25645975252573, 15.339691663187061], [148.28738537114424, 15.331794652109483], [148.31831098976272, 15.328239939204568], [148.3492366083812, 15.322954975022625], [148.35265182767367, 15.321602790943565], [148.3801622269997, 15.315556455270592], [148.4110878456182, 15.302001761980152], [148.42365586457635, 15.293052100333583], [148.44201346423668, 15.283651106391474], [148.46727717290705, 15.264501409723598], [148.4729390828552, 15.26098337691759], [148.50386470147367, 15.237850148537825], [148.50624267073462, 15.235950719113614], [148.53479032009216, 15.216643251233648], [148.54629396708972, 15.207400028503631], [148.56571593871064, 15.192847918141686], [148.58201666447508, 15.178849337893645], [148.59664155732915, 15.164632636542258], [148.61102274019066, 15.150298647283662], [148.62756717594763, 15.124564697868905], [148.62986270276997, 15.12174795667368], [148.6475662534811, 15.093197266063695], [148.6546369475645, 15.064646575453713], [148.65379624252728, 15.036095884843728], [148.64146039548976, 15.007545194233746], [148.62756717594763, 14.992912925140269], [148.60411177673515, 14.978994503623762], [148.59664155732915, 14.974696565534886], [148.56571593871064, 14.96682895123463], [148.53479032009216, 14.968212931383935], [148.50386470147367, 14.97787812371532], [148.501327298726, 14.978994503623762]]]}, "properties": {"fillColor": "#8A2BE2", "fillOpacity": 0.7, "color": "#000000", "weight": 0.2, "stroke": false}}, {"type": "Feature", "geometry": {"type": "Polygon", "coordinates": [[[147.328691193971, 14.595555214999896], [147.35961681258948, 14.585464964186627], [147.390542431208, 14.582797908809692], [147.42146804982647, 14.580973896099767], [147.45239366844498, 14.579914432298697], [147.48331928706347, 14.582759103912304], [147.51424490568195, 14.598030337163898], [147.52498718872792, 14.607835525693975], [147.54316398194325, 14.636386216303958], [147.54517052430043, 14.650426995575412], [147.5514043209143, 14.664936906913942], [147.54865527583542, 14.693487597523927], [147.54517052430043, 14.69902136387024], [147.53359459562003, 14.72203828813391], [147.51424490568195, 14.735425947543405], [147.4878571709291, 14.750588978743892], [147.48331928706347, 14.754778376533158], [147.45239366844498, 14.770663678005246], [147.42146804982644, 14.776379015318625], [147.4104489431614, 14.779139669353874], [147.390542431208, 14.795583694144419], [147.35961681258948, 14.802895026528397], [147.34159710160606, 14.80769035996386], [147.328691193971, 14.819951804309394], [147.2977655753525, 14.83263962856742], [147.26789910823058, 14.836241050573843], [147.26683995673403, 14.836788304511611], [147.23591433811552, 14.84866779398373], [147.20498871949704, 14.860688912637379], [147.19079187581224, 14.86479174118383], [147.17406310087856, 14.87559464762062], [147.14313748226004, 14.891187026049407], [147.14072251851994, 14.89334243179381], [147.11221186364156, 14.919081462821381], [147.10758514454216, 14.921893122403795], [147.08128624502308, 14.943754226606275], [147.05754626552454, 14.95044381301378], [147.0503606264046, 14.957077632109822], [147.0194350077861, 14.975671745666002], [146.9988105229032, 14.978994503623762], [146.9885093891676, 14.988504563417395], [146.9575837705491, 15.002307355519985], [146.9266581519306, 15.005088725410761], [146.89573253331213, 15.007133474383828], [146.86480691469365, 15.007518394402549], [146.83388129607516, 15.004136494285728], [146.80527857138773, 14.978994503623762], [146.80295567745665, 14.975707916049913], [146.78129880340737, 14.950443813013779], [146.7766597200385, 14.921893122403795], [146.77576939627778, 14.89334243179381], [146.77699975499672, 14.864791741183828], [146.7804447026998, 14.836241050573843], [146.7954879121116, 14.80769035996386], [146.80295567745665, 14.798474481354964], [146.8069750923332, 14.779139669353876], [146.83388129607516, 14.753418450402055], [146.83749180804634, 14.750588978743892], [146.86480691469365, 14.728086063757061], [146.89573253331213, 14.722398913137974], [146.8975331838133, 14.72203828813391], [146.9266581519306, 14.69923438597939], [146.9575837705491, 14.695229573011634], [146.98524215670514, 14.693487597523925], [146.9885093891676, 14.690471271663558], [147.0194350077861, 14.675079814049193], [147.0503606264046, 14.670070690131766], [147.08128624502308, 14.667989196004397], [147.11221186364156, 14.667205625414278], [147.14313748226004, 14.666160244451758], [147.16253019564277, 14.66493690691394], [147.17406310087856, 14.661393972567016], [147.20498871949704, 14.65151040775756], [147.23591433811552, 14.641350787601656], [147.2542745283498, 14.636386216303958], [147.26683995673403, 14.627951474693983], [147.2977655753525, 14.614185985930561], [147.31526227497545, 14.607835525693973], [147.328691193971, 14.595555214999896]]]}, "properties": {"fillColor": "#8A2BE2", "fillOpacity": 0.7, "color": "#000000", "weight": 0.2, "stroke": false}}, {"type": "Feature", "geometry": {"type": "Polygon", "coordinates": [[[146.93124391587384, 14.779139669353878], [146.9266581519306, 14.781129521520228], [146.89573253331213, 14.803467714014744], [146.89126987096353, 14.80769035996386], [146.87158704515952, 14.836241050573843], [146.86607599298884, 14.864791741183826], [146.87067703256682, 14.893342431793808], [146.89573253331213, 14.919418035322101], [146.9070056093286, 14.921893122403795], [146.9266581519306, 14.92634885044318], [146.94565872025018, 14.921893122403795], [146.9575837705491, 14.920255225505986], [146.98850938916763, 14.909230706431451], [147.01193220446038, 14.893342431793812], [147.0194350077861, 14.887907894132935], [147.04541678147802, 14.864791741183828], [147.0503606264046, 14.857583670145482], [147.0672956709909, 14.836241050573841], [147.07480836592634, 14.80769035996386], [147.06425664586425, 14.779139669353878], [147.0503606264046, 14.768784104885476], [147.0194350077861, 14.758895654106468], [146.9885093891676, 14.758648381896027], [146.9575837705491, 14.765249251081297], [146.93124391587384, 14.779139669353878]]]}, "properties": {"fillColor": "#8A2BE2", "fillOpacity": 0.7, "color": "#000000", "weight": 0.2, "stroke": false}}, {"type": "Feature", "geometry": {"type": "Polygon", "coordinates": [[[145.99888959337588, 14.859263943273206], [146.0298152119944, 14.855362829636231], [146.06074083061287, 14.858746303656066], [146.07636521568963, 14.864791741183828], [146.09166644923135, 14.86676106297801], [146.12259206784984, 14.87675217236856], [146.15347020307166, 14.89334243179381], [146.15351768646835, 14.893358326110224], [146.18444330508683, 14.91243089300376], [146.1950923841274, 14.921893122403795], [146.2153689237053, 14.948211157030961], [146.21766158013818, 14.95044381301378], [146.24128406824, 14.978994503623763], [146.24629454232382, 14.984320301689937], [146.26956302466414, 15.007545194233746], [146.2772201609423, 15.013702671227021], [146.3081457795608, 15.032110721410158], [146.3145397101096, 15.036095884843728], [146.33907139817927, 15.03766980068317], [146.36999701679778, 15.040818387698547], [146.40092263541626, 15.047667787129335], [146.42491569185358, 15.064646575453711], [146.43184825403478, 15.067162648102398], [146.4602758659692, 15.093197266063697], [146.46277387265326, 15.099375757502772], [146.4807911307314, 15.12174795667368], [146.4881780362073, 15.150298647283664], [146.49008441559388, 15.178849337893647], [146.48969787832368, 15.207400028503631], [146.48488356719795, 15.235950719113614], [146.46277387265326, 15.256362503149825], [146.46208731833246, 15.264501409723598], [146.46145655583248, 15.293052100333583], [146.4445355484943, 15.321602790943565], [146.43184825403478, 15.333315766624356], [146.41835854720065, 15.350153481553551], [146.40092263541626, 15.366465068506376], [146.38414090303252, 15.378704172163532], [146.36999701679778, 15.391545111941795], [146.33907139817927, 15.406279760734225], [146.3340853408858, 15.407254862773517], [146.3081457795608, 15.429749152288037], [146.2772201609423, 15.434242779729903], [146.24629454232382, 15.435034551388537], [146.21983479770105, 15.435805553383501], [146.2153689237053, 15.439928471289479], [146.18444330508683, 15.458529038742578], [146.1582467426847, 15.464356243993484], [146.15351768646835, 15.46817240050011], [146.12259206784984, 15.487534911540969], [146.09166644923135, 15.491620870410452], [146.0684179020192, 15.492906934603468], [146.06074083061287, 15.499994446520912], [146.0298152119944, 15.515257999460792], [145.99888959337588, 15.518223369573727], [145.9679639747574, 15.519398421952124], [145.9374933481632, 15.52145762521345], [145.93703835613888, 15.521879023622123], [145.9061127375204, 15.542762632721805], [145.87518711890192, 15.546912563523968], [145.84426150028344, 15.549071248406003], [145.81333588166493, 15.549997389906457], [145.81314616433716, 15.550008315823435], [145.78241026304644, 15.555950943418798], [145.75148464442796, 15.56187013056811], [145.72695511689454, 15.550008315823433], [145.72055902580945, 15.543359586041998], [145.70960871540044, 15.52145762521345], [145.72055902580945, 15.498479298114056], [145.72277803012838, 15.492906934603468], [145.73932098014296, 15.464356243993485], [145.74370425878473, 15.4358055533835], [145.72455571422853, 15.407254862773517], [145.72055902580945, 15.401776179867856], [145.70188766523694, 15.378704172163532], [145.6944645326435, 15.35015348155355], [145.69235986039845, 15.321602790943565], [145.689701256508, 15.293052100333583], [145.69047664392446, 15.264501409723598], [145.6906014788866, 15.235950719113614], [145.69523838553852, 15.207400028503631], [145.72055902580945, 15.183884271964267], [145.7242170685185, 15.178849337893647], [145.72326172344236, 15.150298647283664], [145.72055902580945, 15.149379358356208], [145.68963340719097, 15.148722900602467], [145.65870778857249, 15.146529184291044], [145.627782169954, 15.12458596099872], [145.6246940336076, 15.121747956673682], [145.6001298867288, 15.093197266063697], [145.59700041720424, 15.064646575453713], [145.5968565513355, 15.052790313272816], [145.59456176928472, 15.036095884843728], [145.5968565513355, 15.031629444217], [145.59806798205233, 15.007545194233746], [145.60391367152312, 14.97899450362376], [145.627782169954, 14.952418799380714], [145.62955452848905, 14.950443813013779], [145.65870778857249, 14.927453790211327], [145.68963340719097, 14.923642304679626], [145.71577682297377, 14.921893122403795], [145.72055902580945, 14.917478168081285], [145.75148464442796, 14.907832541717237], [145.78241026304647, 14.908510099350742], [145.81333588166493, 14.903677887646769], [145.84426150028344, 14.904172243966816], [145.87518711890192, 14.906475025711613], [145.9061127375204, 14.89791300775826], [145.92330924031367, 14.893342431793808], [145.93703835613888, 14.883412993350829], [145.9679639747574, 14.868155215369338], [145.98789922074116, 14.864791741183826], [145.99888959337588, 14.859263943273206]]]}, "properties": {"fillColor": "#8A2BE2", "fillOpacity": 0.7, "color": "#000000", "weight": 0.2, "stroke": false}}, {"type": "Feature", "geometry": {"type": "Polygon", "coordinates": [[[145.70019736498057, 15.007545194233746], [145.68981962941078, 15.036095884843728], [145.6986810138796, 15.064646575453711], [145.72055902580945, 15.08293738861731], [145.73497368764012, 15.093197266063697], [145.75148464442796, 15.10406697792576], [145.77267712292337, 15.12174795667368], [145.78241026304644, 15.131971657806826], [145.79088093049887, 15.150298647283666], [145.79742466711426, 15.178849337893647], [145.79743458952458, 15.207400028503631], [145.79357920996935, 15.235950719113614], [145.78997757201205, 15.2645014097236], [145.79257997914675, 15.293052100333583], [145.81054188909485, 15.321602790943565], [145.81333588166493, 15.324184774648044], [145.84426150028344, 15.343569087503038], [145.85741079167323, 15.350153481553551], [145.87518711890192, 15.36358579934965], [145.8858808526648, 15.378704172163532], [145.90256850986717, 15.407254862773517], [145.9061127375204, 15.411272708318396], [145.93703835613888, 15.43372777347014], [145.9435923434936, 15.435805553383501], [145.9679639747574, 15.44362298449633], [145.99888959337588, 15.448014152241203], [146.0298152119944, 15.44821833975423], [146.06074083061287, 15.441145308365194], [146.0715978517507, 15.435805553383501], [146.09166644923135, 15.430292237199392], [146.12259206784984, 15.416771721339085], [146.13932929138582, 15.407254862773517], [146.15351768646835, 15.403689095775063], [146.18444330508683, 15.398407374973171], [146.2153689237053, 15.395348685365224], [146.24629454232382, 15.391609228453223], [146.2772201609423, 15.380484331586395], [146.28017312721173, 15.378704172163532], [146.3081457795608, 15.370465230952504], [146.3345584673275, 15.350153481553548], [146.33907139817927, 15.3467930014364], [146.36673961119257, 15.321602790943565], [146.36999701679778, 15.317693829047114], [146.39327160506886, 15.29305210033358], [146.40092263541626, 15.2757607584013], [146.40905945517338, 15.264501409723598], [146.41918660445936, 15.235950719113614], [146.4215601446739, 15.207400028503631], [146.41685143178682, 15.178849337893649], [146.40092263541626, 15.154789901475134], [146.3979867416197, 15.150298647283664], [146.36999701679778, 15.126444650284341], [146.35705229049694, 15.12174795667368], [146.33907139817927, 15.112560371031995], [146.3081457795608, 15.10485891381304], [146.2772201609423, 15.098548846239355], [146.264383119485, 15.093197266063697], [146.24629454232382, 15.08112012364504], [146.22036678844003, 15.064646575453713], [146.2153689237053, 15.06060558405225], [146.18444330508683, 15.039270668526347], [146.17767336178426, 15.036095884843728], [146.15351768646835, 15.019806041776516], [146.12259206784984, 15.008584476033198], [146.11699299987657, 15.007545194233746], [146.09166644923135, 14.99840207336159], [146.06074083061287, 14.993056806155504], [146.0298152119944, 14.990471861492745], [145.99888959337588, 14.989843037739211], [145.9679639747574, 14.99024729354252], [145.93703835613888, 14.990342646867571], [145.9061127375204, 14.989214511764736], [145.87518711890192, 14.986395640737383], [145.84426150028347, 14.979118392418878], [145.81333588166493, 14.980276491651884], [145.78241026304642, 14.980466783247815], [145.75148464442796, 14.982614479940601], [145.72055902580945, 14.991769838539314], [145.70019736498057, 15.007545194233746]]]}, "properties": {"fillColor": "#8A2BE2", "fillOpacity": 0.7, "color": "#000000", "weight": 0.2, "stroke": false}}, {"type": "Feature", "geometry": {"type": "Polygon", "coordinates": [[[121.25839469858296, 15.05956120096166], [121.26336802889035, 15.064646575453713], [121.27079185139148, 15.093197266063697], [121.25839469858298, 15.103633291994548], [121.24764586205539, 15.093197266063697], [121.25275265945656, 15.064646575453713], [121.25839469858296, 15.05956120096166]]]}, "properties": {"fillColor": "#8A2BE2", "fillOpacity": 0.7, "color": "#000000", "weight": 0.2, "stroke": false}}, {"type": "Feature", "geometry": {"type": "Polygon", "coordinates": [[[121.10376660549052, 15.084712689936095], [121.13469222410899, 15.068208541355721], [121.1656178427275, 15.090247254394601], [121.16881324479482, 15.093197266063697], [121.19196492588351, 15.12174795667368], [121.19654346134598, 15.132130032514421], [121.20682642480466, 15.150298647283664], [121.22746907996446, 15.176975047192768], [121.24038575155237, 15.178849337893649], [121.25839469858296, 15.18149101947582], [121.27947881337386, 15.207400028503631], [121.27846520793776, 15.235950719113614], [121.26598357008879, 15.264501409723598], [121.25839469858296, 15.272007943220547], [121.25036938061277, 15.2645014097236], [121.22746907996446, 15.243217040926979], [121.21911589396831, 15.235950719113614], [121.19654346134598, 15.222769653506429], [121.1656178427275, 15.220164780916523], [121.14718569667, 15.207400028503631], [121.13469222410899, 15.200382749720587], [121.11313068465526, 15.178849337893647], [121.1037666054905, 15.166832416726663], [121.08970331119968, 15.150298647283662], [121.0839894889792, 15.12174795667368], [121.0945762580819, 15.093197266063699], [121.10376660549052, 15.084712689936095]]]}, "properties": {"fillColor": "#8A2BE2", "fillOpacity": 0.7, "color": "#000000", "weight": 0.2, "stroke": false}}, {"type": "Feature", "geometry": {"type": "Polygon", "coordinates": [[[148.84404650627707, 15.197970860289281], [148.8553326938821, 15.207400028503631], [148.87437127033624, 15.235950719113614], [148.87497212489558, 15.237515535923553], [148.88320615395637, 15.264501409723598], [148.8882038913849, 15.293052100333583], [148.89111313765244, 15.321602790943565], [148.90589774351406, 15.349608606788781], [148.90648794251837, 15.35015348155355], [148.91014839119072, 15.378704172163534], [148.90589774351406, 15.384198578284096], [148.89521453436134, 15.407254862773517], [148.89200090712595, 15.435805553383503], [148.87497212489558, 15.45905272994094], [148.87177787021733, 15.464356243993484], [148.851102062131, 15.492906934603468], [148.84404650627707, 15.499926401592319], [148.82686683604584, 15.52145762521345], [148.81336091513796, 15.550008315823435], [148.81312088765858, 15.550258989767155], [148.78219526904007, 15.560331670918197], [148.77314369679124, 15.550008315823437], [148.7679747666411, 15.52145762521345], [148.764796354278, 15.492906934603468], [148.76298185832377, 15.464356243993484], [148.76460036443484, 15.435805553383501], [148.7685816866574, 15.407254862773517], [148.76831758124837, 15.37870417216353], [148.76928968486158, 15.35015348155355], [148.77115361426684, 15.321602790943565], [148.77446049127224, 15.293052100333584], [148.78219526904007, 15.279413322929768], [148.78708879448376, 15.264501409723598], [148.79707617559836, 15.235950719113614], [148.81312088765858, 15.208643185307274], [148.81759025420266, 15.207400028503631], [148.84404650627707, 15.197970860289281]]]}, "properties": {"fillColor": "#8A2BE2", "fillOpacity": 0.7, "color": "#000000", "weight": 0.2, "stroke": false}}, {"type": "Feature", "geometry": {"type": "Polygon", "coordinates": [[[146.06074083061287, 15.621513577048788], [146.09166644923135, 15.610504375687704], [146.12259206784984, 15.611819822975795], [146.15351768646835, 15.63137910346875], [146.15815510010222, 15.635660387653386], [146.18444330508683, 15.662195580037436], [146.18662645821306, 15.664211078263369], [146.21320376499273, 15.692761768873353], [146.2153689237053, 15.697271046296546], [146.23387682902455, 15.721312459483336], [146.2396715686806, 15.749863150093319], [146.24088119439241, 15.778413840703305], [146.2405849943891, 15.806964531313287], [146.23993672784374, 15.835515221923274], [146.23838431600007, 15.864065912533254], [146.231309757996, 15.892616603143239], [146.2153689237053, 15.910011871295081], [146.20710525011063, 15.921167293753223], [146.18444330508683, 15.944092057182747], [146.1778222580067, 15.949717984363206], [146.15351768646835, 15.967777540593566], [146.1340033314871, 15.97826867497319], [146.12259206784984, 15.988404605220788], [146.09166644923135, 16.001253825080383], [146.08172519741538, 16.006819365583173], [146.06074083061287, 16.025068007252557], [146.0298152119944, 16.034736693079648], [146.02842594038108, 16.03537005619316], [145.99888959337588, 16.055544081973192], [145.9679639747574, 16.058422746309002], [145.93703835613888, 16.057377047346964], [145.9061127375204, 16.04606492250359], [145.89267661768, 16.03537005619316], [145.87569234826256, 16.006819365583173], [145.87518711890192, 16.004293620049673], [145.86929896105465, 15.97826867497319], [145.8701401139163, 15.949717984363206], [145.87518711890192, 15.944226930007229], [145.8872249740591, 15.921167293753223], [145.9061127375204, 15.90142457472578], [145.9137171704707, 15.892616603143239], [145.93703835613888, 15.866378178609928], [145.93850626931084, 15.864065912533254], [145.94282146051822, 15.835515221923272], [145.94160997006026, 15.806964531313287], [145.93853320380526, 15.778413840703305], [145.93703835613888, 15.768200915945204], [145.92583929131087, 15.749863150093322], [145.90867299557664, 15.721312459483336], [145.9061127375204, 15.714552068552948], [145.8896245974517, 15.692761768873353], [145.9061127375204, 15.665418676278104], [145.90687651112614, 15.664211078263369], [145.93703835613888, 15.648269730273878], [145.9679639747574, 15.645440936402387], [145.99888959337588, 15.643106280563963], [146.0298152119944, 15.637748797160686], [146.04019216958085, 15.635660387653385], [146.06074083061287, 15.621513577048788]]]}, "properties": {"fillColor": "#8A2BE2", "fillOpacity": 0.7, "color": "#000000", "weight": 0.2, "stroke": false}}, {"type": "Feature", "geometry": {"type": "Polygon", "coordinates": [[[121.25839469858298, 15.652565478232676], [121.28932031720144, 15.658035747175393], [121.29749543548328, 15.664211078263369], [121.29670677360173, 15.692761768873353], [121.28932031720144, 15.699994328549613], [121.25839469858296, 15.718359504369621], [121.22818595118484, 15.692761768873353], [121.23260263063362, 15.664211078263369], [121.25839469858298, 15.652565478232676]]]}, "properties": {"fillColor": "#8A2BE2", "fillOpacity": 0.7, "color": "#000000", "weight": 0.2, "stroke": false}}, {"type": "Feature", "geometry": {"type": "Polygon", "coordinates": [[[121.04191536825353, 15.834089284550823], [121.07284098687202, 15.825787036171803], [121.1037666054905, 15.823307494020767], [121.13469222410899, 15.82252588578761], [121.16561784272749, 15.82152196867268], [121.19654346134598, 15.818957699499958], [121.22746907996446, 15.81673362253943], [121.25839469858295, 15.817361064615971], [121.28932031720144, 15.821989525998983], [121.32024593581994, 15.831849101228714], [121.32562595265031, 15.835515221923274], [121.35117155443842, 15.83712264614285], [121.38209717305692, 15.839989545386576], [121.41302279167542, 15.846982738436601], [121.4358382777626, 15.864065912533254], [121.4439484102939, 15.864785508901436], [121.4748740289124, 15.866603407091926], [121.50579964753089, 15.870601531406077], [121.53313986041273, 15.892616603143239], [121.53672526614938, 15.893342643198283], [121.56765088476786, 15.90437851679636], [121.58583620015415, 15.921167293753223], [121.59672409286874, 15.949717984363206], [121.59857650338637, 15.950808829095964], [121.62950212200485, 15.952824083778829], [121.66042774062333, 15.956231039084217], [121.69135335924182, 15.97275653372254], [121.69732401614877, 15.97826867497319], [121.71828282250938, 16.006819365583173], [121.72115872685482, 16.03537005619316], [121.72197153974625, 16.06392074680314], [121.72227897786033, 16.073803993037625], [121.73008259533006, 16.092471437413124], [121.73499676606565, 16.121022128023107], [121.73163418765358, 16.14957281863309], [121.72227897786033, 16.16788022462257], [121.72138510937613, 16.178123509243076], [121.71466897647267, 16.206674199853058], [121.69135335924183, 16.230616825647285], [121.66576555066231, 16.235224890463044], [121.66042774062335, 16.23766519543723], [121.62950212200485, 16.245035240913637], [121.59857650338637, 16.24224901376332], [121.58647642231281, 16.235224890463044], [121.56765088476787, 16.234500558215043], [121.53672526614938, 16.23231855566398], [121.50579964753089, 16.22701429687941], [121.48073419737267, 16.206674199853058], [121.47487402891241, 16.205611146268662], [121.44394841029388, 16.185247634935298], [121.43623167947439, 16.178123509243076], [121.41302279167542, 16.159973033160057], [121.38209717305693, 16.160339488179346], [121.35117155443842, 16.16877311246763], [121.32024593581994, 16.171243669485335], [121.28932031720144, 16.172137836981147], [121.25839469858295, 16.172587520630394], [121.22746907996446, 16.17268393560345], [121.19654346134598, 16.174277404038065], [121.16561784272749, 16.176215525211628], [121.13469222410899, 16.1756987472858], [121.1037666054905, 16.173416515990557], [121.072840986872, 16.16893627940039], [121.04191536825354, 16.161361224623942], [121.01103515846994, 16.14957281863309], [121.01098974963503, 16.149552218340467], [120.98006413101652, 16.125616551682292], [120.97508753007203, 16.121022128023107], [120.95220733154635, 16.092471437413124], [120.94913851239805, 16.08444203896961], [120.94087362725789, 16.06392074680314], [120.92262506513043, 16.03537005619316], [120.91821289377955, 16.027582528396206], [120.9026138140253, 16.006819365583173], [120.89881152731735, 15.97826867497319], [120.90145768650316, 15.949717984363206], [120.91821289377955, 15.931354116840932], [120.92528739771114, 15.921167293753223], [120.9391245371418, 15.892616603143239], [120.94913851239806, 15.8836984835088], [120.97759130721866, 15.864065912533253], [120.98006413101653, 15.862330858906041], [121.01098974963503, 15.848013279197609], [121.03967540890534, 15.83551522192327], [121.04191536825353, 15.834089284550823]]]}, "properties": {"fillColor": "#8A2BE2", "fillOpacity": 0.7, "color": "#000000", "weight": 0.2, "stroke": false}}, {"type": "Feature", "geometry": {"type": "Polygon", "coordinates": [[[121.26627085091347, 15.949717984363206], [121.25839469858296, 15.954839734263816], [121.23284087460523, 15.97826867497319], [121.22746907996446, 16.006414381916755], [121.2273886030108, 16.006819365583173], [121.22746907996446, 16.006955884522743], [121.24600957242689, 16.03537005619316], [121.25839469858296, 16.04307258176468], [121.28932031720144, 16.05879327056991], [121.3009594171501, 16.06392074680314], [121.32024593581994, 16.070674139844634], [121.35117155443842, 16.079933988977242], [121.38209717305692, 16.08636757162658], [121.41302279167542, 16.090939159540792], [121.4179799673981, 16.092471437413124], [121.4439484102939, 16.10290322967177], [121.46194766536274, 16.121022128023107], [121.4748740289124, 16.134132514496518], [121.50521182507525, 16.14957281863309], [121.50579964753089, 16.149979508168503], [121.53672526614936, 16.164929418281577], [121.56765088476787, 16.168501494814105], [121.59857650338637, 16.163628399599105], [121.62135350776748, 16.14957281863309], [121.62950212200485, 16.141833737946946], [121.64474014826936, 16.121022128023107], [121.65026192751925, 16.092471437413124], [121.64626590919997, 16.06392074680314], [121.63268735803157, 16.03537005619316], [121.62950212200485, 16.03147499338681], [121.61319379359749, 16.006819365583173], [121.59857650338637, 15.99713628539962], [121.56765088476787, 15.983637018808862], [121.55082628200716, 15.97826867497319], [121.53672526614938, 15.9670193543299], [121.50579964753089, 15.952282482447629], [121.49615970714589, 15.949717984363206], [121.4748740289124, 15.94056967229846], [121.4439484102939, 15.934840720044347], [121.41302279167542, 15.932791571519562], [121.38209717305692, 15.931783958576448], [121.35117155443845, 15.931889325184912], [121.32024593581994, 15.93445432424395], [121.28932031720143, 15.94078037175159], [121.26627085091347, 15.949717984363206]]]}, "properties": {"fillColor": "#8A2BE2", "fillOpacity": 0.7, "color": "#000000", "weight": 0.2, "stroke": false}}, {"type": "Feature", "geometry": {"type": "Polygon", "coordinates": [[[148.96774898075103, 15.881203538646403], [148.9773885025262, 15.892616603143239], [148.98950994722645, 15.921167293753225], [148.99390139042646, 15.949717984363206], [148.99600254916072, 15.97826867497319], [148.99706174158985, 16.006819365583173], [148.9976279936523, 16.03537005619316], [148.9986745993695, 16.03600644165867], [149.02891089616145, 16.06392074680314], [149.02909433815753, 16.092471437413124], [149.02921218966694, 16.121022128023107], [149.0292903324525, 16.14957281863309], [149.02934361269934, 16.178123509243076], [149.029380907639, 16.206674199853058], [149.02940767339902, 16.235224890463044], [149.0294274553092, 16.263775581073027], [149.02944255666623, 16.29232627168301], [149.02945440576715, 16.320876962292992], [149.02946390945448, 16.349427652902975], [149.0294716835194, 16.37797834351296], [149.02960021798802, 16.378101301643454], [149.06039265046746, 16.406529034122947], [149.0603988002416, 16.43507972473293], [149.0604042634159, 16.463630415342912], [149.06040918433567, 16.492181105952895], [149.06041365593677, 16.520731796562877], [149.0604177309875, 16.54928248717286], [149.06042144915878, 16.577833177782846], [149.06042484853995, 16.606383868392832], [149.0604279633061, 16.634934559002815], [149.06043081901817, 16.663485249612798], [149.06043343290546, 16.69203594022278], [149.06043589352853, 16.720586630832763], [149.0605258366065, 16.720673684569498], [149.09135716010977, 16.74913732144275], [149.0913594245709, 16.77768801205273], [149.0913614350886, 16.806238702662718], [149.09136318752826, 16.8347893932727], [149.09136467399992, 16.863340083882683], [149.0913658851863, 16.891890774492666], [149.09136680171196, 16.92044146510265], [149.0913673835723, 16.948992155712634], [149.09136759329942, 16.977542846322617], [149.09136743356484, 17.006093536932603], [149.09136693598734, 17.034644227542586], [149.09136626986742, 17.06319491815257], [149.091451455225, 17.063279338027105], [149.12228563168264, 17.09174560876255], [149.12228417390526, 17.120296299372534], [149.122282345361, 17.14884698998252], [149.1222801367945, 17.177397680592502], [149.12227755387877, 17.20594837120249], [149.12227461264095, 17.23449906181247], [149.12227132297474, 17.263049752422454], [149.12226766236302, 17.291600443032436], [149.12226357572823, 17.32015113364242], [149.12225898281466, 17.348701824252405], [149.1222537508259, 17.37725251486239], [149.12224805857693, 17.405803205472374], [149.1223770738435, 17.4059347967527], [149.15316015504303, 17.434353896082357], [149.15315121120543, 17.46290458669234], [149.15314015841022, 17.49145527730232], [149.15312616669038, 17.520005967912304], [149.15310814424217, 17.54855665852229], [149.15308469411713, 17.577107349132277], [149.15305398667564, 17.60565803974226], [149.15301355564452, 17.634208730352242], [149.1529600276982, 17.662759420962225], [149.1528886987434, 17.691310111572207], [149.1527929059418, 17.719860802182193], [149.15330269246198, 17.720447255129873], [149.18359307530122, 17.748411492792176], [149.18342451793376, 17.776962183402162], [149.1831935601721, 17.805512874012145], [149.18287193360763, 17.834063564622127], [149.1824149375702, 17.86261425523211], [149.18175007359048, 17.891164945842092], [149.1807557315984, 17.91971563645208], [149.179222700383, 17.94826632706206], [149.1767815184266, 17.976817017672047], [149.17275821575197, 18.00536770828203], [149.16589091731072, 18.033918398892013], [149.15330269246198, 18.061514896726116], [149.14567522653738, 18.062469089501995], [149.12237707384352, 18.064428847843832], [149.091451455225, 18.080575817951946], [149.08298855803298, 18.091019780111978], [149.07552781341468, 18.119570470721968], [149.0605258366065, 18.139892142643752], [149.05347384438147, 18.148121161331947], [149.02997345809263, 18.176671851941933], [149.02960021798802, 18.177053550680466], [149.00051725267198, 18.20522254255192], [148.9986745993695, 18.207069152952823], [148.96774898075103, 18.215583069699303], [148.93682336213254, 18.21523759047468], [148.92079359855006, 18.205222542551915], [148.90589774351406, 18.19596514612443], [148.87796124035154, 18.176671851941933], [148.87497212489558, 18.174330522367224], [148.84404650627707, 18.149420909612786], [148.84259357348816, 18.148121161331947], [148.81312088765858, 18.120528779398136], [148.81205409239053, 18.119570470721964], [148.8025566955667, 18.091019780111978], [148.79467086681726, 18.062469089501995], [148.78219526904007, 18.047262273102596], [148.76909870568267, 18.033918398892013], [148.75869791083278, 18.00536770828203], [148.7512696504216, 17.99506874446766], [148.73617036507164, 17.976817017672047], [148.72644336434553, 17.94826632706206], [148.7203440318031, 17.936589407976655], [148.70931671563443, 17.919715636452075], [148.69042305652914, 17.891164945842092], [148.68941841318463, 17.889610355919935], [148.66986442471392, 17.86261425523211], [148.65849279456611, 17.848806223721425], [148.64343235393022, 17.834063564622127], [148.62756717594763, 17.808642404842075], [148.62564802391643, 17.805512874012145], [148.60291003410538, 17.776962183402162], [148.59664155732915, 17.76679005189064], [148.58643914374386, 17.748411492792176], [148.5657159387106, 17.72133246196059], [148.56412186206762, 17.719860802182193], [148.54944018543324, 17.691310111572207], [148.53479032009216, 17.670935528385897], [148.5267397062743, 17.662759420962225], [148.51338919689684, 17.634208730352242], [148.50386470147367, 17.619901049997083], [148.49099785682355, 17.60565803974226], [148.47740076845804, 17.577107349132277], [148.4729390828552, 17.56893960896478], [148.45695136550086, 17.54855665852229], [148.44779723270779, 17.520005967912304], [148.44201346423668, 17.505066645877374], [148.43090416768695, 17.49145527730232], [148.4181103421524, 17.46290458669234], [148.41211540048067, 17.434353896082357], [148.4110878456182, 17.429092438153223], [148.40133504052997, 17.405803205472374], [148.38797617070173, 17.37725251486239], [148.38166199922787, 17.348701824252405], [148.3801622269997, 17.33989499396808], [148.37306656547779, 17.32015113364242], [148.36594776118943, 17.291600443032436], [148.36142475858568, 17.263049752422454], [148.35809239617117, 17.23449906181247], [148.3492366083812, 17.21081782812909], [148.34418122628657, 17.20594837120249], [148.33640803071452, 17.177397680592506], [148.33041315680353, 17.14884698998252], [148.32601228647147, 17.120296299372534], [148.32270251543176, 17.09174560876255], [148.32020875407557, 17.06319491815257], [148.31841812836632, 17.034644227542586], [148.31831098976272, 17.031984730610393], [148.31486388756815, 17.006093536932603], [148.31366596132244, 16.977542846322617], [148.31477424656975, 16.948992155712634], [148.31831098976272, 16.922646653891576], [148.3184113177801, 16.92044146510265], [148.32307771646333, 16.891890774492666], [148.32888300268053, 16.863340083882683], [148.3311295117885, 16.8347893932727], [148.33886349916784, 16.806238702662718], [148.3492366083812, 16.788340301702302], [148.35148724818904, 16.77768801205273], [148.35484509456796, 16.74913732144275], [148.36408850493058, 16.720586630832763], [148.3801622269997, 16.699722096906722], [148.38324682099142, 16.69203594022278], [148.3951305424662, 16.663485249612798], [148.4110878456182, 16.63837581344949], [148.4125872130557, 16.634934559002815], [148.42636976577006, 16.606383868392832], [148.44201346423668, 16.581535184294278], [148.44390772021458, 16.577833177782846], [148.46052313103166, 16.54928248717286], [148.4729390828552, 16.535470348275936], [148.48276109577128, 16.520731796562877], [148.50386470147367, 16.497377324379592], [148.50779368133038, 16.492181105952895], [148.5322606999708, 16.463630415342912], [148.53479032009216, 16.461295057000147], [148.55463279760139, 16.43507972473293], [148.56571593871064, 16.424847711698664], [148.57966581770677, 16.406529034122947], [148.59664155732915, 16.389947440307495], [148.60493205756978, 16.37797834351296], [148.61410420854875, 16.349427652902975], [148.62756717594763, 16.3337276884744], [148.63421138954908, 16.320876962292992], [148.65441147770284, 16.29232627168301], [148.65849279456611, 16.28848343720083], [148.6708876607886, 16.263775581073027], [148.68483638930297, 16.235224890463044], [148.68941841318463, 16.230721549596126], [148.7016185974946, 16.206674199853058], [148.7203440318031, 16.187644017467615], [148.7258283883132, 16.178123509243076], [148.73377029694004, 16.14957281863309], [148.7512696504216, 16.126812841166686], [148.75438760108966, 16.121022128023107], [148.77156686370688, 16.092471437413124], [148.78219526904007, 16.076018117297295], [148.7871748784572, 16.06392074680314], [148.80440800189925, 16.03537005619316], [148.81312088765858, 16.014661514529596], [148.81606384221053, 16.006819365583173], [148.81312088765858, 15.988854447416609], [148.8076564527959, 15.97826867497319], [148.81157107340877, 15.949717984363208], [148.81312088765858, 15.948101395728557], [148.84012332877344, 15.921167293753223], [148.84404650627707, 15.917284437737845], [148.87497212489558, 15.910705825853935], [148.90589774351406, 15.901540025427924], [148.93682336213254, 15.893712407037148], [148.9406565946104, 15.892616603143239], [148.96774898075103, 15.881203538646403]]]}, "properties": {"fillColor": "#8A2BE2", "fillOpacity": 0.7, "color": "#000000", "weight": 0.2, "stroke": false}}, {"type": "Feature", "geometry": {"type": "Polygon", "coordinates": [[[148.93063816722935, 16.37797834351296], [148.90881564000514, 16.406529034122947], [148.90589774351406, 16.410362318320107], [148.8936329162237, 16.43507972473293], [148.879903954585, 16.463630415342912], [148.87497212489558, 16.474253068544172], [148.86761474314787, 16.492181105952895], [148.85643610484794, 16.520731796562877], [148.84566277727643, 16.54928248717286], [148.84404650627707, 16.55372986378404], [148.83542038843876, 16.577833177782846], [148.8256248564687, 16.606383868392832], [148.81618350841168, 16.634934559002815], [148.81312088765858, 16.6446334618176], [148.80700429458756, 16.663485249612798], [148.7982455706547, 16.69203594022278], [148.78995498691103, 16.720586630832763], [148.78219526904007, 16.748619233353555], [148.7820410322961, 16.74913732144275], [148.7738970753649, 16.77768801205273], [148.76593231051703, 16.806238702662718], [148.7581210040811, 16.8347893932727], [148.7512696504216, 16.859943371781494], [148.75023457102427, 16.863340083882683], [148.74199238799798, 16.891890774492666], [148.73424085526813, 16.92044146510265], [148.7271536787505, 16.948992155712634], [148.720934972341, 16.977542846322617], [148.7203440318031, 16.980795282408764], [148.71538750523882, 17.006093536932603], [148.7113352915971, 17.034644227542586], [148.70895280344584, 17.06319491815257], [148.7082466647826, 17.09174560876255], [148.7091325300696, 17.120296299372534], [148.7114828433916, 17.14884698998252], [148.71516105272093, 17.177397680592502], [148.72002979300115, 17.20594837120249], [148.7203440318031, 17.207444738835513], [148.7262909636562, 17.23449906181247], [148.7337905183013, 17.263049752422454], [148.7425643499648, 17.291600443032436], [148.7512696504216, 17.31607884774521], [148.75292115408382, 17.32015113364242], [148.7661953769634, 17.34870182425241], [148.7816740176007, 17.37725251486239], [148.78219526904007, 17.378102775990133], [148.80279765897228, 17.405803205472374], [148.81312088765858, 17.418027717811444], [148.8301600617259, 17.434353896082357], [148.84404650627707, 17.446382900239648], [148.8668974259471, 17.46290458669234], [148.87497212489558, 17.468303574018258], [148.90589774351406, 17.486500183919944], [148.91584106423733, 17.49145527730232], [148.93682336213254, 17.50138667796487], [148.96774898075103, 17.51018566943487], [148.9986745993695, 17.506417491049685], [149.0194414365805, 17.49145527730232], [149.029600217988, 17.482767075551884], [149.0437690272829, 17.46290458669234], [149.0605258366065, 17.434639327168664], [149.0607037126641, 17.434353896082357], [149.07661809085704, 17.405803205472374], [149.09115168816476, 17.37725251486239], [149.091451455225, 17.376659500994432], [149.0927362256056, 17.348701824252405], [149.09388904691298, 17.32015113364242], [149.0949147922407, 17.291600443032436], [149.09583360578492, 17.263049752422454], [149.09665931200033, 17.23449906181247], [149.0973975627017, 17.20594837120249], [149.09804587454553, 17.177397680592502], [149.09860022473114, 17.14884698998252], [149.09905918934413, 17.120296299372534], [149.09942509146543, 17.09174560876255], [149.091451455225, 17.084384306660734], [149.07006993046653, 17.06319491815257], [149.07023712656593, 17.034644227542586], [149.0703620185205, 17.006093536932603], [149.07040211190267, 16.977542846322617], [149.07034947039233, 16.948992155712634], [149.07020342344822, 16.92044146510265], [149.0699733755069, 16.891890774492666], [149.06966936772835, 16.863340083882683], [149.06929626333465, 16.8347893932727], [149.06885640098596, 16.806238702662718], [149.06835176103897, 16.77768801205273], [149.0677833812975, 16.74913732144275], [149.0605258366065, 16.742437118752665], [149.03795012403563, 16.720586630832763], [149.03733250764026, 16.69203594022278], [149.03667642193545, 16.663485249612798], [149.0359596382055, 16.634934559002815], [149.03517783190682, 16.606383868392832], [149.03432458722688, 16.577833177782846], [149.0333913262335, 16.54928248717286], [149.0323684885048, 16.520731796562877], [149.03124611663145, 16.492181105952895], [149.03001096576415, 16.463630415342912], [149.02960021798802, 16.454812692510306], [149.0192767461193, 16.43507972473293], [149.0023994707061, 16.406529034122947], [148.9986745993695, 16.400862700829535], [148.98047830105133, 16.37797834351296], [148.96774898075103, 16.36438069850619], [148.93682336213254, 16.369840381596482], [148.93063816722935, 16.37797834351296]]]}, "properties": {"fillColor": "#8A2BE2", "fillOpacity": 0.7, "color": "#000000", "weight": 0.2, "stroke": false}}, {"type": "Feature", "geometry": {"type": "Polygon", "coordinates": [[[147.66887299877442, 16.090810105025582], [147.6711463909626, 16.092471437413124], [147.67991242681683, 16.121022128023107], [147.66887299877442, 16.14728257454727], [147.66818680501154, 16.14957281863309], [147.66300087275206, 16.178123509243076], [147.6379473801559, 16.203620080715243], [147.6318902307244, 16.206674199853058], [147.60702176153742, 16.216928124082063], [147.57609614291894, 16.21305556570092], [147.56936251201617, 16.206674199853058], [147.5629323835749, 16.178123509243076], [147.56940726941906, 16.14957281863309], [147.57609614291894, 16.141810772861263], [147.59436542838247, 16.121022128023107], [147.60702176153742, 16.112625763744038], [147.6379473801559, 16.099876665258485], [147.663999846355, 16.092471437413124], [147.66887299877442, 16.090810105025582]]]}, "properties": {"fillColor": "#8A2BE2", "fillOpacity": 0.7, "color": "#000000", "weight": 0.2, "stroke": false}}, {"type": "Feature", "geometry": {"type": "Polygon", "coordinates": [[[121.8150558337158, 16.222866712606713], [121.84598145233429, 16.21385736404806], [121.87690707095278, 16.21987279039874], [121.90783268957128, 16.2263971150291], [121.92317567748103, 16.235224890463044], [121.93875830818976, 16.239233190412534], [121.96669382436127, 16.263775581073027], [121.96968392680826, 16.268815547712297], [121.98842418911295, 16.29232627168301], [121.9969558330416, 16.320876962292992], [121.9971389701698, 16.349427652902975], [121.99330186190606, 16.37797834351296], [121.98011519222231, 16.406529034122947], [121.96968392680824, 16.416205736715263], [121.93875830818976, 16.434497089053405], [121.93397288150314, 16.43507972473293], [121.90783268957128, 16.44220434311604], [121.87690707095278, 16.44876476760271], [121.84598145233429, 16.45935441897973], [121.8150558337158, 16.457179764328643], [121.7841302150973, 16.445496810875024], [121.77255558148579, 16.43507972473293], [121.75320459647881, 16.411740212460423], [121.74875109403149, 16.406529034122947], [121.73968919920928, 16.37797834351296], [121.73466213345479, 16.349427652902975], [121.74582463924683, 16.320876962292992], [121.75320459647881, 16.312611417590887], [121.76138265795618, 16.29232627168301], [121.77315331902356, 16.263775581073027], [121.78413021509732, 16.25308329807717], [121.80078059461133, 16.235224890463044], [121.8150558337158, 16.222866712606713]]]}, "properties": {"fillColor": "#8A2BE2", "fillOpacity": 0.7, "color": "#000000", "weight": 0.2, "stroke": false}}, {"type": "Feature", "geometry": {"type": "Polygon", "coordinates": [[[121.4439484102939, 16.345474590079498], [121.4748740289124, 16.34438007196391], [121.48149521137843, 16.349427652902975], [121.4748740289124, 16.354361637169408], [121.4439484102939, 16.354122527794882], [121.4401119816922, 16.349427652902975], [121.4439484102939, 16.345474590079498]]]}, "properties": {"fillColor": "#8A2BE2", "fillOpacity": 0.7, "color": "#000000", "weight": 0.2, "stroke": false}}, {"type": "Feature", "geometry": {"type": "Polygon", "coordinates": [[[121.25839469858298, 16.406128958702052], [121.28932031720146, 16.393372951558966], [121.32024593581994, 16.381989140272246], [121.35117155443842, 16.38417929506925], [121.38209717305692, 16.403641507066716], [121.3846533143396, 16.406529034122947], [121.39493154785274, 16.43507972473293], [121.3896098331312, 16.463630415342912], [121.3820971730569, 16.47155546432308], [121.35117155443844, 16.48853961313941], [121.34779645611806, 16.492181105952895], [121.32024593581994, 16.51065644180415], [121.29293133844068, 16.520731796562877], [121.28932031720144, 16.522927659477148], [121.25839469858298, 16.53399518704269], [121.22746907996446, 16.52925740153044], [121.21546916220012, 16.520731796562877], [121.20946025765404, 16.492181105952895], [121.21538478085532, 16.463630415342912], [121.22746907996446, 16.450927099281024], [121.23822495486834, 16.43507972473293], [121.25789803246576, 16.406529034122947], [121.25839469858298, 16.406128958702052]]]}, "properties": {"fillColor": "#8A2BE2", "fillOpacity": 0.7, "color": "#000000", "weight": 0.2, "stroke": false}}, {"type": "Feature", "geometry": {"type": "Polygon", "coordinates": [[[147.390542431208, 16.402617391611667], [147.39634014747983, 16.406529034122947], [147.42146804982647, 16.42172711793825], [147.43817205889434, 16.43507972473293], [147.45239366844498, 16.450463282151212], [147.4587529089094, 16.463630415342912], [147.4629022111456, 16.492181105952895], [147.46280056057418, 16.520731796562877], [147.4583170656227, 16.54928248717286], [147.45239366844498, 16.55713856437279], [147.43723149936835, 16.577833177782846], [147.42146804982647, 16.59797940669409], [147.41494096857474, 16.606383868392832], [147.3936949275739, 16.634934559002815], [147.390542431208, 16.638214488876557], [147.37193541264335, 16.663485249612798], [147.35961681258948, 16.676417482642098], [147.34881890357252, 16.69203594022278], [147.328691193971, 16.71379535137836], [147.32495733476023, 16.720586630832763], [147.31404806874548, 16.74913732144275], [147.2977655753525, 16.774597045740116], [147.2968204132851, 16.77768801205273], [147.29000069457356, 16.806238702662718], [147.27559966714279, 16.8347893932727], [147.26683995673403, 16.84463758335383], [147.25716226852046, 16.863340083882683], [147.23591433811552, 16.885742341001887], [147.2306253277485, 16.891890774492666], [147.20498871949704, 16.9165420683449], [147.20009080180031, 16.92044146510265], [147.17406310087856, 16.94361687437243], [147.16528134030773, 16.948992155712634], [147.14313748226004, 16.96316247527359], [147.12572785241804, 16.977542846322617], [147.11221186364156, 16.9907654792693], [147.08128624502308, 17.00450331310816], [147.0503606264046, 17.00430242902377], [147.0194350077861, 16.999943960667437], [146.9885093891676, 16.99866762694498], [146.9575837705491, 16.992624330288535], [146.93442553619127, 16.977542846322617], [146.9266581519306, 16.97538101337467], [146.89573253331213, 16.957650760162494], [146.88768071721367, 16.948992155712634], [146.86895301042253, 16.92044146510265], [146.86480691469365, 16.90586511259545], [146.85439276517803, 16.891890774492666], [146.8492469824025, 16.863340083882683], [146.8508325206535, 16.8347893932727], [146.86480691469365, 16.81291098475345], [146.8661299581325, 16.806238702662718], [146.87587742037758, 16.77768801205273], [146.89573253331213, 16.75371014565654], [146.9022617051774, 16.74913732144275], [146.9266581519306, 16.733119590532468], [146.9575837705491, 16.7254479444706], [146.9885093891676, 16.720920026615502], [146.99219866618927, 16.720586630832763], [147.0194350077861, 16.710613446022645], [147.04721761002145, 16.69203594022278], [147.0503606264046, 16.689134291287477], [147.07086738336488, 16.663485249612798], [147.08128624502308, 16.65386650279381], [147.10913127890493, 16.634934559002815], [147.11221186364156, 16.632090547285593], [147.14313748226004, 16.6144666591726], [147.17406310087856, 16.60833785064246], [147.18147885325632, 16.606383868392832], [147.20498871949704, 16.589194384744793], [147.23591433811552, 16.58457800773475], [147.26683995673403, 16.5812899447597], [147.28121305828728, 16.577833177782846], [147.2977655753525, 16.56889872858265], [147.328691193971, 16.55450347579506], [147.33685133167253, 16.54928248717286], [147.35738504898882, 16.520731796562877], [147.35961681258948, 16.516940361908883], [147.3736173265812, 16.492181105952895], [147.38098615855708, 16.463630415342912], [147.38303666974096, 16.43507972473293], [147.38764193924294, 16.406529034122947], [147.390542431208, 16.402617391611667]]]}, "properties": {"fillColor": "#8A2BE2", "fillOpacity": 0.7, "color": "#000000", "weight": 0.2, "stroke": false}}, {"type": "Feature", "geometry": {"type": "Polygon", "coordinates": [[[146.40092263541626, 16.965126956893364], [146.43184825403478, 16.957783843609587], [146.46277387265326, 16.955712270716305], [146.49369949127174, 16.955777660205857], [146.52462510989022, 16.95687808661562], [146.55555072850873, 16.963879441027082], [146.57318115067093, 16.977542846322617], [146.58647634712722, 16.98201114358516], [146.61249500582215, 17.006093536932603], [146.6174019657457, 17.013761708722487], [146.6385236755436, 17.034644227542586], [146.6483275843642, 17.046725475808717], [146.66575130845268, 17.06319491815257], [146.67890796257308, 17.09174560876255], [146.6792532029827, 17.0925720444242], [146.70602522879318, 17.120296299372534], [146.71017882160118, 17.131519755121023], [146.726345700995, 17.14884698998252], [146.73745065680714, 17.177397680592502], [146.74059568014667, 17.20594837120249], [146.74110444021966, 17.219444526989648], [146.74659819511572, 17.23449906181247], [146.74402988602486, 17.263049752422454], [146.74110444021966, 17.26731482447877], [146.73675002381194, 17.291600443032436], [146.71017882160118, 17.319347649615434], [146.70828834540674, 17.32015113364242], [146.6792532029827, 17.337781815408405], [146.6483275843642, 17.34158170734581], [146.6174019657457, 17.340813629629963], [146.58647634712722, 17.333412922419523], [146.5721114048734, 17.32015113364242], [146.55555072850873, 17.317330582391897], [146.52462510989022, 17.30880530746454], [146.50276833825234, 17.291600443032436], [146.49369949127174, 17.28972450368986], [146.46277387265326, 17.282073870417147], [146.4391253703266, 17.263049752422454], [146.43184825403478, 17.260699351152496], [146.40092263541626, 17.24069684562741], [146.39420930223778, 17.23449906181247], [146.36999701679778, 17.211310118492406], [146.36418926405088, 17.20594837120249], [146.34478654265448, 17.177397680592502], [146.34164501180817, 17.14884698998252], [146.34073886210865, 17.120296299372534], [146.34056148877656, 17.09174560876255], [146.34074934297368, 17.06319491815257], [146.34090547212412, 17.034644227542586], [146.34494916014967, 17.006093536932603], [146.36999701679778, 16.98086165140655], [146.38056783602337, 16.977542846322617], [146.40092263541626, 16.965126956893364]]]}, "properties": {"fillColor": "#8A2BE2", "fillOpacity": 0.7, "color": "#000000", "weight": 0.2, "stroke": false}}, {"type": "Feature", "geometry": {"type": "Polygon", "coordinates": [[[146.43011636024875, 17.06319491815257], [146.41599287995746, 17.09174560876255], [146.4166182356575, 17.120296299372534], [146.42906981201315, 17.14884698998252], [146.43184825403478, 17.15239936388088], [146.45100316165556, 17.177397680592502], [146.46277387265326, 17.187419853289498], [146.49369949127174, 17.205550833715446], [146.49458046347692, 17.20594837120249], [146.52462510989022, 17.22318711082884], [146.55555072850873, 17.233608347610897], [146.56015991687443, 17.23449906181247], [146.58647634712722, 17.24291704063762], [146.6174019657457, 17.239391336595794], [146.62495260321015, 17.23449906181247], [146.64199460752283, 17.20594837120249], [146.63969725338922, 17.177397680592502], [146.62968890914385, 17.14884698998252], [146.6174019657457, 17.129812145210852], [146.61350306849207, 17.120296299372534], [146.59580629332322, 17.09174560876255], [146.58647634712722, 17.081693645513703], [146.56983795427803, 17.06319491815257], [146.55555072850873, 17.05023585605799], [146.52462510989022, 17.038093783023303], [146.4936994912717, 17.03643766500394], [146.46277387265326, 17.040870504134833], [146.43184825403478, 17.061384285531748], [146.43011636024875, 17.06319491815257]]]}, "properties": {"fillColor": "#8A2BE2", "fillOpacity": 0.7, "color": "#000000", "weight": 0.2, "stroke": false}}, {"type": "Feature", "geometry": {"type": "Polygon", "coordinates": [[[148.31831098976272, 18.197156280986576], [148.3492366083812, 18.19159399161881], [148.3801622269997, 18.189319139160364], [148.4110878456182, 18.18897557640754], [148.44201346423668, 18.189195425689782], [148.4729390828552, 18.190493756390424], [148.50386470147367, 18.197448636873013], [148.51804705719906, 18.205222542551915], [148.53479032009216, 18.2102681237804], [148.56571593871064, 18.21851380022474], [148.59211292121816, 18.233773233161898], [148.59664155732915, 18.23595328588227], [148.6275671759476, 18.249977595443276], [148.64299782543935, 18.26232392377188], [148.65849279456611, 18.275802102830678], [148.67507948836317, 18.290874614381863], [148.68941841318463, 18.31640370497948], [148.69097754616357, 18.31942530499185], [148.70028352905183, 18.347975995601836], [148.7045730035976, 18.376526686211818], [148.70647712744488, 18.4050773768218], [148.70714421852097, 18.433628067431783], [148.70780020695102, 18.462178758041766], [148.7068809717963, 18.49072944865175], [148.70275602585343, 18.519280139261735], [148.68941841318463, 18.540298437447987], [148.68644438536333, 18.54783082987172], [148.68143931613884, 18.576381520481704], [148.6649459082422, 18.604932211091686], [148.65849279456611, 18.622337731770465], [148.65505313976823, 18.63348290170167], [148.63703863648493, 18.66203359231165], [148.62756717594763, 18.670777693529505], [148.6132284000338, 18.690584282921638], [148.60496409418852, 18.719134973531624], [148.59664155732915, 18.728541747945442], [148.58263521148507, 18.747685664141606], [148.56571593871064, 18.768125476923096], [148.55953302160665, 18.77623635475159], [148.53757305005354, 18.80478704536157], [148.53479032009216, 18.811421694684206], [148.52670027637384, 18.833337735971554], [148.50753085852895, 18.861888426581537], [148.50386470147367, 18.865638913749713], [148.487232733513, 18.890439117191523], [148.48140607359014, 18.918989807801506], [148.47771053472073, 18.94754049841149], [148.4729390828552, 18.954482714573853], [148.46320810629737, 18.976091189021474], [148.4624885026974, 19.004641879631457], [148.46268927953332, 19.03319257024144], [148.4607873849635, 19.061743260851422], [148.4457888131555, 19.09029395146141], [148.44201346423668, 19.10289230106089], [148.43866359204162, 19.11884464207139], [148.4234660094047, 19.147395332681377], [148.41329278601432, 19.17594602329136], [148.4110878456182, 19.178319168351038], [148.39708123889085, 19.204496713901342], [148.38921398175833, 19.233047404511325], [148.3801622269997, 19.245916827876172], [148.37334775372543, 19.261598095121307], [148.3664561497855, 19.290148785731294], [148.3492366083812, 19.316523048746614], [148.34829089501213, 19.31869947634128], [148.3335118456577, 19.347250166951262], [148.31857718485685, 19.375800857561245], [148.31831098976272, 19.376113326413016], [148.30335528229136, 19.404351548171228], [148.28738537114424, 19.421544498756617], [148.28036463803855, 19.43290223878121], [148.26791094394517, 19.461452929391193], [148.25645975252573, 19.47726473358897], [148.24948612485767, 19.49000362000118], [148.22826411740976, 19.518554310611165], [148.22553413390725, 19.521483524738038], [148.2096771527809, 19.547105001221148], [148.19460851528876, 19.56317901125456], [148.18570286505374, 19.57565569183113], [148.16578040127365, 19.604206382441113], [148.16368289667025, 19.607180154328212], [148.14942362684997, 19.632757073051096], [148.13275727805177, 19.651149114219937], [148.1225418445531, 19.661307763661082], [148.1018316594333, 19.681633792121932], [148.0709060408148, 19.68897233374053], [148.0399804221963, 19.685959368425085], [148.0090548035778, 19.66804086556595], [148.00176162302137, 19.661307763661082], [147.9781291849593, 19.643078139059885], [147.96629869783084, 19.632757073051096], [147.94720356634082, 19.613808390778658], [147.937415381205, 19.604206382441113], [147.92108944200194, 19.57565569183113], [147.91627794772234, 19.569314458930133], [147.89565696073987, 19.547105001221148], [147.88535232910385, 19.523788142472778], [147.8803551059627, 19.518554310611165], [147.86062751094533, 19.49000362000118], [147.85442671048537, 19.47467057385567], [147.8434221723959, 19.461452929391193], [147.8294629942685, 19.43290223878121], [147.82350109186686, 19.405326450958313], [147.82301383410766, 19.404351548171228], [147.8048632927643, 19.375800857561245], [147.7965515551329, 19.347250166951262], [147.79257547324838, 19.323171141200543], [147.7909511168962, 19.318699476341276], [147.78279122176397, 19.290148785731294], [147.77797616747483, 19.261598095121307], [147.77501354617192, 19.233047404511325], [147.77316299970943, 19.204496713901342], [147.7718594227169, 19.17594602329136], [147.76974936482, 19.147395332681377], [147.76760032716518, 19.11884464207139], [147.76590378450214, 19.090293951461412], [147.76464249905504, 19.061743260851422], [147.76380642754393, 19.03319257024144], [147.76338954105123, 19.004641879631457], [147.76338692986735, 18.976091189021474], [147.76380868877325, 18.94754049841149], [147.76621102567668, 18.918989807801506], [147.77221681510258, 18.890439117191523], [147.7732916850019, 18.861888426581537], [147.77483436685674, 18.833337735971554], [147.77595794866784, 18.80478704536157], [147.78100007306932, 18.77623635475159], [147.79257547324838, 18.75573973828868], [147.7944879286226, 18.747685664141606], [147.7961581168909, 18.71913497353162], [147.80227406822365, 18.690584282921638], [147.8156969189519, 18.66203359231165], [147.82350109186686, 18.646271863795178], [147.82788354388518, 18.63348290170167], [147.84283993622535, 18.604932211091686], [147.85442671048537, 18.583391259551206], [147.85856396690332, 18.576381520481704], [147.8808365445061, 18.54783082987172], [147.88535232910385, 18.54315177347444], [147.90699665743148, 18.519280139261735], [147.91627794772234, 18.509598373876024], [147.93565962479926, 18.49072944865175], [147.94720356634082, 18.47893663939004], [147.96520574755056, 18.462178758041766], [147.9781291849593, 18.453414246435507], [148.00475488299813, 18.433628067431783], [148.0090548035778, 18.42963898385809], [148.0308802809139, 18.4050773768218], [148.0399804221963, 18.39611993243898], [148.05849238099847, 18.376526686211818], [148.0709060408148, 18.36429527830007], [148.08705293614457, 18.347975995601836], [148.1018316594333, 18.332315987762012], [148.11520715546644, 18.31942530499185], [148.13275727805177, 18.303655925377754], [148.15244482773826, 18.290874614381863], [148.16368289667025, 18.281640179441705], [148.1871054254838, 18.26232392377188], [148.19460851528876, 18.255438909168554], [148.22553413390725, 18.237396548148986], [148.23596908597855, 18.233773233161898], [148.2564597525257, 18.2241735230212], [148.28738537114424, 18.2083627068892], [148.29906456590635, 18.205222542551915], [148.31831098976272, 18.197156280986576]]]}, "properties": {"fillColor": "#8A2BE2", "fillOpacity": 0.7, "color": "#000000", "weight": 0.2, "stroke": false}}, {"type": "Feature", "geometry": {"type": "Polygon", "coordinates": [[[129.886642293142, 24.28174470963424], [129.91756791176047, 24.27830558079986], [129.94849353037898, 24.27728438064974], [129.97941914899747, 24.277218989176163], [130.01034476761595, 24.277634972194626], [130.04127038623443, 24.278310218717117], [130.07219600485294, 24.27911155946488], [130.10312162347142, 24.2799594160798], [130.13404724208993, 24.28076668040261], [130.16497286070842, 24.281449002375602], [130.1958984793269, 24.281941900356028], [130.22682409794538, 24.28218490144522], [130.2577497165639, 24.282095429765654], [130.28867533518238, 24.28163684554744], [130.31960095380086, 24.280980728796766], [130.35052657241937, 24.280452130675773], [130.38145219103785, 24.280593545231895], [130.41237780965633, 24.281960914244625], [130.42225470872097, 24.28651964247843], [130.44330342827482, 24.291938541749413], [130.47422904689333, 24.299055196374372], [130.5051546655118, 24.303048463579817], [130.525664733647, 24.315070333088418], [130.53608028413032, 24.319583555043387], [130.5670059027488, 24.32996688673864], [130.58799113620807, 24.3436210236984], [130.5979315213673, 24.349565213675895], [130.62885713998577, 24.363561390464767], [130.64113994875527, 24.372171714308386], [130.65978275860428, 24.385678672599386], [130.67684320394773, 24.40072240491837], [130.69070837722276, 24.411273032523766], [130.71099433643118, 24.42927309552835], [130.72163399584124, 24.437494830392655], [130.74448549485112, 24.457823786138334], [130.75255961445976, 24.46421413214359], [130.78348523307824, 24.47628775848741], [130.79611917318002, 24.486374476748317], [130.81441085169672, 24.500722899523115], [130.83021041620043, 24.514925167358303], [130.8453364703152, 24.527576571354363], [130.8762620889337, 24.537583255141296], [130.88305577723474, 24.54347585796829], [130.9071877075522, 24.56393703122091], [130.9161620839758, 24.572026548578272], [130.93811332617068, 24.591852574610126], [130.9690389447892, 24.599734531837488], [130.96998248259553, 24.600577239188258], [130.99996456340767, 24.628378490267128], [131.00079669904292, 24.629127929798237], [131.03020335555024, 24.65767862040822], [131.03089018202616, 24.65842114052383], [131.05208136429178, 24.686229311018202], [131.06181580064467, 24.70121196607143], [131.06526687113774, 24.71478000162819], [131.09274141926315, 24.741516741629805], [131.09466187906187, 24.743330692238175], [131.1156728076639, 24.771881382848154], [131.12366703788163, 24.78449801384037], [131.13013896558653, 24.800432073458143], [131.14836439247338, 24.828982764068122], [131.15459265650014, 24.850933524803935], [131.15598378690018, 24.857533454678105], [131.16767383167843, 24.88608414528809], [131.17955846437056, 24.914634835898074], [131.18307196238666, 24.943185526508056], [131.18548667812453, 24.97173621711804], [131.18551827511862, 24.972204471875134], [131.18772024917905, 25.000286907728025], [131.1883099363092, 25.028837598338008], [131.18551827511862, 25.05087126593146], [131.18417076202098, 25.05738828894799], [131.15459265650014, 25.070833111232908], [131.12366703788163, 25.068517898228166], [131.10577861948815, 25.05738828894799], [131.09274141926315, 25.050490081761005], [131.06500216299617, 25.028837598338008], [131.06181580064467, 25.02683111407502], [131.03089018202616, 25.01430389982125], [131.01249765235704, 25.000286907728025], [130.99996456340767, 24.990808911457748], [130.97783833786661, 24.97173621711804], [130.9690389447892, 24.96517140432695], [130.94212694239388, 24.943185526508056], [130.93811332617068, 24.94060129709492], [130.9071877075522, 24.931581094716982], [130.88099249080983, 24.914634835898074], [130.87626208893371, 24.912739004383543], [130.8453364703152, 24.90785578246856], [130.81441085169672, 24.88916939149844], [130.8061479936055, 24.886084145288088], [130.78348523307824, 24.882228955418757], [130.75255961445976, 24.861710816806706], [130.74409815149593, 24.857533454678105], [130.72163399584124, 24.85116947032613], [130.6944947872157, 24.828982764068122], [130.69070837722276, 24.826473607628355], [130.65978275860428, 24.801851879790583], [130.65737772363414, 24.800432073458136], [130.62885713998577, 24.78735983894586], [130.6109880445648, 24.771881382848154], [130.5979315213673, 24.761082725186633], [130.57753372209902, 24.743330692238175], [130.5670059027488, 24.73468055408561], [130.53863675257907, 24.71478000162819], [130.53608028413032, 24.713390454599725], [130.5051546655118, 24.70825876241345], [130.47422904689333, 24.705860456628834], [130.44330342827482, 24.70593604348783], [130.41237780965633, 24.707360119291618], [130.38145219103785, 24.709008800672724], [130.35052657241937, 24.710225301310167], [130.31960095380086, 24.710702945724343], [130.28867533518238, 24.710272988037268], [130.2577497165639, 24.70872445106715], [130.22682409794538, 24.701706509490325], [130.1958984793269, 24.69128930699608], [130.1772759691205, 24.686229311018206], [130.16497286070842, 24.68492811823027], [130.13404724208993, 24.680781395331614], [130.10312162347142, 24.670025238671705], [130.07626872658284, 24.65767862040822], [130.07219600485294, 24.65684704254367], [130.04127038623446, 24.651884551821535], [130.01034476761595, 24.639719492256372], [129.98438571739254, 24.629127929798237], [129.97941914899747, 24.628247503958725], [129.94849353037898, 24.62449234601716], [129.91756791176047, 24.61969168423928], [129.886642293142, 24.602550500417628], [129.88185073284575, 24.600577239188254], [129.8557166745235, 24.594131169398295], [129.829685262542, 24.57202654857827], [129.824791055905, 24.566821983825587], [129.80366068145273, 24.543475857968286], [129.7938654372865, 24.52357669926655], [129.78819090857516, 24.514925167358303], [129.78751816514804, 24.48637447674832], [129.79044297423297, 24.457823786138334], [129.7938654372865, 24.452501693138153], [129.8058231198167, 24.42927309552835], [129.81540032975465, 24.40072240491837], [129.82111585285557, 24.372171714308383], [129.824791055905, 24.346329066110016], [129.82555679148112, 24.3436210236984], [129.84746074887153, 24.315070333088414], [129.85571667452348, 24.307400272041917], [129.88097361910943, 24.28651964247843], [129.886642293142, 24.28174470963424]]]}, "properties": {"fillColor": "#8A2BE2", "fillOpacity": 0.7, "color": "#000000", "weight": 0.2, "stroke": false}}, {"type": "Feature", "geometry": {"type": "Polygon", "coordinates": [[[129.5155348697201, 25.227450314177833], [129.5464604883386, 25.2199803624223], [129.57738610695708, 25.21339353454127], [129.60831172557556, 25.20463785801845], [129.63923734419407, 25.20297238521389], [129.67016296281255, 25.202240530475915], [129.70108858143104, 25.20230537622934], [129.73201420004955, 25.20319055696344], [129.76293981866803, 25.206827789201405], [129.7938654372865, 25.21504322532401], [129.824791055905, 25.222800199584043], [129.83564737239035, 25.22869243260789], [129.8557166745235, 25.234302635500033], [129.886642293142, 25.252822414491575], [129.89342238971574, 25.257243123217876], [129.91756791176047, 25.267102586459043], [129.94020810909646, 25.285793813827862], [129.94849353037898, 25.288698863639222], [129.97941914899747, 25.298007974640537], [130.01034476761595, 25.31296911915223], [130.01233749284705, 25.314344504437848], [130.04127038623446, 25.31754038483062], [130.07219600485294, 25.32171986380102], [130.10312162347142, 25.32846855353945], [130.1301582377925, 25.342895195047827], [130.13404724208993, 25.34321872290114], [130.16497286070842, 25.34601781197541], [130.1958984793269, 25.350197176794826], [130.22682409794538, 25.360610478126503], [130.24081226265298, 25.371445885657813], [130.2577497165639, 25.373610747136468], [130.28867533518238, 25.378233556014976], [130.31960095380086, 25.393736130805607], [130.32715498416786, 25.3999965762678], [130.35052657241937, 25.404117126819816], [130.38145219103785, 25.41809605647102], [130.39362168308884, 25.42854726687778], [130.41237780965633, 25.43344546381808], [130.44265623342753, 25.45709795748776], [130.44330342827482, 25.457331555119538], [130.47422904689333, 25.468542131955722], [130.4927191875007, 25.485648648097747], [130.5051546655118, 25.49211171122512], [130.52894873990346, 25.51419933870773], [130.53608028413032, 25.51864550337336], [130.56218989340448, 25.542750029317713], [130.5670059027488, 25.546414683291786], [130.59647004367312, 25.5713007199277], [130.5979315213673, 25.57259977590597], [130.62502316332404, 25.59985141053768], [130.62885713998577, 25.60435053569526], [130.654909383363, 25.628402101147664], [130.65978275860428, 25.635248021097752], [130.68329299409382, 25.656952791757654], [130.69070837722276, 25.670747525819053], [130.70669177639184, 25.685503482367633], [130.72054470290237, 25.714054172977615], [130.72163399584124, 25.71679402647218], [130.74572040592815, 25.742604863587598], [130.75255961445976, 25.769305566789292], [130.75456348910572, 25.771155554197584], [130.77745883905246, 25.799706244807567], [130.78343368458357, 25.82825693541755], [130.78348523307824, 25.82848014665569], [130.80885956919695, 25.856807626027535], [130.81441085169672, 25.864868907858657], [130.8383944077722, 25.856807626027535], [130.8453364703152, 25.85229384834363], [130.87626208893371, 25.84495856743417], [130.9071877075522, 25.82995478903328], [130.93811332617068, 25.829276569704536], [130.9690389447892, 25.84192358918913], [130.98676556757715, 25.856807626027535], [130.99996456340767, 25.865527922880844], [131.0226959005008, 25.885358316637518], [131.03089018202616, 25.890176851067288], [131.06181580064467, 25.891766936643783], [131.07333815681324, 25.885358316637518], [131.09274141926315, 25.865376941792157], [131.10326502434273, 25.856807626027535], [131.12366703788163, 25.828603677620013], [131.15459265650014, 25.843232118706368], [131.16945957777736, 25.856807626027535], [131.18282573994108, 25.885358316637518], [131.18551827511862, 25.888385750130382], [131.20634005438316, 25.9139090072475], [131.21296636632206, 25.942459697857483], [131.21609576617672, 25.97101038846747], [131.2164438937371, 25.97624702542046], [131.22104111100427, 25.999561079077452], [131.22345724743835, 26.028111769687435], [131.2227533405862, 26.05666246029742], [131.22501419891864, 26.0852131509074], [131.2473695123556, 26.099262928896344], [131.27774907702243, 26.085213150907407], [131.2782951309741, 26.084797328537853], [131.30922074959258, 26.07595187167913], [131.32473583602075, 26.085213150907403], [131.34014636821107, 26.093151459949016], [131.3631447817895, 26.113763841517386], [131.37107198682958, 26.12383862954478], [131.38603512270794, 26.142314532127372], [131.39319669648364, 26.170865222737355], [131.39723058222563, 26.199415913347337], [131.40188453817834, 26.22796660395732], [131.40199760544806, 26.228432342774337], [131.42212137547716, 26.256517294567306], [131.43292322406654, 26.270017646011652], [131.46384884268502, 26.27183973521418], [131.49477446130354, 26.274665119598033], [131.51340963427361, 26.256517294567306], [131.52006979658785, 26.22796660395732], [131.52125963022837, 26.199415913347334], [131.52185491221073, 26.17086522273735], [131.5217870988046, 26.142314532127372], [131.52114175834757, 26.113763841517386], [131.52017605571186, 26.085213150907403], [131.51917978158056, 26.05666246029742], [131.51825516054544, 26.028111769687435], [131.51733476833866, 25.999561079077452], [131.51635906936838, 25.97101038846747], [131.51541390241096, 25.942459697857483], [131.51464822404978, 25.913909007247497], [131.51415214524098, 25.885358316637518], [131.5137904564976, 25.856807626027535], [131.51314465038845, 25.82825693541755], [131.5091029982877, 25.799706244807567], [131.4967038185387, 25.771155554197584], [131.49477446130354, 25.760564162353973], [131.4907324791945, 25.742604863587594], [131.48561588922826, 25.714054172977615], [131.4822840973892, 25.685503482367633], [131.47554983848232, 25.65695279175765], [131.46640177021294, 25.628402101147664], [131.46384884268502, 25.61311545670056], [131.4606658955834, 25.59985141053768], [131.45403880221227, 25.5713007199277], [131.44008837612114, 25.542750029317713], [131.43292322406654, 25.531645799554234], [131.41698375910894, 25.51419933870773], [131.40319913988228, 25.485648648097747], [131.40199760544806, 25.483542457312197], [131.38440221500005, 25.45709795748776], [131.3738439479788, 25.42854726687778], [131.37107198682958, 25.41575276228072], [131.3671946048399, 25.399996576267796], [131.3491950270285, 25.371445885657813], [131.3421940474655, 25.342895195047827], [131.34092828314715, 25.314344504437848], [131.3459724065027, 25.285793813827862], [131.36646559818024, 25.257243123217876], [131.37107198682958, 25.25528386918233], [131.37472026378438, 25.25724312321788], [131.40199760544806, 25.271153429885096], [131.42019765437536, 25.285793813827862], [131.43292322406654, 25.295507724690815], [131.45337289037363, 25.314344504437848], [131.46384884268502, 25.325460722669504], [131.4801484030438, 25.342895195047827], [131.49073417541874, 25.371445885657813], [131.49477446130354, 25.37649836539566], [131.51644810475364, 25.399996576267796], [131.52570007992202, 25.41281099944225], [131.53869623204076, 25.42854726687778], [131.55077248277775, 25.45709795748776], [131.55662569854053, 25.46482396250255], [131.5732003530261, 25.485648648097747], [131.58448570348276, 25.51419933870773], [131.587551317159, 25.51896389442388], [131.60464541874904, 25.542750029317713], [131.61415043722803, 25.5713007199277], [131.6184769357775, 25.580297989800393], [131.63072603150937, 25.59985141053768], [131.6356133840949, 25.628402101147664], [131.63852817844233, 25.65695279175765], [131.64836742330849, 25.685503482367633], [131.64940255439598, 25.68774846676626], [131.6628458795563, 25.714054172977615], [131.66628968530335, 25.742604863587598], [131.67869251454238, 25.771155554197584], [131.6803281730145, 25.77474908725167], [131.6912272630246, 25.799706244807567], [131.6946118786544, 25.82825693541755], [131.7080264733857, 25.856807626027535], [131.71125379163297, 25.86557770117097], [131.71779360753956, 25.885358316637515], [131.72087263986947, 25.913909007247504], [131.72297633326195, 25.942459697857483], [131.72443106235698, 25.97101038846747], [131.7254482367033, 25.999561079077452], [131.74217941025145, 26.025634865543026], [131.74468647980217, 26.028111769687435], [131.74601896453527, 26.056662460297417], [131.74677457779524, 26.0852131509074], [131.74699541693295, 26.11376384151739], [131.74666956036873, 26.14231453212737], [131.74573277026718, 26.17086522273736], [131.74217941025145, 26.182689425211905], [131.736155921255, 26.199415913347337], [131.72342564617037, 26.22796660395732], [131.7212734070906, 26.256517294567306], [131.71818184009229, 26.28506798517729], [131.71125379163297, 26.29871713009685], [131.70209673624038, 26.31361867578727], [131.6906698256316, 26.342169366397258], [131.68621120789172, 26.37072005700724], [131.6803281730145, 26.379963784827865], [131.6667701035301, 26.399270747617223], [131.65726297523824, 26.427821438227205], [131.64940255439598, 26.43882770945381], [131.63634436937275, 26.45637212883719], [131.62824292375137, 26.48492281944717], [131.62253590774642, 26.513473510057157], [131.6184769357775, 26.51834914508442], [131.60165658333426, 26.542024200667143], [131.59421482557212, 26.570574891277126], [131.587551317159, 26.57786474333879], [131.57190685895333, 26.599125581887108], [131.5653732160286, 26.627676272497094], [131.55662569854053, 26.636370781024368], [131.54010399042642, 26.656226963107077], [131.53328390753356, 26.68477765371706], [131.52570007992202, 26.69193758226382], [131.5060380379253, 26.71332834432704], [131.4949794346026, 26.74187903493703], [131.49477446130354, 26.742069919189902], [131.46384884268502, 26.768703782962927], [131.43292322406654, 26.757413504454256], [131.42968006575063, 26.74187903493703], [131.43292322406654, 26.73930950919804], [131.45162579426727, 26.713328344327046], [131.45302975702964, 26.684777653717063], [131.46109514294233, 26.656226963107073], [131.46384884268502, 26.65445862910703], [131.4811972624945, 26.627676272497094], [131.48118943990656, 26.599125581887108], [131.48291758612572, 26.570574891277126], [131.49477446130354, 26.546185372624514], [131.4967843681962, 26.542024200667143], [131.51186292491596, 26.513473510057157], [131.51208100048228, 26.484922819447178], [131.50650548489907, 26.456372128837188], [131.49477446130354, 26.445101060415105], [131.49097619546075, 26.45637212883719], [131.48436068324878, 26.484922819447174], [131.4649698619949, 26.513473510057157], [131.46384884268502, 26.515288723287522], [131.4601735704345, 26.542024200667143], [131.4567400265755, 26.570574891277126], [131.45078486673114, 26.599125581887108], [131.43292322406654, 26.620881528275252], [131.43091395437153, 26.627676272497094], [131.42714115997995, 26.656226963107077], [131.42156564401802, 26.684777653717063], [131.41279468956833, 26.713328344327042], [131.40199760544806, 26.72442136335572], [131.39547604643298, 26.74187903493703], [131.38700176444075, 26.77042972554701], [131.37107198682958, 26.787313435954324], [131.36617670836776, 26.798980416156994], [131.356486330811, 26.82753110676698], [131.34014636821107, 26.8445592180869], [131.33492024082537, 26.856081797376962], [131.3211846610343, 26.884632487986945], [131.30922074959258, 26.8964867791525], [131.29965346867272, 26.91318317859693], [131.2782951309741, 26.934761344069237], [131.27432495257617, 26.941733869206914], [131.25476198550524, 26.970284559816893], [131.2473695123556, 26.977282026484776], [131.229546088406, 26.99883525042688], [131.2164438937371, 27.011134875740993], [131.20139208357338, 27.027385941036865], [131.18551827511862, 27.042138448628076], [131.1707697772103, 27.055936631646848], [131.15459265650014, 27.07068905365594], [131.13677090842674, 27.084487322256834], [131.12366703788163, 27.096228801435466], [131.10083529091392, 27.113038012866816], [131.09274141926315, 27.120425551955538], [131.07196635638255, 27.1415887034768], [131.06181580064464, 27.15109482910659], [131.04665273608757, 27.17013939408678], [131.03089018202616, 27.186678091503488], [131.02419609906374, 27.198690084696764], [130.99996456340767, 27.222540170634403], [130.99594164248907, 27.22724077530675], [130.9690389447892, 27.25204161432697], [130.9651288367591, 27.255791465916733], [130.93811332617068, 27.280388046955387], [130.9330668517121, 27.284342156526716], [130.9071877075522, 27.307084275175526], [130.89603840733926, 27.312892847136702], [130.87626208893371, 27.32888157605762], [130.8453364703152, 27.338170679805845], [130.83366075215227, 27.341443537746684], [130.81441085169672, 27.356684427383225], [130.78348523307824, 27.36422605954885], [130.75255961445976, 27.367807103485955], [130.73346188813298, 27.369994228356667], [130.72163399584124, 27.379134223307922], [130.69070837722276, 27.39181971314546], [130.65978275860428, 27.397375363223457], [130.6543171672331, 27.39854491896665], [130.62885713998577, 27.420278456095616], [130.60728291399374, 27.427095609576636], [130.6085406840914, 27.45564630018662], [130.5979315213673, 27.471574488037106], [130.5670059027488, 27.483862267829807], [130.56382097721527, 27.4841969907966], [130.53608028413032, 27.487144582139162], [130.5051546655118, 27.49363106559689], [130.47422904689333, 27.505599240044752], [130.44330342827482, 27.50912683628996], [130.41237780965633, 27.512714269064045], [130.4120970881212, 27.512747681406587], [130.38145219103785, 27.53195812403989], [130.35052657241937, 27.537415560483975], [130.31960095380086, 27.539842651501406], [130.29943363853099, 27.54129837201657], [130.28867533518238, 27.549108910565362], [130.2577497165639, 27.558550174625335], [130.22682409794538, 27.561729279947834], [130.1958984793269, 27.562629326591885], [130.16497286070842, 27.562237929410472], [130.13404724208993, 27.560569284869686], [130.10312162347142, 27.5568919792265], [130.07219600485294, 27.549020130227124], [130.05458614161486, 27.54129837201657], [130.04127038623446, 27.5400249117865], [130.01034476761595, 27.533508830185113], [129.9822243773931, 27.512747681406587], [129.97941914899747, 27.511678129861007], [129.94849353037898, 27.49952265610043], [129.93044037464972, 27.484196990796598], [129.91756791176047, 27.4783884425726], [129.886642293142, 27.45739962789368], [129.88406555464283, 27.45564630018662], [129.8557166745235, 27.449270432573357], [129.824791055905, 27.431944799693955], [129.81759780831732, 27.427095609576636], [129.7938654372865, 27.421071658939546], [129.76293981866803, 27.401588887109686], [129.75860277137897, 27.39854491896665], [129.73201420004955, 27.390116224576175], [129.70493807954722, 27.369994228356667], [129.70108858143104, 27.368258298170762], [129.67016296281255, 27.352051292889932], [129.65778554669214, 27.341443537746684], [129.63923734419407, 27.32896376532134], [129.62128745953808, 27.312892847136702], [129.60831172557556, 27.30150278765774], [129.58997969340436, 27.28434215652672], [129.57738610695708, 27.270821554518292], [129.56175187873424, 27.255791465916733], [129.5464604883386, 27.238396002619922], [129.53476145549237, 27.22724077530675], [129.5155348697201, 27.20687579818597], [129.50678131496548, 27.198690084696764], [129.4846092511016, 27.175876782239854], [129.47848417582043, 27.17013939408678], [129.45661624699193, 27.1415887034768], [129.45368363248312, 27.13787377189217], [129.42887579807032, 27.113038012866816], [129.4227580138646, 27.105323278300613], [129.40147436412644, 27.08448732225683], [129.39183239524613, 27.070901687290146], [129.37671524986965, 27.055936631646848], [129.36361668105553, 27.027385941036865], [129.36090677662764, 27.023229852919847], [129.33659042763543, 26.99883525042688], [129.32998115800916, 26.988324136757015], [129.31172786084778, 26.970284559816896], [129.29905553939065, 26.946789720527754], [129.29393802020851, 26.941733869206914], [129.27541823095078, 26.913183178596928], [129.26812992077217, 26.898422763384893], [129.25362250970133, 26.88463248798695], [129.24303287212103, 26.856081797376962], [129.23720430215369, 26.843051560883126], [129.22039281232534, 26.82753110676698], [129.2121472357867, 26.798980416156994], [129.20627868353517, 26.782572010394567], [129.19312636874594, 26.77042972554701], [129.18141625865564, 26.74187903493703], [129.1753530649167, 26.7248381535434], [129.1632864584659, 26.713328344327042], [129.15009711054444, 26.684777653717056], [129.1444274462982, 26.669150771874627], [129.1316371497395, 26.656226963107077], [129.11968865157849, 26.627676272497098], [129.11350182767973, 26.607770902505475], [129.10542951034327, 26.599125581887105], [129.09344473178902, 26.570574891277126], [129.0868586577665, 26.542024200667143], [129.08257620906122, 26.525351492481803], [129.07276256935128, 26.51347351005716], [129.06544591973451, 26.484922819447174], [129.059226951526, 26.45637212883719], [129.05296250072232, 26.427821438227205], [129.05165059044273, 26.410822257112883], [129.0490100619823, 26.399270747617223], [129.0453393553887, 26.37072005700724], [129.04378789471548, 26.342169366397258], [129.04387954128367, 26.313618675787268], [129.04596528452115, 26.285067985177285], [129.0508469926022, 26.256517294567306], [129.05165059044273, 26.253442794056394], [129.05468964121496, 26.22796660395732], [129.06054084095516, 26.199415913347337], [129.07948049274853, 26.170865222737355], [129.08257620906122, 26.16580540497535], [129.09168700677384, 26.142314532127372], [129.11350182767973, 26.118433954480373], [129.11708037111, 26.113763841517386], [129.1444274462982, 26.0873083124622], [129.1464727418369, 26.085213150907403], [129.1753530649167, 26.058534981865456], [129.17749821950375, 26.05666246029742], [129.20627868353517, 26.031258738523363], [129.2103405331222, 26.028111769687435], [129.23720430215369, 26.005063523055068], [129.24401253866387, 25.999561079077452], [129.26812992077217, 25.976902012664144], [129.27374096366304, 25.97101038846747], [129.2929886127549, 25.94245969785748], [129.29905553939065, 25.936682614111877], [129.32173436883556, 25.913909007247504], [129.32998115800916, 25.90449466003967], [129.34561407196517, 25.885358316637518], [129.35116458295772, 25.85680762602754], [129.3503439243087, 25.82825693541755], [129.34963740465068, 25.799706244807567], [129.33897897496624, 25.771155554197584], [129.32998115800916, 25.76376672619016], [129.29905553939065, 25.762756843589877], [129.26812992077217, 25.77032448402667], [129.26641262007885, 25.771155554197584], [129.23720430215369, 25.79408589650176], [129.22931905895067, 25.799706244807567], [129.20627868353517, 25.820104101879778], [129.19663287091896, 25.82825693541755], [129.1753530649167, 25.84711974350519], [129.16321361727265, 25.856807626027535], [129.1444274462982, 25.87312379433004], [129.12985332456918, 25.885358316637518], [129.11350182767973, 25.912159350627274], [129.11241828294854, 25.9139090072475], [129.09609501273593, 25.942459697857483], [129.09284444180128, 25.97101038846747], [129.0882866726581, 25.999561079077452], [129.08257620906122, 26.011277809842618], [129.07837644279886, 26.028111769687435], [129.05759781653947, 26.05666246029742], [129.05165059044273, 26.062152970103227], [129.02072497182425, 26.08472076742101], [129.01909307363013, 26.085213150907403], [128.98979935320574, 26.09905893401907], [128.95887373458726, 26.10629060930671], [128.92794811596877, 26.09670130485341], [128.91490700779514, 26.085213150907403], [128.90820731073273, 26.056662460297424], [128.90992705708322, 26.028111769687435], [128.91456809561856, 25.999561079077452], [128.91650255133757, 25.97101038846747], [128.89702249735026, 25.958122743306486], [128.88060714863266, 25.97101038846747], [128.86609687873178, 25.98249483485056], [128.84617007931166, 25.999561079077452], [128.8351712601133, 26.009715245688703], [128.80428068730708, 26.028111769687435], [128.8042456414948, 26.0281441241621], [128.7733200228763, 26.048721905683486], [128.76410304948251, 26.05666246029742], [128.74423903901726, 26.085213150907403], [128.74239440425782, 26.086916127231177], [128.7363186492351, 26.113763841517383], [128.73512732135237, 26.142314532127372], [128.73450097916472, 26.170865222737355], [128.7342142198495, 26.199415913347337], [128.7339190048355, 26.22796660395732], [128.73332957799798, 26.256517294567306], [128.7321230142807, 26.28506798517729], [128.72957694105423, 26.31361867578727], [128.7238494486694, 26.342169366397258], [128.71146878563934, 26.368486621374586], [128.71034871646592, 26.37072005700724], [128.68054316702083, 26.39162255399617], [128.64961754840235, 26.394937650588943], [128.61869192978386, 26.39270926488522], [128.58776631116535, 26.37368820869461], [128.58451519196092, 26.37072005700724], [128.5596298443634, 26.342169366397258], [128.55684069254687, 26.3344974414061], [128.54288017746248, 26.313618675787275], [128.53120955205208, 26.28506798517729], [128.52883743563183, 26.25651729456731], [128.5280470077276, 26.22796660395732], [128.52811491712092, 26.199415913347337], [128.5287617023855, 26.170865222737355], [128.5299145943258, 26.142314532127372], [128.5316323808583, 26.113763841517386], [128.53407917741157, 26.085213150907403], [128.53772029469235, 26.05666246029742], [128.54375501500238, 26.028111769687435], [128.55684069254687, 26.01180656220637], [128.55941310582162, 25.999561079077452], [128.5633865599503, 25.97101038846747], [128.567328643498, 25.942459697857487], [128.5755579863904, 25.9139090072475], [128.58776631116535, 25.901630784057495], [128.5969619514391, 25.885358316637518], [128.61252973558598, 25.856807626027535], [128.61869192978386, 25.85111865656204], [128.64169177826483, 25.82825693541755], [128.64961754840235, 25.820939823548787], [128.68054316702083, 25.799871251266136], [128.68091533105726, 25.799706244807567], [128.71146878563934, 25.784103017171383], [128.74239440425782, 25.772031117002534], [128.74643214790737, 25.771155554197584], [128.7733200228763, 25.759357151618325], [128.8042456414948, 25.751828250708662], [128.8351712601133, 25.742623269635455], [128.835262907297, 25.742604863587598], [128.86609687873178, 25.728598084210333], [128.89702249735026, 25.71652136516893], [128.90623460172833, 25.714054172977615], [128.92794811596877, 25.704208838744684], [128.95279334430597, 25.685503482367633], [128.95887373458726, 25.679848415923367], [128.97635022596052, 25.65695279175765], [128.98979935320574, 25.64429509614992], [128.99899698154107, 25.628402101147664], [129.02072497182425, 25.60766872830315], [129.0245019090005, 25.59985141053768], [129.0475580778857, 25.5713007199277], [129.05165059044273, 25.567499752460087], [129.07102857962514, 25.542750029317713], [129.08257620906124, 25.532070411668123], [129.1028911763131, 25.514199338707733], [129.11350182767973, 25.5044202948039], [129.1419237653157, 25.485648648097744], [129.1444274462982, 25.483349446618508], [129.1753530649167, 25.458865399590838], [129.1787270694134, 25.45709795748776], [129.20627868353517, 25.433941654014273], [129.21913448148968, 25.42854726687778], [129.23720430215369, 25.413569312541853], [129.26812992077217, 25.402144931210398], [129.27253676416188, 25.399996576267796], [129.29905553939065, 25.376256730570866], [129.31083777291929, 25.371445885657813], [129.32998115800916, 25.354840896865944], [129.36090677662764, 25.345439422044468], [129.36846991741814, 25.342895195047827], [129.39183239524613, 25.32203564876913], [129.406766184494, 25.314344504437845], [129.4227580138646, 25.288944551285013], [129.426360798463, 25.28579381382786], [129.45368363248312, 25.258577303693453], [129.45517771875635, 25.257243123217876], [129.4846092511016, 25.235029253731117], [129.51043181463413, 25.228692432607893], [129.5155348697201, 25.227450314177833]]]}, "properties": {"fillColor": "#8A2BE2", "fillOpacity": 0.7, "color": "#000000", "weight": 0.2, "stroke": false}}, {"type": "Feature", "geometry": {"type": "Polygon", "coordinates": [[[129.52642166598824, 25.399996576267796], [129.5155348697201, 25.40163823771842], [129.4846092511016, 25.406570329112647], [129.45368363248312, 25.412309661573445], [129.4227580138646, 25.42143420584874], [129.4051637181247, 25.42854726687778], [129.39183239524613, 25.433623541451677], [129.36090677662764, 25.447946822134178], [129.34618891364863, 25.45709795748776], [129.32998115800916, 25.468932326835205], [129.3071163294893, 25.485648648097747], [129.29905553939065, 25.493124255869937], [129.2722307455642, 25.514199338707733], [129.26812992077217, 25.518217800941976], [129.23735971366665, 25.542750029317713], [129.23720430215369, 25.54288276209346], [129.20627868353517, 25.56715811019371], [129.2010337684201, 25.5713007199277], [129.1753530649167, 25.591993877592152], [129.1665687871654, 25.59985141053768], [129.1444274462982, 25.625344507386117], [129.14197247727097, 25.628402101147664], [129.13488213229988, 25.65695279175765], [129.1444274462982, 25.669493542736017], [129.1753530649167, 25.676790787516172], [129.20627868353517, 25.670626566566696], [129.23720430215369, 25.65821860863066], [129.23955696035515, 25.65695279175765], [129.26812992077217, 25.64056670311823], [129.29068574623824, 25.628402101147664], [129.29905553939065, 25.623072006761728], [129.32998115800916, 25.608076802687787], [129.34936688608417, 25.59985141053768], [129.36090677662764, 25.59485546059888], [129.39183239524613, 25.584889998752036], [129.4227580138646, 25.577006588887134], [129.44846447689255, 25.5713007199277], [129.45368363248312, 25.57033622783043], [129.4846092511016, 25.566574972571175], [129.5155348697201, 25.56460368777404], [129.5464604883386, 25.56404317869476], [129.57738610695708, 25.564548703632692], [129.60831172557556, 25.565751803204385], [129.63923734419407, 25.567430937861058], [129.67016296281255, 25.56959653145748], [129.6888733295538, 25.5713007199277], [129.70108858143104, 25.572974829863117], [129.73201420004955, 25.578223478097694], [129.76293981866803, 25.584181868392925], [129.7938654372865, 25.590885798034744], [129.824791055905, 25.59829005347058], [129.83038925821967, 25.59985141053768], [129.8557166745235, 25.60988462835988], [129.886642293142, 25.62149076023856], [129.90491194243972, 25.628402101147664], [129.91756791176047, 25.635673803588876], [129.94849353037898, 25.651988732103952], [129.95765991163165, 25.656952791757654], [129.97941914899747, 25.684115292225655], [129.98075312783925, 25.685503482367633], [129.97941914899747, 25.686892432575494], [129.94849353037898, 25.70353466034184], [129.92780969026438, 25.71405417297761], [129.91756791176047, 25.716811492537506], [129.886642293142, 25.72810741470923], [129.8557166745235, 25.739066238525485], [129.84469524249374, 25.742604863587594], [129.824791055905, 25.74528411678881], [129.7938654372865, 25.751053763530578], [129.76293981866803, 25.759687359978763], [129.73692733021832, 25.771155554197584], [129.73201420004955, 25.772492619221687], [129.70108858143104, 25.782902686662148], [129.67016296281255, 25.79917773790748], [129.66921715131602, 25.799706244807567], [129.63923734419407, 25.813141618609848], [129.61664775491343, 25.828256935417553], [129.60831172557556, 25.83378415986105], [129.5800989677176, 25.856807626027535], [129.57738610695708, 25.859379531314016], [129.55057407351316, 25.885358316637518], [129.5464604883386, 25.890509025844533], [129.52529253777084, 25.9139090072475], [129.5155348697201, 25.928980767673924], [129.5046163847274, 25.942459697857483], [129.48772403792532, 25.97101038846747], [129.4846092511016, 25.978226730242618], [129.47064679296602, 25.999561079077452], [129.4570766509108, 26.028111769687435], [129.45368363248312, 26.03795086270825], [129.44402375147698, 26.05666246029742], [129.43384251768495, 26.085213150907403], [129.42867102946445, 26.113763841517386], [129.4249948509746, 26.142314532127372], [129.4227580138646, 26.161609682930365], [129.4206972881244, 26.170865222737355], [129.41537190379177, 26.199415913347337], [129.41215156027224, 26.22796660395732], [129.41092997036893, 26.256517294567303], [129.41142589314117, 26.285067985177285], [129.41340890875153, 26.313618675787268], [129.41741024400477, 26.342169366397258], [129.4227580138646, 26.363647927275274], [129.42346911750434, 26.37072005700724], [129.4269918416398, 26.399270747617223], [129.4312875084345, 26.427821438227205], [129.4379561107566, 26.45637212883719], [129.44956505884016, 26.48492281944717], [129.45368363248312, 26.49249404517526], [129.46007906380228, 26.513473510057157], [129.4715158998577, 26.542024200667143], [129.4846092511016, 26.561952038252564], [129.48901964973362, 26.570574891277126], [129.50499053292506, 26.599125581887108], [129.5155348697201, 26.612727594433004], [129.5244466660262, 26.627676272497094], [129.5464604883386, 26.655465347229054], [129.54700118916742, 26.656226963107077], [129.5663711724705, 26.68477765371706], [129.57738610695708, 26.697660727271156], [129.58985412164841, 26.713328344327042], [129.60831172557556, 26.733708992928094], [129.6156664588117, 26.74187903493703], [129.63923734419407, 26.766490074439343], [129.64322432193103, 26.770429725547014], [129.67016296281255, 26.79698621454838], [129.67238517494928, 26.79898041615699], [129.70108858143104, 26.825871057561127], [129.7030823169109, 26.82753110676698], [129.73201420004955, 26.85289508192477], [129.73617025491663, 26.856081797376962], [129.76293981866803, 26.877469290718196], [129.77375169550263, 26.884632487986945], [129.7938654372865, 26.899274403216825], [129.81886652004724, 26.913183178596928], [129.824791055905, 26.917280878579042], [129.8557166745235, 26.935257413270794], [129.8700733661861, 26.941733869206914], [129.886642293142, 26.952132646739905], [129.91756791176047, 26.9666386426786], [129.92693547545844, 26.970284559816896], [129.94849353037898, 26.983185735805872], [129.97941914899747, 26.996436616789737], [129.98610164412833, 26.99883525042688], [130.01034476761595, 27.01348077161665], [130.04127038623446, 27.026721454994593], [130.04310017856758, 27.02738594103686], [130.07219600485294, 27.04510225475319], [130.09608016257152, 27.05593663164685], [130.10312162347142, 27.06028541107554], [130.13404724208993, 27.075978312050168], [130.15558028116516, 27.084487322256834], [130.16497286070842, 27.088374365303835], [130.1958984793269, 27.098839026771515], [130.22682409794538, 27.106366648829074], [130.2577497165639, 27.111655045732565], [130.26898185923707, 27.113038012866816], [130.28867533518238, 27.116231591440012], [130.31960095380086, 27.12054227361714], [130.35052657241937, 27.12561142019168], [130.38145219103785, 27.135313647307186], [130.39039030030716, 27.1415887034768], [130.38145219103785, 27.14735303291825], [130.3577657988144, 27.17013939408678], [130.35052657241937, 27.17317008847889], [130.31960095380086, 27.187556352240954], [130.3006522155286, 27.198690084696764], [130.28867533518238, 27.203611026784337], [130.2577497165639, 27.21696976568594], [130.2363182328434, 27.227240775306747], [130.22682409794538, 27.230822014735622], [130.1958984793269, 27.240227124089238], [130.16497286070842, 27.24672894980606], [130.13404724208993, 27.249993605853373], [130.10312162347142, 27.250597953754248], [130.07219600485294, 27.24910523927898], [130.04127038623446, 27.245637338665183], [130.01034476761595, 27.24198826194231], [129.97941914899747, 27.23729342552412], [129.94849353037898, 27.230526437292685], [129.93328588891228, 27.22724077530675], [129.91756791176047, 27.222791735096273], [129.886642293142, 27.215306309631714], [129.8557166745235, 27.208694244651895], [129.824791055905, 27.211565528979637], [129.820713218801, 27.22724077530675], [129.824791055905, 27.23497477888841], [129.83277397827004, 27.255791465916737], [129.8557166745235, 27.28097224696577], [129.85802547134517, 27.284342156526716], [129.886642293142, 27.304398902503415], [129.89652132475288, 27.3128928471367], [129.91756791176047, 27.32493610657005], [129.94290431629742, 27.341443537746684], [129.94849353037898, 27.344544671624014], [129.97941914899747, 27.36342131901004], [129.98771748558113, 27.369994228356667], [130.01034476761595, 27.385780670877228], [130.02474609117706, 27.39854491896665], [130.04127038623446, 27.410863957064855], [130.06216193756694, 27.42709560957664], [130.07219600485294, 27.433670973654987], [130.10312162347142, 27.450360638499262], [130.11671335776944, 27.45564630018662], [130.13404724208993, 27.462726711928696], [130.16497286070842, 27.470737095401564], [130.1958984793269, 27.4746867346077], [130.22682409794538, 27.475831375340604], [130.2577497165639, 27.474709321622313], [130.28867533518238, 27.47132181677115], [130.31960095380086, 27.465078541430817], [130.347731904928, 27.455646300186615], [130.35052657241937, 27.454994060260326], [130.38145219103785, 27.446343926854283], [130.41237780965633, 27.433865356398595], [130.42559815008602, 27.427095609576636], [130.44330342827482, 27.420257704346287], [130.47422904689333, 27.40632913248403], [130.4885493252985, 27.39854491896665], [130.5051546655118, 27.392154385482524], [130.53608028413032, 27.378640225002037], [130.55202540983908, 27.369994228356667], [130.5670059027488, 27.364581858452098], [130.5979315213673, 27.35166836639512], [130.6169060763525, 27.341443537746684], [130.62885713998577, 27.337197474479307], [130.65978275860428, 27.325055593323693], [130.68278408455302, 27.312892847136702], [130.69070837722276, 27.30992591208314], [130.72163399584124, 27.297160155305278], [130.743815514176, 27.284342156526712], [130.75255961445976, 27.280261368108984], [130.78348523307824, 27.26323053615949], [130.7944992106152, 27.255791465916733], [130.81441085169672, 27.24381631349981], [130.83643722688186, 27.227240775306747], [130.8453364703152, 27.220934519403407], [130.87279334618003, 27.198690084696764], [130.8762620889337, 27.195960075881743], [130.90665832456625, 27.17013939408678], [130.9071877075522, 27.16970312699573], [130.93811332617068, 27.143256636575327], [130.9399346166497, 27.1415887034768], [130.9690389447892, 27.115178039235403], [130.97128834050426, 27.113038012866816], [130.99996456340767, 27.084636836806144], [131.00011689390206, 27.08448732225683], [131.0282085168847, 27.055936631646848], [131.03089018202616, 27.052796091076367], [131.05471168514117, 27.027385941036865], [131.06181580064467, 27.018009902108652], [131.0788976688589, 26.99883525042688], [131.09274141926315, 26.978669013105595], [131.0999431886489, 26.970284559816896], [131.11980471098423, 26.941733869206914], [131.12366703788163, 26.935051725453437], [131.1400317577897, 26.913183178596928], [131.15459265650014, 26.888204060836202], [131.15722571504142, 26.884632487986945], [131.17592445058256, 26.856081797376962], [131.18551827511862, 26.838712690750707], [131.19280934085953, 26.827531106766983], [131.20789136100476, 26.798980416156994], [131.2164438937371, 26.77816691105376], [131.22017861917357, 26.77042972554701], [131.23104186153176, 26.74187903493703], [131.23935632201855, 26.713328344327042], [131.2461524666908, 26.684777653717063], [131.2473695123556, 26.678164971273137], [131.2523746453876, 26.656226963107077], [131.25662220310414, 26.627676272497094], [131.2588804041269, 26.599125581887108], [131.25943716441176, 26.570574891277126], [131.25861517578608, 26.542024200667143], [131.25657834575196, 26.513473510057157], [131.2531496861694, 26.484922819447174], [131.24738669159433, 26.45637212883719], [131.2473695123556, 26.456316683466216], [131.23109588088198, 26.427821438227205], [131.2164438937371, 26.415478308812496], [131.18551827511862, 26.419187836257375], [131.17024557585245, 26.427821438227205], [131.15459265650014, 26.435860869315185], [131.12366703788163, 26.452321996915583], [131.09274141926315, 26.453682922367076], [131.07703137141232, 26.427821438227205], [131.0674594689208, 26.399270747617223], [131.06193925291714, 26.37072005700724], [131.06181580064467, 26.369721896353624], [131.06008834041947, 26.342169366397258], [131.05892593922616, 26.31361867578727], [131.058127258839, 26.285067985177285], [131.05714518783833, 26.256517294567306], [131.0547597497232, 26.227966603957324], [131.04793168741992, 26.199415913347337], [131.03089018202616, 26.174086077608766], [131.02685572202114, 26.170865222737355], [130.99996456340767, 26.153479050187393], [130.98463603535322, 26.142314532127372], [130.9690389447892, 26.131366305163503], [130.93811332617068, 26.114763985342528], [130.93557104034363, 26.113763841517386], [130.9071877075522, 26.10027322496974], [130.87626208893371, 26.088850779958342], [130.86656587462932, 26.085213150907407], [130.8453364703152, 26.074662895141365], [130.81441085169672, 26.073696550209018], [130.78348523307824, 26.058751719709427], [130.78234101357467, 26.05666246029742], [130.77085148736066, 26.028111769687435], [130.75982387807468, 25.999561079077452], [130.75255961445976, 25.980816924310396], [130.75053969306592, 25.97101038846747], [130.7433905081951, 25.942459697857483], [130.733341026041, 25.913909007247497], [130.72163399584124, 25.89095350456725], [130.71966679929815, 25.885358316637518], [130.7076719210253, 25.856807626027535], [130.69070837722276, 25.829010389809124], [130.69033752367767, 25.828256935417553], [130.67556056023602, 25.799706244807567], [130.65978275860428, 25.776834287440778], [130.6562455028823, 25.771155554197584], [130.63750589827555, 25.7426048635876], [130.62885713998577, 25.731420455448422], [130.61645880993217, 25.714054172977615], [130.5979315213673, 25.69200620832584], [130.59250321442005, 25.685503482367636], [130.5670059027488, 25.65806633070016], [130.5659280911958, 25.65695279175765], [130.536495554039, 25.628402101147664], [130.53608028413032, 25.628020480273207], [130.5051546655118, 25.601266475974423], [130.50339091619526, 25.59985141053768], [130.47422904689333, 25.57694509246334], [130.466265969123, 25.5713007199277], [130.44330342827482, 25.55470557630226], [130.42398449888853, 25.542750029317713], [130.41237780965633, 25.53500873980562], [130.38145219103785, 25.517864278846446], [130.37420796902896, 25.51419933870773], [130.35052657241937, 25.501025627526946], [130.31960095380086, 25.487773500936427], [130.3142943874409, 25.485648648097747], [130.28867533518238, 25.47370337884898], [130.2577497165639, 25.462859877782527], [130.2383195331875, 25.45709795748776], [130.22682409794538, 25.45261414633219], [130.1958984793269, 25.442763505682795], [130.16497286070842, 25.43530240333001], [130.13404724208993, 25.42919550382913], [130.1304692148659, 25.42854726687778], [130.10312162347142, 25.421513254328058], [130.07219600485294, 25.415372623494584], [130.04127038623446, 25.410535155680765], [130.01034476761595, 25.406619881200076], [129.97941914899747, 25.403389143877646], [129.94849353037898, 25.40069826877188], [129.93853164570007, 25.399996576267796], [129.91756791176047, 25.397681416967913], [129.886642293142, 25.39513518255994], [129.8557166745235, 25.393283993583726], [129.824791055905, 25.392006391000706], [129.7938654372865, 25.391127136944654], [129.76293981866803, 25.39037899608259], [129.73201420004955, 25.38959102617018], [129.70108858143104, 25.388862017981527], [129.67016296281255, 25.388429323053586], [129.63923734419407, 25.38841903118493], [129.60831172557556, 25.389082236427654], [129.57738610695708, 25.391264184104976], [129.5464604883386, 25.395476758237628], [129.52642166598824, 25.399996576267796]]]}, "properties": {"fillColor": "#8A2BE2", "fillOpacity": 0.7, "color": "#000000", "weight": 0.2, "stroke": false}}, {"type": "Feature", "geometry": {"type": "Polygon", "coordinates": [[[129.2575220969536, 26.484922819447178], [129.24451727355125, 26.513473510057153], [129.24019994219216, 26.542024200667143], [129.24097436316262, 26.570574891277126], [129.2446004282852, 26.599125581887108], [129.25022646614352, 26.627676272497098], [129.25803397745383, 26.656226963107077], [129.26812992077217, 26.682264291943927], [129.26900551737447, 26.684777653717063], [129.28067318193473, 26.713328344327042], [129.2947901523027, 26.74187903493703], [129.29905553939065, 26.74841705589797], [129.31096547915405, 26.77042972554701], [129.32998115800916, 26.798505660167738], [129.33028286691578, 26.798980416156994], [129.34927206009695, 26.827531106766983], [129.36090677662764, 26.841882736540295], [129.37174181609396, 26.85608179737696], [129.39183239524613, 26.879684468776873], [129.3961755731383, 26.884632487986945], [129.42182143193935, 26.913183178596928], [129.4227580138646, 26.914229119183428], [129.4484624534612, 26.941733869206914], [129.45368363248312, 26.947236674381614], [129.47774709662895, 26.970284559816896], [129.4846092511016, 26.977144700230824], [129.50926842414123, 26.99883525042688], [129.5155348697201, 27.004809841777224], [129.54306578112616, 27.027385941036865], [129.5464604883386, 27.030486834700064], [129.57738610695708, 27.054604078908508], [129.57948064688765, 27.055936631646848], [129.60831172557556, 27.07772587833901], [129.61943573248297, 27.084487322256834], [129.63923734419407, 27.098953716532687], [129.66304053700182, 27.113038012866816], [129.67016296281255, 27.118203649947176], [129.70108858143104, 27.13583599187558], [129.71496966958966, 27.1415887034768], [129.73201420004955, 27.151431557390406], [129.76293981866803, 27.164146969347264], [129.7938654372865, 27.167691690390296], [129.80791815270544, 27.1415887034768], [129.8162705838493, 27.113038012866816], [129.81508306601697, 27.084487322256827], [129.7967032151667, 27.055936631646844], [129.7938654372865, 27.0539368967074], [129.76445405479174, 27.027385941036865], [129.76293981866803, 27.026429034323414], [129.73201420004955, 27.00340285484862], [129.72713695601223, 26.998835250426875], [129.70108858143107, 26.980013238417122], [129.68953953737076, 26.970284559816896], [129.67016296281255, 26.955941749077972], [129.6526855802003, 26.941733869206914], [129.63923734419407, 26.931397139340547], [129.6168221364609, 26.913183178596928], [129.60831172557556, 26.90640535848599], [129.5825766828323, 26.884632487986945], [129.57738610695708, 26.880317387264757], [129.5504014682168, 26.856081797376962], [129.5464604883386, 26.85263973680189], [129.52032392435123, 26.82753110676698], [129.5155348697201, 26.823098116918402], [129.49237706616412, 26.798980416156994], [129.4846092511016, 26.79120737445102], [129.4664137697771, 26.77042972554701], [129.45368363248312, 26.75636750941256], [129.44195484959008, 26.74187903493703], [129.4227580138646, 26.718103228000384], [129.41903227994894, 26.713328344327042], [129.3992604220805, 26.68477765371706], [129.39183239524613, 26.67394879398489], [129.3801143542857, 26.65622696310708], [129.36332788471952, 26.627676272497094], [129.36090677662764, 26.623248255123556], [129.3471133997939, 26.599125581887108], [129.33336367756576, 26.570574891277126], [129.32998115800916, 26.562744814878425], [129.31765562157779, 26.542024200667143], [129.3043394530751, 26.513473510057153], [129.29905553939065, 26.500231149466465], [129.28085403061465, 26.484922819447174], [129.2681299207722, 26.469981835857745], [129.2575220969536, 26.484922819447178]]]}, "properties": {"fillColor": "#8A2BE2", "fillOpacity": 0.7, "color": "#000000", "weight": 0.2, "stroke": false}}, {"type": "Feature", "geometry": {"type": "Polygon", "coordinates": [[[118.44416340430028, 25.62439310066339], [118.47508902291875, 25.61078975405041], [118.50601464153726, 25.607446416924653], [118.53694026015573, 25.60697670465342], [118.56786587877423, 25.60673448057115], [118.59879149739274, 25.60560548943971], [118.62971711601122, 25.605219176346885], [118.6606427346297, 25.607736542266103], [118.69156835324819, 25.61814234059569], [118.7090348029412, 25.628402101147664], [118.72249397186668, 25.629579413734614], [118.75341959048518, 25.640577181470213], [118.77115737081814, 25.65695279175765], [118.78192401203248, 25.685503482367633], [118.78270374671975, 25.714054172977615], [118.78132083864666, 25.742604863587594], [118.7779373189613, 25.771155554197584], [118.76200151951343, 25.799706244807567], [118.75341959048518, 25.807629125948452], [118.75224098843987, 25.82825693541755], [118.74997298015039, 25.856807626027535], [118.73800155843992, 25.885358316637518], [118.72249397186668, 25.899675000543557], [118.69156835324819, 25.911034988700447], [118.6606427346297, 25.91273403358117], [118.62971711601121, 25.913092394582595], [118.59879149739272, 25.91306753047267], [118.56786587877423, 25.912653157308604], [118.53694026015573, 25.911152861350118], [118.50601464153725, 25.904851331170704], [118.48134736694686, 25.885358316637518], [118.47508902291875, 25.882966139451113], [118.44859996398255, 25.856807626027535], [118.44493237168714, 25.82825693541755], [118.44416340430027, 25.818589026085533], [118.42544673599329, 25.799706244807567], [118.41874447436754, 25.771155554197584], [118.41722816158362, 25.742604863587598], [118.41689805725726, 25.714054172977615], [118.41797138541014, 25.685503482367633], [118.42203826947477, 25.65695279175765], [118.43874773451637, 25.628402101147664], [118.44416340430028, 25.62439310066339]]]}, "properties": {"fillColor": "#8A2BE2", "fillOpacity": 0.7, "color": "#000000", "weight": 0.2, "stroke": false}}, {"type": "Feature", "geometry": {"type": "Polygon", "coordinates": [[[118.53329280815531, 25.685503482367633], [118.50601464153725, 25.706592359796446], [118.49971959759833, 25.714054172977615], [118.4879003766886, 25.742604863587598], [118.48731681225502, 25.771155554197584], [118.49565555206057, 25.799706244807567], [118.50601464153725, 25.81377383144608], [118.51723342314452, 25.82825693541755], [118.53694026015573, 25.843344297676055], [118.56786587877423, 25.85481103200553], [118.58942719246905, 25.856807626027535], [118.59879149739272, 25.858954160543767], [118.62971711601121, 25.8578586101369], [118.63263361339037, 25.856807626027535], [118.6606427346297, 25.850705374242185], [118.6868519826211, 25.82825693541755], [118.69156835324819, 25.822387208307248], [118.70756125693498, 25.799706244807567], [118.71616560525231, 25.771155554197588], [118.71424495943974, 25.742604863587598], [118.70271532823809, 25.714054172977615], [118.69156835324819, 25.701401148344083], [118.66884137082012, 25.685503482367633], [118.6606427346297, 25.680144473032954], [118.62971711601122, 25.66942645592126], [118.59879149739271, 25.66785912295512], [118.56786587877423, 25.6714076285976], [118.53694026015573, 25.683252202215986], [118.53329280815531, 25.685503482367633]]]}, "properties": {"fillColor": "#8A2BE2", "fillOpacity": 0.7, "color": "#000000", "weight": 0.2, "stroke": false}}, {"type": "Feature", "geometry": {"type": "Polygon", "coordinates": [[[130.07219600485294, 26.054962245175645], [130.10312162347142, 26.05350921806648], [130.12767027548068, 26.05666246029742], [130.13404724208993, 26.058029571049023], [130.16497286070842, 26.077230365166542], [130.1728633645613, 26.085213150907403], [130.1904462966415, 26.11376384151739], [130.1958984793269, 26.126652094377853], [130.20015802276214, 26.142314532127372], [130.20306108361112, 26.170865222737355], [130.2019360003181, 26.199415913347337], [130.19716664094835, 26.227966603957324], [130.1958984793269, 26.23176109361629], [130.18366437271683, 26.256517294567306], [130.16777462172035, 26.28506798517729], [130.16497286070842, 26.288096809956286], [130.13825329335864, 26.31361867578727], [130.13404724208993, 26.31589415490766], [130.10312162347142, 26.326942554484386], [130.07219600485294, 26.332636342685696], [130.04127038623446, 26.327594075200142], [130.01034476761595, 26.316910915271755], [130.004993321773, 26.313618675787268], [129.97941914899747, 26.289939951005337], [129.97596048450987, 26.28506798517729], [129.9647517381648, 26.256517294567306], [129.9587350121369, 26.22796660395732], [129.96111644366815, 26.199415913347337], [129.96885466439534, 26.170865222737355], [129.9752884938656, 26.142314532127372], [129.97941914899747, 26.12877591500967], [129.98924094016206, 26.113763841517386], [130.008799103472, 26.0852131509074], [130.01034476761595, 26.08343608907488], [130.04127038623446, 26.064475912761015], [130.06368260564085, 26.05666246029742], [130.07219600485294, 26.054962245175645]]]}, "properties": {"fillColor": "#8A2BE2", "fillOpacity": 0.7, "color": "#000000", "weight": 0.2, "stroke": false}}, {"type": "Feature", "geometry": {"type": "Polygon", "coordinates": [[[130.03927239848298, 26.28506798517729], [130.04127038623446, 26.285547593494098], [130.07219600485294, 26.285798623312004], [130.07996446373443, 26.28506798517729], [130.07219600485294, 26.2813199649357], [130.04127038623446, 26.27829640982589], [130.03927239848298, 26.28506798517729]]]}, "properties": {"fillColor": "#8A2BE2", "fillOpacity": 0.7, "color": "#000000", "weight": 0.2, "stroke": false}}, {"type": "Feature", "geometry": {"type": "Polygon", "coordinates": [[[129.63923734419407, 26.13867978205336], [129.64196318022113, 26.142314532127372], [129.64336250538796, 26.170865222737355], [129.64192286068965, 26.199415913347337], [129.64065599058054, 26.22796660395732], [129.63979985523662, 26.256517294567306], [129.6394917998621, 26.285067985177292], [129.6395396285602, 26.31361867578727], [129.63923734419407, 26.333974772890997], [129.63757563793425, 26.31361867578727], [129.63693883245605, 26.28506798517729], [129.63381404340467, 26.256517294567303], [129.62993690405082, 26.22796660395732], [129.62969747380228, 26.199415913347334], [129.63282584041616, 26.170865222737355], [129.6381257117668, 26.142314532127372], [129.63923734419407, 26.13867978205336]]]}, "properties": {"fillColor": "#8A2BE2", "fillOpacity": 0.7, "color": "#000000", "weight": 0.2, "stroke": false}}, {"type": "Feature", "geometry": {"type": "Polygon", "coordinates": [[[128.5259150739284, 26.586190203070608], [128.55627879342074, 26.599125581887108], [128.55684069254687, 26.59950125581018], [128.58107546675666, 26.627676272497094], [128.58302572022941, 26.656226963107073], [128.57986090683715, 26.68477765371706], [128.5661705442286, 26.71332834432704], [128.55684069254687, 26.72153685503445], [128.5259150739284, 26.734633560350442], [128.50219489465508, 26.713328344327042], [128.49498945530988, 26.703665804453237], [128.48361962242535, 26.684777653717056], [128.4762598457622, 26.656226963107073], [128.4775146509005, 26.627676272497094], [128.49498945530988, 26.6046016523026], [128.50051079555513, 26.599125581887108], [128.5259150739284, 26.586190203070608]]]}, "properties": {"fillColor": "#8A2BE2", "fillOpacity": 0.7, "color": "#000000", "weight": 0.2, "stroke": false}}, {"type": "Feature", "geometry": {"type": "Polygon", "coordinates": [[[117.76379979469345, 27.864935847094472], [117.79472541331195, 27.85910230094771], [117.82565103193043, 27.857016303295318], [117.85657665054893, 27.85865652024259], [117.88750226916743, 27.86605969294869], [117.90842187229286, 27.883906659336375], [117.91842788778591, 27.891165197759868], [117.93915450968255, 27.912457349946358], [117.94426131356816, 27.94100804055634], [117.94563168717491, 27.969558731166323], [117.94018338957224, 27.998109421776306], [117.92522386247347, 28.02666011238629], [117.91842788778591, 28.03423190859911], [117.90511565669837, 28.055210802996275], [117.88750226916743, 28.069958539095534], [117.85657665054893, 28.08122605349315], [117.82565103193043, 28.083215857316276], [117.79472541331195, 28.083070128838024], [117.76379979469345, 28.081007074145464], [117.73287417607497, 28.068519738045772], [117.71954580358451, 28.055210802996278], [117.70627795458643, 28.026660112386292], [117.70194855745649, 27.999958477802213], [117.7002146971908, 27.99810942177631], [117.70112064418812, 27.969558731166323], [117.70194855745649, 27.967970469668447], [117.70378300168879, 27.94100804055634], [117.71173448967079, 27.912457349946358], [117.73287417607497, 27.88835902350932], [117.73806160540812, 27.883906659336372], [117.76379979469345, 27.864935847094472]]]}, "properties": {"fillColor": "#8A2BE2", "fillOpacity": 0.7, "color": "#000000", "weight": 0.2, "stroke": false}}, {"type": "Feature", "geometry": {"type": "Polygon", "coordinates": [[[111.91885787579864, 28.040258043484656], [111.94978349441712, 28.034747207932334], [111.98070911303563, 28.03510798445205], [112.01163473165411, 28.050310621646847], [112.01696889539048, 28.055210802996275], [112.0425603502726, 28.074672898963428], [112.05178478950323, 28.08376149360626], [112.07015048794688, 28.112312184216243], [112.07101643014938, 28.140862874826226], [112.06773670630751, 28.16941356543621], [112.05857892848962, 28.197964256046195], [112.0425603502726, 28.220489468939583], [112.04109960794875, 28.22651494665618], [112.02830557179229, 28.25506563726616], [112.01163473165411, 28.274459725487276], [112.00015072649137, 28.283616327876146], [111.98070911303562, 28.29886011656606], [111.94978349441712, 28.30664453942824], [111.91885787579864, 28.305733859645272], [111.88793225718014, 28.298160861311285], [111.86695347134028, 28.283616327876146], [111.85700663856164, 28.280312437352354], [111.82705793921521, 28.25506563726616], [111.82608101994316, 28.253671909001515], [111.80199700543116, 28.226514946656177], [111.80106411676076, 28.197964256046195], [111.80414892332308, 28.16941356543621], [111.81022837424732, 28.140862874826226], [111.82564762870562, 28.112312184216243], [111.82608101994317, 28.111912075190485], [111.8394854371846, 28.08376149360626], [111.85700663856164, 28.067585830127953], [111.88793225718014, 28.057044518909635], [111.89560396964745, 28.055210802996275], [111.91885787579864, 28.040258043484656]]]}, "properties": {"fillColor": "#8A2BE2", "fillOpacity": 0.7, "color": "#000000", "weight": 0.2, "stroke": false}}, {"type": "Feature", "geometry": {"type": "Polygon", "coordinates": [[[113.99087432323753, 4.678282026969307], [114.02179994185603, 4.6795802901061005], [114.05272556047451, 4.690693444269301], [114.06687929829826, 4.700745884029646], [114.08365117909301, 4.7117233305776], [114.10417568521407, 4.72929657463963], [114.11457679771152, 4.738681666735051], [114.13174783532301, 4.757847265249613], [114.14550241632999, 4.777655803138856], [114.15055439438811, 4.786397955859597], [114.16116894670981, 4.814948646469581], [114.16314161480273, 4.843499337079565], [114.15149991757062, 4.872050027689548], [114.14550241632999, 4.8783448987221565], [114.12015836871736, 4.900600718299533], [114.1145767977115, 4.904518973691685], [114.08365117909301, 4.927835449779377], [114.08204602118683, 4.929151408909515], [114.05272556047451, 4.954764282169947], [114.04915309761938, 4.9577020995195], [114.02179994185603, 4.983739215393948], [114.01797410803415, 4.986252790129483], [113.99087432323753, 5.007871698320114], [113.97024826794592, 5.014803480739467], [113.95994870461905, 5.018968980783171], [113.9590571045662, 5.014803480739467], [113.95444528161784, 4.986252790129483], [113.9515833646951, 4.9577020995195], [113.94982984176912, 4.929151408909515], [113.94881101537207, 4.900600718299532], [113.94831969636843, 4.872050027689548], [113.94824112554969, 4.843499337079564], [113.95994870461905, 4.832690839699936], [113.97743192780472, 4.814948646469581], [113.97830246023432, 4.786397955859598], [113.97990402791103, 4.757847265249613], [113.98254269102998, 4.72929657463963], [113.98656628716535, 4.700745884029646], [113.99087432323753, 4.678282026969307]]]}, "properties": {"fillColor": "#0000FF", "fillOpacity": 0.7, "color": "#000000", "weight": 0.2, "stroke": false}}, {"type": "Feature", "geometry": {"type": "Polygon", "coordinates": [[[115.4753040169251, 4.8269502424743695], [115.5062296355436, 4.827648209587199], [115.5371552541621, 4.836442536203833], [115.55294225610439, 4.843499337079565], [115.5680808727806, 4.849686883321171], [115.59900649139908, 4.862154395876453], [115.62377085603894, 4.872050027689548], [115.62993211001756, 4.874153432673513], [115.66085772863606, 4.879638490257699], [115.69178334725456, 4.878614041556169], [115.71274662942365, 4.872050027689548], [115.72270896587304, 4.8681688149361175], [115.75363458449154, 4.855284684809983], [115.78456020311002, 4.849270912902957], [115.81548582172852, 4.847206964227444], [115.84641144034701, 4.849453271016674], [115.87733705896548, 4.854253052753076], [115.90826267758399, 4.851459559051731], [115.93918829620247, 4.847424816849605], [115.97011391482097, 4.853963250141941], [116.00103953343947, 4.867492666844026], [116.00888534142007, 4.872050027689548], [116.03196515205795, 4.895847989975852], [116.03573145525462, 4.900600718299532], [116.03196515205795, 4.925682311301954], [116.03080041259628, 4.929151408909515], [116.00103953343947, 4.938796913808204], [115.97011391482097, 4.935232960326263], [115.94347808982687, 4.929151408909515], [115.93918829620247, 4.927937850065792], [115.93488849125251, 4.929151408909515], [115.90826267758399, 4.938692940263623], [115.90265770191586, 4.9577020995195], [115.8773370589655, 4.9817686856439005], [115.87031780582049, 4.986252790129483], [115.84641144034701, 5.002830312802995], [115.81548582172852, 5.012128249096559], [115.78456020311002, 5.014513162287221], [115.75363458449154, 5.01395847374575], [115.72270896587304, 5.011162179044204], [115.69178334725456, 5.006266782874654], [115.66085772863606, 5.000534953568259], [115.62993211001756, 4.992859904775155], [115.61394455802716, 4.986252790129483], [115.59900649139908, 4.980250030741442], [115.56808087278058, 4.963776540811216], [115.55843784175654, 4.9577020995195], [115.53715525416212, 4.945709221051127], [115.50756238723663, 4.929151408909515], [115.5062296355436, 4.928416817684017], [115.4753040169251, 4.911840820823708], [115.45997005680331, 4.900600718299532], [115.44437839830663, 4.878942755919555], [115.43974233913734, 4.872050027689548], [115.44437839830663, 4.844668295398291], [115.44471359912309, 4.843499337079565], [115.4753040169251, 4.8269502424743695]]]}, "properties": {"fillColor": "#0000FF", "fillOpacity": 0.7, "color": "#000000", "weight": 0.2, "stroke": false}}, {"type": "Feature", "geometry": {"type": "Polygon", "coordinates": [[[115.7797878456472, 4.872050027689548], [115.75363458449152, 4.878507118932271], [115.72270896587304, 4.893466351895421], [115.70795737939109, 4.900600718299532], [115.69178334725456, 4.910338815523188], [115.66085772863607, 4.9220138277589065], [115.62993211001756, 4.925656765013673], [115.61630372350149, 4.929151408909515], [115.62993211001756, 4.934996280740763], [115.65271261339329, 4.9577020995195], [115.66085772863607, 4.960628751025756], [115.69178334725456, 4.9749178353320636], [115.71563399328156, 4.986252790129483], [115.72270896587304, 4.9888386584502], [115.75363458449152, 4.998810361368467], [115.78456020311002, 5.000634338082712], [115.81548582172852, 4.995268695146785], [115.83440175596209, 4.986252790129484], [115.84641144034701, 4.981821321855845], [115.8773370589655, 4.9586459311858215], [115.87833007162232, 4.9577020995195], [115.89510774047534, 4.929151408909515], [115.8874137167812, 4.900600718299532], [115.8773370589655, 4.891190063713447], [115.84641144034701, 4.872774103309885], [115.84189074946038, 4.872050027689548], [115.81548582172852, 4.866460657089805], [115.78456020311002, 4.870516737478781], [115.7797878456472, 4.872050027689548]]]}, "properties": {"fillColor": "#0000FF", "fillOpacity": 0.7, "color": "#000000", "weight": 0.2, "stroke": false}}, {"type": "Feature", "geometry": {"type": "Polygon", "coordinates": [[[115.5371552541621, 5.9926946548892515], [115.55568795615163, 6.014077652088894], [115.56808087278057, 6.026300287582229], [115.57810779931796, 6.042628342698878], [115.59537663024463, 6.071179033308862], [115.59900649139908, 6.076346666273925], [115.61126481548516, 6.099729723918845], [115.62519805124504, 6.128280414528829], [115.62993211001756, 6.137493828992748], [115.63890328546374, 6.156831105138813], [115.64950951503843, 6.185381795748796], [115.65960527208043, 6.213932486358781], [115.66085772863606, 6.218600080243315], [115.6659857611265, 6.242483176968763], [115.67043190542746, 6.271033867578748], [115.68294611429322, 6.299584558188731], [115.69178334725456, 6.308248487023629], [115.70189590585932, 6.328135248798715], [115.72195724455293, 6.356685939408698], [115.72270896587304, 6.3576700767343315], [115.7385306309244, 6.385236630018682], [115.75315706036915, 6.413787320628666], [115.75363458449154, 6.41490601298033], [115.7647533641409, 6.442338011238649], [115.77338144020645, 6.470888701848633], [115.77855514777215, 6.4994393924586165], [115.77574517236792, 6.5279900830686], [115.76315335530373, 6.556540773678584], [115.75363458449152, 6.569224383332587], [115.74352694772003, 6.585091464288567], [115.72270896587304, 6.607226045417842], [115.71552384372633, 6.613642154898551], [115.69178334725456, 6.631162443888533], [115.66412789002845, 6.642192845508536], [115.66085772863606, 6.643751242382568], [115.62993211001756, 6.652407043751445], [115.59900649139908, 6.655414106457077], [115.5680808727806, 6.655263988155305], [115.53715525416212, 6.654831090781462], [115.5062296355436, 6.656055039698067], [115.47530401692511, 6.66361977253358], [115.46161582170299, 6.670743536118518], [115.44437839830663, 6.686265438413214], [115.41660100644195, 6.699294226728503], [115.41345277968814, 6.700459960404], [115.40813527426246, 6.699294226728503], [115.38252716106965, 6.693310315785547], [115.35398498652769, 6.670743536118518], [115.35160154245116, 6.668359371104845], [115.33261795800901, 6.642192845508535], [115.32067592383265, 6.6205895918102105], [115.31693301387205, 6.613642154898551], [115.30667782242568, 6.585091464288567], [115.30150374942487, 6.556540773678584], [115.29599565418468, 6.5279900830686], [115.28975030521417, 6.517635997651514], [115.25882468659567, 6.50426096934299], [115.22789906797718, 6.514371625016551], [115.20117668289544, 6.5279900830686], [115.1969734493587, 6.530401253551785], [115.16604783074018, 6.552941758499683], [115.1614473297975, 6.556540773678584], [115.13512221212171, 6.577298841827522], [115.12445639954755, 6.585091464288567], [115.10419659350322, 6.600818878653817], [115.08171641607876, 6.613642154898551], [115.07327097488472, 6.61970462507405], [115.04234535626625, 6.6369203078580545], [115.03003124245008, 6.642192845508535], [115.01141973764774, 6.655057569251147], [114.99322053857259, 6.670743536118518], [114.98049411902927, 6.6811903589274255], [114.95590002950937, 6.699294226728503], [114.94956850041078, 6.703817909397396], [114.91864288179227, 6.719046580704482], [114.88771726317378, 6.726909477996289], [114.87808494342232, 6.727844917338485], [114.85679164455529, 6.732711854875662], [114.82586602593682, 6.7350221753109025], [114.7949404073183, 6.7399782207195305], [114.76401478869981, 6.749229301832498], [114.74087559325241, 6.75639560794847], [114.73308917008131, 6.763098125742532], [114.72510617005472, 6.784946298558452], [114.72939200665, 6.813496989168437], [114.73308917008133, 6.822403627764765], [114.74562209878464, 6.842047679778419], [114.75951447907883, 6.870598370388404], [114.76401478869982, 6.882022151498855], [114.77408473022169, 6.899149060998388], [114.78421561548973, 6.927699751608371], [114.79198295263973, 6.956250442218355], [114.79494040731831, 6.978815781446891], [114.79617309198571, 6.984801132828339], [114.79494040731831, 6.998437361726132], [114.7938492691351, 7.013351823438322], [114.7865566279803, 7.0419025140483065], [114.77685093684634, 7.070453204658289], [114.76597116631173, 7.0990038952682735], [114.76401478869982, 7.111229812908665], [114.76343701840243, 7.127554585878257], [114.76229374334876, 7.1561052764882405], [114.7579586943754, 7.184655967098225], [114.75410319431037, 7.2132066577082075], [114.74929507906938, 7.241757348318192], [114.7399022779459, 7.270308038928176], [114.73308917008133, 7.284696213125818], [114.72525563219916, 7.298858729538159], [114.70216355146283, 7.318689911576424], [114.67123793284435, 7.319081933857451], [114.64031231422587, 7.311339812113782], [114.61640007514893, 7.298858729538159], [114.60938669560736, 7.297073220954078], [114.57846107698887, 7.278717321797615], [114.56941206508884, 7.2703080389281745], [114.54753545837036, 7.245944704463045], [114.54351212353957, 7.241757348318191], [114.51846001867823, 7.2132066577082075], [114.51660983975188, 7.210776109125781], [114.49232894196743, 7.184655967098225], [114.4856842211334, 7.171310015494928], [114.47283362020329, 7.1561052764882405], [114.46020780178443, 7.127554585878256], [114.4555092114308, 7.0990038952682735], [114.45475860251491, 7.090255880508978], [114.44830748196638, 7.070453204658289], [114.44338970236166, 7.0419025140483065], [114.43861714914169, 7.013351823438322], [114.43642337057854, 6.984801132828339], [114.4349486542879, 6.956250442218355], [114.43303174020981, 6.927699751608372], [114.43118494545891, 6.899149060998388], [114.43029713058269, 6.870598370388404], [114.42983047243231, 6.84204767977842], [114.42796127562855, 6.813496989168437], [114.42527448228131, 6.784946298558452], [114.42383298389643, 6.766185720477825], [114.42184595613159, 6.75639560794847], [114.41891970322305, 6.727844917338485], [114.42338654112822, 6.699294226728504], [114.42383298389642, 6.6983311208750305], [114.43548980263915, 6.670743536118518], [114.45475860251489, 6.651259718512974], [114.47536457360718, 6.642192845508535], [114.4856842211334, 6.637074491733877], [114.51660983975188, 6.637485067872872], [114.52309926993343, 6.642192845508534], [114.54753545837036, 6.661774753011855], [114.55649451397034, 6.670743536118518], [114.57846107698887, 6.685432446023601], [114.60938669560736, 6.672354315533896], [114.61005676780277, 6.670743536118518], [114.61504483805854, 6.642192845508536], [114.61621555746481, 6.613642154898551], [114.61726822252325, 6.585091464288567], [114.61979656452678, 6.556540773678584], [114.62689420890904, 6.5279900830686], [114.64031231422585, 6.503385415678716], [114.64174739661479, 6.4994393924586165], [114.6555487194309, 6.470888701848633], [114.67123793284435, 6.445330787901648], [114.67221961063167, 6.4423380112386495], [114.67724709571505, 6.413787320628666], [114.68088368221065, 6.385236630018682], [114.68354507225428, 6.356685939408698], [114.68131658672138, 6.328135248798715], [114.67484416765205, 6.299584558188732], [114.67200478495289, 6.271033867578748], [114.67574423717093, 6.242483176968763], [114.68800945234128, 6.213932486358781], [114.70216355146283, 6.196845247199218], [114.71373553574315, 6.185381795748796], [114.73308917008133, 6.170762567139778], [114.76401478869981, 6.157503882287475], [114.76590739958047, 6.156831105138813], [114.79494040731831, 6.143506555718701], [114.8258660259368, 6.133814947799801], [114.85679164455529, 6.133329812051152], [114.88771726317378, 6.138771880151259], [114.91864288179227, 6.1432052723048844], [114.94956850041078, 6.151112481474961], [114.96141409946125, 6.156831105138813], [114.98049411902926, 6.161980476661293], [115.01141973764774, 6.171781526332154], [115.04234535626624, 6.175553627490729], [115.07327097488472, 6.163862921788899], [115.09556368156339, 6.156831105138813], [115.10419659350322, 6.152559046299097], [115.13512221212171, 6.142628089300263], [115.16604783074021, 6.133945680540504], [115.18633110114283, 6.128280414528829], [115.1969734493587, 6.123978503365478], [115.22789906797718, 6.118222675832527], [115.25305907113896, 6.128280414528829], [115.25259202110024, 6.156831105138813], [115.25882468659569, 6.172053500485212], [115.26990059135296, 6.185381795748796], [115.28975030521417, 6.191781355281378], [115.32067592383265, 6.1908805134333535], [115.33048797919568, 6.185381795748796], [115.35160154245116, 6.166497290320844], [115.36531645691494, 6.156831105138813], [115.38252716106965, 6.149640752671219], [115.41345277968813, 6.149675964329826], [115.43559652188046, 6.156831105138813], [115.44437839830663, 6.163617538120906], [115.46676791441203, 6.185381795748796], [115.45218440508333, 6.213932486358781], [115.44437839830663, 6.220854550632392], [115.41901986923581, 6.242483176968763], [115.44437839830663, 6.26877338281258], [115.44719959992624, 6.271033867578748], [115.47530401692511, 6.277317341375856], [115.5062296355436, 6.28334021216604], [115.53715525416212, 6.288595878016918], [115.56808087278058, 6.2933189392449265], [115.59900649139908, 6.292515736898818], [115.61996958189681, 6.271033867578748], [115.60162839228207, 6.242483176968763], [115.59900649139908, 6.240589572876804], [115.57323013985595, 6.213932486358781], [115.56808087278058, 6.2090446682861415], [115.54223807923289, 6.185381795748796], [115.5371552541621, 6.177537119613071], [115.52285847363825, 6.156831105138814], [115.51983671160595, 6.128280414528829], [115.5192670036667, 6.099729723918845], [115.51816642450467, 6.071179033308862], [115.51548641522669, 6.042628342698878], [115.5137697746309, 6.014077652088894], [115.5371552541621, 5.9926946548892515]]]}, "properties": {"fillColor": "#0000FF", "fillOpacity": 0.7, "color": "#000000", "weight": 0.2, "stroke": false}}, {"type": "Feature", "geometry": {"type": "Polygon", "coordinates": [[[114.75521639720526, 6.185381795748796], [114.73308917008133, 6.199333726330455], [114.71794270395905, 6.213932486358781], [114.70216355146283, 6.242440028039514], [114.70213973063355, 6.242483176968763], [114.69775601033584, 6.271033867578748], [114.70216355146283, 6.289818476639213], [114.70442010400106, 6.299584558188731], [114.70988902284338, 6.328135248798715], [114.70720418846332, 6.356685939408698], [114.70216355146283, 6.382156122270553], [114.70138748460703, 6.385236630018682], [114.69390197307112, 6.413787320628666], [114.68655976755353, 6.4423380112386495], [114.67610723449296, 6.470888701848633], [114.67123793284435, 6.480423538132469], [114.65787623161559, 6.4994393924586165], [114.64464247723842, 6.5279900830686], [114.64031231422584, 6.545575709945801], [114.63585464357482, 6.556540773678584], [114.62980004950424, 6.585091464288567], [114.62792118130633, 6.613642154898551], [114.62752907325391, 6.642192845508535], [114.6245034490251, 6.670743536118518], [114.61385809146978, 6.699294226728503], [114.60938669560736, 6.704543572737117], [114.57846107698887, 6.711480589629495], [114.55593717618048, 6.699294226728503], [114.54753545837038, 6.693213552124775], [114.52154566706994, 6.670743536118518], [114.51660983975188, 6.6664998684300025], [114.4856842211334, 6.665289931367715], [114.47665605838498, 6.670743536118518], [114.45475860251489, 6.688594890369595], [114.44749457488791, 6.699294226728503], [114.43938965576972, 6.727844917338485], [114.43872981715607, 6.75639560794847], [114.43982036206901, 6.784946298558453], [114.44500114994474, 6.813496989168437], [114.44988656173146, 6.84204767977842], [114.45232336646879, 6.870598370388404], [114.45475860251491, 6.89575645647306], [114.45503581838186, 6.899149060998388], [114.45772442599898, 6.927699751608372], [114.4588496220675, 6.956250442218355], [114.45792628787555, 6.984801132828339], [114.4575276456125, 7.013351823438323], [114.45860125246203, 7.0419025140483065], [114.45947746178032, 7.070453204658289], [114.46231669005542, 7.0990038952682735], [114.47023007521977, 7.127554585878257], [114.4856842211334, 7.150308066262178], [114.48791280114044, 7.1561052764882405], [114.50479775714346, 7.184655967098225], [114.51660983975188, 7.197362798538808], [114.52867048094183, 7.2132066577082075], [114.54753545837036, 7.232625145246442], [114.55582179193493, 7.241757348318192], [114.57846107698887, 7.263918284322846], [114.58826033369668, 7.270308038928176], [114.60938669560736, 7.286262077408368], [114.64031231422585, 7.295665027091254], [114.66698677938665, 7.298858729538159], [114.67123793284435, 7.300175204206354], [114.6766070943963, 7.298858729538159], [114.70216355146282, 7.293487937495087], [114.72227104571661, 7.2703080389281745], [114.73169501535885, 7.241757348318191], [114.73308917008134, 7.231611535608284], [114.73822040756905, 7.2132066577082075], [114.7448081073986, 7.184655967098225], [114.7519483944007, 7.1561052764882405], [114.75373101637871, 7.127554585878258], [114.75328220008137, 7.0990038952682735], [114.75330302981442, 7.070453204658289], [114.75381412830643, 7.0419025140483065], [114.75438236088067, 7.013351823438322], [114.75686139555914, 6.9848011328283395], [114.75958861566204, 6.956250442218355], [114.75744557816613, 6.927699751608372], [114.750211908919, 6.899149060998388], [114.73718039824129, 6.870598370388404], [114.73308917008131, 6.86414170093628], [114.72181099485388, 6.84204767977842], [114.70754043779964, 6.813496989168437], [114.70216355146283, 6.798759134229742], [114.6984745343387, 6.784946298558453], [114.70216355146283, 6.757532886170698], [114.70248258242214, 6.75639560794847], [114.73308917008133, 6.737771978256969], [114.75297230053374, 6.727844917338485], [114.76401478869981, 6.724841111074291], [114.79494040731831, 6.717591166897895], [114.8258660259368, 6.7140476096716055], [114.85679164455529, 6.711934314685685], [114.88771726317378, 6.707041156494734], [114.90837207452974, 6.699294226728503], [114.91864288179227, 6.697392506520271], [114.94956850041076, 6.684517624314934], [114.96608297966405, 6.670743536118518], [114.98049411902926, 6.656577385659949], [114.99664887927086, 6.642192845508535], [115.01141973764774, 6.631427727416923], [115.04234535626624, 6.613717776083405], [115.04246445594988, 6.613642154898551], [115.07327097488474, 6.599606847045465], [115.09310545774272, 6.585091464288567], [115.10419659350322, 6.577520191953013], [115.1297919385434, 6.556540773678584], [115.13512221212173, 6.55204785978538], [115.1636036382592, 6.5279900830686], [115.1660478307402, 6.525771332288976], [115.1969734493587, 6.500797102136167], [115.19903272362808, 6.4994393924586165], [115.22789906797718, 6.481281175713967], [115.24881002922783, 6.470888701848633], [115.25882468659567, 6.4660957864852815], [115.28975030521417, 6.458753413944841], [115.32067592383265, 6.457141345017794], [115.35160154245115, 6.459789764215063], [115.38252716106965, 6.453386715785649], [115.38845957063246, 6.44233801123865], [115.41345277968813, 6.420507454558956], [115.4211206205407, 6.413787320628666], [115.44437839830663, 6.399110097828377], [115.47530401692512, 6.394521404859464], [115.5062296355436, 6.406787187682155], [115.51265779817743, 6.413787320628666], [115.5371552541621, 6.438577813148326], [115.53923311989571, 6.442338011238649], [115.54535751727559, 6.470888701848634], [115.5371552541621, 6.49218165630756], [115.53034966769224, 6.499439392458617], [115.5062296355436, 6.509682453078866], [115.47530401692511, 6.510546027851014], [115.44437839830663, 6.5046823723324465], [115.42157978962254, 6.4994393924586165], [115.41345277968813, 6.495511885418059], [115.39439089067541, 6.499439392458617], [115.38252716106965, 6.5066010361339215], [115.37693702166843, 6.5279900830686], [115.37835553687627, 6.556540773678584], [115.38252716106965, 6.567139762202611], [115.39279304458346, 6.585091464288567], [115.41345277968813, 6.600443913322776], [115.44437839830661, 6.609041322350521], [115.46483222679251, 6.613642154898551], [115.47530401692511, 6.615227050416528], [115.5062296355436, 6.621200551009505], [115.5371552541621, 6.625897069659924], [115.5680808727806, 6.628451544404822], [115.59900649139908, 6.628735955261261], [115.62993211001756, 6.6252508025683685], [115.66085772863606, 6.615742451607557], [115.66490187994206, 6.613642154898551], [115.69178334725456, 6.597239543350485], [115.70527230842902, 6.585091464288567], [115.72270896587304, 6.559470737276225], [115.72471910799503, 6.556540773678584], [115.73379634258123, 6.5279900830686], [115.73276961044672, 6.499439392458617], [115.72479518542016, 6.470888701848633], [115.72270896587304, 6.465898023476562], [115.71364346762141, 6.44233801123865], [115.69554476656374, 6.413787320628666], [115.69178334725456, 6.409021438325517], [115.66960947817, 6.385236630018682], [115.66085772863606, 6.377826403798759], [115.62993211001756, 6.359619435373876], [115.62291425190723, 6.356685939408698], [115.59900649139908, 6.346841270093913], [115.56808087278057, 6.339703661620128], [115.53715525416209, 6.336850226771941], [115.5062296355436, 6.3378274304710995], [115.47530401692511, 6.338641627636301], [115.44437839830663, 6.331570482971889], [115.4387918512813, 6.328135248798715], [115.41345277968813, 6.319410125662375], [115.38252716106965, 6.303823496662343], [115.37656195388982, 6.299584558188731], [115.35160154245114, 6.280720899273637], [115.34213065125465, 6.271033867578748], [115.32067592383265, 6.252721382582689], [115.30830520320059, 6.242483176968763], [115.28975030521417, 6.231979518634734], [115.25882468659567, 6.218900971422897], [115.24670613904826, 6.213932486358781], [115.22789906797718, 6.201560054110709], [115.20594699747141, 6.185381795748796], [115.1969734493587, 6.175998504666259], [115.1660478307402, 6.167386511844324], [115.1351222121217, 6.170777807597947], [115.10419659350322, 6.177828375631261], [115.08501247366223, 6.185381795748796], [115.07327097488472, 6.188571715242189], [115.04234535626622, 6.195547421203513], [115.01141973764774, 6.190650739183857], [114.99174415895176, 6.185381795748796], [114.98049411902926, 6.180428189943206], [114.94956850041076, 6.168428014415777], [114.91864288179227, 6.163005766835749], [114.8877172631738, 6.1607534610328285], [114.85679164455529, 6.157953573244072], [114.82586602593679, 6.158831920452866], [114.79494040731832, 6.168147662231114], [114.76401478869981, 6.180401742316386], [114.75521639720526, 6.185381795748796]]]}, "properties": {"fillColor": "#0000FF", "fillOpacity": 0.7, "color": "#000000", "weight": 0.2, "stroke": false}}, {"type": "Feature", "geometry": {"type": "Polygon", "coordinates": [[[127.13426223609628, 9.008290038349328], [127.16518785471477, 9.003341850098785], [127.19611347333327, 9.002172788243072], [127.22703909195175, 9.008743178160909], [127.2334416777903, 9.011900166137178], [127.24912356175858, 9.040450856747162], [127.22703909195175, 9.060622010715594], [127.21748422879804, 9.069001547357146], [127.19611347333327, 9.07745352568094], [127.16568337285855, 9.097552237967129], [127.16518785471477, 9.097846142885293], [127.13520766702202, 9.126102928577112], [127.13426223609629, 9.12715782351741], [127.1199747319491, 9.154653619187096], [127.11464362317892, 9.18320430979708], [127.11768627111533, 9.211755000407063], [127.12983367420979, 9.240305691017047], [127.13426223609628, 9.245652932004285], [127.15819114808116, 9.268856381627032], [127.16518785471477, 9.274163939133368], [127.19004790826261, 9.297407072237014], [127.19611347333324, 9.30257069967539], [127.21803855233898, 9.325957762846999], [127.22703909195175, 9.335776056102665], [127.24271923496008, 9.354508453456983], [127.25796471057025, 9.376847706578568], [127.26275039077797, 9.383059144066966], [127.2824636669823, 9.411609834676948], [127.28889032918873, 9.42458077584475], [127.29914196710314, 9.440160525286933], [127.31358090280077, 9.468711215896917], [127.31981594780723, 9.485473135148066], [127.32621895392994, 9.4972619065069], [127.33912235916819, 9.525812597116884], [127.34887093365431, 9.554363287726868], [127.35074156642571, 9.562342384374645], [127.35886006562745, 9.582913978336851], [127.36853635592675, 9.611464668946834], [127.37401960830921, 9.640015359556818], [127.37788823376853, 9.668566050166802], [127.38082564822653, 9.697116740776785], [127.3816671850442, 9.70837365294166], [127.38346196800305, 9.725667431386768], [127.38725614708538, 9.754218121996754], [127.3906660091144, 9.782768812606736], [127.39170065156785, 9.81131950321672], [127.38812360240901, 9.839870193826705], [127.38166718504421, 9.858625047874071], [127.35074156642571, 9.863659421532713], [127.31981594780723, 9.852867503610078], [127.29698309665949, 9.839870193826705], [127.28889032918875, 9.836174986940117], [127.25796471057025, 9.817301238096373], [127.24718371832193, 9.81131950321672], [127.22703909195175, 9.79829580108254], [127.19625035300925, 9.782768812606736], [127.19611347333326, 9.78265650620546], [127.1814419810487, 9.782768812606736], [127.16518785471477, 9.783291559476561], [127.14897329934553, 9.81131950321672], [127.13426223609628, 9.827336259128423], [127.1033366174778, 9.814629552018982], [127.10100846510944, 9.811319503216723], [127.09863289149166, 9.782768812606736], [127.1033366174778, 9.77441043094847], [127.13386015112879, 9.754218121996754], [127.13426223609628, 9.753974382827497], [127.14771335719169, 9.72566743138677], [127.15115652752695, 9.697116740776785], [127.15395656394861, 9.668566050166802], [127.15619641804047, 9.64001535955682], [127.1558465175886, 9.611464668946834], [127.15102568578106, 9.582913978336851], [127.14157909318126, 9.554363287726868], [127.13426223609628, 9.539534774209825], [127.12594852728972, 9.525812597116884], [127.10662508840706, 9.4972619065069], [127.1033366174778, 9.492731141972493], [127.08510726663401, 9.468711215896917], [127.07241099885931, 9.448508977311054], [127.06654537473946, 9.440160525286933], [127.05055517628321, 9.411609834676948], [127.0414853802408, 9.392294288766557], [127.03560102802876, 9.383059144066966], [127.01507814029287, 9.354508453456983], [127.01055976162232, 9.350285186015707], [126.97963414300382, 9.334975705404126], [126.95922492324874, 9.325957762846999], [126.94870852438532, 9.322913336404378], [126.91778290576684, 9.307127006719284], [126.90638489199414, 9.297407072237014], [126.88685728714835, 9.278098871876562], [126.87928498252809, 9.268856381627032], [126.8623875302232, 9.240305691017047], [126.85593166852985, 9.222335760823235], [126.85083614628388, 9.211755000407063], [126.8425604905666, 9.18320430979708], [126.83982881394134, 9.154653619187096], [126.843254400073, 9.126102928577112], [126.85593166852986, 9.100548647855568], [126.8577912672919, 9.097552237967129], [126.88685728714835, 9.073560086612074], [126.91077139005665, 9.069001547357146], [126.91778290576684, 9.067172454537758], [126.94033034333543, 9.069001547357146], [126.94870852438532, 9.069577197944016], [126.9590291422517, 9.069001547357146], [126.97963414300382, 9.066849955834678], [127.01055976162232, 9.051657990182104], [127.0338437533933, 9.040450856747162], [127.0414853802408, 9.036272868447455], [127.07241099885928, 9.024772824112194], [127.1033366174778, 9.01579210793696], [127.119402120232, 9.011900166137178], [127.13426223609628, 9.008290038349328]]]}, "properties": {"fillColor": "#0000FF", "fillOpacity": 0.7, "color": "#000000", "weight": 0.2, "stroke": false}}, {"type": "Feature", "geometry": {"type": "Polygon", "coordinates": [[[126.87562252669619, 9.126102928577112], [126.86780102644451, 9.154653619187096], [126.8690065417361, 9.18320430979708], [126.87645972807641, 9.211755000407063], [126.88685728714835, 9.232358966175632], [126.89143371390844, 9.240305691017047], [126.91511964976621, 9.268856381627032], [126.91778290576684, 9.271425956959419], [126.94870852438532, 9.288298782242336], [126.9796341430038, 9.290166752372771], [127.007147713305, 9.268856381627032], [127.01055976162232, 9.250795245957299], [127.0141210045128, 9.240305691017046], [127.0166913345991, 9.211755000407063], [127.0125314626883, 9.18320430979708], [127.01055976162232, 9.18000309655031], [127.00349636505648, 9.154653619187096], [126.9796341430038, 9.137850727530148], [126.97117332895564, 9.126102928577112], [126.94870852438532, 9.110496521818717], [126.91778290576684, 9.099643215216894], [126.88685728714836, 9.111742226037325], [126.87562252669619, 9.126102928577112]]]}, "properties": {"fillColor": "#0000FF", "fillOpacity": 0.7, "color": "#000000", "weight": 0.2, "stroke": false}}, {"type": "Feature", "geometry": {"type": "Polygon", "coordinates": [[[127.09216002641736, 9.325957762846999], [127.08718629546527, 9.354508453456983], [127.08920570827826, 9.383059144066966], [127.09752208250272, 9.411609834676948], [127.1033366174778, 9.42288637256425], [127.1133233835115, 9.440160525286933], [127.13249785151935, 9.468711215896917], [127.13426223609628, 9.471104150406083], [127.15319662165882, 9.4972619065069], [127.16518785471477, 9.517014231772494], [127.1701867219189, 9.525812597116884], [127.18269372346381, 9.554363287726868], [127.1920117862866, 9.582913978336851], [127.19611347333324, 9.599747480496024], [127.19895686859705, 9.611464668946834], [127.2040770604496, 9.640015359556818], [127.21008295902934, 9.668566050166802], [127.22011882213407, 9.697116740776785], [127.22703909195175, 9.709572409502165], [127.23760134811289, 9.725667431386771], [127.25796471057025, 9.74883857363113], [127.26565230062965, 9.754218121996754], [127.28889032918875, 9.769811799537447], [127.31981594780724, 9.772086009532044], [127.33142339725157, 9.754218121996754], [127.33702887210262, 9.725667431386768], [127.33878153775302, 9.697116740776785], [127.33982888251836, 9.668566050166802], [127.34039388853688, 9.640015359556818], [127.33787445829495, 9.611464668946834], [127.33465298657916, 9.582913978336851], [127.32190216570639, 9.554363287726868], [127.31981594780723, 9.55040033057946], [127.31097091706584, 9.525812597116884], [127.29858988251725, 9.4972619065069], [127.28889032918872, 9.479224234600432], [127.28347052367624, 9.468711215896917], [127.26905321580455, 9.440160525286933], [127.25796471057026, 9.42288320394275], [127.24964831128821, 9.411609834676948], [127.22886703518348, 9.383059144066966], [127.22703909195175, 9.380797315624832], [127.19972969278477, 9.354508453456983], [127.19611347333327, 9.350698262265794], [127.16518785471477, 9.327546912382925], [127.16133958985355, 9.325957762846999], [127.13426223609628, 9.312560773796342], [127.1033366174778, 9.309139940268013], [127.09216002641736, 9.325957762846999]]]}, "properties": {"fillColor": "#0000FF", "fillOpacity": 0.7, "color": "#000000", "weight": 0.2, "stroke": false}}, {"type": "Feature", "geometry": {"type": "Polygon", "coordinates": [[[140.40135262342898, 9.768731872380378], [140.43227824204746, 9.760773401827137], [140.46320386066597, 9.75735556154488], [140.49412947928445, 9.757995047470782], [140.52505509790296, 9.765018550191442], [140.55533793317744, 9.782768812606736], [140.55598071652145, 9.783599220142454], [140.576235320283, 9.81131950321672], [140.58690633513993, 9.835105942709967], [140.6178319537584, 9.835520635856705], [140.64875757237692, 9.832986201261697], [140.6796831909954, 9.833361876436335], [140.7106088096139, 9.839345193207127], [140.71190301851883, 9.839870193826707], [140.7415344282324, 9.850447848860005], [140.76294734291983, 9.868420884436688], [140.77246004685088, 9.8791857180729], [140.78516070111573, 9.89697157504667], [140.79717152568227, 9.925522265656655], [140.79453149229113, 9.95407295626664], [140.77246004685088, 9.979080715352227], [140.76799030600014, 9.982623646876622], [140.7415344282324, 10.00301181217864], [140.7199502312503, 10.011174337486606], [140.7106088096139, 10.016285010584367], [140.6796831909954, 10.029247838587908], [140.64875757237692, 10.038697423995227], [140.64402850263414, 10.03972502809659], [140.6178319537584, 10.049546825812694], [140.58690633513993, 10.060460174249044], [140.55828931636395, 10.068275718706573], [140.55598071652145, 10.069204645430748], [140.52505509790296, 10.082658425890717], [140.49412947928445, 10.088160269364726], [140.4784808674579, 10.068275718706573], [140.48664743449058, 10.03972502809659], [140.49412947928445, 10.024671311962848], [140.49987781006504, 10.011174337486606], [140.5120591572521, 9.982623646876622], [140.52505509790296, 9.956540190127873], [140.5262301485826, 9.95407295626664], [140.54039195159277, 9.925522265656655], [140.55598071652145, 9.901142989644207], [140.55867133800692, 9.89697157504667], [140.57054855496494, 9.868420884436688], [140.55598071652145, 9.85280530030883], [140.52505509790296, 9.86064070077703], [140.50844860533323, 9.868420884436688], [140.49412947928445, 9.874687084304355], [140.46320386066597, 9.885677581271175], [140.43227824204746, 9.890715294470796], [140.40135262342898, 9.89079946758271], [140.3704270048105, 9.884876593661968], [140.34387492503492, 9.868420884436688], [140.339501386192, 9.860788027420883], [140.33006774725098, 9.839870193826705], [140.339501386192, 9.814786870433649], [140.34079929011182, 9.81131950321672], [140.3704270048105, 9.784643799019342], [140.37402170315968, 9.782768812606736], [140.40135262342898, 9.768731872380378]]]}, "properties": {"fillColor": "#0000FF", "fillOpacity": 0.7, "color": "#000000", "weight": 0.2, "stroke": false}}, {"type": "Feature", "geometry": {"type": "Polygon", "coordinates": [[[140.3948450622169, 9.81131950321672], [140.37345186050433, 9.839870193826703], [140.40135262342898, 9.856912733145819], [140.43227824204746, 9.857267983041002], [140.46320386066597, 9.847842476643734], [140.4780962284632, 9.839870193826705], [140.4902168994068, 9.811319503216723], [140.46320386066597, 9.800002935063421], [140.43227824204746, 9.799220810260163], [140.40135262342898, 9.807491995490796], [140.3948450622169, 9.81131950321672]]]}, "properties": {"fillColor": "#0000FF", "fillOpacity": 0.7, "color": "#000000", "weight": 0.2, "stroke": false}}, {"type": "Feature", "geometry": {"type": "Polygon", "coordinates": [[[140.65013949473666, 9.868420884436688], [140.64875757237695, 9.868790722698776], [140.6178319537584, 9.890122759838622], [140.6112415341141, 9.89697157504667], [140.58943027788288, 9.925522265656655], [140.58690633513993, 9.929423842731206], [140.57096518678424, 9.95407295626664], [140.55598071652145, 9.981000885094366], [140.55510238096207, 9.982623646876622], [140.5445069219904, 10.011174337486606], [140.55598071652145, 10.023724763097718], [140.58690633513993, 10.02383982534115], [140.6178319537584, 10.017550801493655], [140.63621120728794, 10.011174337486606], [140.64875757237692, 10.007884288206187], [140.6796831909954, 9.999309008271862], [140.7106088096139, 9.989142126979196], [140.72246570840315, 9.982623646876622], [140.7415344282324, 9.973419150291079], [140.7643795122761, 9.95407295626664], [140.77070243337508, 9.925522265656655], [140.7539464174329, 9.89697157504667], [140.7415344282324, 9.884032548774075], [140.71298564610564, 9.868420884436688], [140.7106088096139, 9.867201000224522], [140.6796831909954, 9.86236042086325], [140.65013949473666, 9.868420884436688]]]}, "properties": {"fillColor": "#0000FF", "fillOpacity": 0.7, "color": "#000000", "weight": 0.2, "stroke": false}}, {"type": "Feature", "geometry": {"type": "Polygon", "coordinates": [[[133.47401405288696, 9.802024855785852], [133.50493967150547, 9.795852950810364], [133.53586529012395, 9.792456968017145], [133.56679090874243, 9.790889527208481], [133.59771652736094, 9.7913112157549], [133.62864214597943, 9.795932895005148], [133.65824265422978, 9.81131950321672], [133.6595677645979, 9.812271067785053], [133.68115599242216, 9.839870193826705], [133.68251405387122, 9.868420884436688], [133.6693710374603, 9.89697157504667], [133.6595677645979, 9.90772231170748], [133.64317727278498, 9.925522265656655], [133.62864214597943, 9.937756734665333], [133.6047410704198, 9.95407295626664], [133.59771652736094, 9.959064431140737], [133.56679090874243, 9.976558322499631], [133.55033921101472, 9.982623646876622], [133.53586529012395, 9.990405837959619], [133.50493967150547, 10.002726788309023], [133.47401405288696, 10.010679689473106], [133.4713105060131, 10.011174337486606], [133.44308843426847, 10.020221458302922], [133.41216281565, 10.024745040025092], [133.38123719703148, 10.025379709142697], [133.35031157841303, 10.022602736422321], [133.31938595979452, 10.017561303823006], [133.288460341176, 10.018428294060318], [133.25753472255752, 10.028979322159167], [133.22660910393904, 10.038036831309347], [133.21679551346503, 10.03972502809659], [133.19568348532056, 10.045765970998552], [133.16475786670205, 10.041555869119605], [133.1613053412462, 10.03972502809659], [133.1380323952174, 10.011174337486606], [133.14767914896112, 9.982623646876622], [133.16475786670205, 9.968683603412686], [133.1943152440588, 9.95407295626664], [133.19568348532056, 9.953407513329557], [133.22660910393904, 9.938864986330852], [133.24782176385074, 9.925522265656655], [133.25753472255752, 9.918642933704028], [133.28722644637335, 9.89697157504667], [133.288460341176, 9.896030330866452], [133.31938595979452, 9.873312429237256], [133.32739739431753, 9.868420884436688], [133.350311578413, 9.852619394578728], [133.37749311738366, 9.839870193826705], [133.38123719703148, 9.837488440293198], [133.41216281565, 9.821479851536498], [133.44308843426847, 9.812350381314108], [133.44799458303262, 9.81131950321672], [133.47401405288696, 9.802024855785852]]]}, "properties": {"fillColor": "#0000FF", "fillOpacity": 0.7, "color": "#000000", "weight": 0.2, "stroke": false}}, {"type": "Feature", "geometry": {"type": "Polygon", "coordinates": [[[133.42317579034824, 9.839870193826705], [133.41216281565, 9.843390818264078], [133.38123719703148, 9.856884124958894], [133.36264755918072, 9.868420884436688], [133.350311578413, 9.875423966183533], [133.31987701190084, 9.89697157504667], [133.31938595979452, 9.897385549773624], [133.288460341176, 9.922618455803514], [133.28479803994463, 9.925522265656655], [133.25753472255752, 9.952427717520271], [133.2549850337878, 9.95407295626664], [133.22660910393904, 9.974267218310569], [133.20515530281003, 9.982623646876622], [133.19568348532056, 10.002894426084293], [133.1930372847, 10.011174337486606], [133.19568348532056, 10.012517698900059], [133.22660910393904, 10.014318543660751], [133.23618384261817, 10.011174337486606], [133.25753472255752, 9.999413156971245], [133.288460341176, 9.995783808020605], [133.31938595979452, 9.995072853435383], [133.350311578413, 9.99630901195502], [133.38123719703148, 10.000352514335901], [133.41216281565, 10.001795107586771], [133.44308843426847, 9.999268812573362], [133.47401405288696, 9.992658218248398], [133.50058991825546, 9.982623646876622], [133.50493967150547, 9.98152777565301], [133.53586529012395, 9.971568354172046], [133.56679090874243, 9.955313857077591], [133.56875595189976, 9.95407295626664], [133.59771652736094, 9.936783893315242], [133.61209892223258, 9.925522265656655], [133.62864214597943, 9.909509211027078], [133.64100540719352, 9.89697157504667], [133.6551747209586, 9.868420884436688], [133.6502463222225, 9.839870193826705], [133.62864214597943, 9.822247850953358], [133.59771652736094, 9.814679428316484], [133.56679090874243, 9.813749505137894], [133.53586529012392, 9.814919445839777], [133.50493967150547, 9.81765655839177], [133.47401405288696, 9.822566524248714], [133.44308843426847, 9.83118528498378], [133.42317579034824, 9.839870193826705]]]}, "properties": {"fillColor": "#0000FF", "fillOpacity": 0.7, "color": "#000000", "weight": 0.2, "stroke": false}}, {"type": "Feature", "geometry": {"type": "Polygon", "coordinates": [[[127.38166718504422, 9.916788766714737], [127.4125928036627, 9.900461899815044], [127.44351842228119, 9.908054131951172], [127.47444404089968, 9.920639586801485], [127.48338941955603, 9.925522265656655], [127.50536965951818, 9.940119965843094], [127.51980037577204, 9.95407295626664], [127.5303443435754, 9.982623646876622], [127.52535300717294, 10.011174337486606], [127.50888162931723, 10.039725028096592], [127.50536965951817, 10.044084876760687], [127.47444404089968, 10.063859462943677], [127.44351842228119, 10.061553940458548], [127.4125928036627, 10.04438910740546], [127.4061078790893, 10.03972502809659], [127.38166718504421, 10.019137766078178], [127.37319252094355, 10.011174337486606], [127.36058811246822, 9.982623646876622], [127.36564534228043, 9.95407295626664], [127.37848180049846, 9.925522265656655], [127.38166718504422, 9.916788766714737]]]}, "properties": {"fillColor": "#0000FF", "fillOpacity": 0.7, "color": "#000000", "weight": 0.2, "stroke": false}}, {"type": "Feature", "geometry": {"type": "Polygon", "coordinates": [[[133.6595677645979, 10.265041575421257], [133.67711672954917, 10.268130552976459], [133.6904933832164, 10.269130092514763], [133.7214190018349, 10.2778430242271], [133.74963836618122, 10.296681243586441], [133.75234462045339, 10.29882495289577], [133.78327023907187, 10.32130932005063], [133.7906858539829, 10.325231934196427], [133.81419585769038, 10.34484352701235], [133.82405974649163, 10.35378262480641], [133.8220864738753, 10.382333315416393], [133.81419585769038, 10.389792559526168], [133.79506261898976, 10.410884006026377], [133.78327023907187, 10.419108717693248], [133.76172003306615, 10.439434696636361], [133.75234462045339, 10.446521482625265], [133.7214190018349, 10.465144927017722], [133.71110528264396, 10.467985387246344], [133.6904933832164, 10.477688329318903], [133.6595677645979, 10.482511341518423], [133.62864214597943, 10.479866152290011], [133.59963614643567, 10.467985387246344], [133.59771652736094, 10.467568173969788], [133.56679090874243, 10.455112599000753], [133.54860752939504, 10.439434696636361], [133.53586529012395, 10.417031297299104], [133.53187544161509, 10.410884006026377], [133.5249797467207, 10.382333315416393], [133.53025685585214, 10.35378262480641], [133.53586529012395, 10.34363330225829], [133.54169573888674, 10.325231934196427], [133.56679090874243, 10.297342003898974], [133.5676270941386, 10.296681243586441], [133.59771652736094, 10.275350882478982], [133.62864214597943, 10.268803904760272], [133.64053645014943, 10.268130552976459], [133.6595677645979, 10.265041575421257]]]}, "properties": {"fillColor": "#0000FF", "fillOpacity": 0.7, "color": "#000000", "weight": 0.2, "stroke": false}}, {"type": "Feature", "geometry": {"type": "Polygon", "coordinates": [[[133.59072714065414, 10.296681243586441], [133.56679090874243, 10.315595843328516], [133.55812041962696, 10.325231934196427], [133.54382854580734, 10.35378262480641], [133.54085705934318, 10.382333315416393], [133.54704506210754, 10.410884006026377], [133.56679090874243, 10.434218692245562], [133.57299149564727, 10.439434696636361], [133.59771652736094, 10.455727659369039], [133.62864214597943, 10.464540499889354], [133.6595677645979, 10.46626380105086], [133.6904933832164, 10.46300790996271], [133.7214190018349, 10.450427882732656], [133.7364391194916, 10.439434696636361], [133.75234462045339, 10.421559272377888], [133.76377570657155, 10.410884006026377], [133.77775814524614, 10.382333315416393], [133.77584833503244, 10.35378262480641], [133.7528400675779, 10.325231934196427], [133.75234462045339, 10.324845226853146], [133.7214190018349, 10.298559794966287], [133.71803778530617, 10.296681243586443], [133.6904933832164, 10.281956561640502], [133.6595677645979, 10.276940729726793], [133.62864214597943, 10.279342309596029], [133.59771652736094, 10.291726476201015], [133.59072714065414, 10.296681243586441]]]}, "properties": {"fillColor": "#0000FF", "fillOpacity": 0.7, "color": "#000000", "weight": 0.2, "stroke": false}}, {"type": "Feature", "geometry": {"type": "Polygon", "coordinates": [[[127.69092337122912, 10.463388915480047], [127.72184898984763, 10.455779068061219], [127.7527746084661, 10.457447018013395], [127.78370022708458, 10.465247177640157], [127.78997386440798, 10.467985387246344], [127.81462584570309, 10.473827251191816], [127.84555146432157, 10.484756982568449], [127.86664887025754, 10.496536077856328], [127.87647708294007, 10.49991016254731], [127.90740270155855, 10.515679264762266], [127.92001840604328, 10.525086768466313], [127.93832832017705, 10.534775703593363], [127.9626026577181, 10.553637459076295], [127.96925393879553, 10.557800106742127], [127.9980765849315, 10.582188149686278], [128.00017955741404, 10.583968149580272], [128.0268216962896, 10.61073884029626], [128.03110517603253, 10.615024445432223], [128.05475954152647, 10.639289530906247], [128.062030794651, 10.646046886334508], [128.08432567520953, 10.66784022151623], [128.09295641326952, 10.683439820627612], [128.10352430496252, 10.696390912126214], [128.11417642783272, 10.724941602736198], [128.1156294761583, 10.75349229334618], [128.1088566448688, 10.782042983956163], [128.09295641326952, 10.801849232149074], [128.07756087507502, 10.81059367456615], [128.062030794651, 10.818526619638464], [128.03110517603253, 10.820163482974403], [128.00325832731045, 10.81059367456615], [128.00017955741404, 10.810022522851536], [127.96925393879553, 10.795212759017883], [127.95511804641009, 10.782042983956163], [127.93832832017705, 10.76321338232255], [127.92890173701544, 10.75349229334618], [127.90740270155857, 10.73665979628849], [127.88785992079643, 10.724941602736198], [127.87647708294006, 10.721214807047453], [127.84555146432157, 10.714138455354705], [127.81462584570309, 10.706411900458438], [127.78370022708458, 10.69872817591525], [127.7712197428032, 10.696390912126216], [127.7527746084661, 10.69360851549169], [127.72184898984762, 10.68676986968848], [127.69092337122913, 10.671813308878322], [127.68508224859985, 10.66784022151623], [127.66027772525759, 10.639289530906247], [127.65999775261062, 10.638648854837074], [127.64656133521112, 10.610738840296262], [127.64068914475536, 10.582188149686278], [127.6395120604611, 10.553637459076295], [127.6429809723507, 10.525086768466313], [127.65428820023448, 10.496536077856328], [127.65999775261062, 10.488434132160966], [127.68319653564416, 10.467985387246344], [127.69092337122912, 10.463388915480047]]]}, "properties": {"fillColor": "#0000FF", "fillOpacity": 0.7, "color": "#000000", "weight": 0.2, "stroke": false}}, {"type": "Feature", "geometry": {"type": "Polygon", "coordinates": [[[127.70245043492386, 10.525086768466313], [127.69092337122912, 10.55107948463413], [127.6898983908574, 10.553637459076295], [127.68828741895423, 10.582188149686278], [127.69092337122912, 10.591059208532272], [127.69551718722225, 10.610738840296262], [127.71454842419142, 10.639289530906247], [127.72184898984762, 10.645495465958959], [127.7527746084661, 10.66508271643984], [127.75850594690677, 10.66784022151623], [127.78370022708461, 10.677926376764766], [127.81462584570309, 10.687776421364802], [127.84555146432157, 10.696071611603754], [127.84657394627929, 10.696390912126214], [127.87647708294008, 10.70823359902062], [127.90740270155855, 10.719975842561134], [127.91576417302235, 10.724941602736198], [127.93832832017705, 10.743926116035597], [127.94751700029116, 10.75349229334618], [127.96925393879552, 10.775409343568668], [127.9790766138106, 10.782042983956163], [128.00017955741404, 10.796444948876179], [128.03110517603253, 10.803610537577221], [128.062030794651, 10.800047238935889], [128.0857724610633, 10.782042983956163], [128.09295641326952, 10.767537174594953], [128.0989616471032, 10.75349229334618], [128.0973663329676, 10.724941602736198], [128.09295641326952, 10.716191354359582], [128.08722649246099, 10.696390912126214], [128.0666930067462, 10.66784022151623], [128.062030794651, 10.663282890490745], [128.0362127371729, 10.639289530906247], [128.03110517603253, 10.634050100253752], [128.007805477007, 10.610738840296262], [128.00017955741404, 10.603076124633633], [127.97550155789361, 10.582188149686278], [127.96925393879553, 10.576901778610424], [127.93832832017704, 10.556017444044429], [127.9338029531035, 10.553637459076295], [127.90740270155854, 10.535812502014752], [127.88226354953642, 10.525086768466313], [127.87647708294007, 10.521513837402093], [127.84555146432156, 10.508157647574004], [127.81462584570309, 10.500529335909347], [127.78370022708458, 10.49654005501201], [127.7527746084661, 10.497297309405212], [127.72184898984762, 10.507897667258751], [127.70245043492386, 10.525086768466313]]]}, "properties": {"fillColor": "#0000FF", "fillOpacity": 0.7, "color": "#000000", "weight": 0.2, "stroke": false}}, {"type": "Feature", "geometry": {"type": "Polygon", "coordinates": [[[138.2674849387531, 10.52080755733401], [138.2984105573716, 10.503840526032903], [138.32933617599008, 10.500401257390667], [138.36026179460856, 10.508226282880118], [138.39118741322704, 10.522177080028396], [138.396889888406, 10.525086768466313], [138.42211303184556, 10.533376116113345], [138.45303865046404, 10.550076515085628], [138.46005499543065, 10.553637459076295], [138.48396426908255, 10.561498438511894], [138.51488988770103, 10.570478716095234], [138.53610379501177, 10.582188149686278], [138.5458155063195, 10.586172444967628], [138.57389465366504, 10.610738840296262], [138.576741124938, 10.61348788130966], [138.59869951375416, 10.639289530906247], [138.6076667435565, 10.65676376907452], [138.61550169030542, 10.66784022151623], [138.6274713836943, 10.696390912126214], [138.63029780814605, 10.724941602736198], [138.62678715516307, 10.75349229334618], [138.60979201929217, 10.782042983956163], [138.6076667435565, 10.784366191289669], [138.576741124938, 10.808427468027174], [138.56864793053194, 10.81059367456615], [138.5458155063195, 10.820329424883873], [138.51488988770103, 10.825576378500259], [138.48396426908255, 10.82895265726378], [138.45303865046404, 10.834242619192587], [138.43216373899304, 10.839144365176132], [138.42211303184556, 10.846049583133976], [138.39118741322704, 10.860828836831498], [138.36026179460856, 10.866982044824294], [138.3484241106125, 10.867695055786115], [138.32933617599008, 10.869996168344104], [138.29841055737162, 10.8682822848366], [138.29534379703915, 10.867695055786115], [138.26748493875309, 10.863056084772731], [138.2365593201346, 10.853349328651976], [138.21118940628415, 10.839144365176132], [138.20563370151612, 10.835727537672247], [138.18082496422366, 10.81059367456615], [138.1747080828976, 10.801529743917111], [138.1632015733353, 10.782042983956163], [138.15666725269733, 10.75349229334618], [138.15770077735962, 10.724941602736198], [138.1631681724508, 10.696390912126214], [138.1720549271187, 10.66784022151623], [138.1747080828976, 10.661592002898969], [138.1794971911882, 10.639289530906247], [138.19046355430993, 10.61073884029626], [138.20563370151612, 10.586183913158132], [138.2075701870769, 10.582188149686278], [138.22796647598886, 10.553637459076295], [138.2365593201346, 10.545339163159467], [138.26151961450395, 10.525086768466313], [138.2674849387531, 10.52080755733401]]]}, "properties": {"fillColor": "#0000FF", "fillOpacity": 0.7, "color": "#000000", "weight": 0.2, "stroke": false}}, {"type": "Feature", "geometry": {"type": "Polygon", "coordinates": [[[138.27090795737232, 10.553637459076295], [138.26748493875309, 10.556309139443304], [138.2430875883403, 10.582188149686278], [138.2365593201346, 10.592539304569103], [138.22478043302135, 10.610738840296262], [138.21132553438756, 10.639289530906247], [138.20563370151612, 10.661642290377186], [138.2031920792797, 10.66784022151623], [138.19679783713102, 10.696390912126214], [138.19561451815548, 10.724941602736198], [138.19780302998151, 10.75349229334618], [138.20563370151612, 10.772696224436755], [138.2091858043874, 10.782042983956163], [138.23655932013457, 10.805540993294805], [138.2453231352217, 10.81059367456615], [138.26748493875309, 10.82385103486479], [138.2984105573716, 10.834935450513234], [138.32933617599008, 10.838799501443647], [138.3576090472617, 10.839144365176132], [138.36026179460856, 10.839232456020527], [138.36062992390475, 10.839144365176132], [138.39118741322704, 10.836746262653289], [138.42211303184556, 10.830360149582255], [138.45303865046404, 10.821144930850153], [138.48396426908255, 10.81325699941483], [138.4990082632493, 10.81059367456615], [138.51488988770106, 10.80941980707193], [138.5458155063195, 10.805620043481309], [138.576741124938, 10.793745351146633], [138.59091961716118, 10.782042983956163], [138.6076667435565, 10.754110353609436], [138.6080569168894, 10.75349229334618], [138.61535747610168, 10.724941602736198], [138.6094783049843, 10.696390912126214], [138.6076667435565, 10.692975805037422], [138.5989552174982, 10.66784022151623], [138.5767512033907, 10.639289530906247], [138.576741124938, 10.639277688475186], [138.5471908158996, 10.610738840296262], [138.5458155063195, 10.60953558442713], [138.51488988770103, 10.591957478649203], [138.48396426908255, 10.584496145975226], [138.4762614177313, 10.582188149686278], [138.45303865046404, 10.571563114890136], [138.42211303184556, 10.555611995421517], [138.4175302020874, 10.553637459076295], [138.39118741322704, 10.540350807807187], [138.36026179460856, 10.531508361834328], [138.32933617599008, 10.527226465017108], [138.2984105573716, 10.5347019583058], [138.27090795737232, 10.553637459076295]]]}, "properties": {"fillColor": "#0000FF", "fillOpacity": 0.7, "color": "#000000", "weight": 0.2, "stroke": false}}, {"type": "Feature", "geometry": {"type": "Polygon", "coordinates": [[[143.71039381560755, 10.609638052421445], [143.74131943422603, 10.606606675521213], [143.7722450528445, 10.606395326243042], [143.80317067146302, 10.608244921535778], [143.82044155168177, 10.610738840296262], [143.8340962900815, 10.611477287588555], [143.8650219087, 10.613024950486649], [143.89594752731847, 10.615657758595077], [143.92687314593698, 10.619511020716864], [143.95779876455546, 10.625115894768932], [143.98872438317397, 10.634018667550592], [144.0033805787096, 10.639289530906247], [144.01965000179246, 10.64327033068227], [144.05057562041094, 10.652045824658332], [144.08150123902942, 10.663743984381032], [144.09103699143063, 10.66784022151623], [144.11242685764793, 10.675833058491396], [144.14335247626641, 10.690353920277722], [144.15407792086353, 10.696390912126214], [144.1742780948849, 10.707681623546218], [144.1999002997151, 10.724941602736198], [144.2052037135034, 10.729060016883944], [144.23342956534572, 10.75349229334618], [144.2361293321219, 10.757074607991047], [144.25454178370035, 10.782042983956163], [144.26237925246426, 10.81059367456615], [144.25852979914754, 10.839144365176132], [144.2526395662345, 10.867695055786115], [144.2633437764204, 10.896245746396099], [144.26705495074037, 10.899568074041524], [144.29038155870634, 10.924796437006083], [144.29798056935886, 10.93058846457888], [144.32212077592578, 10.953347127616066], [144.32890618797737, 10.959265394823259], [144.3511978491964, 10.98189781822605], [144.35983180659585, 10.992698409589273], [144.3742103161057, 11.010448508836035], [144.38846220182586, 11.038999199446017], [144.39075742521436, 11.047209200772558], [144.39908024375882, 11.067549890056], [144.4020314486692, 11.096100580665984], [144.3956791805242, 11.124651271275969], [144.39075742521436, 11.13286410122392], [144.37436584440917, 11.153201961885951], [144.35983180659585, 11.162726815587373], [144.32890618797737, 11.166136193125098], [144.29798056935886, 11.161924748506976], [144.26705495074037, 11.153259836536842], [144.26691147822808, 11.153201961885953], [144.2361293321219, 11.143910642922116], [144.2052037135034, 11.129972411831508], [144.19493331193888, 11.124651271275969], [144.1742780948849, 11.115412546681537], [144.14335247626641, 11.100026965078882], [144.13469348344063, 11.096100580665984], [144.11242685764793, 11.087208320824553], [144.08150123902942, 11.077975653315097], [144.05057562041094, 11.073849216111208], [144.01965000179246, 11.074183975373039], [143.98872438317397, 11.074956521787383], [143.95779876455546, 11.073604717418783], [143.92687314593698, 11.068073845025467], [143.92535934908125, 11.067549890056], [143.89594752731847, 11.061429148017215], [143.8650219087, 11.047914850882984], [143.85279254733985, 11.038999199446017], [143.8340962900815, 11.026541990986217], [143.81716583374975, 11.010448508836035], [143.80317067146302, 10.99578547585276], [143.79070563025164, 10.98189781822605], [143.7722450528445, 10.955733782157296], [143.77025550794247, 10.953347127616064], [143.74702091967944, 10.924796437006083], [143.74131943422603, 10.917269180292433], [143.72060992572142, 10.896245746396099], [143.71039381560755, 10.886072987048385], [143.6853348820195, 10.867695055786115], [143.67946819698903, 10.86512295239891], [143.64854257837055, 10.859629439660615], [143.61761695975207, 10.851221741875854], [143.58982304070204, 10.839144365176132], [143.5866913411336, 10.837992177144285], [143.55576572251508, 10.829582591876127], [143.52484010389657, 10.818739791936343], [143.50598103302733, 10.81059367456615], [143.49391448527808, 10.802814778286487], [143.47271574098107, 10.782042983956163], [143.47382095305392, 10.75349229334618], [143.49391448527808, 10.725024961900614], [143.49397489723873, 10.724941602736198], [143.5248401038966, 10.703811081291562], [143.54340161318788, 10.696390912126214], [143.55576572251508, 10.690631926964663], [143.5866913411336, 10.671574882004066], [143.58992574651867, 10.66784022151623], [143.61761695975207, 10.642464057920012], [143.62169874378114, 10.639289530906247], [143.64854257837055, 10.621554048035755], [143.67946819698903, 10.613357939574978], [143.70585590169958, 10.610738840296262], [143.71039381560755, 10.609638052421445]]]}, "properties": {"fillColor": "#0000FF", "fillOpacity": 0.7, "color": "#000000", "weight": 0.2, "stroke": false}}, {"type": "Feature", "geometry": {"type": "Polygon", "coordinates": [[[143.6519853794586, 10.639289530906247], [143.64854257837055, 10.640938420309338], [143.61761695975207, 10.666612117515111], [143.6162768166828, 10.66784022151623], [143.59048698039922, 10.696390912126214], [143.5866913411336, 10.701201315755128], [143.55576572251508, 10.71820147015106], [143.54229298901666, 10.724941602736198], [143.5248401038966, 10.740837883012558], [143.51476873320826, 10.75349229334618], [143.52288335850307, 10.782042983956163], [143.5248401038966, 10.783518685845102], [143.55576572251508, 10.802548820008713], [143.5712197349675, 10.81059367456615], [143.5866913411336, 10.817052462290924], [143.61761695975207, 10.82991118347237], [143.6380119542894, 10.839144365176132], [143.64854257837055, 10.84342529493976], [143.67946819698903, 10.849656821220147], [143.71039381560755, 10.862924054815892], [143.71559081297644, 10.867695055786115], [143.74131943422603, 10.892706346352767], [143.74405973167072, 10.896245746396099], [143.76699892053915, 10.924796437006083], [143.7722450528445, 10.930995541727123], [143.7889762028957, 10.953347127616066], [143.80317067146302, 10.969616847375335], [143.81458700834077, 10.98189781822605], [143.8340962900815, 11.001191052047123], [143.84646861988634, 11.010448508836035], [143.8650219087, 11.024725248364115], [143.89594752731847, 11.038140880239569], [143.89979628463777, 11.038999199446017], [143.92687314593698, 11.047180483353763], [143.95779876455546, 11.049313861115753], [143.98872438317397, 11.046430499669135], [144.01965000179246, 11.040005141531871], [144.02549727797222, 11.038999199446017], [144.05057562041094, 11.034670172373438], [144.08150123902942, 11.035647648307632], [144.09188126930655, 11.038999199446017], [144.11242685764793, 11.046238229322585], [144.14335247626641, 11.062180115893707], [144.1524561842217, 11.067549890056], [144.1742780948849, 11.080324976215161], [144.20480079567184, 11.096100580665984], [144.2052037135034, 11.096322677127105], [144.2361293321219, 11.11292455224261], [144.26705495074037, 11.124159881142907], [144.26892860337682, 11.124651271275969], [144.29798056935886, 11.13345863960668], [144.32890618797737, 11.138513985888444], [144.35983180659585, 11.131822916913425], [144.36678184246972, 11.124651271275969], [144.37529716355053, 11.096100580665986], [144.3721352153435, 11.067549890056], [144.36126143090326, 11.038999199446017], [144.35983180659585, 11.036767888855659], [144.34417751474345, 11.010448508836035], [144.32890618797737, 10.993313805505798], [144.3171657352653, 10.98189781822605], [144.29798056935886, 10.964854128473656], [144.28143372979713, 10.953347127616066], [144.26705495074037, 10.941766345114832], [144.23995174311648, 10.924796437006083], [144.2361293321219, 10.921347058930516], [144.2052037135034, 10.8964306101993], [144.2049970341406, 10.896245746396099], [144.18963414514053, 10.867695055786115], [144.19114285394915, 10.839144365176132], [144.200393663996, 10.81059367456615], [144.1960603624172, 10.782042983956163], [144.1742780948849, 10.755503653375984], [144.17274464403152, 10.753492293346183], [144.14335247626641, 10.730238110936408], [144.13660186229183, 10.724941602736198], [144.11242685764793, 10.710095563186433], [144.08698090293274, 10.696390912126214], [144.08150123902942, 10.693682416109347], [144.05057562041094, 10.67846774441621], [144.023143745734, 10.66784022151623], [144.01965000179246, 10.666381514583609], [143.98872438317397, 10.653860840656451], [143.95779876455546, 10.645022727488755], [143.92736076429202, 10.639289530906247], [143.92687314593698, 10.639151454782779], [143.89594752731847, 10.631447347899801], [143.8650219087, 10.62600231998178], [143.8340962900815, 10.622320271245197], [143.80317067146302, 10.619425797339419], [143.7722450528445, 10.6179908490743], [143.741319434226, 10.61799385571067], [143.71039381560755, 10.619884731366595], [143.67946819698903, 10.625817644703417], [143.6519853794586, 10.639289530906247]]]}, "properties": {"fillColor": "#0000FF", "fillOpacity": 0.7, "color": "#000000", "weight": 0.2, "stroke": false}}, {"type": "Feature", "geometry": {"type": "Polygon", "coordinates": [[[140.3085757675735, 10.6767397356618], [140.339501386192, 10.669290480565879], [140.3704270048105, 10.668560467266426], [140.40135262342898, 10.67552176402847], [140.43023496490278, 10.696390912126214], [140.43227824204746, 10.698593115229597], [140.45463737233413, 10.724941602736198], [140.46320386066597, 10.745225454134257], [140.46764654606554, 10.75349229334618], [140.47415492715098, 10.782042983956163], [140.47302949990583, 10.81059367456615], [140.46523477460087, 10.839144365176134], [140.46320386066597, 10.843078984236625], [140.45559865804216, 10.867695055786115], [140.43678790249857, 10.8962457463961], [140.43227824204746, 10.90118846207821], [140.4023329995055, 10.924796437006083], [140.40135262342898, 10.925450025263766], [140.3704270048105, 10.940118701994328], [140.339501386192, 10.946125974910075], [140.3085757675735, 10.947263788325808], [140.27765014895502, 10.942156786668797], [140.25086953337035, 10.924796437006083], [140.24672453033654, 10.921773396748693], [140.2256665600535, 10.896245746396099], [140.21706079218046, 10.867695055786115], [140.21579891171803, 10.848688826827543], [140.21447949669525, 10.839144365176132], [140.21579891171803, 10.830056560983731], [140.21697132883332, 10.81059367456615], [140.2217447676387, 10.782042983956163], [140.2317700564666, 10.75349229334618], [140.24672453033654, 10.731698439247724], [140.2507609030994, 10.724941602736198], [140.27765014895502, 10.697441912335735], [140.2792341582975, 10.696390912126214], [140.3085757675735, 10.6767397356618]]]}, "properties": {"fillColor": "#0000FF", "fillOpacity": 0.7, "color": "#000000", "weight": 0.2, "stroke": false}}, {"type": "Feature", "geometry": {"type": "Polygon", "coordinates": [[[140.31841934450955, 10.696390912126214], [140.3085757675735, 10.69927290283121], [140.27765014895502, 10.721734571735425], [140.2745143083768, 10.724941602736198], [140.25309985757866, 10.75349229334618], [140.24672453033654, 10.76955007749972], [140.24022665777883, 10.782042983956163], [140.2320475197443, 10.81059367456615], [140.22991473013542, 10.839144365176132], [140.23451223998117, 10.867695055786115], [140.24672453033654, 10.889560764246674], [140.25132512374793, 10.896245746396099], [140.27765014895502, 10.91778407330295], [140.3085757675735, 10.924792637460401], [140.33950138619198, 10.924056406679965], [140.3704270048105, 10.91812129448928], [140.40135262342898, 10.90206423221556], [140.40812068204, 10.896245746396099], [140.43037555482206, 10.867695055786115], [140.43227824204746, 10.862645963702505], [140.44359275393745, 10.839144365176132], [140.4471126877977, 10.81059367456615], [140.443721562625, 10.782042983956163], [140.43537505402517, 10.75349229334618], [140.43227824204746, 10.747911647427497], [140.4223072521233, 10.724941602736198], [140.40135262342898, 10.703867657637783], [140.3866868468727, 10.696390912126214], [140.3704270048105, 10.689265775377338], [140.339501386192, 10.688303997109205], [140.31841934450955, 10.696390912126214]]]}, "properties": {"fillColor": "#0000FF", "fillOpacity": 0.7, "color": "#000000", "weight": 0.2, "stroke": false}}, {"type": "Feature", "geometry": {"type": "Polygon", "coordinates": [[[133.75234462045339, 10.85848190409481], [133.78327023907187, 10.846458857110665], [133.81419585769038, 10.842312905329656], [133.84512147630886, 10.846798936404419], [133.87604709492734, 10.864059386576786], [133.88006551007953, 10.867695055786115], [133.89084747833644, 10.896245746396099], [133.8859166908706, 10.924796437006083], [133.87604709492734, 10.95186883222646], [133.8757008305053, 10.953347127616066], [133.86793291716342, 10.98189781822605], [133.85746980480246, 11.010448508836035], [133.84512147630886, 11.033992588196327], [133.84299996719915, 11.038999199446017], [133.82986850581185, 11.067549890056], [133.81419585769038, 11.094057854715025], [133.81263399035834, 11.096100580665984], [133.7901870430574, 11.124651271275969], [133.78327023907187, 11.131982110374327], [133.75234462045339, 11.14097594390732], [133.7214190018349, 11.1359818818492], [133.6904933832164, 11.126861075590979], [133.68335688003762, 11.124651271275967], [133.6595677645979, 11.119188366385522], [133.62864214597943, 11.107986121777156], [133.6117306755282, 11.096100580665984], [133.59771652736094, 11.075708319867447], [133.59329300557397, 11.067549890056], [133.58892776660534, 11.038999199446017], [133.59439095078224, 11.010448508836035], [133.59771652736094, 11.00392343613207], [133.60599856338473, 10.981897818226052], [133.6278787022123, 10.953347127616066], [133.6286421459794, 10.95259459228312], [133.65639572779276, 10.924796437006083], [133.6595677645979, 10.922184412822533], [133.6904933832164, 10.898363666428194], [133.69362903744118, 10.896245746396099], [133.7214190018349, 10.87629243761506], [133.73784898099018, 10.867695055786115], [133.75234462045339, 10.85848190409481]]]}, "properties": {"fillColor": "#0000FF", "fillOpacity": 0.7, "color": "#000000", "weight": 0.2, "stroke": false}}, {"type": "Feature", "geometry": {"type": "Polygon", "coordinates": [[[133.7373876979786, 10.896245746396099], [133.7214190018349, 10.905105778813768], [133.69460190805268, 10.924796437006085], [133.6904933832164, 10.9281480391891], [133.66337495208435, 10.953347127616066], [133.6595677645979, 10.958448603933498], [133.64154042368358, 10.98189781822605], [133.63050756124258, 11.010448508836035], [133.62864214597943, 11.037002582682366], [133.62845241134949, 11.038999199446017], [133.62864214597943, 11.039533245853898], [133.6408882356648, 11.067549890056], [133.6595677645979, 11.081941114260427], [133.6904933832164, 11.092897080929244], [133.71777046993506, 11.096100580665984], [133.7214190018349, 11.096659026539275], [133.72625176414465, 11.096100580665984], [133.75234462045339, 11.093279483739602], [133.78327023907187, 11.075381057741083], [133.79001703364287, 11.067549890056], [133.81180586724378, 11.038999199446017], [133.81419585769038, 11.035166499734459], [133.82757524581865, 11.010448508836035], [133.83802607124107, 10.981897818226049], [133.84503843001977, 10.953347127616066], [133.84512147630886, 10.952750352737029], [133.85040278095585, 10.924796437006083], [133.8460277125861, 10.896245746396099], [133.84512147630886, 10.895096321836258], [133.81419585769038, 10.874530122170919], [133.78327023907187, 10.875896488934348], [133.75234462045339, 10.887143863288552], [133.7373876979786, 10.896245746396099]]]}, "properties": {"fillColor": "#0000FF", "fillOpacity": 0.7, "color": "#000000", "weight": 0.2, "stroke": false}}, {"type": "Feature", "geometry": {"type": "Polygon", "coordinates": [[[135.17492307690398, 10.882915874688495], [135.20584869552246, 10.89009506993601], [135.20846478670754, 10.896245746396099], [135.21196201952688, 10.924796437006083], [135.21572435726688, 10.953347127616066], [135.22139898679788, 10.98189781822605], [135.22844604931117, 11.010448508836035], [135.23422991321, 11.038999199446017], [135.23677431414097, 11.059248350564943], [135.2379123814419, 11.067549890056], [135.23677431414097, 11.09302150067617], [135.2366159863562, 11.096100580665984], [135.22849599486605, 11.124651271275969], [135.21419793464798, 11.153201961885951], [135.20584869552246, 11.164979522496779], [135.18583423331233, 11.181752652495936], [135.17492307690398, 11.190614124213315], [135.1439974582855, 11.200947029778993], [135.1209695677305, 11.181752652495936], [135.12795016946217, 11.153201961885951], [135.1323996607431, 11.124651271275969], [135.13247687203113, 11.096100580665984], [135.12837544290764, 11.067549890056], [135.12313802754454, 11.038999199446017], [135.12149055831028, 11.010448508836035], [135.12545321498948, 10.98189781822605], [135.13425432760053, 10.953347127616066], [135.1439974582855, 10.930432568377146], [135.14766060745134, 10.924796437006083], [135.16437449469322, 10.896245746396099], [135.17492307690398, 10.882915874688495]]]}, "properties": {"fillColor": "#0000FF", "fillOpacity": 0.7, "color": "#000000", "weight": 0.2, "stroke": false}}, {"type": "Feature", "geometry": {"type": "Polygon", "coordinates": [[[134.27808013696773, 11.001326524876447], [134.3090057555862, 10.99867095126946], [134.33993137420475, 10.99987221220496], [134.3708569928232, 11.004224412439799], [134.39268688724528, 11.010448508836035], [134.4017826114417, 11.013173592333327], [134.4327082300602, 11.036660300588457], [134.43499564619484, 11.038999199446017], [134.4327082300602, 11.05676945524403], [134.432058937586, 11.067549890056], [134.41447936050176, 11.096100580665984], [134.4017826114417, 11.108621421491181], [134.38641542886012, 11.124651271275969], [134.3708569928232, 11.139395378941064], [134.3460064788533, 11.153201961885951], [134.33993137420472, 11.15755622234289], [134.3090057555862, 11.166921262364216], [134.27808013696773, 11.166592310694869], [134.24715451834925, 11.158737096996354], [134.2360621569644, 11.153201961885951], [134.21622889973077, 11.14305232102381], [134.19495042640327, 11.124651271275969], [134.18530328111225, 11.105502171907933], [134.1802734651635, 11.096100580665984], [134.18282116995024, 11.067549890056], [134.18530328111225, 11.063965048800398], [134.20082819311978, 11.038999199446017], [134.21622889973077, 11.026455233170129], [134.24715451834925, 11.01066650846754], [134.24796298329832, 11.010448508836035], [134.27808013696773, 11.001326524876447]]]}, "properties": {"fillColor": "#0000FF", "fillOpacity": 0.7, "color": "#000000", "weight": 0.2, "stroke": false}}, {"type": "Feature", "geometry": {"type": "Polygon", "coordinates": [[[134.25051595034077, 11.038999199446016], [134.24715451834925, 11.041318941385455], [134.2234453705598, 11.067549890056], [134.22261301527408, 11.096100580665984], [134.24715451834925, 11.123345884469677], [134.24941596775835, 11.124651271275969], [134.27808013696773, 11.135430070791834], [134.3090057555862, 11.137219262331465], [134.33993137420472, 11.129449372293626], [134.34722136311944, 11.124651271275969], [134.3708569928232, 11.109493854464517], [134.3842538718236, 11.096100580665984], [134.398974403885, 11.067549890056], [134.38620686366843, 11.038999199446017], [134.3708569928232, 11.031064830119107], [134.33993137420472, 11.024574672706851], [134.3090057555862, 11.023434808195844], [134.27808013696773, 11.02760061773462], [134.25051595034077, 11.038999199446016]]]}, "properties": {"fillColor": "#0000FF", "fillOpacity": 0.7, "color": "#000000", "weight": 0.2, "stroke": false}}, {"type": "Feature", "geometry": {"type": "Polygon", "coordinates": [[[134.58733632315264, 11.009955888732705], [134.5891776417674, 11.010448508836035], [134.58733632315264, 11.019434686156844], [134.58620591345345, 11.010448508836037], [134.58733632315264, 11.009955888732705]]]}, "properties": {"fillColor": "#0000FF", "fillOpacity": 0.7, "color": "#000000", "weight": 0.2, "stroke": false}}, {"type": "Feature", "geometry": {"type": "Polygon", "coordinates": [[[134.7110387976266, 11.057678992252274], [134.74067113357006, 11.067549890056], [134.7419644162451, 11.06778241168088], [134.7728900348636, 11.079300289140352], [134.80381565348208, 11.090529639265936], [134.82576264668333, 11.096100580665984], [134.8347412721006, 11.097166104423602], [134.86566689071907, 11.101991669253126], [134.89659250933755, 11.117073472032537], [134.90717412737118, 11.124651271275969], [134.90692722433138, 11.153201961885951], [134.89659250933755, 11.1654067500559], [134.89354448798406, 11.181752652495936], [134.8864468286248, 11.21030334310592], [134.88079948623647, 11.238854033715903], [134.8765337590005, 11.267404724325885], [134.87068015462248, 11.295955414935872], [134.86566689071907, 11.32211836475442], [134.86555443863318, 11.324506105545854], [134.86161550942523, 11.353056796155837], [134.8479767628882, 11.381607486765821], [134.8347412721006, 11.391613462768492], [134.80381565348208, 11.405358555360827], [134.7728900348636, 11.407784282599048], [134.7419644162451, 11.405222684632841], [134.7110387976266, 11.394512111738269], [134.6938751102339, 11.381607486765821], [134.68011317900812, 11.373416988050433], [134.6582569664523, 11.353056796155837], [134.64918756038963, 11.338073048587422], [134.63785643851864, 11.324506105545854], [134.62628531128166, 11.295955414935872], [134.62302709321978, 11.267404724325885], [134.62346082813687, 11.238854033715903], [134.62609112257047, 11.21030334310592], [134.62994583184633, 11.181752652495936], [134.64029544785126, 11.153201961885951], [134.64918756038963, 11.140077337804414], [134.6577733844849, 11.124651271275969], [134.66880528460234, 11.096100580665984], [134.68011317900812, 11.073934699734647], [134.68787775604613, 11.067549890056], [134.7110387976266, 11.057678992252274]]]}, "properties": {"fillColor": "#0000FF", "fillOpacity": 0.7, "color": "#000000", "weight": 0.2, "stroke": false}}, {"type": "Feature", "geometry": {"type": "Polygon", "coordinates": [[[134.70504162557359, 11.096100580665984], [134.68290681358917, 11.12465127127597], [134.68011317900812, 11.127803810211942], [134.66071982756048, 11.153201961885951], [134.64918756038963, 11.181373907425149], [134.6490025051342, 11.181752652495936], [134.6408789216577, 11.21030334310592], [134.63557025003536, 11.238854033715903], [134.63428085091215, 11.267404724325885], [134.63986268108607, 11.295955414935872], [134.64918756038963, 11.312168773891873], [134.65295805531247, 11.324506105545854], [134.6754584142427, 11.353056796155837], [134.68011317900812, 11.357392950171834], [134.7110387976266, 11.379179747996787], [134.719012931688, 11.381607486765823], [134.7419644162451, 11.393665910125305], [134.7728900348636, 11.39646348760784], [134.80381565348208, 11.387420460560332], [134.81274050467186, 11.381607486765823], [134.8347412721006, 11.355312577656624], [134.83646486007726, 11.353056796155837], [134.84969100413872, 11.324506105545854], [134.85542192038355, 11.295955414935872], [134.8607489012027, 11.267404724325885], [134.8617804668549, 11.238854033715903], [134.86321780358105, 11.210303343105918], [134.86566689071907, 11.192914244630561], [134.86963530208655, 11.181752652495934], [134.87535617524435, 11.153201961885951], [134.86566689071907, 11.136544790016828], [134.85674409413525, 11.124651271275969], [134.8347412721006, 11.113082264086309], [134.80381565348208, 11.106192663211669], [134.7728900348636, 11.10059773808394], [134.75236928340695, 11.096100580665984], [134.7419644162451, 11.091247740728548], [134.7110387976266, 11.090780777150986], [134.70504162557359, 11.096100580665984]]]}, "properties": {"fillColor": "#0000FF", "fillOpacity": 0.7, "color": "#000000", "weight": 0.2, "stroke": false}}, {"type": "Feature", "geometry": {"type": "Polygon", "coordinates": [[[134.95844374657455, 11.210039713599505], [134.98936936519303, 11.18910035844667], [135.02029498381154, 11.197820495902805], [135.05122060243002, 11.208918582376816], [135.058626090463, 11.21030334310592], [135.0757659556984, 11.238854033715903], [135.06049030375019, 11.267404724325885], [135.05122060243002, 11.27967716778851], [135.04550691359867, 11.295955414935872], [135.0344448844566, 11.324506105545854], [135.02111241567928, 11.353056796155837], [135.02029498381154, 11.35465027987132], [135.00804550833746, 11.381607486765821], [135.00352299052145, 11.410158177375806], [135.00497404052823, 11.438708867985788], [135.01535395862396, 11.467259558595773], [135.02029498381154, 11.473880984028742], [135.04510112988748, 11.495810249205757], [135.05122060243002, 11.499503490404729], [135.0821462210485, 11.51084242853155], [135.113071839667, 11.519194624998875], [135.12991508174116, 11.52436093981574], [135.1439974582855, 11.527187994404725], [135.17492307690398, 11.532117616385445], [135.20584869552246, 11.53453545556696], [135.23677431414097, 11.534018377258587], [135.26769993275946, 11.530441038375692], [135.2978123002659, 11.52436093981574], [135.29862555137794, 11.524047289116682], [135.32955116999642, 11.50644710796875], [135.342405765472, 11.495810249205757], [135.36047678861493, 11.475642448465084], [135.36473921958003, 11.467259558595773], [135.37778444995323, 11.438708867985788], [135.39140240723341, 11.417978351984203], [135.3961311786618, 11.410158177375806], [135.42158748550764, 11.381607486765821], [135.4223280258519, 11.380884095937917], [135.4532536444704, 11.359030681207013], [135.4744779868314, 11.353056796155837], [135.4841792630889, 11.348854242627844], [135.51510488170737, 11.345882235488974], [135.54603050032588, 11.35190360924658], [135.54965037648992, 11.353056796155837], [135.57695611894437, 11.36659336910391], [135.60453455304813, 11.38160748676582], [135.60788173756285, 11.40845212650679], [135.60825315444015, 11.410158177375806], [135.60788173756285, 11.410355105318699], [135.59287246618663, 11.438708867985788], [135.59251593079125, 11.467259558595773], [135.60457615317344, 11.495810249205757], [135.60788173756285, 11.50162366833808], [135.62379992733275, 11.52436093981574], [135.63450102555348, 11.552911630425722], [135.6381286951539, 11.581462321035707], [135.63880735618136, 11.597445120330509], [135.64002386334755, 11.610013011645691], [135.64188734450926, 11.638563702255672], [135.64647421008627, 11.66711439286566], [135.65749554734288, 11.695665083475642], [135.66973297479984, 11.716988978763823], [135.67796719273417, 11.724215774085625], [135.69877120697547, 11.752766464695608], [135.70065859341832, 11.759525200923417], [135.7088154289627, 11.781317155305592], [135.70668863941975, 11.809867845915578], [135.70065859341832, 11.82393746346462], [135.6944832757186, 11.838418536525559], [135.66973297479984, 11.866028893446462], [135.66836112429846, 11.866969227135543], [135.63880735618136, 11.886405637633903], [135.6253155141734, 11.895519917745528], [135.60788173756285, 11.90852659442955], [135.57765421478382, 11.924070608355509], [135.57695611894437, 11.924408712089141], [135.5722972039335, 11.92407060835551], [135.54603050032588, 11.92224541829512], [135.51510488170737, 11.904765683449327], [135.50768561400946, 11.895519917745528], [135.48909333955103, 11.866969227135543], [135.4841792630889, 11.85989251272618], [135.4703350031362, 11.838418536525559], [135.4532536444704, 11.818484134505452], [135.44306046746215, 11.809867845915576], [135.4223280258519, 11.799964587827581], [135.39140240723341, 11.794138046052083], [135.36047678861493, 11.793833241888603], [135.32955116999642, 11.793442367013377], [135.29862555137794, 11.791369719768753], [135.26769993275946, 11.788423573607922], [135.23677431414097, 11.78483255633946], [135.22457945943836, 11.781317155305594], [135.20584869552246, 11.777104247361814], [135.17492307690398, 11.761526077205602], [135.16285273443677, 11.752766464695608], [135.1439974582855, 11.740386995402815], [135.12410662977305, 11.724215774085625], [135.113071839667, 11.716377412019053], [135.0864349819092, 11.695665083475642], [135.0821462210485, 11.692712040087132], [135.05122060243002, 11.671916429745934], [135.04428667994617, 11.667114392865658], [135.02029498381154, 11.651845165544472], [135.00055439214663, 11.638563702255674], [134.98936936519303, 11.630998207025625], [134.96016683649427, 11.610013011645691], [134.95844374657455, 11.608671667239058], [134.92751812795603, 11.582853905764228], [134.92599218265096, 11.581462321035707], [134.89659250933755, 11.555796899961765], [134.89269245762668, 11.552911630425722], [134.8663935778691, 11.52436093981574], [134.86566689071907, 11.519104924977945], [134.86225753763526, 11.495810249205757], [134.86566689071907, 11.478797219201674], [134.86757369840288, 11.467259558595773], [134.8773283922485, 11.438708867985788], [134.8887417547746, 11.410158177375806], [134.89659250933755, 11.393155082534468], [134.90117963051853, 11.381607486765821], [134.91153207646747, 11.353056796155837], [134.9266178588353, 11.324506105545854], [134.92751812795603, 11.323056983283855], [134.9387512883327, 11.295955414935872], [134.94499423870326, 11.267404724325885], [134.95047294705526, 11.238854033715903], [134.95837612660713, 11.21030334310592], [134.95844374657455, 11.210039713599505]]]}, "properties": {"fillColor": "#0000FF", "fillOpacity": 0.7, "color": "#000000", "weight": 0.2, "stroke": false}}, {"type": "Feature", "geometry": {"type": "Polygon", "coordinates": [[[135.46827204059855, 11.381607486765821], [135.4532536444704, 11.385100388776277], [135.4223280258519, 11.4077978809016], [135.42019344986295, 11.410158177375806], [135.3983567912183, 11.438708867985788], [135.39140240723341, 11.451469532232712], [135.3814794415492, 11.467259558595773], [135.36531458516532, 11.495810249205757], [135.36047678861493, 11.502593011676378], [135.3350037245189, 11.52436093981574], [135.32955116999642, 11.527653384164624], [135.29862555137794, 11.539572059485739], [135.26769993275946, 11.549707356753423], [135.2524613591279, 11.552911630425722], [135.23677431414097, 11.555157275344296], [135.20584869552246, 11.557191878155834], [135.17492307690398, 11.55718879053895], [135.1439974582855, 11.554831872170784], [135.12751843180658, 11.552911630425722], [135.113071839667, 11.5508640888696], [135.0821462210485, 11.54731497843473], [135.05122060243002, 11.542521570492701], [135.02029498381154, 11.531442979545112], [135.00908145575622, 11.52436093981574], [134.98936936519303, 11.50762498291743], [134.97901640300515, 11.495810249205757], [134.96816112008756, 11.467259558595773], [134.9634644382449, 11.438708867985788], [134.95844374657455, 11.424951281142175], [134.94517127112366, 11.438708867985788], [134.92751812795603, 11.46182975623909], [134.9251340157644, 11.467259558595773], [134.91890440031125, 11.495810249205757], [134.9272608205032, 11.52436093981574], [134.92751812795603, 11.524648744940087], [134.95560987169765, 11.552911630425722], [134.95844374657455, 11.555441652272439], [134.98686199926803, 11.581462321035707], [134.98936936519303, 11.583409676923875], [135.02029498381154, 11.6088174833599], [135.0213574103904, 11.610013011645691], [135.05122060243002, 11.63216054632488], [135.0582613536322, 11.638563702255674], [135.0821462210485, 11.655597024583432], [135.09726023829631, 11.667114392865658], [135.113071839667, 11.678469589004], [135.13772891173898, 11.695665083475642], [135.1439974582855, 11.700346498742865], [135.17492307690398, 11.721705867751982], [135.1788221456449, 11.724215774085625], [135.20584869552243, 11.740682375811941], [135.23677431414097, 11.751715706635153], [135.24197314680845, 11.752766464695608], [135.26769993275946, 11.758726265561897], [135.29862555137794, 11.763802248566385], [135.32955116999642, 11.767840301133889], [135.36047678861493, 11.770348366980482], [135.39140240723341, 11.772135610579124], [135.4223280258519, 11.7767353831864], [135.43600152820508, 11.781317155305594], [135.4532536444704, 11.790541725896164], [135.47988871775152, 11.809867845915576], [135.4841792630889, 11.814614949773402], [135.50681762285632, 11.838418536525559], [135.51510488170737, 11.84901391265598], [135.5410045622289, 11.866969227135543], [135.54603050032588, 11.870718750903919], [135.57695611894437, 11.871515892584005], [135.58461642177699, 11.866969227135543], [135.60788173756282, 11.854004601540492], [135.63225728307864, 11.838418536525559], [135.63880735618136, 11.832895285353176], [135.65807950923866, 11.809867845915576], [135.65962175339072, 11.781317155305594], [135.64986569994815, 11.752766464695608], [135.63880735618136, 11.733567795852666], [135.6353482622824, 11.724215774085625], [135.62768713873845, 11.695665083475642], [135.62503059473795, 11.667114392865658], [135.6248252869455, 11.638563702255674], [135.62435397279833, 11.610013011645691], [135.6214321310327, 11.581462321035707], [135.61254343482327, 11.552911630425722], [135.60788173756285, 11.544862289882637], [135.5985801718991, 11.52436093981574], [135.57695611894437, 11.496232011569276], [135.57665151535167, 11.495810249205757], [135.56138495054674, 11.467259558595773], [135.54990854652488, 11.438708867985788], [135.54603050032588, 11.425506720683195], [135.54198742220228, 11.410158177375806], [135.51510488170737, 11.381730032210255], [135.5145413519486, 11.381607486765821], [135.4841792630889, 11.376260251587532], [135.46827204059855, 11.381607486765821]]]}, "properties": {"fillColor": "#0000FF", "fillOpacity": 0.7, "color": "#000000", "weight": 0.2, "stroke": false}}, {"type": "Feature", "geometry": {"type": "Polygon", "coordinates": [[[146.3081457795608, 11.552550196790698], [146.3125773890059, 11.552911630425722], [146.33907139817927, 11.554526205812305], [146.36999701679778, 11.565743275272919], [146.39489749656394, 11.581462321035707], [146.4009226354163, 11.58470724570717], [146.43184825403478, 11.605078991873388], [146.43826612572204, 11.610013011645691], [146.46277387265326, 11.623290480019548], [146.48680767693884, 11.638563702255674], [146.49369949127174, 11.641343648257024], [146.52462510989022, 11.654937344962146], [146.5451378783777, 11.667114392865658], [146.55555072850873, 11.67165188528623], [146.58647634712722, 11.688819779888538], [146.5966505844275, 11.695665083475642], [146.6174019657457, 11.709669990775714], [146.63673209059783, 11.724215774085625], [146.6483275843642, 11.735971135486146], [146.6668976526669, 11.752766464695608], [146.6792532029827, 11.77574262856806], [146.68316553780664, 11.781317155305594], [146.67956034009813, 11.809867845915576], [146.6792532029827, 11.810165480138396], [146.6483275843642, 11.831732991577722], [146.62284633457057, 11.83841853652556], [146.6174019657457, 11.83980670118599], [146.58647634712722, 11.844512577079982], [146.55555072850873, 11.847681840191235], [146.52462510989022, 11.847348629493656], [146.49369949127174, 11.842581688849743], [146.47859220839416, 11.838418536525559], [146.46277387265326, 11.835864185221308], [146.43184825403478, 11.83055747707596], [146.40092263541626, 11.825953935730102], [146.36999701679778, 11.823252422017752], [146.33907139817927, 11.826381863815815], [146.3081457795608, 11.837894818659647], [146.30703435425173, 11.838418536525559], [146.2772201609423, 11.85310639855527], [146.24629454232382, 11.86562880008248], [146.24313693728115, 11.866969227135543], [146.2153689237053, 11.883630036114944], [146.20211926119225, 11.895519917745528], [146.18444330508683, 11.923893997064878], [146.18437171202254, 11.92407060835551], [146.18193335141757, 11.952621298965495], [146.18444330508683, 11.96482388726982], [146.1882139143466, 11.98117198957548], [146.19710460237008, 12.009722680185462], [146.20094183918405, 12.038273370795444], [146.1956107390243, 12.066824061405429], [146.18444330508683, 12.083775498270189], [146.17777996227576, 12.095374752015413], [146.15351768646835, 12.117676846773481], [146.14527524607922, 12.123925442625396], [146.12259206784984, 12.138064863113472], [146.09166644923135, 12.148598023737149], [146.0618588228361, 12.152476133235378], [146.06074083061287, 12.152686940528005], [146.057543316191, 12.15247613323538], [146.0298152119944, 12.151329689041889], [145.99888959337588, 12.144666539723895], [145.96796397475737, 12.132699958427104], [145.9495633376732, 12.123925442625396], [145.93703835613888, 12.118515869060897], [145.9061127375204, 12.102609681674995], [145.89681368614362, 12.095374752015413], [145.87518711890192, 12.06804279651535], [145.87446366704296, 12.066824061405429], [145.86725479168484, 12.038273370795444], [145.87085101252873, 12.009722680185462], [145.87518711890192, 11.999546605808561], [145.88140814344965, 11.98117198957548], [145.898013046544, 11.952621298965497], [145.9061127375204, 11.941116355611923], [145.91970155458256, 11.92407060835551], [145.93703835613888, 11.899939289376665], [145.94072426735735, 11.895519917745528], [145.96077244111845, 11.866969227135543], [145.96796397475742, 11.858015198499618], [145.9842867581621, 11.838418536525559], [145.99888959337588, 11.824856733347248], [146.0235479667539, 11.809867845915576], [146.0298152119944, 11.806215040351418], [146.06074083061287, 11.79736103670931], [146.09166644923135, 11.791402822811081], [146.11523743521334, 11.781317155305594], [146.12259206784984, 11.776566780432843], [146.1441161189055, 11.752766464695608], [146.15351768646835, 11.741515370984079], [146.16800225255938, 11.724215774085625], [146.18444330508683, 11.709311063989993], [146.20250848253164, 11.695665083475642], [146.2153689237053, 11.684336353675237], [146.2285335804894, 11.667114392865658], [146.24068481813515, 11.638563702255674], [146.24629454232382, 11.62545202942188], [146.25125369342237, 11.610013011645691], [146.26609237783902, 11.581462321035707], [146.2772201609423, 11.567878274718158], [146.30737215558, 11.552911630425722], [146.3081457795608, 11.552550196790698]]]}, "properties": {"fillColor": "#0000FF", "fillOpacity": 0.7, "color": "#000000", "weight": 0.2, "stroke": false}}, {"type": "Feature", "geometry": {"type": "Polygon", "coordinates": [[[146.30284759856679, 11.610013011645691], [146.28780690098537, 11.638563702255674], [146.28495972205928, 11.66711439286566], [146.28553543900279, 11.695665083475642], [146.2793958217082, 11.724215774085625], [146.2772201609423, 11.746314630250208], [146.275721426376, 11.752766464695608], [146.2772201609423, 11.753793902473388], [146.3081457795608, 11.770657852578928], [146.33173777801744, 11.781317155305594], [146.33907139817927, 11.7830608782742], [146.36999701679778, 11.79065652767531], [146.40092263541624, 11.796703212037295], [146.43184825403478, 11.80391864096742], [146.4593488078043, 11.809867845915576], [146.46277387265326, 11.810762347282967], [146.49369949127174, 11.818948424421588], [146.52462510989022, 11.823303656426749], [146.55555072850873, 11.823567153278447], [146.58647634712722, 11.819809287721554], [146.61702579634436, 11.809867845915576], [146.6174019657457, 11.809550206439292], [146.63617698022875, 11.781317155305594], [146.62434194206384, 11.752766464695608], [146.6174019657457, 11.745902951142623], [146.59729819751672, 11.724215774085625], [146.58647634712722, 11.716061313016976], [146.5555507285087, 11.696200301111496], [146.55455384862938, 11.695665083475642], [146.52462510989022, 11.67981187473801], [146.49369949127174, 11.668245786989285], [146.49020453885777, 11.667114392865658], [146.46277387265326, 11.655212921869428], [146.43184825403478, 11.642895561229208], [146.4212571777661, 11.638563702255674], [146.40092263541626, 11.627607409889496], [146.36999701679778, 11.613146448447363], [146.3604063876988, 11.610013011645691], [146.33907139817927, 11.602273750866116], [146.3081457795608, 11.605181788202087], [146.30284759856679, 11.610013011645691]]]}, "properties": {"fillColor": "#0000FF", "fillOpacity": 0.7, "color": "#000000", "weight": 0.2, "stroke": false}}, {"type": "Feature", "geometry": {"type": "Polygon", "coordinates": [[[146.01712814485973, 11.866969227135543], [145.99888959337588, 11.895131666908261], [145.99863130671994, 11.895519917745528], [145.9773128081562, 11.92407060835551], [145.9679639747574, 11.9305370055501], [145.94175358100293, 11.952621298965497], [145.93703835613888, 11.955860947853308], [145.91539751008213, 11.98117198957548], [145.9061127375204, 11.998818710945677], [145.9013548224413, 12.009722680185462], [145.90040158179346, 12.038273370795444], [145.9061127375204, 12.050523792757378], [145.91735979216872, 12.06682406140543], [145.93703835613888, 12.081436379832077], [145.96165703704347, 12.095374752015413], [145.9679639747574, 12.098677564419523], [145.99888959337588, 12.1143540067033], [146.02756776675824, 12.123925442625396], [146.0298152119944, 12.124681042716961], [146.06074083061287, 12.126993578069785], [146.07405358028987, 12.123925442625396], [146.09166644923135, 12.119917858871899], [146.12259206784984, 12.102865034548977], [146.13184059518073, 12.095374752015413], [146.15125257443987, 12.066824061405429], [146.15351768646835, 12.049012064773583], [146.15521502953504, 12.038273370795444], [146.15351768646835, 12.03169348426654], [146.14834405834117, 12.009722680185462], [146.13506361408042, 11.98117198957548], [146.12259206784984, 11.955444432597004], [146.12086228129687, 11.952621298965493], [146.11160432205713, 11.92407060835551], [146.10846214157903, 11.895519917745528], [146.09932792603166, 11.866969227135543], [146.09166644923135, 11.860758406067514], [146.06074083061287, 11.848744647201798], [146.0298152119944, 11.855520704282744], [146.01712814485973, 11.866969227135543]]]}, "properties": {"fillColor": "#0000FF", "fillOpacity": 0.7, "color": "#000000", "weight": 0.2, "stroke": false}}, {"type": "Feature", "geometry": {"type": "Polygon", "coordinates": [[[148.31831098976272, 11.55155818213443], [148.34755162378653, 11.552911630425722], [148.3492366083812, 11.55294026154291], [148.3801622269997, 11.554376635936022], [148.4110878456182, 11.556839161796699], [148.44201346423668, 11.56203304827252], [148.4729390828552, 11.57446411352454], [148.48312848515297, 11.581462321035707], [148.50386470147367, 11.602937788440718], [148.5095048978602, 11.610013011645691], [148.52092318223103, 11.638563702255674], [148.52076438699672, 11.667114392865658], [148.50770280765454, 11.695665083475642], [148.50386470147367, 11.700171672594879], [148.4812813942322, 11.724215774085625], [148.4729390828552, 11.7307886364038], [148.44201346423668, 11.745717976384283], [148.4110878456182, 11.750193618108408], [148.3801622269997, 11.752545087417198], [148.37688231062725, 11.752766464695608], [148.3492366083812, 11.76803580120055], [148.3390056169142, 11.781317155305594], [148.3492366083812, 11.784814984933499], [148.3801622269997, 11.797254085220416], [148.4068514810789, 11.809867845915576], [148.4110878456182, 11.81082730773767], [148.44201346423668, 11.818697423590082], [148.4729390828552, 11.829477663557359], [148.49290239697874, 11.838418536525559], [148.50386470147367, 11.842583394353621], [148.53479032009216, 11.858485701948416], [148.54759248106444, 11.866969227135543], [148.56571593871064, 11.886436258071637], [148.57387722053724, 11.895519917745528], [148.58018037117506, 11.92407060835551], [148.56571593871064, 11.948841295869206], [148.56379402503453, 11.952621298965495], [148.53479032009216, 11.974886159201482], [148.5209501040559, 11.98117198957548], [148.50386470147367, 11.98931731288997], [148.4729390828552, 11.99963089024605], [148.44201346423668, 12.007465858587533], [148.43201254092833, 12.009722680185462], [148.4110878456182, 12.017350216763045], [148.3801622269997, 12.026374299906703], [148.3492366083812, 12.033453945281055], [148.32213806753924, 12.038273370795444], [148.31831098976272, 12.03930358330267], [148.28738537114424, 12.04572344460193], [148.2564597525257, 12.050924050991812], [148.22553413390725, 12.054704216135285], [148.19460851528876, 12.05769894391677], [148.16368289667025, 12.06037335765297], [148.13275727805177, 12.06317103592009], [148.1018316594333, 12.06614557132238], [148.0953597636754, 12.066824061405429], [148.0709060408148, 12.07104885251434], [148.03998042219632, 12.07570550484392], [148.0090548035778, 12.078991677791533], [147.9781291849593, 12.080732773722492], [147.94720356634082, 12.080679945831431], [147.91627794772234, 12.080155204965797], [147.88535232910385, 12.076297040094502], [147.8587452954875, 12.066824061405427], [147.85442671048537, 12.06602769156143], [147.82350109186686, 12.056997008221737], [147.79257547324838, 12.041030831808772], [147.7875526663717, 12.038273370795444], [147.76164985462987, 12.023421882491256], [147.74153249025292, 12.009722680185462], [147.73356399997758, 11.98117198957548], [147.74858957422597, 11.952621298965493], [147.76164985462987, 11.92438631971606], [147.76170490499712, 11.92407060835551], [147.76164985462987, 11.92152778098615], [147.76042065215478, 11.895519917745526], [147.76164985462987, 11.876053145480478], [147.76186094716138, 11.866969227135543], [147.76164985462987, 11.865910894461626], [147.75081802560982, 11.838418536525559], [147.74194812054608, 11.809867845915576], [147.7395900623558, 11.781317155305594], [147.74167316823065, 11.752766464695608], [147.74805935061994, 11.724215774085625], [147.75906541098536, 11.69566508347564], [147.76164985462987, 11.68947360614906], [147.7710092623053, 11.66711439286566], [147.79257547324838, 11.64283893023136], [147.81401182591117, 11.638563702255674], [147.82350109186686, 11.63661445145882], [147.82784361446835, 11.638563702255674], [147.85442671048537, 11.644570675997697], [147.88535232910385, 11.651059202703792], [147.91627794772234, 11.651415927403153], [147.94720356634082, 11.648830123448885], [147.9781291849593, 11.643959442521842], [148.00272304583683, 11.638563702255674], [148.0090548035778, 11.635585365874359], [148.0399804221963, 11.622157534273743], [148.0709060408148, 11.613791084879024], [148.09067213638426, 11.610013011645691], [148.1018316594333, 11.60571233934057], [148.13275727805177, 11.595233406542793], [148.16368289667025, 11.585333122753836], [148.17422537818425, 11.581462321035707], [148.19460851528876, 11.572666754407853], [148.22553413390725, 11.562503914114892], [148.25645975252573, 11.556153139111148], [148.28738537114424, 11.553094423118802], [148.29341725654376, 11.552911630425722], [148.31831098976272, 11.55155818213443]]]}, "properties": {"fillColor": "#0000FF", "fillOpacity": 0.7, "color": "#000000", "weight": 0.2, "stroke": false}}, {"type": "Feature", "geometry": {"type": "Polygon", "coordinates": [[[148.25241421624696, 11.581462321035707], [148.22553413390725, 11.594442687676732], [148.19460851528876, 11.608523609484791], [148.19035410809323, 11.610013011645691], [148.16368289667025, 11.616795411957444], [148.13275727805177, 11.620789487133976], [148.1018316594333, 11.625217041223094], [148.0709060408148, 11.632035386504034], [148.0532643392096, 11.638563702255674], [148.0399804221963, 11.641578966998523], [148.0090548035778, 11.649902532228241], [147.9781291849593, 11.658887760435793], [147.94720356634082, 11.666827342224199], [147.9453462421408, 11.667114392865658], [147.91627794772234, 11.669163344438251], [147.88535232910385, 11.670189334302627], [147.85442671048537, 11.66859832327327], [147.8340700325225, 11.667114392865658], [147.82350109186686, 11.66532971157968], [147.82005037875456, 11.66711439286566], [147.79257547324838, 11.682376565177695], [147.78265364875577, 11.695665083475642], [147.7680653728785, 11.724215774085625], [147.76164985462987, 11.749494718372027], [147.76043372385425, 11.752766464695608], [147.75572927418798, 11.781317155305594], [147.76023268159682, 11.809867845915576], [147.76164985462987, 11.813130446561086], [147.76724433655934, 11.838418536525559], [147.77559544293769, 11.866969227135545], [147.77682043959024, 11.895519917745528], [147.7787998277014, 11.92407060835551], [147.77467599618836, 11.952621298965495], [147.76837476416335, 11.981171989575477], [147.77938732594583, 12.009722680185462], [147.79257547324838, 12.01929810256768], [147.82350109186686, 12.036919572696972], [147.82646858772634, 12.038273370795446], [147.85442671048537, 12.052249646391703], [147.88535232910385, 12.06003875861241], [147.91627794772234, 12.062673582317146], [147.94720356634082, 12.062486051713938], [147.9781291849593, 12.061619774156181], [148.00905480357784, 12.059200744661535], [148.0399804221963, 12.055042392234697], [148.0709060408148, 12.048882581482877], [148.1018316594333, 12.040987208284065], [148.11355730639139, 12.038273370795444], [148.13275727805177, 12.035214106475081], [148.16368289667025, 12.030560542872527], [148.19460851528876, 12.02603150140114], [148.22553413390725, 12.021730347631262], [148.25645975252573, 12.017339408835966], [148.28738537114424, 12.012123592194856], [148.29950928918834, 12.009722680185462], [148.31831098976272, 12.00710708740325], [148.3492366083812, 12.002189125316589], [148.3801622269997, 11.996222939890348], [148.4110878456182, 11.98905023329727], [148.4373322015687, 11.98117198957548], [148.44201346423668, 11.980208663219349], [148.4729390828552, 11.972250599002118], [148.50386470147367, 11.960180587550722], [148.51628880994997, 11.952621298965495], [148.53479032009216, 11.928984141736114], [148.53807217140445, 11.92407060835551], [148.53479032009216, 11.9111431836954], [148.5317217950671, 11.895519917745528], [148.50386470147367, 11.869765896908554], [148.500202586583, 11.866969227135543], [148.4729390828552, 11.852032543272502], [148.44201346423668, 11.840630972712557], [148.4349798513811, 11.838418536525559], [148.4110878456182, 11.828887634584374], [148.3801622269997, 11.819704013904246], [148.3492366083812, 11.812237982387854], [148.33803952438188, 11.809867845915576], [148.31831098976272, 11.801346590583652], [148.28738537114424, 11.789566645487378], [148.2677227974616, 11.781317155305594], [148.25645975252573, 11.759272110495436], [148.25368019350847, 11.75276646469561], [148.25645975252573, 11.749396261630531], [148.28738537114424, 11.733245430137945], [148.31831098976272, 11.73335700803082], [148.3492366083812, 11.737318628000525], [148.3801622269997, 11.738265121376582], [148.4110878456182, 11.735620996185894], [148.44201346423668, 11.726264574326224], [148.4455746676548, 11.724215774085625], [148.4729390828552, 11.710348996291756], [148.48799544275096, 11.695665083475642], [148.49974944940973, 11.667114392865656], [148.4996068057608, 11.638563702255674], [148.48759982984416, 11.610013011645691], [148.4729390828552, 11.595821189262328], [148.44505100046302, 11.581462321035707], [148.44201346423668, 11.57995266875098], [148.4110878456182, 11.5697814907634], [148.3801622269997, 11.5658350981663], [148.3492366083812, 11.564909743425385], [148.31831098976272, 11.566555976886297], [148.28738537114424, 11.57126806589277], [148.25645975252573, 11.580052355862918], [148.25241421624696, 11.581462321035707]]]}, "properties": {"fillColor": "#0000FF", "fillOpacity": 0.7, "color": "#000000", "weight": 0.2, "stroke": false}}, {"type": "Feature", "geometry": {"type": "Polygon", "coordinates": [[[135.7934354492738, 11.718305725759922], [135.82436106789228, 11.70169477541998], [135.8552866865108, 11.701722393974224], [135.88621230512928, 11.71757203293352], [135.89386147142872, 11.724215774085625], [135.91606059529317, 11.752766464695608], [135.91713792374776, 11.755627908435097], [135.93062622066572, 11.781317155305594], [135.9346786054005, 11.809867845915576], [135.92950181690776, 11.838418536525559], [135.91713792374776, 11.858617576670195], [135.90813927921437, 11.866969227135543], [135.88621230512928, 11.887555549474385], [135.8552866865108, 11.884970818304783], [135.8410773410426, 11.866969227135543], [135.82436106789228, 11.846868738879305], [135.8192096288565, 11.838418536525559], [135.7993906834086, 11.809867845915576], [135.7934354492738, 11.802580812072835], [135.77111999381896, 11.781317155305594], [135.76470227087566, 11.752766464695608], [135.78494387382057, 11.724215774085623], [135.7934354492738, 11.718305725759922]]]}, "properties": {"fillColor": "#0000FF", "fillOpacity": 0.7, "color": "#000000", "weight": 0.2, "stroke": false}}, {"type": "Feature", "geometry": {"type": "Polygon", "coordinates": [[[135.8018508207878, 11.752766464695608], [135.8026251525916, 11.781317155305592], [135.82436106789228, 11.805706551385933], [135.82855006698878, 11.809867845915576], [135.85483484238122, 11.838418536525559], [135.8552866865108, 11.838901959729307], [135.88621230512928, 11.845317037499614], [135.89366235836545, 11.838418536525559], [135.90887280051516, 11.809867845915576], [135.9065561147392, 11.781317155305594], [135.89243993026352, 11.752766464695608], [135.88621230512928, 11.745866956208348], [135.8552866865108, 11.72611747854139], [135.82436106789228, 11.730448041127689], [135.8018508207878, 11.752766464695608]]]}, "properties": {"fillColor": "#0000FF", "fillOpacity": 0.7, "color": "#000000", "weight": 0.2, "stroke": false}}, {"type": "Feature", "geometry": {"type": "Polygon", "coordinates": [[[141.11264185165427, 11.747314866402904], [141.14356747027279, 11.735923627557645], [141.17449308889127, 11.72967054127281], [141.20541870750975, 11.726955821797029], [141.23634432612823, 11.726798040931598], [141.26726994474674, 11.72900733916083], [141.29819556336523, 11.734664418256976], [141.3291211819837, 11.74789584460358], [141.3367925647105, 11.752766464695608], [141.36004680060222, 11.764413978578675], [141.38004210633937, 11.781317155305594], [141.3909724192207, 11.787053711106083], [141.42189803783918, 11.803480482037145], [141.43955840075174, 11.809867845915576], [141.45282365645767, 11.812554641283526], [141.48374927507618, 11.819913094949484], [141.51467489369466, 11.837228464668847], [141.5160926535903, 11.838418536525559], [141.52934536592517, 11.866969227135545], [141.5225069145677, 11.895519917745528], [141.51467489369466, 11.907170627719873], [141.50929534525366, 11.92407060835551], [141.49044391092, 11.952621298965495], [141.48374927507618, 11.959341615852304], [141.45324678597265, 11.98117198957548], [141.4528236564577, 11.981446366564569], [141.42189803783918, 11.99658766950935], [141.3909724192207, 12.002338283265697], [141.36004680060222, 12.004244203080345], [141.3291211819837, 12.003988265964878], [141.29819556336523, 12.002138609266286], [141.26726994474674, 11.998950206372594], [141.23634432612823, 11.996540190338042], [141.20541870750975, 11.998573869504327], [141.17449308889127, 12.004609833070269], [141.14811068382267, 12.009722680185462], [141.14356747027279, 12.011279240970037], [141.11264185165427, 12.01526063607117], [141.0817162330358, 12.012602726653732], [141.07036520305954, 12.009722680185462], [141.0507906144173, 12.005655759416191], [141.0198649957988, 11.9950107786537], [140.99533707706576, 11.98117198957548], [140.98893937718032, 11.97661461662888], [140.95959060556612, 11.952621298965495], [140.95801375856183, 11.951772161048874], [140.92708813994332, 11.929097991464406], [140.92413734705076, 11.92407060835551], [140.92708813994332, 11.912353864254236], [140.92944913941088, 11.895519917745528], [140.9421310358972, 11.866969227135543], [140.95801375856183, 11.846676934028448], [140.96360588725696, 11.838418536525559], [140.98893937718032, 11.814278968317124], [140.9943799064274, 11.809867845915576], [141.0198649957988, 11.791078175555146], [141.0392860937776, 11.781317155305594], [141.0507906144173, 11.774011264416151], [141.0817162330358, 11.75903770184202], [141.10127394337687, 11.752766464695608], [141.11264185165427, 11.747314866402904]]]}, "properties": {"fillColor": "#0000FF", "fillOpacity": 0.7, "color": "#000000", "weight": 0.2, "stroke": false}}, {"type": "Feature", "geometry": {"type": "Polygon", "coordinates": [[[141.15534418219642, 11.752766464695608], [141.14356747027279, 11.755460226865006], [141.11264185165427, 11.765308816759877], [141.08172384227728, 11.781317155305592], [141.0817162330358, 11.781320649600993], [141.0507906144173, 11.795606522516199], [141.0285766739214, 11.809867845915578], [141.0198649957988, 11.815910463935657], [140.9933651202025, 11.838418536525559], [140.98893937718032, 11.844554445333394], [140.97177871309952, 11.866969227135543], [140.96377007976326, 11.895519917745528], [140.98893937718032, 11.920185696670297], [140.99729388581412, 11.92407060835551], [141.0198649957988, 11.941366898255257], [141.03246209095676, 11.952621298965495], [141.0507906144173, 11.963909889203673], [141.0817162330358, 11.975475707423515], [141.11264185165427, 11.980401492804855], [141.14356747027279, 11.980559769203134], [141.17449308889127, 11.978562654300076], [141.20541870750975, 11.977680122749828], [141.23634432612823, 11.97908572251424], [141.2569788422541, 11.98117198957548], [141.26726994474674, 11.983190068326447], [141.29819556336523, 11.989672815343903], [141.3291211819837, 11.992824938230669], [141.36004680060222, 11.992818848833334], [141.3909724192207, 11.988616265537622], [141.41327771481056, 11.98117198957548], [141.42189803783918, 11.979135326104839], [141.4528236564577, 11.96447986752618], [141.46706473525444, 11.952621298965495], [141.48374927507618, 11.927504160847347], [141.48634056475154, 11.92407060835551], [141.4970990515738, 11.895519917745528], [141.49386824847414, 11.866969227135543], [141.48374927507618, 11.855020279111848], [141.4692141490188, 11.838418536525559], [141.4528236564577, 11.829329480431499], [141.42189803783918, 11.816698102931852], [141.4021626619931, 11.809867845915576], [141.3909724192207, 11.802829957809838], [141.36004680060222, 11.784213401340836], [141.35400308852348, 11.781317155305594], [141.3291211819837, 11.763647105830987], [141.29819556336523, 11.753414609025333], [141.29478952010098, 11.752766464695606], [141.26726994474674, 11.743633631453768], [141.23634432612823, 11.739760907381864], [141.20541870750975, 11.740466689725537], [141.17449308889127, 11.746046489264096], [141.15534418219642, 11.752766464695608]]]}, "properties": {"fillColor": "#0000FF", "fillOpacity": 0.7, "color": "#000000", "weight": 0.2, "stroke": false}}, {"type": "Feature", "geometry": {"type": "Polygon", "coordinates": [[[138.76229483664895, 11.968688060988576], [138.79322045526743, 11.968921852973182], [138.81726812563193, 11.98117198957548], [138.82414607388594, 11.986047442517117], [138.84622000663884, 12.009722680185462], [138.85507169250442, 12.020322538721576], [138.87480500863353, 12.038273370795444], [138.8859973111229, 12.04560733870089], [138.91692292974142, 12.053984355996555], [138.9478485483599, 12.049846441902883], [138.97877416697838, 12.038777984035669], [138.979948604947, 12.038273370795444], [139.0096997855969, 12.02404329810982], [139.04062540421538, 12.014270824097595], [139.06115662052287, 12.009722680185462], [139.07155102283386, 12.00609102542949], [139.10247664145237, 12.000466976697691], [139.13340226007085, 12.006880185390708], [139.1382800253181, 12.009722680185462], [139.16432787868933, 12.021570984931522], [139.18643871674786, 12.038273370795444], [139.19525349730782, 12.044273412807875], [139.2187623649882, 12.066824061405429], [139.22617911592633, 12.075179019807084], [139.24321469005457, 12.095374752015413], [139.2571047345448, 12.121724807160993], [139.25856849248328, 12.123925442625396], [139.2699456137978, 12.152476133235382], [139.27156729092428, 12.181026823845365], [139.2679952104081, 12.209577514455347], [139.26232588034, 12.238128205065333], [139.2571047345448, 12.255710529035143], [139.25583085323845, 12.266678895675314], [139.25071405411651, 12.295229586285298], [139.24169014014637, 12.323780276895281], [139.2280090913829, 12.352330967505267], [139.22617911592633, 12.35589510933615], [139.21953154615267, 12.38088165811525], [139.20342872622746, 12.409432348725232], [139.19525349730782, 12.420869776065894], [139.16432787868933, 12.436691302379758], [139.13340226007085, 12.43564182710071], [139.10247664145237, 12.432269739364852], [139.07155102283386, 12.425998783420951], [139.04062540421538, 12.42007772674708], [139.0096997855969, 12.412848236498585], [138.99764980674956, 12.409432348725232], [138.97877416697838, 12.405666457096556], [138.9478485483599, 12.396155981120888], [138.92010240254538, 12.38088165811525], [138.91692292974142, 12.379169404594533], [138.89142755591524, 12.352330967505265], [138.8859973111229, 12.338363899230867], [138.8803443492029, 12.323780276895281], [138.87253997859224, 12.295229586285298], [138.86568205713178, 12.266678895675314], [138.8562740411727, 12.238128205065331], [138.85507169250442, 12.235845248346443], [138.82414607388597, 12.217973655759128], [138.79322045526743, 12.211790496514206], [138.78543365462323, 12.209577514455347], [138.76229483664895, 12.20343905234294], [138.73136921803047, 12.184029869031484], [138.7281079469989, 12.181026823845365], [138.70327532551488, 12.152476133235382], [138.70044359941198, 12.147769396429347], [138.68656855938414, 12.123925442625396], [138.67779996849762, 12.095374752015413], [138.67582697732425, 12.066824061405429], [138.68117624890078, 12.038273370795444], [138.6977021342892, 12.009722680185462], [138.70044359941198, 12.00669535351082], [138.73136921803047, 11.981364867656135], [138.73184188534583, 11.98117198957548], [138.76229483664895, 11.968688060988576]]]}, "properties": {"fillColor": "#0000FF", "fillOpacity": 0.7, "color": "#000000", "weight": 0.2, "stroke": false}}, {"type": "Feature", "geometry": {"type": "Polygon", "coordinates": [[[138.7497136888529, 12.009722680185462], [138.73136921803047, 12.021800657141448], [138.71870213425044, 12.038273370795444], [138.71088802515544, 12.066824061405429], [138.7140804033501, 12.095374752015413], [138.72599367155772, 12.123925442625396], [138.73136921803047, 12.131711818041332], [138.74996997912078, 12.15247613323538], [138.76229483664895, 12.162469808498827], [138.79322045526743, 12.176726460000957], [138.80893731435316, 12.181026823845365], [138.82414607388594, 12.184733757549928], [138.8550716925044, 12.197691215902092], [138.86313429535642, 12.209577514455347], [138.87739431913496, 12.238128205065331], [138.8859973111229, 12.261537682532817], [138.88689460352737, 12.266678895675314], [138.89235352768844, 12.295229586285298], [138.90214150072586, 12.323780276895281], [138.91692292974142, 12.344464032770514], [138.92523009579455, 12.352330967505265], [138.9478485483599, 12.368561256568118], [138.97877416697838, 12.380559470614939], [138.97963662578906, 12.38088165811525], [139.0096997855969, 12.394902673708149], [139.04062540421538, 12.403623021924163], [139.07155102283383, 12.408628651600607], [139.07601916378806, 12.409432348725232], [139.10247664145237, 12.41896669345224], [139.13340226007085, 12.424393750134374], [139.16432787868933, 12.418787655410306], [139.17665856615105, 12.409432348725232], [139.19525349730782, 12.38756553664691], [139.19996606338324, 12.38088165811525], [139.21495083105142, 12.352330967505267], [139.22292342414318, 12.323780276895281], [139.22617911592633, 12.310193489862591], [139.23351559455494, 12.295229586285298], [139.24250499564323, 12.266678895675312], [139.24637191371352, 12.23812820506533], [139.24794638978392, 12.209577514455347], [139.2480153375022, 12.181026823845365], [139.24431362323233, 12.15247613323538], [139.23268782126488, 12.123925442625396], [139.22617911592633, 12.114409443649595], [139.21228429705948, 12.095374752015413], [139.19525349730782, 12.07727343242648], [139.18041654669807, 12.066824061405429], [139.16432787868933, 12.05520011981208], [139.13340226007085, 12.042705818301819], [139.10545349713425, 12.038273370795444], [139.10247664145237, 12.037738497475232], [139.07155102283386, 12.038232326366053], [139.07135054829874, 12.038273370795444], [139.04062540421538, 12.042903628097944], [139.0096997855969, 12.053408330374001], [138.98436140576382, 12.066824061405427], [138.97877416697838, 12.069880374752962], [138.9478485483599, 12.083754211625845], [138.91692292974142, 12.089987735040122], [138.8859973111229, 12.085904440671337], [138.85507169250442, 12.070456174366543], [138.850509170369, 12.066824061405429], [138.82414607388594, 12.041724782527785], [138.82074278881362, 12.038273370795444], [138.79409478220057, 12.009722680185462], [138.79322045526743, 12.009043003705763], [138.76229483664895, 12.003826938589457], [138.7497136888529, 12.009722680185462]]]}, "properties": {"fillColor": "#0000FF", "fillOpacity": 0.7, "color": "#000000", "weight": 0.2, "stroke": false}}, {"type": "Feature", "geometry": {"type": "Polygon", "coordinates": [[[144.76186484863624, 12.11651911332855], [144.79279046725472, 12.108033628344332], [144.82371608587323, 12.104832678569785], [144.8546417044917, 12.10546833051388], [144.8855673231102, 12.110091969794972], [144.91649294172868, 12.121367389812866], [144.92124567370848, 12.123925442625396], [144.9474185603472, 12.137742364988968], [144.9665386160153, 12.15247613323538], [144.97834417896567, 12.163732795076935], [144.9961549022725, 12.181026823845365], [145.00926979758418, 12.197295117167574], [145.01989127336392, 12.209577514455347], [145.0401027214268, 12.238128205065331], [145.04019541620266, 12.238385145656151], [145.05490379690127, 12.266678895675314], [145.04983057457156, 12.295229586285298], [145.04019541620266, 12.302479979395226], [145.00926979758418, 12.323596455930188], [145.0089779616691, 12.323780276895281], [144.97834417896567, 12.339911967122706], [144.9474185603472, 12.347732830260178], [144.91649294172868, 12.349540792316818], [144.8855673231102, 12.352148257076648], [144.88454552000695, 12.352330967505265], [144.8546417044917, 12.360270049085278], [144.82371608587323, 12.367227683412352], [144.79279046725472, 12.372404387550391], [144.76186484863624, 12.37555592939985], [144.73093923001775, 12.377111930048477], [144.70001361139924, 12.376985492541046], [144.66908799278076, 12.375247710358067], [144.63816237416228, 12.373572515899738], [144.6072367555438, 12.374393447633954], [144.57631113692528, 12.378822808068442], [144.56844168996426, 12.38088165811525], [144.5453855183068, 12.39020928735175], [144.5144598996883, 12.403658963505048], [144.5024566157171, 12.409432348725232], [144.4835342810698, 12.421561960348573], [144.45350569300984, 12.437983039335217], [144.45260866245133, 12.438598518018033], [144.42168304383284, 12.455057447486007], [144.39075742521436, 12.465263084718595], [144.38063791313203, 12.4665337299452], [144.35983180659585, 12.469907924620957], [144.33626233615223, 12.4665337299452], [144.32890618797737, 12.46492726431313], [144.30118596311308, 12.437983039335217], [144.29907734380618, 12.409432348725232], [144.3092738178415, 12.38088165811525], [144.32890618797737, 12.355856376074799], [144.3319283135623, 12.352330967505265], [144.35983180659585, 12.331611192669715], [144.37522643439326, 12.323780276895281], [144.39075742521436, 12.317450608917488], [144.42168304383284, 12.308489502211728], [144.45260866245133, 12.301175761746023], [144.4735051413026, 12.295229586285298], [144.4835342810698, 12.29191042870623], [144.5144598996883, 12.279150038225396], [144.5401855835188, 12.266678895675314], [144.5453855183068, 12.263660908102793], [144.57631113692528, 12.243759584735713], [144.58484558344952, 12.238128205065331], [144.6072367555438, 12.22191103418203], [144.62608259802352, 12.209577514455347], [144.63816237416228, 12.199925817746493], [144.66352773314082, 12.181026823845365], [144.66908799278076, 12.176181012213842], [144.6995522688726, 12.15247613323538], [144.70001361139924, 12.15210153746241], [144.73093923001775, 12.130491629964068], [144.74710075208733, 12.123925442625396], [144.76186484863624, 12.11651911332855]]]}, "properties": {"fillColor": "#0000FF", "fillOpacity": 0.7, "color": "#000000", "weight": 0.2, "stroke": false}}, {"type": "Feature", "geometry": {"type": "Polygon", "coordinates": [[[144.73527634613563, 12.15247613323538], [144.73093923001775, 12.155003224654406], [144.70001361139924, 12.177667467379425], [144.69598344797865, 12.181026823845365], [144.66908799278076, 12.201727767918022], [144.65932848255142, 12.209577514455347], [144.63816237416228, 12.224413370542221], [144.61943553755992, 12.238128205065331], [144.6072367555438, 12.2470075848365], [144.57988473787697, 12.266678895675314], [144.57631113692528, 12.269955080951764], [144.5453855183068, 12.29174375700116], [144.5391099795233, 12.295229586285298], [144.5144598996883, 12.312422443616843], [144.486243354096, 12.323780276895281], [144.4835342810698, 12.325882691773266], [144.45260866245133, 12.340056146826093], [144.42168304383284, 12.352109866119276], [144.42122975599068, 12.352330967505265], [144.3939558993709, 12.38088165811525], [144.42168304383284, 12.399724621861246], [144.45260866245133, 12.392236473596967], [144.4835342810698, 12.381671794424625], [144.48531461797398, 12.38088165811525], [144.5144598996883, 12.367597197623578], [144.5453855183068, 12.359942330463438], [144.57631113692528, 12.354648492613183], [144.59662761020323, 12.352330967505265], [144.6072367555438, 12.351371256923422], [144.6381623741623, 12.351297814865243], [144.65408400739202, 12.352330967505265], [144.66908799278076, 12.353632636513526], [144.70001361139924, 12.356750826406994], [144.73093923001775, 12.357624200206372], [144.76186484863624, 12.35521262908501], [144.77914458812214, 12.352330967505265], [144.79279046725472, 12.350762013932156], [144.82371608587323, 12.34535060287592], [144.8546417044917, 12.338264277599116], [144.8855673231102, 12.329946493133745], [144.91649294172868, 12.323820349702801], [144.9167204007414, 12.323780276895281], [144.9474185603472, 12.318716460030313], [144.97834417896567, 12.30562157103899], [144.99280863316727, 12.295229586285298], [145.00926979758418, 12.269542595123438], [145.01092213674357, 12.266678895675314], [145.00926979758418, 12.261954117265516], [145.00347805048207, 12.238128205065331], [144.9816514182352, 12.209577514455347], [144.97834417896567, 12.205874371069287], [144.95614926265134, 12.181026823845365], [144.9474185603472, 12.172790192252993], [144.9231813689456, 12.15247613323538], [144.91649294172868, 12.148031133351287], [144.8855673231102, 12.133399079045079], [144.8546417044917, 12.127025986259516], [144.82371608587323, 12.12572316621575], [144.79279046725472, 12.12895775433529], [144.76186484863624, 12.137684375703046], [144.73527634613563, 12.15247613323538]]]}, "properties": {"fillColor": "#0000FF", "fillOpacity": 0.7, "color": "#000000", "weight": 0.2, "stroke": false}}, {"type": "Feature", "geometry": {"type": "Polygon", "coordinates": [[[145.1948235092951, 12.319474451042327], [145.22574912791362, 12.310491942521846], [145.2566747465321, 12.303734783773761], [145.28760036515058, 12.301426801755563], [145.31852598376906, 12.304638478529084], [145.34945160238757, 12.319646090663237], [145.35526582503167, 12.323780276895281], [145.38017710662731, 12.352330967505265], [145.38037722100606, 12.353138196386302], [145.39285554083196, 12.38088165811525], [145.38680607453597, 12.409432348725232], [145.38037722100606, 12.41715512003389], [145.35585350773118, 12.437983039335219], [145.34945160238757, 12.441496564536948], [145.31852598376906, 12.45027532042014], [145.28760036515058, 12.448151584925746], [145.26093662306636, 12.437983039335217], [145.2566747465321, 12.43686990930918], [145.22574912791362, 12.42050843024549], [145.21112194096105, 12.409432348725232], [145.1948235092951, 12.393530223910798], [145.1794667481318, 12.38088165811525], [145.16389789067662, 12.356496673783482], [145.15969795197873, 12.352330967505265], [145.16389789067662, 12.34191363355124], [145.17879856543632, 12.323780276895281], [145.1948235092951, 12.319474451042327]]]}, "properties": {"fillColor": "#0000FF", "fillOpacity": 0.7, "color": "#000000", "weight": 0.2, "stroke": false}}, {"type": "Feature", "geometry": {"type": "Polygon", "coordinates": [[[145.26050334768834, 12.323780276895281], [145.25667474653213, 12.324324305527274], [145.22574912791362, 12.337534092432872], [145.2064712476259, 12.352330967505267], [145.21372651079994, 12.38088165811525], [145.22574912791362, 12.392350531328987], [145.24537903968042, 12.409432348725232], [145.2566747465321, 12.417078986281792], [145.28760036515058, 12.429136933341425], [145.31852598376906, 12.429619211260194], [145.34945160238757, 12.414014788075423], [145.35458417320584, 12.409432348725232], [145.36591779455227, 12.38088165811525], [145.3555615823933, 12.352330967505265], [145.34945160238757, 12.346099874627551], [145.31852598376906, 12.325037929991831], [145.3105585602143, 12.323780276895281], [145.28760036515058, 12.319150147263716], [145.26050334768834, 12.323780276895281]]]}, "properties": {"fillColor": "#0000FF", "fillOpacity": 0.7, "color": "#000000", "weight": 0.2, "stroke": false}}, {"type": "Feature", "geometry": {"type": "Polygon", "coordinates": [[[120.73265918206859, 12.58035537801176], [120.76358480068711, 12.574474850034793], [120.7945104193056, 12.575852678955805], [120.82032818411572, 12.580736492385135], [120.82543603792408, 12.581079151736978], [120.85636165654257, 12.58551978461602], [120.88728727516107, 12.593814573081275], [120.91300096166323, 12.609287182995118], [120.91821289377955, 12.611097113635271], [120.94913851239806, 12.617518488958451], [120.98006413101655, 12.625932707084054], [121.01098974963503, 12.630445983567352], [121.03812444112339, 12.637837873605102], [121.04191536825353, 12.638170251200293], [121.07284098687201, 12.64468846420101], [121.10298350424952, 12.666388564215087], [121.1037666054905, 12.667281112282696], [121.12490727956798, 12.69493925482507], [121.12837133251821, 12.723489945435054], [121.1239696274034, 12.752040636045038], [121.1053207226442, 12.78059132665502], [121.10376660549049, 12.78230099879868], [121.07284098687201, 12.808906702379085], [121.07230694739096, 12.809142017265003], [121.04191536825353, 12.82647482525195], [121.01098974963503, 12.831613351858481], [120.98006413101653, 12.831660501058582], [120.94913851239806, 12.829663124815852], [120.91821289377955, 12.82430309534849], [120.88852590141676, 12.809142017265003], [120.88728727516107, 12.808708226742361], [120.85636165654257, 12.792179912719886], [120.84083228558325, 12.78059132665502], [120.82543603792408, 12.772573092980602], [120.7945104193056, 12.757993729579502], [120.78223301833316, 12.752040636045036], [120.7635848006871, 12.746607258587952], [120.7326591820686, 12.725573497875574], [120.72937703861994, 12.723489945435054], [120.70173356345012, 12.699408066196412], [120.69636335174054, 12.69493925482507], [120.67685985516832, 12.666388564215087], [120.67290281544608, 12.637837873605102], [120.68330352585295, 12.609287182995118], [120.70173356345012, 12.593983538205505], [120.73160296272684, 12.580736492385135], [120.73265918206859, 12.58035537801176]]]}, "properties": {"fillColor": "#0000FF", "fillOpacity": 0.7, "color": "#000000", "weight": 0.2, "stroke": false}}, {"type": "Feature", "geometry": {"type": "Polygon", "coordinates": [[[120.73175074580523, 12.609287182995118], [120.71082831456023, 12.6378378736051], [120.71225603661895, 12.666388564215087], [120.7305845241895, 12.69493925482507], [120.7326591820686, 12.696796072572694], [120.75463185697328, 12.723489945435052], [120.7635848006871, 12.729917300482896], [120.7945104193056, 12.743864093396517], [120.82047981317706, 12.752040636045036], [120.82543603792408, 12.754717913372936], [120.85636165654256, 12.77497286129458], [120.86500667448468, 12.78059132665502], [120.88728727516107, 12.79704093290173], [120.91821289377955, 12.80848931825425], [120.92228880880066, 12.809142017265001], [120.94913851239805, 12.8177130822625], [120.98006413101652, 12.821646087542664], [121.01098974963503, 12.82121215930103], [121.04191536825353, 12.810660706546493], [121.04457825850872, 12.809142017265003], [121.07284098687202, 12.796688554672112], [121.09073918095822, 12.78059132665502], [121.1037666054905, 12.755977406994704], [121.10645318850474, 12.752040636045036], [121.11468904126534, 12.723489945435052], [121.10609803791462, 12.69493925482507], [121.1037666054905, 12.691889063990194], [121.08139305078313, 12.666388564215087], [121.07284098687201, 12.660231791047337], [121.04191536825353, 12.646382621399416], [121.01098974963503, 12.641770418821725], [120.98006413101653, 12.639876161394337], [120.96004317861102, 12.637837873605102], [120.94913851239805, 12.633717431676283], [120.91821289377954, 12.622437065365371], [120.88728727516107, 12.610448037156795], [120.88106231549452, 12.609287182995118], [120.85636165654259, 12.59841269566823], [120.82543603792408, 12.591612877440785], [120.79451041930558, 12.590324033626306], [120.7635848006871, 12.593969972689013], [120.7326591820686, 12.60868769573201], [120.73175074580523, 12.609287182995118]]]}, "properties": {"fillColor": "#0000FF", "fillOpacity": 0.7, "color": "#000000", "weight": 0.2, "stroke": false}}, {"type": "Feature", "geometry": {"type": "Polygon", "coordinates": [[[143.80317067146302, 13.166155659764932], [143.8340962900815, 13.160678305863087], [143.8650219087, 13.162238583070035], [143.89594752731847, 13.172501861396784], [143.90757247912782, 13.180300995194791], [143.92687314593698, 13.205280534807827], [143.92935071039437, 13.208851685804776], [143.94483978525682, 13.237402376414758], [143.9496179981358, 13.265953067024743], [143.9469731087381, 13.294503757634725], [143.92687314593698, 13.321338266182197], [143.92469882466224, 13.32305444824471], [143.89594752731847, 13.338268160994044], [143.8650219087, 13.342280425114879], [143.8340962900815, 13.3416804241871], [143.80317067146302, 13.336821231364084], [143.78185907785937, 13.323054448244712], [143.7722450528445, 13.314911459373228], [143.75573957031878, 13.294503757634725], [143.7474078540061, 13.265953067024743], [143.74630442794063, 13.237402376414758], [143.75262005502339, 13.208851685804778], [143.7722450528445, 13.18589034222938], [143.77996340968602, 13.180300995194791], [143.80317067146302, 13.166155659764932]]]}, "properties": {"fillColor": "#0000FF", "fillOpacity": 0.7, "color": "#000000", "weight": 0.2, "stroke": false}}, {"type": "Feature", "geometry": {"type": "Polygon", "coordinates": [[[143.81675157997114, 13.180300995194791], [143.80317067146302, 13.183150919883634], [143.7728197709871, 13.208851685804776], [143.77224505284448, 13.210297959096726], [143.75940260546471, 13.237402376414758], [143.76056358587806, 13.265953067024743], [143.7722450528445, 13.289403785478349], [143.7742766642364, 13.294503757634725], [143.80317067146302, 13.320359147566858], [143.8182781584128, 13.323054448244708], [143.8340962900815, 13.327350154776596], [143.8650219087, 13.327234194679052], [143.8804635343634, 13.32305444824471], [143.89594752731847, 13.319817142224219], [143.92491916702352, 13.294503757634725], [143.92687314593698, 13.28559441429088], [143.93243722907192, 13.265953067024743], [143.92687314593698, 13.243022342804135], [143.92625726835357, 13.237402376414758], [143.91501463232584, 13.208851685804778], [143.89594752731847, 13.189373348571184], [143.87159435478802, 13.180300995194791], [143.8650219087, 13.177449515515855], [143.8340962900815, 13.174782344411629], [143.81675157997114, 13.180300995194791]]]}, "properties": {"fillColor": "#0000FF", "fillOpacity": 0.7, "color": "#000000", "weight": 0.2, "stroke": false}}, {"type": "Feature", "geometry": {"type": "Polygon", "coordinates": [[[146.9575837705491, 14.765249251081297], [146.9885093891676, 14.758648381896027], [147.0194350077861, 14.758895654106468], [147.0503606264046, 14.768784104885476], [147.06425664586425, 14.779139669353878], [147.07480836592634, 14.80769035996386], [147.06729567099092, 14.836241050573843], [147.0503606264046, 14.857583670145482], [147.04541678147805, 14.864791741183828], [147.0194350077861, 14.887907894132935], [147.01193220446038, 14.89334243179381], [146.9885093891676, 14.90923070643145], [146.9575837705491, 14.920255225505986], [146.94565872025018, 14.921893122403795], [146.9266581519306, 14.92634885044318], [146.9070056093286, 14.921893122403795], [146.89573253331213, 14.919418035322101], [146.87067703256682, 14.893342431793808], [146.86607599298884, 14.864791741183828], [146.87158704515952, 14.836241050573843], [146.89126987096353, 14.80769035996386], [146.89573253331213, 14.803467714014744], [146.9266581519306, 14.781129521520228], [146.93124391587384, 14.779139669353876], [146.9575837705491, 14.765249251081297]]]}, "properties": {"fillColor": "#0000FF", "fillOpacity": 0.7, "color": "#000000", "weight": 0.2, "stroke": false}}, {"type": "Feature", "geometry": {"type": "Polygon", "coordinates": [[[146.9206797648855, 14.80769035996386], [146.89715110334257, 14.836241050573843], [146.89573253331213, 14.842868618038654], [146.89013951766205, 14.864791741183828], [146.89573253331213, 14.878389176942814], [146.90775568535832, 14.89334243179381], [146.9266581519306, 14.902315128266324], [146.9575837705491, 14.899068894957207], [146.9692684791536, 14.89334243179381], [146.9885093891676, 14.884117731669193], [147.01302260839685, 14.864791741183826], [147.0194350077861, 14.856411361582612], [147.03507177798332, 14.836241050573843], [147.03839971966912, 14.80769035996386], [147.0194350077861, 14.788338443913332], [146.9885093891676, 14.781668030600908], [146.9575837705491, 14.787234473897108], [146.9266581519306, 14.80299467963412], [146.9206797648855, 14.80769035996386]]]}, "properties": {"fillColor": "#0000FF", "fillOpacity": 0.7, "color": "#000000", "weight": 0.2, "stroke": false}}, {"type": "Feature", "geometry": {"type": "Polygon", "coordinates": [[[147.9781291849593, 14.779106249066377], [148.0090548035778, 14.76594201734573], [148.0399804221963, 14.760674976548412], [148.0709060408148, 14.75963001989802], [148.1018316594333, 14.760596408881312], [148.13275727805177, 14.763599178363119], [148.16368289667025, 14.769685175560056], [148.19041116986764, 14.779139669353876], [148.19460851528876, 14.781076930281172], [148.2217363705308, 14.80769035996386], [148.22138783247607, 14.836241050573843], [148.20913092651608, 14.864791741183826], [148.19460851528876, 14.880634856942851], [148.18386490737078, 14.89334243179381], [148.16368289667025, 14.909198831928816], [148.13899504909102, 14.921893122403795], [148.13275727805177, 14.925523440922312], [148.1018316594333, 14.93923336182361], [148.0709060408148, 14.946360896198831], [148.0421192335618, 14.950443813013779], [148.0399804221963, 14.95114897479999], [148.0090548035778, 14.95908054010716], [147.9781291849593, 14.962876572094874], [147.94720356634082, 14.962503434662167], [147.91627794772234, 14.95803149088258], [147.88965769363483, 14.950443813013779], [147.88535232910385, 14.94895638639799], [147.85442671048537, 14.9337299975548], [147.8365821813538, 14.921893122403795], [147.83457388165516, 14.89334243179381], [147.85442671048537, 14.871463286889309], [147.85841553842783, 14.864791741183828], [147.88535232910385, 14.841935466293496], [147.89076328634886, 14.836241050573843], [147.91627794772234, 14.816150624765527], [147.92693219007418, 14.80769035996386], [147.94720356634082, 14.793183595661805], [147.97807033812958, 14.779139669353876], [147.9781291849593, 14.779106249066377]]]}, "properties": {"fillColor": "#0000FF", "fillOpacity": 0.7, "color": "#000000", "weight": 0.2, "stroke": false}}, {"type": "Feature", "geometry": {"type": "Polygon", "coordinates": [[[147.96286213953724, 14.80769035996386], [147.94720356634082, 14.818924054680595], [147.92664289878013, 14.836241050573843], [147.91627794772234, 14.849549528346802], [147.90126978409145, 14.864791741183828], [147.89021378020428, 14.89334243179381], [147.9047704397228, 14.921893122403795], [147.91627794772234, 14.928238042969108], [147.94720356634082, 14.939559991139735], [147.9781291849593, 14.94354408674381], [148.0090548035778, 14.942976279104316], [148.03998042219632, 14.939339811977092], [148.0709060408148, 14.932644401614512], [148.0983510546875, 14.921893122403795], [148.1018316594333, 14.92084039802372], [148.13275727805177, 14.907882994714939], [148.1537758142347, 14.89334243179381], [148.16368289667025, 14.883048026454123], [148.1807489598344, 14.864791741183826], [148.19011952469066, 14.836241050573843], [148.17978849693657, 14.80769035996386], [148.16368289667025, 14.796763304117286], [148.13275727805177, 14.785500481752113], [148.1018316594333, 14.780808343420148], [148.0709060408148, 14.779430774839147], [148.0399804221963, 14.780478729368614], [148.0090548035778, 14.78574379876413], [147.9781291849593, 14.7979971836024], [147.96286213953724, 14.80769035996386]]]}, "properties": {"fillColor": "#0000FF", "fillOpacity": 0.7, "color": "#000000", "weight": 0.2, "stroke": false}}, {"type": "Feature", "geometry": {"type": "Polygon", "coordinates": [[[148.50386470147367, 14.97787812371532], [148.53479032009216, 14.968212931383935], [148.56571593871064, 14.966828951234632], [148.59664155732915, 14.974696565534884], [148.60411177673512, 14.97899450362376], [148.62756717594763, 14.992912925140267], [148.64146039548976, 15.007545194233748], [148.65379624252728, 15.036095884843728], [148.65463694756448, 15.064646575453711], [148.6475662534811, 15.093197266063697], [148.62986270276997, 15.12174795667368], [148.62756717594763, 15.124564697868905], [148.61102274019066, 15.150298647283662], [148.59664155732915, 15.164632636542258], [148.58201666447508, 15.178849337893647], [148.56571593871064, 15.192847918141686], [148.5462939670897, 15.207400028503631], [148.53479032009216, 15.216643251233648], [148.50624267073462, 15.235950719113614], [148.50386470147367, 15.237850148537825], [148.4729390828552, 15.26098337691759], [148.46727717290705, 15.264501409723598], [148.44201346423668, 15.283651106391474], [148.42365586457635, 15.293052100333583], [148.4110878456182, 15.302001761980154], [148.3801622269997, 15.315556455270592], [148.35265182767367, 15.321602790943565], [148.3492366083812, 15.322954975022627], [148.31831098976272, 15.328239939204568], [148.28738537114424, 15.331794652109483], [148.25645975252573, 15.339691663187061], [148.23387161696058, 15.350153481553548], [148.22553413390725, 15.354984735353124], [148.19460851528876, 15.376117970143138], [148.1912033901475, 15.378704172163532], [148.16368289667025, 15.402431072665276], [148.15819256315703, 15.407254862773517], [148.13275727805177, 15.431111998002569], [148.12685858201917, 15.435805553383501], [148.1018316594333, 15.457595065093532], [148.0950807469119, 15.464356243993484], [148.0709060408148, 15.48946624153034], [148.06809385872333, 15.492906934603468], [148.0399804221963, 15.520324905236603], [148.03637625722135, 15.52145762521345], [148.0090548035778, 15.532469959535238], [147.9781291849593, 15.52343972484602], [147.97625112715838, 15.52145762521345], [147.96246120095356, 15.492906934603468], [147.9595590717092, 15.464356243993484], [147.96259167316174, 15.435805553383501], [147.972817541011, 15.407254862773517], [147.9781291849593, 15.399195544491969], [147.9901542211095, 15.37870417216353], [148.0090548035778, 15.358005439288725], [148.01662164703424, 15.350153481553551], [148.0399804221963, 15.329200985192896], [148.0488606327863, 15.321602790943565], [148.0709060408148, 15.302428291160094], [148.08105681513447, 15.293052100333583], [148.1018316594333, 15.272265175774901], [148.1085702305811, 15.264501409723598], [148.13275727805177, 15.236758281214899], [148.13335089943732, 15.235950719113614], [148.15391140536, 15.207400028503631], [148.16368289667025, 15.195469885528986], [148.17561393637504, 15.178849337893647], [148.19460851528876, 15.156162432217183], [148.19915546618873, 15.150298647283662], [148.22365798568575, 15.12174795667368], [148.22553413390725, 15.119683281449193], [148.248429364206, 15.093197266063695], [148.25645975252573, 15.085355626615222], [148.2837540876229, 15.064646575453713], [148.28738537114427, 15.061884258565176], [148.31831098976272, 15.04498927753881], [148.34604844295052, 15.036095884843728], [148.3492366083812, 15.034671479149017], [148.3801622269997, 15.022311106403492], [148.4110878456182, 15.012614813380722], [148.42662990632283, 15.007545194233746], [148.44201346423668, 15.0010575790661], [148.4729390828552, 14.987592857760863], [148.501327298726, 14.97899450362376], [148.50386470147367, 14.97787812371532]]]}, "properties": {"fillColor": "#0000FF", "fillOpacity": 0.7, "color": "#000000", "weight": 0.2, "stroke": false}}, {"type": "Feature", "geometry": {"type": "Polygon", "coordinates": [[[148.4846525791376, 15.007545194233746], [148.4729390828552, 15.012319498487955], [148.44201346423668, 15.027678973906326], [148.4254734923072, 15.036095884843728], [148.4110878456182, 15.042253272048452], [148.3801622269997, 15.053915221804], [148.3547281280123, 15.064646575453713], [148.3492366083812, 15.066397353326568], [148.31831098976272, 15.077293130202381], [148.28952786038587, 15.093197266063697], [148.28738537114424, 15.09427885304224], [148.25676162667307, 15.12174795667368], [148.25645975252573, 15.122005711826112], [148.23054137519745, 15.150298647283664], [148.22553413390725, 15.156032452732804], [148.2050691110454, 15.178849337893645], [148.19460851528876, 15.193623048904355], [148.18303328260026, 15.207400028503631], [148.16368289667025, 15.235848377942062], [148.16359882892513, 15.235950719113614], [148.14137273432863, 15.264501409723596], [148.13275727805177, 15.27551980294195], [148.11696992934554, 15.293052100333583], [148.1018316594333, 15.308975923355005], [148.08816050776056, 15.321602790943565], [148.0709060408148, 15.336449370464027], [148.05514477378614, 15.350153481553551], [148.0399804221963, 15.365293175491999], [148.02674861464217, 15.378704172163534], [148.0090548035778, 15.405519226847218], [148.00790943359468, 15.407254862773517], [148.00049064307998, 15.435805553383501], [148.00549431765535, 15.464356243993482], [148.0090548035778, 15.469741894291262], [148.0399804221963, 15.471209474327999], [148.0457126138287, 15.464356243993484], [148.06640046618608, 15.435805553383503], [148.0709060408148, 15.431798363131339], [148.10043551346533, 15.407254862773517], [148.10183165943326, 15.406409952314208], [148.13275727805177, 15.38399745401353], [148.13875206974814, 15.378704172163532], [148.16368289667025, 15.357884895569399], [148.17379293040392, 15.350153481553551], [148.19460851528876, 15.334987822154954], [148.21793307148857, 15.321602790943565], [148.22553413390725, 15.31737025699315], [148.25645975252573, 15.305688016524343], [148.28738537114424, 15.30029676062112], [148.31831098976272, 15.300431327586637], [148.3492366083812, 15.30018116382959], [148.37871775336555, 15.29305210033358], [148.3801622269997, 15.292835868666776], [148.4110878456182, 15.282134635826973], [148.43863691249032, 15.264501409723598], [148.44201346423668, 15.262753166951287], [148.4729390828552, 15.242713459530043], [148.48163810098785, 15.235950719113614], [148.50386470147367, 15.220544481519807], [148.52055354027917, 15.207400028503631], [148.53479032009216, 15.196763526322986], [148.55647746525463, 15.178849337893647], [148.56571593871064, 15.17068163688768], [148.58719370325548, 15.150298647283664], [148.59664155732915, 15.138273263466157], [148.61029627630217, 15.12174795667368], [148.62443621790834, 15.093197266063697], [148.6275671759476, 15.08006859047736], [148.63315112412846, 15.064646575453713], [148.62968025694096, 15.036095884843728], [148.62756717594763, 15.032618229907188], [148.60909906702767, 15.007545194233746], [148.59664155732915, 14.998290201396593], [148.56571593871064, 14.98859327485901], [148.53479032009216, 14.989250856684624], [148.50386470147367, 14.997825743803894], [148.4846525791376, 15.007545194233746]]]}, "properties": {"fillColor": "#0000FF", "fillOpacity": 0.7, "color": "#000000", "weight": 0.2, "stroke": false}}, {"type": "Feature", "geometry": {"type": "Polygon", "coordinates": [[[145.72055902580945, 14.991769838539314], [145.75148464442796, 14.982614479940601], [145.78241026304644, 14.980466783247815], [145.81333588166493, 14.980276491651884], [145.84426150028344, 14.979118392418878], [145.87518711890192, 14.986395640737383], [145.9061127375204, 14.989214511764736], [145.93703835613888, 14.990342646867573], [145.9679639747574, 14.99024729354252], [145.99888959337588, 14.989843037739211], [146.0298152119944, 14.990471861492747], [146.06074083061287, 14.993056806155504], [146.09166644923135, 14.99840207336159], [146.11699299987657, 15.007545194233746], [146.12259206784984, 15.0085844760332], [146.15351768646835, 15.019806041776516], [146.17767336178426, 15.036095884843728], [146.18444330508683, 15.039270668526346], [146.2153689237053, 15.06060558405225], [146.22036678844003, 15.064646575453711], [146.24629454232382, 15.08112012364504], [146.264383119485, 15.093197266063697], [146.2772201609423, 15.098548846239355], [146.3081457795608, 15.10485891381304], [146.33907139817927, 15.112560371031993], [146.35705229049694, 15.12174795667368], [146.36999701679778, 15.126444650284341], [146.3979867416197, 15.150298647283664], [146.40092263541626, 15.154789901475134], [146.4168514317868, 15.178849337893647], [146.4215601446739, 15.207400028503631], [146.41918660445936, 15.235950719113614], [146.40905945517338, 15.264501409723598], [146.40092263541626, 15.2757607584013], [146.39327160506886, 15.293052100333583], [146.36999701679778, 15.317693829047114], [146.36673961119257, 15.321602790943565], [146.33907139817927, 15.3467930014364], [146.33455846732753, 15.350153481553548], [146.3081457795608, 15.370465230952504], [146.28017312721173, 15.378704172163534], [146.2772201609423, 15.380484331586395], [146.24629454232382, 15.391609228453223], [146.2153689237053, 15.395348685365224], [146.18444330508683, 15.398407374973171], [146.15351768646835, 15.403689095775063], [146.13932929138582, 15.407254862773517], [146.12259206784984, 15.416771721339085], [146.09166644923135, 15.430292237199394], [146.07159785175068, 15.4358055533835], [146.06074083061287, 15.441145308365195], [146.0298152119944, 15.44821833975423], [145.99888959337588, 15.448014152241202], [145.9679639747574, 15.44362298449633], [145.9435923434936, 15.435805553383501], [145.93703835613888, 15.43372777347014], [145.9061127375204, 15.411272708318396], [145.90256850986717, 15.407254862773517], [145.8858808526648, 15.378704172163534], [145.87518711890192, 15.36358579934965], [145.85741079167323, 15.350153481553551], [145.84426150028344, 15.343569087503038], [145.81333588166493, 15.324184774648044], [145.81054188909482, 15.321602790943563], [145.79257997914675, 15.293052100333583], [145.78997757201205, 15.2645014097236], [145.79357920996938, 15.235950719113614], [145.79743458952458, 15.207400028503631], [145.79742466711426, 15.178849337893647], [145.79088093049887, 15.150298647283666], [145.78241026304644, 15.131971657806828], [145.77267712292337, 15.12174795667368], [145.75148464442796, 15.104066977925758], [145.7349736876401, 15.093197266063697], [145.72055902580945, 15.08293738861731], [145.6986810138796, 15.064646575453711], [145.68981962941078, 15.036095884843728], [145.70019736498057, 15.007545194233746], [145.72055902580945, 14.991769838539314]]]}, "properties": {"fillColor": "#0000FF", "fillOpacity": 0.7, "color": "#000000", "weight": 0.2, "stroke": false}}, {"type": "Feature", "geometry": {"type": "Polygon", "coordinates": [[[145.74552376183888, 15.007545194233746], [145.72055902580945, 15.035245533806666], [145.72007216703514, 15.036095884843728], [145.72055902580945, 15.037159771571147], [145.73212033688057, 15.064646575453711], [145.75148464442796, 15.079697478238458], [145.76600169698696, 15.093197266063699], [145.78241026304644, 15.107336896691821], [145.7923593047644, 15.12174795667368], [145.80773195770817, 15.150298647283664], [145.81333588166493, 15.166382005006295], [145.81523557056371, 15.178849337893649], [145.81664728547423, 15.207400028503631], [145.81744187729987, 15.235950719113612], [145.81984828562383, 15.264501409723598], [145.8308861742819, 15.293052100333583], [145.84426150028344, 15.306365257714933], [145.8651370943898, 15.321602790943565], [145.87518711890192, 15.32792681195969], [145.90610068605977, 15.35015348155355], [145.9061127375204, 15.35016971425335], [145.91983927731144, 15.378704172163532], [145.93703835613888, 15.40115257323923], [145.94338045863608, 15.407254862773517], [145.9679639747574, 15.42100708938332], [145.99888959337588, 15.428904905536722], [146.0298152119944, 15.430333303209055], [146.06074083061287, 15.425638625400692], [146.09166644923135, 15.413831467483723], [146.10362407842422, 15.407254862773517], [146.12259206784984, 15.401403086738505], [146.15351768646835, 15.392203791461117], [146.18444330508683, 15.384577640288866], [146.21536892370528, 15.37997115774491], [146.22213775474407, 15.378704172163532], [146.24629454232382, 15.377181341856598], [146.2772201609423, 15.372005892496782], [146.3081457795608, 15.356415093957446], [146.31628816110026, 15.350153481553551], [146.33907139817927, 15.333188316847224], [146.3517966113594, 15.321602790943565], [146.36999701679778, 15.299761884412055], [146.37633453733582, 15.293052100333583], [146.39446923041723, 15.264501409723596], [146.4008431940793, 15.235950719113614], [146.40092263541624, 15.23376525127073], [146.40343963760793, 15.207400028503631], [146.40092263541626, 15.199162312437158], [146.39704031293445, 15.178849337893647], [146.3740661182789, 15.150298647283664], [146.36999701679778, 15.146830791306575], [146.33907139817927, 15.129708379480288], [146.3081457795608, 15.123863779426259], [146.29437889729428, 15.12174795667368], [146.2772201609423, 15.116596695828065], [146.24629454232382, 15.10067638011818], [146.2343341862351, 15.093197266063697], [146.2153689237053, 15.078662131861691], [146.19204492302387, 15.064646575453713], [146.18444330508683, 15.05894024985879], [146.15351768646835, 15.041407065385757], [146.13733352717406, 15.036095884843728], [146.12259206784984, 15.028429864954564], [146.09166644923135, 15.020029609599291], [146.06074083061287, 15.01621231547513], [146.0298152119944, 15.014283040301382], [145.99888959337588, 15.013436216809524], [145.9679639747574, 15.012808543854373], [145.93703835613888, 15.01137086962239], [145.9061127375204, 15.009203301751992], [145.8907920458888, 15.007545194233746], [145.87518711890192, 15.004349799673891], [145.84426150028344, 14.991051333473237], [145.81333588166493, 14.996152187142059], [145.78241026304644, 14.998773356762934], [145.75148464442796, 15.004771702088235], [145.74552376183888, 15.007545194233746]]]}, "properties": {"fillColor": "#0000FF", "fillOpacity": 0.7, "color": "#000000", "weight": 0.2, "stroke": false}}, {"type": "Feature", "geometry": {"type": "Polygon", "coordinates": [[[121.28932031720143, 15.94078037175159], [121.32024593581994, 15.93445432424395], [121.35117155443844, 15.931889325184912], [121.38209717305692, 15.931783958576448], [121.41302279167542, 15.932791571519562], [121.4439484102939, 15.934840720044347], [121.47487402891238, 15.940569672298459], [121.49615970714589, 15.949717984363206], [121.50579964753089, 15.952282482447629], [121.53672526614938, 15.9670193543299], [121.55082628200716, 15.97826867497319], [121.56765088476787, 15.983637018808862], [121.59857650338637, 15.99713628539962], [121.61319379359749, 16.006819365583173], [121.62950212200485, 16.03147499338681], [121.63268735803156, 16.03537005619316], [121.64626590919997, 16.06392074680314], [121.65026192751927, 16.092471437413124], [121.64474014826936, 16.121022128023107], [121.62950212200485, 16.141833737946946], [121.62135350776748, 16.14957281863309], [121.59857650338637, 16.163628399599105], [121.56765088476787, 16.168501494814105], [121.53672526614938, 16.164929418281577], [121.50579964753089, 16.149979508168503], [121.50521182507526, 16.14957281863309], [121.4748740289124, 16.134132514496518], [121.46194766536274, 16.121022128023107], [121.4439484102939, 16.10290322967177], [121.4179799673981, 16.092471437413124], [121.41302279167542, 16.090939159540792], [121.38209717305692, 16.08636757162658], [121.35117155443842, 16.079933988977242], [121.32024593581994, 16.07067413984463], [121.30095941715011, 16.06392074680314], [121.28932031720144, 16.05879327056991], [121.25839469858295, 16.043072581764676], [121.24600957242689, 16.03537005619316], [121.22746907996448, 16.006955884522743], [121.22738860301081, 16.006819365583173], [121.22746907996445, 16.006414381916755], [121.23284087460523, 15.97826867497319], [121.25839469858296, 15.954839734263818], [121.26627085091347, 15.949717984363206], [121.28932031720143, 15.94078037175159]]]}, "properties": {"fillColor": "#0000FF", "fillOpacity": 0.7, "color": "#000000", "weight": 0.2, "stroke": false}}, {"type": "Feature", "geometry": {"type": "Polygon", "coordinates": [[[121.33473923982004, 15.97826867497319], [121.32024593581994, 16.002611103961208], [121.31806482543763, 16.006819365583173], [121.32024593581994, 16.00951616941369], [121.33792715199723, 16.03537005619316], [121.35117155443845, 16.042619390854735], [121.38209717305692, 16.057892143857757], [121.39422764988463, 16.06392074680314], [121.41302279167542, 16.070531157947656], [121.4439484102939, 16.083030288127137], [121.45334304933442, 16.092471437413124], [121.4748740289124, 16.11336695272331], [121.48776196713814, 16.121022128023107], [121.50579964753089, 16.132983149754565], [121.53672526614938, 16.144720319608147], [121.56765088476787, 16.14738418240459], [121.59857650338637, 16.138482487273215], [121.6172338307366, 16.121022128023107], [121.62672102730212, 16.092471437413124], [121.62387833189294, 16.06392074680314], [121.61287009670568, 16.03537005619316], [121.59857650338637, 16.018396206813534], [121.58819632926418, 16.006819365583173], [121.56765088476789, 15.994859091966621], [121.53672526614938, 15.984576402239597], [121.51842780962725, 15.97826867497319], [121.50579964753089, 15.970667407548188], [121.4748740289124, 15.960560824733468], [121.4439484102939, 15.957176839846607], [121.41302279167542, 15.957996261146569], [121.38209717305693, 15.962448499686806], [121.35117155443844, 15.971241552209554], [121.33473923982004, 15.97826867497319]]]}, "properties": {"fillColor": "#0000FF", "fillOpacity": 0.7, "color": "#000000", "weight": 0.2, "stroke": false}}, {"type": "Feature", "geometry": {"type": "Polygon", "coordinates": [[[148.93682336213254, 16.369840381596482], [148.96774898075103, 16.36438069850619], [148.98047830105133, 16.37797834351296], [148.9986745993695, 16.400862700829535], [149.00239947070614, 16.406529034122947], [149.0192767461193, 16.43507972473293], [149.02960021798802, 16.454812692510306], [149.03001096576418, 16.463630415342912], [149.03124611663145, 16.492181105952895], [149.0323684885048, 16.520731796562877], [149.0333913262335, 16.54928248717286], [149.03432458722688, 16.577833177782846], [149.03517783190685, 16.606383868392832], [149.0359596382055, 16.634934559002815], [149.03667642193545, 16.663485249612798], [149.03733250764026, 16.69203594022278], [149.03795012403563, 16.720586630832763], [149.0605258366065, 16.742437118752665], [149.0677833812975, 16.74913732144275], [149.06835176103897, 16.77768801205273], [149.068856400986, 16.806238702662718], [149.06929626333462, 16.8347893932727], [149.06966936772835, 16.863340083882683], [149.0699733755069, 16.891890774492666], [149.07020342344822, 16.92044146510265], [149.07034947039236, 16.948992155712634], [149.07040211190267, 16.977542846322617], [149.0703620185205, 17.006093536932603], [149.07023712656593, 17.034644227542586], [149.07006993046653, 17.06319491815257], [149.091451455225, 17.084384306660734], [149.09942509146543, 17.09174560876255], [149.09905918934413, 17.120296299372534], [149.09860022473114, 17.14884698998252], [149.09804587454553, 17.177397680592502], [149.0973975627017, 17.20594837120249], [149.09665931200033, 17.23449906181247], [149.09583360578492, 17.263049752422454], [149.0949147922407, 17.291600443032436], [149.09388904691298, 17.32015113364242], [149.0927362256056, 17.348701824252405], [149.091451455225, 17.376659500994432], [149.09115168816476, 17.37725251486239], [149.07661809085704, 17.405803205472374], [149.0607037126641, 17.434353896082357], [149.0605258366065, 17.434639327168664], [149.0437690272829, 17.46290458669234], [149.02960021798802, 17.482767075551884], [149.01944143658054, 17.49145527730232], [148.9986745993695, 17.50641749104968], [148.96774898075103, 17.51018566943487], [148.93682336213254, 17.50138667796487], [148.9158410642373, 17.49145527730232], [148.90589774351406, 17.486500183919944], [148.87497212489558, 17.468303574018258], [148.86689742594712, 17.46290458669234], [148.84404650627707, 17.446382900239648], [148.8301600617259, 17.434353896082357], [148.81312088765858, 17.418027717811444], [148.80279765897228, 17.405803205472374], [148.78219526904007, 17.378102775990133], [148.7816740176007, 17.37725251486239], [148.76619537696337, 17.348701824252405], [148.75292115408382, 17.32015113364242], [148.7512696504216, 17.316078847745214], [148.74256434996477, 17.291600443032436], [148.7337905183013, 17.263049752422454], [148.7262909636562, 17.23449906181247], [148.7203440318031, 17.20744473883551], [148.72002979300117, 17.20594837120249], [148.7151610527209, 17.177397680592502], [148.7114828433916, 17.14884698998252], [148.7091325300696, 17.120296299372534], [148.7082466647826, 17.09174560876255], [148.70895280344584, 17.06319491815257], [148.7113352915971, 17.034644227542586], [148.71538750523882, 17.006093536932603], [148.7203440318031, 16.980795282408764], [148.72093497234098, 16.977542846322617], [148.7271536787505, 16.948992155712634], [148.73424085526813, 16.92044146510265], [148.74199238799798, 16.891890774492666], [148.75023457102427, 16.863340083882683], [148.7512696504216, 16.859943371781494], [148.7581210040811, 16.8347893932727], [148.76593231051703, 16.806238702662718], [148.7738970753649, 16.77768801205273], [148.7820410322961, 16.74913732144275], [148.78219526904007, 16.748619233353555], [148.78995498691103, 16.720586630832763], [148.7982455706547, 16.69203594022278], [148.80700429458756, 16.663485249612798], [148.81312088765858, 16.6446334618176], [148.81618350841168, 16.634934559002815], [148.8256248564687, 16.606383868392832], [148.83542038843876, 16.577833177782846], [148.84404650627707, 16.55372986378404], [148.84566277727643, 16.54928248717286], [148.85643610484792, 16.520731796562877], [148.86761474314784, 16.492181105952895], [148.87497212489558, 16.474253068544172], [148.879903954585, 16.463630415342912], [148.8936329162237, 16.43507972473293], [148.90589774351406, 16.410362318320107], [148.90881564000514, 16.406529034122947], [148.93063816722935, 16.37797834351296], [148.93682336213254, 16.369840381596482]]]}, "properties": {"fillColor": "#0000FF", "fillOpacity": 0.7, "color": "#000000", "weight": 0.2, "stroke": false}}, {"type": "Feature", "geometry": {"type": "Polygon", "coordinates": [[[146.43184825403475, 17.061384285531744], [146.46277387265326, 17.040870504134833], [146.49369949127174, 17.03643766500394], [146.52462510989022, 17.038093783023303], [146.55555072850873, 17.05023585605799], [146.56983795427803, 17.06319491815257], [146.58647634712722, 17.081693645513703], [146.59580629332322, 17.09174560876255], [146.61350306849207, 17.120296299372534], [146.6174019657457, 17.129812145210852], [146.62968890914385, 17.14884698998252], [146.63969725338922, 17.177397680592502], [146.64199460752283, 17.20594837120249], [146.62495260321015, 17.23449906181247], [146.6174019657457, 17.239391336595794], [146.58647634712722, 17.24291704063762], [146.56015991687443, 17.23449906181247], [146.55555072850873, 17.233608347610897], [146.52462510989022, 17.22318711082884], [146.49458046347692, 17.20594837120249], [146.49369949127174, 17.205550833715446], [146.46277387265326, 17.187419853289498], [146.45100316165556, 17.177397680592502], [146.43184825403478, 17.15239936388088], [146.42906981201315, 17.14884698998252], [146.4166182356575, 17.120296299372534], [146.41599287995746, 17.09174560876255], [146.43011636024875, 17.06319491815257], [146.43184825403475, 17.061384285531744]]]}, "properties": {"fillColor": "#0000FF", "fillOpacity": 0.7, "color": "#000000", "weight": 0.2, "stroke": false}}, {"type": "Feature", "geometry": {"type": "Polygon", "coordinates": [[[146.4672731784859, 17.06319491815257], [146.46277387265326, 17.065362031699163], [146.44084940318766, 17.09174560876255], [146.43967524224996, 17.120296299372534], [146.45189218245176, 17.14884698998252], [146.46277387265326, 17.160785662501254], [146.48196621423958, 17.177397680592502], [146.49369949127174, 17.18586561956576], [146.52462510989022, 17.200966923923765], [146.5410412351123, 17.20594837120249], [146.55555072850873, 17.211916401478057], [146.58647634712722, 17.213700868837606], [146.60043183555678, 17.20594837120249], [146.61152635648932, 17.177397680592502], [146.6057128582507, 17.14884698998252], [146.59297413441695, 17.120296299372534], [146.58647634712722, 17.111498984830703], [146.5744716539981, 17.09174560876255], [146.55555072850873, 17.072514498344873], [146.53863182877774, 17.06319491815257], [146.52462510989022, 17.05541201716104], [146.49369949127174, 17.05377489446752], [146.4672731784859, 17.06319491815257]]]}, "properties": {"fillColor": "#0000FF", "fillOpacity": 0.7, "color": "#000000", "weight": 0.2, "stroke": false}}, {"type": "Feature", "geometry": {"type": "Polygon", "coordinates": [[[129.5464604883386, 25.395476758237628], [129.57738610695708, 25.391264184104976], [129.60831172557556, 25.389082236427654], [129.63923734419407, 25.38841903118493], [129.67016296281255, 25.388429323053586], [129.70108858143104, 25.388862017981527], [129.73201420004955, 25.38959102617018], [129.76293981866803, 25.39037899608259], [129.7938654372865, 25.391127136944654], [129.824791055905, 25.392006391000706], [129.8557166745235, 25.393283993583722], [129.886642293142, 25.39513518255994], [129.91756791176047, 25.397681416967913], [129.93853164570007, 25.399996576267796], [129.94849353037898, 25.400698268771883], [129.97941914899747, 25.403389143877646], [130.01034476761595, 25.406619881200076], [130.04127038623446, 25.410535155680765], [130.07219600485294, 25.415372623494584], [130.10312162347142, 25.421513254328058], [130.1304692148659, 25.42854726687778], [130.13404724208993, 25.42919550382913], [130.16497286070842, 25.43530240333001], [130.1958984793269, 25.442763505682795], [130.22682409794538, 25.45261414633219], [130.2383195331875, 25.45709795748776], [130.2577497165639, 25.462859877782527], [130.2886753351824, 25.47370337884898], [130.3142943874409, 25.485648648097747], [130.31960095380086, 25.487773500936427], [130.35052657241937, 25.501025627526943], [130.37420796902896, 25.51419933870773], [130.38145219103785, 25.517864278846446], [130.41237780965633, 25.535008739805615], [130.42398449888853, 25.542750029317713], [130.44330342827482, 25.55470557630226], [130.466265969123, 25.5713007199277], [130.47422904689333, 25.576945092463344], [130.50339091619526, 25.59985141053768], [130.5051546655118, 25.601266475974423], [130.5360802841303, 25.628020480273207], [130.536495554039, 25.628402101147664], [130.5659280911958, 25.65695279175765], [130.5670059027488, 25.65806633070016], [130.59250321442005, 25.685503482367636], [130.5979315213673, 25.692006208325836], [130.61645880993217, 25.714054172977615], [130.62885713998577, 25.731420455448422], [130.63750589827555, 25.742604863587598], [130.6562455028823, 25.771155554197584], [130.65978275860428, 25.776834287440778], [130.67556056023602, 25.799706244807567], [130.69033752367767, 25.82825693541755], [130.69070837722276, 25.829010389809124], [130.70767192102534, 25.856807626027535], [130.71966679929815, 25.885358316637518], [130.72163399584124, 25.89095350456725], [130.733341026041, 25.913909007247497], [130.7433905081951, 25.942459697857483], [130.75053969306592, 25.97101038846747], [130.75255961445976, 25.980816924310396], [130.75982387807468, 25.999561079077452], [130.77085148736063, 26.028111769687435], [130.78234101357467, 26.05666246029742], [130.78348523307824, 26.058751719709427], [130.81441085169672, 26.073696550209018], [130.8453364703152, 26.074662895141365], [130.8665658746293, 26.085213150907403], [130.87626208893371, 26.088850779958342], [130.9071877075522, 26.10027322496974], [130.93557104034363, 26.113763841517386], [130.93811332617068, 26.114763985342528], [130.9690389447892, 26.131366305163503], [130.98463603535322, 26.142314532127372], [130.99996456340767, 26.153479050187393], [131.02685572202114, 26.170865222737355], [131.03089018202616, 26.174086077608766], [131.04793168741992, 26.199415913347337], [131.0547597497232, 26.22796660395732], [131.05714518783833, 26.256517294567306], [131.058127258839, 26.285067985177285], [131.05892593922616, 26.31361867578727], [131.06008834041947, 26.342169366397258], [131.06181580064467, 26.369721896353624], [131.06193925291714, 26.37072005700724], [131.0674594689208, 26.399270747617223], [131.07703137141232, 26.427821438227205], [131.09274141926315, 26.453682922367076], [131.12366703788163, 26.452321996915583], [131.15459265650014, 26.435860869315185], [131.17024557585245, 26.427821438227205], [131.18551827511862, 26.41918783625738], [131.2164438937371, 26.415478308812496], [131.23109588088198, 26.427821438227205], [131.24736951235562, 26.456316683466216], [131.24738669159433, 26.45637212883719], [131.2531496861694, 26.484922819447174], [131.25657834575196, 26.51347351005716], [131.25861517578608, 26.542024200667143], [131.25943716441176, 26.570574891277126], [131.2588804041269, 26.599125581887108], [131.25662220310414, 26.627676272497094], [131.2523746453876, 26.656226963107077], [131.2473695123556, 26.678164971273137], [131.2461524666908, 26.68477765371706], [131.23935632201855, 26.713328344327042], [131.23104186153176, 26.74187903493703], [131.22017861917357, 26.77042972554701], [131.2164438937371, 26.77816691105376], [131.20789136100476, 26.798980416156994], [131.19280934085953, 26.82753110676698], [131.18551827511862, 26.838712690750704], [131.17592445058256, 26.85608179737696], [131.15722571504142, 26.88463248798694], [131.15459265650014, 26.888204060836202], [131.1400317577897, 26.913183178596928], [131.12366703788163, 26.935051725453437], [131.11980471098423, 26.941733869206914], [131.0999431886489, 26.970284559816896], [131.09274141926315, 26.9786690131056], [131.0788976688589, 26.99883525042688], [131.06181580064467, 27.018009902108652], [131.05471168514117, 27.027385941036865], [131.03089018202616, 27.052796091076367], [131.0282085168847, 27.055936631646848], [131.00011689390206, 27.08448732225683], [130.99996456340767, 27.084636836806144], [130.97128834050426, 27.113038012866816], [130.9690389447892, 27.1151780392354], [130.9399346166497, 27.1415887034768], [130.93811332617068, 27.143256636575327], [130.9071877075522, 27.16970312699573], [130.90665832456622, 27.17013939408678], [130.87626208893371, 27.195960075881743], [130.87279334618003, 27.198690084696764], [130.8453364703152, 27.220934519403407], [130.83643722688186, 27.22724077530675], [130.81441085169672, 27.24381631349981], [130.7944992106152, 27.255791465916737], [130.78348523307824, 27.26323053615949], [130.75255961445976, 27.280261368108984], [130.743815514176, 27.284342156526716], [130.72163399584124, 27.297160155305278], [130.69070837722276, 27.30992591208314], [130.68278408455302, 27.312892847136702], [130.65978275860428, 27.325055593323693], [130.62885713998577, 27.337197474479307], [130.61690607635248, 27.341443537746684], [130.5979315213673, 27.351668366395124], [130.5670059027488, 27.364581858452098], [130.55202540983908, 27.369994228356667], [130.53608028413032, 27.378640225002037], [130.5051546655118, 27.392154385482524], [130.4885493252985, 27.39854491896665], [130.47422904689333, 27.40632913248403], [130.44330342827482, 27.420257704346287], [130.42559815008602, 27.42709560957664], [130.41237780965633, 27.433865356398595], [130.38145219103785, 27.446343926854283], [130.35052657241937, 27.454994060260326], [130.347731904928, 27.45564630018662], [130.31960095380086, 27.465078541430817], [130.28867533518238, 27.47132181677115], [130.2577497165639, 27.474709321622317], [130.22682409794538, 27.475831375340604], [130.1958984793269, 27.474686734607698], [130.16497286070842, 27.470737095401564], [130.13404724208993, 27.462726711928696], [130.11671335776944, 27.45564630018662], [130.10312162347142, 27.450360638499262], [130.07219600485294, 27.43367097365499], [130.06216193756694, 27.42709560957664], [130.04127038623446, 27.410863957064855], [130.02474609117706, 27.39854491896665], [130.01034476761595, 27.385780670877228], [129.98771748558113, 27.369994228356667], [129.97941914899747, 27.363421319010044], [129.94849353037898, 27.344544671624014], [129.94290431629742, 27.341443537746684], [129.91756791176047, 27.32493610657005], [129.89652132475288, 27.312892847136702], [129.886642293142, 27.304398902503415], [129.85802547134517, 27.284342156526716], [129.8557166745235, 27.28097224696577], [129.83277397827004, 27.255791465916733], [129.824791055905, 27.23497477888841], [129.820713218801, 27.22724077530675], [129.824791055905, 27.211565528979637], [129.8557166745235, 27.208694244651895], [129.886642293142, 27.215306309631714], [129.91756791176047, 27.222791735096273], [129.93328588891228, 27.22724077530675], [129.94849353037898, 27.23052643729268], [129.97941914899747, 27.23729342552412], [130.01034476761595, 27.241988261942314], [130.04127038623446, 27.245637338665183], [130.07219600485294, 27.24910523927898], [130.10312162347142, 27.250597953754248], [130.13404724208993, 27.249993605853373], [130.16497286070842, 27.246728949806055], [130.1958984793269, 27.240227124089238], [130.22682409794538, 27.230822014735622], [130.2363182328434, 27.227240775306747], [130.2577497165639, 27.216969765685942], [130.28867533518238, 27.203611026784337], [130.30065221552863, 27.198690084696764], [130.31960095380086, 27.187556352240954], [130.35052657241937, 27.17317008847889], [130.3577657988144, 27.17013939408678], [130.38145219103785, 27.14735303291825], [130.39039030030716, 27.1415887034768], [130.38145219103785, 27.135313647307186], [130.35052657241937, 27.125611420191678], [130.31960095380086, 27.12054227361714], [130.28867533518238, 27.116231591440012], [130.26898185923707, 27.113038012866816], [130.2577497165639, 27.111655045732565], [130.22682409794538, 27.106366648829074], [130.1958984793269, 27.098839026771515], [130.16497286070842, 27.088374365303835], [130.15558028116516, 27.084487322256834], [130.13404724208993, 27.075978312050164], [130.10312162347142, 27.060285411075537], [130.0960801625715, 27.055936631646848], [130.07219600485294, 27.04510225475319], [130.04310017856758, 27.027385941036865], [130.04127038623446, 27.026721454994597], [130.01034476761595, 27.01348077161665], [129.98610164412833, 26.99883525042688], [129.97941914899747, 26.996436616789737], [129.94849353037898, 26.983185735805872], [129.92693547545844, 26.970284559816896], [129.91756791176047, 26.9666386426786], [129.886642293142, 26.952132646739905], [129.8700733661861, 26.941733869206914], [129.8557166745235, 26.935257413270794], [129.824791055905, 26.917280878579042], [129.81886652004724, 26.913183178596928], [129.7938654372865, 26.899274403216825], [129.77375169550263, 26.884632487986945], [129.76293981866803, 26.877469290718196], [129.73617025491663, 26.856081797376962], [129.73201420004955, 26.85289508192477], [129.7030823169109, 26.82753110676698], [129.70108858143104, 26.82587105756113], [129.67238517494928, 26.798980416156994], [129.67016296281255, 26.796986214548376], [129.64322432193103, 26.77042972554701], [129.63923734419407, 26.766490074439346], [129.6156664588117, 26.74187903493703], [129.60831172557556, 26.733708992928094], [129.58985412164841, 26.713328344327042], [129.57738610695708, 26.697660727271156], [129.5663711724705, 26.684777653717063], [129.54700118916742, 26.656226963107077], [129.5464604883386, 26.655465347229054], [129.5244466660262, 26.62767627249709], [129.5155348697201, 26.612727594433004], [129.50499053292506, 26.599125581887108], [129.48901964973362, 26.570574891277126], [129.4846092511016, 26.561952038252564], [129.4715158998577, 26.542024200667143], [129.46007906380228, 26.513473510057157], [129.45368363248312, 26.492494045175256], [129.44956505884016, 26.484922819447174], [129.43795611075663, 26.45637212883719], [129.4312875084345, 26.427821438227205], [129.4269918416398, 26.399270747617223], [129.42346911750434, 26.37072005700724], [129.4227580138646, 26.363647927275274], [129.41741024400477, 26.342169366397254], [129.41340890875153, 26.31361867578727], [129.41142589314114, 26.28506798517729], [129.41092997036893, 26.256517294567303], [129.41215156027224, 26.227966603957324], [129.41537190379177, 26.199415913347334], [129.4206972881244, 26.170865222737355], [129.4227580138646, 26.161609682930365], [129.4249948509746, 26.142314532127372], [129.42867102946445, 26.113763841517386], [129.43384251768495, 26.085213150907403], [129.44402375147698, 26.05666246029742], [129.45368363248312, 26.03795086270825], [129.4570766509108, 26.028111769687435], [129.47064679296602, 25.999561079077452], [129.4846092511016, 25.978226730242618], [129.48772403792532, 25.97101038846747], [129.5046163847274, 25.942459697857487], [129.5155348697201, 25.928980767673924], [129.52529253777084, 25.9139090072475], [129.5464604883386, 25.890509025844533], [129.55057407351316, 25.885358316637518], [129.57738610695708, 25.859379531314016], [129.5800989677176, 25.856807626027535], [129.60831172557556, 25.833784159861054], [129.61664775491343, 25.82825693541755], [129.63923734419407, 25.81314161860985], [129.66921715131602, 25.799706244807567], [129.67016296281255, 25.79917773790748], [129.70108858143104, 25.782902686662148], [129.73201420004955, 25.772492619221687], [129.73692733021832, 25.771155554197584], [129.76293981866803, 25.759687359978763], [129.7938654372865, 25.751053763530578], [129.824791055905, 25.74528411678881], [129.84469524249374, 25.742604863587594], [129.8557166745235, 25.739066238525485], [129.886642293142, 25.72810741470923], [129.91756791176047, 25.716811492537506], [129.92780969026438, 25.71405417297761], [129.94849353037898, 25.703534660341845], [129.97941914899747, 25.686892432575494], [129.98075312783925, 25.685503482367633], [129.97941914899747, 25.68411529222566], [129.95765991163165, 25.656952791757654], [129.94849353037898, 25.651988732103952], [129.91756791176047, 25.635673803588872], [129.90491194243972, 25.628402101147664], [129.886642293142, 25.62149076023856], [129.8557166745235, 25.60988462835988], [129.83038925821967, 25.59985141053768], [129.824791055905, 25.59829005347058], [129.7938654372865, 25.590885798034744], [129.76293981866803, 25.584181868392925], [129.73201420004955, 25.57822347809769], [129.70108858143104, 25.572974829863117], [129.6888733295538, 25.5713007199277], [129.67016296281255, 25.56959653145748], [129.63923734419407, 25.56743093786106], [129.60831172557556, 25.565751803204385], [129.57738610695708, 25.564548703632692], [129.5464604883386, 25.56404317869476], [129.5155348697201, 25.564603687774035], [129.4846092511016, 25.56657497257117], [129.45368363248312, 25.57033622783043], [129.44846447689255, 25.5713007199277], [129.4227580138646, 25.577006588887134], [129.39183239524613, 25.58488999875204], [129.36090677662764, 25.59485546059888], [129.34936688608417, 25.59985141053768], [129.32998115800916, 25.608076802687783], [129.29905553939065, 25.623072006761728], [129.29068574623824, 25.628402101147664], [129.26812992077217, 25.64056670311823], [129.23955696035515, 25.65695279175765], [129.23720430215369, 25.65821860863066], [129.20627868353517, 25.670626566566696], [129.1753530649167, 25.676790787516172], [129.1444274462982, 25.669493542736017], [129.13488213229988, 25.656952791757647], [129.14197247727097, 25.628402101147664], [129.1444274462982, 25.625344507386117], [129.1665687871654, 25.59985141053768], [129.1753530649167, 25.591993877592152], [129.20103376842007, 25.5713007199277], [129.20627868353517, 25.56715811019371], [129.23720430215369, 25.542882762093463], [129.23735971366668, 25.542750029317713], [129.26812992077217, 25.518217800941976], [129.27223074556417, 25.514199338707733], [129.29905553939065, 25.49312425586994], [129.3071163294893, 25.485648648097747], [129.32998115800916, 25.468932326835205], [129.34618891364863, 25.45709795748776], [129.36090677662764, 25.447946822134178], [129.39183239524613, 25.433623541451677], [129.40516371812473, 25.42854726687778], [129.4227580138646, 25.42143420584874], [129.45368363248312, 25.412309661573445], [129.4846092511016, 25.406570329112647], [129.5155348697201, 25.40163823771842], [129.52642166598824, 25.399996576267796], [129.5464604883386, 25.395476758237628]]]}, "properties": {"fillColor": "#0000FF", "fillOpacity": 0.7, "color": "#000000", "weight": 0.2, "stroke": false}}, {"type": "Feature", "geometry": {"type": "Polygon", "coordinates": [[[129.77480182504294, 25.42854726687778], [129.762939818668, 25.42877526862528], [129.73201420004955, 25.42924265601694], [129.70108858143104, 25.429737738017984], [129.67016296281255, 25.430573976205373], [129.63923734419407, 25.431992252799905], [129.60831172557556, 25.43412788712161], [129.57738610695708, 25.437168931206347], [129.5464604883386, 25.44071186634413], [129.5155348697201, 25.446273487913196], [129.4846092511016, 25.45330818821966], [129.4667348687972, 25.45709795748776], [129.45368363248312, 25.463861369373788], [129.4227580138646, 25.484885377597926], [129.42158333902805, 25.485648648097747], [129.42237725990276, 25.51419933870773], [129.4227580138646, 25.514340766693977], [129.45368363248312, 25.520764560788987], [129.4846092511016, 25.523126362236756], [129.5155348697201, 25.524507930304747], [129.5464604883386, 25.525973775892204], [129.57738610695708, 25.527728932370295], [129.60831172557556, 25.52993878890601], [129.63923734419407, 25.532541204227414], [129.67016296281255, 25.535556143586817], [129.70108858143104, 25.53926358900671], [129.7232009519435, 25.542750029317713], [129.73201420004955, 25.544072758253236], [129.76293981866803, 25.549695079574228], [129.7938654372865, 25.556309025555286], [129.824791055905, 25.564115711956976], [129.84849305822482, 25.5713007199277], [129.8557166745235, 25.573664194667423], [129.886642293142, 25.584707308720795], [129.91756791176047, 25.596682059867824], [129.92476240359736, 25.59985141053768], [129.94849353037898, 25.61106105255508], [129.97941914899747, 25.6265011762418], [129.9826357399263, 25.628402101147664], [130.01034476761595, 25.646534976273305], [130.02599955157342, 25.65695279175765], [130.04127038623446, 25.670702024477883], [130.05763540873713, 25.685503482367633], [130.07219600485294, 25.711693140634793], [130.07337150447262, 25.714054172977615], [130.0721960048529, 25.717322635753753], [130.04351187718717, 25.742604863587598], [130.04127038623446, 25.74296268579238], [130.01034476761595, 25.7443336345193], [129.97941914899747, 25.74478566495113], [129.94849353037898, 25.746496891185263], [129.91756791176047, 25.75062098668871], [129.88664229314202, 25.755905444561172], [129.8557166745235, 25.761270404646694], [129.824791055905, 25.767893130087337], [129.81331299924142, 25.771155554197584], [129.7938654372865, 25.77401445437932], [129.76293981866803, 25.78118481674565], [129.73201420004955, 25.793451394399675], [129.7195952719983, 25.799706244807567], [129.70108858143104, 25.80683486290977], [129.67016296281255, 25.822950178827433], [129.6615807304487, 25.82825693541755], [129.63923734419407, 25.841647556413847], [129.61928754908507, 25.85680762602754], [129.60831172557556, 25.86644771386789], [129.58816652852764, 25.885358316637515], [129.57738610695708, 25.89847624644266], [129.56371962922123, 25.9139090072475], [129.5464604883386, 25.941039495199], [129.5453771909244, 25.942459697857483], [129.52781092871385, 25.97101038846747], [129.5158248337144, 25.999561079077452], [129.5155348697201, 26.000289273719478], [129.50153902157203, 26.028111769687435], [129.49053038424628, 26.05666246029742], [129.4846092511016, 26.0730549009729], [129.47842963677374, 26.085213150907403], [129.46686611446626, 26.113763841517383], [129.4582241339837, 26.142314532127372], [129.45368363248312, 26.160673527747957], [129.45038536523546, 26.170865222737355], [129.44250934902493, 26.199415913347337], [129.43661780938837, 26.22796660395732], [129.43295547793443, 26.25651729456731], [129.43168220417982, 26.28506798517729], [129.43229152911286, 26.31361867578727], [129.43433549866873, 26.342169366397258], [129.43768102406707, 26.37072005700724], [129.44218857770574, 26.399270747617223], [129.44876848104042, 26.427821438227205], [129.45368363248312, 26.44124765177008], [129.45827250242544, 26.45637212883719], [129.46792738475813, 26.484922819447174], [129.47982871481457, 26.513473510057157], [129.4846092511016, 26.52204941270256], [129.49518600377647, 26.542024200667143], [129.51238617908268, 26.570574891277126], [129.5155348697201, 26.57510968909679], [129.53046116904537, 26.599125581887108], [129.5464604883386, 26.621240849950436], [129.5509641613773, 26.627676272497094], [129.5723785518563, 26.656226963107073], [129.57738610695708, 26.662321410640477], [129.59554509921915, 26.68477765371706], [129.60831172557556, 26.699088392504372], [129.62118709349704, 26.71332834432704], [129.63923734419407, 26.732147571675682], [129.6490546261412, 26.74187903493703], [129.67016296281255, 26.762270462585512], [129.67936197319415, 26.770429725547007], [129.70108858143104, 26.790109163836483], [129.71192507287668, 26.798980416156994], [129.73201420004955, 26.81628817225988], [129.7466765364657, 26.827531106766976], [129.76293981866803, 26.840795746207633], [129.7850389482235, 26.856081797376962], [129.7938654372865, 26.86260735094401], [129.824791055905, 26.88196346373496], [129.8296686343092, 26.884632487986945], [129.8557166745235, 26.90022610974971], [129.8831625904412, 26.913183178596928], [129.886642293142, 26.915125199656458], [129.91756791176047, 26.93003559829925], [129.94849353037898, 26.941732024735668], [129.94849896973176, 26.941733869206914], [129.97941914899747, 26.954669290682183], [130.01034476761595, 26.96474385107498], [130.03045141089962, 26.970284559816896], [130.04127038623446, 26.97438701133497], [130.07219600485294, 26.98407645082643], [130.10312162347142, 26.9917774460317], [130.13404724208993, 26.998065419403876], [130.13845378254393, 26.998835250426875], [130.16497286070842, 27.00609854981743], [130.1958984793269, 27.013101387300015], [130.22682409794538, 27.01893877025987], [130.2577497165639, 27.02390157129766], [130.28292957512988, 27.027385941036865], [130.28867533518238, 27.02863294056385], [130.31960095380086, 27.033966237249167], [130.35052657241937, 27.038067695418725], [130.38145219103785, 27.04112372195433], [130.41237780965633, 27.043001116209954], [130.44330342827482, 27.04351974332294], [130.47422904689333, 27.04283886323895], [130.5051546655118, 27.041242758462143], [130.53608028413032, 27.038999958048954], [130.5670059027488, 27.036900528810264], [130.5979315213673, 27.03848999983758], [130.61635602516114, 27.055936631646848], [130.60142706490146, 27.084487322256834], [130.5979315213673, 27.08723799443831], [130.57146036283797, 27.113038012866816], [130.5670059027488, 27.115672748555994], [130.53608028413032, 27.136613164713722], [130.52995869741795, 27.1415887034768], [130.5051546655118, 27.153582544952567], [130.47798754132617, 27.17013939408678], [130.47422904689333, 27.171787019078273], [130.44330342827482, 27.18538281148856], [130.41849700277223, 27.198690084696764], [130.41237780965633, 27.201619834455197], [130.38145219103785, 27.216673003616336], [130.3619669157831, 27.227240775306747], [130.35052657241937, 27.23339633286544], [130.31960095380086, 27.250607795716093], [130.3103981106373, 27.255791465916733], [130.28867533518238, 27.265775243446367], [130.2577497165639, 27.278399706307425], [130.23982603732236, 27.284342156526716], [130.22682409794538, 27.28852137391157], [130.1958984793269, 27.299231495375835], [130.16497286070842, 27.310092175385336], [130.15461771595167, 27.312892847136702], [130.13404724208993, 27.317261565779567], [130.10312162347145, 27.32501678146922], [130.0726363042184, 27.341443537746688], [130.07219600485294, 27.34758927171404], [130.07123306827953, 27.369994228356667], [130.07219600485294, 27.37120407648006], [130.08816154898025, 27.39854491896665], [130.10312162347142, 27.41080388509875], [130.1246079742179, 27.42709560957664], [130.13404724208993, 27.4318880175813], [130.16497286070842, 27.443312717070825], [130.1958984793269, 27.449631163028684], [130.22682409794538, 27.45213901325941], [130.2577497165639, 27.45158157536414], [130.28867533518238, 27.44834017137685], [130.31960095380086, 27.442461632627516], [130.35052657241937, 27.433501509744566], [130.36679914056634, 27.427095609576636], [130.38145219103785, 27.42171916142138], [130.41237780965633, 27.40931462982751], [130.43488824008912, 27.39854491896665], [130.44330342827482, 27.395035298627498], [130.47422904689333, 27.38227297595006], [130.50006667060939, 27.369994228356667], [130.5051546655118, 27.368097483556962], [130.53608028413032, 27.356577301466096], [130.5670059027488, 27.34236594299055], [130.5688292046555, 27.341443537746684], [130.5979315213673, 27.330938277400723], [130.62885713998577, 27.317210183558288], [130.63741786919755, 27.312892847136702], [130.65978275860428, 27.3044454582057], [130.69070837722276, 27.290159716859108], [130.701354548192, 27.284342156526716], [130.72163399584124, 27.275048473178565], [130.75255961445976, 27.256700291243302], [130.7539778252002, 27.255791465916733], [130.78348523307824, 27.23846584924228], [130.79915968936226, 27.22724077530675], [130.81441085169672, 27.216598156908702], [130.83736039314886, 27.198690084696764], [130.8453364703152, 27.192391024802173], [130.87218646012732, 27.17013939408678], [130.87626208893371, 27.166748629959407], [130.9057902297236, 27.1415887034768], [130.9071877075522, 27.140388539810633], [130.93811332617068, 27.113155026403682], [130.93824138182293, 27.113038012866816], [130.96876432314292, 27.08448732225683], [130.9690389447892, 27.084212016882606], [130.9970329500904, 27.05593663164685], [130.99996456340767, 27.052594007698005], [131.0228761006802, 27.02738594103686], [131.03089018202616, 27.016864157482537], [131.04596020758098, 26.99883525042688], [131.06181580064467, 26.975035413607948], [131.0655319253007, 26.970284559816896], [131.08402881492873, 26.941733869206914], [131.09274141926315, 26.9251844325394], [131.10055480049036, 26.913183178596928], [131.11576275119378, 26.88463248798694], [131.12366703788163, 26.86759314908716], [131.1303555686441, 26.856081797376962], [131.14465544516548, 26.827531106766983], [131.15459265650014, 26.805406974725894], [131.15793844158011, 26.798980416156994], [131.16969221008478, 26.77042972554701], [131.17827504080776, 26.74187903493703], [131.1844450798503, 26.713328344327042], [131.18551827511862, 26.705168835900047], [131.18822230743234, 26.68477765371706], [131.18927842235587, 26.656226963107077], [131.18774866459646, 26.627676272497094], [131.18551827511862, 26.60871999249146], [131.18343449447968, 26.59912558188711], [131.17057424594003, 26.570574891277126], [131.15459265650014, 26.55551076783823], [131.12366703788163, 26.56002493635215], [131.09274141926315, 26.570063651248166], [131.07565771338753, 26.570574891277126], [131.06181580064467, 26.57109824553731], [131.06124360246395, 26.570574891277126], [131.0418544201564, 26.542024200667143], [131.03545944889254, 26.513473510057157], [131.03314078359762, 26.484922819447174], [131.0320252772326, 26.45637212883719], [131.03126777587124, 26.427821438227205], [131.03089018202616, 26.413913967829977], [131.0306483585211, 26.399270747617223], [131.0300470482149, 26.370720057007237], [131.02934052482902, 26.342169366397258], [131.02835846478322, 26.31361867578727], [131.0267092683854, 26.28506798517729], [131.02251300243967, 26.256517294567306], [131.0104895412373, 26.22796660395732], [130.99996456340767, 26.215303407531373], [130.98141089790147, 26.199415913347337], [130.9690389447892, 26.189430476001704], [130.9411926844215, 26.170865222737355], [130.93811332617068, 26.168876340971373], [130.9071877075522, 26.15691440787181], [130.87626208893371, 26.149934538958167], [130.8453364703152, 26.1435366532272], [130.8428548105169, 26.142314532127372], [130.81441085169672, 26.128497620242495], [130.79552358343852, 26.113763841517386], [130.78348523307824, 26.10478939909942], [130.767962198919, 26.085213150907403], [130.75255961445976, 26.064444943336373], [130.74813477051157, 26.056662460297417], [130.7382983225046, 26.028111769687435], [130.7309215440433, 25.999561079077452], [130.72345293415353, 25.97101038846747], [130.72163399584124, 25.96545033376342], [130.71645029133225, 25.942459697857483], [130.70746564663978, 25.913909007247504], [130.6945095940465, 25.885358316637518], [130.69070837722276, 25.878574653778138], [130.68086636307012, 25.856807626027535], [130.66377912860463, 25.82825693541755], [130.65978275860428, 25.822255830513946], [130.6458153502401, 25.799706244807567], [130.62885713998577, 25.776676023645155], [130.62464829785137, 25.771155554197588], [130.60255927343923, 25.742604863587598], [130.5979315213673, 25.73675025256667], [130.57889176878695, 25.714054172977615], [130.5670059027488, 25.700435898803903], [130.55270241455258, 25.685503482367633], [130.53608028413032, 25.668547509156745], [130.52367268910228, 25.656952791757654], [130.5051546655118, 25.64012638003542], [130.4912891035494, 25.628402101147664], [130.47422904689333, 25.614548060575228], [130.4549747611299, 25.59985141053768], [130.44330342827482, 25.59132485378356], [130.4140384446018, 25.5713007199277], [130.41237780965633, 25.5701993716186], [130.38145219103785, 25.55123462533138], [130.36684310485555, 25.542750029317716], [130.35052657241937, 25.53379579079145], [130.31960095380086, 25.518451870126405], [130.31075329107097, 25.514199338707733], [130.28867533518238, 25.504213457987397], [130.2577497165639, 25.49198114730602], [130.24068709248974, 25.485648648097747], [130.22682409794538, 25.480545854383312], [130.1958984793269, 25.470911612024636], [130.16497286070842, 25.46265985963401], [130.14206482651178, 25.45709795748776], [130.13404724208993, 25.455007313179607], [130.10312162347142, 25.44821344802004], [130.07219600485297, 25.44268578769692], [130.04127038623446, 25.438133952012507], [130.01034476761595, 25.43443457191226], [129.97941914899747, 25.431567346051203], [129.94849353037898, 25.429530222898766], [129.92471352416516, 25.42854726687778], [129.91756791176047, 25.428217628913576], [129.886642293142, 25.427506073211596], [129.8557166745235, 25.42733155608398], [129.824791055905, 25.427607987826054], [129.7938654372865, 25.428179754535844], [129.77480182504294, 25.42854726687778]]]}, "properties": {"fillColor": "#0000FF", "fillOpacity": 0.7, "color": "#000000", "weight": 0.2, "stroke": false}}, {"type": "Feature", "geometry": {"type": "Polygon", "coordinates": [[[118.53694026015575, 25.683252202215986], [118.56786587877423, 25.6714076285976], [118.59879149739272, 25.66785912295512], [118.62971711601122, 25.66942645592126], [118.6606427346297, 25.680144473032954], [118.66884137082012, 25.685503482367633], [118.69156835324819, 25.701401148344083], [118.70271532823809, 25.714054172977615], [118.71424495943974, 25.742604863587598], [118.71616560525231, 25.771155554197584], [118.70756125693498, 25.799706244807567], [118.69156835324819, 25.822387208307248], [118.6868519826211, 25.82825693541755], [118.6606427346297, 25.85070537424219], [118.63263361339037, 25.856807626027532], [118.62971711601121, 25.8578586101369], [118.59879149739272, 25.858954160543767], [118.58942719246903, 25.856807626027532], [118.56786587877423, 25.85481103200553], [118.53694026015573, 25.843344297676055], [118.5172334231445, 25.82825693541755], [118.50601464153723, 25.813773831446078], [118.49565555206057, 25.799706244807567], [118.48731681225503, 25.771155554197584], [118.4879003766886, 25.742604863587598], [118.49971959759833, 25.714054172977615], [118.50601464153726, 25.706592359796446], [118.53329280815531, 25.685503482367633], [118.53694026015575, 25.683252202215986]]]}, "properties": {"fillColor": "#0000FF", "fillOpacity": 0.7, "color": "#000000", "weight": 0.2, "stroke": false}}, {"type": "Feature", "geometry": {"type": "Polygon", "coordinates": [[[118.5951354703782, 25.685503482367633], [118.56786587877423, 25.688534227911813], [118.53694026015573, 25.700793069569464], [118.52160617956683, 25.714054172977615], [118.50800066538775, 25.742604863587598], [118.50695158292177, 25.771155554197584], [118.51472071673493, 25.799706244807567], [118.53694026015573, 25.823237178788077], [118.54407317837452, 25.82825693541755], [118.56786587877423, 25.842526369000275], [118.59879149739274, 25.847433768895662], [118.6297171160112, 25.846095120084946], [118.6606427346297, 25.831465834177116], [118.66438922337335, 25.82825693541755], [118.68956462354298, 25.799706244807567], [118.69156835324819, 25.79556974264988], [118.70452830456261, 25.771155554197584], [118.70014767652634, 25.742604863587598], [118.69156835324819, 25.728226540260568], [118.68437658379375, 25.714054172977615], [118.6606427346297, 25.693856027378047], [118.62971711601121, 25.68630969205143], [118.60714149465302, 25.68550348236763], [118.59879149739272, 25.684768408360796], [118.5951354703782, 25.685503482367633]]]}, "properties": {"fillColor": "#0000FF", "fillOpacity": 0.7, "color": "#000000", "weight": 0.2, "stroke": false}}, {"type": "Feature", "geometry": {"type": "Polygon", "coordinates": [[[129.824791055905, 25.93662723287497], [129.85571667452348, 25.933838003358265], [129.88148698795644, 25.942459697857483], [129.8557166745235, 25.95265573946228], [129.83375476623058, 25.97101038846747], [129.824791055905, 25.974680519225025], [129.7938654372865, 25.993839198810306], [129.7878629717641, 25.999561079077452], [129.76293981866803, 26.018465161981887], [129.75320758398843, 26.028111769687435], [129.73201420004955, 26.051710787617814], [129.72757871893901, 26.05666246029742], [129.70704985198526, 26.085213150907403], [129.70108858143104, 26.09620594670581], [129.6891458471752, 26.113763841517386], [129.6778913103772, 26.142314532127372], [129.67030904882972, 26.170865222737355], [129.67016296281255, 26.17144416203832], [129.6578175396445, 26.199415913347337], [129.6524734715508, 26.22796660395732], [129.64994407294012, 26.25651729456731], [129.64932500176968, 26.28506798517729], [129.6505625734573, 26.31361867578727], [129.65349514611074, 26.342169366397258], [129.66008086778402, 26.37072005700724], [129.67016296281255, 26.38859318745867], [129.67384812657025, 26.399270747617223], [129.68406371659836, 26.427821438227205], [129.70108858143104, 26.452545037103338], [129.70247417987247, 26.45637212883719], [129.70108858143104, 26.472521943668504], [129.67016296281255, 26.458462915457194], [129.6684327982799, 26.45637212883719], [129.6485207967264, 26.427821438227205], [129.63923734419407, 26.41969079744677], [129.62929595796146, 26.399270747617223], [129.61560211487927, 26.37072005700724], [129.60831172557556, 26.355538403496112], [129.6042547345017, 26.342169366397258], [129.5978647981141, 26.313618675787275], [129.5934368340239, 26.285067985177285], [129.59130715458474, 26.256517294567306], [129.59169765134345, 26.22796660395732], [129.59453896328876, 26.199415913347337], [129.5994934673837, 26.17086522273736], [129.6066355365915, 26.142314532127372], [129.60831172557556, 26.137697342029192], [129.6195176653522, 26.11376384151739], [129.63334151986794, 26.085213150907403], [129.63923734419407, 26.07524457562767], [129.65301226766678, 26.05666246029742], [129.67016296281255, 26.033148269628576], [129.67504529488667, 26.028111769687435], [129.70108858143104, 26.00210887552299], [129.70412556911006, 25.999561079077452], [129.73201420004955, 25.981323981019464], [129.74626104839817, 25.97101038846747], [129.76293981866803, 25.962959587208207], [129.7938654372865, 25.946530919350035], [129.80115401391012, 25.942459697857483], [129.824791055905, 25.93662723287497]]]}, "properties": {"fillColor": "#0000FF", "fillOpacity": 0.7, "color": "#000000", "weight": 0.2, "stroke": false}}, {"type": "Feature", "geometry": {"type": "Polygon", "coordinates": [[[129.6381257117668, 26.142314532127372], [129.6328258404162, 26.170865222737355], [129.6296974738023, 26.199415913347337], [129.62993690405082, 26.22796660395732], [129.63381404340467, 26.256517294567303], [129.63693883245605, 26.28506798517729], [129.63757563793425, 26.31361867578727], [129.63923734419407, 26.333974772891], [129.6395396285602, 26.31361867578727], [129.6394917998621, 26.28506798517729], [129.63979985523662, 26.256517294567306], [129.64065599058054, 26.22796660395732], [129.64192286068965, 26.199415913347337], [129.64336250538796, 26.170865222737355], [129.64196318022113, 26.142314532127372], [129.63923734419407, 26.13867978205336], [129.6381257117668, 26.142314532127372]]]}, "properties": {"fillColor": "#0000FF", "fillOpacity": 0.7, "color": "#000000", "weight": 0.2, "stroke": false}}, {"type": "Feature", "geometry": {"type": "Polygon", "coordinates": [[[130.01034476761595, 26.055803325185], [130.04127038623446, 26.042553163267506], [130.07219600485294, 26.03536732422175], [130.10312162347142, 26.031752572207132], [130.13404724208993, 26.03380121951849], [130.16497286070842, 26.04547131283048], [130.1784109505199, 26.056662460297417], [130.1958984793269, 26.07449951673155], [130.20318940394, 26.085213150907403], [130.21653035262932, 26.113763841517386], [130.22459381596315, 26.142314532127372], [130.22682409794538, 26.164367123583585], [130.22729063220544, 26.170865222737355], [130.22682409794538, 26.177400304941433], [130.2247565055378, 26.199415913347337], [130.21694522662125, 26.22796660395732], [130.20526275330624, 26.25651729456731], [130.1958984793269, 26.272492360545165], [130.18706529299106, 26.28506798517729], [130.16497286070842, 26.308950859569727], [130.16008599112658, 26.31361867578727], [130.13404724208993, 26.327705672347342], [130.10562665699553, 26.342169366397258], [130.10312162347142, 26.34277919015572], [130.07219600485294, 26.34521978634569], [130.04127038623446, 26.342799146903335], [130.0389453387918, 26.342169366397258], [130.01034476761595, 26.326964397645476], [129.98865165929377, 26.31361867578727], [129.97941914899747, 26.305070439554132], [129.96521917694102, 26.28506798517729], [129.94849353037898, 26.257847755770133], [129.94810046743765, 26.25651729456731], [129.94510420486202, 26.22796660395732], [129.94559265427952, 26.199415913347337], [129.94849353037898, 26.17567965735997], [129.95021494576702, 26.170865222737355], [129.96080247533942, 26.142314532127372], [129.97037045936898, 26.113763841517386], [129.97941914899747, 26.09170804361121], [129.9843436842232, 26.085213150907403], [130.0092643446965, 26.05666246029742], [130.01034476761595, 26.055803325185]]]}, "properties": {"fillColor": "#0000FF", "fillOpacity": 0.7, "color": "#000000", "weight": 0.2, "stroke": false}}, {"type": "Feature", "geometry": {"type": "Polygon", "coordinates": [[[130.06368260564085, 26.05666246029742], [130.04127038623446, 26.06447591276101], [130.01034476761595, 26.083436089074883], [130.008799103472, 26.085213150907403], [129.98924094016206, 26.11376384151739], [129.97941914899747, 26.12877591500967], [129.9752884938656, 26.142314532127372], [129.96885466439534, 26.170865222737355], [129.96111644366815, 26.199415913347337], [129.9587350121369, 26.22796660395732], [129.9647517381648, 26.256517294567306], [129.97596048450987, 26.28506798517729], [129.97941914899747, 26.289939951005337], [130.004993321773, 26.313618675787268], [130.01034476761595, 26.316910915271755], [130.04127038623446, 26.327594075200142], [130.07219600485294, 26.332636342685696], [130.10312162347142, 26.326942554484386], [130.13404724208993, 26.315894154907657], [130.13825329335864, 26.31361867578727], [130.16497286070842, 26.288096809956286], [130.16777462172035, 26.28506798517729], [130.18366437271683, 26.25651729456731], [130.1958984793269, 26.23176109361629], [130.19716664094835, 26.22796660395732], [130.2019360003181, 26.199415913347337], [130.20306108361112, 26.170865222737355], [130.20015802276214, 26.142314532127372], [130.1958984793269, 26.126652094377853], [130.1904462966415, 26.11376384151739], [130.1728633645613, 26.085213150907403], [130.16497286070842, 26.077230365166542], [130.13404724208993, 26.058029571049023], [130.12767027548068, 26.05666246029742], [130.10312162347142, 26.05350921806648], [130.07219600485294, 26.054962245175645], [130.06368260564085, 26.05666246029742]]]}, "properties": {"fillColor": "#0000FF", "fillOpacity": 0.7, "color": "#000000", "weight": 0.2, "stroke": false}}, {"type": "Feature", "geometry": {"type": "Polygon", "coordinates": [[[129.26812992077217, 26.469981835857745], [129.28085403061465, 26.48492281944717], [129.29905553939065, 26.500231149466465], [129.3043394530751, 26.513473510057153], [129.31765562157779, 26.542024200667143], [129.32998115800916, 26.562744814878425], [129.33336367756576, 26.570574891277126], [129.3471133997939, 26.599125581887108], [129.36090677662764, 26.623248255123556], [129.36332788471952, 26.627676272497094], [129.38011435428567, 26.656226963107077], [129.39183239524613, 26.67394879398489], [129.3992604220805, 26.684777653717056], [129.41903227994894, 26.713328344327042], [129.4227580138646, 26.718103228000388], [129.44195484959008, 26.74187903493703], [129.4536836324831, 26.756367509412556], [129.4664137697771, 26.77042972554701], [129.4846092511016, 26.79120737445102], [129.49237706616412, 26.798980416156994], [129.5155348697201, 26.823098116918402], [129.52032392435123, 26.82753110676698], [129.5464604883386, 26.85263973680189], [129.5504014682168, 26.85608179737696], [129.57738610695708, 26.88031738726476], [129.5825766828323, 26.884632487986945], [129.60831172557556, 26.90640535848599], [129.61682213646094, 26.91318317859693], [129.63923734419407, 26.931397139340547], [129.65268558020028, 26.941733869206914], [129.67016296281255, 26.955941749077972], [129.68953953737076, 26.970284559816896], [129.70108858143104, 26.980013238417122], [129.72713695601223, 26.99883525042688], [129.73201420004955, 27.00340285484862], [129.76293981866803, 27.026429034323414], [129.76445405479174, 27.027385941036865], [129.7938654372865, 27.053936896707395], [129.7967032151667, 27.055936631646844], [129.815083066017, 27.084487322256827], [129.8162705838493, 27.113038012866816], [129.80791815270544, 27.1415887034768], [129.7938654372865, 27.167691690390296], [129.76293981866803, 27.164146969347264], [129.73201420004955, 27.15143155739041], [129.71496966958966, 27.1415887034768], [129.70108858143104, 27.13583599187558], [129.67016296281255, 27.118203649947176], [129.66304053700182, 27.11303801286682], [129.63923734419407, 27.098953716532687], [129.61943573248294, 27.08448732225683], [129.60831172557556, 27.077725878339006], [129.57948064688765, 27.055936631646848], [129.57738610695708, 27.054604078908504], [129.5464604883386, 27.030486834700064], [129.54306578112616, 27.02738594103687], [129.5155348697201, 27.004809841777224], [129.50926842414123, 26.998835250426882], [129.4846092511016, 26.97714470023082], [129.47774709662895, 26.970284559816896], [129.45368363248312, 26.947236674381614], [129.44846245346116, 26.941733869206914], [129.4227580138646, 26.914229119183425], [129.42182143193935, 26.913183178596928], [129.3961755731383, 26.884632487986945], [129.39183239524613, 26.879684468776873], [129.37174181609396, 26.85608179737696], [129.36090677662764, 26.841882736540295], [129.34927206009692, 26.82753110676698], [129.33028286691578, 26.798980416156994], [129.32998115800916, 26.798505660167738], [129.31096547915405, 26.77042972554701], [129.29905553939065, 26.74841705589797], [129.2947901523027, 26.74187903493703], [129.28067318193473, 26.713328344327042], [129.26900551737447, 26.68477765371706], [129.26812992077217, 26.68226429194393], [129.25803397745383, 26.656226963107077], [129.2502264661435, 26.627676272497094], [129.2446004282852, 26.599125581887108], [129.24097436316262, 26.570574891277126], [129.24019994219216, 26.542024200667143], [129.24451727355125, 26.513473510057157], [129.2575220969536, 26.484922819447174], [129.26812992077217, 26.469981835857745]]]}, "properties": {"fillColor": "#0000FF", "fillOpacity": 0.7, "color": "#000000", "weight": 0.2, "stroke": false}}, {"type": "Feature", "geometry": {"type": "Polygon", "coordinates": [[[129.3293698562564, 26.68477765371706], [129.32842637260043, 26.713328344327042], [129.32998115800916, 26.718338596311497], [129.34065319023335, 26.74187903493703], [129.35240898598443, 26.77042972554701], [129.36090677662764, 26.786499358736407], [129.36922909047252, 26.798980416156994], [129.38754077720765, 26.82753110676698], [129.39183239524613, 26.8330590064014], [129.41141776753074, 26.85608179737696], [129.4227580138646, 26.869057583295252], [129.43820590394097, 26.88463248798694], [129.45368363248312, 26.90010020449808], [129.46907819188414, 26.91318317859693], [129.4846092511016, 26.926706250738416], [129.50588781590122, 26.941733869206914], [129.5155348697201, 26.94920555490555], [129.5464604883386, 26.966629693003554], [129.55718908860428, 26.970284559816896], [129.57738610695708, 26.97704781755772], [129.59017325707634, 26.970284559816896], [129.5779778281143, 26.941733869206914], [129.57738610695708, 26.941180904701813], [129.55225473426734, 26.913183178596924], [129.5464604883386, 26.90769451421252], [129.52473166224343, 26.884632487986945], [129.5155348697201, 26.875556512990265], [129.4966040187358, 26.856081797376966], [129.4846092511016, 26.843585868376238], [129.4691200820073, 26.82753110676698], [129.45368363248312, 26.810080657139288], [129.44307383014407, 26.798980416156994], [129.4227580138646, 26.773876237472084], [129.41912399312358, 26.77042972554701], [129.39501872748878, 26.74187903493703], [129.39183239524613, 26.73764836028336], [129.36756889946875, 26.713328344327042], [129.36090677662764, 26.704022267273537], [129.3309452149793, 26.68477765371706], [129.32998115800916, 26.68362426637886], [129.3293698562564, 26.68477765371706]]]}, "properties": {"fillColor": "#0000FF", "fillOpacity": 0.7, "color": "#000000", "weight": 0.2, "stroke": false}}, {"type": "Feature", "geometry": {"type": "Polygon", "coordinates": [[[115.78456020311002, 4.8705167374787806], [115.81548582172853, 4.866460657089805], [115.84189074946038, 4.872050027689548], [115.84641144034701, 4.872774103309885], [115.8773370589655, 4.891190063713447], [115.88741371678123, 4.900600718299533], [115.89510774047534, 4.929151408909515], [115.87833007162232, 4.9577020995195], [115.8773370589655, 4.9586459311858215], [115.84641144034701, 4.981821321855845], [115.83440175596209, 4.986252790129483], [115.8154858217285, 4.995268695146784], [115.78456020311002, 5.000634338082712], [115.75363458449152, 4.998810361368467], [115.72270896587304, 4.9888386584502], [115.71563399328157, 4.986252790129483], [115.69178334725456, 4.9749178353320636], [115.66085772863606, 4.960628751025756], [115.65271261339329, 4.9577020995195], [115.62993211001756, 4.934996280740763], [115.61630372350149, 4.929151408909515], [115.62993211001756, 4.925656765013673], [115.66085772863606, 4.922013827758907], [115.69178334725456, 4.910338815523188], [115.7079573793911, 4.900600718299532], [115.72270896587304, 4.893466351895421], [115.75363458449154, 4.878507118932271], [115.7797878456472, 4.872050027689548], [115.78456020311002, 4.8705167374787806]]]}, "properties": {"fillColor": "#00FF00", "fillOpacity": 0.7, "color": "#000000", "weight": 0.2, "stroke": false}}, {"type": "Feature", "geometry": {"type": "Polygon", "coordinates": [[[115.77686012066502, 4.900600718299532], [115.75363458449154, 4.909193172508489], [115.72598097450295, 4.929151408909515], [115.72609516993454, 4.9577020995195], [115.75363458449152, 4.973548637123482], [115.78456020311002, 4.97680202434243], [115.81548582172852, 4.9704054959595005], [115.84286620307738, 4.9577020995195], [115.84641144034701, 4.954934576169863], [115.86612927497654, 4.929151408909515], [115.84641144034701, 4.902305053518582], [115.84117782617649, 4.900600718299532], [115.81548582172852, 4.894740512733607], [115.78456020311002, 4.897742987308726], [115.77686012066502, 4.900600718299532]]]}, "properties": {"fillColor": "#00FF00", "fillOpacity": 0.7, "color": "#000000", "weight": 0.2, "stroke": false}}, {"type": "Feature", "geometry": {"type": "Polygon", "coordinates": [[[114.76401478869981, 6.180401742316386], [114.79494040731831, 6.168147662231112], [114.82586602593679, 6.158831920452866], [114.85679164455529, 6.157953573244071], [114.88771726317378, 6.1607534610328285], [114.91864288179227, 6.163005766835749], [114.94956850041075, 6.168428014415776], [114.98049411902925, 6.180428189943206], [114.99174415895176, 6.185381795748796], [115.01141973764774, 6.190650739183856], [115.04234535626624, 6.195547421203514], [115.07327097488474, 6.188571715242189], [115.08501247366223, 6.185381795748796], [115.10419659350322, 6.177828375631261], [115.13512221212171, 6.170777807597949], [115.1660478307402, 6.167386511844324], [115.1969734493587, 6.175998504666259], [115.20594699747141, 6.185381795748796], [115.22789906797718, 6.201560054110709], [115.24670613904826, 6.213932486358781], [115.25882468659567, 6.218900971422897], [115.28975030521417, 6.231979518634733], [115.30830520320059, 6.242483176968763], [115.32067592383265, 6.252721382582689], [115.34213065125465, 6.271033867578748], [115.35160154245114, 6.280720899273637], [115.3765619538898, 6.299584558188731], [115.38252716106965, 6.303823496662343], [115.41345277968813, 6.319410125662375], [115.4387918512813, 6.328135248798715], [115.44437839830663, 6.331570482971889], [115.47530401692511, 6.338641627636301], [115.5062296355436, 6.3378274304710995], [115.53715525416209, 6.336850226771941], [115.56808087278058, 6.339703661620128], [115.59900649139908, 6.346841270093913], [115.62291425190723, 6.356685939408699], [115.62993211001756, 6.359619435373876], [115.66085772863606, 6.377826403798759], [115.66960947817, 6.385236630018682], [115.69178334725456, 6.409021438325517], [115.69554476656374, 6.413787320628666], [115.71364346762141, 6.4423380112386495], [115.72270896587304, 6.465898023476562], [115.72479518542016, 6.470888701848632], [115.73276961044672, 6.499439392458617], [115.73379634258123, 6.5279900830686], [115.72471910799501, 6.5565407736785835], [115.72270896587304, 6.559470737276225], [115.70527230842902, 6.585091464288567], [115.69178334725456, 6.597239543350485], [115.66490187994208, 6.613642154898551], [115.66085772863607, 6.615742451607557], [115.62993211001756, 6.6252508025683685], [115.59900649139908, 6.628735955261261], [115.56808087278058, 6.628451544404822], [115.5371552541621, 6.625897069659924], [115.5062296355436, 6.621200551009505], [115.47530401692511, 6.615227050416528], [115.46483222679251, 6.613642154898551], [115.44437839830661, 6.609041322350522], [115.41345277968813, 6.600443913322776], [115.39279304458347, 6.585091464288567], [115.38252716106965, 6.567139762202611], [115.37835553687627, 6.556540773678584], [115.37693702166841, 6.5279900830686], [115.38252716106965, 6.5066010361339215], [115.39439089067541, 6.499439392458617], [115.41345277968813, 6.4955118854180585], [115.42157978962253, 6.499439392458616], [115.44437839830663, 6.5046823723324465], [115.47530401692511, 6.510546027851014], [115.5062296355436, 6.509682453078866], [115.53034966769222, 6.4994393924586165], [115.5371552541621, 6.49218165630756], [115.54535751727558, 6.470888701848633], [115.53923311989571, 6.4423380112386495], [115.5371552541621, 6.438577813148326], [115.51265779817743, 6.413787320628666], [115.5062296355436, 6.406787187682155], [115.47530401692512, 6.394521404859464], [115.44437839830664, 6.399110097828378], [115.4211206205407, 6.413787320628666], [115.41345277968813, 6.420507454558956], [115.38845957063248, 6.4423380112386495], [115.38252716106966, 6.4533867157856495], [115.35160154245114, 6.4597897642150635], [115.32067592383265, 6.457141345017795], [115.28975030521417, 6.458753413944841], [115.25882468659567, 6.466095786485282], [115.24881002922783, 6.470888701848633], [115.22789906797718, 6.481281175713967], [115.19903272362808, 6.4994393924586165], [115.19697344935868, 6.500797102136167], [115.1660478307402, 6.525771332288976], [115.16360363825922, 6.5279900830686], [115.13512221212171, 6.55204785978538], [115.12979193854339, 6.556540773678584], [115.10419659350322, 6.577520191953013], [115.09310545774272, 6.585091464288567], [115.07327097488472, 6.5996068470454645], [115.04246445594988, 6.613642154898552], [115.04234535626624, 6.613717776083405], [115.01141973764774, 6.6314277274169235], [114.99664887927086, 6.642192845508535], [114.98049411902926, 6.656577385659949], [114.96608297966407, 6.670743536118518], [114.94956850041076, 6.684517624314934], [114.91864288179227, 6.697392506520271], [114.90837207452972, 6.699294226728503], [114.88771726317377, 6.707041156494733], [114.85679164455527, 6.711934314685684], [114.8258660259368, 6.7140476096716055], [114.79494040731831, 6.717591166897895], [114.76401478869981, 6.724841111074292], [114.75297230053376, 6.727844917338485], [114.73308917008134, 6.737771978256969], [114.70248258242214, 6.756395607948469], [114.70216355146282, 6.757532886170698], [114.6984745343387, 6.784946298558453], [114.70216355146283, 6.7987591342297415], [114.70754043779964, 6.813496989168437], [114.72181099485388, 6.842047679778421], [114.73308917008133, 6.86414170093628], [114.73718039824129, 6.870598370388404], [114.750211908919, 6.899149060998388], [114.75744557816614, 6.9276997516083725], [114.75958861566204, 6.956250442218355], [114.75686139555914, 6.9848011328283395], [114.75438236088068, 7.013351823438322], [114.75381412830643, 7.0419025140483065], [114.75330302981442, 7.070453204658289], [114.75328220008137, 7.0990038952682735], [114.75373101637871, 7.127554585878258], [114.75194839440071, 7.1561052764882405], [114.7448081073986, 7.184655967098225], [114.73822040756906, 7.2132066577082075], [114.73308917008133, 7.231611535608284], [114.73169501535887, 7.241757348318192], [114.72227104571661, 7.2703080389281745], [114.70216355146283, 7.293487937495087], [114.6766070943963, 7.298858729538159], [114.67123793284435, 7.300175204206354], [114.66698677938665, 7.298858729538158], [114.64031231422585, 7.295665027091255], [114.60938669560736, 7.286262077408368], [114.58826033369667, 7.270308038928175], [114.57846107698887, 7.263918284322846], [114.55582179193493, 7.241757348318192], [114.54753545837038, 7.232625145246443], [114.52867048094183, 7.2132066577082075], [114.51660983975188, 7.197362798538808], [114.50479775714346, 7.184655967098225], [114.48791280114044, 7.1561052764882405], [114.4856842211334, 7.150308066262179], [114.47023007521977, 7.127554585878258], [114.46231669005542, 7.0990038952682735], [114.45947746178032, 7.070453204658289], [114.45860125246203, 7.0419025140483065], [114.45752764561249, 7.013351823438322], [114.45792628787555, 6.984801132828339], [114.4588496220675, 6.956250442218355], [114.45772442599898, 6.927699751608372], [114.45503581838186, 6.899149060998388], [114.45475860251491, 6.89575645647306], [114.45232336646879, 6.870598370388404], [114.44988656173146, 6.84204767977842], [114.44500114994474, 6.813496989168437], [114.43982036206901, 6.784946298558453], [114.43872981715609, 6.75639560794847], [114.43938965576972, 6.727844917338485], [114.44749457488791, 6.699294226728503], [114.45475860251489, 6.688594890369595], [114.47665605838498, 6.670743536118518], [114.4856842211334, 6.665289931367715], [114.51660983975188, 6.6664998684300025], [114.52154566706994, 6.670743536118518], [114.54753545837038, 6.693213552124775], [114.55593717618048, 6.699294226728503], [114.57846107698887, 6.711480589629495], [114.60938669560736, 6.704543572737117], [114.61385809146978, 6.699294226728503], [114.6245034490251, 6.670743536118518], [114.62752907325391, 6.642192845508535], [114.62792118130633, 6.613642154898551], [114.62980004950424, 6.585091464288567], [114.63585464357482, 6.556540773678584], [114.64031231422584, 6.545575709945801], [114.64464247723842, 6.5279900830686], [114.65787623161557, 6.499439392458616], [114.67123793284435, 6.480423538132469], [114.67610723449296, 6.470888701848633], [114.68655976755353, 6.4423380112386495], [114.69390197307112, 6.413787320628666], [114.70138748460703, 6.385236630018682], [114.70216355146283, 6.382156122270553], [114.70720418846332, 6.356685939408698], [114.70988902284337, 6.328135248798715], [114.70442010400106, 6.299584558188731], [114.70216355146283, 6.289818476639213], [114.69775601033584, 6.271033867578748], [114.70213973063355, 6.242483176968763], [114.70216355146283, 6.242440028039514], [114.71794270395904, 6.213932486358781], [114.73308917008133, 6.199333726330455], [114.75521639720526, 6.185381795748796], [114.76401478869981, 6.180401742316386]]]}, "properties": {"fillColor": "#00FF00", "fillOpacity": 0.7, "color": "#000000", "weight": 0.2, "stroke": false}}, {"type": "Feature", "geometry": {"type": "Polygon", "coordinates": [[[114.79608499078161, 6.213932486358781], [114.79494040731831, 6.214998929554042], [114.76401478869981, 6.234641119284514], [114.75682274877452, 6.242483176968763], [114.75300356463428, 6.271033867578748], [114.75687106315647, 6.299584558188731], [114.75081993862844, 6.328135248798715], [114.73826716138709, 6.356685939408698], [114.73308917008131, 6.366601180804564], [114.72463258224786, 6.385236630018682], [114.71607171853962, 6.413787320628666], [114.70992825127092, 6.442338011238649], [114.70216355146283, 6.465282423685906], [114.69955170987393, 6.470888701848633], [114.6817970207045, 6.499439392458617], [114.67123793284435, 6.516988894909086], [114.66409487588155, 6.5279900830686], [114.65217020215795, 6.556540773678584], [114.64679822063306, 6.585091464288567], [114.64522504540271, 6.613642154898551], [114.6459813227491, 6.642192845508535], [114.6477334275419, 6.670743536118518], [114.65127396454434, 6.699294226728503], [114.6684992359568, 6.727844917338485], [114.67123793284435, 6.729115534816539], [114.67224470417233, 6.727844917338485], [114.70216355146283, 6.721266563437672], [114.73308917008131, 6.715177915125112], [114.76401478869982, 6.702731511998736], [114.7733239270868, 6.699294226728503], [114.79494040731831, 6.694398868104977], [114.82586602593682, 6.691421002394067], [114.8567916445553, 6.6896576574612245], [114.88771726317378, 6.685970202733633], [114.91864288179227, 6.677775857095213], [114.9302724203682, 6.670743536118518], [114.94956850041076, 6.660749468013886], [114.969137187553, 6.642192845508534], [114.98049411902926, 6.629336503572542], [115.00000710545535, 6.613642154898551], [115.01141973764776, 6.606019054618006], [115.04234535626624, 6.5919523155241375], [115.05344509525119, 6.585091464288567], [115.07327097488472, 6.574757326127964], [115.09658643119626, 6.556540773678584], [115.10419659350323, 6.550622469963995], [115.12999261029987, 6.5279900830686], [115.13512221212171, 6.523123948177659], [115.1610257762264, 6.4994393924586165], [115.1660478307402, 6.494089193994498], [115.1917985999525, 6.470888701848633], [115.1969734493587, 6.465163785872635], [115.22468771568812, 6.4423380112386495], [115.22789906797718, 6.438862426394049], [115.25882468659567, 6.4162214239749], [115.2633525932109, 6.413787320628666], [115.28975030521417, 6.391046057210095], [115.29743125617603, 6.385236630018682], [115.30885118874312, 6.356685939408699], [115.3011171392738, 6.328135248798715], [115.28975030521417, 6.300534681978989], [115.28952429872204, 6.299584558188731], [115.2716027980793, 6.271033867578748], [115.25882468659569, 6.2612364673474605], [115.22789906797718, 6.243668151533613], [115.2251978119456, 6.242483176968763], [115.1969734493587, 6.228583076433506], [115.1660478307402, 6.215486469222282], [115.16026362912095, 6.213932486358781], [115.1351222121217, 6.207174189437792], [115.10419659350322, 6.209943104693668], [115.09215748545148, 6.213932486358781], [115.07327097488474, 6.218724796476543], [115.04234535626625, 6.220735351887422], [115.0142203183161, 6.213932486358781], [115.01141973764774, 6.2130896192497], [114.98049411902926, 6.199792032862572], [114.94956850041078, 6.191004878915888], [114.91864288179227, 6.186864398840499], [114.88771726317378, 6.1868747028936095], [114.85679164455529, 6.190224741355056], [114.8258660259368, 6.2004635287878], [114.79608499078161, 6.213932486358781]]]}, "properties": {"fillColor": "#00FF00", "fillOpacity": 0.7, "color": "#000000", "weight": 0.2, "stroke": false}}, {"type": "Feature", "geometry": {"type": "Polygon", "coordinates": [[[115.62079153627263, 6.470888701848633], [115.610886490507, 6.4994393924586165], [115.59900649139908, 6.520432644680154], [115.59575880719015, 6.5279900830686], [115.58131012907916, 6.556540773678584], [115.59900649139908, 6.567966644870593], [115.62993211001756, 6.564782867403608], [115.64233757771689, 6.556540773678584], [115.65746535345421, 6.5279900830686], [115.65704786195788, 6.4994393924586165], [115.64195043442662, 6.470888701848633], [115.62993211001756, 6.4569329978232215], [115.62079153627263, 6.470888701848633]]]}, "properties": {"fillColor": "#00FF00", "fillOpacity": 0.7, "color": "#000000", "weight": 0.2, "stroke": false}}, {"type": "Feature", "geometry": {"type": "Polygon", "coordinates": [[[114.47235438766538, 6.727844917338485], [114.4649241099946, 6.75639560794847], [114.46319804929276, 6.784946298558453], [114.46744371413331, 6.813496989168437], [114.4743621416508, 6.842047679778421], [114.48218895980561, 6.870598370388404], [114.4856842211334, 6.882201298838861], [114.49081142956952, 6.899149060998388], [114.49905570678126, 6.927699751608372], [114.50369674045027, 6.956250442218355], [114.49039127391634, 6.984801132828339], [114.4856842211334, 6.991558140497106], [114.47872609076678, 7.013351823438322], [114.4734276408158, 7.0419025140483065], [114.4720543520485, 7.070453204658289], [114.47593164730466, 7.0990038952682735], [114.4856842211334, 7.120638017281589], [114.48734460725089, 7.127554585878257], [114.49925789912211, 7.15610527648824], [114.51660983975188, 7.177346296343115], [114.52144535689106, 7.184655967098225], [114.54753545837038, 7.212460651732637], [114.54822068623882, 7.213206657708207], [114.57489489530262, 7.241757348318192], [114.57846107698887, 7.245248179585247], [114.60938669560736, 7.267845722743716], [114.6175215841465, 7.270308038928176], [114.64031231422587, 7.281045294931429], [114.67123793284435, 7.282868133529041], [114.69371862516076, 7.270308038928176], [114.70216355146283, 7.263364523628185], [114.7160386243643, 7.241757348318192], [114.72357462821526, 7.213206657708207], [114.7279215499541, 7.184655967098225], [114.73240994984923, 7.1561052764882405], [114.73308917008133, 7.139464795306358], [114.73431901233126, 7.127554585878257], [114.73308917008134, 7.116562665960564], [114.73215195250759, 7.0990038952682735], [114.72835340647362, 7.07045320465829], [114.72061373964831, 7.0419025140483065], [114.71008780945874, 7.013351823438322], [114.70614293304034, 6.984801132828339], [114.70420095175113, 6.956250442218355], [114.706065680258, 6.927699751608372], [114.70575007623682, 6.899149060998388], [114.70216355146283, 6.886155079557137], [114.69544552116601, 6.870598370388404], [114.68340230825164, 6.84204767977842], [114.67450852967963, 6.813496989168437], [114.67123793284435, 6.801763443031806], [114.66449846493911, 6.784946298558454], [114.65497684765845, 6.75639560794847], [114.64031231422584, 6.737754062119775], [114.60938669560736, 6.749524721231351], [114.57846107698887, 6.747898709107828], [114.55022455064197, 6.727844917338485], [114.54753545837038, 6.726126833824598], [114.51660983975188, 6.703929111211486], [114.4856842211334, 6.709064602603954], [114.47235438766538, 6.727844917338485]]]}, "properties": {"fillColor": "#00FF00", "fillOpacity": 0.7, "color": "#000000", "weight": 0.2, "stroke": false}}, {"type": "Feature", "geometry": {"type": "Polygon", "coordinates": [[[126.88685728714835, 9.111742226037325], [126.91778290576684, 9.099643215216894], [126.94870852438532, 9.110496521818717], [126.97117332895564, 9.126102928577112], [126.97963414300382, 9.137850727530148], [127.00349636505648, 9.154653619187096], [127.01055976162232, 9.18000309655031], [127.0125314626883, 9.18320430979708], [127.0166913345991, 9.211755000407063], [127.0141210045128, 9.240305691017046], [127.01055976162232, 9.250795245957299], [127.007147713305, 9.268856381627032], [126.97963414300382, 9.290166752372771], [126.94870852438532, 9.288298782242336], [126.91778290576684, 9.271425956959419], [126.91511964976621, 9.268856381627032], [126.89143371390844, 9.240305691017047], [126.88685728714835, 9.232358966175632], [126.87645972807641, 9.211755000407063], [126.8690065417361, 9.18320430979708], [126.86780102644451, 9.154653619187096], [126.87562252669619, 9.126102928577112], [126.88685728714835, 9.111742226037325]]]}, "properties": {"fillColor": "#00FF00", "fillOpacity": 0.7, "color": "#000000", "weight": 0.2, "stroke": false}}, {"type": "Feature", "geometry": {"type": "Polygon", "coordinates": [[[127.1033366174778, 9.309139940268013], [127.13426223609628, 9.312560773796342], [127.16133958985355, 9.325957762846999], [127.16518785471477, 9.327546912382925], [127.19611347333326, 9.350698262265794], [127.19972969278479, 9.354508453456983], [127.22703909195175, 9.380797315624832], [127.22886703518348, 9.383059144066966], [127.2496483112882, 9.411609834676948], [127.25796471057025, 9.422883203942748], [127.26905321580455, 9.440160525286933], [127.28347052367624, 9.468711215896917], [127.28889032918873, 9.479224234600434], [127.29858988251725, 9.4972619065069], [127.31097091706584, 9.525812597116884], [127.31981594780723, 9.55040033057946], [127.32190216570639, 9.554363287726868], [127.33465298657914, 9.582913978336851], [127.33787445829495, 9.611464668946834], [127.34039388853688, 9.640015359556818], [127.33982888251836, 9.668566050166802], [127.33878153775302, 9.697116740776785], [127.33702887210262, 9.72566743138677], [127.33142339725156, 9.754218121996754], [127.31981594780723, 9.772086009532044], [127.28889032918875, 9.769811799537447], [127.26565230062967, 9.754218121996754], [127.25796471057025, 9.74883857363113], [127.23760134811289, 9.72566743138677], [127.22703909195175, 9.709572409502169], [127.22011882213407, 9.697116740776785], [127.21008295902934, 9.668566050166802], [127.2040770604496, 9.640015359556818], [127.19895686859704, 9.611464668946834], [127.19611347333324, 9.599747480496024], [127.19201178628661, 9.582913978336851], [127.18269372346383, 9.554363287726868], [127.1701867219189, 9.525812597116884], [127.16518785471476, 9.517014231772494], [127.15319662165881, 9.4972619065069], [127.13426223609628, 9.471104150406083], [127.13249785151935, 9.468711215896917], [127.1133233835115, 9.440160525286933], [127.1033366174778, 9.42288637256425], [127.09752208250272, 9.411609834676948], [127.08920570827826, 9.383059144066966], [127.08718629546527, 9.354508453456983], [127.09216002641736, 9.325957762846999], [127.1033366174778, 9.309139940268013]]]}, "properties": {"fillColor": "#00FF00", "fillOpacity": 0.7, "color": "#000000", "weight": 0.2, "stroke": false}}, {"type": "Feature", "geometry": {"type": "Polygon", "coordinates": [[[140.40135262342898, 9.807491995490796], [140.43227824204746, 9.799220810260163], [140.46320386066597, 9.800002935063421], [140.4902168994068, 9.81131950321672], [140.4780962284632, 9.839870193826705], [140.46320386066597, 9.847842476643734], [140.43227824204746, 9.857267983041002], [140.40135262342898, 9.856912733145819], [140.37345186050433, 9.839870193826705], [140.3948450622169, 9.81131950321672], [140.40135262342898, 9.807491995490796]]]}, "properties": {"fillColor": "#00FF00", "fillOpacity": 0.7, "color": "#000000", "weight": 0.2, "stroke": false}}, {"type": "Feature", "geometry": {"type": "Polygon", "coordinates": [[[133.44308843426847, 9.83118528498378], [133.47401405288696, 9.822566524248714], [133.50493967150547, 9.81765655839177], [133.53586529012395, 9.814919445839777], [133.56679090874243, 9.813749505137894], [133.59771652736094, 9.814679428316483], [133.62864214597943, 9.822247850953358], [133.6502463222225, 9.839870193826705], [133.6551747209586, 9.868420884436688], [133.64100540719352, 9.89697157504667], [133.62864214597943, 9.909509211027078], [133.61209892223258, 9.925522265656653], [133.59771652736094, 9.936783893315242], [133.56875595189976, 9.95407295626664], [133.56679090874243, 9.95531385707759], [133.53586529012395, 9.971568354172044], [133.5049396715055, 9.98152777565301], [133.50058991825543, 9.982623646876622], [133.47401405288696, 9.992658218248398], [133.44308843426847, 9.999268812573362], [133.41216281565, 10.001795107586771], [133.38123719703148, 10.000352514335901], [133.350311578413, 9.996309011955022], [133.31938595979452, 9.995072853435383], [133.288460341176, 9.995783808020605], [133.25753472255752, 9.999413156971245], [133.23618384261817, 10.011174337486606], [133.22660910393904, 10.014318543660751], [133.19568348532056, 10.012517698900059], [133.1930372847, 10.011174337486608], [133.19568348532056, 10.002894426084293], [133.20515530281003, 9.982623646876622], [133.22660910393904, 9.974267218310569], [133.2549850337878, 9.95407295626664], [133.25753472255752, 9.952427717520271], [133.28479803994463, 9.925522265656655], [133.288460341176, 9.922618455803514], [133.31938595979452, 9.897385549773624], [133.31987701190084, 9.89697157504667], [133.350311578413, 9.875423966183533], [133.36264755918072, 9.868420884436688], [133.38123719703148, 9.856884124958894], [133.41216281565, 9.843390818264078], [133.42317579034824, 9.839870193826705], [133.44308843426847, 9.83118528498378]]]}, "properties": {"fillColor": "#00FF00", "fillOpacity": 0.7, "color": "#000000", "weight": 0.2, "stroke": false}}, {"type": "Feature", "geometry": {"type": "Polygon", "coordinates": [[[133.41740447273085, 9.868420884436688], [133.41216281565, 9.870428888642572], [133.38123719703148, 9.886006590917749], [133.36431504194988, 9.89697157504667], [133.35031157841297, 9.908400642620457], [133.3303458195771, 9.925522265656655], [133.31938595979452, 9.951309901077662], [133.31768241234056, 9.95407295626664], [133.31938595979452, 9.95533794501552], [133.350311578413, 9.965999483442944], [133.3812371970315, 9.969200341345012], [133.41216281565, 9.971621503218909], [133.44308843426847, 9.971064532948088], [133.47401405288696, 9.966387469204225], [133.50493967150547, 9.957478404279394], [133.51291502164878, 9.95407295626664], [133.53586529012395, 9.945449018802657], [133.56679090874243, 9.927875793905436], [133.57013377348244, 9.925522265656655], [133.59771652736094, 9.900841422221577], [133.60177249418075, 9.89697157504667], [133.61566861723676, 9.868420884436688], [133.59771652736094, 9.848415734318824], [133.56679090874243, 9.841678084325824], [133.53586529012395, 9.841980939012666], [133.50493967150547, 9.844624539840522], [133.47401405288696, 9.849547883426029], [133.44308843426847, 9.857768842753757], [133.41740447273085, 9.868420884436688]]]}, "properties": {"fillColor": "#00FF00", "fillOpacity": 0.7, "color": "#000000", "weight": 0.2, "stroke": false}}, {"type": "Feature", "geometry": {"type": "Polygon", "coordinates": [[[140.6796831909954, 9.86236042086325], [140.7106088096139, 9.867201000224522], [140.71298564610564, 9.868420884436688], [140.7415344282324, 9.884032548774075], [140.75394641743293, 9.89697157504667], [140.77070243337508, 9.925522265656655], [140.7643795122761, 9.95407295626664], [140.7415344282324, 9.973419150291079], [140.72246570840318, 9.982623646876622], [140.71060880961386, 9.989142126979196], [140.6796831909954, 9.999309008271862], [140.64875757237692, 10.007884288206187], [140.63621120728794, 10.011174337486606], [140.6178319537584, 10.017550801493655], [140.58690633513993, 10.02383982534115], [140.55598071652145, 10.023724763097718], [140.5445069219904, 10.011174337486606], [140.55510238096207, 9.982623646876622], [140.55598071652145, 9.981000885094366], [140.57096518678424, 9.95407295626664], [140.58690633513993, 9.929423842731206], [140.58943027788288, 9.925522265656655], [140.6112415341141, 9.89697157504667], [140.6178319537584, 9.890122759838624], [140.64875757237692, 9.868790722698776], [140.65013949473666, 9.868420884436688], [140.6796831909954, 9.86236042086325]]]}, "properties": {"fillColor": "#00FF00", "fillOpacity": 0.7, "color": "#000000", "weight": 0.2, "stroke": false}}, {"type": "Feature", "geometry": {"type": "Polygon", "coordinates": [[[140.67642081751575, 9.95407295626664], [140.6796831909954, 9.954853365238248], [140.68420032434722, 9.95407295626664], [140.6796831909954, 9.945004934170747], [140.67642081751575, 9.95407295626664]]]}, "properties": {"fillColor": "#00FF00", "fillOpacity": 0.7, "color": "#000000", "weight": 0.2, "stroke": false}}, {"type": "Feature", "geometry": {"type": "Polygon", "coordinates": [[[133.59771652736094, 10.291726476201015], [133.62864214597943, 10.279342309596029], [133.6595677645979, 10.276940729726793], [133.6904933832164, 10.281956561640502], [133.71803778530617, 10.296681243586441], [133.7214190018349, 10.298559794966287], [133.75234462045339, 10.324845226853146], [133.7528400675779, 10.325231934196427], [133.77584833503244, 10.35378262480641], [133.77775814524617, 10.382333315416393], [133.76377570657155, 10.410884006026377], [133.7523446204534, 10.421559272377888], [133.7364391194916, 10.439434696636361], [133.72141900183493, 10.450427882732658], [133.6904933832164, 10.463007909962712], [133.6595677645979, 10.46626380105086], [133.62864214597943, 10.464540499889356], [133.59771652736094, 10.455727659369039], [133.5729914956473, 10.439434696636361], [133.56679090874243, 10.434218692245564], [133.54704506210751, 10.410884006026377], [133.54085705934318, 10.382333315416393], [133.54382854580734, 10.35378262480641], [133.55812041962696, 10.325231934196427], [133.56679090874243, 10.315595843328516], [133.59072714065414, 10.296681243586441], [133.59771652736094, 10.291726476201015]]]}, "properties": {"fillColor": "#00FF00", "fillOpacity": 0.7, "color": "#000000", "weight": 0.2, "stroke": false}}, {"type": "Feature", "geometry": {"type": "Polygon", "coordinates": [[[133.65859021008072, 10.296681243586441], [133.62864214597943, 10.298541551981119], [133.59771652736094, 10.310342848192345], [133.58049504203674, 10.325231934196427], [133.56679090874243, 10.348698083356515], [133.5636324833429, 10.35378262480641], [133.5590264987, 10.382333315416393], [133.5667909087424, 10.40094788706512], [133.57055144620642, 10.410884006026377], [133.59771652736094, 10.434889531392344], [133.607214885095, 10.439434696636361], [133.62864214597943, 10.449805305086441], [133.6595677645979, 10.45333565020075], [133.6904933832164, 10.446802050382864], [133.70349752451872, 10.439434696636361], [133.72141900183487, 10.427464035478696], [133.7378669994205, 10.410884006026377], [133.74659444904563, 10.382333315416393], [133.743476844086, 10.35378262480641], [133.72143214304558, 10.325231934196427], [133.7214190018349, 10.32522068459955], [133.6904933832164, 10.302871591604022], [133.65998237012175, 10.296681243586441], [133.6595677645979, 10.296567626447402], [133.65859021008072, 10.296681243586441]]]}, "properties": {"fillColor": "#00FF00", "fillOpacity": 0.7, "color": "#000000", "weight": 0.2, "stroke": false}}, {"type": "Feature", "geometry": {"type": "Polygon", "coordinates": [[[127.72184898984762, 10.507897667258751], [127.7527746084661, 10.497297309405212], [127.7837002270846, 10.496540055012012], [127.81462584570309, 10.500529335909347], [127.84555146432157, 10.508157647574006], [127.87647708294007, 10.521513837402093], [127.88226354953642, 10.525086768466313], [127.90740270155854, 10.535812502014752], [127.9338029531035, 10.553637459076295], [127.93832832017705, 10.55601744404443], [127.96925393879553, 10.576901778610424], [127.97550155789361, 10.582188149686278], [128.00017955741404, 10.603076124633633], [128.007805477007, 10.610738840296262], [128.03110517603253, 10.634050100253752], [128.03621273717286, 10.639289530906245], [128.062030794651, 10.663282890490745], [128.0666930067462, 10.66784022151623], [128.08722649246099, 10.696390912126214], [128.09295641326952, 10.716191354359582], [128.0973663329676, 10.724941602736198], [128.0989616471032, 10.75349229334618], [128.09295641326952, 10.767537174594953], [128.0857724610633, 10.782042983956163], [128.062030794651, 10.80004723893589], [128.03110517603253, 10.803610537577221], [128.00017955741404, 10.79644494887618], [127.9790766138106, 10.782042983956163], [127.96925393879553, 10.775409343568668], [127.94751700029116, 10.75349229334618], [127.93832832017705, 10.743926116035597], [127.91576417302235, 10.724941602736198], [127.90740270155855, 10.719975842561132], [127.87647708294007, 10.708233599020618], [127.84657394627928, 10.696390912126214], [127.84555146432157, 10.696071611603754], [127.81462584570309, 10.687776421364802], [127.78370022708461, 10.677926376764768], [127.75850594690678, 10.66784022151623], [127.7527746084661, 10.665082716439839], [127.72184898984762, 10.645495465958959], [127.71454842419142, 10.639289530906247], [127.69551718722225, 10.610738840296262], [127.69092337122912, 10.591059208532272], [127.68828741895423, 10.582188149686278], [127.6898983908574, 10.553637459076295], [127.69092337122913, 10.55107948463413], [127.70245043492386, 10.525086768466313], [127.72184898984762, 10.507897667258751]]]}, "properties": {"fillColor": "#00FF00", "fillOpacity": 0.7, "color": "#000000", "weight": 0.2, "stroke": false}}, {"type": "Feature", "geometry": {"type": "Polygon", "coordinates": [[[127.75236923642044, 10.553637459076295], [127.74181014824299, 10.582188149686278], [127.75012114925585, 10.610738840296262], [127.7527746084661, 10.613835495614204], [127.77580173611393, 10.639289530906247], [127.78370022708461, 10.644249510716286], [127.81462584570309, 10.661244673230673], [127.82778400707582, 10.66784022151623], [127.84555146432157, 10.675599832842567], [127.87647708294007, 10.687572027548764], [127.89895940801783, 10.696390912126214], [127.90740270155855, 10.700391018959193], [127.93832832017705, 10.719523716720529], [127.94440356953298, 10.724941602736198], [127.96925393879553, 10.74992576654709], [127.97343239457126, 10.753492293346183], [128.00017955741404, 10.773916136901157], [128.03110517603253, 10.781295723870647], [128.062030794651, 10.77135328939827], [128.07562983801796, 10.75349229334618], [128.0782838271429, 10.724941602736198], [128.0679217688119, 10.696390912126214], [128.062030794651, 10.688963125526454], [128.04687462471378, 10.66784022151623], [128.0311051760325, 10.65323650683592], [128.01305804476297, 10.639289530906247], [128.00017955741404, 10.626872164428924], [127.98095374554819, 10.610738840296262], [127.96925393879553, 10.600435351605562], [127.94225635881844, 10.582188149686278], [127.93832832017705, 10.579272789485083], [127.90740270155855, 10.561110017575025], [127.88939639712629, 10.553637459076295], [127.87647708294007, 10.546795349093355], [127.84555146432157, 10.53699790582518], [127.81462584570309, 10.532760285176247], [127.78370022708458, 10.5356398292036], [127.7527746084661, 10.553239705080475], [127.75236923642044, 10.553637459076295]]]}, "properties": {"fillColor": "#00FF00", "fillOpacity": 0.7, "color": "#000000", "weight": 0.2, "stroke": false}}, {"type": "Feature", "geometry": {"type": "Polygon", "coordinates": [[[138.2984105573716, 10.5347019583058], [138.32933617599008, 10.527226465017108], [138.36026179460856, 10.531508361834328], [138.39118741322704, 10.540350807807185], [138.4175302020874, 10.553637459076295], [138.42211303184556, 10.555611995421517], [138.45303865046404, 10.571563114890136], [138.4762614177313, 10.582188149686278], [138.48396426908255, 10.584496145975226], [138.51488988770103, 10.591957478649203], [138.5458155063195, 10.60953558442713], [138.5471908158996, 10.610738840296262], [138.576741124938, 10.639277688475188], [138.5767512033907, 10.639289530906247], [138.5989552174982, 10.66784022151623], [138.6076667435565, 10.692975805037424], [138.6094783049843, 10.696390912126214], [138.61535747610168, 10.724941602736198], [138.60805691688938, 10.75349229334618], [138.6076667435565, 10.754110353609436], [138.59091961716118, 10.782042983956163], [138.576741124938, 10.793745351146633], [138.5458155063195, 10.805620043481309], [138.51488988770103, 10.80941980707193], [138.49900826324927, 10.81059367456615], [138.48396426908255, 10.813256999414833], [138.45303865046404, 10.821144930850153], [138.42211303184556, 10.830360149582255], [138.39118741322704, 10.836746262653289], [138.36062992390475, 10.839144365176132], [138.36026179460856, 10.839232456020527], [138.3576090472617, 10.839144365176134], [138.32933617599008, 10.838799501443647], [138.2984105573716, 10.834935450513234], [138.26748493875309, 10.823851034864788], [138.24532313522167, 10.81059367456615], [138.2365593201346, 10.805540993294805], [138.2091858043874, 10.782042983956163], [138.20563370151612, 10.772696224436755], [138.19780302998151, 10.75349229334618], [138.19561451815548, 10.724941602736198], [138.19679783713102, 10.696390912126214], [138.20319207927966, 10.667840221516228], [138.20563370151612, 10.661642290377186], [138.21132553438758, 10.639289530906247], [138.22478043302135, 10.610738840296262], [138.2365593201346, 10.592539304569103], [138.2430875883403, 10.582188149686278], [138.26748493875309, 10.556309139443304], [138.27090795737232, 10.553637459076295], [138.2984105573716, 10.5347019583058]]]}, "properties": {"fillColor": "#00FF00", "fillOpacity": 0.7, "color": "#000000", "weight": 0.2, "stroke": false}}, {"type": "Feature", "geometry": {"type": "Polygon", "coordinates": [[[138.29421287435608, 10.582188149686278], [138.26748493875309, 10.608452189661804], [138.26571405561984, 10.610738840296262], [138.24440084397963, 10.639289530906247], [138.2365593201346, 10.654096962804438], [138.22891042687246, 10.66784022151623], [138.220182221276, 10.696390912126214], [138.2208640485321, 10.724941602736198], [138.23219841030587, 10.75349229334618], [138.2365593201346, 10.759243045641359], [138.25456231093997, 10.782042983956163], [138.26748493875309, 10.792032481512202], [138.2984105573716, 10.807979798388835], [138.30987779490994, 10.81059367456615], [138.32933617599008, 10.818413630423656], [138.36026179460856, 10.821999571025888], [138.39118741322704, 10.818544802358705], [138.41744709456339, 10.81059367456615], [138.42211303184556, 10.809959143909454], [138.45303865046404, 10.804842861094466], [138.48396426908255, 10.800345486468235], [138.51488988770103, 10.796313730880454], [138.5458155063195, 10.788580073677029], [138.55785893355784, 10.782042983956163], [138.576741124938, 10.769774346441599], [138.59054895749915, 10.75349229334618], [138.59792279873827, 10.724941602736198], [138.5934910815423, 10.696390912126214], [138.576741124938, 10.669179023093635], [138.5759390926805, 10.667840221516228], [138.5497028841761, 10.639289530906247], [138.5458155063195, 10.63561875706713], [138.51488988770103, 10.617534720414866], [138.48511677844323, 10.610738840296262], [138.48396426908255, 10.610341813363908], [138.45303865046404, 10.599674808705316], [138.42211303184556, 10.583617817987333], [138.41957947315933, 10.582188149686278], [138.39118741322704, 10.566857664384408], [138.36026179460856, 10.56078256698391], [138.32933617599008, 10.563511829830162], [138.2984105573716, 10.578729942892467], [138.29421287435608, 10.582188149686278]]]}, "properties": {"fillColor": "#00FF00", "fillOpacity": 0.7, "color": "#000000", "weight": 0.2, "stroke": false}}, {"type": "Feature", "geometry": {"type": "Polygon", "coordinates": [[[143.67946819698903, 10.625817644703416], [143.71039381560755, 10.619884731366595], [143.74131943422603, 10.61799385571067], [143.7722450528445, 10.6179908490743], [143.80317067146302, 10.619425797339419], [143.8340962900815, 10.622320271245197], [143.8650219087, 10.626002319981778], [143.89594752731847, 10.631447347899803], [143.92687314593698, 10.639151454782779], [143.92736076429202, 10.639289530906247], [143.95779876455546, 10.645022727488755], [143.98872438317397, 10.653860840656451], [144.01965000179246, 10.666381514583609], [144.02314374573402, 10.667840221516231], [144.05057562041094, 10.67846774441621], [144.08150123902942, 10.693682416109347], [144.08698090293274, 10.696390912126214], [144.11242685764793, 10.710095563186435], [144.13660186229183, 10.724941602736198], [144.14335247626641, 10.73023811093641], [144.17274464403152, 10.75349229334618], [144.1742780948849, 10.755503653375984], [144.1960603624172, 10.782042983956163], [144.200393663996, 10.81059367456615], [144.19114285394915, 10.839144365176132], [144.18963414514053, 10.867695055786115], [144.20499703414063, 10.896245746396099], [144.2052037135034, 10.8964306101993], [144.2361293321219, 10.921347058930516], [144.23995174311648, 10.924796437006083], [144.26705495074037, 10.941766345114832], [144.28143372979713, 10.953347127616066], [144.29798056935886, 10.964854128473656], [144.3171657352653, 10.98189781822605], [144.32890618797737, 10.993313805505796], [144.34417751474345, 11.010448508836035], [144.35983180659585, 11.03676788885566], [144.36126143090326, 11.03899919944602], [144.3721352153435, 11.067549890056], [144.37529716355053, 11.096100580665984], [144.3667818424697, 11.124651271275969], [144.35983180659585, 11.131822916913425], [144.32890618797737, 11.138513985888444], [144.29798056935886, 11.13345863960668], [144.26892860337682, 11.124651271275969], [144.26705495074037, 11.124159881142907], [144.2361293321219, 11.11292455224261], [144.2052037135034, 11.096322677127105], [144.20480079567184, 11.096100580665984], [144.1742780948849, 11.080324976215161], [144.1524561842217, 11.067549890056], [144.14335247626641, 11.062180115893707], [144.11242685764793, 11.046238229322585], [144.09188126930658, 11.038999199446017], [144.08150123902942, 11.035647648307632], [144.05057562041094, 11.034670172373438], [144.02549727797225, 11.03899919944602], [144.01965000179246, 11.040005141531871], [143.98872438317397, 11.046430499669135], [143.95779876455543, 11.049313861115753], [143.92687314593698, 11.047180483353763], [143.89979628463774, 11.038999199446017], [143.89594752731847, 11.038140880239569], [143.8650219087, 11.024725248364113], [143.84646861988634, 11.010448508836035], [143.8340962900815, 11.001191052047124], [143.81458700834077, 10.98189781822605], [143.80317067146302, 10.969616847375335], [143.7889762028957, 10.953347127616066], [143.7722450528445, 10.930995541727123], [143.76699892053915, 10.924796437006083], [143.74405973167072, 10.896245746396099], [143.74131943422603, 10.892706346352767], [143.71559081297644, 10.867695055786115], [143.71039381560755, 10.862924054815892], [143.67946819698903, 10.849656821220147], [143.64854257837055, 10.843425294939761], [143.63801195428942, 10.839144365176132], [143.61761695975207, 10.82991118347237], [143.5866913411336, 10.817052462290924], [143.5712197349675, 10.81059367456615], [143.55576572251508, 10.802548820008713], [143.5248401038966, 10.783518685845102], [143.52288335850307, 10.782042983956163], [143.51476873320826, 10.75349229334618], [143.52484010389657, 10.740837883012558], [143.54229298901666, 10.724941602736198], [143.55576572251508, 10.71820147015106], [143.5866913411336, 10.701201315755126], [143.59048698039922, 10.696390912126216], [143.6162768166828, 10.66784022151623], [143.61761695975207, 10.666612117515111], [143.64854257837055, 10.64093842030934], [143.65198537945858, 10.639289530906247], [143.67946819698903, 10.625817644703416]]]}, "properties": {"fillColor": "#00FF00", "fillOpacity": 0.7, "color": "#000000", "weight": 0.2, "stroke": false}}, {"type": "Feature", "geometry": {"type": "Polygon", "coordinates": [[[143.70894989150142, 10.639289530906247], [143.67946819698903, 10.64593909894762], [143.64854257837055, 10.665285686514762], [143.64553677514903, 10.66784022151623], [143.62460029242797, 10.696390912126214], [143.61761695975207, 10.719288308376177], [143.61347880810717, 10.724941602736198], [143.59768341631718, 10.75349229334618], [143.60484234688613, 10.782042983956163], [143.61761695975207, 10.78963595001345], [143.64854257837055, 10.807273522481449], [143.65790796114285, 10.81059367456615], [143.67946819698903, 10.817084722214004], [143.71039381560755, 10.830077463586369], [143.7216052063822, 10.839144365176132], [143.74131943422603, 10.857230144172103], [143.74816346518554, 10.867695055786115], [143.77106862584424, 10.896245746396099], [143.7722450528445, 10.89760893674319], [143.7933878415166, 10.924796437006083], [143.80317067146302, 10.936268774412003], [143.81912121951103, 10.953347127616066], [143.8340962900815, 10.968714679114793], [143.8507829391819, 10.98189781822605], [143.8650219087, 10.993203990776998], [143.89594752731847, 11.007974166757988], [143.90934260489118, 11.010448508836035], [143.92687314593698, 11.014148926485683], [143.95779876455546, 11.010554557695304], [143.95813584733804, 11.010448508836035], [143.98872438317397, 10.997455825149688], [144.01965000179246, 10.984803242529296], [144.03025804574048, 10.98189781822605], [144.05057562041094, 10.976186292170269], [144.08150123902942, 10.966875584360626], [144.11242685764793, 10.958602409977045], [144.14335247626641, 10.958231731625329], [144.16026466875238, 10.953347127616066], [144.14335247626641, 10.93257567523818], [144.14262647609314, 10.924796437006083], [144.13401594651714, 10.896245746396099], [144.1282660877602, 10.867695055786115], [144.12526332896013, 10.839144365176132], [144.12680951387316, 10.81059367456615], [144.12121111495838, 10.782042983956163], [144.11242685764793, 10.77149702617709], [144.09966192025573, 10.75349229334618], [144.08150123902942, 10.738488449452962], [144.06379418491105, 10.724941602736198], [144.05057562041094, 10.71614731464373], [144.01965000179246, 10.698234255693517], [144.01617873409998, 10.696390912126214], [143.98872438317397, 10.682151981199173], [143.9577987645555, 10.670217383325426], [143.95039906894303, 10.66784022151623], [143.92687314593698, 10.659619569653078], [143.89594752731847, 10.651916720460575], [143.8650219087, 10.646348550544829], [143.8340962900815, 10.642032882619251], [143.8084550123636, 10.639289530906247], [143.80317067146302, 10.63843735542378], [143.7722450528445, 10.63528938277281], [143.74131943422603, 10.635105142236142], [143.71039381560755, 10.63886254657014], [143.70894989150142, 10.639289530906247]]]}, "properties": {"fillColor": "#00FF00", "fillOpacity": 0.7, "color": "#000000", "weight": 0.2, "stroke": false}}, {"type": "Feature", "geometry": {"type": "Polygon", "coordinates": [[[144.16089195784207, 10.98189781822605], [144.1742780948849, 11.004873175577742], [144.1765089801024, 11.010448508836035], [144.19990579848752, 11.038999199446017], [144.2052037135034, 11.042405454820654], [144.2361293321219, 11.065322879980187], [144.2391343423127, 11.067549890056], [144.26705495074037, 11.079813185122525], [144.29798056935886, 11.091008824115345], [144.32890618797737, 11.087189715865847], [144.3332684635871, 11.067549890056], [144.32890618797737, 11.057195427337088], [144.3190325753434, 11.038999199446017], [144.29798056935886, 11.012721332437632], [144.2950175279889, 11.010448508836035], [144.26705495074037, 10.990658445753027], [144.2492688506119, 10.98189781822605], [144.2361293321219, 10.975564024170229], [144.2052037135034, 10.966792530286753], [144.1742780948849, 10.958573671275278], [144.16089195784207, 10.98189781822605]]]}, "properties": {"fillColor": "#00FF00", "fillOpacity": 0.7, "color": "#000000", "weight": 0.2, "stroke": false}}, {"type": "Feature", "geometry": {"type": "Polygon", "coordinates": [[[140.339501386192, 10.688303997109207], [140.3704270048105, 10.68926577537734], [140.3866868468727, 10.696390912126214], [140.40135262342898, 10.703867657637783], [140.4223072521233, 10.724941602736198], [140.43227824204746, 10.747911647427497], [140.43537505402517, 10.75349229334618], [140.443721562625, 10.782042983956163], [140.4471126877977, 10.81059367456615], [140.44359275393745, 10.839144365176132], [140.43227824204746, 10.862645963702505], [140.43037555482206, 10.867695055786115], [140.40812068204, 10.896245746396099], [140.40135262342898, 10.90206423221556], [140.3704270048105, 10.918121294489278], [140.339501386192, 10.924056406679965], [140.3085757675735, 10.924792637460401], [140.27765014895502, 10.91778407330295], [140.25132512374793, 10.896245746396099], [140.24672453033654, 10.889560764246673], [140.23451223998117, 10.867695055786115], [140.22991473013542, 10.839144365176132], [140.2320475197443, 10.81059367456615], [140.24022665777886, 10.782042983956163], [140.24672453033654, 10.76955007749972], [140.25309985757863, 10.75349229334618], [140.2745143083768, 10.724941602736198], [140.27765014895502, 10.721734571735425], [140.3085757675735, 10.69927290283121], [140.31841934450955, 10.696390912126214], [140.339501386192, 10.688303997109207]]]}, "properties": {"fillColor": "#00FF00", "fillOpacity": 0.7, "color": "#000000", "weight": 0.2, "stroke": false}}, {"type": "Feature", "geometry": {"type": "Polygon", "coordinates": [[[140.31588228965649, 10.724941602736198], [140.3085757675735, 10.727668318889682], [140.28092985315556, 10.75349229334618], [140.27765014895502, 10.75817500521754], [140.2638740087814, 10.782042983956163], [140.25639589714166, 10.81059367456615], [140.25544401570676, 10.839144365176132], [140.2640673556483, 10.867695055786115], [140.27765014895502, 10.883900188253872], [140.30379945337071, 10.896245746396099], [140.3085757675735, 10.898134496964996], [140.339501386192, 10.898415218760142], [140.34668380081126, 10.896245746396097], [140.3704270048105, 10.889225748045366], [140.3981790243, 10.867695055786115], [140.40135262342898, 10.862673345354207], [140.41335386271095, 10.839144365176132], [140.4151334716237, 10.81059367456615], [140.4099220618391, 10.782042983956163], [140.40135262342898, 10.753501393069623], [140.40135004343347, 10.75349229334618], [140.37706676751657, 10.724941602736198], [140.3704270048105, 10.720468628351426], [140.339501386192, 10.71575151447534], [140.31588228965649, 10.724941602736198]]]}, "properties": {"fillColor": "#00FF00", "fillOpacity": 0.7, "color": "#000000", "weight": 0.2, "stroke": false}}, {"type": "Feature", "geometry": {"type": "Polygon", "coordinates": [[[133.75234462045339, 10.887143863288552], [133.78327023907187, 10.875896488934348], [133.81419585769038, 10.874530122170919], [133.84512147630886, 10.895096321836258], [133.8460277125861, 10.896245746396099], [133.85040278095585, 10.924796437006083], [133.84512147630886, 10.952750352737029], [133.84503843001977, 10.953347127616066], [133.83802607124107, 10.981897818226049], [133.82757524581865, 11.010448508836035], [133.81419585769038, 11.03516649973446], [133.81180586724378, 11.038999199446017], [133.79001703364287, 11.067549890056], [133.78327023907184, 11.075381057741083], [133.75234462045339, 11.093279483739602], [133.72625176414465, 11.096100580665984], [133.7214190018349, 11.096659026539275], [133.71777046993506, 11.096100580665983], [133.6904933832164, 11.092897080929244], [133.6595677645979, 11.081941114260427], [133.6408882356648, 11.067549890056], [133.62864214597943, 11.039533245853898], [133.62845241134949, 11.038999199446017], [133.62864214597943, 11.037002582682366], [133.63050756124258, 11.010448508836035], [133.64154042368358, 10.98189781822605], [133.6595677645979, 10.958448603933498], [133.66337495208435, 10.953347127616066], [133.6904933832164, 10.9281480391891], [133.69460190805268, 10.924796437006083], [133.7214190018349, 10.905105778813766], [133.73738769797856, 10.896245746396099], [133.75234462045339, 10.887143863288552]]]}, "properties": {"fillColor": "#00FF00", "fillOpacity": 0.7, "color": "#000000", "weight": 0.2, "stroke": false}}, {"type": "Feature", "geometry": {"type": "Polygon", "coordinates": [[[133.71910675923516, 10.953347127616066], [133.69482799768716, 10.981897818226049], [133.6904933832164, 10.993944927753635], [133.6853200602249, 11.010448508836035], [133.6904933832164, 11.025234915502303], [133.7076851024937, 11.038999199446017], [133.7214190018349, 11.042653203117293], [133.73251568457422, 11.038999199446017], [133.75234462045339, 11.031295844880578], [133.77440309952698, 11.010448508836035], [133.7832702390719, 10.997474670912446], [133.79082396259065, 10.98189781822605], [133.7961980533242, 10.953347127616066], [133.78327023907187, 10.927762006567331], [133.75234462045339, 10.933433488573748], [133.7214190018349, 10.951435905390998], [133.71910675923516, 10.953347127616066]]]}, "properties": {"fillColor": "#00FF00", "fillOpacity": 0.7, "color": "#000000", "weight": 0.2, "stroke": false}}, {"type": "Feature", "geometry": {"type": "Polygon", "coordinates": [[[134.27808013696773, 11.02760061773462], [134.3090057555862, 11.023434808195844], [134.33993137420472, 11.024574672706851], [134.37085699282324, 11.031064830119108], [134.38620686366843, 11.038999199446017], [134.398974403885, 11.067549890056], [134.3842538718236, 11.096100580665984], [134.3708569928232, 11.109493854464517], [134.34722136311944, 11.124651271275969], [134.33993137420472, 11.129449372293626], [134.3090057555862, 11.137219262331465], [134.27808013696773, 11.135430070791834], [134.24941596775835, 11.124651271275969], [134.24715451834925, 11.123345884469677], [134.2226130152741, 11.096100580665984], [134.2234453705598, 11.067549890056], [134.24715451834925, 11.041318941385455], [134.2505159503408, 11.038999199446017], [134.27808013696773, 11.02760061773462]]]}, "properties": {"fillColor": "#00FF00", "fillOpacity": 0.7, "color": "#000000", "weight": 0.2, "stroke": false}}, {"type": "Feature", "geometry": {"type": "Polygon", "coordinates": [[[134.7110387976266, 11.090780777150986], [134.7419644162451, 11.091247740728548], [134.75236928340695, 11.096100580665984], [134.7728900348636, 11.10059773808394], [134.80381565348208, 11.106192663211669], [134.8347412721006, 11.113082264086309], [134.85674409413525, 11.124651271275969], [134.86566689071907, 11.136544790016828], [134.87535617524435, 11.153201961885951], [134.86963530208655, 11.181752652495936], [134.86566689071907, 11.192914244630561], [134.86321780358105, 11.21030334310592], [134.8617804668549, 11.238854033715903], [134.8607489012027, 11.267404724325885], [134.85542192038355, 11.295955414935872], [134.84969100413872, 11.324506105545854], [134.83646486007723, 11.353056796155837], [134.8347412721006, 11.355312577656623], [134.81274050467186, 11.381607486765821], [134.80381565348208, 11.387420460560332], [134.7728900348636, 11.39646348760784], [134.7419644162451, 11.393665910125305], [134.719012931688, 11.381607486765823], [134.7110387976266, 11.379179747996787], [134.68011317900812, 11.357392950171834], [134.67545841424268, 11.353056796155837], [134.65295805531247, 11.324506105545854], [134.64918756038963, 11.312168773891873], [134.63986268108607, 11.295955414935872], [134.63428085091215, 11.267404724325885], [134.63557025003536, 11.238854033715903], [134.6408789216577, 11.21030334310592], [134.6490025051342, 11.181752652495936], [134.64918756038963, 11.181373907425149], [134.66071982756048, 11.153201961885951], [134.68011317900812, 11.127803810211942], [134.68290681358917, 11.124651271275969], [134.70504162557359, 11.096100580665983], [134.7110387976266, 11.090780777150986]]]}, "properties": {"fillColor": "#00FF00", "fillOpacity": 0.7, "color": "#000000", "weight": 0.2, "stroke": false}}, {"type": "Feature", "geometry": {"type": "Polygon", "coordinates": [[[134.7250413682631, 11.124651271275969], [134.7110387976266, 11.130715479542628], [134.6895573842018, 11.153201961885951], [134.68011317900812, 11.16204904739347], [134.6656481273393, 11.181752652495936], [134.6562683298635, 11.21030334310592], [134.6527266047531, 11.238854033715903], [134.6516893933596, 11.267404724325885], [134.65504297484455, 11.295955414935872], [134.66738759715722, 11.324506105545854], [134.68011317900812, 11.338922137666234], [134.69484614360164, 11.353056796155837], [134.7110387976266, 11.36578590170412], [134.7419644162451, 11.377265616719262], [134.7728900348636, 11.377889054648435], [134.80381565348208, 11.364031294668528], [134.8146830190563, 11.353056796155837], [134.82852882915876, 11.324506105545854], [134.83427069710572, 11.29595541493587], [134.8347412721006, 11.294008896209156], [134.8473723607599, 11.267404724325885], [134.84717059388583, 11.238854033715903], [134.8442755599317, 11.21030334310592], [134.84721764614625, 11.181752652495936], [134.84854273954886, 11.153201961885951], [134.8347412721006, 11.138892637177825], [134.80381565348208, 11.1280498163838], [134.78150380241206, 11.124651271275969], [134.7728900348636, 11.122649436616614], [134.7419644162451, 11.117653663547951], [134.7250413682631, 11.124651271275969]]]}, "properties": {"fillColor": "#00FF00", "fillOpacity": 0.7, "color": "#000000", "weight": 0.2, "stroke": false}}, {"type": "Feature", "geometry": {"type": "Polygon", "coordinates": [[[135.4841792630889, 11.376260251587532], [135.5145413519486, 11.381607486765821], [135.51510488170737, 11.381730032210255], [135.54198742220228, 11.410158177375806], [135.5460305003259, 11.425506720683195], [135.54990854652488, 11.438708867985788], [135.56138495054674, 11.467259558595773], [135.5766515153517, 11.495810249205757], [135.57695611894437, 11.496232011569276], [135.5985801718991, 11.52436093981574], [135.60788173756285, 11.544862289882637], [135.61254343482327, 11.552911630425724], [135.6214321310327, 11.581462321035707], [135.62435397279833, 11.610013011645691], [135.62482528694548, 11.638563702255674], [135.62503059473795, 11.667114392865658], [135.62768713873845, 11.695665083475642], [135.6353482622824, 11.724215774085625], [135.63880735618136, 11.733567795852666], [135.64986569994815, 11.752766464695608], [135.65962175339072, 11.781317155305594], [135.6580795092387, 11.809867845915576], [135.63880735618136, 11.832895285353178], [135.63225728307864, 11.838418536525559], [135.60788173756285, 11.854004601540492], [135.58461642177699, 11.866969227135542], [135.57695611894437, 11.871515892584005], [135.54603050032588, 11.870718750903919], [135.54100456222892, 11.866969227135543], [135.51510488170737, 11.84901391265598], [135.50681762285632, 11.838418536525559], [135.4841792630889, 11.8146149497734], [135.47988871775152, 11.809867845915576], [135.4532536444704, 11.790541725896164], [135.43600152820508, 11.781317155305594], [135.4223280258519, 11.776735383186399], [135.39140240723341, 11.772135610579124], [135.36047678861493, 11.770348366980482], [135.32955116999642, 11.767840301133889], [135.29862555137794, 11.763802248566385], [135.26769993275946, 11.758726265561897], [135.24197314680845, 11.752766464695608], [135.23677431414097, 11.751715706635153], [135.20584869552246, 11.740682375811943], [135.1788221456449, 11.724215774085625], [135.17492307690398, 11.721705867751982], [135.1439974582855, 11.700346498742865], [135.13772891173898, 11.695665083475642], [135.113071839667, 11.678469589004], [135.09726023829631, 11.667114392865658], [135.0821462210485, 11.655597024583432], [135.0582613536322, 11.638563702255674], [135.05122060243002, 11.63216054632488], [135.0213574103904, 11.610013011645691], [135.02029498381154, 11.6088174833599], [134.98936936519303, 11.583409676923875], [134.98686199926803, 11.581462321035705], [134.95844374657455, 11.555441652272439], [134.95560987169765, 11.552911630425722], [134.92751812795603, 11.524648744940087], [134.9272608205032, 11.52436093981574], [134.91890440031125, 11.495810249205757], [134.9251340157644, 11.46725955859577], [134.92751812795603, 11.461829756239089], [134.94517127112366, 11.438708867985788], [134.95844374657455, 11.424951281142175], [134.9634644382449, 11.438708867985788], [134.96816112008753, 11.46725955859577], [134.97901640300515, 11.495810249205757], [134.98936936519303, 11.50762498291743], [135.00908145575622, 11.52436093981574], [135.02029498381154, 11.531442979545112], [135.05122060243002, 11.542521570492703], [135.0821462210485, 11.54731497843473], [135.113071839667, 11.5508640888696], [135.1275184318066, 11.552911630425722], [135.1439974582855, 11.554831872170784], [135.17492307690398, 11.557188790538948], [135.20584869552246, 11.557191878155834], [135.23677431414097, 11.555157275344296], [135.2524613591279, 11.552911630425722], [135.26769993275946, 11.549707356753425], [135.29862555137794, 11.539572059485739], [135.32955116999642, 11.527653384164624], [135.3350037245189, 11.52436093981574], [135.36047678861493, 11.502593011676376], [135.36531458516532, 11.495810249205757], [135.3814794415492, 11.467259558595773], [135.39140240723341, 11.451469532232712], [135.3983567912183, 11.438708867985788], [135.42019344986295, 11.410158177375806], [135.4223280258519, 11.407797880901597], [135.4532536444704, 11.385100388776277], [135.46827204059855, 11.381607486765821], [135.4841792630889, 11.376260251587532]]]}, "properties": {"fillColor": "#00FF00", "fillOpacity": 0.7, "color": "#000000", "weight": 0.2, "stroke": false}}, {"type": "Feature", "geometry": {"type": "Polygon", "coordinates": [[[135.42803534372933, 11.438708867985788], [135.4223280258519, 11.443801907161255], [135.40584302264875, 11.467259558595773], [135.39140240723341, 11.494108805670127], [135.3902888421695, 11.495810249205757], [135.36894179379556, 11.52436093981574], [135.3604767886149, 11.53293693742432], [135.32955116999642, 11.552395344363903], [135.32845017368103, 11.552911630425722], [135.29862555137794, 11.563521960446689], [135.26769993275946, 11.573079262779032], [135.23677431414097, 11.58138999931784], [135.23642140726867, 11.581462321035707], [135.20584869552246, 11.590961714621402], [135.17492307690398, 11.603074873406554], [135.1585286384148, 11.610013011645691], [135.15924579525475, 11.638563702255674], [135.17492307690395, 11.65286585006812], [135.18715306381077, 11.66711439286566], [135.20584869552246, 11.682193016749569], [135.22031100300433, 11.695665083475642], [135.23677431414097, 11.706065984866314], [135.26769993275946, 11.720017845548352], [135.2827447811192, 11.724215774085625], [135.29862555137794, 11.72836779454291], [135.32955116999642, 11.734522005578267], [135.36047678861496, 11.739228765517096], [135.39140240723344, 11.743114211006613], [135.4223280258519, 11.748472981882399], [135.43738878930225, 11.752766464695608], [135.4532536444704, 11.75842440914909], [135.4841792630889, 11.772457706479251], [135.50614521640279, 11.781317155305594], [135.51510488170737, 11.787322731491969], [135.54603050032588, 11.793618420873129], [135.5695057725322, 11.781317155305596], [135.57695611894437, 11.773805988271013], [135.58577445414878, 11.752766464695608], [135.5902252118532, 11.724215774085625], [135.59375334360672, 11.695665083475642], [135.59736415312454, 11.66711439286566], [135.59988551070182, 11.638563702255674], [135.60011043612616, 11.610013011645691], [135.59658971971888, 11.581462321035707], [135.58650283181905, 11.552911630425722], [135.57695611894437, 11.538123413777821], [135.5681585930515, 11.52436093981574], [135.54603050032588, 11.497332013067162], [135.5449078495036, 11.495810249205757], [135.5293762996566, 11.467259558595773], [135.51510488170737, 11.44253274846592], [135.51193789756672, 11.438708867985786], [135.4841792630889, 11.414490229409969], [135.4532536444704, 11.418070452232474], [135.42803534372933, 11.438708867985788]]]}, "properties": {"fillColor": "#00FF00", "fillOpacity": 0.7, "color": "#000000", "weight": 0.2, "stroke": false}}, {"type": "Feature", "geometry": {"type": "Polygon", "coordinates": [[[148.25645975252573, 11.580052355862918], [148.28738537114424, 11.57126806589277], [148.31831098976272, 11.566555976886297], [148.3492366083812, 11.564909743425385], [148.3801622269997, 11.5658350981663], [148.4110878456182, 11.5697814907634], [148.44201346423668, 11.57995266875098], [148.44505100046302, 11.581462321035707], [148.4729390828552, 11.595821189262328], [148.48759982984416, 11.610013011645691], [148.4996068057608, 11.638563702255674], [148.4997494494097, 11.667114392865658], [148.48799544275096, 11.695665083475642], [148.4729390828552, 11.710348996291756], [148.4455746676548, 11.724215774085625], [148.44201346423668, 11.726264574326224], [148.4110878456182, 11.735620996185894], [148.3801622269997, 11.738265121376582], [148.3492366083812, 11.737318628000523], [148.31831098976272, 11.733357008030818], [148.28738537114424, 11.733245430137945], [148.25645975252573, 11.749396261630531], [148.25368019350847, 11.752766464695608], [148.25645975252573, 11.759272110495436], [148.26772279746157, 11.781317155305594], [148.28738537114424, 11.789566645487378], [148.31831098976272, 11.801346590583652], [148.33803952438188, 11.809867845915576], [148.3492366083812, 11.812237982387854], [148.3801622269997, 11.819704013904246], [148.4110878456182, 11.828887634584373], [148.4349798513811, 11.838418536525559], [148.44201346423668, 11.840630972712555], [148.4729390828552, 11.852032543272504], [148.50020258658296, 11.866969227135543], [148.50386470147367, 11.869765896908556], [148.5317217950671, 11.895519917745528], [148.53479032009216, 11.911143183695398], [148.53807217140445, 11.92407060835551], [148.53479032009216, 11.928984141736114], [148.51628880994997, 11.952621298965493], [148.50386470147367, 11.960180587550724], [148.4729390828552, 11.972250599002116], [148.44201346423668, 11.980208663219349], [148.4373322015687, 11.98117198957548], [148.4110878456182, 11.98905023329727], [148.3801622269997, 11.996222939890348], [148.3492366083812, 12.002189125316589], [148.31831098976272, 12.00710708740325], [148.29950928918834, 12.009722680185462], [148.28738537114424, 12.012123592194856], [148.25645975252573, 12.017339408835966], [148.22553413390725, 12.021730347631262], [148.19460851528876, 12.026031501401139], [148.16368289667025, 12.030560542872527], [148.13275727805177, 12.035214106475081], [148.11355730639139, 12.038273370795444], [148.1018316594333, 12.040987208284063], [148.0709060408148, 12.048882581482877], [148.0399804221963, 12.055042392234697], [148.0090548035778, 12.059200744661535], [147.9781291849593, 12.061619774156181], [147.94720356634082, 12.062486051713938], [147.91627794772234, 12.062673582317146], [147.88535232910385, 12.060038758612409], [147.85442671048537, 12.052249646391703], [147.82646858772634, 12.038273370795444], [147.82350109186686, 12.03691957269697], [147.79257547324838, 12.01929810256768], [147.77938732594586, 12.009722680185462], [147.76837476416335, 11.98117198957548], [147.7746759961884, 11.952621298965495], [147.7787998277014, 11.92407060835551], [147.77682043959024, 11.895519917745528], [147.77559544293769, 11.866969227135543], [147.76724433655932, 11.838418536525559], [147.76164985462987, 11.813130446561086], [147.76023268159682, 11.809867845915576], [147.75572927418798, 11.781317155305594], [147.76043372385425, 11.752766464695608], [147.76164985462987, 11.749494718372027], [147.7680653728785, 11.724215774085625], [147.78265364875577, 11.695665083475642], [147.79257547324838, 11.682376565177695], [147.82005037875456, 11.66711439286566], [147.82350109186686, 11.66532971157968], [147.83407003252248, 11.667114392865658], [147.85442671048537, 11.66859832327327], [147.88535232910385, 11.670189334302625], [147.91627794772234, 11.669163344438251], [147.9453462421408, 11.667114392865658], [147.9472035663408, 11.666827342224199], [147.9781291849593, 11.658887760435793], [148.0090548035778, 11.649902532228243], [148.03998042219632, 11.641578966998523], [148.0532643392096, 11.638563702255674], [148.0709060408148, 11.632035386504034], [148.1018316594333, 11.625217041223094], [148.13275727805177, 11.620789487133976], [148.16368289667025, 11.616795411957444], [148.19035410809323, 11.610013011645691], [148.19460851528876, 11.608523609484791], [148.22553413390725, 11.594442687676732], [148.25241421624696, 11.581462321035705], [148.25645975252573, 11.580052355862918]]]}, "properties": {"fillColor": "#00FF00", "fillOpacity": 0.7, "color": "#000000", "weight": 0.2, "stroke": false}}, {"type": "Feature", "geometry": {"type": "Polygon", "coordinates": [[[148.28358909848893, 11.610013011645691], [148.27123748244583, 11.638563702255674], [148.2829346283874, 11.667114392865658], [148.28738537114424, 11.671035984641401], [148.31017007953687, 11.695665083475642], [148.31831098976272, 11.699534088198886], [148.3492366083812, 11.712796680627267], [148.3801622269997, 11.718039737771454], [148.4110878456182, 11.718688663930946], [148.44201346423665, 11.71264560716698], [148.46392991618336, 11.695665083475642], [148.4729390828552, 11.673340927858607], [148.47662521454149, 11.667114392865658], [148.47446916833792, 11.638563702255674], [148.4729390828552, 11.636002910460027], [148.45573635224818, 11.610013011645691], [148.44201346423668, 11.6003142588753], [148.4110878456182, 11.589225560447368], [148.3801622269997, 11.585767461240629], [148.3492366083812, 11.586628527314392], [148.31831098976272, 11.592877395584607], [148.28738537114424, 11.607779571150434], [148.28358909848893, 11.610013011645691]]]}, "properties": {"fillColor": "#00FF00", "fillOpacity": 0.7, "color": "#000000", "weight": 0.2, "stroke": false}}, {"type": "Feature", "geometry": {"type": "Polygon", "coordinates": [[[148.0303518224198, 11.66711439286566], [148.0090548035778, 11.67150697159731], [147.9781291849593, 11.677303752761677], [147.94720356634082, 11.681906918708332], [147.91627794772234, 11.6855796992833], [147.88535232910385, 11.689175691843918], [147.85442671048537, 11.692624470207301], [147.83916733582015, 11.695665083475642], [147.82350109186686, 11.698186215631505], [147.7935414647717, 11.724215774085623], [147.79257547324838, 11.725549128158747], [147.77782028948099, 11.752766464695608], [147.77253595630785, 11.781317155305594], [147.77487897223415, 11.809867845915576], [147.78586947116668, 11.838418536525559], [147.79257547324838, 11.85227448842657], [147.798547834839, 11.866969227135545], [147.80339215192882, 11.895519917745528], [147.80530670368557, 11.92407060835551], [147.80395296312327, 11.952621298965495], [147.80220313183537, 11.98117198957548], [147.82053302963683, 12.009722680185462], [147.82350109186683, 12.01177189245473], [147.85442671048537, 12.029713260767698], [147.8834272021234, 12.038273370795444], [147.88535232910385, 12.038962842929216], [147.91627794772234, 12.043374995948922], [147.94720356634082, 12.041963492901695], [147.9781291849593, 12.038694424354778], [147.98072257332362, 12.038273370795444], [148.0090548035778, 12.035212536599264], [148.0399804221963, 12.029567305711083], [148.0709060408148, 12.021824425720173], [148.1018316594333, 12.012173237507401], [148.10961495733775, 12.009722680185462], [148.13275727805177, 12.003206951298585], [148.16368289667025, 11.995053767258234], [148.19460851528876, 11.987647020560345], [148.22553413390725, 11.98132575664118], [148.2264457092024, 11.98117198957548], [148.25645975252576, 11.97739270316799], [148.28738537114424, 11.973753002555153], [148.31831098976272, 11.96981826535438], [148.3492366083812, 11.965976920548723], [148.3801622269997, 11.961408778828837], [148.4110878456182, 11.955350646371093], [148.42089566177805, 11.952621298965495], [148.44201346423668, 11.946262003668451], [148.4729390828552, 11.929737077726747], [148.48027742102016, 11.92407060835551], [148.4785996712459, 11.895519917745528], [148.4729390828552, 11.890977044202502], [148.44201346423668, 11.869494844658185], [148.43817892830788, 11.866969227135543], [148.4110878456182, 11.854995750157055], [148.3801622269997, 11.845152127606752], [148.3513552468909, 11.838418536525559], [148.3492366083812, 11.837730304698841], [148.31831098976272, 11.82752699819326], [148.28738537114424, 11.820141430979815], [148.25645975252573, 11.812927832953036], [148.24776746988488, 11.809867845915576], [148.22553413390722, 11.795526544722874], [148.20782477065552, 11.781317155305594], [148.19460851528876, 11.761306697435598], [148.19012137940837, 11.752766464695608], [148.19460851528876, 11.730042415184968], [148.19683465985742, 11.724215774085625], [148.20608259992554, 11.695665083475642], [148.19460851528876, 11.682127769827268], [148.17739277286535, 11.667114392865658], [148.16368289667025, 11.661489310313344], [148.13275727805177, 11.653825801531507], [148.1018316594333, 11.652558526785684], [148.0709060408148, 11.656316340608438], [148.0399804221963, 11.663960810542754], [148.0303518224198, 11.66711439286566]]]}, "properties": {"fillColor": "#00FF00", "fillOpacity": 0.7, "color": "#000000", "weight": 0.2, "stroke": false}}, {"type": "Feature", "geometry": {"type": "Polygon", "coordinates": [[[146.3081457795608, 11.605181788202088], [146.33907139817927, 11.602273750866118], [146.3604063876988, 11.610013011645691], [146.36999701679778, 11.613146448447365], [146.40092263541626, 11.627607409889496], [146.4212571777661, 11.638563702255674], [146.43184825403478, 11.642895561229208], [146.46277387265326, 11.655212921869428], [146.4902045388578, 11.667114392865658], [146.49369949127174, 11.668245786989285], [146.52462510989022, 11.67981187473801], [146.55455384862938, 11.695665083475642], [146.55555072850873, 11.696200301111496], [146.58647634712722, 11.716061313016976], [146.59729819751672, 11.724215774085625], [146.6174019657457, 11.745902951142623], [146.6243419420638, 11.752766464695608], [146.63617698022875, 11.781317155305594], [146.6174019657457, 11.80955020643929], [146.61702579634436, 11.809867845915576], [146.58647634712722, 11.819809287721554], [146.55555072850873, 11.823567153278447], [146.52462510989022, 11.823303656426749], [146.49369949127174, 11.818948424421587], [146.46277387265323, 11.810762347282967], [146.45934880780428, 11.809867845915576], [146.43184825403478, 11.80391864096742], [146.40092263541626, 11.796703212037297], [146.36999701679778, 11.79065652767531], [146.3390713981793, 11.7830608782742], [146.33173777801744, 11.781317155305594], [146.3081457795608, 11.77065785257893], [146.27722016094233, 11.753793902473388], [146.275721426376, 11.752766464695608], [146.2772201609423, 11.746314630250206], [146.2793958217082, 11.724215774085625], [146.28553543900279, 11.695665083475642], [146.28495972205928, 11.667114392865658], [146.28780690098537, 11.638563702255674], [146.30284759856679, 11.610013011645691], [146.3081457795608, 11.605181788202088]]]}, "properties": {"fillColor": "#00FF00", "fillOpacity": 0.7, "color": "#000000", "weight": 0.2, "stroke": false}}, {"type": "Feature", "geometry": {"type": "Polygon", "coordinates": [[[146.41955539793497, 11.724215774085625], [146.43184825403478, 11.75063843875166], [146.43260472215934, 11.752766464695608], [146.46277387265326, 11.771453560814667], [146.48311551003778, 11.781317155305594], [146.49369949127174, 11.784259370885819], [146.52462510989022, 11.788191487109831], [146.55555072850873, 11.783602608201866], [146.56023942065903, 11.781317155305594], [146.56290300791605, 11.752766464695608], [146.55555072850873, 11.744682317461116], [146.5340758852822, 11.724215774085625], [146.52462510989022, 11.718996253938622], [146.49369949127174, 11.708729696375359], [146.46277387265326, 11.70391955073544], [146.43184825403478, 11.708852122060723], [146.41955539793497, 11.724215774085625]]]}, "properties": {"fillColor": "#00FF00", "fillOpacity": 0.7, "color": "#000000", "weight": 0.2, "stroke": false}}, {"type": "Feature", "geometry": {"type": "Polygon", "coordinates": [[[135.82436106789228, 11.730448041127689], [135.8552866865108, 11.72611747854139], [135.88621230512928, 11.745866956208348], [135.89243993026352, 11.752766464695608], [135.9065561147392, 11.781317155305594], [135.90887280051516, 11.809867845915576], [135.89366235836545, 11.838418536525559], [135.88621230512928, 11.845317037499614], [135.8552866865108, 11.838901959729307], [135.85483484238122, 11.838418536525559], [135.82855006698878, 11.809867845915576], [135.82436106789228, 11.805706551385933], [135.80262515259162, 11.781317155305594], [135.8018508207878, 11.752766464695608], [135.82436106789228, 11.730448041127689]]]}, "properties": {"fillColor": "#00FF00", "fillOpacity": 0.7, "color": "#000000", "weight": 0.2, "stroke": false}}, {"type": "Feature", "geometry": {"type": "Polygon", "coordinates": [[[135.85419406085262, 11.781317155305594], [135.8552866865108, 11.78242061631638], [135.8565432375446, 11.781317155305594], [135.8552866865108, 11.779657234118998], [135.85419406085262, 11.781317155305594]]]}, "properties": {"fillColor": "#00FF00", "fillOpacity": 0.7, "color": "#000000", "weight": 0.2, "stroke": false}}, {"type": "Feature", "geometry": {"type": "Polygon", "coordinates": [[[141.17449308889127, 11.746046489264097], [141.20541870750975, 11.740466689725537], [141.23634432612823, 11.739760907381864], [141.26726994474674, 11.743633631453768], [141.29478952010098, 11.752766464695608], [141.29819556336523, 11.753414609025334], [141.3291211819837, 11.763647105830987], [141.35400308852348, 11.781317155305594], [141.36004680060222, 11.784213401340834], [141.3909724192207, 11.802829957809836], [141.4021626619931, 11.809867845915576], [141.42189803783918, 11.816698102931852], [141.4528236564577, 11.829329480431499], [141.4692141490188, 11.838418536525559], [141.48374927507618, 11.855020279111848], [141.49386824847414, 11.866969227135543], [141.4970990515738, 11.895519917745528], [141.48634056475154, 11.92407060835551], [141.48374927507618, 11.927504160847347], [141.46706473525444, 11.952621298965497], [141.4528236564577, 11.96447986752618], [141.42189803783918, 11.979135326104839], [141.41327771481053, 11.98117198957548], [141.3909724192207, 11.988616265537622], [141.36004680060222, 11.992818848833334], [141.3291211819837, 11.992824938230669], [141.29819556336523, 11.989672815343903], [141.26726994474674, 11.983190068326445], [141.2569788422541, 11.98117198957548], [141.23634432612823, 11.979085722514238], [141.20541870750975, 11.977680122749826], [141.17449308889127, 11.978562654300076], [141.14356747027279, 11.980559769203134], [141.11264185165427, 11.980401492804855], [141.0817162330358, 11.975475707423515], [141.0507906144173, 11.963909889203673], [141.03246209095676, 11.952621298965495], [141.0198649957988, 11.941366898255257], [140.99729388581412, 11.92407060835551], [140.98893937718032, 11.920185696670297], [140.96377007976326, 11.895519917745528], [140.97177871309952, 11.866969227135543], [140.98893937718032, 11.844554445333394], [140.9933651202025, 11.838418536525559], [141.0198649957988, 11.815910463935657], [141.0285766739214, 11.809867845915576], [141.05079061441734, 11.795606522516199], [141.0817162330358, 11.781320649600994], [141.08172384227728, 11.781317155305594], [141.11264185165427, 11.765308816759877], [141.14356747027279, 11.755460226865006], [141.15534418219642, 11.752766464695608], [141.17449308889127, 11.746046489264097]]]}, "properties": {"fillColor": "#00FF00", "fillOpacity": 0.7, "color": "#000000", "weight": 0.2, "stroke": false}}, {"type": "Feature", "geometry": {"type": "Polygon", "coordinates": [[[141.13392450221818, 11.781317155305594], [141.11264185165427, 11.790806042250708], [141.0817162330358, 11.807919423432153], [141.07838720056333, 11.809867845915576], [141.0507906144173, 11.827717872274633], [141.0365454190723, 11.838418536525559], [141.0198649957988, 11.86269272450493], [141.01666197124518, 11.866969227135542], [141.0198649957988, 11.872324169715553], [141.0507906144173, 11.894244529935643], [141.0523758214976, 11.895519917745528], [141.07977842011255, 11.92407060835551], [141.0817162330358, 11.925414250913724], [141.11264185165427, 11.939601249384689], [141.14356747027279, 11.945711563638945], [141.17449308889127, 11.94959504752214], [141.1933740315248, 11.952621298965495], [141.20541870750975, 11.954853084804569], [141.23634432612823, 11.962834373441192], [141.26726994474674, 11.970347987060823], [141.29819556336523, 11.975016701155575], [141.32912118198368, 11.976819368151263], [141.36004680060222, 11.976171748917888], [141.3909724192207, 11.971584095444708], [141.42189803783918, 11.959707275590235], [141.4330404262623, 11.952621298965495], [141.4528236564577, 11.93367409057418], [141.4608050445259, 11.92407060835551], [141.46939326742591, 11.895519917745528], [141.4635278662918, 11.866969227135543], [141.4528236564577, 11.856257126893029], [141.42981731882313, 11.838418536525559], [141.42189803783918, 11.834061011568338], [141.3909724192207, 11.817508794573532], [141.37190004732255, 11.809867845915576], [141.36004680060222, 11.801514019340342], [141.3291211819837, 11.784798032527364], [141.31925621570102, 11.781317155305594], [141.29819556336523, 11.770188044020282], [141.26726994474674, 11.76201439879378], [141.23634432612823, 11.759044261832518], [141.20541870750975, 11.760143579938852], [141.17449308889127, 11.765716609296966], [141.14356747027279, 11.776807772055957], [141.13392450221818, 11.781317155305594]]]}, "properties": {"fillColor": "#00FF00", "fillOpacity": 0.7, "color": "#000000", "weight": 0.2, "stroke": false}}, {"type": "Feature", "geometry": {"type": "Polygon", "coordinates": [[[146.0298152119944, 11.855520704282744], [146.06074083061287, 11.848744647201798], [146.09166644923135, 11.860758406067514], [146.0993279260317, 11.866969227135543], [146.10846214157903, 11.895519917745528], [146.11160432205713, 11.92407060835551], [146.12086228129687, 11.952621298965495], [146.12259206784984, 11.955444432597004], [146.13506361408042, 11.98117198957548], [146.14834405834117, 12.009722680185462], [146.15351768646835, 12.031693484266542], [146.15521502953507, 12.038273370795444], [146.15351768646838, 12.049012064773585], [146.15125257443987, 12.066824061405429], [146.13184059518073, 12.095374752015413], [146.12259206784984, 12.102865034548977], [146.09166644923135, 12.119917858871899], [146.07405358028987, 12.123925442625396], [146.06074083061287, 12.126993578069785], [146.0298152119944, 12.124681042716963], [146.02756776675824, 12.123925442625396], [145.99888959337588, 12.114354006703302], [145.9679639747574, 12.098677564419523], [145.96165703704347, 12.095374752015413], [145.93703835613888, 12.081436379832077], [145.91735979216872, 12.066824061405429], [145.9061127375204, 12.050523792757378], [145.90040158179346, 12.038273370795444], [145.9013548224413, 12.009722680185462], [145.9061127375204, 11.998818710945677], [145.91539751008213, 11.98117198957548], [145.93703835613888, 11.955860947853308], [145.94175358100293, 11.952621298965495], [145.9679639747574, 11.9305370055501], [145.9773128081562, 11.92407060835551], [145.99863130671991, 11.895519917745528], [145.99888959337588, 11.895131666908261], [146.01712814485973, 11.866969227135543], [146.0298152119944, 11.855520704282744]]]}, "properties": {"fillColor": "#00FF00", "fillOpacity": 0.7, "color": "#000000", "weight": 0.2, "stroke": false}}, {"type": "Feature", "geometry": {"type": "Polygon", "coordinates": [[[145.99595175420941, 12.038273370795444], [145.99888959337588, 12.040737223358594], [146.0224339304752, 12.066824061405429], [146.0298152119944, 12.070794629544665], [146.06074083061287, 12.074389970260942], [146.07529983337363, 12.066824061405429], [146.08339397024048, 12.038273370795444], [146.06074083061287, 12.014641535328565], [146.0298152119944, 12.014443825944396], [145.99888959337588, 12.032729047227136], [145.99595175420941, 12.038273370795444]]]}, "properties": {"fillColor": "#00FF00", "fillOpacity": 0.7, "color": "#000000", "weight": 0.2, "stroke": false}}, {"type": "Feature", "geometry": {"type": "Polygon", "coordinates": [[[138.76229483664895, 12.003826938589457], [138.79322045526743, 12.009043003705763], [138.79409478220057, 12.009722680185462], [138.82074278881362, 12.038273370795444], [138.82414607388594, 12.041724782527787], [138.850509170369, 12.066824061405429], [138.85507169250442, 12.070456174366543], [138.8859973111229, 12.085904440671337], [138.91692292974142, 12.089987735040124], [138.9478485483599, 12.083754211625845], [138.97877416697838, 12.069880374752962], [138.98436140576382, 12.066824061405429], [139.0096997855969, 12.053408330374001], [139.04062540421538, 12.042903628097944], [139.07135054829874, 12.038273370795444], [139.07155102283386, 12.038232326366055], [139.10247664145237, 12.037738497475232], [139.10545349713425, 12.038273370795444], [139.13340226007085, 12.042705818301819], [139.16432787868933, 12.05520011981208], [139.18041654669807, 12.066824061405429], [139.19525349730782, 12.07727343242648], [139.21228429705948, 12.095374752015413], [139.22617911592633, 12.114409443649595], [139.23268782126488, 12.123925442625396], [139.24431362323233, 12.15247613323538], [139.2480153375022, 12.181026823845365], [139.24794638978392, 12.209577514455347], [139.24637191371355, 12.238128205065331], [139.24250499564323, 12.266678895675314], [139.23351559455494, 12.295229586285298], [139.22617911592633, 12.310193489862591], [139.22292342414318, 12.323780276895281], [139.2149508310514, 12.352330967505265], [139.19996606338324, 12.38088165811525], [139.19525349730782, 12.38756553664691], [139.17665856615105, 12.409432348725232], [139.16432787868933, 12.418787655410306], [139.13340226007085, 12.424393750134374], [139.10247664145237, 12.41896669345224], [139.07601916378806, 12.409432348725232], [139.07155102283386, 12.408628651600608], [139.04062540421538, 12.403623021924163], [139.00969978559692, 12.394902673708149], [138.97963662578906, 12.38088165811525], [138.97877416697838, 12.380559470614939], [138.9478485483599, 12.368561256568118], [138.92523009579455, 12.352330967505265], [138.91692292974142, 12.344464032770512], [138.90214150072586, 12.323780276895281], [138.89235352768844, 12.295229586285298], [138.88689460352737, 12.266678895675314], [138.8859973111229, 12.261537682532818], [138.87739431913496, 12.238128205065331], [138.86313429535642, 12.209577514455347], [138.85507169250442, 12.197691215902093], [138.82414607388594, 12.184733757549928], [138.80893731435316, 12.181026823845365], [138.79322045526743, 12.176726460000957], [138.76229483664895, 12.162469808498827], [138.74996997912078, 12.15247613323538], [138.73136921803047, 12.131711818041332], [138.72599367155772, 12.123925442625396], [138.7140804033501, 12.095374752015413], [138.71088802515544, 12.066824061405429], [138.71870213425044, 12.038273370795444], [138.73136921803047, 12.021800657141448], [138.74971368885286, 12.009722680185462], [138.76229483664895, 12.003826938589457]]]}, "properties": {"fillColor": "#00FF00", "fillOpacity": 0.7, "color": "#000000", "weight": 0.2, "stroke": false}}, {"type": "Feature", "geometry": {"type": "Polygon", "coordinates": [[[139.02067659210758, 12.095374752015413], [139.0096997855969, 12.10009195767149], [138.97877416697838, 12.116979718891304], [138.9638895992532, 12.123925442625396], [138.9478485483599, 12.130011261200828], [138.91692292974142, 12.145447801527474], [138.90674766596936, 12.15247613323538], [138.89636812944042, 12.181026823845365], [138.8974539680567, 12.209577514455347], [138.90096692509172, 12.238128205065331], [138.90695503218848, 12.266678895675314], [138.91692292974142, 12.293617201118698], [138.91736854465557, 12.2952295862853], [138.93207337767177, 12.323780276895281], [138.9478485483599, 12.338505289953254], [138.97443175943135, 12.352330967505265], [138.97877416697838, 12.354852237642765], [139.0096997855969, 12.371296462457806], [139.03446567989678, 12.38088165811525], [139.04062540421538, 12.383675528631468], [139.07155102283386, 12.39534846360945], [139.10247664145237, 12.403497350040315], [139.13340226007085, 12.405797609598302], [139.16432787868933, 12.394317201717126], [139.17754681934088, 12.38088165811525], [139.1932848865065, 12.352330967505265], [139.19525349730782, 12.346510943324772], [139.2061120464662, 12.323780276895281], [139.21497876004406, 12.295229586285298], [139.22059203635592, 12.266678895675314], [139.22298479607977, 12.238128205065331], [139.22191633070628, 12.209577514455347], [139.21697952552145, 12.181026823845366], [139.20560211012133, 12.152476133235382], [139.19525349730782, 12.135754514740592], [139.1827000838641, 12.123925442625396], [139.16432787868933, 12.109600861004571], [139.13340226007085, 12.097617521944318], [139.1252613165295, 12.095374752015413], [139.10247664145237, 12.087779332660746], [139.07155102283386, 12.08281956232234], [139.04062540421538, 12.086515844510473], [139.02067659210758, 12.095374752015413]]]}, "properties": {"fillColor": "#00FF00", "fillOpacity": 0.7, "color": "#000000", "weight": 0.2, "stroke": false}}, {"type": "Feature", "geometry": {"type": "Polygon", "coordinates": [[[144.76186484863624, 12.137684375703046], [144.79279046725472, 12.12895775433529], [144.82371608587323, 12.12572316621575], [144.8546417044917, 12.127025986259516], [144.8855673231102, 12.133399079045079], [144.91649294172868, 12.148031133351287], [144.9231813689456, 12.15247613323538], [144.9474185603472, 12.172790192252993], [144.95614926265134, 12.181026823845365], [144.97834417896567, 12.205874371069285], [144.9816514182352, 12.209577514455347], [145.00347805048207, 12.238128205065331], [145.00926979758418, 12.261954117265516], [145.01092213674357, 12.266678895675314], [145.00926979758418, 12.269542595123438], [144.99280863316727, 12.295229586285298], [144.97834417896567, 12.30562157103899], [144.9474185603472, 12.318716460030313], [144.9167204007414, 12.323780276895281], [144.91649294172868, 12.323820349702801], [144.8855673231102, 12.329946493133743], [144.8546417044917, 12.338264277599116], [144.82371608587323, 12.34535060287592], [144.79279046725472, 12.350762013932156], [144.77914458812214, 12.352330967505265], [144.76186484863624, 12.355212629085008], [144.73093923001775, 12.357624200206372], [144.70001361139924, 12.356750826406993], [144.66908799278076, 12.353632636513526], [144.65408400739204, 12.352330967505267], [144.63816237416228, 12.351297814865243], [144.6072367555438, 12.351371256923422], [144.59662761020323, 12.352330967505265], [144.5763111369253, 12.354648492613181], [144.5453855183068, 12.359942330463438], [144.5144598996883, 12.367597197623578], [144.48531461797398, 12.380881658115252], [144.4835342810698, 12.381671794424625], [144.45260866245133, 12.392236473596967], [144.42168304383284, 12.399724621861246], [144.39395589937087, 12.38088165811525], [144.42122975599065, 12.352330967505265], [144.42168304383284, 12.352109866119276], [144.45260866245133, 12.340056146826093], [144.4835342810698, 12.325882691773266], [144.486243354096, 12.323780276895281], [144.5144598996883, 12.312422443616843], [144.5391099795233, 12.295229586285298], [144.5453855183068, 12.29174375700116], [144.57631113692528, 12.269955080951764], [144.57988473787697, 12.266678895675314], [144.6072367555438, 12.2470075848365], [144.61943553755992, 12.238128205065331], [144.63816237416228, 12.224413370542221], [144.65932848255142, 12.209577514455347], [144.66908799278076, 12.201727767918022], [144.69598344797865, 12.181026823845365], [144.70001361139924, 12.177667467379425], [144.73093923001775, 12.155003224654406], [144.73527634613566, 12.15247613323538], [144.76186484863624, 12.137684375703046]]]}, "properties": {"fillColor": "#00FF00", "fillOpacity": 0.7, "color": "#000000", "weight": 0.2, "stroke": false}}, {"type": "Feature", "geometry": {"type": "Polygon", "coordinates": [[[144.7464929671338, 12.181026823845365], [144.73093923001775, 12.192381974062936], [144.70881209522315, 12.209577514455347], [144.70001361139924, 12.216366368486295], [144.6701943735793, 12.23812820506533], [144.66908799278076, 12.239061251607263], [144.63816237416228, 12.263106777391485], [144.63335230572747, 12.266678895675314], [144.6104039226981, 12.295229586285298], [144.63816237416228, 12.315686767097414], [144.66908799278076, 12.323230805977582], [144.67225693936055, 12.323780276895281], [144.70001361139924, 12.327199252061053], [144.73093923001775, 12.329079627054703], [144.76186484863624, 12.327734092197868], [144.7865008954705, 12.323780276895281], [144.7927904672547, 12.322730643807049], [144.82371608587323, 12.314682440029243], [144.8546417044917, 12.304413812823276], [144.88101881370866, 12.295229586285297], [144.8855673231102, 12.293523774267172], [144.91649294172868, 12.284385158837539], [144.9474185603472, 12.27007540595488], [144.95131907793626, 12.266678895675316], [144.95534590403926, 12.238128205065331], [144.9474185603472, 12.228097595749677], [144.93108762389858, 12.209577514455347], [144.91649294172868, 12.195227038683338], [144.9007653063519, 12.181026823845365], [144.8855673231102, 12.170226638840965], [144.8546417044917, 12.157118260147737], [144.82371608587323, 12.153650081484848], [144.79279046725472, 12.158355943380556], [144.76186484863624, 12.171253881854394], [144.7464929671338, 12.181026823845365]]]}, "properties": {"fillColor": "#00FF00", "fillOpacity": 0.7, "color": "#000000", "weight": 0.2, "stroke": false}}, {"type": "Feature", "geometry": {"type": "Polygon", "coordinates": [[[145.28760036515058, 12.319150147263716], [145.3105585602143, 12.323780276895281], [145.31852598376906, 12.325037929991831], [145.34945160238757, 12.346099874627551], [145.3555615823933, 12.352330967505265], [145.36591779455227, 12.38088165811525], [145.35458417320584, 12.409432348725232], [145.34945160238757, 12.414014788075423], [145.31852598376906, 12.429619211260194], [145.28760036515058, 12.429136933341425], [145.2566747465321, 12.417078986281792], [145.24537903968042, 12.409432348725232], [145.22574912791362, 12.392350531328987], [145.21372651079994, 12.38088165811525], [145.20647124762587, 12.352330967505265], [145.22574912791362, 12.33753409243287], [145.2566747465321, 12.324324305527272], [145.26050334768834, 12.323780276895281], [145.28760036515058, 12.319150147263716]]]}, "properties": {"fillColor": "#00FF00", "fillOpacity": 0.7, "color": "#000000", "weight": 0.2, "stroke": false}}, {"type": "Feature", "geometry": {"type": "Polygon", "coordinates": [[[145.26073787965015, 12.352330967505265], [145.2566747465321, 12.364208662610302], [145.25411074694034, 12.38088165811525], [145.2566747465321, 12.383161773179932], [145.28760036515058, 12.40136600036089], [145.31852598376906, 12.397174862839455], [145.33126242761637, 12.38088165811525], [145.3185259837691, 12.353411445366262], [145.31707455439278, 12.352330967505265], [145.28760036515058, 12.344478722726151], [145.26073787965015, 12.352330967505265]]]}, "properties": {"fillColor": "#00FF00", "fillOpacity": 0.7, "color": "#000000", "weight": 0.2, "stroke": false}}, {"type": "Feature", "geometry": {"type": "Polygon", "coordinates": [[[120.7326591820686, 12.60868769573201], [120.7635848006871, 12.593969972689013], [120.7945104193056, 12.590324033626304], [120.82543603792408, 12.591612877440785], [120.85636165654257, 12.59841269566823], [120.88106231549453, 12.609287182995118], [120.88728727516107, 12.610448037156795], [120.91821289377955, 12.622437065365371], [120.94913851239804, 12.633717431676283], [120.96004317861102, 12.6378378736051], [120.98006413101653, 12.639876161394337], [121.01098974963503, 12.641770418821725], [121.04191536825354, 12.646382621399418], [121.072840986872, 12.660231791047336], [121.08139305078313, 12.666388564215087], [121.1037666054905, 12.691889063990194], [121.10609803791462, 12.69493925482507], [121.11468904126534, 12.723489945435052], [121.10645318850474, 12.752040636045036], [121.10376660549052, 12.755977406994706], [121.09073918095821, 12.78059132665502], [121.07284098687201, 12.79668855467211], [121.04457825850872, 12.809142017265003], [121.04191536825353, 12.810660706546493], [121.01098974963503, 12.82121215930103], [120.98006413101653, 12.821646087542666], [120.94913851239804, 12.817713082262499], [120.92228880880066, 12.809142017265003], [120.91821289377955, 12.80848931825425], [120.88728727516107, 12.79704093290173], [120.86500667448468, 12.78059132665502], [120.85636165654257, 12.774972861294582], [120.82543603792408, 12.754717913372936], [120.82047981317706, 12.752040636045036], [120.7945104193056, 12.743864093396517], [120.7635848006871, 12.729917300482896], [120.75463185697328, 12.723489945435052], [120.7326591820686, 12.696796072572695], [120.73058452418951, 12.69493925482507], [120.71225603661895, 12.666388564215087], [120.71082831456025, 12.637837873605102], [120.73175074580523, 12.60928718299512], [120.7326591820686, 12.60868769573201]]]}, "properties": {"fillColor": "#00FF00", "fillOpacity": 0.7, "color": "#000000", "weight": 0.2, "stroke": false}}, {"type": "Feature", "geometry": {"type": "Polygon", "coordinates": [[[120.75118562210821, 12.637837873605102], [120.74647164184466, 12.666388564215087], [120.75970899381927, 12.69493925482507], [120.7635848006871, 12.699121381004261], [120.7945104193056, 12.723217747254914], [120.79506238350874, 12.723489945435054], [120.82543603792408, 12.73939470840823], [120.8529049059213, 12.752040636045036], [120.85636165654257, 12.754431778721777], [120.88728727516107, 12.777094483407591], [120.89291298932862, 12.780591326655019], [120.91821289377955, 12.796500069023992], [120.94913851239805, 12.804086056325966], [120.98006413101653, 12.806661285980931], [121.01098974963503, 12.806062004763298], [121.04191536825351, 12.7987023089257], [121.06754505360436, 12.78059132665502], [121.072840986872, 12.77529767693357], [121.09198003113839, 12.752040636045036], [121.09703061707296, 12.723489945435054], [121.08735543465897, 12.69493925482507], [121.07284098687202, 12.680421863257303], [121.04852618200128, 12.666388564215087], [121.04191536825353, 12.662807361797663], [121.01098974963503, 12.652843271759636], [120.98006413101655, 12.648605191947903], [120.94913851239805, 12.644130428015178], [120.91821289377955, 12.639648886048343], [120.91278495211934, 12.637837873605102], [120.88728727516106, 12.62137053206197], [120.85636165654257, 12.614789868269842], [120.82543603792408, 12.611074760152594], [120.7945104193056, 12.612081380033489], [120.7635848006871, 12.625842338532024], [120.75118562210821, 12.637837873605102]]]}, "properties": {"fillColor": "#00FF00", "fillOpacity": 0.7, "color": "#000000", "weight": 0.2, "stroke": false}}, {"type": "Feature", "geometry": {"type": "Polygon", "coordinates": [[[143.8340962900815, 13.174782344411629], [143.8650219087, 13.177449515515855], [143.87159435478802, 13.180300995194791], [143.89594752731847, 13.189373348571184], [143.9150146323258, 13.208851685804778], [143.92625726835357, 13.237402376414758], [143.92687314593698, 13.243022342804135], [143.93243722907192, 13.265953067024743], [143.92687314593698, 13.28559441429088], [143.9249191670235, 13.294503757634725], [143.89594752731847, 13.319817142224219], [143.8804635343634, 13.323054448244708], [143.8650219087, 13.327234194679052], [143.8340962900815, 13.327350154776596], [143.81827815841282, 13.32305444824471], [143.80317067146302, 13.320359147566858], [143.7742766642364, 13.294503757634725], [143.7722450528445, 13.289403785478349], [143.76056358587806, 13.265953067024743], [143.75940260546471, 13.23740237641476], [143.7722450528445, 13.210297959096726], [143.7728197709871, 13.208851685804776], [143.80317067146302, 13.183150919883634], [143.81675157997114, 13.180300995194791], [143.8340962900815, 13.174782344411629]]]}, "properties": {"fillColor": "#00FF00", "fillOpacity": 0.7, "color": "#000000", "weight": 0.2, "stroke": false}}, {"type": "Feature", "geometry": {"type": "Polygon", "coordinates": [[[143.79479015709217, 13.208851685804776], [143.7786917728624, 13.237402376414757], [143.77923982193275, 13.265953067024743], [143.7953181600944, 13.294503757634725], [143.80317067146302, 13.301530465345756], [143.8340962900815, 13.312607122220093], [143.8650219087, 13.311466322363696], [143.89594752731847, 13.29657363934028], [143.89831654544773, 13.294503757634725], [143.91371778904636, 13.265953067024743], [143.91073849338466, 13.237402376414758], [143.89594752731847, 13.214865581366034], [143.89072880976448, 13.208851685804776], [143.8650219087, 13.192285030375444], [143.8340962900815, 13.189843348908312], [143.80317067146302, 13.201755170223127], [143.79479015709217, 13.208851685804776]]]}, "properties": {"fillColor": "#00FF00", "fillOpacity": 0.7, "color": "#000000", "weight": 0.2, "stroke": false}}, {"type": "Feature", "geometry": {"type": "Polygon", "coordinates": [[[146.9266581519306, 14.802994679634118], [146.9575837705491, 14.787234473897108], [146.9885093891676, 14.781668030600908], [147.0194350077861, 14.788338443913332], [147.03839971966912, 14.80769035996386], [147.03507177798332, 14.836241050573843], [147.0194350077861, 14.856411361582612], [147.01302260839685, 14.864791741183828], [146.9885093891676, 14.884117731669193], [146.9692684791536, 14.893342431793808], [146.9575837705491, 14.899068894957209], [146.9266581519306, 14.902315128266324], [146.90775568535832, 14.893342431793812], [146.89573253331213, 14.878389176942814], [146.89013951766205, 14.864791741183828], [146.89573253331213, 14.842868618038654], [146.89715110334257, 14.836241050573843], [146.9206797648855, 14.80769035996386], [146.9266581519306, 14.802994679634118]]]}, "properties": {"fillColor": "#00FF00", "fillOpacity": 0.7, "color": "#000000", "weight": 0.2, "stroke": false}}, {"type": "Feature", "geometry": {"type": "Polygon", "coordinates": [[[146.94593146774187, 14.836241050573843], [146.9575837705491, 14.854096957178092], [146.9783299859051, 14.836241050573843], [146.9575837705491, 14.82793835772349], [146.94593146774187, 14.836241050573843]]]}, "properties": {"fillColor": "#00FF00", "fillOpacity": 0.7, "color": "#000000", "weight": 0.2, "stroke": false}}, {"type": "Feature", "geometry": {"type": "Polygon", "coordinates": [[[147.9781291849593, 14.797997183602401], [148.0090548035778, 14.78574379876413], [148.0399804221963, 14.780478729368614], [148.0709060408148, 14.779430774839147], [148.1018316594333, 14.780808343420148], [148.13275727805177, 14.785500481752113], [148.16368289667025, 14.796763304117286], [148.17978849693657, 14.80769035996386], [148.19011952469066, 14.836241050573843], [148.1807489598344, 14.864791741183826], [148.16368289667025, 14.883048026454125], [148.1537758142347, 14.89334243179381], [148.13275727805177, 14.907882994714939], [148.1018316594333, 14.92084039802372], [148.0983510546875, 14.921893122403795], [148.0709060408148, 14.93264440161451], [148.0399804221963, 14.939339811977092], [148.0090548035778, 14.942976279104315], [147.9781291849593, 14.94354408674381], [147.94720356634082, 14.939559991139735], [147.91627794772234, 14.928238042969108], [147.9047704397228, 14.921893122403795], [147.89021378020428, 14.89334243179381], [147.90126978409145, 14.864791741183828], [147.91627794772234, 14.8495495283468], [147.92664289878013, 14.836241050573843], [147.94720356634082, 14.818924054680593], [147.9628621395372, 14.80769035996386], [147.9781291849593, 14.797997183602401]]]}, "properties": {"fillColor": "#00FF00", "fillOpacity": 0.7, "color": "#000000", "weight": 0.2, "stroke": false}}, {"type": "Feature", "geometry": {"type": "Polygon", "coordinates": [[[148.02348664505305, 14.80769035996386], [148.0090548035778, 14.811866031294292], [147.9781291849593, 14.829417758790528], [147.96940550607462, 14.836241050573843], [147.94835231358164, 14.86479174118383], [147.94720356634082, 14.882341501176613], [147.94613449026454, 14.89334243179381], [147.94720356634082, 14.894469818326318], [147.9781291849593, 14.9156349395321], [148.0090548035778, 14.920621248402298], [148.03998042219627, 14.918117129305106], [148.0709060408148, 14.911636721148785], [148.1018316594333, 14.899659887743473], [148.11282787103954, 14.89334243179381], [148.13275727805177, 14.876383610577435], [148.14435281151572, 14.86479174118383], [148.14984058324308, 14.836241050573843], [148.13275727805177, 14.81826487919217], [148.11113936721657, 14.80769035996386], [148.1018316594333, 14.804719603045275], [148.0709060408148, 14.800892902404115], [148.0399804221963, 14.802913969672662], [148.02348664505305, 14.80769035996386]]]}, "properties": {"fillColor": "#00FF00", "fillOpacity": 0.7, "color": "#000000", "weight": 0.2, "stroke": false}}, {"type": "Feature", "geometry": {"type": "Polygon", "coordinates": [[[145.75148464442796, 15.004771702088235], [145.78241026304644, 14.998773356762932], [145.81333588166493, 14.996152187142059], [145.84426150028344, 14.991051333473235], [145.87518711890192, 15.004349799673891], [145.89079204588876, 15.007545194233746], [145.9061127375204, 15.00920330175199], [145.93703835613888, 15.01137086962239], [145.9679639747574, 15.012808543854373], [145.99888959337588, 15.013436216809524], [146.0298152119944, 15.014283040301384], [146.06074083061287, 15.016212315475128], [146.09166644923135, 15.020029609599291], [146.12259206784984, 15.028429864954564], [146.13733352717406, 15.036095884843728], [146.15351768646835, 15.041407065385757], [146.18444330508683, 15.05894024985879], [146.19204492302387, 15.064646575453713], [146.2153689237053, 15.078662131861691], [146.2343341862351, 15.093197266063697], [146.24629454232382, 15.10067638011818], [146.2772201609423, 15.116596695828065], [146.29437889729428, 15.12174795667368], [146.3081457795608, 15.123863779426257], [146.33907139817927, 15.129708379480286], [146.3699970167978, 15.146830791306577], [146.3740661182789, 15.150298647283664], [146.39704031293445, 15.178849337893645], [146.40092263541626, 15.199162312437158], [146.40343963760793, 15.207400028503631], [146.40092263541626, 15.233765251270732], [146.4008431940793, 15.235950719113614], [146.39446923041723, 15.264501409723598], [146.37633453733582, 15.293052100333583], [146.36999701679775, 15.299761884412053], [146.3517966113594, 15.321602790943565], [146.33907139817927, 15.333188316847224], [146.31628816110026, 15.35015348155355], [146.3081457795608, 15.356415093957446], [146.2772201609423, 15.372005892496784], [146.24629454232382, 15.377181341856598], [146.22213775474407, 15.378704172163532], [146.21536892370528, 15.37997115774491], [146.18444330508683, 15.384577640288867], [146.15351768646832, 15.392203791461117], [146.12259206784984, 15.401403086738505], [146.10362407842422, 15.407254862773518], [146.09166644923135, 15.413831467483721], [146.06074083061287, 15.425638625400694], [146.0298152119944, 15.430333303209053], [145.99888959337588, 15.428904905536722], [145.9679639747574, 15.42100708938332], [145.94338045863608, 15.407254862773517], [145.93703835613888, 15.40115257323923], [145.91983927731144, 15.378704172163532], [145.9061127375204, 15.350169714253349], [145.90610068605977, 15.35015348155355], [145.87518711890192, 15.327926811959692], [145.8651370943898, 15.321602790943563], [145.84426150028344, 15.306365257714933], [145.8308861742819, 15.293052100333583], [145.81984828562383, 15.264501409723598], [145.81744187729987, 15.235950719113614], [145.81664728547423, 15.207400028503631], [145.8152355705637, 15.178849337893647], [145.81333588166493, 15.166382005006295], [145.80773195770817, 15.150298647283664], [145.7923593047644, 15.12174795667368], [145.78241026304642, 15.10733689669182], [145.76600169698696, 15.093197266063697], [145.75148464442796, 15.079697478238458], [145.73212033688057, 15.064646575453711], [145.72055902580945, 15.037159771571147], [145.72007216703514, 15.036095884843728], [145.72055902580945, 15.035245533806666], [145.74552376183888, 15.007545194233746], [145.75148464442796, 15.004771702088235]]]}, "properties": {"fillColor": "#00FF00", "fillOpacity": 0.7, "color": "#000000", "weight": 0.2, "stroke": false}}, {"type": "Feature", "geometry": {"type": "Polygon", "coordinates": [[[145.7808463395737, 15.036095884843728], [145.78060239217066, 15.064646575453713], [145.78241026304644, 15.066327285985588], [145.80014439882086, 15.093197266063697], [145.81333588166495, 15.112210299241836], [145.81692274380907, 15.12174795667368], [145.82501497302167, 15.150298647283666], [145.82997395202568, 15.178849337893647], [145.83391110227964, 15.207400028503631], [145.84132924514535, 15.235950719113614], [145.84426150028344, 15.24315340630654], [145.8508430920303, 15.264501409723598], [145.87464984085605, 15.293052100333583], [145.87518711890192, 15.293498311403225], [145.9061127375204, 15.317785698659769], [145.91301202976604, 15.321602790943565], [145.93703835613888, 15.343922812450453], [145.9431945418785, 15.35015348155355], [145.96134976191794, 15.378704172163532], [145.9679639747574, 15.384943596959346], [145.99888959337585, 15.403758476413092], [146.027074444532, 15.407254862773517], [146.0298152119944, 15.40763863880841], [146.03170565762147, 15.407254862773517], [146.06074083061287, 15.403455374003952], [146.09166644923135, 15.394734000313314], [146.12259206784984, 15.382936362045351], [146.13364060928978, 15.378704172163534], [146.15351768646835, 15.374827272931608], [146.18444330508683, 15.371053693791037], [146.2153689237053, 15.369454044574457], [146.24629454232382, 15.36682346261497], [146.2772201609423, 15.357725314423625], [146.28976222914264, 15.35015348155355], [146.3081457795608, 15.340628628004225], [146.33072109424577, 15.321602790943565], [146.33907139817927, 15.31296134204666], [146.3582266055747, 15.293052100333583], [146.36999701679778, 15.272892226851097], [146.37618379015498, 15.264501409723598], [146.38704410820304, 15.235950719113614], [146.3872417519103, 15.207400028503631], [146.37437082815816, 15.178849337893647], [146.36999701679778, 15.173877228033314], [146.33907139817927, 15.15196367742076], [146.33230508855985, 15.150298647283664], [146.3081457795608, 15.142342457631198], [146.2772201609423, 15.136266096167493], [146.24629454232385, 15.124341429034633], [146.24212605174108, 15.12174795667368], [146.21536892370528, 15.102276474764306], [146.20092929586332, 15.093197266063697], [146.18444330508683, 15.081255128417737], [146.15351768646835, 15.06567304272303], [146.1506518912913, 15.064646575453711], [146.12259206784984, 15.051315974634047], [146.09166644923135, 15.04457755936415], [146.06074083061287, 15.041376185515993], [146.0298152119944, 15.039872573269308], [145.9988895933759, 15.038974315764339], [145.9679639747574, 15.037610147503367], [145.95148277567299, 15.036095884843728], [145.93703835613888, 15.033919313515629], [145.9061127375204, 15.028182009043059], [145.87518711890192, 15.022229177992049], [145.84426150028344, 15.012955703906155], [145.81333588166493, 15.023398669633067], [145.78241026304644, 15.035254636392688], [145.7808463395737, 15.036095884843728]]]}, "properties": {"fillColor": "#00FF00", "fillOpacity": 0.7, "color": "#000000", "weight": 0.2, "stroke": false}}, {"type": "Feature", "geometry": {"type": "Polygon", "coordinates": [[[148.50386470147367, 14.997825743803896], [148.53479032009216, 14.989250856684624], [148.56571593871064, 14.98859327485901], [148.59664155732915, 14.998290201396593], [148.60909906702767, 15.007545194233746], [148.62756717594766, 15.032618229907188], [148.62968025694096, 15.036095884843728], [148.63315112412846, 15.064646575453713], [148.62756717594763, 15.08006859047736], [148.6244362179083, 15.093197266063697], [148.61029627630217, 15.12174795667368], [148.59664155732915, 15.138273263466157], [148.58719370325548, 15.150298647283666], [148.56571593871064, 15.170681636887679], [148.55647746525463, 15.178849337893647], [148.53479032009216, 15.196763526322988], [148.52055354027917, 15.207400028503631], [148.50386470147367, 15.220544481519807], [148.48163810098782, 15.235950719113614], [148.4729390828552, 15.242713459530043], [148.44201346423668, 15.262753166951288], [148.43863691249032, 15.264501409723598], [148.4110878456182, 15.282134635826973], [148.3801622269997, 15.292835868666774], [148.37871775336555, 15.293052100333583], [148.3492366083812, 15.30018116382959], [148.31831098976272, 15.300431327586637], [148.28738537114424, 15.30029676062112], [148.25645975252573, 15.305688016524345], [148.22553413390725, 15.31737025699315], [148.21793307148857, 15.321602790943565], [148.19460851528876, 15.334987822154954], [148.17379293040392, 15.35015348155355], [148.16368289667025, 15.357884895569399], [148.13875206974814, 15.378704172163532], [148.13275727805177, 15.38399745401353], [148.1018316594333, 15.40640995231421], [148.10043551346533, 15.407254862773517], [148.0709060408148, 15.431798363131339], [148.06640046618608, 15.435805553383501], [148.0457126138287, 15.464356243993482], [148.0399804221963, 15.471209474327999], [148.0090548035778, 15.469741894291264], [148.00549431765535, 15.464356243993484], [148.00049064307998, 15.435805553383501], [148.00790943359468, 15.407254862773517], [148.0090548035778, 15.405519226847218], [148.02674861464214, 15.378704172163532], [148.0399804221963, 15.365293175491999], [148.05514477378614, 15.35015348155355], [148.0709060408148, 15.336449370464027], [148.08816050776056, 15.321602790943565], [148.1018316594333, 15.308975923355005], [148.11696992934554, 15.293052100333583], [148.13275727805177, 15.27551980294195], [148.14137273432866, 15.264501409723598], [148.16359882892513, 15.235950719113614], [148.16368289667028, 15.235848377942062], [148.18303328260026, 15.207400028503631], [148.1946085152888, 15.193623048904357], [148.2050691110454, 15.178849337893645], [148.22553413390725, 15.156032452732804], [148.23054137519745, 15.150298647283664], [148.25645975252573, 15.12200571182611], [148.25676162667307, 15.12174795667368], [148.28738537114424, 15.09427885304224], [148.28952786038587, 15.093197266063697], [148.31831098976272, 15.077293130202381], [148.3492366083812, 15.06639735332657], [148.3547281280123, 15.064646575453713], [148.3801622269997, 15.053915221804003], [148.4110878456182, 15.042253272048452], [148.42547349230722, 15.036095884843728], [148.44201346423668, 15.027678973906326], [148.4729390828552, 15.012319498487955], [148.4846525791376, 15.007545194233746], [148.50386470147367, 14.997825743803896]]]}, "properties": {"fillColor": "#00FF00", "fillOpacity": 0.7, "color": "#000000", "weight": 0.2, "stroke": false}}, {"type": "Feature", "geometry": {"type": "Polygon", "coordinates": [[[148.4832975813628, 15.036095884843728], [148.4729390828552, 15.041067042531875], [148.44201346423668, 15.058213143998103], [148.43106747189566, 15.064646575453711], [148.41108784561817, 15.074982475822209], [148.3801622269997, 15.090954861802501], [148.37475034532656, 15.093197266063697], [148.3492366083812, 15.104046937911988], [148.31831098976272, 15.117091762339488], [148.3107595218736, 15.12174795667368], [148.28738537114424, 15.138828023860814], [148.27404629580656, 15.150298647283664], [148.25645975252573, 15.17223901610056], [148.2509658236219, 15.178849337893649], [148.24002927693735, 15.207400028503631], [148.25645975252573, 15.221254978161902], [148.28738537114424, 15.233886220376515], [148.2884726661826, 15.235950719113614], [148.31831098976272, 15.262408405000997], [148.32601672499305, 15.2645014097236], [148.3492366083812, 15.268208807818157], [148.3801622269997, 15.265413797587232], [148.3824044117599, 15.264501409723596], [148.4110878456182, 15.255448041047893], [148.44201346423668, 15.237919063393747], [148.4447546941171, 15.235950719113614], [148.4729390828552, 15.217525799047433], [148.48620059904715, 15.207400028503631], [148.50386470147367, 15.194198830582891], [148.52312117859879, 15.178849337893647], [148.53479032009216, 15.169043136932645], [148.55571939591587, 15.150298647283662], [148.56571593871064, 15.139287455895115], [148.58097643438128, 15.12174795667368], [148.59623051725563, 15.093197266063695], [148.59664155732918, 15.091312400419856], [148.6036355787644, 15.064646575453713], [148.59664155732915, 15.041531845175843], [148.5942284430324, 15.036095884843728], [148.56571593871064, 15.018002999680402], [148.53479032009216, 15.01638793250483], [148.50386470147367, 15.025067660751425], [148.4832975813628, 15.036095884843728]]]}, "properties": {"fillColor": "#00FF00", "fillOpacity": 0.7, "color": "#000000", "weight": 0.2, "stroke": false}}, {"type": "Feature", "geometry": {"type": "Polygon", "coordinates": [[[121.35117155443845, 15.971241552209554], [121.38209717305692, 15.962448499686804], [121.41302279167542, 15.957996261146569], [121.4439484102939, 15.957176839846607], [121.4748740289124, 15.960560824733468], [121.5057996475309, 15.97066740754819], [121.51842780962727, 15.97826867497319], [121.53672526614938, 15.984576402239597], [121.56765088476789, 15.994859091966621], [121.58819632926419, 16.006819365583173], [121.59857650338637, 16.018396206813534], [121.61287009670568, 16.03537005619316], [121.62387833189294, 16.06392074680314], [121.62672102730212, 16.092471437413124], [121.6172338307366, 16.121022128023107], [121.59857650338637, 16.138482487273215], [121.56765088476787, 16.147384182404586], [121.53672526614938, 16.144720319608147], [121.50579964753089, 16.132983149754565], [121.48776196713814, 16.121022128023107], [121.4748740289124, 16.11336695272331], [121.45334304933442, 16.092471437413124], [121.4439484102939, 16.08303028812714], [121.41302279167542, 16.070531157947656], [121.39422764988463, 16.06392074680314], [121.38209717305692, 16.05789214385776], [121.35117155443845, 16.042619390854735], [121.33792715199723, 16.03537005619316], [121.32024593581994, 16.00951616941369], [121.31806482543763, 16.006819365583173], [121.32024593581994, 16.002611103961208], [121.33473923982004, 15.97826867497319], [121.35117155443845, 15.971241552209554]]]}, "properties": {"fillColor": "#00FF00", "fillOpacity": 0.7, "color": "#000000", "weight": 0.2, "stroke": false}}, {"type": "Feature", "geometry": {"type": "Polygon", "coordinates": [[[121.41643923661178, 16.006819365583173], [121.42313697361726, 16.03537005619316], [121.4439484102939, 16.04914619919251], [121.45709231993976, 16.06392074680314], [121.47487402891241, 16.08194918634526], [121.48613477515622, 16.092471437413124], [121.50579964753089, 16.10539591253084], [121.53672526614938, 16.117574695553163], [121.56765088476787, 16.11790830617136], [121.5942506466205, 16.092471437413124], [121.59460020907629, 16.06392074680314], [121.58346440310959, 16.03537005619316], [121.56765088476786, 16.018938245688588], [121.54004882256224, 16.006819365583173], [121.53672526614938, 16.00563493843927], [121.50579964753089, 15.998611059445196], [121.47487402891238, 15.99121447211653], [121.4439484102939, 15.993067591047133], [121.41643923661178, 16.006819365583173]]]}, "properties": {"fillColor": "#00FF00", "fillOpacity": 0.7, "color": "#000000", "weight": 0.2, "stroke": false}}, {"type": "Feature", "geometry": {"type": "Polygon", "coordinates": [[[146.49369949127174, 17.05377489446752], [146.52462510989022, 17.05541201716104], [146.53863182877774, 17.06319491815257], [146.55555072850873, 17.072514498344873], [146.5744716539981, 17.09174560876255], [146.58647634712722, 17.111498984830703], [146.59297413441695, 17.120296299372534], [146.6057128582507, 17.14884698998252], [146.61152635648935, 17.177397680592502], [146.60043183555678, 17.20594837120249], [146.5864763471272, 17.213700868837606], [146.55555072850873, 17.211916401478057], [146.5410412351123, 17.20594837120249], [146.52462510989022, 17.200966923923765], [146.49369949127174, 17.18586561956576], [146.48196621423958, 17.177397680592502], [146.46277387265326, 17.160785662501254], [146.45189218245176, 17.14884698998252], [146.43967524224996, 17.120296299372534], [146.44084940318766, 17.09174560876255], [146.46277387265326, 17.065362031699163], [146.4672731784859, 17.06319491815257], [146.49369949127174, 17.05377489446752]]]}, "properties": {"fillColor": "#00FF00", "fillOpacity": 0.7, "color": "#000000", "weight": 0.2, "stroke": false}}, {"type": "Feature", "geometry": {"type": "Polygon", "coordinates": [[[146.4825793868505, 17.09174560876255], [146.47329515501357, 17.120296299372534], [146.4900576359245, 17.14884698998252], [146.49369949127174, 17.152065664624494], [146.52462510989022, 17.168363210623248], [146.55555072850873, 17.16996390580371], [146.5677777780969, 17.14884698998252], [146.56111058553665, 17.120296299372534], [146.55555072850873, 17.111860311280203], [146.53717746384754, 17.09174560876255], [146.52462510989022, 17.08376973637114], [146.49369949127174, 17.084552631048883], [146.4825793868505, 17.09174560876255]]]}, "properties": {"fillColor": "#00FF00", "fillOpacity": 0.7, "color": "#000000", "weight": 0.2, "stroke": false}}, {"type": "Feature", "geometry": {"type": "Polygon", "coordinates": [[[129.7938654372865, 25.428179754535844], [129.824791055905, 25.427607987826054], [129.8557166745235, 25.427331556083978], [129.886642293142, 25.427506073211596], [129.91756791176047, 25.428217628913576], [129.92471352416516, 25.42854726687778], [129.94849353037898, 25.429530222898766], [129.97941914899747, 25.431567346051203], [130.01034476761595, 25.43443457191226], [130.04127038623446, 25.438133952012507], [130.07219600485294, 25.442685787696917], [130.10312162347142, 25.44821344802004], [130.13404724208993, 25.455007313179603], [130.14206482651178, 25.45709795748776], [130.16497286070842, 25.46265985963401], [130.1958984793269, 25.470911612024636], [130.22682409794538, 25.480545854383312], [130.24068709248974, 25.485648648097744], [130.2577497165639, 25.49198114730602], [130.28867533518238, 25.504213457987397], [130.31075329107097, 25.51419933870773], [130.31960095380086, 25.51845187012641], [130.35052657241937, 25.53379579079145], [130.36684310485555, 25.542750029317713], [130.38145219103785, 25.55123462533138], [130.41237780965633, 25.5701993716186], [130.4140384446018, 25.5713007199277], [130.44330342827482, 25.59132485378356], [130.4549747611299, 25.59985141053768], [130.47422904689333, 25.614548060575228], [130.49128910354938, 25.628402101147664], [130.5051546655118, 25.64012638003542], [130.52367268910226, 25.65695279175765], [130.53608028413032, 25.668547509156745], [130.55270241455258, 25.685503482367633], [130.5670059027488, 25.700435898803903], [130.57889176878695, 25.714054172977615], [130.5979315213673, 25.73675025256667], [130.60255927343923, 25.742604863587598], [130.62464829785137, 25.771155554197584], [130.62885713998577, 25.776676023645155], [130.6458153502401, 25.799706244807567], [130.65978275860428, 25.822255830513946], [130.66377912860463, 25.82825693541755], [130.68086636307015, 25.85680762602754], [130.69070837722276, 25.878574653778138], [130.6945095940465, 25.885358316637518], [130.70746564663978, 25.9139090072475], [130.71645029133225, 25.942459697857483], [130.72163399584124, 25.96545033376342], [130.7234529341535, 25.97101038846747], [130.7309215440433, 25.999561079077452], [130.7382983225046, 26.028111769687435], [130.74813477051157, 26.056662460297417], [130.75255961445976, 26.064444943336373], [130.767962198919, 26.0852131509074], [130.78348523307824, 26.10478939909942], [130.79552358343852, 26.113763841517386], [130.81441085169672, 26.128497620242495], [130.8428548105169, 26.142314532127372], [130.8453364703152, 26.143536653227205], [130.87626208893371, 26.149934538958167], [130.90718770755217, 26.15691440787181], [130.93811332617068, 26.168876340971373], [130.9411926844215, 26.170865222737355], [130.9690389447892, 26.189430476001704], [130.98141089790147, 26.199415913347337], [130.99996456340767, 26.215303407531373], [131.01048954123732, 26.22796660395732], [131.02251300243967, 26.256517294567306], [131.0267092683854, 26.28506798517729], [131.02835846478322, 26.31361867578727], [131.02934052482902, 26.342169366397258], [131.0300470482149, 26.37072005700724], [131.0306483585211, 26.399270747617223], [131.03089018202616, 26.413913967829977], [131.0312677758712, 26.427821438227205], [131.0320252772326, 26.456372128837188], [131.03314078359764, 26.484922819447178], [131.03545944889254, 26.513473510057153], [131.0418544201564, 26.542024200667143], [131.06124360246395, 26.570574891277126], [131.06181580064467, 26.57109824553731], [131.07565771338753, 26.570574891277126], [131.09274141926315, 26.570063651248166], [131.12366703788166, 26.56002493635215], [131.15459265650014, 26.55551076783823], [131.17057424594003, 26.570574891277126], [131.18343449447968, 26.599125581887108], [131.18551827511862, 26.60871999249146], [131.18774866459646, 26.627676272497094], [131.18927842235584, 26.656226963107077], [131.18822230743234, 26.68477765371706], [131.18551827511862, 26.705168835900047], [131.1844450798503, 26.713328344327042], [131.17827504080776, 26.74187903493703], [131.16969221008478, 26.77042972554701], [131.15793844158011, 26.798980416156994], [131.15459265650014, 26.80540697472589], [131.14465544516548, 26.827531106766983], [131.1303555686441, 26.856081797376962], [131.12366703788163, 26.86759314908716], [131.11576275119378, 26.884632487986945], [131.10055480049036, 26.913183178596928], [131.09274141926315, 26.925184432539403], [131.08402881492873, 26.941733869206914], [131.0655319253007, 26.9702845598169], [131.06181580064467, 26.975035413607948], [131.04596020758098, 26.99883525042688], [131.03089018202616, 27.01686415748254], [131.0228761006802, 27.02738594103686], [130.99996456340767, 27.052594007698005], [130.9970329500904, 27.055936631646848], [130.9690389447892, 27.084212016882606], [130.96876432314292, 27.08448732225683], [130.93824138182293, 27.113038012866816], [130.93811332617068, 27.11315502640368], [130.9071877075522, 27.140388539810633], [130.9057902297236, 27.1415887034768], [130.87626208893371, 27.16674862995941], [130.87218646012732, 27.17013939408678], [130.8453364703152, 27.192391024802173], [130.83736039314888, 27.198690084696764], [130.81441085169672, 27.216598156908702], [130.79915968936226, 27.22724077530675], [130.78348523307824, 27.23846584924228], [130.75397782520017, 27.25579146591673], [130.75255961445976, 27.256700291243302], [130.72163399584124, 27.275048473178565], [130.701354548192, 27.284342156526712], [130.69070837722276, 27.290159716859108], [130.65978275860428, 27.3044454582057], [130.63741786919755, 27.312892847136702], [130.62885713998577, 27.317210183558288], [130.5979315213673, 27.330938277400723], [130.5688292046555, 27.341443537746684], [130.5670059027488, 27.34236594299055], [130.53608028413032, 27.356577301466096], [130.5051546655118, 27.368097483556962], [130.5000666706094, 27.369994228356667], [130.47422904689333, 27.38227297595006], [130.44330342827482, 27.395035298627494], [130.43488824008912, 27.39854491896665], [130.41237780965633, 27.40931462982751], [130.38145219103785, 27.42171916142138], [130.36679914056634, 27.427095609576636], [130.35052657241937, 27.433501509744563], [130.31960095380086, 27.442461632627516], [130.28867533518238, 27.448340171376845], [130.2577497165639, 27.45158157536414], [130.22682409794538, 27.45213901325941], [130.1958984793269, 27.449631163028684], [130.16497286070842, 27.443312717070825], [130.13404724208993, 27.4318880175813], [130.1246079742179, 27.42709560957664], [130.10312162347145, 27.41080388509875], [130.08816154898025, 27.39854491896665], [130.07219600485294, 27.371204076480055], [130.07123306827953, 27.36999422835667], [130.07219600485294, 27.34758927171404], [130.0726363042184, 27.341443537746684], [130.10312162347142, 27.325016781469216], [130.13404724208993, 27.317261565779567], [130.1546177159517, 27.312892847136702], [130.16497286070842, 27.310092175385336], [130.1958984793269, 27.29923149537583], [130.22682409794538, 27.28852137391157], [130.23982603732236, 27.284342156526716], [130.2577497165639, 27.278399706307425], [130.28867533518238, 27.265775243446367], [130.3103981106373, 27.255791465916733], [130.31960095380086, 27.250607795716093], [130.35052657241937, 27.233396332865436], [130.3619669157831, 27.22724077530675], [130.38145219103785, 27.216673003616336], [130.41237780965633, 27.201619834455197], [130.41849700277223, 27.198690084696764], [130.44330342827482, 27.18538281148856], [130.47422904689333, 27.17178701907827], [130.47798754132617, 27.17013939408678], [130.5051546655118, 27.153582544952567], [130.52995869741795, 27.141588703476803], [130.53608028413032, 27.136613164713722], [130.5670059027488, 27.115672748555994], [130.57146036283794, 27.113038012866816], [130.5979315213673, 27.08723799443831], [130.60142706490146, 27.084487322256834], [130.6163560251611, 27.055936631646844], [130.5979315213673, 27.038489999837577], [130.5670059027488, 27.036900528810264], [130.53608028413032, 27.038999958048954], [130.5051546655118, 27.041242758462143], [130.47422904689333, 27.04283886323895], [130.44330342827482, 27.04351974332294], [130.41237780965633, 27.04300111620995], [130.38145219103785, 27.041123721954335], [130.35052657241937, 27.038067695418725], [130.31960095380086, 27.033966237249167], [130.28867533518238, 27.02863294056385], [130.28292957512988, 27.027385941036865], [130.2577497165639, 27.02390157129766], [130.22682409794538, 27.01893877025987], [130.1958984793269, 27.013101387300015], [130.16497286070842, 27.00609854981743], [130.13845378254396, 26.99883525042688], [130.13404724208993, 26.998065419403876], [130.10312162347142, 26.9917774460317], [130.07219600485297, 26.98407645082643], [130.04127038623446, 26.97438701133497], [130.03045141089962, 26.970284559816896], [130.01034476761595, 26.96474385107498], [129.97941914899747, 26.954669290682183], [129.94849896973176, 26.941733869206914], [129.94849353037898, 26.941732024735668], [129.91756791176047, 26.93003559829925], [129.886642293142, 26.915125199656458], [129.8831625904412, 26.913183178596928], [129.8557166745235, 26.900226109749706], [129.8296686343092, 26.884632487986945], [129.824791055905, 26.881963463734955], [129.7938654372865, 26.86260735094401], [129.7850389482235, 26.856081797376962], [129.76293981866803, 26.84079574620763], [129.7466765364657, 26.82753110676698], [129.73201420004955, 26.81628817225988], [129.71192507287668, 26.798980416156994], [129.70108858143104, 26.790109163836483], [129.67936197319415, 26.77042972554701], [129.67016296281255, 26.762270462585512], [129.6490546261412, 26.74187903493703], [129.63923734419407, 26.732147571675682], [129.62118709349704, 26.713328344327042], [129.60831172557556, 26.699088392504372], [129.59554509921915, 26.68477765371706], [129.57738610695708, 26.66232141064048], [129.5723785518563, 26.656226963107073], [129.5509641613773, 26.627676272497094], [129.5464604883386, 26.621240849950436], [129.53046116904537, 26.599125581887108], [129.5155348697201, 26.57510968909679], [129.51238617908268, 26.570574891277126], [129.49518600377647, 26.542024200667143], [129.4846092511016, 26.522049412702557], [129.47982871481457, 26.513473510057157], [129.46792738475813, 26.484922819447174], [129.45827250242544, 26.45637212883719], [129.45368363248315, 26.44124765177008], [129.44876848104042, 26.427821438227205], [129.44218857770574, 26.399270747617223], [129.43768102406705, 26.37072005700724], [129.43433549866873, 26.342169366397258], [129.43229152911286, 26.313618675787275], [129.43168220417982, 26.28506798517729], [129.43295547793443, 26.25651729456731], [129.43661780938837, 26.22796660395732], [129.44250934902493, 26.199415913347337], [129.45038536523546, 26.170865222737355], [129.45368363248312, 26.160673527747957], [129.4582241339837, 26.142314532127372], [129.46686611446626, 26.113763841517386], [129.47842963677374, 26.085213150907403], [129.4846092511016, 26.0730549009729], [129.49053038424628, 26.05666246029742], [129.50153902157203, 26.028111769687435], [129.5155348697201, 26.000289273719478], [129.5158248337144, 25.999561079077452], [129.52781092871385, 25.97101038846747], [129.54537719092437, 25.942459697857483], [129.5464604883386, 25.941039495199], [129.56371962922123, 25.913909007247504], [129.57738610695708, 25.898476246442655], [129.58816652852767, 25.885358316637518], [129.60831172557556, 25.86644771386789], [129.61928754908507, 25.856807626027535], [129.63923734419407, 25.841647556413847], [129.6615807304487, 25.82825693541755], [129.67016296281255, 25.822950178827433], [129.70108858143104, 25.806834862909774], [129.7195952719983, 25.799706244807567], [129.73201420004955, 25.793451394399675], [129.76293981866803, 25.78118481674565], [129.7938654372865, 25.77401445437932], [129.81331299924142, 25.771155554197584], [129.824791055905, 25.76789313008734], [129.8557166745235, 25.761270404646694], [129.886642293142, 25.755905444561172], [129.91756791176047, 25.75062098668871], [129.94849353037898, 25.746496891185267], [129.97941914899747, 25.74478566495113], [130.01034476761595, 25.744333634519297], [130.04127038623446, 25.74296268579238], [130.04351187718717, 25.742604863587598], [130.07219600485294, 25.717322635753757], [130.07337150447262, 25.714054172977615], [130.07219600485294, 25.711693140634793], [130.05763540873713, 25.685503482367633], [130.04127038623446, 25.670702024477887], [130.02599955157342, 25.656952791757654], [130.01034476761595, 25.64653497627331], [129.9826357399263, 25.628402101147664], [129.97941914899747, 25.6265011762418], [129.94849353037898, 25.61106105255508], [129.92476240359736, 25.59985141053768], [129.91756791176047, 25.596682059867824], [129.886642293142, 25.584707308720795], [129.8557166745235, 25.573664194667423], [129.84849305822482, 25.5713007199277], [129.824791055905, 25.564115711956976], [129.7938654372865, 25.556309025555283], [129.76293981866803, 25.549695079574228], [129.73201420004955, 25.544072758253236], [129.7232009519435, 25.542750029317713], [129.70108858143104, 25.53926358900671], [129.67016296281255, 25.535556143586817], [129.63923734419407, 25.532541204227414], [129.60831172557556, 25.52993878890601], [129.57738610695708, 25.527728932370295], [129.5464604883386, 25.525973775892204], [129.5155348697201, 25.52450793030475], [129.4846092511016, 25.523126362236756], [129.45368363248312, 25.520764560788987], [129.4227580138646, 25.514340766693977], [129.42237725990276, 25.514199338707726], [129.42158333902802, 25.485648648097747], [129.4227580138646, 25.484885377597926], [129.45368363248312, 25.463861369373788], [129.4667348687972, 25.45709795748776], [129.4846092511016, 25.45330818821966], [129.5155348697201, 25.446273487913196], [129.5464604883386, 25.44071186634413], [129.57738610695708, 25.437168931206344], [129.60831172557556, 25.43412788712161], [129.63923734419407, 25.431992252799905], [129.67016296281255, 25.430573976205373], [129.70108858143104, 25.429737738017984], [129.73201420004955, 25.42924265601694], [129.76293981866803, 25.42877526862528], [129.77480182504294, 25.42854726687778], [129.7938654372865, 25.428179754535844]]]}, "properties": {"fillColor": "#00FF00", "fillOpacity": 0.7, "color": "#000000", "weight": 0.2, "stroke": false}}, {"type": "Feature", "geometry": {"type": "Polygon", "coordinates": [[[129.92499803631713, 25.51419933870773], [129.94849353037898, 25.53192981463592], [129.95722528950262, 25.542750029317713], [129.97941914899747, 25.554023345641077], [130.00125072579075, 25.5713007199277], [130.01034476761595, 25.576535377400894], [130.03826209883306, 25.59985141053768], [130.04127038623446, 25.60191866358969], [130.07219600485294, 25.62770936535989], [130.07290336818832, 25.628402101147667], [130.10312162347142, 25.651894099682007], [130.10843688204974, 25.65695279175765], [130.13198735254073, 25.685503482367633], [130.13404724208993, 25.689675436519437], [130.14360471005838, 25.71405417297762], [130.14626655843713, 25.742604863587594], [130.13946201649028, 25.771155554197584], [130.13404724208993, 25.777807293617577], [130.10312162347142, 25.788287551547377], [130.07219600485294, 25.78619467711324], [130.04127038623446, 25.7828232652041], [130.01034476761595, 25.779870592834918], [129.97941914899747, 25.778268032666162], [129.94849353037898, 25.77835953775938], [129.91756791176047, 25.77992152438508], [129.886642293142, 25.782316567836858], [129.8557166745235, 25.785302505373615], [129.824791055905, 25.789785592567245], [129.7938654372865, 25.79740139321872], [129.7876078992343, 25.799706244807567], [129.76293981866803, 25.806903810704583], [129.73201420004955, 25.819708045231287], [129.7158431180231, 25.82825693541755], [129.70108858143104, 25.836047137939893], [129.67016296281255, 25.855864455126625], [129.66881959411742, 25.856807626027535], [129.63923734419407, 25.88129690504556], [129.6346838522503, 25.885358316637518], [129.61029760187444, 25.913909007247504], [129.60831172557556, 25.917135035951095], [129.59135800508434, 25.942459697857483], [129.57738610695708, 25.9688858911081], [129.57616484221748, 25.97101038846747], [129.56327523809696, 25.999561079077452], [129.54996572859505, 26.028111769687435], [129.5464604883386, 26.034220906577385], [129.53706621449544, 26.05666246029742], [129.5252672878276, 26.085213150907407], [129.5155348697201, 26.101760072995486], [129.51057570930118, 26.113763841517386], [129.50092927351676, 26.142314532127372], [129.4916231812637, 26.170865222737355], [129.4846092511016, 26.186394620355387], [129.48063200510148, 26.199415913347337], [129.47229341480687, 26.22796660395732], [129.4645135283451, 26.25651729456731], [129.45994728336748, 26.28506798517729], [129.45970695914838, 26.31361867578727], [129.46196491170565, 26.342169366397258], [129.46559253305298, 26.37072005700724], [129.47042721397304, 26.399270747617223], [129.47739713055086, 26.427821438227205], [129.4846092511016, 26.448994107917567], [129.4874049307809, 26.45637212883719], [129.49968676465537, 26.484922819447174], [129.51416163733325, 26.513473510057157], [129.5155348697201, 26.515812782110313], [129.5293617901089, 26.542024200667143], [129.5464604883386, 26.568377184782534], [129.5478092463058, 26.570574891277126], [129.56622995073172, 26.599125581887108], [129.57738610695708, 26.61343025414574], [129.5881798941864, 26.627676272497094], [129.60831172557556, 26.651115431478143], [129.61295206256978, 26.656226963107073], [129.63923734419407, 26.68408754660956], [129.63998166569885, 26.68477765371706], [129.66979834026884, 26.713328344327042], [129.67016296281255, 26.713686923259527], [129.70108858143104, 26.740779347356078], [129.70265851512534, 26.74187903493703], [129.73201420004955, 26.76694180560754], [129.73709864992935, 26.77042972554701], [129.76293981866803, 26.790547961512292], [129.77356196239305, 26.798980416156994], [129.7938654372865, 26.81331494283809], [129.81407202523962, 26.82753110676698], [129.824791055905, 26.834390083536285], [129.8557166745235, 26.85159818129271], [129.86403609059766, 26.856081797376962], [129.886642293142, 26.8671350182535], [129.91756791176047, 26.88068498303165], [129.92726436964418, 26.88463248798695], [129.94849353037898, 26.89268414451167], [129.97941914899747, 26.90297969847079], [130.01034476761595, 26.91264456723431], [130.0122096991106, 26.91318317859693], [130.04127038623446, 26.921038253465674], [130.07219600485294, 26.92849650358376], [130.10312162347142, 26.93519650027057], [130.13404724208993, 26.941123954922848], [130.1378786544469, 26.941733869206914], [130.16497286070842, 26.94604024647883], [130.1958984793269, 26.949764324770364], [130.22682409794538, 26.95229244319927], [130.2577497165639, 26.95360929072482], [130.28867533518238, 26.95370976554662], [130.31960095380086, 26.952592366771626], [130.35052657241937, 26.95024572299834], [130.38145219103785, 26.94665335310522], [130.41237780965633, 26.941822085662825], [130.41289749277624, 26.941733869206914], [130.44330342827482, 26.93690079378678], [130.47422904689336, 26.931589540344675], [130.5051546655118, 26.925853644142848], [130.53608028413032, 26.91929238991591], [130.56099333302467, 26.913183178596928], [130.5670059027488, 26.91181680321342], [130.5979315213673, 26.90302044815816], [130.62885713998577, 26.891476581827074], [130.64465823770286, 26.884632487986945], [130.65978275860428, 26.878294070644557], [130.69070837722276, 26.86234814869609], [130.701242397948, 26.856081797376962], [130.72163399584124, 26.844130426556827], [130.74574706849765, 26.82753110676698], [130.75255961445976, 26.82305506472891], [130.78348523307824, 26.79947723869635], [130.78409923825157, 26.798980416156994], [130.81441085169672, 26.773966765437734], [130.81839554292839, 26.77042972554701], [130.8453364703152, 26.7446539732332], [130.8480120984561, 26.74187903493703], [130.87279965795778, 26.71332834432704], [130.87626208893371, 26.709013191506397], [130.89431927393383, 26.684777653717056], [130.9071877075522, 26.664335604896557], [130.91220444878098, 26.65622696310708], [130.9285049204132, 26.627676272497098], [130.93811332617068, 26.60696852120692], [130.94192238892342, 26.599125581887108], [130.95405594647875, 26.570574891277126], [130.96328618755723, 26.542024200667143], [130.9690389447892, 26.520488365244102], [130.97103551677054, 26.513473510057157], [130.97759849335372, 26.484922819447174], [130.9822570502929, 26.45637212883719], [130.98549462699566, 26.427821438227205], [130.98769461234662, 26.399270747617223], [130.98904671378546, 26.37072005700724], [130.98908840340556, 26.342169366397258], [130.9860607747419, 26.313618675787268], [130.97682625996293, 26.28506798517729], [130.9690389447892, 26.273058960803404], [130.95371050487415, 26.256517294567303], [130.93811332617068, 26.24272601405731], [130.9122526149353, 26.22796660395732], [130.9071877075522, 26.225421736246012], [130.87626208893371, 26.213076345817306], [130.85097781685678, 26.199415913347337], [130.8453364703152, 26.196565748088144], [130.81441085169672, 26.171800566705226], [130.81367069003335, 26.17086522273736], [130.78474388290638, 26.142314532127372], [130.78348523307824, 26.14124096634464], [130.75908340223566, 26.113763841517386], [130.75255961445976, 26.106643442055844], [130.73415424070043, 26.085213150907403], [130.72163399584127, 26.067852179216747], [130.71289924046323, 26.056662460297417], [130.6997764220656, 26.028111769687435], [130.69291806214167, 25.999561079077452], [130.69070837722276, 25.988461190386957], [130.688279992651, 25.97101038846747], [130.68285966513974, 25.942459697857483], [130.6739982492534, 25.9139090072475], [130.66074491024156, 25.885358316637518], [130.65978275860428, 25.88369772873785], [130.64607777540905, 25.856807626027535], [130.62885713998577, 25.832059824896003], [130.62615461384178, 25.82825693541755], [130.60350635944994, 25.799706244807567], [130.5979315213673, 25.793078443125502], [130.5769326100018, 25.771155554197584], [130.5670059027488, 25.760663271548438], [130.54660368861428, 25.7426048635876], [130.53608028413032, 25.732495869531757], [130.51273253982237, 25.714054172977615], [130.5051546655118, 25.707347114381363], [130.4762066089649, 25.685503482367633], [130.47422904689333, 25.683835095012736], [130.44330342827482, 25.660234986051616], [130.4386137894001, 25.656952791757647], [130.41237780965633, 25.637195236849525], [130.39853538653756, 25.628402101147664], [130.38145219103785, 25.616518586466025], [130.3517738116588, 25.59985141053768], [130.35052657241937, 25.59906930015163], [130.31960095380086, 25.581460430361766], [130.2972788051394, 25.5713007199277], [130.28867533518238, 25.56687405012386], [130.2577497165639, 25.55258262118332], [130.2333665694742, 25.542750029317713], [130.22682409794538, 25.540130981152018], [130.1958984793269, 25.529019690855634], [130.16497286070842, 25.518300436641965], [130.15176024299285, 25.51419933870773], [130.13404724208993, 25.509974271455704], [130.10312162347142, 25.503939281175633], [130.07219600485294, 25.499093231892324], [130.04127038623446, 25.495668539249248], [130.01034476761595, 25.49420743594591], [129.97941914899747, 25.495768557159863], [129.94849353037898, 25.50242465954137], [129.92499803631713, 25.51419933870773]]]}, "properties": {"fillColor": "#00FF00", "fillOpacity": 0.7, "color": "#000000", "weight": 0.2, "stroke": false}}, {"type": "Feature", "geometry": {"type": "Polygon", "coordinates": [[[130.9926942411136, 26.82753110676698], [130.9690389447892, 26.849472775369943], [130.96316972959326, 26.85608179737696], [130.93811332617068, 26.883175084614432], [130.93671818468255, 26.884632487986945], [130.90931105166237, 26.913183178596928], [130.9071877075522, 26.91523776584183], [130.87860040830944, 26.941733869206914], [130.87626208893371, 26.943783681097983], [130.84593151313618, 26.970284559816896], [130.8453364703152, 26.970777340443046], [130.81441085169672, 26.99706136607924], [130.81240573628074, 26.99883525042688], [130.78348523307824, 27.023067168163774], [130.77859488805504, 27.027385941036865], [130.75255961445976, 27.048786209752635], [130.74433471358722, 27.055936631646848], [130.72163399584124, 27.073387047044786], [130.70818767394675, 27.08448732225683], [130.69070837722276, 27.09635481499159], [130.66813077569026, 27.113038012866816], [130.65978275860428, 27.117896160353496], [130.62885713998577, 27.136676721548966], [130.62140997660208, 27.1415887034768], [130.5979315213673, 27.1535424836197], [130.56911191069597, 27.17013939408678], [130.5670059027488, 27.171200711626625], [130.53608028413032, 27.18625396991548], [130.51339452652763, 27.198690084696764], [130.5051546655118, 27.203171322856036], [130.47422904689333, 27.220029074898928], [130.4618814317982, 27.22724077530675], [130.44330342827482, 27.23886591393408], [130.41723225155414, 27.255791465916733], [130.41237780965633, 27.25920859459827], [130.38145219103785, 27.278924970657208], [130.3727594640189, 27.284342156526716], [130.35052657241937, 27.299219252814712], [130.3248855167071, 27.312892847136702], [130.31960095380086, 27.317599163271606], [130.28867533518238, 27.337707470588306], [130.28138927889057, 27.341443537746684], [130.2577497165639, 27.352526334228457], [130.22682409794538, 27.36295600830948], [130.20794076613132, 27.369994228356667], [130.19784800205292, 27.39854491896665], [130.22682409794538, 27.40761968112821], [130.2577497165639, 27.410661448531386], [130.28867533518238, 27.408326172572473], [130.31960095380086, 27.402183885305462], [130.33194176725237, 27.39854491896665], [130.35052657241937, 27.390303150003966], [130.38145219103785, 27.37913106032598], [130.40821033631295, 27.369994228356667], [130.41237780965633, 27.36851018070442], [130.44330342827482, 27.357185958879317], [130.47422904689333, 27.346854214771177], [130.48878818956786, 27.341443537746684], [130.5051546655118, 27.335942681316993], [130.53608028413032, 27.325627633446626], [130.5670059027488, 27.314187982116927], [130.5700205587642, 27.312892847136702], [130.5979315213673, 27.30252744142458], [130.62885713998577, 27.290282427923092], [130.64173290329606, 27.284342156526716], [130.65978275860428, 27.276558485938793], [130.69070837722276, 27.261907643946493], [130.7017420772099, 27.255791465916737], [130.72163399584124, 27.244611932458184], [130.7492281540666, 27.22724077530675], [130.75255961445976, 27.22490418407446], [130.78348523307824, 27.203164851407543], [130.78946021832164, 27.198690084696764], [130.81441085169672, 27.178693931856067], [130.82491907631572, 27.17013939408678], [130.8453364703152, 27.15251446507088], [130.85827553825843, 27.1415887034768], [130.87626208893371, 27.125668087982895], [130.89085723924498, 27.113038012866816], [130.9071877075522, 27.098007147285053], [130.9220119864376, 27.08448732225683], [130.93811332617068, 27.068527955512472], [130.95073681528848, 27.05593663164685], [130.9690389447892, 27.035536801322014], [130.97628827024215, 27.027385941036865], [130.9981781850247, 26.99883525042688], [130.99996456340767, 26.9961838058925], [131.01640216985635, 26.970284559816896], [131.03089018202616, 26.94527307914286], [131.03292334573732, 26.941733869206914], [131.0452317510376, 26.913183178596928], [131.05545093928188, 26.88463248798694], [131.06181580064467, 26.86154038657108], [131.06326209760786, 26.856081797376962], [131.06522793638095, 26.82753110676698], [131.06181580064467, 26.810669084489668], [131.03089018202616, 26.79949260086383], [130.99996456340767, 26.819945790915472], [130.9926942411136, 26.82753110676698]]]}, "properties": {"fillColor": "#00FF00", "fillOpacity": 0.7, "color": "#000000", "weight": 0.2, "stroke": false}}, {"type": "Feature", "geometry": {"type": "Polygon", "coordinates": [[[118.59879149739272, 25.684768408360796], [118.60714149465304, 25.685503482367633], [118.62971711601121, 25.68630969205143], [118.6606427346297, 25.693856027378047], [118.68437658379375, 25.714054172977615], [118.69156835324819, 25.728226540260568], [118.70014767652634, 25.742604863587598], [118.70452830456261, 25.771155554197584], [118.69156835324819, 25.795569742649878], [118.68956462354298, 25.799706244807567], [118.66438922337333, 25.82825693541755], [118.6606427346297, 25.831465834177116], [118.62971711601121, 25.846095120084943], [118.59879149739274, 25.847433768895662], [118.56786587877423, 25.842526369000275], [118.54407317837452, 25.82825693541755], [118.53694026015573, 25.823237178788077], [118.51472071673494, 25.799706244807567], [118.50695158292177, 25.771155554197584], [118.50800066538775, 25.742604863587598], [118.52160617956685, 25.714054172977615], [118.53694026015575, 25.700793069569464], [118.56786587877423, 25.688534227911816], [118.5951354703782, 25.68550348236763], [118.59879149739272, 25.684768408360796]]]}, "properties": {"fillColor": "#00FF00", "fillOpacity": 0.7, "color": "#000000", "weight": 0.2, "stroke": false}}, {"type": "Feature", "geometry": {"type": "Polygon", "coordinates": [[[118.55610951768406, 25.714054172977615], [118.53694026015573, 25.732177276917163], [118.52955620555251, 25.742604863587598], [118.5261673327626, 25.771155554197584], [118.53694026015575, 25.792656903567128], [118.54049696199421, 25.79970624480757], [118.56786587877423, 25.82172939554987], [118.59879149739272, 25.827652289097493], [118.62971711601122, 25.825539369013764], [118.6606427346297, 25.807785644497287], [118.66832596633085, 25.799706244807567], [118.68573277265014, 25.771155554197588], [118.68283199468274, 25.742604863587598], [118.6606427346297, 25.714217788683666], [118.66033769526875, 25.714054172977615], [118.62971711601121, 25.70002857704216], [118.59879149739272, 25.699831993321446], [118.56786587877423, 25.707228321901198], [118.55610951768406, 25.714054172977615]]]}, "properties": {"fillColor": "#00FF00", "fillOpacity": 0.7, "color": "#000000", "weight": 0.2, "stroke": false}}, {"type": "Feature", "geometry": {"type": "Polygon", "coordinates": [[[129.94849353037898, 25.885035031168847], [129.97941914899747, 25.884800287682797], [129.99164285162277, 25.885358316637518], [130.01034476761595, 25.887335302129678], [130.04127038623446, 25.89592022125921], [130.07219600485294, 25.910837405530387], [130.07769860456133, 25.9139090072475], [130.10312162347142, 25.936040959649493], [130.10995238266912, 25.94245969785748], [130.13404724208993, 25.956286556615204], [130.15351231644405, 25.97101038846747], [130.16497286070842, 25.976779765941767], [130.19041991050872, 25.999561079077452], [130.1958984793269, 26.003980302267372], [130.21664634891386, 26.028111769687435], [130.22682409794538, 26.041357277054715], [130.23533472385535, 26.05666246029742], [130.24737852799447, 26.085213150907407], [130.25717838131933, 26.113763841517386], [130.2577497165639, 26.11710169413282], [130.26044361484915, 26.142314532127372], [130.2604027361854, 26.170865222737355], [130.2577497165639, 26.197312247503344], [130.25743837175835, 26.199415913347337], [130.24821779381338, 26.22796660395732], [130.23498936015534, 26.256517294567306], [130.22682409794538, 26.26933713746729], [130.21616812724324, 26.28506798517729], [130.1958984793269, 26.30631207167201], [130.18878723613363, 26.313618675787275], [130.16497286070842, 26.329594835787553], [130.1450811177901, 26.342169366397258], [130.13404724208993, 26.346480960497146], [130.10312162347142, 26.354079237864767], [130.07219600485294, 26.356553491464226], [130.04127038623446, 26.353043701597414], [130.01034476761595, 26.344229148549086], [130.00629173884718, 26.342169366397258], [129.97941914899747, 26.322395914657587], [129.97002969855075, 26.313618675787275], [129.94849353037898, 26.288453901436696], [129.94664072739204, 26.28506798517729], [129.93777152400838, 26.256517294567303], [129.93315837381996, 26.22796660395732], [129.93285041009247, 26.199415913347337], [129.93597861023403, 26.170865222737355], [129.9404577302818, 26.142314532127372], [129.94563086992326, 26.113763841517386], [129.94849353037898, 26.100863794104907], [129.95435551244108, 26.085213150907403], [129.9696943187951, 26.056662460297424], [129.97941914899747, 26.044287619649605], [129.99979703451376, 26.028111769687435], [130.01034476761595, 26.013176475715365], [130.0343628052506, 25.999561079077452], [130.01034476761595, 25.97640681338664], [129.97941914899747, 25.97374394710244], [129.94849353037898, 25.972949668880133], [129.91756791176047, 25.97544650504046], [129.88664229314202, 25.98298028371457], [129.8557166745235, 25.99390984540706], [129.8448128209014, 25.999561079077452], [129.824791055905, 26.00842649822544], [129.79528499027552, 26.028111769687435], [129.7938654372865, 26.029057611185266], [129.76293981866803, 26.055657477324385], [129.76194810583758, 26.05666246029742], [129.73648909636373, 26.085213150907403], [129.73201420004955, 26.090961726232422], [129.71598918975354, 26.113763841517386], [129.70160197432764, 26.142314532127372], [129.70108858143104, 26.143479765335716], [129.6884839078103, 26.170865222737355], [129.67962710313532, 26.19941591334734], [129.67364950471014, 26.22796660395732], [129.67020681212128, 26.256517294567306], [129.67016296281255, 26.258070758891876], [129.66899140558485, 26.28506798517729], [129.67016296281255, 26.295043441066568], [129.67164816951774, 26.31361867578727], [129.6767611045059, 26.342169366397258], [129.68631950276438, 26.37072005700724], [129.70108858143104, 26.39502812099389], [129.70275895171994, 26.399270747617223], [129.7151348673375, 26.427821438227205], [129.73201420004955, 26.452279469474636], [129.7342770355326, 26.45637212883719], [129.75084389764828, 26.48492281944717], [129.76293981866803, 26.502089792084547], [129.77060604829546, 26.513473510057153], [129.78634771927065, 26.542024200667143], [129.76293981866803, 26.555857545113952], [129.73201420004955, 26.546918424507314], [129.72289831640484, 26.542024200667143], [129.70108858143104, 26.52834344324035], [129.68069567491932, 26.51347351005716], [129.67016296281255, 26.504592551385844], [129.65049472026473, 26.484922819447174], [129.63923734419407, 26.472375723169172], [129.62671740867444, 26.45637212883719], [129.60831172557556, 26.429201494715393], [129.60735183122168, 26.427821438227205], [129.59195649641, 26.399270747617223], [129.5791685473309, 26.37072005700724], [129.57738610695708, 26.365937074061016], [129.5681401689252, 26.342169366397258], [129.5600923847042, 26.31361867578727], [129.5547430757452, 26.28506798517729], [129.55187876988947, 26.25651729456731], [129.55140078795944, 26.22796660395732], [129.5534503025342, 26.199415913347337], [129.5577426635229, 26.170865222737355], [129.56456736585503, 26.142314532127372], [129.57678604357534, 26.113763841517386], [129.57738610695708, 26.11285043849587], [129.58903980963555, 26.085213150907407], [129.60800755235465, 26.05666246029742], [129.60831172557556, 26.056340969842672], [129.62774528633935, 26.028111769687435], [129.63923734419407, 26.01701448146994], [129.65559538633, 25.999561079077452], [129.67016296281255, 25.988235452997337], [129.69233251239226, 25.971010388467466], [129.70108858143104, 25.965807984451], [129.73201420004955, 25.948420816039686], [129.74197038004138, 25.942459697857487], [129.76293981866803, 25.933125478980223], [129.7938654372865, 25.91907872317265], [129.80491030491535, 25.913909007247497], [129.824791055905, 25.90748832389185], [129.8557166745235, 25.899495863424864], [129.886642293142, 25.892974878663065], [129.91756791176047, 25.887911940392467], [129.9440233569472, 25.885358316637518], [129.94849353037898, 25.885035031168847]]]}, "properties": {"fillColor": "#00FF00", "fillOpacity": 0.7, "color": "#000000", "weight": 0.2, "stroke": false}}, {"type": "Feature", "geometry": {"type": "Polygon", "coordinates": [[[129.80115401391012, 25.942459697857483], [129.7938654372865, 25.946530919350035], [129.76293981866803, 25.962959587208207], [129.74626104839817, 25.97101038846747], [129.73201420004955, 25.981323981019464], [129.70412556911006, 25.999561079077452], [129.70108858143104, 26.00210887552299], [129.67504529488667, 26.028111769687435], [129.67016296281255, 26.033148269628576], [129.65301226766678, 26.056662460297417], [129.63923734419407, 26.07524457562767], [129.6333415198679, 26.085213150907403], [129.6195176653522, 26.11376384151739], [129.60831172557556, 26.137697342029192], [129.6066355365915, 26.142314532127372], [129.5994934673837, 26.170865222737355], [129.59453896328873, 26.199415913347337], [129.59169765134345, 26.22796660395732], [129.59130715458474, 26.256517294567306], [129.5934368340239, 26.28506798517729], [129.5978647981141, 26.31361867578727], [129.6042547345017, 26.342169366397258], [129.60831172557556, 26.355538403496112], [129.61560211487927, 26.37072005700724], [129.62929595796146, 26.399270747617223], [129.63923734419407, 26.41969079744677], [129.64852079672642, 26.427821438227205], [129.6684327982799, 26.456372128837195], [129.67016296281255, 26.458462915457194], [129.70108858143104, 26.472521943668504], [129.70247417987247, 26.45637212883719], [129.70108858143104, 26.45254503710334], [129.68406371659836, 26.427821438227205], [129.67384812657025, 26.399270747617223], [129.67016296281255, 26.38859318745867], [129.66008086778402, 26.37072005700724], [129.65349514611074, 26.342169366397258], [129.6505625734573, 26.31361867578727], [129.64932500176968, 26.285067985177292], [129.6499440729401, 26.256517294567306], [129.6524734715508, 26.22796660395732], [129.6578175396445, 26.199415913347337], [129.67016296281255, 26.17144416203832], [129.67030904882972, 26.170865222737355], [129.67789131037722, 26.142314532127372], [129.6891458471752, 26.113763841517386], [129.70108858143104, 26.09620594670581], [129.70704985198526, 26.085213150907403], [129.72757871893901, 26.05666246029742], [129.73201420004955, 26.051710787617814], [129.75320758398843, 26.028111769687435], [129.76293981866803, 26.018465161981887], [129.7878629717641, 25.999561079077452], [129.7938654372865, 25.993839198810306], [129.824791055905, 25.974680519225025], [129.83375476623058, 25.97101038846747], [129.8557166745235, 25.952655739462273], [129.88148698795644, 25.94245969785748], [129.8557166745235, 25.933838003358265], [129.824791055905, 25.93662723287497], [129.80115401391012, 25.942459697857483]]]}, "properties": {"fillColor": "#00FF00", "fillOpacity": 0.7, "color": "#000000", "weight": 0.2, "stroke": false}}, {"type": "Feature", "geometry": {"type": "Polygon", "coordinates": [[[130.0092643446965, 26.05666246029742], [129.9843436842232, 26.085213150907403], [129.97941914899747, 26.09170804361121], [129.97037045936898, 26.113763841517386], [129.96080247533942, 26.142314532127372], [129.95021494576702, 26.17086522273735], [129.94849353037898, 26.17567965735997], [129.94559265427952, 26.199415913347337], [129.94510420486202, 26.22796660395732], [129.94810046743765, 26.25651729456731], [129.94849353037898, 26.257847755770133], [129.96521917694102, 26.28506798517729], [129.97941914899747, 26.305070439554132], [129.98865165929377, 26.313618675787275], [130.01034476761595, 26.326964397645476], [130.03894533879176, 26.342169366397258], [130.04127038623446, 26.342799146903335], [130.07219600485294, 26.345219786345695], [130.10312162347142, 26.34277919015572], [130.10562665699553, 26.342169366397258], [130.13404724208993, 26.32770567234734], [130.16008599112658, 26.313618675787268], [130.16497286070842, 26.308950859569727], [130.18706529299106, 26.28506798517729], [130.1958984793269, 26.272492360545165], [130.20526275330622, 26.256517294567306], [130.21694522662125, 26.22796660395732], [130.2247565055378, 26.199415913347337], [130.22682409794538, 26.177400304941433], [130.22729063220544, 26.170865222737355], [130.22682409794538, 26.164367123583585], [130.22459381596315, 26.142314532127372], [130.21653035262932, 26.11376384151739], [130.20318940394003, 26.085213150907403], [130.1958984793269, 26.07449951673155], [130.1784109505199, 26.05666246029742], [130.16497286070842, 26.04547131283048], [130.13404724208993, 26.03380121951849], [130.10312162347142, 26.031752572207132], [130.07219600485294, 26.03536732422175], [130.04127038623446, 26.042553163267506], [130.01034476761595, 26.055803325185], [130.0092643446965, 26.05666246029742]]]}, "properties": {"fillColor": "#00FF00", "fillOpacity": 0.7, "color": "#000000", "weight": 0.2, "stroke": false}}, {"type": "Feature", "geometry": {"type": "Polygon", "coordinates": [[[129.32998115800916, 26.68362426637886], [129.3309452149793, 26.68477765371706], [129.36090677662764, 26.704022267273537], [129.36756889946878, 26.713328344327046], [129.39183239524613, 26.73764836028336], [129.39501872748878, 26.74187903493703], [129.41912399312358, 26.77042972554701], [129.4227580138646, 26.773876237472084], [129.44307383014407, 26.798980416156994], [129.45368363248312, 26.810080657139284], [129.4691200820073, 26.82753110676698], [129.4846092511016, 26.843585868376238], [129.49660401873578, 26.85608179737696], [129.5155348697201, 26.875556512990265], [129.52473166224343, 26.884632487986945], [129.5464604883386, 26.907694514212523], [129.55225473426734, 26.913183178596928], [129.57738610695708, 26.941180904701813], [129.5779778281143, 26.941733869206914], [129.59017325707634, 26.970284559816896], [129.57738610695708, 26.97704781755772], [129.5571890886043, 26.970284559816896], [129.5464604883386, 26.966629693003554], [129.5155348697201, 26.949205554905554], [129.50588781590122, 26.941733869206914], [129.4846092511016, 26.92670625073842], [129.46907819188414, 26.913183178596928], [129.45368363248312, 26.90010020449808], [129.43820590394097, 26.884632487986945], [129.4227580138646, 26.869057583295252], [129.41141776753074, 26.85608179737696], [129.39183239524613, 26.8330590064014], [129.38754077720765, 26.82753110676698], [129.36922909047252, 26.798980416156994], [129.36090677662764, 26.786499358736407], [129.35240898598445, 26.770429725547014], [129.34065319023335, 26.74187903493703], [129.32998115800916, 26.7183385963115], [129.32842637260043, 26.713328344327046], [129.32936985625636, 26.684777653717056], [129.32998115800916, 26.68362426637886]]]}, "properties": {"fillColor": "#00FF00", "fillOpacity": 0.7, "color": "#000000", "weight": 0.2, "stroke": false}}, {"type": "Feature", "geometry": {"type": "Polygon", "coordinates": [[[115.78456020311003, 4.897742987308726], [115.8154858217285, 4.894740512733607], [115.84117782617649, 4.900600718299532], [115.84641144034701, 4.902305053518582], [115.86612927497654, 4.929151408909515], [115.84641144034701, 4.954934576169863], [115.84286620307739, 4.9577020995195], [115.81548582172852, 4.9704054959595005], [115.78456020311, 4.97680202434243], [115.75363458449152, 4.973548637123482], [115.72609516993455, 4.9577020995195], [115.72598097450295, 4.929151408909515], [115.75363458449154, 4.909193172508489], [115.77686012066502, 4.900600718299532], [115.78456020311003, 4.897742987308726]]]}, "properties": {"fillColor": "#FFFF00", "fillOpacity": 0.7, "color": "#000000", "weight": 0.2, "stroke": false}}, {"type": "Feature", "geometry": {"type": "Polygon", "coordinates": [[[115.77104053151203, 4.929151408909515], [115.78456020311, 4.9543048826038], [115.81548582172852, 4.930563604842617], [115.81760744831337, 4.929151408909515], [115.81548582172852, 4.928385604896411], [115.78456020311002, 4.924070101558004], [115.77104053151203, 4.929151408909515]]]}, "properties": {"fillColor": "#FFFF00", "fillOpacity": 0.7, "color": "#000000", "weight": 0.2, "stroke": false}}, {"type": "Feature", "geometry": {"type": "Polygon", "coordinates": [[[114.8258660259368, 6.2004635287878], [114.85679164455529, 6.190224741355056], [114.88771726317378, 6.1868747028936095], [114.91864288179227, 6.186864398840499], [114.94956850041076, 6.191004878915888], [114.98049411902926, 6.199792032862572], [115.01141973764773, 6.2130896192497], [115.0142203183161, 6.213932486358781], [115.04234535626625, 6.220735351887422], [115.07327097488472, 6.218724796476542], [115.09215748545148, 6.213932486358781], [115.10419659350322, 6.209943104693668], [115.13512221212171, 6.207174189437793], [115.16026362912095, 6.213932486358781], [115.1660478307402, 6.215486469222283], [115.1969734493587, 6.228583076433506], [115.22519781194559, 6.242483176968763], [115.22789906797718, 6.243668151533613], [115.25882468659569, 6.2612364673474605], [115.27160279807929, 6.271033867578748], [115.28952429872204, 6.299584558188731], [115.28975030521417, 6.300534681978989], [115.3011171392738, 6.328135248798715], [115.30885118874312, 6.356685939408698], [115.29743125617603, 6.385236630018682], [115.28975030521417, 6.391046057210095], [115.2633525932109, 6.413787320628667], [115.25882468659569, 6.4162214239749], [115.22789906797718, 6.438862426394049], [115.22468771568812, 6.4423380112386495], [115.1969734493587, 6.465163785872635], [115.1917985999525, 6.470888701848633], [115.1660478307402, 6.494089193994497], [115.1610257762264, 6.4994393924586165], [115.13512221212171, 6.523123948177659], [115.12999261029987, 6.5279900830686], [115.10419659350322, 6.5506224699639946], [115.09658643119624, 6.556540773678584], [115.07327097488472, 6.574757326127964], [115.05344509525119, 6.585091464288567], [115.04234535626622, 6.5919523155241375], [115.01141973764774, 6.606019054618005], [115.00000710545535, 6.613642154898551], [114.98049411902926, 6.629336503572542], [114.96913718755302, 6.642192845508534], [114.94956850041076, 6.660749468013886], [114.9302724203682, 6.670743536118518], [114.91864288179227, 6.677775857095213], [114.88771726317378, 6.685970202733633], [114.85679164455529, 6.689657657461224], [114.8258660259368, 6.691421002394066], [114.79494040731831, 6.694398868104977], [114.7733239270868, 6.699294226728503], [114.76401478869981, 6.702731511998735], [114.73308917008133, 6.715177915125112], [114.70216355146283, 6.721266563437671], [114.67224470417233, 6.727844917338485], [114.67123793284435, 6.729115534816539], [114.6684992359568, 6.727844917338484], [114.65127396454436, 6.699294226728503], [114.6477334275419, 6.670743536118518], [114.64598132274908, 6.642192845508535], [114.64522504540271, 6.613642154898551], [114.64679822063306, 6.585091464288567], [114.65217020215796, 6.556540773678584], [114.66409487588155, 6.5279900830686], [114.67123793284435, 6.516988894909087], [114.6817970207045, 6.4994393924586165], [114.69955170987393, 6.470888701848633], [114.70216355146283, 6.465282423685906], [114.70992825127092, 6.4423380112386495], [114.71607171853964, 6.413787320628666], [114.72463258224786, 6.385236630018682], [114.73308917008131, 6.366601180804564], [114.73826716138707, 6.356685939408698], [114.75081993862844, 6.328135248798715], [114.75687106315645, 6.299584558188731], [114.75300356463427, 6.271033867578748], [114.75682274877452, 6.242483176968763], [114.76401478869981, 6.234641119284514], [114.79494040731831, 6.214998929554042], [114.79608499078161, 6.213932486358781], [114.8258660259368, 6.2004635287878]]]}, "properties": {"fillColor": "#FFFF00", "fillOpacity": 0.7, "color": "#000000", "weight": 0.2, "stroke": false}}, {"type": "Feature", "geometry": {"type": "Polygon", "coordinates": [[[114.86143094105469, 6.213932486358781], [114.85679164455529, 6.216142482191492], [114.82792663127239, 6.242483176968763], [114.82586602593679, 6.246053116228999], [114.80810131786842, 6.271033867578748], [114.79730711895233, 6.299584558188731], [114.79494040731831, 6.305113653042035], [114.78212672651696, 6.328135248798715], [114.76451878723631, 6.356685939408698], [114.76401478869981, 6.357443215619456], [114.74628369180684, 6.385236630018682], [114.73469546586402, 6.413787320628666], [114.73308917008133, 6.41897365962707], [114.7269583065314, 6.4423380112386495], [114.71542481751254, 6.470888701848633], [114.70216355146283, 6.495798842804699], [114.69982264171418, 6.4994393924586165], [114.68041411671182, 6.5279900830686], [114.67123793284435, 6.545743882545061], [114.66593920540767, 6.556540773678584], [114.65796969788069, 6.585091464288567], [114.65566170317351, 6.613642154898551], [114.65759755635392, 6.642192845508535], [114.66412082957852, 6.670743536118518], [114.67123793284435, 6.685841345545242], [114.6967705700891, 6.699294226728503], [114.70216355146283, 6.700954507913916], [114.7209510754254, 6.699294226728503], [114.73308917008133, 6.698664903802808], [114.76401478869981, 6.688259231103062], [114.79494040731831, 6.680838411615403], [114.8258660259368, 6.677036025720592], [114.85679164455527, 6.674696843356411], [114.8805304727922, 6.670743536118518], [114.88771726317378, 6.669962415277021], [114.91864288179227, 6.663999218692336], [114.94956850041076, 6.643947434680944], [114.95141878359502, 6.642192845508535], [114.97807015432896, 6.613642154898551], [114.98049411902926, 6.6109608125759864], [115.01141973764774, 6.589361652668711], [115.0198487159677, 6.585091464288567], [115.04234535626624, 6.575836469719047], [115.07314826477457, 6.556540773678584], [115.07327097488474, 6.556467781151936], [115.10419659350322, 6.53238677761289], [115.10920787255384, 6.5279900830686], [115.13512221212171, 6.503406757436973], [115.13946127992027, 6.499439392458616], [115.1660478307402, 6.471115661011253], [115.1662997380265, 6.470888701848633], [115.19357404930535, 6.44233801123865], [115.1969734493587, 6.437325854138583], [115.21969600566965, 6.413787320628666], [115.22789906797718, 6.398992443106393], [115.2398824530759, 6.385236630018682], [115.24981272862617, 6.356685939408699], [115.25280818818638, 6.328135248798715], [115.24973315353336, 6.299584558188731], [115.22789906797718, 6.273477811382854], [115.22500103761512, 6.271033867578747], [115.1969734493587, 6.256315450772016], [115.1660478307402, 6.246132352961922], [115.1491711801965, 6.242483176968763], [115.13512221212173, 6.238302198672821], [115.10419659350322, 6.235508604710898], [115.07327097488472, 6.241157748766196], [115.04234535626624, 6.238769221544275], [115.01141973764774, 6.226201788384833], [114.98049411902926, 6.215346096336678], [114.97440294255651, 6.213932486358781], [114.94956850041076, 6.2052149237353005], [114.91864288179227, 6.201204243469535], [114.88771726317378, 6.20424602856978], [114.86143094105469, 6.213932486358781]]]}, "properties": {"fillColor": "#FFFF00", "fillOpacity": 0.7, "color": "#000000", "weight": 0.2, "stroke": false}}, {"type": "Feature", "geometry": {"type": "Polygon", "coordinates": [[[115.62993211001756, 6.4569329978232215], [115.6419504344266, 6.470888701848633], [115.65704786195786, 6.4994393924586165], [115.65746535345421, 6.5279900830686], [115.64233757771689, 6.556540773678584], [115.62993211001756, 6.564782867403608], [115.59900649139908, 6.567966644870593], [115.58131012907914, 6.556540773678584], [115.59575880719015, 6.5279900830686], [115.59900649139908, 6.520432644680153], [115.610886490507, 6.499439392458616], [115.62079153627263, 6.470888701848633], [115.62993211001756, 6.4569329978232215]]]}, "properties": {"fillColor": "#FFFF00", "fillOpacity": 0.7, "color": "#000000", "weight": 0.2, "stroke": false}}, {"type": "Feature", "geometry": {"type": "Polygon", "coordinates": [[[114.4856842211334, 6.709064602603954], [114.51660983975188, 6.703929111211486], [114.54753545837039, 6.726126833824598], [114.55022455064197, 6.727844917338485], [114.57846107698887, 6.747898709107828], [114.60938669560736, 6.749524721231351], [114.64031231422584, 6.737754062119775], [114.65497684765845, 6.75639560794847], [114.6644984649391, 6.784946298558453], [114.67123793284435, 6.801763443031806], [114.67450852967963, 6.813496989168437], [114.68340230825164, 6.84204767977842], [114.69544552116601, 6.870598370388404], [114.70216355146283, 6.886155079557137], [114.70575007623682, 6.899149060998388], [114.70606568025802, 6.927699751608372], [114.70420095175113, 6.956250442218355], [114.70614293304034, 6.984801132828339], [114.71008780945874, 7.013351823438322], [114.72061373964831, 7.0419025140483065], [114.72835340647362, 7.070453204658289], [114.7321519525076, 7.0990038952682735], [114.73308917008133, 7.116562665960563], [114.73431901233126, 7.127554585878257], [114.73308917008134, 7.139464795306358], [114.73240994984923, 7.1561052764882405], [114.72792154995412, 7.184655967098225], [114.72357462821526, 7.2132066577082075], [114.7160386243643, 7.241757348318192], [114.70216355146283, 7.263364523628185], [114.69371862516074, 7.270308038928175], [114.67123793284435, 7.282868133529041], [114.64031231422585, 7.281045294931429], [114.6175215841465, 7.270308038928176], [114.60938669560736, 7.267845722743716], [114.57846107698887, 7.245248179585247], [114.57489489530262, 7.241757348318192], [114.54822068623882, 7.2132066577082075], [114.54753545837038, 7.212460651732637], [114.52144535689108, 7.184655967098225], [114.51660983975188, 7.177346296343115], [114.49925789912211, 7.1561052764882405], [114.48734460725089, 7.127554585878257], [114.4856842211334, 7.120638017281589], [114.47593164730466, 7.0990038952682735], [114.4720543520485, 7.070453204658289], [114.4734276408158, 7.0419025140483065], [114.47872609076678, 7.013351823438322], [114.4856842211334, 6.991558140497106], [114.49039127391634, 6.984801132828339], [114.50369674045027, 6.956250442218355], [114.49905570678126, 6.927699751608372], [114.49081142956952, 6.899149060998388], [114.4856842211334, 6.882201298838861], [114.4821889598056, 6.870598370388404], [114.47436214165079, 6.84204767977842], [114.46744371413331, 6.813496989168437], [114.46319804929274, 6.784946298558453], [114.4649241099946, 6.75639560794847], [114.47235438766538, 6.727844917338485], [114.4856842211334, 6.709064602603954]]]}, "properties": {"fillColor": "#FFFF00", "fillOpacity": 0.7, "color": "#000000", "weight": 0.2, "stroke": false}}, {"type": "Feature", "geometry": {"type": "Polygon", "coordinates": [[[114.48567727723308, 6.75639560794847], [114.48054485572044, 6.784946298558452], [114.48521775216913, 6.813496989168437], [114.4856842211334, 6.814941160354893], [114.49363115959756, 6.842047679778421], [114.50426428661578, 6.870598370388404], [114.51660983975188, 6.894445599124758], [114.52041098198191, 6.899149060998388], [114.53515409635659, 6.9276997516083725], [114.53845977076065, 6.956250442218355], [114.53287325461281, 6.984801132828339], [114.51660983975188, 6.996870554509497], [114.50212978168588, 7.013351823438322], [114.48786627895555, 7.041902514048306], [114.4856842211334, 7.061154007187292], [114.48463124231668, 7.070453204658289], [114.4856842211334, 7.076959172380705], [114.48750359664326, 7.0990038952682735], [114.49459488618447, 7.127554585878257], [114.5106029971038, 7.1561052764882405], [114.51660983975188, 7.1634584288920715], [114.53063250407406, 7.184655967098225], [114.54753545837038, 7.202669745771017], [114.55721391396345, 7.2132066577082075], [114.57846107698887, 7.234447722383532], [114.58816703935253, 7.241757348318192], [114.60938669560736, 7.258452890653611], [114.64031231422585, 7.268332602983295], [114.67123793284436, 7.2677749195104475], [114.70080925938406, 7.241757348318192], [114.70216355146283, 7.238510980521835], [114.71222706246941, 7.2132066577082075], [114.71860099925391, 7.184655967098225], [114.72473659828908, 7.1561052764882405], [114.72597992977785, 7.127554585878258], [114.72289131603276, 7.0990038952682735], [114.71526323558031, 7.070453204658289], [114.70216355146285, 7.045979574400644], [114.69967398750404, 7.0419025140483065], [114.6877415217038, 7.013351823438322], [114.6802073647568, 6.984801132828338], [114.67123793284435, 6.967477236005273], [114.64031231422585, 6.9563731527681245], [114.60938669560736, 6.956476228691142], [114.6089051301383, 6.956250442218355], [114.58356628544425, 6.927699751608372], [114.57846107698887, 6.910013599239299], [114.57621578438938, 6.899149060998388], [114.57846107698887, 6.886798517669263], [114.58179153130217, 6.870598370388404], [114.58992442966652, 6.842047679778419], [114.59332989577572, 6.813496989168437], [114.57846107698887, 6.791328477047184], [114.57680796067443, 6.784946298558453], [114.55493984823153, 6.75639560794847], [114.54753545837036, 6.750697647592523], [114.51660983975188, 6.733560673934696], [114.4856842211334, 6.756378763487797], [114.48567727723308, 6.75639560794847]]]}, "properties": {"fillColor": "#FFFF00", "fillOpacity": 0.7, "color": "#000000", "weight": 0.2, "stroke": false}}, {"type": "Feature", "geometry": {"type": "Polygon", "coordinates": [[[133.44308843426847, 9.857768842753757], [133.47401405288696, 9.849547883426029], [133.50493967150547, 9.844624539840522], [133.53586529012395, 9.841980939012666], [133.56679090874243, 9.841678084325824], [133.59771652736094, 9.848415734318824], [133.61566861723676, 9.868420884436688], [133.60177249418075, 9.89697157504667], [133.59771652736094, 9.900841422221577], [133.57013377348244, 9.925522265656655], [133.56679090874243, 9.927875793905438], [133.53586529012395, 9.945449018802657], [133.51291502164878, 9.95407295626664], [133.50493967150547, 9.957478404279394], [133.47401405288696, 9.966387469204225], [133.44308843426847, 9.971064532948088], [133.41216281565, 9.971621503218909], [133.38123719703148, 9.96920034134501], [133.350311578413, 9.965999483442943], [133.31938595979452, 9.95533794501552], [133.31768241234056, 9.95407295626664], [133.31938595979452, 9.951309901077662], [133.3303458195771, 9.925522265656655], [133.350311578413, 9.908400642620457], [133.36431504194985, 9.89697157504667], [133.38123719703148, 9.886006590917749], [133.41216281565, 9.870428888642573], [133.41740447273088, 9.868420884436688], [133.44308843426847, 9.857768842753757]]]}, "properties": {"fillColor": "#FFFF00", "fillOpacity": 0.7, "color": "#000000", "weight": 0.2, "stroke": false}}, {"type": "Feature", "geometry": {"type": "Polygon", "coordinates": [[[133.48774201820234, 9.868420884436688], [133.47401405288696, 9.871285674463646], [133.44308843426847, 9.87997106471543], [133.41216281565, 9.891915455617816], [133.4031740026112, 9.89697157504667], [133.38123719703148, 9.913845188272138], [133.36710465756005, 9.925522265656655], [133.38123719703148, 9.940164145530606], [133.41216281565, 9.946925999432866], [133.44308843426847, 9.947794593490915], [133.47401405288696, 9.944255947127363], [133.50493967150547, 9.936980853937587], [133.5330134558282, 9.925522265656655], [133.53586529012395, 9.923622652815089], [133.56679090874243, 9.898930794120126], [133.56897006873083, 9.89697157504667], [133.56801594402324, 9.868420884436688], [133.56679090874243, 9.867847997109346], [133.53586529012395, 9.863626221784942], [133.50493967150547, 9.865434385905397], [133.48774201820234, 9.868420884436688]]]}, "properties": {"fillColor": "#FFFF00", "fillOpacity": 0.7, "color": "#000000", "weight": 0.2, "stroke": false}}, {"type": "Feature", "geometry": {"type": "Polygon", "coordinates": [[[140.6796831909954, 9.945004934170747], [140.68420032434722, 9.95407295626664], [140.6796831909954, 9.954853365238248], [140.67642081751575, 9.95407295626664], [140.6796831909954, 9.945004934170747]]]}, "properties": {"fillColor": "#FFFF00", "fillOpacity": 0.7, "color": "#000000", "weight": 0.2, "stroke": false}}, {"type": "Feature", "geometry": {"type": "Polygon", "coordinates": [[[133.6595677645979, 10.296567626447402], [133.65998237012175, 10.296681243586441], [133.6904933832164, 10.302871591604022], [133.7214190018349, 10.32522068459955], [133.72143214304558, 10.325231934196427], [133.743476844086, 10.35378262480641], [133.74659444904563, 10.382333315416393], [133.7378669994205, 10.410884006026377], [133.7214190018349, 10.4274640354787], [133.70349752451872, 10.439434696636361], [133.6904933832164, 10.446802050382864], [133.6595677645979, 10.45333565020075], [133.62864214597943, 10.449805305086443], [133.60721488509503, 10.439434696636361], [133.59771652736094, 10.434889531392345], [133.57055144620642, 10.410884006026377], [133.56679090874243, 10.400947887065122], [133.5590264987, 10.382333315416393], [133.5636324833429, 10.35378262480641], [133.56679090874243, 10.348698083356515], [133.58049504203674, 10.325231934196427], [133.59771652736094, 10.310342848192345], [133.62864214597943, 10.298541551981119], [133.65859021008072, 10.29668124358644], [133.6595677645979, 10.296567626447402]]]}, "properties": {"fillColor": "#FFFF00", "fillOpacity": 0.7, "color": "#000000", "weight": 0.2, "stroke": false}}, {"type": "Feature", "geometry": {"type": "Polygon", "coordinates": [[[133.59914930359116, 10.325231934196427], [133.59771652736094, 10.326329592477565], [133.57635777170273, 10.35378262480641], [133.573176711104, 10.382333315416393], [133.58703759625018, 10.410884006026377], [133.59771652736094, 10.420320876477907], [133.62864214597943, 10.436622220232326], [133.6533029481251, 10.439434696636361], [133.6595677645979, 10.44040749935064], [133.6633172316175, 10.439434696636361], [133.6904933832164, 10.43341816536287], [133.71953863796557, 10.410884006026377], [133.7214190018349, 10.405896732748538], [133.73109999699457, 10.382333315416393], [133.724968632691, 10.35378262480641], [133.7214190018349, 10.349186513145758], [133.7013245082126, 10.325231934196427], [133.6904933832164, 10.317402785877867], [133.6595677645979, 10.30678864545533], [133.62864214597943, 10.309031297844834], [133.59914930359116, 10.325231934196427]]]}, "properties": {"fillColor": "#FFFF00", "fillOpacity": 0.7, "color": "#000000", "weight": 0.2, "stroke": false}}, {"type": "Feature", "geometry": {"type": "Polygon", "coordinates": [[[127.7527746084661, 10.553239705080477], [127.78370022708458, 10.5356398292036], [127.81462584570309, 10.532760285176247], [127.84555146432157, 10.536997905825178], [127.87647708294007, 10.546795349093353], [127.88939639712629, 10.553637459076295], [127.90740270155855, 10.561110017575025], [127.93832832017705, 10.579272789485083], [127.94225635881844, 10.582188149686278], [127.96925393879553, 10.600435351605562], [127.9809537455482, 10.610738840296262], [128.00017955741404, 10.626872164428926], [128.01305804476294, 10.639289530906247], [128.03110517603253, 10.65323650683592], [128.04687462471378, 10.66784022151623], [128.062030794651, 10.688963125526454], [128.0679217688119, 10.696390912126214], [128.0782838271429, 10.724941602736198], [128.07562983801796, 10.75349229334618], [128.062030794651, 10.77135328939827], [128.03110517603253, 10.781295723870647], [128.00017955741404, 10.773916136901157], [127.97343239457126, 10.75349229334618], [127.96925393879553, 10.74992576654709], [127.94440356953298, 10.724941602736198], [127.93832832017705, 10.71952371672053], [127.90740270155857, 10.700391018959193], [127.89895940801783, 10.696390912126214], [127.87647708294006, 10.687572027548764], [127.84555146432157, 10.675599832842567], [127.82778400707582, 10.66784022151623], [127.81462584570309, 10.661244673230671], [127.7837002270846, 10.644249510716286], [127.77580173611393, 10.639289530906247], [127.7527746084661, 10.613835495614204], [127.75012114925585, 10.610738840296264], [127.74181014824298, 10.582188149686278], [127.75236923642044, 10.553637459076295], [127.7527746084661, 10.553239705080477]]]}, "properties": {"fillColor": "#FFFF00", "fillOpacity": 0.7, "color": "#000000", "weight": 0.2, "stroke": false}}, {"type": "Feature", "geometry": {"type": "Polygon", "coordinates": [[[127.78469157899684, 10.582188149686278], [127.78892196581019, 10.610738840296262], [127.81462584570309, 10.63691095973285], [127.81687746404116, 10.639289530906247], [127.84555146432157, 10.655665305363403], [127.86847282370077, 10.66784022151623], [127.87647708294007, 10.671356450893825], [127.90740270155855, 10.6845707776817], [127.92891424642889, 10.696390912126214], [127.93832832017705, 10.702366004506667], [127.96364306253355, 10.724941602736198], [127.96925393879553, 10.730582687992145], [127.99609427344144, 10.75349229334618], [128.00017955741404, 10.756611771895152], [128.03110517603253, 10.76403608873169], [128.0506337403833, 10.75349229334618], [128.06136643146985, 10.724941602736198], [128.05223158977742, 10.696390912126214], [128.03110517603253, 10.669577998396791], [128.0293120408441, 10.66784022151623], [128.00017955741404, 10.644886876793226], [127.99243954131194, 10.639289530906247], [127.96925393879555, 10.619539806209069], [127.95733175142976, 10.61073884029626], [127.93832832017705, 10.596937206553513], [127.91158115123095, 10.582188149686278], [127.90740270155855, 10.579654328857494], [127.87647708294008, 10.566801971610605], [127.84555146432157, 10.56001559697745], [127.81462584570309, 10.561123229530104], [127.78469157899684, 10.582188149686278]]]}, "properties": {"fillColor": "#FFFF00", "fillOpacity": 0.7, "color": "#000000", "weight": 0.2, "stroke": false}}, {"type": "Feature", "geometry": {"type": "Polygon", "coordinates": [[[138.2984105573716, 10.578729942892467], [138.32933617599008, 10.563511829830162], [138.36026179460856, 10.560782566983912], [138.39118741322704, 10.566857664384408], [138.41957947315933, 10.582188149686278], [138.42211303184556, 10.583617817987333], [138.45303865046404, 10.599674808705316], [138.48396426908255, 10.610341813363908], [138.48511677844323, 10.610738840296262], [138.51488988770103, 10.617534720414868], [138.5458155063195, 10.63561875706713], [138.5497028841761, 10.639289530906247], [138.5759390926805, 10.66784022151623], [138.576741124938, 10.669179023093635], [138.5934910815423, 10.696390912126214], [138.59792279873824, 10.724941602736198], [138.59054895749915, 10.75349229334618], [138.576741124938, 10.769774346441599], [138.55785893355784, 10.782042983956163], [138.5458155063195, 10.788580073677029], [138.51488988770103, 10.796313730880454], [138.48396426908255, 10.800345486468235], [138.45303865046404, 10.804842861094466], [138.42211303184556, 10.809959143909452], [138.41744709456339, 10.81059367456615], [138.39118741322704, 10.818544802358705], [138.36026179460856, 10.821999571025888], [138.32933617599008, 10.818413630423658], [138.30987779490994, 10.81059367456615], [138.2984105573716, 10.807979798388834], [138.26748493875309, 10.792032481512202], [138.25456231093997, 10.782042983956163], [138.2365593201346, 10.75924304564136], [138.23219841030587, 10.75349229334618], [138.2208640485321, 10.724941602736198], [138.220182221276, 10.696390912126214], [138.22891042687243, 10.66784022151623], [138.2365593201346, 10.654096962804438], [138.24440084397963, 10.639289530906247], [138.26571405561987, 10.610738840296262], [138.26748493875309, 10.608452189661804], [138.29421287435608, 10.582188149686276], [138.2984105573716, 10.578729942892467]]]}, "properties": {"fillColor": "#FFFF00", "fillOpacity": 0.7, "color": "#000000", "weight": 0.2, "stroke": false}}, {"type": "Feature", "geometry": {"type": "Polygon", "coordinates": [[[138.29701623196755, 10.610738840296262], [138.2674990712504, 10.639289530906247], [138.26748493875309, 10.63930206371576], [138.24505659221236, 10.66784022151623], [138.23699499799991, 10.696390912126216], [138.23752828992826, 10.724941602736198], [138.24654572250387, 10.75349229334618], [138.26748493875309, 10.775010482275919], [138.27738601651416, 10.782042983956163], [138.2984105573716, 10.796417135152577], [138.32933617599008, 10.806096230544032], [138.36026179460856, 10.808449808387572], [138.39118741322704, 10.806663986115128], [138.42211303184556, 10.80178427752174], [138.45303865046404, 10.795213382333436], [138.48396426908255, 10.789147205683419], [138.51488988770103, 10.78320765468898], [138.51878676482858, 10.782042983956163], [138.5458155063195, 10.775034019041927], [138.57376436538888, 10.75349229334618], [138.576741124938, 10.746433604914834], [138.58480173338293, 10.724941602736198], [138.5785639817489, 10.696390912126214], [138.576741124938, 10.693429508796475], [138.56141141948245, 10.66784022151623], [138.5458155063195, 10.651957640758338], [138.52231092619513, 10.639289530906247], [138.51488988770103, 10.634659845893228], [138.48396426908255, 10.624810795685306], [138.45303865046404, 10.618516745728124], [138.42976178858953, 10.610738840296262], [138.42211303184556, 10.60666690108984], [138.39118741322704, 10.588059723722127], [138.36026179460856, 10.583100219807395], [138.32933617599008, 10.589934542071997], [138.2984105573716, 10.609399906271943], [138.29701623196755, 10.610738840296262]]]}, "properties": {"fillColor": "#FFFF00", "fillOpacity": 0.7, "color": "#000000", "weight": 0.2, "stroke": false}}, {"type": "Feature", "geometry": {"type": "Polygon", "coordinates": [[[143.71039381560755, 10.63886254657014], [143.74131943422603, 10.635105142236142], [143.7722450528445, 10.63528938277281], [143.80317067146302, 10.63843735542378], [143.8084550123636, 10.639289530906247], [143.8340962900815, 10.642032882619251], [143.8650219087, 10.646348550544829], [143.89594752731847, 10.651916720460575], [143.92687314593698, 10.659619569653078], [143.95039906894303, 10.66784022151623], [143.95779876455546, 10.670217383325426], [143.98872438317397, 10.682151981199173], [144.01617873409998, 10.696390912126214], [144.01965000179246, 10.698234255693517], [144.05057562041094, 10.71614731464373], [144.06379418491102, 10.724941602736198], [144.08150123902942, 10.738488449452962], [144.09966192025573, 10.75349229334618], [144.11242685764793, 10.77149702617709], [144.12121111495838, 10.782042983956163], [144.12680951387316, 10.81059367456615], [144.12526332896013, 10.839144365176132], [144.1282660877602, 10.867695055786115], [144.13401594651717, 10.896245746396099], [144.14262647609314, 10.924796437006083], [144.14335247626641, 10.93257567523818], [144.16026466875238, 10.953347127616066], [144.14335247626641, 10.95823173162533], [144.11242685764793, 10.958602409977047], [144.08150123902942, 10.966875584360626], [144.05057562041094, 10.976186292170269], [144.03025804574048, 10.98189781822605], [144.01965000179246, 10.984803242529296], [143.98872438317397, 10.997455825149688], [143.95813584733804, 11.010448508836035], [143.95779876455546, 11.010554557695304], [143.92687314593698, 11.014148926485683], [143.90934260489118, 11.010448508836035], [143.89594752731847, 11.00797416675799], [143.8650219087, 10.993203990776998], [143.8507829391819, 10.98189781822605], [143.8340962900815, 10.968714679114793], [143.81912121951103, 10.953347127616066], [143.80317067146302, 10.936268774412003], [143.7933878415166, 10.924796437006083], [143.7722450528445, 10.89760893674319], [143.77106862584424, 10.896245746396099], [143.74816346518554, 10.867695055786115], [143.74131943422603, 10.857230144172103], [143.7216052063822, 10.839144365176132], [143.71039381560755, 10.830077463586369], [143.67946819698903, 10.817084722214004], [143.65790796114285, 10.81059367456615], [143.64854257837055, 10.807273522481449], [143.61761695975207, 10.789635950013452], [143.6048423468861, 10.782042983956163], [143.59768341631718, 10.75349229334618], [143.61347880810717, 10.724941602736198], [143.61761695975207, 10.719288308376177], [143.62460029242797, 10.696390912126216], [143.64553677514903, 10.66784022151623], [143.64854257837055, 10.665285686514764], [143.67946819698903, 10.645939098947622], [143.70894989150142, 10.639289530906247], [143.71039381560755, 10.63886254657014]]]}, "properties": {"fillColor": "#FFFF00", "fillOpacity": 0.7, "color": "#000000", "weight": 0.2, "stroke": false}}, {"type": "Feature", "geometry": {"type": "Polygon", "coordinates": [[[143.66820080667122, 10.66784022151623], [143.64854257837055, 10.69185491221809], [143.6450801252316, 10.696390912126214], [143.63743955675199, 10.724941602736198], [143.64201276991733, 10.75349229334618], [143.64854257837055, 10.763458781135455], [143.67839593705781, 10.782042983956163], [143.67946819698903, 10.782492429931976], [143.71039381560755, 10.79863205380749], [143.72734729470227, 10.81059367456615], [143.74131943422603, 10.821829427277782], [143.75474722136622, 10.839144365176132], [143.77224505284454, 10.867520199301499], [143.77233682675612, 10.867695055786115], [143.79252037289825, 10.896245746396099], [143.80317067146302, 10.909280363201841], [143.81768927897716, 10.924796437006083], [143.8340962900815, 10.942116440979525], [143.84869425273448, 10.953347127616066], [143.8650219087, 10.966317644706812], [143.89594752731847, 10.980634771908562], [143.9243721241805, 10.98189781822605], [143.92687314593698, 10.982007263208446], [143.9272018664203, 10.98189781822605], [143.95779876455546, 10.961271364211152], [143.9706930359694, 10.953347127616066], [143.98872438317397, 10.947143526236525], [144.01965000179246, 10.940991057241085], [144.05057562041094, 10.929734868930513], [144.0593125978417, 10.924796437006083], [144.08150123902942, 10.903427436980282], [144.08610698700386, 10.896245746396099], [144.0901946197305, 10.867695055786115], [144.08810419200222, 10.839144365176132], [144.08484226551812, 10.81059367456615], [144.08150123902942, 10.797817908910089], [144.07801053767827, 10.782042983956163], [144.05837065445894, 10.75349229334618], [144.05057562041094, 10.747246855134806], [144.02279804248235, 10.724941602736198], [144.01965000179246, 10.722872839027048], [143.98872438317397, 10.704033525163961], [143.97301437165194, 10.696390912126214], [143.95779876455546, 10.68897392591009], [143.92687314593695, 10.676868257952036], [143.89594752731847, 10.668501931698767], [143.89295225265937, 10.66784022151623], [143.8650219087, 10.660811910033358], [143.8340962900815, 10.654645967839592], [143.80317067146302, 10.649874358065226], [143.7722450528445, 10.646935771774876], [143.74131943422603, 10.646655606465096], [143.71039381560755, 10.649902025194107], [143.67946819698903, 10.660414134184213], [143.66820080667122, 10.66784022151623]]]}, "properties": {"fillColor": "#FFFF00", "fillOpacity": 0.7, "color": "#000000", "weight": 0.2, "stroke": false}}, {"type": "Feature", "geometry": {"type": "Polygon", "coordinates": [[[140.339501386192, 10.71575151447534], [140.3704270048105, 10.720468628351426], [140.37706676751657, 10.724941602736198], [140.40135004343347, 10.75349229334618], [140.40135262342898, 10.753501393069623], [140.40992206183907, 10.782042983956163], [140.4151334716237, 10.81059367456615], [140.41335386271095, 10.839144365176132], [140.40135262342898, 10.862673345354207], [140.39817902430002, 10.867695055786115], [140.3704270048105, 10.889225748045366], [140.34668380081126, 10.896245746396099], [140.339501386192, 10.898415218760142], [140.30857576757347, 10.898134496964996], [140.3037994533707, 10.896245746396099], [140.27765014895502, 10.883900188253872], [140.2640673556483, 10.867695055786115], [140.25544401570676, 10.839144365176132], [140.25639589714166, 10.81059367456615], [140.2638740087814, 10.782042983956163], [140.27765014895502, 10.758175005217538], [140.28092985315558, 10.75349229334618], [140.3085757675735, 10.72766831888968], [140.31588228965649, 10.724941602736198], [140.339501386192, 10.71575151447534]]]}, "properties": {"fillColor": "#FFFF00", "fillOpacity": 0.7, "color": "#000000", "weight": 0.2, "stroke": false}}, {"type": "Feature", "geometry": {"type": "Polygon", "coordinates": [[[140.30617852299198, 10.75349229334618], [140.2847847202502, 10.782042983956163], [140.27765014895502, 10.802753635519108], [140.27523969354047, 10.81059367456615], [140.27590285739151, 10.839144365176132], [140.27765014895502, 10.843375854665497], [140.2967394269455, 10.867695055786115], [140.3085757675735, 10.874739509213303], [140.339501386192, 10.876284432397625], [140.3622255764095, 10.867695055786115], [140.3704270048105, 10.862828888296121], [140.387791597715, 10.839144365176132], [140.39212123697405, 10.81059367456615], [140.38796616177888, 10.782042983956163], [140.37439172320597, 10.75349229334618], [140.3704270048105, 10.749264895660193], [140.339501386192, 10.739056534269867], [140.3085757675735, 10.751253033616761], [140.30617852299198, 10.75349229334618]]]}, "properties": {"fillColor": "#FFFF00", "fillOpacity": 0.7, "color": "#000000", "weight": 0.2, "stroke": false}}, {"type": "Feature", "geometry": {"type": "Polygon", "coordinates": [[[133.7214190018349, 10.951435905390998], [133.75234462045339, 10.933433488573748], [133.78327023907187, 10.927762006567331], [133.7961980533242, 10.953347127616066], [133.79082396259065, 10.98189781822605], [133.78327023907187, 10.997474670912446], [133.77440309952698, 11.010448508836035], [133.75234462045339, 11.031295844880578], [133.73251568457422, 11.038999199446017], [133.7214190018349, 11.042653203117293], [133.70768510249368, 11.038999199446017], [133.6904933832164, 11.025234915502303], [133.68532006022494, 11.010448508836035], [133.6904933832164, 10.993944927753635], [133.69482799768716, 10.981897818226049], [133.71910675923516, 10.953347127616066], [133.7214190018349, 10.951435905390998]]]}, "properties": {"fillColor": "#FFFF00", "fillOpacity": 0.7, "color": "#000000", "weight": 0.2, "stroke": false}}, {"type": "Feature", "geometry": {"type": "Polygon", "coordinates": [[[144.1742780948849, 10.958573671275278], [144.2052037135034, 10.966792530286753], [144.2361293321219, 10.97556402417023], [144.24926885061194, 10.981897818226052], [144.26705495074037, 10.990658445753027], [144.2950175279889, 11.010448508836035], [144.29798056935886, 11.012721332437632], [144.3190325753434, 11.038999199446017], [144.32890618797737, 11.057195427337088], [144.3332684635871, 11.067549890056], [144.32890618797737, 11.087189715865845], [144.29798056935886, 11.091008824115345], [144.26705495074037, 11.079813185122523], [144.2391343423127, 11.067549890056], [144.2361293321219, 11.065322879980188], [144.2052037135034, 11.042405454820654], [144.19990579848752, 11.038999199446017], [144.1765089801024, 11.010448508836035], [144.1742780948849, 11.004873175577744], [144.16089195784207, 10.981897818226052], [144.1742780948849, 10.958573671275278]]]}, "properties": {"fillColor": "#FFFF00", "fillOpacity": 0.7, "color": "#000000", "weight": 0.2, "stroke": false}}, {"type": "Feature", "geometry": {"type": "Polygon", "coordinates": [[[134.7419644162451, 11.117653663547953], [134.7728900348636, 11.122649436616614], [134.78150380241206, 11.124651271275969], [134.80381565348208, 11.1280498163838], [134.8347412721006, 11.138892637177825], [134.84854273954886, 11.153201961885951], [134.84721764614625, 11.181752652495936], [134.8442755599317, 11.21030334310592], [134.84717059388583, 11.238854033715903], [134.8473723607599, 11.267404724325885], [134.8347412721006, 11.294008896209156], [134.83427069710575, 11.295955414935872], [134.82852882915876, 11.324506105545854], [134.8146830190563, 11.353056796155837], [134.80381565348208, 11.364031294668528], [134.7728900348636, 11.377889054648435], [134.7419644162451, 11.377265616719262], [134.7110387976266, 11.36578590170412], [134.69484614360164, 11.353056796155837], [134.68011317900812, 11.338922137666234], [134.6673875971572, 11.324506105545854], [134.65504297484455, 11.295955414935872], [134.6516893933596, 11.267404724325885], [134.6527266047531, 11.238854033715903], [134.6562683298635, 11.21030334310592], [134.6656481273393, 11.181752652495936], [134.68011317900812, 11.16204904739347], [134.68955738420178, 11.153201961885951], [134.7110387976266, 11.130715479542626], [134.7250413682631, 11.124651271275969], [134.7419644162451, 11.117653663547953]]]}, "properties": {"fillColor": "#FFFF00", "fillOpacity": 0.7, "color": "#000000", "weight": 0.2, "stroke": false}}, {"type": "Feature", "geometry": {"type": "Polygon", "coordinates": [[[134.71404218767668, 11.153201961885951], [134.7110387976266, 11.154525533647508], [134.6817831955263, 11.181752652495936], [134.68011317900812, 11.184068753742517], [134.6661154353367, 11.21030334310592], [134.66081143164087, 11.238854033715903], [134.65909782409028, 11.267404724325885], [134.663960725859, 11.295955414935872], [134.68011317900812, 11.3227586319311], [134.68103872402315, 11.324506105545854], [134.7110387976266, 11.352691338560971], [134.71193299606585, 11.353056796155835], [134.7419644162451, 11.3681878342259], [134.7728900348636, 11.367075330232591], [134.7955001526256, 11.353056796155837], [134.80381565348208, 11.34444332838579], [134.81678061705946, 11.324506105545854], [134.82745950658602, 11.295955414935872], [134.8344933369321, 11.267404724325885], [134.8339417562583, 11.238854033715903], [134.8302356533406, 11.21030334310592], [134.8294168475315, 11.181752652495936], [134.82461489372594, 11.153201961885951], [134.80381565348208, 11.14250303015659], [134.7728900348636, 11.13690625217588], [134.7419644162451, 11.13653956537658], [134.71404218767668, 11.153201961885951]]]}, "properties": {"fillColor": "#FFFF00", "fillOpacity": 0.7, "color": "#000000", "weight": 0.2, "stroke": false}}, {"type": "Feature", "geometry": {"type": "Polygon", "coordinates": [[[135.4532536444704, 11.418070452232474], [135.4841792630889, 11.414490229409969], [135.51193789756672, 11.438708867985788], [135.51510488170737, 11.442532748465919], [135.5293762996566, 11.46725955859577], [135.5449078495036, 11.495810249205757], [135.54603050032588, 11.497332013067162], [135.5681585930515, 11.52436093981574], [135.57695611894437, 11.538123413777821], [135.58650283181905, 11.552911630425722], [135.59658971971888, 11.581462321035707], [135.60011043612616, 11.610013011645691], [135.59988551070182, 11.638563702255674], [135.59736415312454, 11.667114392865658], [135.59375334360672, 11.695665083475642], [135.59022521185318, 11.724215774085625], [135.58577445414878, 11.752766464695608], [135.57695611894437, 11.773805988271011], [135.5695057725322, 11.781317155305594], [135.54603050032588, 11.793618420873129], [135.51510488170737, 11.787322731491969], [135.50614521640279, 11.781317155305594], [135.4841792630889, 11.77245770647925], [135.4532536444704, 11.75842440914909], [135.43738878930225, 11.752766464695608], [135.4223280258519, 11.748472981882399], [135.39140240723341, 11.743114211006613], [135.36047678861493, 11.739228765517094], [135.32955116999642, 11.734522005578267], [135.29862555137794, 11.72836779454291], [135.28274478111916, 11.724215774085625], [135.26769993275946, 11.720017845548352], [135.23677431414097, 11.706065984866314], [135.22031100300433, 11.695665083475642], [135.20584869552246, 11.682193016749569], [135.18715306381074, 11.667114392865658], [135.17492307690398, 11.65286585006812], [135.15924579525475, 11.638563702255674], [135.1585286384148, 11.610013011645691], [135.17492307690398, 11.603074873406554], [135.20584869552246, 11.590961714621402], [135.23642140726867, 11.581462321035707], [135.23677431414097, 11.58138999931784], [135.26769993275946, 11.573079262779032], [135.29862555137794, 11.563521960446689], [135.32845017368103, 11.552911630425722], [135.32955116999642, 11.552395344363903], [135.36047678861493, 11.532936937424322], [135.36894179379556, 11.52436093981574], [135.3902888421695, 11.495810249205755], [135.39140240723341, 11.494108805670127], [135.40584302264875, 11.467259558595773], [135.4223280258519, 11.443801907161255], [135.42803534372933, 11.438708867985788], [135.4532536444704, 11.418070452232474]]]}, "properties": {"fillColor": "#FFFF00", "fillOpacity": 0.7, "color": "#000000", "weight": 0.2, "stroke": false}}, {"type": "Feature", "geometry": {"type": "Polygon", "coordinates": [[[135.42743015207262, 11.467259558595774], [135.4223280258519, 11.472669255710764], [135.40784350396962, 11.495810249205757], [135.39140240723341, 11.524247232705674], [135.39131692808175, 11.52436093981574], [135.36352694649045, 11.552911630425722], [135.36047678861493, 11.555174283144723], [135.32955116999642, 11.569862433064468], [135.30054106343542, 11.581462321035707], [135.29862555137794, 11.58230134389587], [135.26769993275946, 11.59494583180441], [135.23677431414097, 11.609703030604814], [135.23613795189843, 11.610013011645691], [135.23127180294762, 11.638563702255674], [135.23677431414097, 11.646537940609758], [135.24932533872052, 11.667114392865658], [135.26769993275946, 11.683390693215191], [135.28837602028906, 11.695665083475642], [135.29862555137794, 11.69966546907853], [135.32955116999642, 11.707464807642346], [135.3604767886149, 11.712899562201082], [135.39140240723341, 11.718330613681784], [135.41539271837846, 11.724215774085625], [135.4223280258519, 11.725721849509716], [135.4532536444704, 11.734935716110403], [135.4841792630889, 11.743731216785655], [135.51510488170737, 11.746071638006217], [135.54603050032588, 11.730521071831488], [135.55079142285138, 11.724215774085625], [135.56728990911319, 11.695665083475642], [135.57640224599882, 11.667114392865658], [135.57695611894437, 11.664276613323395], [135.58187510904034, 11.638563702255674], [135.5827782185835, 11.610013011645691], [135.57758650245572, 11.581462321035707], [135.57695611894437, 11.579968539692905], [135.56604396366188, 11.552911630425722], [135.54603050032588, 11.525966850568587], [135.54467181415973, 11.52436093981574], [135.52356609201374, 11.495810249205757], [135.51510488170737, 11.482145208957538], [135.50472614864276, 11.467259558595773], [135.4841792630889, 11.444759648083425], [135.4532536444704, 11.444054482090195], [135.42743015207262, 11.467259558595774]]]}, "properties": {"fillColor": "#FFFF00", "fillOpacity": 0.7, "color": "#000000", "weight": 0.2, "stroke": false}}, {"type": "Feature", "geometry": {"type": "Polygon", "coordinates": [[[148.28738537114424, 11.607779571150434], [148.31831098976272, 11.592877395584607], [148.3492366083812, 11.58662852731439], [148.3801622269997, 11.585767461240629], [148.4110878456182, 11.589225560447368], [148.44201346423665, 11.600314258875299], [148.45573635224818, 11.610013011645691], [148.4729390828552, 11.636002910460025], [148.47446916833792, 11.638563702255674], [148.4766252145415, 11.667114392865658], [148.4729390828552, 11.673340927858607], [148.46392991618336, 11.695665083475642], [148.44201346423668, 11.71264560716698], [148.4110878456182, 11.718688663930946], [148.3801622269997, 11.718039737771456], [148.3492366083812, 11.712796680627267], [148.31831098976272, 11.699534088198886], [148.31017007953687, 11.695665083475642], [148.28738537114424, 11.671035984641401], [148.2829346283874, 11.667114392865658], [148.27123748244583, 11.638563702255674], [148.28358909848893, 11.610013011645691], [148.28738537114424, 11.607779571150434]]]}, "properties": {"fillColor": "#FFFF00", "fillOpacity": 0.7, "color": "#000000", "weight": 0.2, "stroke": false}}, {"type": "Feature", "geometry": {"type": "Polygon", "coordinates": [[[148.33123648385737, 11.610013011645691], [148.31831098976272, 11.62474861530301], [148.30977097242874, 11.638563702255674], [148.31831098976272, 11.65962771851173], [148.32062701303587, 11.667114392865656], [148.34923660838118, 11.69443328317298], [148.35106619662437, 11.695665083475642], [148.3801622269997, 11.70588397835767], [148.4110878456182, 11.709608124147277], [148.44201346423668, 11.700432297422513], [148.44816642025177, 11.695665083475642], [148.46289533777957, 11.667114392865658], [148.45708663529808, 11.638563702255674], [148.44201346423668, 11.620355309520388], [148.4259510917463, 11.610013011645691], [148.4110878456182, 11.603373070641139], [148.3801622269997, 11.599301701515712], [148.3492366083812, 11.603371982411193], [148.33123648385737, 11.610013011645691]]]}, "properties": {"fillColor": "#FFFF00", "fillOpacity": 0.7, "color": "#000000", "weight": 0.2, "stroke": false}}, {"type": "Feature", "geometry": {"type": "Polygon", "coordinates": [[[148.0399804221963, 11.663960810542754], [148.0709060408148, 11.656316340608438], [148.1018316594333, 11.652558526785684], [148.13275727805177, 11.653825801531507], [148.16368289667025, 11.661489310313343], [148.17739277286535, 11.667114392865658], [148.1946085152888, 11.682127769827272], [148.20608259992554, 11.695665083475642], [148.19683465985744, 11.724215774085625], [148.19460851528876, 11.730042415184968], [148.19012137940837, 11.752766464695608], [148.19460851528876, 11.761306697435598], [148.2078247706555, 11.781317155305594], [148.22553413390725, 11.795526544722875], [148.24776746988488, 11.809867845915576], [148.25645975252573, 11.812927832953036], [148.28738537114424, 11.820141430979817], [148.31831098976272, 11.82752699819326], [148.3492366083812, 11.837730304698841], [148.35135524689093, 11.838418536525559], [148.3801622269997, 11.845152127606752], [148.4110878456182, 11.854995750157055], [148.43817892830788, 11.866969227135543], [148.44201346423668, 11.869494844658186], [148.4729390828552, 11.890977044202504], [148.4785996712459, 11.895519917745528], [148.48027742102016, 11.92407060835551], [148.4729390828552, 11.929737077726747], [148.44201346423668, 11.946262003668451], [148.42089566177805, 11.952621298965495], [148.4110878456182, 11.955350646371093], [148.3801622269997, 11.961408778828837], [148.3492366083812, 11.965976920548723], [148.31831098976272, 11.96981826535438], [148.28738537114424, 11.973753002555153], [148.25645975252573, 11.97739270316799], [148.2264457092024, 11.98117198957548], [148.22553413390725, 11.98132575664118], [148.1946085152888, 11.987647020560345], [148.16368289667025, 11.995053767258234], [148.13275727805177, 12.003206951298585], [148.10961495733775, 12.009722680185462], [148.1018316594333, 12.012173237507401], [148.0709060408148, 12.021824425720173], [148.0399804221963, 12.029567305711083], [148.0090548035778, 12.035212536599264], [147.98072257332362, 12.038273370795444], [147.9781291849593, 12.038694424354778], [147.94720356634082, 12.041963492901697], [147.91627794772234, 12.043374995948922], [147.88535232910385, 12.038962842929216], [147.8834272021234, 12.038273370795444], [147.85442671048537, 12.0297132607677], [147.82350109186686, 12.01177189245473], [147.82053302963683, 12.009722680185462], [147.8022031318354, 11.98117198957548], [147.80395296312327, 11.952621298965495], [147.80530670368557, 11.92407060835551], [147.80339215192882, 11.895519917745528], [147.79854783483898, 11.866969227135543], [147.79257547324838, 11.85227448842657], [147.78586947116668, 11.838418536525559], [147.77487897223415, 11.809867845915576], [147.77253595630788, 11.781317155305594], [147.77782028948099, 11.752766464695608], [147.79257547324838, 11.725549128158747], [147.7935414647717, 11.724215774085625], [147.82350109186686, 11.698186215631505], [147.83916733582015, 11.695665083475642], [147.85442671048537, 11.692624470207301], [147.88535232910385, 11.689175691843918], [147.91627794772234, 11.6855796992833], [147.94720356634082, 11.681906918708332], [147.9781291849593, 11.677303752761677], [148.0090548035778, 11.67150697159731], [148.03035182241976, 11.667114392865658], [148.0399804221963, 11.663960810542754]]]}, "properties": {"fillColor": "#FFFF00", "fillOpacity": 0.7, "color": "#000000", "weight": 0.2, "stroke": false}}, {"type": "Feature", "geometry": {"type": "Polygon", "coordinates": [[[147.95345135939775, 11.695665083475642], [147.94720356634082, 11.696295701584978], [147.91627794772234, 11.699058299881997], [147.88535232910385, 11.702243018938724], [147.85442671048537, 11.706589372641096], [147.82350109186686, 11.717590177185112], [147.8158751302981, 11.724215774085625], [147.79403818268682, 11.752766464695606], [147.79257547324838, 11.758156238275301], [147.7858673278867, 11.781317155305594], [147.7886414300718, 11.809867845915576], [147.79257547324838, 11.818683237423919], [147.79809576144515, 11.838418536525559], [147.81418853998588, 11.866969227135543], [147.82350109186686, 11.892345514383619], [147.82489998956888, 11.895519917745528], [147.82622543243352, 11.924070608355509], [147.82575636431775, 11.952621298965497], [147.82609324683085, 11.98117198957548], [147.85006394274274, 12.009722680185462], [147.85442671048537, 12.012343129458772], [147.88535232910385, 12.025000124505326], [147.91627794772234, 12.029209065467967], [147.94720356634082, 12.02825531967289], [147.9781291849593, 12.02541059992254], [148.0090548035778, 12.01995778191296], [148.0399804221963, 12.011072649020818], [148.04421848122624, 12.009722680185462], [148.0709060408148, 12.001176192922628], [148.1018316594333, 11.990428036114935], [148.12668360575975, 11.98117198957548], [148.13275727805174, 11.978994669070302], [148.16368289667025, 11.969063510658506], [148.19460851528876, 11.9607975385303], [148.22553413390725, 11.954824605400056], [148.24027685329293, 11.952621298965495], [148.25645975252573, 11.950627348924588], [148.28738537114424, 11.947571679830261], [148.31831098976272, 11.94439167885339], [148.3492366083812, 11.941038617005287], [148.3801622269997, 11.936309823506587], [148.4110878456182, 11.928096974814244], [148.4207032400999, 11.92407060835551], [148.43145728934772, 11.895519917745528], [148.4110878456182, 11.88180016114623], [148.38906694155605, 11.866969227135543], [148.3801622269997, 11.863495556337575], [148.3492366083812, 11.853771832356284], [148.31831098976272, 11.84612134367623], [148.28738537114424, 11.838784790133724], [148.28594043136806, 11.838418536525559], [148.25645975252573, 11.830556059246389], [148.22553413390727, 11.820648094878969], [148.20757294391748, 11.809867845915576], [148.19460851528876, 11.799189533857215], [148.17947211932494, 11.781317155305594], [148.16368289667025, 11.758457360226005], [148.1605369485452, 11.752766464695608], [148.1577437694867, 11.724215774085627], [148.15341674184648, 11.695665083475642], [148.13275727805177, 11.682452354525449], [148.1018316594333, 11.674786807974776], [148.0709060408148, 11.675818731089702], [148.0399804221963, 11.680171407518571], [148.0090548035778, 11.685601662541199], [147.9781291849593, 11.691368475828824], [147.95345135939775, 11.695665083475642]]]}, "properties": {"fillColor": "#FFFF00", "fillOpacity": 0.7, "color": "#000000", "weight": 0.2, "stroke": false}}, {"type": "Feature", "geometry": {"type": "Polygon", "coordinates": [[[146.43184825403478, 11.708852122060723], [146.46277387265326, 11.70391955073544], [146.49369949127174, 11.708729696375359], [146.52462510989022, 11.718996253938622], [146.5340758852822, 11.724215774085625], [146.5555507285087, 11.744682317461114], [146.56290300791605, 11.752766464695608], [146.56023942065906, 11.781317155305594], [146.55555072850873, 11.783602608201866], [146.52462510989022, 11.788191487109831], [146.49369949127174, 11.784259370885819], [146.48311551003778, 11.781317155305594], [146.46277387265326, 11.771453560814667], [146.43260472215937, 11.752766464695608], [146.43184825403478, 11.75063843875166], [146.41955539793497, 11.724215774085625], [146.43184825403478, 11.708852122060723]]]}, "properties": {"fillColor": "#FFFF00", "fillOpacity": 0.7, "color": "#000000", "weight": 0.2, "stroke": false}}, {"type": "Feature", "geometry": {"type": "Polygon", "coordinates": [[[135.8552866865108, 11.779657234118998], [135.8565432375446, 11.781317155305594], [135.8552866865108, 11.78242061631638], [135.85419406085262, 11.781317155305594], [135.8552866865108, 11.779657234118998]]]}, "properties": {"fillColor": "#FFFF00", "fillOpacity": 0.7, "color": "#000000", "weight": 0.2, "stroke": false}}, {"type": "Feature", "geometry": {"type": "Polygon", "coordinates": [[[141.14356747027279, 11.776807772055957], [141.17449308889127, 11.765716609296966], [141.20541870750975, 11.760143579938852], [141.23634432612823, 11.759044261832518], [141.26726994474674, 11.76201439879378], [141.29819556336523, 11.77018804402028], [141.31925621570102, 11.781317155305594], [141.3291211819837, 11.784798032527364], [141.36004680060222, 11.801514019340342], [141.37190004732255, 11.809867845915576], [141.3909724192207, 11.817508794573532], [141.42189803783918, 11.834061011568338], [141.42981731882313, 11.838418536525559], [141.4528236564577, 11.85625712689303], [141.46352786629183, 11.866969227135543], [141.46939326742591, 11.895519917745528], [141.4608050445259, 11.92407060835551], [141.4528236564577, 11.93367409057418], [141.4330404262623, 11.952621298965495], [141.42189803783918, 11.959707275590235], [141.3909724192207, 11.971584095444708], [141.36004680060222, 11.976171748917888], [141.3291211819837, 11.976819368151263], [141.29819556336523, 11.975016701155575], [141.26726994474674, 11.970347987060823], [141.23634432612823, 11.962834373441193], [141.20541870750975, 11.954853084804569], [141.1933740315248, 11.952621298965495], [141.17449308889127, 11.94959504752214], [141.14356747027279, 11.945711563638945], [141.11264185165427, 11.939601249384687], [141.0817162330358, 11.925414250913724], [141.07977842011255, 11.92407060835551], [141.0523758214976, 11.895519917745528], [141.0507906144173, 11.894244529935643], [141.0198649957988, 11.872324169715553], [141.01666197124518, 11.866969227135543], [141.0198649957988, 11.86269272450493], [141.0365454190723, 11.838418536525559], [141.0507906144173, 11.827717872274633], [141.07838720056333, 11.809867845915576], [141.0817162330358, 11.807919423432153], [141.11264185165427, 11.790806042250708], [141.13392450221818, 11.781317155305594], [141.14356747027279, 11.776807772055957]]]}, "properties": {"fillColor": "#FFFF00", "fillOpacity": 0.7, "color": "#000000", "weight": 0.2, "stroke": false}}, {"type": "Feature", "geometry": {"type": "Polygon", "coordinates": [[[141.17666156545715, 11.781317155305592], [141.17449308889127, 11.781873822058172], [141.14356747027279, 11.794134367798971], [141.11454371226287, 11.809867845915576], [141.11264185165427, 11.811641573880545], [141.0817162330358, 11.834561840291945], [141.07598283910139, 11.838418536525559], [141.0744216364219, 11.866969227135543], [141.0817162330358, 11.872608869531323], [141.09988005268625, 11.895519917745528], [141.11264185165427, 11.905755253406094], [141.14356747027279, 11.920070616668578], [141.15511554488603, 11.92407060835551], [141.17449308889127, 11.929849303552334], [141.20541870750975, 11.939465345461127], [141.23634432612823, 11.948787767113114], [141.24904922665252, 11.952621298965495], [141.26726994474674, 11.958783575646367], [141.29819556336523, 11.965676835284615], [141.3291211819837, 11.967714801141558], [141.36004680060222, 11.96597355370318], [141.3909724192207, 11.95842741190791], [141.4036493096304, 11.952621298965495], [141.42189803783918, 11.941953581414573], [141.4408614282869, 11.92407060835551], [141.44987938374686, 11.89551991774553], [141.44482289126108, 11.866969227135542], [141.42189803783918, 11.847480636506923], [141.40954490835765, 11.838418536525559], [141.3909724192207, 11.827343380086516], [141.36004680060222, 11.81331410578892], [141.35093654198383, 11.809867845915578], [141.3291211819837, 11.795998249694932], [141.29819556336523, 11.784252964817751], [141.28471731271105, 11.781317155305594], [141.26726994474674, 11.775460189938293], [141.23634432612823, 11.771641342319695], [141.20541870750975, 11.773684062828359], [141.17666156545715, 11.781317155305592]]]}, "properties": {"fillColor": "#FFFF00", "fillOpacity": 0.7, "color": "#000000", "weight": 0.2, "stroke": false}}, {"type": "Feature", "geometry": {"type": "Polygon", "coordinates": [[[145.99888959337588, 12.032729047227136], [146.0298152119944, 12.014443825944396], [146.06074083061287, 12.014641535328565], [146.08339397024048, 12.038273370795444], [146.0752998333736, 12.066824061405429], [146.06074083061287, 12.074389970260942], [146.0298152119944, 12.070794629544665], [146.0224339304752, 12.066824061405429], [145.99888959337588, 12.040737223358592], [145.99595175420944, 12.038273370795446], [145.99888959337588, 12.032729047227136]]]}, "properties": {"fillColor": "#FFFF00", "fillOpacity": 0.7, "color": "#000000", "weight": 0.2, "stroke": false}}, {"type": "Feature", "geometry": {"type": "Polygon", "coordinates": [[[139.0406254042154, 12.086515844510473], [139.07155102283383, 12.082819562322339], [139.10247664145237, 12.087779332660746], [139.1252613165295, 12.095374752015413], [139.13340226007085, 12.097617521944318], [139.16432787868933, 12.109600861004571], [139.18270008386406, 12.123925442625396], [139.19525349730782, 12.135754514740592], [139.20560211012136, 12.15247613323538], [139.21697952552145, 12.181026823845365], [139.2219163307063, 12.209577514455347], [139.22298479607977, 12.238128205065331], [139.22059203635592, 12.266678895675314], [139.21497876004406, 12.295229586285298], [139.2061120464662, 12.323780276895281], [139.19525349730782, 12.346510943324772], [139.19328488650652, 12.352330967505265], [139.17754681934088, 12.38088165811525], [139.16432787868933, 12.394317201717126], [139.13340226007085, 12.405797609598302], [139.10247664145237, 12.403497350040315], [139.07155102283386, 12.395348463609448], [139.04062540421538, 12.383675528631466], [139.03446567989678, 12.38088165811525], [139.0096997855969, 12.371296462457806], [138.97877416697838, 12.354852237642765], [138.97443175943135, 12.352330967505265], [138.9478485483599, 12.338505289953252], [138.93207337767177, 12.323780276895281], [138.91736854465557, 12.295229586285298], [138.91692292974142, 12.293617201118698], [138.90695503218848, 12.266678895675314], [138.90096692509172, 12.238128205065331], [138.8974539680567, 12.209577514455347], [138.89636812944042, 12.181026823845365], [138.90674766596936, 12.152476133235378], [138.91692292974142, 12.145447801527474], [138.9478485483599, 12.130011261200828], [138.9638895992532, 12.123925442625396], [138.97877416697838, 12.116979718891304], [139.0096997855969, 12.10009195767149], [139.02067659210758, 12.095374752015413], [139.0406254042154, 12.086515844510473]]]}, "properties": {"fillColor": "#FFFF00", "fillOpacity": 0.7, "color": "#000000", "weight": 0.2, "stroke": false}}, {"type": "Feature", "geometry": {"type": "Polygon", "coordinates": [[[139.04191927691832, 12.123925442625396], [139.04062540421538, 12.124147360685594], [139.0096997855969, 12.134834122603891], [138.97877416697838, 12.147205773663732], [138.96780517140792, 12.15247613323538], [138.9478485483599, 12.161706219071647], [138.92825232059982, 12.181026823845365], [138.9190945966332, 12.209577514455347], [138.91888748061484, 12.238128205065331], [138.92340101547973, 12.266678895675314], [138.93235151223124, 12.295229586285298], [138.9478485483599, 12.316400440562397], [138.9550699489916, 12.323780276895281], [138.97877416697838, 12.339983016324508], [139.0062233768277, 12.352330967505264], [139.00969978559687, 12.354275257706073], [139.04062540421538, 12.371185259998267], [139.06864013510935, 12.38088165811525], [139.07155102283386, 12.38206827561829], [139.10247664145237, 12.394247733168356], [139.13340226007085, 12.394945541046717], [139.15785049021568, 12.38088165811525], [139.16432787868933, 12.37536185312685], [139.18138127494512, 12.352330967505265], [139.19172058671958, 12.323780276895281], [139.19525349730782, 12.310111078846289], [139.2007418249317, 12.295229586285298], [139.20617138692387, 12.266678895675314], [139.2072839440679, 12.238128205065331], [139.2031729920423, 12.209577514455347], [139.19525349730782, 12.188337086474487], [139.1919981653377, 12.181026823845365], [139.16921346046533, 12.15247613323538], [139.16432787868933, 12.147912856019081], [139.13340226007085, 12.130346976481125], [139.1104596085116, 12.123925442625396], [139.10247664145237, 12.121062153007983], [139.07155102283386, 12.11766227965127], [139.04191927691832, 12.123925442625396]]]}, "properties": {"fillColor": "#FFFF00", "fillOpacity": 0.7, "color": "#000000", "weight": 0.2, "stroke": false}}, {"type": "Feature", "geometry": {"type": "Polygon", "coordinates": [[[144.76186484863624, 12.171253881854394], [144.79279046725472, 12.158355943380556], [144.82371608587323, 12.153650081484848], [144.8546417044917, 12.157118260147737], [144.8855673231102, 12.170226638840965], [144.9007653063519, 12.181026823845365], [144.91649294172868, 12.195227038683338], [144.93108762389858, 12.209577514455347], [144.9474185603472, 12.228097595749679], [144.95534590403926, 12.238128205065331], [144.95131907793626, 12.266678895675314], [144.9474185603472, 12.27007540595488], [144.91649294172868, 12.284385158837539], [144.8855673231102, 12.293523774267172], [144.88101881370866, 12.295229586285298], [144.8546417044917, 12.304413812823276], [144.82371608587323, 12.314682440029243], [144.79279046725472, 12.322730643807049], [144.7865008954705, 12.323780276895281], [144.76186484863624, 12.327734092197868], [144.73093923001775, 12.329079627054703], [144.70001361139924, 12.327199252061053], [144.67225693936052, 12.323780276895281], [144.66908799278076, 12.323230805977582], [144.63816237416228, 12.315686767097414], [144.6104039226981, 12.295229586285298], [144.6333523057275, 12.266678895675314], [144.63816237416228, 12.263106777391485], [144.66908799278076, 12.239061251607263], [144.6701943735793, 12.238128205065331], [144.70001361139924, 12.216366368486295], [144.70881209522315, 12.209577514455347], [144.73093923001775, 12.192381974062936], [144.7464929671338, 12.181026823845365], [144.76186484863624, 12.171253881854394]]]}, "properties": {"fillColor": "#FFFF00", "fillOpacity": 0.7, "color": "#000000", "weight": 0.2, "stroke": false}}, {"type": "Feature", "geometry": {"type": "Polygon", "coordinates": [[[144.75912933405993, 12.209577514455347], [144.73093923001775, 12.232658222436367], [144.72356109008317, 12.238128205065331], [144.70001361139924, 12.260717549263981], [144.69270752311184, 12.266678895675312], [144.70001361139924, 12.286359662704958], [144.7090313212792, 12.2952295862853], [144.73093923001775, 12.29882811683157], [144.76186484863624, 12.29949647163188], [144.79259904201757, 12.295229586285298], [144.79279046725472, 12.295187506764377], [144.82371608587323, 12.282646263539682], [144.8546417044917, 12.26960124717941], [144.8630815618432, 12.266678895675314], [144.8855673231102, 12.254440544846045], [144.90493616310826, 12.238128205065333], [144.8855673231102, 12.214339740832356], [144.88223100134527, 12.209577514455349], [144.8546417044917, 12.18987626830436], [144.82371608587323, 12.1819351032883], [144.79279046725475, 12.189628848362734], [144.76186484863624, 12.207605908128032], [144.75912933405993, 12.209577514455347]]]}, "properties": {"fillColor": "#FFFF00", "fillOpacity": 0.7, "color": "#000000", "weight": 0.2, "stroke": false}}, {"type": "Feature", "geometry": {"type": "Polygon", "coordinates": [[[145.28760036515058, 12.344478722726151], [145.31707455439278, 12.352330967505265], [145.31852598376906, 12.353411445366262], [145.33126242761637, 12.38088165811525], [145.31852598376906, 12.397174862839455], [145.28760036515058, 12.40136600036089], [145.2566747465321, 12.383161773179932], [145.25411074694034, 12.38088165811525], [145.2566747465321, 12.3642086626103], [145.26073787965015, 12.352330967505265], [145.28760036515058, 12.344478722726151]]]}, "properties": {"fillColor": "#FFFF00", "fillOpacity": 0.7, "color": "#000000", "weight": 0.2, "stroke": false}}, {"type": "Feature", "geometry": {"type": "Polygon", "coordinates": [[[120.76358480068708, 12.625842338532022], [120.7945104193056, 12.612081380033489], [120.82543603792408, 12.611074760152594], [120.85636165654259, 12.614789868269842], [120.88728727516107, 12.621370532061972], [120.91278495211934, 12.637837873605102], [120.91821289377955, 12.639648886048343], [120.94913851239805, 12.644130428015178], [120.98006413101655, 12.648605191947903], [121.01098974963503, 12.652843271759636], [121.04191536825354, 12.662807361797663], [121.04852618200128, 12.666388564215085], [121.07284098687201, 12.680421863257301], [121.08735543465899, 12.69493925482507], [121.09703061707296, 12.723489945435054], [121.09198003113838, 12.752040636045036], [121.072840986872, 12.77529767693357], [121.06754505360436, 12.78059132665502], [121.04191536825353, 12.798702308925701], [121.01098974963503, 12.806062004763298], [120.98006413101653, 12.806661285980931], [120.94913851239805, 12.804086056325966], [120.91821289377955, 12.796500069023992], [120.89291298932864, 12.78059132665502], [120.88728727516107, 12.777094483407593], [120.85636165654257, 12.754431778721777], [120.8529049059213, 12.752040636045034], [120.82543603792408, 12.73939470840823], [120.79506238350874, 12.723489945435054], [120.7945104193056, 12.723217747254914], [120.7635848006871, 12.699121381004261], [120.75970899381927, 12.69493925482507], [120.74647164184466, 12.666388564215087], [120.75118562210821, 12.637837873605102], [120.76358480068708, 12.625842338532022]]]}, "properties": {"fillColor": "#FFFF00", "fillOpacity": 0.7, "color": "#000000", "weight": 0.2, "stroke": false}}, {"type": "Feature", "geometry": {"type": "Polygon", "coordinates": [[[120.77917996395227, 12.637837873605102], [120.76772026115637, 12.666388564215087], [120.77653041079267, 12.69493925482507], [120.7945104193056, 12.710342962784416], [120.82116990615003, 12.723489945435054], [120.82543603792408, 12.725723848993406], [120.85636165654256, 12.742859792900639], [120.87004107848745, 12.752040636045036], [120.88728727516107, 12.765242977903853], [120.91197966681507, 12.78059132665502], [120.91821289377955, 12.784510819793732], [120.94913851239805, 12.796203106478012], [120.98006413101655, 12.800058263527939], [121.01098974963503, 12.798724645319624], [121.04191536825351, 12.787736034292921], [121.05202617317545, 12.78059132665502], [121.07284098687202, 12.75978548806938], [121.07921450044327, 12.752040636045038], [121.08581994526554, 12.723489945435054], [121.07284098687201, 12.698602096362652], [121.07096172724174, 12.69493925482507], [121.04191536825351, 12.672925061123637], [121.01785900863655, 12.666388564215087], [121.01098974963503, 12.663916124697547], [120.98006413101653, 12.657334222501467], [120.94913851239804, 12.651339900711175], [120.91821289377957, 12.645291563624872], [120.89587279626582, 12.637837873605102], [120.88728727516107, 12.632293026967151], [120.85636165654257, 12.624305533078363], [120.82543603792408, 12.622173515269802], [120.7945104193056, 12.628171649884525], [120.77917996395227, 12.637837873605102]]]}, "properties": {"fillColor": "#FFFF00", "fillOpacity": 0.7, "color": "#000000", "weight": 0.2, "stroke": false}}, {"type": "Feature", "geometry": {"type": "Polygon", "coordinates": [[[143.80317067146302, 13.201755170223128], [143.8340962900815, 13.189843348908312], [143.8650219087, 13.192285030375444], [143.89072880976448, 13.208851685804774], [143.89594752731847, 13.214865581366034], [143.91073849338466, 13.237402376414757], [143.91371778904636, 13.265953067024743], [143.89831654544773, 13.294503757634725], [143.89594752731847, 13.29657363934028], [143.8650219087, 13.311466322363696], [143.8340962900815, 13.312607122220093], [143.80317067146302, 13.301530465345756], [143.7953181600944, 13.294503757634725], [143.77923982193275, 13.265953067024743], [143.77869177286243, 13.237402376414758], [143.79479015709217, 13.208851685804776], [143.80317067146302, 13.201755170223128]]]}, "properties": {"fillColor": "#FFFF00", "fillOpacity": 0.7, "color": "#000000", "weight": 0.2, "stroke": false}}, {"type": "Feature", "geometry": {"type": "Polygon", "coordinates": [[[143.81883959351936, 13.208851685804776], [143.80317067146302, 13.220214713078054], [143.7913383008061, 13.23740237641476], [143.79181963422263, 13.265953067024743], [143.80317067146302, 13.282800494744684], [143.8207942997667, 13.294503757634725], [143.8340962900815, 13.30031785260596], [143.8650219087, 13.29800902033176], [143.8718984176669, 13.294503757634725], [143.89594752731847, 13.269568203324626], [143.89802062770022, 13.265953067024743], [143.89594752731847, 13.244884129279004], [143.8953888775314, 13.237402376414758], [143.87020958441317, 13.208851685804776], [143.8650219087, 13.205508519866424], [143.8340962900815, 13.201706647940847], [143.81883959351936, 13.208851685804776]]]}, "properties": {"fillColor": "#FFFF00", "fillOpacity": 0.7, "color": "#000000", "weight": 0.2, "stroke": false}}, {"type": "Feature", "geometry": {"type": "Polygon", "coordinates": [[[148.0399804221963, 14.802913969672662], [148.0709060408148, 14.800892902404115], [148.1018316594333, 14.804719603045275], [148.11113936721657, 14.80769035996386], [148.13275727805177, 14.81826487919217], [148.14984058324308, 14.836241050573843], [148.14435281151572, 14.86479174118383], [148.13275727805177, 14.876383610577436], [148.11282787103954, 14.89334243179381], [148.1018316594333, 14.899659887743473], [148.0709060408148, 14.911636721148787], [148.03998042219627, 14.918117129305108], [148.0090548035778, 14.920621248402298], [147.9781291849593, 14.9156349395321], [147.94720356634085, 14.89446981832632], [147.94613449026454, 14.89334243179381], [147.94720356634082, 14.882341501176615], [147.94835231358164, 14.864791741183828], [147.96940550607462, 14.836241050573843], [147.9781291849593, 14.82941775879053], [148.0090548035778, 14.81186603129429], [148.02348664505303, 14.80769035996386], [148.0399804221963, 14.802913969672662]]]}, "properties": {"fillColor": "#FFFF00", "fillOpacity": 0.7, "color": "#000000", "weight": 0.2, "stroke": false}}, {"type": "Feature", "geometry": {"type": "Polygon", "coordinates": [[[148.00588981519263, 14.836241050573843], [147.98144143076792, 14.864791741183828], [147.99133428387344, 14.893342431793808], [148.0090548035778, 14.900313268578799], [148.0399804221963, 14.901825191869346], [148.0709060408148, 14.894770120227925], [148.07423487872103, 14.89334243179381], [148.1018316594333, 14.875732170885893], [148.1144736901698, 14.864791741183826], [148.11354110346863, 14.836241050573843], [148.1018316594333, 14.828769003816275], [148.0709060408148, 14.821154736151986], [148.0399804221963, 14.823078672697964], [148.0090548035778, 14.834281901279665], [148.00588981519263, 14.836241050573843]]]}, "properties": {"fillColor": "#FFFF00", "fillOpacity": 0.7, "color": "#000000", "weight": 0.2, "stroke": false}}, {"type": "Feature", "geometry": {"type": "Polygon", "coordinates": [[[146.9575837705491, 14.82793835772349], [146.9783299859051, 14.836241050573843], [146.9575837705491, 14.854096957178092], [146.9459314677419, 14.836241050573845], [146.9575837705491, 14.82793835772349]]]}, "properties": {"fillColor": "#FFFF00", "fillOpacity": 0.7, "color": "#000000", "weight": 0.2, "stroke": false}}, {"type": "Feature", "geometry": {"type": "Polygon", "coordinates": [[[145.78241026304644, 15.035254636392688], [145.81333588166493, 15.023398669633067], [145.84426150028344, 15.012955703906155], [145.87518711890192, 15.022229177992049], [145.9061127375204, 15.028182009043059], [145.93703835613888, 15.033919313515629], [145.95148277567296, 15.036095884843728], [145.9679639747574, 15.037610147503367], [145.99888959337588, 15.038974315764339], [146.0298152119944, 15.039872573269307], [146.06074083061287, 15.041376185515993], [146.09166644923135, 15.04457755936415], [146.12259206784984, 15.051315974634047], [146.1506518912913, 15.064646575453711], [146.15351768646835, 15.06567304272303], [146.18444330508683, 15.081255128417736], [146.20092929586332, 15.093197266063697], [146.2153689237053, 15.102276474764306], [146.24212605174108, 15.12174795667368], [146.24629454232382, 15.124341429034633], [146.2772201609423, 15.136266096167494], [146.3081457795608, 15.1423424576312], [146.33230508855985, 15.150298647283664], [146.33907139817927, 15.151963677420758], [146.36999701679778, 15.173877228033314], [146.37437082815816, 15.178849337893647], [146.3872417519103, 15.207400028503631], [146.38704410820307, 15.235950719113614], [146.37618379015498, 15.264501409723598], [146.36999701679775, 15.272892226851095], [146.35822660557474, 15.293052100333583], [146.33907139817927, 15.31296134204666], [146.33072109424577, 15.321602790943565], [146.3081457795608, 15.340628628004225], [146.28976222914264, 15.35015348155355], [146.2772201609423, 15.357725314423627], [146.24629454232382, 15.36682346261497], [146.2153689237053, 15.369454044574457], [146.18444330508683, 15.371053693791037], [146.15351768646835, 15.374827272931608], [146.1336406092898, 15.378704172163534], [146.12259206784984, 15.382936362045351], [146.09166644923135, 15.394734000313314], [146.06074083061287, 15.403455374003954], [146.03170565762147, 15.407254862773518], [146.0298152119944, 15.407638638808411], [146.027074444532, 15.407254862773518], [145.99888959337588, 15.403758476413092], [145.9679639747574, 15.384943596959346], [145.96134976191794, 15.378704172163532], [145.94319454187848, 15.35015348155355], [145.93703835613888, 15.343922812450453], [145.913012029766, 15.321602790943565], [145.9061127375204, 15.317785698659769], [145.87518711890192, 15.293498311403225], [145.87464984085605, 15.293052100333583], [145.8508430920303, 15.264501409723598], [145.84426150028344, 15.243153406306542], [145.84132924514535, 15.235950719113616], [145.83391110227967, 15.207400028503631], [145.82997395202568, 15.178849337893647], [145.82501497302167, 15.150298647283666], [145.81692274380907, 15.12174795667368], [145.81333588166493, 15.112210299241834], [145.8001443988209, 15.093197266063697], [145.78241026304644, 15.066327285985588], [145.78060239217064, 15.064646575453713], [145.78084633957369, 15.036095884843728], [145.78241026304644, 15.035254636392688]]]}, "properties": {"fillColor": "#FFFF00", "fillOpacity": 0.7, "color": "#000000", "weight": 0.2, "stroke": false}}, {"type": "Feature", "geometry": {"type": "Polygon", "coordinates": [[[145.83196496948756, 15.036095884843728], [145.81578558500146, 15.064646575453713], [145.82315171424554, 15.093197266063697], [145.83178024146576, 15.12174795667368], [145.83902335599927, 15.150298647283664], [145.8442615002834, 15.176690378238296], [145.8445094938304, 15.178849337893647], [145.84771079241838, 15.207400028503631], [145.8538939334862, 15.235950719113614], [145.86893293394405, 15.264501409723598], [145.87518711890192, 15.271914045897496], [145.89510674249743, 15.293052100333583], [145.9061127375204, 15.301774036175665], [145.93703835613888, 15.319782769476635], [145.9413615704704, 15.321602790943565], [145.9679639747574, 15.348419705872779], [145.96928072111646, 15.35015348155355], [145.99174540295388, 15.378704172163532], [145.99888959337588, 15.383652657114308], [146.0298152119944, 15.39220306529117], [146.06074083061287, 15.388826501615581], [146.09166644923135, 15.379087498564068], [146.0926190874558, 15.378704172163532], [146.12259206784984, 15.371686659434488], [146.15351768646835, 15.36542437616544], [146.18444330508683, 15.36134065972681], [146.2153689237053, 15.359806475633112], [146.24629454232382, 15.356465583373343], [146.26375786320133, 15.35015348155355], [146.2772201609423, 15.346676112305316], [146.3081457795608, 15.328372794770347], [146.31617880151515, 15.321602790943565], [146.33907139817927, 15.297912012049053], [146.34374724762523, 15.293052100333583], [146.36354166656122, 15.264501409723598], [146.36999701679778, 15.243442311173887], [146.37324502232684, 15.235950719113614], [146.37253979137975, 15.207400028503631], [146.36999701679778, 15.202361359484703], [146.3557690689188, 15.178849337893647], [146.33907139817927, 15.16577135114294], [146.3081457795608, 15.156328199204607], [146.2772201609423, 15.151974847418911], [146.27176672734504, 15.150298647283664], [146.24629454232382, 15.138757990027635], [146.2189542995992, 15.12174795667368], [146.2153689237053, 15.11913883577839], [146.18444330508683, 15.098098199126147], [146.17542132727232, 15.093197266063697], [146.15351768646835, 15.079894894142807], [146.12259206784984, 15.06840947881419], [146.10436353488728, 15.064646575453713], [146.09166644923135, 15.061241951583536], [146.06074083061287, 15.057307471374704], [146.0298152119944, 15.055881026759774], [145.99888959337588, 15.054535552308963], [145.9679639747574, 15.051358674586378], [145.93703835613888, 15.046636834466295], [145.9061127375204, 15.04256010461834], [145.87518711890192, 15.037966753739546], [145.86581192365531, 15.036095884843728], [145.84426150028344, 15.03047146788603], [145.83196496948756, 15.036095884843728]]]}, "properties": {"fillColor": "#FFFF00", "fillOpacity": 0.7, "color": "#000000", "weight": 0.2, "stroke": false}}, {"type": "Feature", "geometry": {"type": "Polygon", "coordinates": [[[148.50386470147367, 15.025067660751423], [148.53479032009216, 15.016387932504832], [148.56571593871064, 15.018002999680403], [148.5942284430324, 15.036095884843728], [148.59664155732915, 15.041531845175843], [148.6036355787644, 15.064646575453713], [148.59664155732915, 15.091312400419856], [148.59623051725563, 15.093197266063697], [148.58097643438128, 15.12174795667368], [148.56571593871064, 15.139287455895115], [148.55571939591587, 15.150298647283664], [148.53479032009216, 15.169043136932643], [148.52312117859879, 15.178849337893647], [148.50386470147367, 15.194198830582891], [148.48620059904715, 15.207400028503631], [148.4729390828552, 15.217525799047433], [148.4447546941171, 15.235950719113614], [148.44201346423665, 15.237919063393745], [148.4110878456182, 15.255448041047893], [148.38240441175986, 15.264501409723596], [148.3801622269997, 15.265413797587232], [148.3492366083812, 15.268208807818155], [148.32601672499305, 15.264501409723598], [148.31831098976272, 15.262408405000997], [148.2884726661826, 15.235950719113614], [148.28738537114424, 15.233886220376515], [148.2564597525257, 15.221254978161902], [148.24002927693735, 15.207400028503631], [148.25096582362187, 15.178849337893647], [148.25645975252573, 15.17223901610056], [148.27404629580656, 15.150298647283664], [148.28738537114424, 15.138828023860812], [148.3107595218736, 15.12174795667368], [148.31831098976272, 15.117091762339486], [148.3492366083812, 15.104046937911988], [148.37475034532656, 15.093197266063697], [148.3801622269997, 15.090954861802501], [148.4110878456182, 15.07498247582221], [148.43106747189566, 15.064646575453711], [148.44201346423668, 15.058213143998103], [148.4729390828552, 15.041067042531877], [148.4832975813628, 15.036095884843728], [148.50386470147367, 15.025067660751423]]]}, "properties": {"fillColor": "#FFFF00", "fillOpacity": 0.7, "color": "#000000", "weight": 0.2, "stroke": false}}, {"type": "Feature", "geometry": {"type": "Polygon", "coordinates": [[[148.46854928378343, 15.064646575453713], [148.44201346423668, 15.07824048433201], [148.4177769536251, 15.093197266063697], [148.4110878456182, 15.09732279347185], [148.3801622269997, 15.115497354036604], [148.36925305995624, 15.12174795667368], [148.3492366083812, 15.138793372285445], [148.33487755082746, 15.150298647283666], [148.32468744148326, 15.178849337893645], [148.32268015656982, 15.207400028503631], [148.3351292631037, 15.235950719113614], [148.3492366083812, 15.244881607504544], [148.3801622269997, 15.244493621754835], [148.4058922749194, 15.235950719113614], [148.41108784561823, 15.234391281275077], [148.44201346423668, 15.218128757531225], [148.45750613497876, 15.207400028503631], [148.4729390828552, 15.196480344620541], [148.495954744741, 15.178849337893649], [148.50386470147367, 15.172196711460574], [148.5297459907108, 15.150298647283662], [148.53479032009216, 15.145162542480074], [148.5563592681197, 15.121747956673678], [148.56571593871064, 15.106397814154647], [148.57336101146947, 15.093197266063697], [148.57684054241105, 15.064646575453713], [148.56571593871064, 15.04785603268418], [148.53479032009216, 15.038220813142235], [148.50386470147367, 15.047065331704582], [148.4729390828552, 15.062010161715776], [148.46854928378343, 15.064646575453713]]]}, "properties": {"fillColor": "#FFFF00", "fillOpacity": 0.7, "color": "#000000", "weight": 0.2, "stroke": false}}, {"type": "Feature", "geometry": {"type": "Polygon", "coordinates": [[[121.4439484102939, 15.993067591047133], [121.47487402891238, 15.99121447211653], [121.50579964753088, 15.998611059445196], [121.53672526614938, 16.00563493843927], [121.54004882256223, 16.006819365583173], [121.56765088476786, 16.018938245688588], [121.58346440310959, 16.03537005619316], [121.5946002090763, 16.06392074680314], [121.5942506466205, 16.092471437413124], [121.56765088476787, 16.11790830617136], [121.53672526614938, 16.117574695553163], [121.50579964753089, 16.10539591253084], [121.4861347751562, 16.092471437413124], [121.4748740289124, 16.08194918634526], [121.45709231993976, 16.06392074680314], [121.4439484102939, 16.04914619919251], [121.42313697361726, 16.03537005619316], [121.41643923661178, 16.006819365583173], [121.4439484102939, 15.993067591047133]]]}, "properties": {"fillColor": "#FFFF00", "fillOpacity": 0.7, "color": "#000000", "weight": 0.2, "stroke": false}}, {"type": "Feature", "geometry": {"type": "Polygon", "coordinates": [[[121.48141536955771, 16.03537005619316], [121.48729497444964, 16.06392074680314], [121.50579964753089, 16.081149848234276], [121.53315213603668, 16.092471437413124], [121.53672526614938, 16.09391693672934], [121.54397017985617, 16.092471437413124], [121.56765088476787, 16.072008952675624], [121.56962262609179, 16.06392074680314], [121.56765088476786, 16.058862766203767], [121.55767566691817, 16.03537005619316], [121.53672526614938, 16.022541505402078], [121.50579964753089, 16.025160357587296], [121.48141536955771, 16.03537005619316]]]}, "properties": {"fillColor": "#FFFF00", "fillOpacity": 0.7, "color": "#000000", "weight": 0.2, "stroke": false}}, {"type": "Feature", "geometry": {"type": "Polygon", "coordinates": [[[146.49369949127174, 17.084552631048883], [146.52462510989022, 17.083769736371142], [146.53717746384754, 17.09174560876255], [146.55555072850873, 17.111860311280203], [146.56111058553665, 17.120296299372534], [146.5677777780969, 17.148846989982516], [146.55555072850873, 17.16996390580371], [146.52462510989022, 17.168363210623248], [146.49369949127174, 17.152065664624494], [146.4900576359245, 17.14884698998252], [146.47329515501357, 17.120296299372534], [146.4825793868505, 17.09174560876255], [146.49369949127174, 17.084552631048883]]]}, "properties": {"fillColor": "#FFFF00", "fillOpacity": 0.7, "color": "#000000", "weight": 0.2, "stroke": false}}, {"type": "Feature", "geometry": {"type": "Polygon", "coordinates": [[[129.94849353037898, 25.502424659541372], [129.97941914899747, 25.495768557159863], [130.01034476761595, 25.49420743594591], [130.04127038623446, 25.49566853924925], [130.07219600485294, 25.499093231892324], [130.10312162347142, 25.503939281175636], [130.13404724208993, 25.5099742714557], [130.15176024299285, 25.51419933870773], [130.16497286070842, 25.518300436641965], [130.1958984793269, 25.529019690855634], [130.22682409794538, 25.540130981152018], [130.2333665694742, 25.542750029317713], [130.2577497165639, 25.552582621183316], [130.28867533518238, 25.56687405012386], [130.29727880513937, 25.5713007199277], [130.31960095380086, 25.581460430361766], [130.35052657241937, 25.59906930015163], [130.35177381165877, 25.59985141053768], [130.38145219103785, 25.616518586466025], [130.39853538653756, 25.628402101147664], [130.41237780965633, 25.637195236849525], [130.4386137894001, 25.65695279175765], [130.44330342827482, 25.660234986051616], [130.47422904689333, 25.68383509501274], [130.4762066089649, 25.68550348236763], [130.5051546655118, 25.707347114381363], [130.51273253982237, 25.714054172977615], [130.53608028413032, 25.732495869531757], [130.54660368861425, 25.742604863587594], [130.5670059027488, 25.760663271548438], [130.5769326100018, 25.771155554197584], [130.5979315213673, 25.793078443125502], [130.60350635944994, 25.799706244807567], [130.62615461384178, 25.82825693541755], [130.62885713998577, 25.832059824896003], [130.64607777540903, 25.856807626027535], [130.65978275860428, 25.883697728737854], [130.66074491024156, 25.885358316637518], [130.67399824925343, 25.913909007247504], [130.68285966513974, 25.942459697857487], [130.688279992651, 25.97101038846747], [130.69070837722276, 25.988461190386957], [130.69291806214167, 25.999561079077452], [130.6997764220656, 26.028111769687435], [130.71289924046323, 26.05666246029742], [130.72163399584124, 26.067852179216743], [130.73415424070043, 26.085213150907403], [130.75255961445976, 26.106643442055844], [130.75908340223566, 26.113763841517386], [130.78348523307824, 26.14124096634464], [130.78474388290638, 26.142314532127372], [130.81367069003335, 26.170865222737355], [130.81441085169672, 26.17180056670523], [130.8453364703152, 26.196565748088144], [130.85097781685678, 26.199415913347337], [130.87626208893371, 26.213076345817303], [130.9071877075522, 26.225421736246012], [130.9122526149353, 26.22796660395732], [130.93811332617068, 26.24272601405731], [130.95371050487415, 26.256517294567306], [130.9690389447892, 26.2730589608034], [130.97682625996293, 26.28506798517729], [130.9860607747419, 26.31361867578727], [130.98908840340556, 26.342169366397258], [130.98904671378546, 26.37072005700724], [130.98769461234662, 26.399270747617223], [130.98549462699566, 26.427821438227205], [130.9822570502929, 26.45637212883719], [130.97759849335372, 26.484922819447174], [130.97103551677054, 26.513473510057157], [130.9690389447892, 26.520488365244102], [130.96328618755723, 26.542024200667143], [130.95405594647875, 26.570574891277126], [130.94192238892342, 26.599125581887108], [130.93811332617068, 26.60696852120692], [130.9285049204132, 26.627676272497094], [130.91220444878095, 26.656226963107077], [130.9071877075522, 26.664335604896557], [130.89431927393386, 26.68477765371706], [130.87626208893371, 26.709013191506397], [130.87279965795778, 26.713328344327042], [130.8480120984561, 26.74187903493703], [130.8453364703152, 26.7446539732332], [130.81839554292839, 26.77042972554701], [130.81441085169672, 26.773966765437734], [130.78409923825157, 26.798980416156994], [130.78348523307824, 26.79947723869635], [130.75255961445976, 26.82305506472891], [130.74574706849765, 26.82753110676698], [130.72163399584124, 26.84413042655683], [130.70124239794796, 26.85608179737696], [130.69070837722276, 26.862348148696086], [130.65978275860428, 26.878294070644557], [130.64465823770286, 26.884632487986945], [130.62885713998577, 26.891476581827074], [130.5979315213673, 26.903020448158163], [130.5670059027488, 26.91181680321342], [130.56099333302467, 26.913183178596928], [130.53608028413032, 26.91929238991591], [130.5051546655118, 26.925853644142848], [130.47422904689333, 26.931589540344675], [130.44330342827482, 26.93690079378678], [130.41289749277624, 26.94173386920691], [130.41237780965633, 26.941822085662825], [130.38145219103785, 26.946653353105223], [130.35052657241937, 26.95024572299834], [130.3196009538009, 26.952592366771626], [130.28867533518238, 26.95370976554662], [130.2577497165639, 26.95360929072482], [130.22682409794538, 26.95229244319927], [130.1958984793269, 26.949764324770364], [130.16497286070842, 26.946040246478834], [130.1378786544469, 26.941733869206914], [130.13404724208993, 26.941123954922848], [130.10312162347142, 26.935196500270575], [130.07219600485294, 26.928496503583755], [130.04127038623446, 26.92103825346567], [130.0122096991106, 26.913183178596928], [130.01034476761595, 26.91264456723431], [129.97941914899747, 26.90297969847079], [129.94849353037898, 26.892684144511673], [129.92726436964418, 26.884632487986945], [129.91756791176047, 26.880684983031653], [129.886642293142, 26.867135018253496], [129.86403609059766, 26.856081797376962], [129.8557166745235, 26.85159818129271], [129.824791055905, 26.834390083536285], [129.81407202523965, 26.827531106766983], [129.7938654372865, 26.81331494283809], [129.77356196239305, 26.798980416156994], [129.76293981866803, 26.790547961512296], [129.73709864992935, 26.77042972554701], [129.73201420004955, 26.76694180560754], [129.70265851512534, 26.74187903493703], [129.70108858143104, 26.740779347356078], [129.67016296281255, 26.713686923259527], [129.66979834026884, 26.713328344327046], [129.63998166569885, 26.68477765371706], [129.63923734419407, 26.68408754660956], [129.6129520625698, 26.656226963107077], [129.60831172557556, 26.651115431478146], [129.5881798941864, 26.627676272497094], [129.57738610695708, 26.61343025414574], [129.56622995073172, 26.599125581887105], [129.5478092463058, 26.570574891277126], [129.5464604883386, 26.56837718478253], [129.5293617901089, 26.542024200667143], [129.5155348697201, 26.51581278211031], [129.51416163733325, 26.51347351005716], [129.49968676465537, 26.484922819447174], [129.4874049307809, 26.45637212883719], [129.4846092511016, 26.448994107917567], [129.47739713055086, 26.427821438227205], [129.47042721397304, 26.399270747617223], [129.46559253305298, 26.37072005700724], [129.46196491170565, 26.342169366397258], [129.45970695914838, 26.31361867578727], [129.45994728336748, 26.28506798517729], [129.4645135283451, 26.25651729456731], [129.47229341480687, 26.22796660395732], [129.48063200510148, 26.199415913347337], [129.4846092511016, 26.186394620355387], [129.4916231812637, 26.170865222737355], [129.5009292735168, 26.142314532127372], [129.51057570930118, 26.113763841517386], [129.5155348697201, 26.101760072995486], [129.5252672878276, 26.085213150907407], [129.53706621449544, 26.05666246029742], [129.5464604883386, 26.034220906577385], [129.54996572859505, 26.028111769687435], [129.563275238097, 25.999561079077452], [129.57616484221748, 25.97101038846747], [129.57738610695708, 25.9688858911081], [129.59135800508434, 25.942459697857483], [129.60831172557556, 25.91713503595109], [129.61029760187444, 25.9139090072475], [129.6346838522503, 25.885358316637518], [129.63923734419407, 25.881296905045556], [129.66881959411742, 25.856807626027535], [129.67016296281255, 25.855864455126625], [129.70108858143104, 25.836047137939893], [129.7158431180231, 25.82825693541755], [129.73201420004955, 25.81970804523129], [129.76293981866803, 25.806903810704583], [129.7876078992343, 25.799706244807567], [129.7938654372865, 25.79740139321872], [129.824791055905, 25.789785592567245], [129.8557166745235, 25.785302505373615], [129.886642293142, 25.782316567836855], [129.91756791176047, 25.77992152438508], [129.94849353037898, 25.778359537759375], [129.97941914899747, 25.778268032666162], [130.01034476761595, 25.779870592834918], [130.04127038623446, 25.7828232652041], [130.07219600485294, 25.78619467711324], [130.10312162347142, 25.788287551547377], [130.13404724208993, 25.777807293617577], [130.13946201649028, 25.771155554197584], [130.14626655843713, 25.742604863587598], [130.14360471005838, 25.71405417297762], [130.13404724208993, 25.689675436519437], [130.13198735254073, 25.685503482367633], [130.10843688204974, 25.65695279175765], [130.10312162347142, 25.651894099682007], [130.07290336818832, 25.628402101147664], [130.07219600485294, 25.62770936535989], [130.04127038623446, 25.60191866358969], [130.03826209883306, 25.59985141053768], [130.01034476761595, 25.576535377400894], [130.00125072579073, 25.5713007199277], [129.97941914899747, 25.554023345641077], [129.95722528950262, 25.542750029317716], [129.94849353037898, 25.53192981463592], [129.92499803631713, 25.51419933870773], [129.94849353037898, 25.502424659541372]]]}, "properties": {"fillColor": "#FFFF00", "fillOpacity": 0.7, "color": "#000000", "weight": 0.2, "stroke": false}}, {"type": "Feature", "geometry": {"type": "Polygon", "coordinates": [[[130.1830904995888, 25.628402101147664], [130.18756137692907, 25.65695279175765], [130.19229432790448, 25.68550348236763], [130.1924457239148, 25.714054172977615], [130.19012902098507, 25.742604863587594], [130.18817644574295, 25.771155554197584], [130.18360618405495, 25.799706244807567], [130.18267272429878, 25.82825693541755], [130.1720124822274, 25.856807626027535], [130.17553755269978, 25.885358316637515], [130.1958984793269, 25.912568929885623], [130.19649968027025, 25.9139090072475], [130.21498032366765, 25.942459697857483], [130.22682409794538, 25.956967217289538], [130.23394601547332, 25.97101038846747], [130.250060263798, 25.999561079077452], [130.2577497165639, 26.011942449491883], [130.2638683010907, 26.028111769687435], [130.2728568265637, 26.056662460297417], [130.28032217992728, 26.085213150907403], [130.28402824759095, 26.113763841517386], [130.28454021975207, 26.142314532127372], [130.28213757158125, 26.170865222737355], [130.27676693340453, 26.199415913347337], [130.26875483572533, 26.22796660395732], [130.25886574605698, 26.256517294567306], [130.2577497165639, 26.259128649558576], [130.24013770869328, 26.285067985177285], [130.22682409794538, 26.299693841553953], [130.21336592591933, 26.31361867578727], [130.1958984793269, 26.326337929225097], [130.17263058814802, 26.342169366397258], [130.16497286070842, 26.345848517978915], [130.13404724208993, 26.357601077075834], [130.10312162347142, 26.36537928557381], [130.07219600485294, 26.367887196582757], [130.04127038623446, 26.36328825629149], [130.01034476761595, 26.35267794515171], [129.98966706052312, 26.342169366397258], [129.97941914899747, 26.334628724236673], [129.95694365166696, 26.31361867578727], [129.94849353037898, 26.303744802508106], [129.938273412607, 26.285067985177292], [129.9274425805791, 26.256517294567306], [129.92121254277788, 26.22796660395732], [129.92010816590542, 26.199415913347337], [129.92285782466166, 26.170865222737355], [129.92648592379615, 26.142314532127372], [129.92911893509154, 26.113763841517383], [129.93150958568373, 26.085213150907403], [129.94082142456233, 26.05666246029742], [129.94849353037898, 26.045673663711973], [129.96167707644022, 26.028111769687435], [129.94849353037898, 26.000477159739788], [129.91756791176047, 26.004390190134693], [129.886642293142, 26.011351417770427], [129.8557166745235, 26.019073734157704], [129.83658150441508, 26.028111769687435], [129.824791055905, 26.03361969817232], [129.7938654372865, 26.05464342253591], [129.7915371547828, 26.05666246029742], [129.76293981866803, 26.08240506433729], [129.7604106249377, 26.085213150907403], [129.737358758085, 26.11376384151739], [129.73201420004955, 26.121085501952066], [129.71899985894686, 26.142314532127372], [129.70570472311394, 26.170865222737355], [129.70108858143104, 26.183482743821507], [129.69510025443032, 26.199415913347337], [129.68750951504515, 26.22796660395732], [129.68299891838933, 26.256517294567306], [129.68187246245245, 26.28506798517729], [129.6850371277949, 26.313618675787275], [129.69239884094813, 26.342169366397258], [129.701088581431, 26.361468774791007], [129.70379425312157, 26.37072005700724], [129.71580422686608, 26.399270747617223], [129.73201420004955, 26.42553651438315], [129.7331511272672, 26.427821438227205], [129.74943884012822, 26.45637212883719], [129.76293981866803, 26.474000865470714], [129.77109109113167, 26.48492281944717], [129.7938654372865, 26.511766148490576], [129.79544565887906, 26.513473510057157], [129.82026077695213, 26.542024200667143], [129.824791055905, 26.548672178769092], [129.845738906303, 26.570574891277126], [129.8557166745235, 26.595229095037702], [129.85890877482154, 26.599125581887108], [129.8557166745235, 26.60049698929899], [129.824791055905, 26.602126217972774], [129.80658895773985, 26.599125581887108], [129.7938654372865, 26.596244219654277], [129.76293981866803, 26.58545874354911], [129.73201420004955, 26.573134463636016], [129.72701300327114, 26.570574891277126], [129.70108858143104, 26.556640001874513], [129.6788202725918, 26.542024200667143], [129.67016296281255, 26.535643565034707], [129.6443880019321, 26.513473510057157], [129.63923734419407, 26.50833751638647], [129.61680941546882, 26.484922819447174], [129.60831172557556, 26.473817921547926], [129.59264336581103, 26.45637212883719], [129.57738610695708, 26.43155972695033], [129.5737239879794, 26.427821438227205], [129.55516503657898, 26.399270747617223], [129.5464604883386, 26.379159630027047], [129.53907420861984, 26.37072005700724], [129.52334727324077, 26.342169366397258], [129.5155348697201, 26.32140165489084], [129.50361519315538, 26.342169366397258], [129.50064563263004, 26.37072005700724], [129.5029644292127, 26.399270747617223], [129.5087741066851, 26.427821438227205], [129.5155348697201, 26.44815321918998], [129.5198240605353, 26.45637212883719], [129.53267110130918, 26.484922819447174], [129.5440800461973, 26.513473510057157], [129.5464604883386, 26.517916061709755], [129.56009153148946, 26.542024200667143], [129.5763864949791, 26.570574891277126], [129.57738610695708, 26.572029639960736], [129.59639287788247, 26.599125581887108], [129.60831172557556, 26.614448328434367], [129.61958476186965, 26.62767627249709], [129.63923734419407, 26.649209172648078], [129.6466383570504, 26.656226963107077], [129.67016296281255, 26.67803648734803], [129.6790774507334, 26.68477765371706], [129.70108858143104, 26.702086954666846], [129.71958087312132, 26.713328344327042], [129.73201420004955, 26.721989956762815], [129.76293981866803, 26.738203387105873], [129.77347078100462, 26.74187903493703], [129.7938654372865, 26.75154538305612], [129.824791055905, 26.763370986938877], [129.84965175716783, 26.77042972554701], [129.8557166745235, 26.773473373954182], [129.886642293142, 26.791833175387975], [129.90435701840318, 26.798980416156994], [129.91756791176047, 26.80784128521644], [129.94849353037898, 26.82604117242969], [129.95326725151173, 26.827531106766983], [129.97941914899747, 26.838026904036195], [130.01034476761595, 26.84984375330667], [130.0303105362398, 26.85608179737696], [130.04127038623446, 26.85905294985479], [130.07219600485294, 26.867400129992014], [130.10312162347142, 26.875897185440728], [130.13404724208993, 26.884044068217616], [130.13655500046536, 26.884632487986945], [130.16497286070842, 26.889290803900355], [130.1958984793269, 26.89356005332996], [130.22682409794538, 26.896607919130858], [130.2577497165639, 26.898107950407766], [130.28867533518238, 26.897875732327044], [130.31960095380086, 26.895867101768815], [130.35052657241937, 26.89214461633336], [130.38145219103785, 26.886834914287622], [130.39169300142902, 26.88463248798694], [130.41237780965633, 26.879992309379936], [130.44330342827482, 26.87247684701675], [130.47422904689333, 26.864418189772596], [130.50267310212175, 26.856081797376962], [130.5051546655118, 26.8553866870156], [130.53608028413032, 26.845861867303277], [130.5670059027488, 26.835026891693605], [130.58550146503816, 26.82753110676698], [130.5979315213673, 26.8228361353541], [130.62885713998577, 26.810096647381783], [130.65191758971594, 26.798980416156997], [130.65978275860428, 26.79544775658908], [130.69070837722276, 26.780034374907295], [130.70689933369925, 26.77042972554701], [130.72163399584122, 26.762285963632493], [130.75254085364807, 26.74187903493703], [130.75255961445976, 26.74186708188008], [130.78348523307824, 26.719357497967597], [130.7905070119063, 26.713328344327042], [130.81441085169672, 26.692363180917674], [130.8219782309348, 26.68477765371706], [130.8453364703152, 26.659545749613958], [130.8481339773614, 26.656226963107077], [130.86992099729713, 26.627676272497094], [130.87626208893371, 26.618014632722403], [130.88803583607842, 26.599125581887108], [130.9028634585042, 26.570574891277126], [130.9071877075522, 26.56092970927736], [130.91522677328328, 26.542024200667143], [130.9253392830159, 26.513473510057157], [130.93389047010317, 26.484922819447174], [130.93811332617068, 26.468087629356475], [130.94076935363842, 26.45637212883719], [130.94623897358107, 26.427821438227205], [130.95078747064395, 26.399270747617223], [130.95279408474562, 26.37072005700724], [130.95036390049478, 26.342169366397258], [130.9396109929729, 26.31361867578727], [130.93811332617068, 26.311430656845474], [130.91627557006038, 26.285067985177285], [130.9071877075522, 26.277320941083296], [130.87707370963497, 26.256517294567306], [130.87626208893371, 26.256075855632243], [130.8453364703152, 26.232731834718003], [130.84154973607187, 26.227966603957316], [130.81441085169672, 26.20037954000207], [130.81380752989193, 26.199415913347337], [130.79105827600452, 26.170865222737355], [130.78348523307824, 26.1635181713632], [130.7664640695345, 26.142314532127372], [130.75255961445976, 26.127869977055546], [130.7390734484748, 26.113763841517386], [130.72163399584124, 26.095137781403906], [130.71030036088928, 26.085213150907403], [130.69070837722276, 26.062430119926198], [130.68529327161585, 26.056662460297424], [130.67182379706796, 26.028111769687435], [130.66670052593497, 25.999561079077452], [130.66368003089346, 25.97101038846747], [130.65978275860428, 25.952574438580896], [130.65821117647303, 25.942459697857483], [130.6499112828165, 25.9139090072475], [130.63698387899876, 25.885358316637518], [130.62885713998577, 25.87204755871415], [130.6199384259544, 25.85680762602754], [130.5979315213673, 25.829127240896522], [130.59704145983733, 25.82825693541755], [130.56870332182524, 25.799706244807567], [130.5670059027488, 25.79798433976944], [130.53608028413032, 25.77262634167328], [130.53382933951744, 25.771155554197584], [130.5051546655118, 25.750153846276834], [130.49368929959547, 25.7426048635876], [130.47422904689333, 25.728806872941043], [130.4529271850859, 25.71405417297761], [130.44330342827482, 25.706984782127268], [130.41323062017838, 25.685503482367633], [130.41237780965633, 25.684880149980856], [130.38145219103785, 25.664424528368578], [130.36885780854266, 25.656952791757647], [130.35052657241937, 25.64689995338503], [130.31960095380086, 25.632452077134563], [130.3091142033349, 25.628402101147664], [130.28867533518238, 25.620561101696655], [130.2577497165639, 25.612967731112725], [130.22682409794538, 25.609600799453492], [130.1958984793269, 25.61570059110582], [130.1830904995888, 25.628402101147664]]]}, "properties": {"fillColor": "#FFFF00", "fillOpacity": 0.7, "color": "#000000", "weight": 0.2, "stroke": false}}, {"type": "Feature", "geometry": {"type": "Polygon", "coordinates": [[[129.75695840726178, 25.82825693541755], [129.73201420004955, 25.841141929647705], [129.70511562362424, 25.856807626027535], [129.70108858143104, 25.860301629286933], [129.67016296281255, 25.885235466601948], [129.67001792270958, 25.885358316637518], [129.64885646194546, 25.9139090072475], [129.63923734419407, 25.937026028662714], [129.63670414962206, 25.942459697857483], [129.63923734419407, 25.950052975737407], [129.67016296281255, 25.950963725243028], [129.68888407642962, 25.942459697857483], [129.701088581431, 25.937968988674495], [129.73201420004955, 25.92531019836163], [129.75949558708524, 25.9139090072475], [129.76293981866803, 25.912645064977212], [129.7938654372865, 25.901426832738885], [129.824791055905, 25.890520771978455], [129.83994159548467, 25.885358316637518], [129.8557166745235, 25.88021033735091], [129.886642293142, 25.872813449551973], [129.91756791176047, 25.866371170969828], [129.94849353037898, 25.859928336699987], [129.96374036307253, 25.856807626027535], [129.97941914899747, 25.84855375121882], [130.01034476761595, 25.83126008320766], [130.01495427617502, 25.82825693541755], [130.01034476761595, 25.824934668192626], [129.97941914899747, 25.806743069850953], [129.94849353037898, 25.800402544733178], [129.91756791176047, 25.79995679081645], [129.886642293142, 25.801356046310293], [129.8557166745235, 25.803458195355248], [129.824791055905, 25.807080523140108], [129.7938654372865, 25.813711520935342], [129.76293981866803, 25.825429919265417], [129.75695840726178, 25.82825693541755]]]}, "properties": {"fillColor": "#FFFF00", "fillOpacity": 0.7, "color": "#000000", "weight": 0.2, "stroke": false}}, {"type": "Feature", "geometry": {"type": "Polygon", "coordinates": [[[129.9440233569472, 25.885358316637518], [129.91756791176047, 25.887911940392467], [129.886642293142, 25.892974878663065], [129.85571667452348, 25.89949586342486], [129.824791055905, 25.907488323891847], [129.80491030491535, 25.913909007247497], [129.7938654372865, 25.91907872317265], [129.76293981866803, 25.933125478980223], [129.74197038004138, 25.94245969785748], [129.73201420004955, 25.948420816039686], [129.70108858143104, 25.965807984451004], [129.69233251239228, 25.97101038846747], [129.67016296281255, 25.988235452997337], [129.65559538633, 25.999561079077452], [129.63923734419407, 26.017014481469943], [129.62774528633932, 26.028111769687435], [129.60831172557556, 26.056340969842676], [129.60800755235465, 26.05666246029742], [129.58903980963555, 26.085213150907403], [129.57738610695708, 26.11285043849587], [129.57678604357534, 26.113763841517386], [129.56456736585503, 26.142314532127372], [129.5577426635229, 26.170865222737355], [129.5534503025342, 26.199415913347337], [129.55140078795944, 26.22796660395732], [129.55187876988947, 26.25651729456731], [129.5547430757452, 26.285067985177285], [129.5600923847042, 26.31361867578727], [129.5681401689252, 26.342169366397258], [129.57738610695708, 26.36593707406102], [129.57916854733088, 26.37072005700724], [129.59195649641, 26.399270747617223], [129.60735183122165, 26.427821438227205], [129.60831172557556, 26.42920149471539], [129.62671740867444, 26.45637212883719], [129.63923734419407, 26.472375723169172], [129.65049472026473, 26.484922819447178], [129.67016296281255, 26.504592551385844], [129.68069567491932, 26.51347351005716], [129.70108858143107, 26.52834344324035], [129.72289831640484, 26.542024200667143], [129.73201420004955, 26.546918424507314], [129.76293981866803, 26.555857545113952], [129.78634771927065, 26.542024200667143], [129.77060604829546, 26.513473510057153], [129.76293981866803, 26.502089792084547], [129.75084389764828, 26.48492281944717], [129.7342770355326, 26.45637212883719], [129.73201420004955, 26.452279469474636], [129.71513486733747, 26.427821438227205], [129.70275895171994, 26.399270747617223], [129.70108858143104, 26.39502812099389], [129.68631950276438, 26.37072005700724], [129.6767611045059, 26.342169366397258], [129.67164816951774, 26.31361867578727], [129.67016296281255, 26.295043441066568], [129.66899140558485, 26.28506798517729], [129.67016296281255, 26.258070758891876], [129.67020681212128, 26.256517294567306], [129.67364950471014, 26.22796660395732], [129.67962710313532, 26.199415913347337], [129.6884839078103, 26.170865222737355], [129.70108858143104, 26.143479765335716], [129.70160197432764, 26.142314532127372], [129.71598918975354, 26.113763841517386], [129.73201420004955, 26.090961726232422], [129.7364890963637, 26.085213150907403], [129.76194810583758, 26.05666246029742], [129.76293981866803, 26.055657477324388], [129.7938654372865, 26.029057611185266], [129.79528499027552, 26.028111769687435], [129.824791055905, 26.00842649822544], [129.8448128209014, 25.999561079077452], [129.8557166745235, 25.99390984540706], [129.886642293142, 25.98298028371457], [129.91756791176047, 25.97544650504046], [129.94849353037898, 25.972949668880133], [129.97941914899747, 25.97374394710244], [130.01034476761595, 25.97640681338664], [130.0343628052506, 25.999561079077452], [130.01034476761595, 26.013176475715362], [129.99979703451376, 26.028111769687435], [129.97941914899747, 26.04428761964961], [129.9696943187951, 26.056662460297424], [129.95435551244108, 26.0852131509074], [129.94849353037898, 26.100863794104907], [129.94563086992326, 26.113763841517383], [129.9404577302818, 26.142314532127372], [129.93597861023403, 26.170865222737355], [129.93285041009247, 26.199415913347337], [129.93315837381994, 26.22796660395732], [129.93777152400838, 26.256517294567303], [129.94664072739204, 26.28506798517729], [129.94849353037898, 26.288453901436696], [129.97002969855075, 26.31361867578727], [129.97941914899747, 26.322395914657587], [130.00629173884718, 26.342169366397258], [130.01034476761595, 26.34422914854909], [130.04127038623446, 26.35304370159741], [130.07219600485294, 26.356553491464226], [130.10312162347142, 26.354079237864767], [130.13404724208993, 26.346480960497146], [130.1450811177901, 26.342169366397258], [130.16497286070842, 26.329594835787553], [130.18878723613363, 26.313618675787275], [130.1958984793269, 26.30631207167201], [130.21616812724324, 26.28506798517729], [130.22682409794538, 26.26933713746729], [130.23498936015534, 26.256517294567306], [130.24821779381338, 26.227966603957324], [130.25743837175835, 26.199415913347337], [130.2577497165639, 26.197312247503344], [130.2604027361854, 26.170865222737355], [130.26044361484915, 26.142314532127372], [130.2577497165639, 26.11710169413282], [130.25717838131933, 26.113763841517386], [130.24737852799447, 26.085213150907407], [130.23533472385535, 26.05666246029742], [130.22682409794538, 26.041357277054715], [130.21664634891386, 26.028111769687435], [130.1958984793269, 26.003980302267372], [130.19041991050872, 25.999561079077452], [130.16497286070842, 25.976779765941767], [130.15351231644405, 25.97101038846747], [130.13404724208993, 25.956286556615204], [130.10995238266912, 25.942459697857483], [130.10312162347142, 25.936040959649493], [130.07769860456133, 25.913909007247504], [130.07219600485294, 25.910837405530387], [130.04127038623446, 25.89592022125921], [130.01034476761595, 25.887335302129678], [129.99164285162277, 25.885358316637518], [129.97941914899747, 25.8848002876828], [129.94849353037898, 25.885035031168847], [129.9440233569472, 25.885358316637518]]]}, "properties": {"fillColor": "#FFFF00", "fillOpacity": 0.7, "color": "#000000", "weight": 0.2, "stroke": false}}, {"type": "Feature", "geometry": {"type": "Polygon", "coordinates": [[[118.56786587877423, 25.707228321901198], [118.59879149739271, 25.699831993321443], [118.62971711601121, 25.70002857704216], [118.66033769526874, 25.714054172977615], [118.6606427346297, 25.714217788683666], [118.68283199468274, 25.742604863587598], [118.68573277265013, 25.771155554197584], [118.66832596633087, 25.799706244807567], [118.66064273462969, 25.807785644497287], [118.62971711601121, 25.825539369013764], [118.59879149739272, 25.827652289097493], [118.56786587877423, 25.82172939554987], [118.5404969619942, 25.799706244807567], [118.53694026015573, 25.792656903567128], [118.5261673327626, 25.771155554197584], [118.52955620555251, 25.742604863587594], [118.53694026015573, 25.732177276917163], [118.55610951768406, 25.714054172977615], [118.56786587877423, 25.707228321901198]]]}, "properties": {"fillColor": "#FFFF00", "fillOpacity": 0.7, "color": "#000000", "weight": 0.2, "stroke": false}}, {"type": "Feature", "geometry": {"type": "Polygon", "coordinates": [[[118.61625327829793, 25.714054172977615], [118.59879149739274, 25.714439820008277], [118.56786587877423, 25.72445818802108], [118.54846114854894, 25.742604863587598], [118.54345882688678, 25.771155554197584], [118.55984728614901, 25.799706244807567], [118.56786587877423, 25.80615862564329], [118.59879149739272, 25.815391110119688], [118.62971711601121, 25.811596709871722], [118.64740508579627, 25.799706244807567], [118.6606427346297, 25.787901632783434], [118.67256501500626, 25.771155554197584], [118.6702745238256, 25.742604863587594], [118.6606427346297, 25.73028276178207], [118.6303867251198, 25.714054172977615], [118.62971711601121, 25.7137474620329], [118.61625327829793, 25.714054172977615]]]}, "properties": {"fillColor": "#FFFF00", "fillOpacity": 0.7, "color": "#000000", "weight": 0.2, "stroke": false}}, {"type": "Feature", "geometry": {"type": "Polygon", "coordinates": [[[130.99996456340767, 26.819945790915472], [131.03089018202616, 26.79949260086383], [131.06181580064467, 26.810669084489668], [131.06522793638095, 26.827531106766976], [131.06326209760786, 26.856081797376962], [131.06181580064467, 26.86154038657108], [131.05545093928188, 26.884632487986945], [131.0452317510376, 26.913183178596928], [131.03292334573732, 26.941733869206914], [131.03089018202616, 26.94527307914286], [131.01640216985635, 26.970284559816896], [130.99996456340767, 26.9961838058925], [130.9981781850247, 26.99883525042688], [130.97628827024215, 27.02738594103687], [130.9690389447892, 27.035536801322014], [130.95073681528845, 27.055936631646848], [130.9381133261707, 27.068527955512472], [130.9220119864376, 27.084487322256827], [130.9071877075522, 27.098007147285053], [130.89085723924498, 27.113038012866816], [130.87626208893371, 27.125668087982895], [130.85827553825843, 27.1415887034768], [130.8453364703152, 27.15251446507088], [130.82491907631572, 27.17013939408678], [130.81441085169672, 27.178693931856067], [130.78946021832166, 27.198690084696764], [130.78348523307824, 27.203164851407543], [130.75255961445976, 27.22490418407446], [130.7492281540666, 27.22724077530675], [130.72163399584124, 27.244611932458184], [130.70174207720993, 27.255791465916737], [130.69070837722276, 27.261907643946493], [130.65978275860428, 27.276558485938793], [130.64173290329603, 27.284342156526712], [130.62885713998577, 27.290282427923096], [130.5979315213673, 27.302527441424576], [130.5700205587642, 27.312892847136702], [130.5670059027488, 27.314187982116927], [130.53608028413032, 27.32562763344663], [130.5051546655118, 27.335942681316993], [130.48878818956786, 27.341443537746684], [130.47422904689333, 27.346854214771177], [130.44330342827482, 27.35718595887932], [130.41237780965633, 27.36851018070442], [130.40821033631295, 27.369994228356667], [130.38145219103785, 27.37913106032598], [130.35052657241937, 27.390303150003966], [130.33194176725237, 27.39854491896665], [130.31960095380086, 27.402183885305462], [130.28867533518238, 27.408326172572473], [130.2577497165639, 27.410661448531386], [130.22682409794538, 27.40761968112821], [130.19784800205292, 27.39854491896665], [130.20794076613132, 27.369994228356667], [130.22682409794538, 27.36295600830948], [130.2577497165639, 27.352526334228457], [130.28138927889057, 27.341443537746684], [130.28867533518238, 27.337707470588306], [130.31960095380086, 27.317599163271606], [130.3248855167071, 27.312892847136702], [130.35052657241937, 27.299219252814712], [130.3727594640189, 27.284342156526716], [130.38145219103785, 27.278924970657208], [130.41237780965633, 27.25920859459827], [130.4172322515541, 27.25579146591673], [130.44330342827482, 27.238865913934085], [130.4618814317982, 27.22724077530675], [130.47422904689333, 27.220029074898925], [130.5051546655118, 27.203171322856036], [130.51339452652763, 27.198690084696764], [130.53608028413032, 27.186253969915477], [130.5670059027488, 27.171200711626625], [130.56911191069597, 27.17013939408678], [130.5979315213673, 27.153542483619695], [130.62140997660208, 27.1415887034768], [130.62885713998577, 27.136676721548966], [130.65978275860428, 27.117896160353496], [130.66813077569026, 27.113038012866816], [130.69070837722276, 27.09635481499159], [130.70818767394675, 27.084487322256834], [130.72163399584124, 27.073387047044786], [130.74433471358722, 27.05593663164685], [130.75255961445976, 27.048786209752635], [130.77859488805504, 27.027385941036865], [130.78348523307824, 27.023067168163774], [130.81240573628074, 26.99883525042688], [130.81441085169672, 26.99706136607924], [130.8453364703152, 26.97077734044305], [130.84593151313618, 26.970284559816896], [130.87626208893371, 26.943783681097983], [130.87860040830944, 26.941733869206914], [130.9071877075522, 26.91523776584183], [130.90931105166237, 26.913183178596928], [130.93671818468255, 26.88463248798695], [130.93811332617068, 26.883175084614432], [130.96316972959326, 26.856081797376962], [130.9690389447892, 26.849472775369943], [130.9926942411136, 26.827531106766983], [130.99996456340767, 26.819945790915472]]]}, "properties": {"fillColor": "#FFFF00", "fillOpacity": 0.7, "color": "#000000", "weight": 0.2, "stroke": false}}, {"type": "Feature", "geometry": {"type": "Polygon", "coordinates": [[[130.87201556198502, 27.027385941036865], [130.8453364703152, 27.044200751808347], [130.82790584829834, 27.055936631646848], [130.81441085169672, 27.0643216690438], [130.78348523307824, 27.083516306556575], [130.78214091053408, 27.08448732225683], [130.75255961445976, 27.102836380944122], [130.73636891554554, 27.113038012866816], [130.72163399584127, 27.121172273454135], [130.69070837722276, 27.137875577273185], [130.68444945307863, 27.1415887034768], [130.65978275860428, 27.15457572602439], [130.62887128557858, 27.17013939408678], [130.62885713998577, 27.170146902837125], [130.5979315213673, 27.186339357219495], [130.5736816128139, 27.198690084696764], [130.5670059027488, 27.20283152566212], [130.53608028413032, 27.2202223288633], [130.5235689239151, 27.22724077530675], [130.5051546655118, 27.2412399355387], [130.48288995715885, 27.255791465916733], [130.47422904689333, 27.26588143485396], [130.45083656467415, 27.28434215652672], [130.47422904689333, 27.30719126276597], [130.50515466551184, 27.30249214095119], [130.53608028413032, 27.29607532048614], [130.5670059027488, 27.288311209337216], [130.57896443403965, 27.284342156526716], [130.5979315213673, 27.277088546852184], [130.62885713998577, 27.265585862977694], [130.65248449651673, 27.255791465916733], [130.65978275860428, 27.25200309766601], [130.69070837722276, 27.23570887935316], [130.70559485288743, 27.22724077530675], [130.72163399584124, 27.215729065912573], [130.74681217295878, 27.198690084696764], [130.75255961445976, 27.193416611236955], [130.78147914628877, 27.17013939408678], [130.78348523307824, 27.167943525720137], [130.81188310603272, 27.1415887034768], [130.81441085169672, 27.138527596454953], [130.84012155507781, 27.113038012866816], [130.8453364703152, 27.106639640163248], [130.86662205940516, 27.084487322256834], [130.87626208893371, 27.07191124994649], [130.88975519058485, 27.055936631646848], [130.9071877075522, 27.030614937163946], [130.90941878179393, 27.027385941036865], [130.9071877075522, 27.020670367886773], [130.87626208893371, 27.02446972381364], [130.87201556198502, 27.027385941036865]]]}, "properties": {"fillColor": "#FFFF00", "fillOpacity": 0.7, "color": "#000000", "weight": 0.2, "stroke": false}}, {"type": "Feature", "geometry": {"type": "Polygon", "coordinates": [[[115.78456020311002, 4.924070101558004], [115.81548582172852, 4.928385604896412], [115.81760744831337, 4.929151408909516], [115.81548582172852, 4.930563604842618], [115.78456020311002, 4.9543048826038], [115.77104053151204, 4.929151408909515], [115.78456020311002, 4.924070101558004]]]}, "properties": {"fillColor": "#FFA500", "fillOpacity": 0.7, "color": "#000000", "weight": 0.2, "stroke": false}}, {"type": "Feature", "geometry": {"type": "Polygon", "coordinates": [[[114.88771726317378, 6.20424602856978], [114.91864288179227, 6.201204243469535], [114.94956850041075, 6.2052149237353], [114.97440294255652, 6.213932486358781], [114.98049411902926, 6.215346096336678], [115.01141973764774, 6.226201788384833], [115.04234535626624, 6.238769221544275], [115.07327097488471, 6.241157748766196], [115.10419659350322, 6.235508604710898], [115.13512221212171, 6.238302198672821], [115.1491711801965, 6.242483176968763], [115.1660478307402, 6.246132352961922], [115.1969734493587, 6.256315450772016], [115.22500103761513, 6.271033867578748], [115.22789906797718, 6.273477811382854], [115.24973315353336, 6.299584558188731], [115.25280818818638, 6.328135248798715], [115.24981272862615, 6.356685939408698], [115.2398824530759, 6.385236630018682], [115.22789906797718, 6.398992443106394], [115.21969600566966, 6.413787320628666], [115.1969734493587, 6.437325854138583], [115.19357404930535, 6.4423380112386495], [115.16629973802651, 6.470888701848633], [115.16604783074018, 6.471115661011252], [115.13946127992027, 6.499439392458616], [115.13512221212171, 6.503406757436973], [115.10920787255384, 6.5279900830686], [115.10419659350322, 6.53238677761289], [115.07327097488472, 6.556467781151936], [115.07314826477457, 6.556540773678584], [115.04234535626624, 6.575836469719047], [115.0198487159677, 6.585091464288567], [115.01141973764774, 6.589361652668711], [114.98049411902926, 6.6109608125759864], [114.97807015432896, 6.613642154898551], [114.95141878359502, 6.642192845508535], [114.94956850041076, 6.643947434680944], [114.91864288179227, 6.663999218692336], [114.88771726317378, 6.669962415277021], [114.8805304727922, 6.670743536118518], [114.85679164455527, 6.674696843356411], [114.8258660259368, 6.677036025720592], [114.79494040731831, 6.680838411615403], [114.76401478869982, 6.688259231103062], [114.73308917008133, 6.698664903802808], [114.7209510754254, 6.699294226728503], [114.70216355146283, 6.700954507913916], [114.69677057008909, 6.699294226728503], [114.67123793284435, 6.685841345545242], [114.66412082957852, 6.670743536118519], [114.65759755635392, 6.642192845508535], [114.65566170317351, 6.613642154898551], [114.65796969788069, 6.585091464288567], [114.66593920540767, 6.556540773678584], [114.67123793284435, 6.545743882545061], [114.68041411671182, 6.5279900830686], [114.69982264171418, 6.4994393924586165], [114.70216355146283, 6.495798842804699], [114.71542481751254, 6.470888701848633], [114.72695830653142, 6.44233801123865], [114.73308917008133, 6.418973659627071], [114.73469546586402, 6.413787320628666], [114.74628369180684, 6.385236630018682], [114.76401478869981, 6.357443215619456], [114.76451878723633, 6.356685939408698], [114.78212672651696, 6.328135248798715], [114.79494040731831, 6.305113653042035], [114.79730711895233, 6.299584558188731], [114.80810131786842, 6.271033867578748], [114.8258660259368, 6.246053116228999], [114.82792663127239, 6.242483176968763], [114.85679164455529, 6.216142482191492], [114.86143094105469, 6.213932486358781], [114.88771726317378, 6.20424602856978]]]}, "properties": {"fillColor": "#FFA500", "fillOpacity": 0.7, "color": "#000000", "weight": 0.2, "stroke": false}}, {"type": "Feature", "geometry": {"type": "Polygon", "coordinates": [[[114.89275333501685, 6.242483176968763], [114.88771726317378, 6.2446708224136565], [114.86122226047436, 6.271033867578747], [114.85679164455529, 6.279410815642766], [114.84492941320384, 6.299584558188731], [114.83448091375419, 6.328135248798715], [114.8258660259368, 6.3503971208491485], [114.82202484772247, 6.356685939408698], [114.80518564969304, 6.385236630018682], [114.79576672643647, 6.413787320628666], [114.7949404073183, 6.416492745433214], [114.78671498206623, 6.4423380112386495], [114.76458489085796, 6.470888701848633], [114.76401478869981, 6.471425711846914], [114.73949923070671, 6.4994393924586165], [114.73308917008133, 6.507154702926751], [114.719430719652, 6.5279900830686], [114.70252912288285, 6.556540773678585], [114.70216355146283, 6.557234322275154], [114.68976368101087, 6.585091464288567], [114.68607639989006, 6.613642154898551], [114.69271444599167, 6.642192845508535], [114.70216355146283, 6.65508455607047], [114.73308917008133, 6.662555998626614], [114.76401478869981, 6.652209573439034], [114.79494040731831, 6.648061697113406], [114.8258660259368, 6.645594203785803], [114.85679164455529, 6.643995212358455], [114.8735428795876, 6.642192845508535], [114.88771726317378, 6.640832320665881], [114.91864288179227, 6.633510840000241], [114.94422935665509, 6.6136421548985505], [114.94956850041076, 6.609243150691496], [114.97212091069794, 6.585091464288568], [114.98049411902926, 6.576580364474749], [115.00892103876602, 6.556540773678584], [115.01141973764774, 6.5548340126966655], [115.04234535626624, 6.539835793268056], [115.06051910229114, 6.5279900830686], [115.07327097488474, 6.519426635497936], [115.09646103578733, 6.499439392458617], [115.1041965935032, 6.491865683732723], [115.1244043230519, 6.470888701848634], [115.13512221212173, 6.456925712347755], [115.14722629542194, 6.4423380112386495], [115.16407948084557, 6.413787320628666], [115.1660478307402, 6.407795364299784], [115.17493915293062, 6.385236630018682], [115.17644235153938, 6.356685939408698], [115.17570764701465, 6.328135248798715], [115.1660478307402, 6.313646891982303], [115.13512221212171, 6.302857950535412], [115.10419659350322, 6.299987184189213], [115.10290430732864, 6.29958455818873], [115.07327097488472, 6.2940464375696425], [115.04234535626624, 6.281871109354951], [115.02952463574417, 6.271033867578748], [115.01141973764774, 6.260379595599931], [114.98049411902926, 6.243382429974508], [114.97762228613078, 6.242483176968763], [114.94956850041078, 6.233538912433367], [114.91864288179227, 6.232679961280811], [114.89275333501685, 6.242483176968763]]]}, "properties": {"fillColor": "#FFA500", "fillOpacity": 0.7, "color": "#000000", "weight": 0.2, "stroke": false}}, {"type": "Feature", "geometry": {"type": "Polygon", "coordinates": [[[114.48568422113338, 6.756378763487797], [114.51660983975188, 6.733560673934695], [114.54753545837036, 6.750697647592523], [114.55493984823153, 6.75639560794847], [114.57680796067443, 6.784946298558453], [114.57846107698887, 6.791328477047184], [114.59332989577572, 6.813496989168437], [114.58992442966652, 6.842047679778419], [114.58179153130217, 6.870598370388404], [114.57846107698887, 6.886798517669263], [114.57621578438938, 6.899149060998388], [114.57846107698887, 6.910013599239299], [114.58356628544426, 6.927699751608372], [114.6089051301383, 6.956250442218355], [114.60938669560736, 6.956476228691142], [114.64031231422585, 6.956373152768125], [114.67123793284435, 6.967477236005273], [114.6802073647568, 6.984801132828338], [114.6877415217038, 7.013351823438322], [114.69967398750403, 7.0419025140483065], [114.70216355146283, 7.0459795744006435], [114.71526323558032, 7.07045320465829], [114.72289131603276, 7.0990038952682735], [114.72597992977785, 7.127554585878258], [114.72473659828907, 7.1561052764882405], [114.7186009992539, 7.184655967098225], [114.71222706246941, 7.2132066577082075], [114.70216355146283, 7.238510980521834], [114.70080925938406, 7.241757348318192], [114.67123793284435, 7.267774919510447], [114.64031231422585, 7.268332602983295], [114.60938669560736, 7.2584528906536105], [114.58816703935253, 7.241757348318192], [114.57846107698887, 7.234447722383531], [114.55721391396345, 7.2132066577082075], [114.54753545837038, 7.202669745771017], [114.53063250407406, 7.184655967098225], [114.51660983975188, 7.1634584288920715], [114.51060299710382, 7.1561052764882405], [114.49459488618447, 7.127554585878258], [114.48750359664326, 7.0990038952682735], [114.4856842211334, 7.076959172380705], [114.48463124231668, 7.070453204658289], [114.4856842211334, 7.061154007187292], [114.48786627895556, 7.0419025140483065], [114.50212978168588, 7.013351823438322], [114.51660983975188, 6.9968705545094965], [114.53287325461281, 6.984801132828338], [114.53845977076064, 6.956250442218355], [114.5351540963566, 6.927699751608372], [114.52041098198191, 6.899149060998388], [114.51660983975188, 6.894445599124757], [114.50426428661578, 6.870598370388404], [114.49363115959756, 6.84204767977842], [114.4856842211334, 6.814941160354893], [114.48521775216913, 6.813496989168437], [114.48054485572044, 6.784946298558453], [114.48567727723308, 6.75639560794847], [114.48568422113338, 6.756378763487797]]]}, "properties": {"fillColor": "#FFA500", "fillOpacity": 0.7, "color": "#000000", "weight": 0.2, "stroke": false}}, {"type": "Feature", "geometry": {"type": "Polygon", "coordinates": [[[114.53612178853348, 7.0419025140483065], [114.51660983975188, 7.053536866683883], [114.50846730385496, 7.070453204658289], [114.50674357136117, 7.0990038952682735], [114.51634572298522, 7.127554585878257], [114.51660983975188, 7.127969453958957], [114.53112191383394, 7.1561052764882405], [114.54753545837039, 7.176279675872696], [114.55414903359613, 7.184655967098225], [114.57846107698887, 7.209494280919859], [114.58266327419706, 7.2132066577082075], [114.60938669560736, 7.235141963322841], [114.63044785550349, 7.241757348318192], [114.64031231422585, 7.24601668145665], [114.65658387622759, 7.241757348318192], [114.67123793284435, 7.236528629578991], [114.68735573701863, 7.2132066577082075], [114.69557808253816, 7.184655967098224], [114.70191429966846, 7.15610527648824], [114.70216355146283, 7.147622635571068], [114.7032096008562, 7.127554585878257], [114.70216355146283, 7.123180426566815], [114.6964083298425, 7.0990038952682735], [114.6797273417767, 7.070453204658289], [114.67123793284435, 7.058792986095604], [114.64031231422587, 7.045492117139782], [114.63353736073704, 7.0419025140483065], [114.60938669560736, 7.025927721421145], [114.57846107698887, 7.016977523220541], [114.54753545837039, 7.035510988780814], [114.53612178853348, 7.0419025140483065]]]}, "properties": {"fillColor": "#FFA500", "fillOpacity": 0.7, "color": "#000000", "weight": 0.2, "stroke": false}}, {"type": "Feature", "geometry": {"type": "Polygon", "coordinates": [[[133.50493967150547, 9.865434385905399], [133.53586529012395, 9.863626221784942], [133.56679090874243, 9.867847997109347], [133.56801594402324, 9.868420884436688], [133.56897006873083, 9.89697157504667], [133.56679090874243, 9.898930794120126], [133.53586529012395, 9.923622652815089], [133.5330134558282, 9.925522265656655], [133.50493967150547, 9.936980853937587], [133.47401405288696, 9.944255947127365], [133.44308843426847, 9.947794593490913], [133.41216281565, 9.946925999432866], [133.38123719703148, 9.940164145530607], [133.36710465756005, 9.925522265656655], [133.38123719703148, 9.913845188272138], [133.4031740026112, 9.89697157504667], [133.41216281565, 9.891915455617816], [133.44308843426847, 9.87997106471543], [133.47401405288696, 9.871285674463646], [133.48774201820234, 9.868420884436688], [133.50493967150547, 9.865434385905399]]]}, "properties": {"fillColor": "#FFA500", "fillOpacity": 0.7, "color": "#000000", "weight": 0.2, "stroke": false}}, {"type": "Feature", "geometry": {"type": "Polygon", "coordinates": [[[133.62864214597943, 10.309031297844834], [133.6595677645979, 10.30678864545533], [133.6904933832164, 10.317402785877867], [133.7013245082126, 10.325231934196427], [133.7214190018349, 10.349186513145758], [133.724968632691, 10.35378262480641], [133.73109999699457, 10.382333315416393], [133.7214190018349, 10.405896732748538], [133.71953863796557, 10.410884006026379], [133.6904933832164, 10.43341816536287], [133.6633172316175, 10.439434696636361], [133.6595677645979, 10.44040749935064], [133.65330294812512, 10.439434696636361], [133.62864214597943, 10.436622220232326], [133.59771652736094, 10.420320876477907], [133.58703759625018, 10.410884006026377], [133.573176711104, 10.382333315416393], [133.57635777170276, 10.35378262480641], [133.59771652736094, 10.326329592477565], [133.5991493035912, 10.325231934196427], [133.62864214597943, 10.309031297844834]]]}, "properties": {"fillColor": "#FFA500", "fillOpacity": 0.7, "color": "#000000", "weight": 0.2, "stroke": false}}, {"type": "Feature", "geometry": {"type": "Polygon", "coordinates": [[[133.60969492206553, 10.35378262480641], [133.60584798997934, 10.382333315416393], [133.62864214597943, 10.407618934273385], [133.642804496662, 10.410884006026377], [133.6595677645979, 10.413876646437085], [133.6677160364057, 10.410884006026377], [133.6904933832164, 10.394118238374055], [133.69732062517414, 10.382333315416393], [133.69101647293, 10.35378262480641], [133.6904933832164, 10.353232932068408], [133.6595677645979, 10.33471616591805], [133.62864214597943, 10.338087395279398], [133.60969492206553, 10.35378262480641]]]}, "properties": {"fillColor": "#FFA500", "fillOpacity": 0.7, "color": "#000000", "weight": 0.2, "stroke": false}}, {"type": "Feature", "geometry": {"type": "Polygon", "coordinates": [[[127.81462584570309, 10.561123229530104], [127.84555146432157, 10.56001559697745], [127.87647708294007, 10.566801971610605], [127.90740270155855, 10.579654328857494], [127.91158115123093, 10.582188149686278], [127.93832832017705, 10.596937206553513], [127.95733175142976, 10.610738840296262], [127.96925393879553, 10.619539806209067], [127.99243954131192, 10.639289530906247], [128.00017955741404, 10.644886876793226], [128.0293120408441, 10.66784022151623], [128.03110517603253, 10.669577998396791], [128.05223158977742, 10.696390912126214], [128.06136643146985, 10.724941602736198], [128.0506337403833, 10.75349229334618], [128.03110517603253, 10.76403608873169], [128.00017955741404, 10.75661177189515], [127.99609427344144, 10.75349229334618], [127.96925393879553, 10.730582687992143], [127.96364306253356, 10.724941602736198], [127.93832832017705, 10.702366004506665], [127.92891424642889, 10.696390912126214], [127.90740270155855, 10.6845707776817], [127.87647708294007, 10.671356450893825], [127.86847282370077, 10.66784022151623], [127.84555146432157, 10.655665305363403], [127.81687746404116, 10.639289530906247], [127.81462584570309, 10.63691095973285], [127.78892196581019, 10.610738840296262], [127.78469157899683, 10.582188149686278], [127.81462584570309, 10.561123229530104]]]}, "properties": {"fillColor": "#FFA500", "fillOpacity": 0.7, "color": "#000000", "weight": 0.2, "stroke": false}}, {"type": "Feature", "geometry": {"type": "Polygon", "coordinates": [[[138.2984105573716, 10.609399906271944], [138.32933617599008, 10.589934542071997], [138.36026179460856, 10.583100219807395], [138.39118741322704, 10.588059723722127], [138.42211303184556, 10.60666690108984], [138.42976178858953, 10.610738840296262], [138.45303865046404, 10.618516745728124], [138.48396426908255, 10.624810795685306], [138.51488988770103, 10.634659845893228], [138.5223109261951, 10.639289530906247], [138.5458155063195, 10.651957640758338], [138.56141141948245, 10.66784022151623], [138.576741124938, 10.693429508796475], [138.5785639817489, 10.696390912126214], [138.58480173338293, 10.724941602736198], [138.576741124938, 10.746433604914834], [138.57376436538888, 10.75349229334618], [138.5458155063195, 10.775034019041929], [138.51878676482858, 10.782042983956163], [138.51488988770103, 10.78320765468898], [138.48396426908255, 10.789147205683419], [138.45303865046404, 10.795213382333436], [138.42211303184556, 10.80178427752174], [138.39118741322704, 10.806663986115128], [138.36026179460856, 10.808449808387573], [138.32933617599008, 10.80609623054403], [138.2984105573716, 10.796417135152577], [138.27738601651416, 10.782042983956163], [138.26748493875309, 10.775010482275919], [138.24654572250387, 10.75349229334618], [138.23752828992826, 10.724941602736198], [138.23699499799991, 10.696390912126214], [138.24505659221236, 10.66784022151623], [138.26748493875309, 10.63930206371576], [138.2674990712504, 10.639289530906247], [138.29701623196755, 10.610738840296262], [138.2984105573716, 10.609399906271944]]]}, "properties": {"fillColor": "#FFA500", "fillOpacity": 0.7, "color": "#000000", "weight": 0.2, "stroke": false}}, {"type": "Feature", "geometry": {"type": "Polygon", "coordinates": [[[138.32297465215424, 10.639289530906247], [138.2984105573716, 10.649886273074529], [138.27854700788623, 10.66784022151623], [138.26748493875309, 10.681817803597959], [138.2585536937534, 10.696390912126214], [138.25739051316447, 10.724941602736198], [138.26748493875309, 10.740867312799436], [138.27551720812895, 10.75349229334618], [138.2984105573716, 10.77240024200695], [138.32486864041513, 10.782042983956163], [138.32933617599008, 10.784207419605316], [138.36026179460856, 10.789296012785027], [138.39118741322704, 10.785730206172715], [138.40586271925702, 10.782042983956163], [138.42211303184556, 10.779161422159609], [138.45303865046404, 10.772567217562216], [138.48396426908255, 10.76563490400736], [138.51488988770103, 10.757402140831145], [138.5240029705834, 10.75349229334618], [138.5458155063195, 10.73536748794871], [138.55232459076535, 10.724941602736198], [138.5479907525723, 10.696390912126214], [138.5458155063195, 10.693491648906614], [138.51645104018309, 10.66784022151623], [138.51488988770103, 10.6668077051538], [138.48396426908255, 10.655985032624798], [138.45303865046404, 10.651615143414466], [138.42211303184558, 10.64887367290575], [138.39118741322704, 10.642051883643623], [138.3835592565411, 10.639289530906247], [138.36026179460856, 10.627340612507027], [138.32933617599008, 10.635263468234339], [138.32297465215424, 10.639289530906247]]]}, "properties": {"fillColor": "#FFA500", "fillOpacity": 0.7, "color": "#000000", "weight": 0.2, "stroke": false}}, {"type": "Feature", "geometry": {"type": "Polygon", "coordinates": [[[143.67946819698903, 10.660414134184213], [143.71039381560755, 10.649902025194105], [143.74131943422603, 10.646655606465094], [143.7722450528445, 10.646935771774878], [143.80317067146302, 10.649874358065226], [143.8340962900815, 10.654645967839592], [143.8650219087, 10.660811910033358], [143.89295225265937, 10.66784022151623], [143.89594752731847, 10.668501931698767], [143.92687314593698, 10.676868257952036], [143.95779876455546, 10.68897392591009], [143.97301437165197, 10.696390912126214], [143.98872438317397, 10.704033525163961], [144.01965000179246, 10.722872839027048], [144.02279804248232, 10.724941602736198], [144.05057562041094, 10.747246855134804], [144.05837065445894, 10.753492293346183], [144.07801053767827, 10.782042983956163], [144.08150123902942, 10.797817908910089], [144.08484226551812, 10.81059367456615], [144.08810419200222, 10.839144365176132], [144.0901946197305, 10.867695055786115], [144.08610698700383, 10.896245746396099], [144.08150123902942, 10.903427436980282], [144.0593125978417, 10.924796437006083], [144.05057562041094, 10.929734868930513], [144.01965000179246, 10.940991057241085], [143.98872438317397, 10.947143526236523], [143.9706930359694, 10.953347127616066], [143.95779876455546, 10.961271364211154], [143.9272018664203, 10.98189781822605], [143.92687314593698, 10.982007263208446], [143.92437212418054, 10.98189781822605], [143.89594752731847, 10.980634771908562], [143.8650219087, 10.966317644706812], [143.84869425273445, 10.953347127616066], [143.8340962900815, 10.942116440979525], [143.81768927897713, 10.924796437006083], [143.80317067146302, 10.909280363201841], [143.79252037289828, 10.8962457463961], [143.77233682675612, 10.867695055786115], [143.7722450528445, 10.867520199301497], [143.75474722136622, 10.839144365176132], [143.74131943422606, 10.821829427277784], [143.72734729470227, 10.81059367456615], [143.71039381560755, 10.79863205380749], [143.67946819698903, 10.782492429931976], [143.67839593705781, 10.782042983956163], [143.64854257837055, 10.763458781135455], [143.64201276991733, 10.75349229334618], [143.63743955675199, 10.724941602736198], [143.6450801252316, 10.696390912126214], [143.64854257837055, 10.691854912218089], [143.66820080667125, 10.66784022151623], [143.67946819698903, 10.660414134184213]]]}, "properties": {"fillColor": "#FFA500", "fillOpacity": 0.7, "color": "#000000", "weight": 0.2, "stroke": false}}, {"type": "Feature", "geometry": {"type": "Polygon", "coordinates": [[[143.68948447687566, 10.696390912126214], [143.67946819698903, 10.716419951179883], [143.67657609769344, 10.724941602736198], [143.67946819698903, 10.729263462966651], [143.70629234241443, 10.75349229334618], [143.71039381560755, 10.755851058949721], [143.74131943422603, 10.775465005863314], [143.75683051427063, 10.782042983956163], [143.7722450528445, 10.794231470030198], [143.80317067146302, 10.81019410438177], [143.80411995513663, 10.81059367456615], [143.8340962900815, 10.836805043390891], [143.8386855018568, 10.839144365176132], [143.8650219087, 10.857040666580717], [143.89594752731847, 10.865347542281173], [143.9070957054904, 10.867695055786115], [143.92687314593698, 10.872400202795767], [143.95779876455546, 10.874154704148093], [143.9835667638384, 10.867695055786115], [143.98872438317395, 10.865004739762014], [144.00620592587566, 10.839144365176132], [144.00799038461702, 10.81059367456615], [144.00132148277885, 10.782042983956163], [143.98872438317397, 10.763587476685135], [143.98211105833494, 10.75349229334618], [143.95779876455546, 10.735256532942097], [143.94114458027326, 10.724941602736198], [143.92687314593698, 10.717524302844533], [143.89594752731847, 10.704217638026309], [143.86828179832273, 10.696390912126214], [143.8650219087, 10.695354585893876], [143.8340962900815, 10.687235836299791], [143.80317067146302, 10.680742835433264], [143.77224505284454, 10.675953579473074], [143.74131943422603, 10.675585800739457], [143.71039381560755, 10.682602156022629], [143.68948447687566, 10.696390912126214]]]}, "properties": {"fillColor": "#FFA500", "fillOpacity": 0.7, "color": "#000000", "weight": 0.2, "stroke": false}}, {"type": "Feature", "geometry": {"type": "Polygon", "coordinates": [[[140.3085757675735, 10.751253033616761], [140.339501386192, 10.739056534269867], [140.3704270048105, 10.749264895660193], [140.37439172320597, 10.75349229334618], [140.38796616177888, 10.782042983956163], [140.39212123697405, 10.81059367456615], [140.387791597715, 10.839144365176132], [140.3704270048105, 10.862828888296121], [140.3622255764095, 10.867695055786115], [140.339501386192, 10.876284432397625], [140.3085757675735, 10.874739509213303], [140.29673942694552, 10.867695055786115], [140.27765014895502, 10.843375854665497], [140.27590285739151, 10.839144365176132], [140.27523969354047, 10.81059367456615], [140.27765014895502, 10.802753635519108], [140.2847847202502, 10.782042983956163], [140.306178522992, 10.75349229334618], [140.3085757675735, 10.751253033616761]]]}, "properties": {"fillColor": "#FFA500", "fillOpacity": 0.7, "color": "#000000", "weight": 0.2, "stroke": false}}, {"type": "Feature", "geometry": {"type": "Polygon", "coordinates": [[[134.7419644162451, 11.13653956537658], [134.7728900348636, 11.136906252175878], [134.80381565348208, 11.14250303015659], [134.82461489372594, 11.153201961885951], [134.82941684753146, 11.181752652495936], [134.8302356533406, 11.21030334310592], [134.8339417562583, 11.238854033715903], [134.8344933369321, 11.267404724325885], [134.82745950658602, 11.295955414935872], [134.81678061705946, 11.324506105545854], [134.80381565348208, 11.34444332838579], [134.7955001526256, 11.353056796155837], [134.77289003486356, 11.36707533023259], [134.7419644162451, 11.3681878342259], [134.71193299606585, 11.353056796155837], [134.7110387976266, 11.352691338560971], [134.68103872402315, 11.324506105545854], [134.68011317900812, 11.3227586319311], [134.663960725859, 11.295955414935872], [134.65909782409028, 11.267404724325885], [134.66081143164087, 11.238854033715903], [134.6661154353367, 11.21030334310592], [134.68011317900812, 11.184068753742517], [134.68178319552626, 11.181752652495936], [134.7110387976266, 11.154525533647508], [134.71404218767668, 11.153201961885951], [134.7419644162451, 11.13653956537658]]]}, "properties": {"fillColor": "#FFA500", "fillOpacity": 0.7, "color": "#000000", "weight": 0.2, "stroke": false}}, {"type": "Feature", "geometry": {"type": "Polygon", "coordinates": [[[134.72719799142442, 11.181752652495936], [134.7110387976266, 11.186234921639436], [134.6884117304688, 11.210303343105918], [134.68231384662326, 11.238854033715903], [134.68065405556024, 11.267404724325885], [134.68543289336867, 11.29595541493587], [134.70455193543427, 11.324506105545854], [134.7110387976266, 11.330600548007732], [134.7419644162451, 11.346716089731835], [134.7728900348636, 11.342650712257988], [134.79176540977576, 11.324506105545854], [134.80381565348208, 11.301638705442103], [134.80702593502687, 11.295955414935872], [134.82114633764138, 11.267404724325885], [134.8178712897923, 11.238854033715903], [134.8038156534821, 11.211226335385637], [134.80307662905557, 11.21030334310592], [134.77816675176092, 11.181752652495936], [134.7728900348636, 11.178361226918847], [134.7419644162451, 11.174117437637344], [134.72719799142442, 11.181752652495936]]]}, "properties": {"fillColor": "#FFA500", "fillOpacity": 0.7, "color": "#000000", "weight": 0.2, "stroke": false}}, {"type": "Feature", "geometry": {"type": "Polygon", "coordinates": [[[135.4532536444704, 11.444054482090195], [135.4841792630889, 11.444759648083423], [135.50472614864276, 11.467259558595773], [135.51510488170737, 11.482145208957538], [135.52356609201374, 11.495810249205757], [135.54467181415973, 11.52436093981574], [135.54603050032588, 11.525966850568587], [135.56604396366188, 11.552911630425722], [135.57695611894437, 11.579968539692905], [135.57758650245572, 11.581462321035707], [135.5827782185835, 11.610013011645691], [135.58187510904034, 11.638563702255674], [135.57695611894437, 11.664276613323395], [135.57640224599882, 11.667114392865658], [135.56728990911319, 11.695665083475642], [135.55079142285138, 11.724215774085625], [135.54603050032588, 11.730521071831488], [135.51510488170737, 11.746071638006217], [135.4841792630889, 11.743731216785656], [135.4532536444704, 11.734935716110403], [135.4223280258519, 11.725721849509716], [135.41539271837846, 11.724215774085625], [135.39140240723341, 11.718330613681786], [135.36047678861493, 11.712899562201084], [135.32955116999642, 11.707464807642346], [135.29862555137794, 11.69966546907853], [135.28837602028906, 11.695665083475642], [135.26769993275946, 11.683390693215191], [135.24932533872052, 11.667114392865658], [135.23677431414097, 11.646537940609758], [135.23127180294762, 11.638563702255674], [135.23613795189843, 11.61001301164569], [135.23677431414097, 11.609703030604814], [135.26769993275946, 11.59494583180441], [135.29862555137794, 11.58230134389587], [135.30054106343542, 11.581462321035707], [135.32955116999642, 11.569862433064468], [135.36047678861493, 11.555174283144723], [135.36352694649045, 11.552911630425722], [135.39131692808175, 11.52436093981574], [135.39140240723341, 11.524247232705674], [135.40784350396962, 11.495810249205757], [135.4223280258519, 11.472669255710764], [135.42743015207262, 11.467259558595773], [135.4532536444704, 11.444054482090195]]]}, "properties": {"fillColor": "#FFA500", "fillOpacity": 0.7, "color": "#000000", "weight": 0.2, "stroke": false}}, {"type": "Feature", "geometry": {"type": "Polygon", "coordinates": [[[135.4529655781575, 11.52436093981574], [135.4360441784272, 11.552911630425722], [135.4223280258519, 11.575338121555163], [135.4181524243405, 11.581462321035707], [135.40108157020174, 11.610013011645691], [135.41858763923454, 11.638563702255674], [135.4223280258519, 11.640740590506226], [135.4532536444704, 11.664731975734846], [135.45940731351118, 11.667114392865658], [135.4841792630889, 11.673979087526504], [135.5079555634161, 11.667114392865658], [135.51510488170737, 11.66424226663029], [135.53150359961904, 11.638563702255674], [135.53619535346937, 11.610013011645691], [135.5286207889738, 11.581462321035707], [135.51510488170737, 11.561356320862016], [135.50549052190834, 11.552911630425722], [135.4841792630889, 11.530212478603467], [135.45516970777805, 11.52436093981574], [135.4532536444704, 11.523969713055791], [135.4529655781575, 11.52436093981574]]]}, "properties": {"fillColor": "#FFA500", "fillOpacity": 0.7, "color": "#000000", "weight": 0.2, "stroke": false}}, {"type": "Feature", "geometry": {"type": "Polygon", "coordinates": [[[148.3492366083812, 11.603371982411193], [148.3801622269997, 11.599301701515712], [148.41108784561823, 11.603373070641139], [148.4259510917463, 11.610013011645691], [148.44201346423668, 11.620355309520388], [148.45708663529808, 11.638563702255674], [148.46289533777957, 11.667114392865658], [148.44816642025177, 11.695665083475642], [148.44201346423668, 11.70043229742251], [148.41108784561823, 11.709608124147278], [148.3801622269997, 11.70588397835767], [148.35106619662437, 11.695665083475642], [148.3492366083812, 11.694433283172982], [148.3206270130359, 11.667114392865658], [148.31831098976272, 11.65962771851173], [148.30977097242874, 11.638563702255674], [148.31831098976272, 11.62474861530301], [148.33123648385737, 11.610013011645691], [148.3492366083812, 11.603371982411193]]]}, "properties": {"fillColor": "#FFA500", "fillOpacity": 0.7, "color": "#000000", "weight": 0.2, "stroke": false}}, {"type": "Feature", "geometry": {"type": "Polygon", "coordinates": [[[148.40535448198386, 11.667114392865658], [148.4110878456182, 11.669127179924494], [148.41360737083087, 11.667114392865658], [148.4110878456182, 11.66239442426269], [148.40535448198386, 11.667114392865658]]]}, "properties": {"fillColor": "#FFA500", "fillOpacity": 0.7, "color": "#000000", "weight": 0.2, "stroke": false}}, {"type": "Feature", "geometry": {"type": "Polygon", "coordinates": [[[147.9781291849593, 11.691368475828824], [148.0090548035778, 11.685601662541199], [148.0399804221963, 11.680171407518571], [148.0709060408148, 11.675818731089702], [148.1018316594333, 11.674786807974776], [148.13275727805177, 11.682452354525449], [148.15341674184648, 11.695665083475642], [148.1577437694867, 11.724215774085625], [148.1605369485452, 11.752766464695608], [148.16368289667025, 11.758457360226005], [148.17947211932497, 11.781317155305594], [148.19460851528876, 11.799189533857215], [148.2075729439175, 11.809867845915576], [148.22553413390725, 11.820648094878967], [148.25645975252573, 11.830556059246389], [148.28594043136806, 11.838418536525559], [148.28738537114424, 11.838784790133724], [148.31831098976272, 11.84612134367623], [148.3492366083812, 11.853771832356284], [148.3801622269997, 11.863495556337575], [148.38906694155605, 11.866969227135543], [148.4110878456182, 11.881800161146232], [148.43145728934772, 11.895519917745528], [148.42070324009987, 11.92407060835551], [148.4110878456182, 11.928096974814244], [148.3801622269997, 11.936309823506587], [148.3492366083812, 11.941038617005287], [148.31831098976272, 11.94439167885339], [148.28738537114424, 11.947571679830261], [148.25645975252573, 11.950627348924588], [148.24027685329293, 11.952621298965495], [148.22553413390725, 11.954824605400056], [148.19460851528876, 11.9607975385303], [148.16368289667025, 11.969063510658504], [148.13275727805177, 11.978994669070303], [148.12668360575975, 11.98117198957548], [148.1018316594333, 11.990428036114935], [148.0709060408148, 12.001176192922628], [148.04421848122627, 12.009722680185462], [148.0399804221963, 12.011072649020818], [148.00905480357784, 12.019957781912963], [147.9781291849593, 12.02541059992254], [147.94720356634082, 12.02825531967289], [147.91627794772234, 12.029209065467967], [147.88535232910385, 12.025000124505326], [147.85442671048537, 12.012343129458772], [147.85006394274274, 12.009722680185462], [147.82609324683085, 11.98117198957548], [147.82575636431773, 11.952621298965495], [147.82622543243352, 11.92407060835551], [147.82489998956888, 11.895519917745528], [147.82350109186686, 11.892345514383619], [147.8141885399859, 11.866969227135543], [147.79809576144515, 11.838418536525559], [147.79257547324838, 11.818683237423919], [147.7886414300718, 11.809867845915576], [147.7858673278867, 11.781317155305594], [147.79257547324838, 11.758156238275301], [147.79403818268682, 11.752766464695608], [147.8158751302981, 11.724215774085623], [147.82350109186686, 11.717590177185112], [147.85442671048537, 11.706589372641096], [147.88535232910385, 11.702243018938722], [147.91627794772234, 11.699058299881997], [147.94720356634082, 11.696295701584978], [147.95345135939775, 11.695665083475642], [147.9781291849593, 11.691368475828824]]]}, "properties": {"fillColor": "#FFA500", "fillOpacity": 0.7, "color": "#000000", "weight": 0.2, "stroke": false}}, {"type": "Feature", "geometry": {"type": "Polygon", "coordinates": [[[147.92398293724202, 11.724215774085625], [147.91627794772234, 11.72510790808349], [147.88535232910385, 11.730347686584345], [147.85442671048537, 11.738882810345148], [147.83273901546238, 11.752766464695608], [147.82350109186686, 11.763183204439162], [147.81394504660392, 11.781317155305594], [147.81190978419488, 11.809867845915576], [147.82350109186686, 11.837487619360216], [147.82397287229753, 11.838418536525559], [147.85442671048537, 11.866253579285704], [147.8558123344182, 11.866969227135543], [147.87918091358046, 11.895519917745528], [147.88355484491848, 11.92407060835551], [147.8847282758771, 11.952621298965495], [147.88535232910385, 11.954933779985458], [147.90280634500235, 11.98117198957548], [147.91627794772234, 11.985602277648008], [147.94720356634082, 11.984684551182749], [147.9775442206428, 11.98117198957548], [147.9781291849593, 11.981087524606338], [148.0090548035778, 11.971903216715361], [148.0399804221963, 11.961486465205335], [148.06379854365244, 11.952621298965493], [148.0709060408148, 11.950121488922997], [148.1018316594333, 11.936117065034907], [148.12388040852187, 11.92407060835551], [148.13275727805177, 11.916457081812254], [148.15649847786295, 11.895519917745528], [148.16077599684587, 11.866969227135542], [148.1512260580393, 11.838418536525559], [148.1440353104472, 11.809867845915576], [148.13275727805177, 11.784796865055531], [148.131620365017, 11.781317155305592], [148.11332440226312, 11.752766464695608], [148.1018316594333, 11.73552470501023], [148.08072539377787, 11.724215774085625], [148.0709060408148, 11.72067153812744], [148.0399804221963, 11.718302246536243], [148.0090548035778, 11.718505460944117], [147.9781291849593, 11.718661853407651], [147.94720356634082, 11.720756658072194], [147.92398293724202, 11.724215774085625]]]}, "properties": {"fillColor": "#FFA500", "fillOpacity": 0.7, "color": "#000000", "weight": 0.2, "stroke": false}}, {"type": "Feature", "geometry": {"type": "Polygon", "coordinates": [[[141.20541870750975, 11.773684062828359], [141.23634432612823, 11.771641342319693], [141.26726994474674, 11.775460189938293], [141.28471731271105, 11.781317155305594], [141.29819556336523, 11.784252964817751], [141.3291211819837, 11.795998249694932], [141.35093654198383, 11.809867845915576], [141.36004680060222, 11.813314105788919], [141.3909724192207, 11.827343380086516], [141.40954490835765, 11.838418536525559], [141.42189803783918, 11.847480636506923], [141.44482289126108, 11.866969227135542], [141.44987938374686, 11.895519917745528], [141.4408614282869, 11.92407060835551], [141.42189803783918, 11.941953581414573], [141.4036493096304, 11.952621298965497], [141.3909724192207, 11.95842741190791], [141.36004680060222, 11.96597355370318], [141.3291211819837, 11.967714801141558], [141.29819556336523, 11.965676835284615], [141.26726994474674, 11.958783575646367], [141.24904922665252, 11.952621298965495], [141.23634432612823, 11.948787767113114], [141.20541870750975, 11.939465345461127], [141.17449308889127, 11.929849303552333], [141.15511554488603, 11.92407060835551], [141.14356747027279, 11.920070616668578], [141.11264185165427, 11.905755253406094], [141.09988005268622, 11.895519917745528], [141.0817162330358, 11.872608869531323], [141.07442163642193, 11.866969227135543], [141.07598283910139, 11.838418536525559], [141.0817162330358, 11.834561840291945], [141.11264185165427, 11.811641573880545], [141.11454371226287, 11.809867845915576], [141.14356747027279, 11.794134367798971], [141.17449308889127, 11.781873822058172], [141.17666156545718, 11.781317155305594], [141.20541870750975, 11.773684062828359]]]}, "properties": {"fillColor": "#FFA500", "fillOpacity": 0.7, "color": "#000000", "weight": 0.2, "stroke": false}}, {"type": "Feature", "geometry": {"type": "Polygon", "coordinates": [[[141.19868751582428, 11.809867845915576], [141.17449308889127, 11.82793010556108], [141.1635656837278, 11.838418536525559], [141.16693031297282, 11.866969227135543], [141.17449308889127, 11.87381336322133], [141.19915399320058, 11.895519917745528], [141.20541870750975, 11.898868521080294], [141.23634432612823, 11.918037763981705], [141.2461856584527, 11.92407060835551], [141.26726994474674, 11.9338972081961], [141.29819556336523, 11.942442055149183], [141.3291211819837, 11.944009089162064], [141.36004680060222, 11.939558926850935], [141.3909724192207, 11.925074484501451], [141.39239413681943, 11.92407060835551], [141.4115626875967, 11.895519917745528], [141.40770915402658, 11.866969227135545], [141.3909724192207, 11.85364997956572], [141.36902961244678, 11.838418536525559], [141.36004680060222, 11.833306443634411], [141.32912118198374, 11.819790010114936], [141.29819556336523, 11.810239308903114], [141.29613175214814, 11.809867845915578], [141.26726994474674, 11.802480244165675], [141.23634432612823, 11.80151227041269], [141.20541870750975, 11.80730843808351], [141.19868751582428, 11.809867845915576]]]}, "properties": {"fillColor": "#FFA500", "fillOpacity": 0.7, "color": "#000000", "weight": 0.2, "stroke": false}}, {"type": "Feature", "geometry": {"type": "Polygon", "coordinates": [[[139.07155102283386, 12.11766227965127], [139.10247664145237, 12.121062153007983], [139.1104596085116, 12.123925442625396], [139.13340226007085, 12.130346976481125], [139.16432787868933, 12.147912856019081], [139.16921346046533, 12.152476133235378], [139.1919981653377, 12.181026823845365], [139.19525349730782, 12.188337086474485], [139.2031729920423, 12.209577514455347], [139.2072839440679, 12.23812820506533], [139.20617138692387, 12.266678895675314], [139.2007418249317, 12.295229586285298], [139.19525349730782, 12.310111078846289], [139.19172058671958, 12.323780276895281], [139.18138127494512, 12.352330967505265], [139.16432787868933, 12.37536185312685], [139.1578504902157, 12.38088165811525], [139.13340226007085, 12.394945541046717], [139.10247664145237, 12.394247733168356], [139.07155102283386, 12.38206827561829], [139.06864013510935, 12.38088165811525], [139.04062540421538, 12.371185259998267], [139.0096997855969, 12.354275257706073], [139.0062233768277, 12.352330967505265], [138.97877416697838, 12.339983016324508], [138.9550699489916, 12.323780276895281], [138.9478485483599, 12.316400440562397], [138.9323515122312, 12.295229586285298], [138.92340101547973, 12.266678895675312], [138.91888748061484, 12.238128205065331], [138.9190945966332, 12.209577514455347], [138.92825232059982, 12.181026823845365], [138.9478485483599, 12.161706219071649], [138.96780517140792, 12.15247613323538], [138.97877416697838, 12.147205773663732], [139.0096997855969, 12.134834122603891], [139.04062540421538, 12.124147360685594], [139.04191927691832, 12.123925442625396], [139.07155102283386, 12.11766227965127]]]}, "properties": {"fillColor": "#FFA500", "fillOpacity": 0.7, "color": "#000000", "weight": 0.2, "stroke": false}}, {"type": "Feature", "geometry": {"type": "Polygon", "coordinates": [[[138.97044462252325, 12.209577514455347], [138.9574444091277, 12.238128205065331], [138.96010845934282, 12.266678895675312], [138.9742820922956, 12.295229586285298], [138.97877416697838, 12.299664362318989], [139.0096997855969, 12.323308738619055], [139.01035096733247, 12.323780276895281], [139.04062540421538, 12.34101655819914], [139.06207957489272, 12.352330967505265], [139.07155102283386, 12.357117274515966], [139.10247664145237, 12.368133046197089], [139.13340226007085, 12.364237463801924], [139.14693171594925, 12.352330967505265], [139.1620831482007, 12.323780276895281], [139.16432787868933, 12.310270294167676], [139.16735156429922, 12.295229586285298], [139.16910172315116, 12.266678895675314], [139.16579581412412, 12.238128205065331], [139.16432787868933, 12.234066332762167], [139.15126940201165, 12.209577514455347], [139.13340226007085, 12.192460219434913], [139.10247664145237, 12.182028664503976], [139.07155102283383, 12.18217834982106], [139.04062540421538, 12.185435596230032], [139.0096997855969, 12.189945046457533], [138.97877416697838, 12.201988018128564], [138.97044462252325, 12.209577514455347]]]}, "properties": {"fillColor": "#FFA500", "fillOpacity": 0.7, "color": "#000000", "weight": 0.2, "stroke": false}}, {"type": "Feature", "geometry": {"type": "Polygon", "coordinates": [[[144.76186484863624, 12.207605908128032], [144.79279046725472, 12.189628848362732], [144.82371608587323, 12.1819351032883], [144.8546417044917, 12.18987626830436], [144.88223100134527, 12.209577514455347], [144.8855673231102, 12.214339740832358], [144.90493616310823, 12.238128205065331], [144.8855673231102, 12.254440544846045], [144.8630815618432, 12.266678895675314], [144.8546417044917, 12.26960124717941], [144.82371608587323, 12.282646263539682], [144.79279046725472, 12.295187506764377], [144.79259904201757, 12.295229586285298], [144.76186484863624, 12.29949647163188], [144.73093923001775, 12.298828116831572], [144.70903132127918, 12.295229586285298], [144.70001361139924, 12.286359662704958], [144.69270752311184, 12.266678895675312], [144.70001361139924, 12.260717549263981], [144.72356109008317, 12.238128205065331], [144.73093923001775, 12.232658222436367], [144.7591293340599, 12.209577514455347], [144.76186484863624, 12.207605908128032]]]}, "properties": {"fillColor": "#FFA500", "fillOpacity": 0.7, "color": "#000000", "weight": 0.2, "stroke": false}}, {"type": "Feature", "geometry": {"type": "Polygon", "coordinates": [[[120.79451041930561, 12.628171649884525], [120.82543603792408, 12.6221735152698], [120.85636165654257, 12.624305533078363], [120.88728727516107, 12.632293026967151], [120.89587279626582, 12.637837873605102], [120.91821289377955, 12.64529156362487], [120.94913851239805, 12.651339900711177], [120.98006413101652, 12.657334222501468], [121.01098974963503, 12.663916124697547], [121.01785900863655, 12.666388564215087], [121.04191536825353, 12.672925061123639], [121.07096172724174, 12.69493925482507], [121.07284098687201, 12.698602096362652], [121.08581994526554, 12.723489945435054], [121.07921450044327, 12.752040636045038], [121.07284098687202, 12.75978548806938], [121.05202617317545, 12.78059132665502], [121.04191536825351, 12.787736034292921], [121.01098974963503, 12.798724645319624], [120.98006413101653, 12.800058263527937], [120.94913851239806, 12.796203106478014], [120.91821289377954, 12.784510819793732], [120.91197966681507, 12.78059132665502], [120.88728727516107, 12.765242977903853], [120.87004107848745, 12.752040636045036], [120.85636165654256, 12.742859792900639], [120.82543603792408, 12.725723848993404], [120.82116990615003, 12.723489945435054], [120.7945104193056, 12.710342962784416], [120.77653041079266, 12.69493925482507], [120.76772026115637, 12.666388564215087], [120.77917996395227, 12.637837873605102], [120.79451041930561, 12.628171649884525]]]}, "properties": {"fillColor": "#FFA500", "fillOpacity": 0.7, "color": "#000000", "weight": 0.2, "stroke": false}}, {"type": "Feature", "geometry": {"type": "Polygon", "coordinates": [[[120.80261735510148, 12.666388564215085], [120.81150474141329, 12.69493925482507], [120.82543603792408, 12.704721716532369], [120.85636165654256, 12.719436121727217], [120.8678141181278, 12.723489945435055], [120.88728727516107, 12.737934370669912], [120.90621211386173, 12.752040636045036], [120.91821289377955, 12.760866038336118], [120.94913851239805, 12.775312566336783], [120.98006413101653, 12.780364159688592], [121.01098974963503, 12.777898994442923], [121.04191536825353, 12.761998379736402], [121.05226452644753, 12.752040636045038], [121.0589548969139, 12.723489945435052], [121.04191536825353, 12.69892163776469], [121.0390996774247, 12.69493925482507], [121.01098974963503, 12.678708309715416], [120.98006413101653, 12.673058450149403], [120.94913851239806, 12.668841950709664], [120.93204817083308, 12.666388564215087], [120.91821289377955, 12.662219596354447], [120.88728727516107, 12.649920213462693], [120.85636165654256, 12.644146672714896], [120.82543603792408, 12.647500520123145], [120.80261735510148, 12.666388564215085]]]}, "properties": {"fillColor": "#FFA500", "fillOpacity": 0.7, "color": "#000000", "weight": 0.2, "stroke": false}}, {"type": "Feature", "geometry": {"type": "Polygon", "coordinates": [[[143.8340962900815, 13.201706647940847], [143.8650219087, 13.205508519866424], [143.87020958441317, 13.208851685804774], [143.89538887753136, 13.237402376414758], [143.89594752731847, 13.244884129279004], [143.89802062770022, 13.265953067024743], [143.89594752731847, 13.269568203324626], [143.8718984176669, 13.294503757634725], [143.8650219087, 13.298009020331758], [143.8340962900815, 13.30031785260596], [143.8207942997667, 13.294503757634725], [143.80317067146302, 13.282800494744684], [143.79181963422263, 13.265953067024743], [143.7913383008061, 13.23740237641476], [143.80317067146302, 13.220214713078054], [143.81883959351933, 13.208851685804774], [143.8340962900815, 13.201706647940847]]]}, "properties": {"fillColor": "#FFA500", "fillOpacity": 0.7, "color": "#000000", "weight": 0.2, "stroke": false}}, {"type": "Feature", "geometry": {"type": "Polygon", "coordinates": [[[143.8316315716711, 13.237402376414758], [143.8336709447389, 13.265953067024743], [143.8340962900815, 13.26627981064441], [143.8358605774753, 13.265953067024743], [143.84287944764037, 13.23740237641476], [143.8340962900815, 13.235421327196878], [143.8316315716711, 13.237402376414758]]]}, "properties": {"fillColor": "#FFA500", "fillOpacity": 0.7, "color": "#000000", "weight": 0.2, "stroke": false}}, {"type": "Feature", "geometry": {"type": "Polygon", "coordinates": [[[148.00905480357784, 14.834281901279665], [148.0399804221963, 14.823078672697964], [148.0709060408148, 14.821154736151984], [148.1018316594333, 14.828769003816276], [148.11354110346863, 14.836241050573843], [148.11447369016983, 14.864791741183828], [148.1018316594333, 14.875732170885891], [148.07423487872103, 14.89334243179381], [148.0709060408148, 14.894770120227925], [148.03998042219632, 14.901825191869346], [148.0090548035778, 14.900313268578799], [147.99133428387347, 14.89334243179381], [147.98144143076792, 14.864791741183828], [148.00588981519263, 14.836241050573843], [148.00905480357784, 14.834281901279665]]]}, "properties": {"fillColor": "#FFA500", "fillOpacity": 0.7, "color": "#000000", "weight": 0.2, "stroke": false}}, {"type": "Feature", "geometry": {"type": "Polygon", "coordinates": [[[145.84426150028344, 15.03047146788603], [145.86581192365531, 15.036095884843728], [145.87518711890192, 15.037966753739546], [145.9061127375204, 15.04256010461834], [145.93703835613888, 15.046636834466295], [145.9679639747574, 15.051358674586378], [145.99888959337588, 15.054535552308963], [146.0298152119944, 15.055881026759774], [146.06074083061287, 15.057307471374704], [146.09166644923135, 15.061241951583538], [146.10436353488728, 15.064646575453715], [146.12259206784984, 15.068409478814191], [146.15351768646835, 15.079894894142805], [146.17542132727232, 15.093197266063697], [146.18444330508683, 15.098098199126147], [146.2153689237053, 15.119138835778388], [146.2189542995992, 15.12174795667368], [146.24629454232382, 15.138757990027635], [146.27176672734504, 15.150298647283664], [146.2772201609423, 15.15197484741891], [146.3081457795608, 15.156328199204607], [146.33907139817927, 15.16577135114294], [146.3557690689188, 15.178849337893647], [146.36999701679778, 15.202361359484703], [146.37253979137975, 15.207400028503631], [146.37324502232684, 15.235950719113614], [146.36999701679778, 15.243442311173887], [146.36354166656122, 15.264501409723598], [146.34374724762523, 15.293052100333583], [146.33907139817927, 15.297912012049053], [146.31617880151515, 15.321602790943565], [146.3081457795608, 15.328372794770349], [146.2772201609423, 15.346676112305316], [146.26375786320136, 15.350153481553551], [146.24629454232382, 15.356465583373343], [146.2153689237053, 15.359806475633112], [146.18444330508683, 15.36134065972681], [146.15351768646835, 15.36542437616544], [146.12259206784984, 15.371686659434488], [146.0926190874558, 15.378704172163532], [146.09166644923133, 15.379087498564068], [146.06074083061287, 15.38882650161558], [146.0298152119944, 15.39220306529117], [145.99888959337588, 15.383652657114308], [145.99174540295388, 15.37870417216353], [145.96928072111646, 15.35015348155355], [145.9679639747574, 15.348419705872779], [145.9413615704704, 15.321602790943565], [145.93703835613888, 15.319782769476635], [145.9061127375204, 15.301774036175665], [145.89510674249743, 15.293052100333583], [145.87518711890192, 15.271914045897494], [145.86893293394405, 15.264501409723596], [145.8538939334862, 15.235950719113614], [145.84771079241838, 15.207400028503631], [145.84450949383037, 15.178849337893647], [145.84426150028344, 15.176690378238298], [145.83902335599927, 15.150298647283664], [145.83178024146576, 15.12174795667368], [145.8231517142455, 15.093197266063697], [145.81578558500146, 15.064646575453713], [145.83196496948756, 15.03609588484373], [145.84426150028344, 15.03047146788603]]]}, "properties": {"fillColor": "#FFA500", "fillOpacity": 0.7, "color": "#000000", "weight": 0.2, "stroke": false}}, {"type": "Feature", "geometry": {"type": "Polygon", "coordinates": [[[145.8738597976546, 15.093197266063697], [145.86736543235, 15.12174795667368], [145.86705587692103, 15.150298647283664], [145.86883128375754, 15.178849337893647], [145.87355095163696, 15.207400028503631], [145.87518711890192, 15.21173617016405], [145.88319260320364, 15.235950719113614], [145.9028649599593, 15.264501409723598], [145.9061127375204, 15.267715429399932], [145.93703835613888, 15.289489162777615], [145.9503599086686, 15.293052100333583], [145.9679639747574, 15.300328657817861], [145.99888959337588, 15.308436582477315], [146.01595120090988, 15.321602790943565], [146.02797534018208, 15.35015348155355], [146.0298152119944, 15.351362615758735], [146.06074083061287, 15.355516142068753], [146.09166644923135, 15.351069948979063], [146.09582740960468, 15.35015348155355], [146.12259206784984, 15.345425611326815], [146.15351768646835, 15.341281876991184], [146.18444330508683, 15.339138089307555], [146.2153689237053, 15.338818247196807], [146.24629454232382, 15.336160046709384], [146.2772201609423, 15.324469794341798], [146.28144537394758, 15.321602790943565], [146.3081457795608, 15.299880747104249], [146.31505000454464, 15.293052100333583], [146.3353469029786, 15.264501409723598], [146.33907139817927, 15.253208624422204], [146.34568236167706, 15.235950719113614], [146.33980730784268, 15.207400028503631], [146.33907139817927, 15.206472731427443], [146.3081457795608, 15.186363656051377], [146.2772201609423, 15.180601918556075], [146.2690215604228, 15.178849337893649], [146.24629454232382, 15.171963447954944], [146.2153689237053, 15.155881823825073], [146.20673139308778, 15.150298647283662], [146.18444330508683, 15.13509181579279], [146.16128357694203, 15.12174795667368], [146.15351768646835, 15.117284775762245], [146.12259206784984, 15.105034875012311], [146.09166644923135, 15.09780398912179], [146.06074083061287, 15.093768947545204], [146.0501354174234, 15.093197266063699], [146.0298152119944, 15.091910706204175], [145.99888959337588, 15.088147755979357], [145.9679639747574, 15.080055872382147], [145.93703835613888, 15.07594725607486], [145.9061127375204, 15.07511030933642], [145.87518711890192, 15.090988659043076], [145.8738597976546, 15.093197266063697]]]}, "properties": {"fillColor": "#FFA500", "fillOpacity": 0.7, "color": "#000000", "weight": 0.2, "stroke": false}}, {"type": "Feature", "geometry": {"type": "Polygon", "coordinates": [[[148.4729390828552, 15.062010161715774], [148.50386470147367, 15.047065331704582], [148.53479032009216, 15.038220813142235], [148.56571593871064, 15.04785603268418], [148.57684054241105, 15.064646575453713], [148.57336101146944, 15.093197266063697], [148.56571593871064, 15.106397814154647], [148.5563592681197, 15.12174795667368], [148.53479032009216, 15.145162542480074], [148.5297459907108, 15.150298647283662], [148.50386470147367, 15.172196711460574], [148.495954744741, 15.178849337893649], [148.4729390828552, 15.196480344620543], [148.45750613497876, 15.207400028503631], [148.44201346423668, 15.218128757531225], [148.4110878456182, 15.234391281275077], [148.4058922749194, 15.235950719113614], [148.3801622269997, 15.244493621754835], [148.3492366083812, 15.244881607504544], [148.3351292631037, 15.235950719113614], [148.32268015656982, 15.207400028503631], [148.32468744148326, 15.178849337893647], [148.33487755082746, 15.150298647283666], [148.3492366083812, 15.138793372285445], [148.36925305995624, 15.12174795667368], [148.3801622269997, 15.115497354036604], [148.4110878456182, 15.09732279347185], [148.4177769536251, 15.093197266063697], [148.44201346423668, 15.07824048433201], [148.46854928378343, 15.064646575453713], [148.4729390828552, 15.062010161715774]]]}, "properties": {"fillColor": "#FFA500", "fillOpacity": 0.7, "color": "#000000", "weight": 0.2, "stroke": false}}, {"type": "Feature", "geometry": {"type": "Polygon", "coordinates": [[[121.50579964753089, 16.025160357587296], [121.53672526614938, 16.022541505402078], [121.55767566691817, 16.03537005619316], [121.56765088476786, 16.058862766203767], [121.56962262609177, 16.06392074680314], [121.56765088476789, 16.072008952675624], [121.54397017985616, 16.092471437413124], [121.53672526614938, 16.09391693672934], [121.53315213603668, 16.092471437413124], [121.50579964753089, 16.081149848234276], [121.48729497444965, 16.06392074680314], [121.48141536955771, 16.03537005619316], [121.50579964753089, 16.025160357587296]]]}, "properties": {"fillColor": "#FFA500", "fillOpacity": 0.7, "color": "#000000", "weight": 0.2, "stroke": false}}, {"type": "Feature", "geometry": {"type": "Polygon", "coordinates": [[[130.1958984793269, 25.61570059110582], [130.22682409794538, 25.609600799453492], [130.2577497165639, 25.612967731112725], [130.28867533518238, 25.620561101696655], [130.3091142033349, 25.628402101147664], [130.31960095380086, 25.632452077134563], [130.35052657241937, 25.64689995338503], [130.36885780854266, 25.65695279175765], [130.38145219103785, 25.664424528368578], [130.41237780965633, 25.684880149980852], [130.41323062017838, 25.685503482367633], [130.44330342827482, 25.706984782127268], [130.4529271850859, 25.71405417297761], [130.47422904689333, 25.728806872941043], [130.49368929959547, 25.7426048635876], [130.5051546655118, 25.750153846276834], [130.53382933951744, 25.771155554197584], [130.53608028413032, 25.77262634167328], [130.5670059027488, 25.79798433976944], [130.56870332182524, 25.799706244807567], [130.59704145983733, 25.82825693541755], [130.5979315213673, 25.829127240896522], [130.6199384259544, 25.856807626027535], [130.62885713998577, 25.87204755871415], [130.63698387899876, 25.885358316637518], [130.6499112828165, 25.9139090072475], [130.65821117647303, 25.942459697857483], [130.65978275860428, 25.952574438580896], [130.66368003089346, 25.97101038846747], [130.66670052593497, 25.99956107907745], [130.67182379706796, 26.028111769687435], [130.68529327161582, 26.05666246029742], [130.69070837722276, 26.062430119926198], [130.71030036088928, 26.085213150907403], [130.72163399584124, 26.095137781403906], [130.7390734484748, 26.113763841517386], [130.75255961445976, 26.127869977055546], [130.7664640695345, 26.142314532127372], [130.78348523307824, 26.1635181713632], [130.79105827600455, 26.170865222737355], [130.81380752989193, 26.199415913347337], [130.81441085169672, 26.20037954000207], [130.84154973607187, 26.22796660395732], [130.8453364703152, 26.232731834718], [130.87626208893371, 26.256075855632243], [130.87707370963497, 26.256517294567306], [130.90718770755217, 26.277320941083293], [130.91627557006038, 26.28506798517729], [130.93811332617068, 26.311430656845474], [130.9396109929729, 26.31361867578727], [130.95036390049478, 26.342169366397258], [130.95279408474562, 26.37072005700724], [130.95078747064395, 26.399270747617223], [130.94623897358107, 26.427821438227205], [130.94076935363842, 26.45637212883719], [130.93811332617068, 26.46808762935648], [130.93389047010317, 26.484922819447174], [130.92533928301592, 26.513473510057157], [130.91522677328328, 26.542024200667147], [130.9071877075522, 26.560929709277357], [130.9028634585042, 26.570574891277126], [130.88803583607844, 26.599125581887108], [130.87626208893371, 26.618014632722403], [130.86992099729713, 26.627676272497094], [130.84813397736139, 26.656226963107077], [130.8453364703152, 26.659545749613958], [130.8219782309348, 26.68477765371706], [130.81441085169672, 26.692363180917678], [130.7905070119063, 26.713328344327042], [130.78348523307824, 26.719357497967597], [130.75255961445976, 26.74186708188008], [130.75254085364807, 26.74187903493703], [130.72163399584124, 26.762285963632497], [130.70689933369925, 26.77042972554701], [130.69070837722276, 26.780034374907295], [130.65978275860428, 26.79544775658908], [130.65191758971594, 26.798980416156994], [130.62885713998577, 26.810096647381783], [130.5979315213673, 26.8228361353541], [130.58550146503816, 26.82753110676698], [130.5670059027488, 26.83502689169361], [130.53608028413032, 26.845861867303277], [130.5051546655118, 26.8553866870156], [130.50267310212175, 26.856081797376962], [130.47422904689333, 26.8644181897726], [130.44330342827482, 26.872476847016753], [130.41237780965633, 26.879992309379936], [130.39169300142902, 26.88463248798694], [130.38145219103785, 26.886834914287622], [130.35052657241937, 26.89214461633336], [130.31960095380086, 26.895867101768815], [130.28867533518238, 26.897875732327044], [130.2577497165639, 26.898107950407766], [130.22682409794538, 26.896607919130858], [130.1958984793269, 26.89356005332996], [130.16497286070842, 26.88929080390035], [130.13655500046536, 26.884632487986945], [130.13404724208993, 26.88404406821762], [130.10312162347142, 26.875897185440728], [130.07219600485297, 26.867400129992014], [130.0412703862345, 26.859052949854792], [130.0303105362398, 26.85608179737696], [130.01034476761595, 26.84984375330667], [129.97941914899747, 26.838026904036195], [129.95326725151173, 26.82753110676698], [129.94849353037898, 26.826041172429694], [129.91756791176047, 26.80784128521644], [129.90435701840318, 26.798980416156994], [129.886642293142, 26.791833175387975], [129.8557166745235, 26.77347337395418], [129.84965175716783, 26.770429725547007], [129.824791055905, 26.763370986938877], [129.7938654372865, 26.75154538305612], [129.77347078100462, 26.74187903493703], [129.76293981866803, 26.738203387105873], [129.73201420004955, 26.72198995676282], [129.71958087312132, 26.713328344327042], [129.70108858143104, 26.702086954666846], [129.6790774507334, 26.684777653717056], [129.67016296281255, 26.67803648734803], [129.6466383570504, 26.656226963107073], [129.63923734419407, 26.649209172648078], [129.61958476186965, 26.62767627249709], [129.60831172557556, 26.61444832843437], [129.5963928778825, 26.599125581887108], [129.57738610695708, 26.572029639960736], [129.5763864949791, 26.570574891277122], [129.56009153148946, 26.542024200667143], [129.5464604883386, 26.517916061709755], [129.54408004619728, 26.513473510057157], [129.53267110130918, 26.484922819447174], [129.5198240605353, 26.45637212883719], [129.5155348697201, 26.44815321918998], [129.5087741066851, 26.427821438227205], [129.5029644292127, 26.399270747617223], [129.50064563263004, 26.37072005700724], [129.50361519315538, 26.34216936639726], [129.5155348697201, 26.32140165489084], [129.52334727324077, 26.342169366397258], [129.53907420861984, 26.37072005700724], [129.5464604883386, 26.379159630027047], [129.55516503657898, 26.399270747617223], [129.5737239879794, 26.427821438227205], [129.57738610695708, 26.43155972695033], [129.59264336581103, 26.45637212883719], [129.60831172557556, 26.473817921547933], [129.61680941546882, 26.484922819447174], [129.63923734419407, 26.50833751638647], [129.6443880019321, 26.513473510057153], [129.67016296281255, 26.535643565034704], [129.67882027259182, 26.542024200667143], [129.70108858143104, 26.556640001874513], [129.72701300327114, 26.570574891277126], [129.73201420004955, 26.573134463636016], [129.76293981866803, 26.58545874354911], [129.7938654372865, 26.596244219654277], [129.80658895773982, 26.599125581887108], [129.824791055905, 26.602126217972774], [129.8557166745235, 26.60049698929899], [129.85890877482154, 26.599125581887108], [129.8557166745235, 26.595229095037702], [129.845738906303, 26.570574891277126], [129.824791055905, 26.548672178769092], [129.82026077695213, 26.542024200667143], [129.79544565887906, 26.513473510057157], [129.7938654372865, 26.511766148490576], [129.77109109113167, 26.484922819447174], [129.76293981866803, 26.474000865470714], [129.74943884012822, 26.45637212883719], [129.7331511272672, 26.427821438227205], [129.73201420004955, 26.42553651438315], [129.71580422686608, 26.399270747617223], [129.70379425312157, 26.37072005700724], [129.70108858143104, 26.361468774791007], [129.69239884094813, 26.342169366397258], [129.68503712779489, 26.31361867578727], [129.68187246245245, 26.28506798517729], [129.68299891838933, 26.256517294567306], [129.68750951504515, 26.22796660395732], [129.69510025443034, 26.199415913347337], [129.70108858143104, 26.183482743821507], [129.70570472311394, 26.170865222737355], [129.71899985894686, 26.142314532127372], [129.73201420004955, 26.121085501952066], [129.737358758085, 26.113763841517386], [129.7604106249377, 26.085213150907403], [129.76293981866803, 26.082405064337287], [129.7915371547828, 26.05666246029742], [129.7938654372865, 26.05464342253591], [129.824791055905, 26.03361969817232], [129.83658150441508, 26.028111769687435], [129.8557166745235, 26.019073734157708], [129.886642293142, 26.011351417770427], [129.91756791176047, 26.004390190134693], [129.94849353037898, 26.000477159739788], [129.96167707644022, 26.028111769687435], [129.94849353037898, 26.045673663711973], [129.94082142456233, 26.05666246029742], [129.93150958568373, 26.085213150907403], [129.92911893509154, 26.113763841517386], [129.92648592379615, 26.142314532127372], [129.92285782466166, 26.170865222737355], [129.92010816590542, 26.199415913347337], [129.92121254277788, 26.22796660395732], [129.9274425805791, 26.256517294567306], [129.938273412607, 26.28506798517729], [129.94849353037898, 26.303744802508106], [129.95694365166693, 26.31361867578727], [129.97941914899747, 26.334628724236673], [129.98966706052312, 26.342169366397254], [130.01034476761595, 26.35267794515171], [130.0412703862345, 26.36328825629149], [130.07219600485294, 26.367887196582757], [130.10312162347142, 26.36537928557381], [130.13404724208993, 26.357601077075834], [130.16497286070842, 26.345848517978915], [130.17263058814802, 26.342169366397258], [130.1958984793269, 26.326337929225097], [130.21336592591936, 26.313618675787275], [130.22682409794538, 26.299693841553953], [130.24013770869328, 26.28506798517729], [130.2577497165639, 26.25912864955858], [130.25886574605698, 26.256517294567306], [130.26875483572533, 26.22796660395732], [130.2767669334045, 26.199415913347334], [130.28213757158125, 26.170865222737355], [130.28454021975207, 26.142314532127372], [130.28402824759095, 26.113763841517386], [130.28032217992728, 26.085213150907407], [130.27285682656373, 26.05666246029742], [130.2638683010907, 26.028111769687435], [130.2577497165639, 26.011942449491883], [130.250060263798, 25.999561079077452], [130.23394601547332, 25.97101038846747], [130.22682409794538, 25.956967217289538], [130.21498032366765, 25.942459697857483], [130.19649968027025, 25.9139090072475], [130.1958984793269, 25.912568929885623], [130.17553755269978, 25.885358316637518], [130.17201248222736, 25.856807626027532], [130.18267272429878, 25.82825693541755], [130.18360618405495, 25.799706244807567], [130.18817644574295, 25.771155554197584], [130.19012902098507, 25.742604863587598], [130.1924457239148, 25.714054172977615], [130.19229432790448, 25.685503482367633], [130.18756137692907, 25.65695279175765], [130.1830904995888, 25.628402101147664], [130.1958984793269, 25.61570059110582]]]}, "properties": {"fillColor": "#FFA500", "fillOpacity": 0.7, "color": "#000000", "weight": 0.2, "stroke": false}}, {"type": "Feature", "geometry": {"type": "Polygon", "coordinates": [[[130.28817332994993, 25.856807626027535], [130.2819721401416, 25.885358316637518], [130.27891847860346, 25.913909007247497], [130.28520824707851, 25.942459697857483], [130.28867533518238, 25.95254186942364], [130.2959541200279, 25.97101038846747], [130.309048376021, 25.999561079077452], [130.31960095380086, 26.026612542860097], [130.32037285973746, 26.028111769687435], [130.3340163424349, 26.05666246029742], [130.3420420587732, 26.085213150907403], [130.34256312854538, 26.113763841517386], [130.33819961314327, 26.142314532127372], [130.33182323514563, 26.170865222737355], [130.32232705155278, 26.199415913347337], [130.31960095380086, 26.204832959694087], [130.31256433626726, 26.22796660395732], [130.30106178528177, 26.256517294567306], [130.28867533518238, 26.28032562972435], [130.286394580356, 26.28506798517729], [130.27174951064762, 26.313618675787268], [130.2577497165639, 26.32955061024622], [130.24475984316527, 26.342169366397258], [130.22682409794538, 26.359486340729642], [130.20508056709573, 26.370720057007244], [130.1958984793269, 26.374082074463796], [130.16497286070842, 26.382582084226343], [130.13404724208993, 26.387849202321863], [130.10312162347142, 26.390286130379643], [130.07219600485294, 26.389745142475356], [130.04127038623446, 26.38506138155829], [130.01034476761595, 26.375690596737947], [129.99995303488282, 26.37072005700724], [129.97941914899747, 26.358800515798826], [129.95748377178774, 26.342169366397258], [129.94849353037898, 26.333796507492217], [129.93246240079642, 26.31361867578727], [129.91756791176047, 26.29059790114284], [129.91502053412634, 26.28506798517729], [129.90656009457857, 26.25651729456731], [129.90101905882347, 26.22796660395732], [129.89761520591736, 26.199415913347337], [129.8953673678073, 26.170865222737355], [129.89163650954853, 26.142314532127372], [129.886642293142, 26.124110649021652], [129.8803923714296, 26.113763841517383], [129.8557166745235, 26.09194767516111], [129.824791055905, 26.099211420954408], [129.80386211337654, 26.113763841517383], [129.7938654372865, 26.12026004424454], [129.77274734459556, 26.142314532127372], [129.76293981866803, 26.155286018809015], [129.7517538740761, 26.170865222737355], [129.7367581762735, 26.199415913347337], [129.73201420004955, 26.214033830803558], [129.7272715939529, 26.22796660395732], [129.72026346475246, 26.256517294567303], [129.71713821763177, 26.28506798517729], [129.71835273429656, 26.31361867578727], [129.7232558250264, 26.342169366397258], [129.73201420004955, 26.365388702367554], [129.73369426859088, 26.37072005700724], [129.7468555807289, 26.399270747617223], [129.76293981866803, 26.425510150981584], [129.76436108020556, 26.427821438227202], [129.78531663380036, 26.45637212883719], [129.7938654372865, 26.466533056416594], [129.81133685006205, 26.484922819447174], [129.824791055905, 26.498850186095137], [129.84163105993952, 26.513473510057157], [129.8557166745235, 26.52589953537216], [129.8794516718319, 26.542024200667143], [129.886642293142, 26.547407539881164], [129.91756791176047, 26.564532960305534], [129.9318974441546, 26.570574891277126], [129.94849353037898, 26.57891211232907], [129.97941914899747, 26.59022739651299], [130.01034476761595, 26.59803787790234], [130.01630379666307, 26.599125581887108], [130.04127038623446, 26.606350843462973], [130.07219600485294, 26.612587318032283], [130.10312162347142, 26.61766537531755], [130.13404724208993, 26.622688520200832], [130.16126653535397, 26.627676272497094], [130.16497286070842, 26.629981719038113], [130.1958984793269, 26.650175559536372], [130.20369783598562, 26.656226963107077], [130.1958984793269, 26.660598079694097], [130.16497286070842, 26.677935802616062], [130.14920743793922, 26.684777653717056], [130.13404724208993, 26.687476990234053], [130.10312162347142, 26.69154505441946], [130.07219600485294, 26.69439582335352], [130.04127038623446, 26.69618376700344], [130.01034476761595, 26.697015991832192], [129.97941914899747, 26.697369049111323], [129.94849353037898, 26.698707793250037], [129.91756791176047, 26.71187309846748], [129.91701579323075, 26.713328344327042], [129.91756791176047, 26.713643167256716], [129.94849353037898, 26.730466859343466], [129.95792034058826, 26.74187903493703], [129.97941914899747, 26.75267521381386], [130.01034476761595, 26.766356787060108], [130.02055232476982, 26.77042972554701], [130.04127038623446, 26.77544070906506], [130.07219600485294, 26.78036543406748], [130.10312162347142, 26.783241788435554], [130.13404724208993, 26.7840311906792], [130.16497286070842, 26.782516547756778], [130.1958984793269, 26.778737405473198], [130.22682409794538, 26.77262176267494], [130.23538777039465, 26.77042972554701], [130.2577497165639, 26.764799680811183], [130.2886753351824, 26.756185439747256], [130.31960095380086, 26.745147017485568], [130.32761332967823, 26.74187903493703], [130.35052657241937, 26.732427998158343], [130.38145219103785, 26.71928727061016], [130.3941460687874, 26.713328344327042], [130.41237780965633, 26.705008324810592], [130.44330342827482, 26.689582317922344], [130.45229382912592, 26.68477765371706], [130.47422904689336, 26.67365764788894], [130.50393493691294, 26.656226963107077], [130.5051546655118, 26.65552449970265], [130.53608028413032, 26.638155517245064], [130.5522470043032, 26.627676272497094], [130.5670059027488, 26.618071105412838], [130.59397943417017, 26.599125581887108], [130.5979315213673, 26.596112612166763], [130.62885713998577, 26.57458979261343], [130.63596349996737, 26.570574891277126], [130.65978275860428, 26.555054087991305], [130.68496067402162, 26.542024200667143], [130.69070837722276, 26.53810956693782], [130.72163399584124, 26.520915563538153], [130.73079745621436, 26.513473510057157], [130.75255961445976, 26.49196337937038], [130.75721645005538, 26.484922819447174], [130.77138985473744, 26.456372128837195], [130.7808127076055, 26.427821438227205], [130.78298546674793, 26.399270747617223], [130.77882731842598, 26.370720057007244], [130.7778825788948, 26.342169366397258], [130.78224853781123, 26.31361867578727], [130.78348523307824, 26.30587500650855], [130.78488421926218, 26.28506798517729], [130.78349399458176, 26.256517294567306], [130.78348523307824, 26.256489874043048], [130.77700402493275, 26.22796660395732], [130.7662591733286, 26.199415913347337], [130.75255961445976, 26.177822028292834], [130.74868859471457, 26.170865222737355], [130.72465622693866, 26.142314532127372], [130.72163399584124, 26.139266164492696], [130.69070837722276, 26.114363733320694], [130.6895464712267, 26.11376384151739], [130.65978275860428, 26.0940482597789], [130.64316054198446, 26.085213150907403], [130.62885713998577, 26.069549024885795], [130.60407756904794, 26.05666246029742], [130.60117391175794, 26.028111769687435], [130.60211844990815, 25.999561079077452], [130.60285068234094, 25.97101038846747], [130.6015179110434, 25.942459697857483], [130.5979315213673, 25.930696684206225], [130.57610947488334, 25.9139090072475], [130.5670059027488, 25.906237545026173], [130.56226762504835, 25.9139090072475], [130.56270671032888, 25.942459697857483], [130.5670059027488, 25.96267041194924], [130.57291810177242, 25.97101038846747], [130.58510179178205, 25.999561079077452], [130.5916299271658, 26.028111769687435], [130.59323446439979, 26.05666246029742], [130.58908917989368, 26.085213150907403], [130.58396089396317, 26.113763841517386], [130.57906906121832, 26.142314532127372], [130.57215998666288, 26.170865222737355], [130.5670059027488, 26.18663137237528], [130.55611251367074, 26.199415913347337], [130.54634904161475, 26.22796660395732], [130.54066927113047, 26.256517294567306], [130.53608028413032, 26.27526316576253], [130.53303955731943, 26.28506798517729], [130.52186231985712, 26.31361867578727], [130.5078658499279, 26.342169366397258], [130.5051546655118, 26.346502416464247], [130.48542537804735, 26.37072005700724], [130.47422904689336, 26.38304672080516], [130.4553170109394, 26.399270747617223], [130.44330342827482, 26.40944788633368], [130.41769217240682, 26.427821438227205], [130.41237780965633, 26.43156736772964], [130.38145219103785, 26.434223722817148], [130.3786618595146, 26.427821438227205], [130.373596995658, 26.39927074761722], [130.35052657241937, 26.38319912651987], [130.32613699525996, 26.37072005700724], [130.3375767394931, 26.342169366397258], [130.34942798581915, 26.313618675787268], [130.35052657241937, 26.311307725740885], [130.36413385477948, 26.28506798517729], [130.37351628585228, 26.256517294567306], [130.38145219103785, 26.228768430633842], [130.38182226906827, 26.22796660395732], [130.3921817514297, 26.199415913347337], [130.40907130669984, 26.170865222737355], [130.41237780965633, 26.168500614226186], [130.42162653230838, 26.170865222737355], [130.44330342827482, 26.175988314233315], [130.47422904689336, 26.19032391034379], [130.5051546655118, 26.195106030447512], [130.52394667785197, 26.170865222737355], [130.5300046488325, 26.142314532127372], [130.53134984153826, 26.113763841517386], [130.52894304484443, 26.085213150907403], [130.5188700683845, 26.05666246029742], [130.5051546655118, 26.04291419767023], [130.4913396287218, 26.028111769687435], [130.4742290468933, 26.009202978733473], [130.466974530315, 25.999561079077452], [130.44917669894008, 25.97101038846747], [130.44330342827482, 25.962477250492647], [130.4301359636739, 25.942459697857487], [130.41237780965633, 25.919187096755945], [130.40751197891342, 25.9139090072475], [130.3820227442882, 25.885358316637518], [130.38145219103785, 25.884719302801106], [130.35082313419537, 25.856807626027535], [130.35052657241937, 25.85653091831802], [130.31960095380086, 25.839385093452446], [130.28867533518238, 25.855246075513676], [130.28817332994993, 25.856807626027535]]]}, "properties": {"fillColor": "#FFA500", "fillOpacity": 0.7, "color": "#000000", "weight": 0.2, "stroke": false}}, {"type": "Feature", "geometry": {"type": "Polygon", "coordinates": [[[118.62971711601121, 25.7137474620329], [118.6303867251198, 25.71405417297761], [118.6606427346297, 25.73028276178207], [118.67027452382561, 25.7426048635876], [118.67256501500626, 25.771155554197584], [118.6606427346297, 25.787901632783434], [118.64740508579627, 25.799706244807567], [118.6297171160112, 25.81159670987172], [118.59879149739272, 25.815391110119688], [118.56786587877423, 25.80615862564329], [118.55984728614902, 25.799706244807567], [118.54345882688678, 25.771155554197584], [118.54846114854894, 25.742604863587598], [118.56786587877423, 25.72445818802108], [118.59879149739272, 25.714439820008277], [118.61625327829793, 25.714054172977615], [118.62971711601121, 25.7137474620329]]]}, "properties": {"fillColor": "#FFA500", "fillOpacity": 0.7, "color": "#000000", "weight": 0.2, "stroke": false}}, {"type": "Feature", "geometry": {"type": "Polygon", "coordinates": [[[129.76293981866803, 25.825429919265417], [129.7938654372865, 25.813711520935342], [129.824791055905, 25.807080523140108], [129.8557166745235, 25.803458195355248], [129.886642293142, 25.801356046310293], [129.91756791176047, 25.79995679081645], [129.94849353037898, 25.800402544733174], [129.97941914899747, 25.806743069850956], [130.01034476761595, 25.824934668192626], [130.014954276175, 25.82825693541755], [130.01034476761595, 25.83126008320766], [129.97941914899747, 25.84855375121882], [129.96374036307253, 25.856807626027532], [129.94849353037898, 25.859928336699987], [129.91756791176047, 25.866371170969828], [129.886642293142, 25.872813449551973], [129.8557166745235, 25.880210337350913], [129.8399415954847, 25.88535831663752], [129.824791055905, 25.890520771978455], [129.7938654372865, 25.901426832738885], [129.76293981866803, 25.912645064977212], [129.75949558708524, 25.9139090072475], [129.73201420004955, 25.92531019836163], [129.70108858143104, 25.937968988674495], [129.68888407642962, 25.942459697857483], [129.67016296281255, 25.950963725243028], [129.63923734419407, 25.950052975737407], [129.63670414962206, 25.94245969785748], [129.63923734419407, 25.937026028662714], [129.64885646194546, 25.9139090072475], [129.67001792270958, 25.885358316637518], [129.67016296281255, 25.885235466601948], [129.70108858143104, 25.860301629286933], [129.70511562362424, 25.856807626027535], [129.73201420004955, 25.841141929647705], [129.75695840726175, 25.82825693541755], [129.76293981866803, 25.825429919265417]]]}, "properties": {"fillColor": "#FFA500", "fillOpacity": 0.7, "color": "#000000", "weight": 0.2, "stroke": false}}, {"type": "Feature", "geometry": {"type": "Polygon", "coordinates": [[[130.8762620889337, 27.024469723813638], [130.9071877075522, 27.020670367886773], [130.90941878179393, 27.027385941036865], [130.9071877075522, 27.030614937163946], [130.88975519058485, 27.055936631646848], [130.87626208893371, 27.07191124994649], [130.86662205940516, 27.08448732225683], [130.8453364703152, 27.106639640163245], [130.84012155507781, 27.113038012866816], [130.81441085169672, 27.13852759645495], [130.81188310603272, 27.1415887034768], [130.78348523307824, 27.167943525720137], [130.78147914628875, 27.17013939408678], [130.75255961445976, 27.193416611236955], [130.74681217295878, 27.198690084696764], [130.72163399584124, 27.215729065912573], [130.70559485288743, 27.22724077530675], [130.69070837722276, 27.23570887935316], [130.65978275860428, 27.252003097666012], [130.65248449651673, 27.255791465916733], [130.62885713998577, 27.26558586297769], [130.5979315213673, 27.27708854685218], [130.57896443403965, 27.284342156526716], [130.5670059027488, 27.288311209337216], [130.53608028413032, 27.296075320486135], [130.5051546655118, 27.302492140951188], [130.47422904689333, 27.30719126276597], [130.45083656467415, 27.284342156526716], [130.47422904689333, 27.26588143485396], [130.48288995715885, 27.255791465916733], [130.5051546655118, 27.2412399355387], [130.52356892391506, 27.227240775306747], [130.53608028413032, 27.2202223288633], [130.5670059027488, 27.20283152566212], [130.5736816128139, 27.198690084696764], [130.5979315213673, 27.186339357219495], [130.62885713998577, 27.170146902837125], [130.62887128557858, 27.17013939408678], [130.65978275860428, 27.15457572602439], [130.6844494530786, 27.1415887034768], [130.69070837722276, 27.13787557727318], [130.72163399584124, 27.121172273454135], [130.73636891554554, 27.113038012866816], [130.75255961445976, 27.102836380944122], [130.78214091053408, 27.08448732225683], [130.78348523307824, 27.083516306556575], [130.81441085169672, 27.0643216690438], [130.82790584829834, 27.055936631646848], [130.8453364703152, 27.044200751808347], [130.872015561985, 27.027385941036865], [130.8762620889337, 27.024469723813638]]]}, "properties": {"fillColor": "#FFA500", "fillOpacity": 0.7, "color": "#000000", "weight": 0.2, "stroke": false}}, {"type": "Feature", "geometry": {"type": "Polygon", "coordinates": [[[114.91864288179227, 6.232679961280811], [114.94956850041076, 6.233538912433367], [114.97762228613078, 6.242483176968763], [114.98049411902926, 6.243382429974508], [115.01141973764774, 6.260379595599931], [115.02952463574418, 6.271033867578748], [115.04234535626624, 6.281871109354951], [115.07327097488472, 6.2940464375696425], [115.10290430732864, 6.299584558188731], [115.10419659350322, 6.299987184189213], [115.13512221212171, 6.302857950535412], [115.1660478307402, 6.313646891982303], [115.17570764701466, 6.328135248798715], [115.17644235153938, 6.356685939408698], [115.17493915293062, 6.385236630018682], [115.1660478307402, 6.407795364299784], [115.16407948084559, 6.413787320628666], [115.14722629542194, 6.442338011238649], [115.13512221212171, 6.456925712347754], [115.12440432305189, 6.470888701848633], [115.10419659350322, 6.491865683732723], [115.09646103578733, 6.4994393924586165], [115.07327097488474, 6.519426635497936], [115.06051910229115, 6.5279900830686], [115.04234535626625, 6.539835793268056], [115.01141973764774, 6.5548340126966655], [115.00892103876602, 6.556540773678584], [114.98049411902926, 6.576580364474749], [114.97212091069792, 6.585091464288567], [114.94956850041078, 6.609243150691496], [114.94422935665509, 6.613642154898551], [114.91864288179227, 6.633510840000241], [114.88771726317378, 6.640832320665881], [114.8735428795876, 6.642192845508535], [114.85679164455529, 6.643995212358455], [114.8258660259368, 6.645594203785803], [114.79494040731831, 6.648061697113407], [114.76401478869981, 6.652209573439034], [114.73308917008134, 6.6625559986266145], [114.70216355146283, 6.655084556070471], [114.69271444599165, 6.642192845508534], [114.68607639989006, 6.613642154898551], [114.68976368101087, 6.585091464288567], [114.70216355146283, 6.557234322275154], [114.70252912288285, 6.556540773678584], [114.719430719652, 6.5279900830686], [114.73308917008133, 6.507154702926751], [114.73949923070671, 6.4994393924586165], [114.76401478869981, 6.471425711846914], [114.76458489085795, 6.470888701848633], [114.78671498206623, 6.442338011238649], [114.79494040731831, 6.416492745433214], [114.79576672643648, 6.413787320628666], [114.80518564969304, 6.385236630018682], [114.82202484772247, 6.356685939408699], [114.82586602593682, 6.3503971208491485], [114.83448091375419, 6.328135248798715], [114.84492941320383, 6.29958455818873], [114.85679164455529, 6.279410815642766], [114.86122226047436, 6.271033867578748], [114.88771726317378, 6.2446708224136565], [114.89275333501686, 6.242483176968763], [114.91864288179227, 6.232679961280811]]]}, "properties": {"fillColor": "#FF0000", "fillOpacity": 0.7, "color": "#000000", "weight": 0.2, "stroke": false}}, {"type": "Feature", "geometry": {"type": "Polygon", "coordinates": [[[114.54753545837038, 7.035510988780813], [114.57846107698887, 7.016977523220541], [114.60938669560736, 7.025927721421144], [114.63353736073705, 7.0419025140483065], [114.64031231422585, 7.045492117139781], [114.67123793284435, 7.058792986095605], [114.6797273417767, 7.07045320465829], [114.6964083298425, 7.0990038952682735], [114.70216355146285, 7.123180426566815], [114.7032096008562, 7.127554585878257], [114.70216355146283, 7.147622635571068], [114.70191429966846, 7.1561052764882405], [114.69557808253816, 7.184655967098225], [114.68735573701863, 7.2132066577082075], [114.67123793284435, 7.2365286295789915], [114.65658387622759, 7.241757348318192], [114.64031231422585, 7.246016681456651], [114.63044785550349, 7.241757348318192], [114.60938669560736, 7.235141963322841], [114.58266327419705, 7.2132066577082075], [114.57846107698887, 7.209494280919859], [114.55414903359613, 7.184655967098225], [114.54753545837039, 7.176279675872696], [114.53112191383394, 7.1561052764882405], [114.51660983975188, 7.127969453958956], [114.51634572298522, 7.127554585878257], [114.50674357136114, 7.099003895268273], [114.50846730385494, 7.070453204658289], [114.51660983975188, 7.053536866683883], [114.53612178853348, 7.0419025140483065], [114.54753545837038, 7.035510988780813]]]}, "properties": {"fillColor": "#FF0000", "fillOpacity": 0.7, "color": "#000000", "weight": 0.2, "stroke": false}}, {"type": "Feature", "geometry": {"type": "Polygon", "coordinates": [[[133.62864214597943, 10.338087395279398], [133.6595677645979, 10.33471616591805], [133.6904933832164, 10.353232932068408], [133.69101647293, 10.35378262480641], [133.69732062517414, 10.382333315416393], [133.6904933832164, 10.394118238374055], [133.6677160364057, 10.410884006026377], [133.6595677645979, 10.413876646437085], [133.642804496662, 10.410884006026377], [133.62864214597943, 10.407618934273387], [133.60584798997934, 10.382333315416393], [133.60969492206553, 10.35378262480641], [133.62864214597943, 10.338087395279398]]]}, "properties": {"fillColor": "#FF0000", "fillOpacity": 0.7, "color": "#000000", "weight": 0.2, "stroke": false}}, {"type": "Feature", "geometry": {"type": "Polygon", "coordinates": [[[138.32933617599008, 10.63526346823434], [138.36026179460856, 10.627340612507027], [138.3835592565411, 10.639289530906247], [138.39118741322704, 10.642051883643623], [138.42211303184556, 10.64887367290575], [138.45303865046404, 10.651615143414466], [138.48396426908255, 10.655985032624798], [138.51488988770103, 10.6668077051538], [138.5164510401831, 10.667840221516231], [138.5458155063195, 10.693491648906614], [138.5479907525723, 10.696390912126214], [138.55232459076535, 10.724941602736198], [138.5458155063195, 10.73536748794871], [138.5240029705834, 10.75349229334618], [138.51488988770103, 10.757402140831145], [138.48396426908255, 10.76563490400736], [138.45303865046404, 10.772567217562216], [138.42211303184556, 10.77916142215961], [138.40586271925702, 10.782042983956163], [138.39118741322704, 10.785730206172715], [138.36026179460856, 10.789296012785027], [138.32933617599008, 10.784207419605316], [138.32486864041516, 10.782042983956165], [138.2984105573716, 10.772400242006952], [138.27551720812895, 10.75349229334618], [138.26748493875309, 10.740867312799436], [138.25739051316447, 10.724941602736198], [138.2585536937534, 10.696390912126214], [138.26748493875309, 10.681817803597959], [138.27854700788623, 10.66784022151623], [138.2984105573716, 10.649886273074529], [138.32297465215422, 10.639289530906247], [138.32933617599008, 10.63526346823434]]]}, "properties": {"fillColor": "#FF0000", "fillOpacity": 0.7, "color": "#000000", "weight": 0.2, "stroke": false}}, {"type": "Feature", "geometry": {"type": "Polygon", "coordinates": [[[143.71039381560755, 10.682602156022629], [143.74131943422603, 10.675585800739455], [143.7722450528445, 10.675953579473074], [143.80317067146302, 10.680742835433264], [143.8340962900815, 10.687235836299791], [143.8650219087, 10.695354585893876], [143.86828179832273, 10.696390912126214], [143.89594752731847, 10.704217638026309], [143.926873145937, 10.717524302844534], [143.94114458027326, 10.724941602736198], [143.95779876455546, 10.735256532942097], [143.98211105833494, 10.75349229334618], [143.98872438317397, 10.763587476685135], [144.00132148277885, 10.782042983956163], [144.00799038461702, 10.81059367456615], [144.00620592587566, 10.839144365176132], [143.98872438317397, 10.865004739762014], [143.9835667638384, 10.867695055786115], [143.95779876455546, 10.874154704148093], [143.926873145937, 10.872400202795767], [143.9070957054904, 10.867695055786115], [143.89594752731847, 10.865347542281173], [143.8650219087, 10.857040666580717], [143.8386855018568, 10.839144365176132], [143.8340962900815, 10.836805043390891], [143.8041199551366, 10.81059367456615], [143.80317067146302, 10.81019410438177], [143.7722450528445, 10.794231470030198], [143.75683051427063, 10.782042983956163], [143.74131943422603, 10.775465005863314], [143.71039381560755, 10.75585105894972], [143.70629234241443, 10.75349229334618], [143.67946819698903, 10.729263462966651], [143.67657609769344, 10.724941602736198], [143.67946819698903, 10.716419951179883], [143.68948447687566, 10.696390912126214], [143.71039381560755, 10.682602156022629]]]}, "properties": {"fillColor": "#FF0000", "fillOpacity": 0.7, "color": "#000000", "weight": 0.2, "stroke": false}}, {"type": "Feature", "geometry": {"type": "Polygon", "coordinates": [[[134.7419644162451, 11.174117437637344], [134.77289003486356, 11.178361226918847], [134.7781667517609, 11.181752652495936], [134.80307662905557, 11.21030334310592], [134.80381565348208, 11.211226335385637], [134.8178712897923, 11.238854033715903], [134.82114633764138, 11.267404724325885], [134.80702593502687, 11.295955414935872], [134.80381565348208, 11.301638705442103], [134.79176540977576, 11.324506105545854], [134.7728900348636, 11.342650712257988], [134.7419644162451, 11.346716089731835], [134.7110387976266, 11.330600548007732], [134.70455193543427, 11.324506105545854], [134.6854328933687, 11.295955414935872], [134.68065405556024, 11.267404724325885], [134.68231384662326, 11.238854033715903], [134.6884117304688, 11.21030334310592], [134.7110387976266, 11.186234921639436], [134.72719799142442, 11.181752652495936], [134.7419644162451, 11.174117437637344]]]}, "properties": {"fillColor": "#FF0000", "fillOpacity": 0.7, "color": "#000000", "weight": 0.2, "stroke": false}}, {"type": "Feature", "geometry": {"type": "Polygon", "coordinates": [[[135.4532536444704, 11.523969713055791], [135.45516970777805, 11.52436093981574], [135.4841792630889, 11.530212478603467], [135.50549052190834, 11.552911630425722], [135.51510488170737, 11.561356320862018], [135.5286207889738, 11.581462321035707], [135.53619535346937, 11.610013011645691], [135.53150359961901, 11.638563702255674], [135.51510488170737, 11.66424226663029], [135.5079555634161, 11.667114392865658], [135.4841792630889, 11.673979087526504], [135.45940731351118, 11.667114392865658], [135.4532536444704, 11.664731975734846], [135.4223280258519, 11.640740590506226], [135.41858763923454, 11.638563702255674], [135.40108157020174, 11.610013011645691], [135.4181524243405, 11.581462321035707], [135.4223280258519, 11.575338121555165], [135.4360441784272, 11.552911630425722], [135.4529655781575, 11.52436093981574], [135.4532536444704, 11.523969713055791]]]}, "properties": {"fillColor": "#FF0000", "fillOpacity": 0.7, "color": "#000000", "weight": 0.2, "stroke": false}}, {"type": "Feature", "geometry": {"type": "Polygon", "coordinates": [[[148.4110878456182, 11.66239442426269], [148.41360737083087, 11.667114392865658], [148.4110878456182, 11.669127179924494], [148.40535448198386, 11.667114392865658], [148.4110878456182, 11.66239442426269]]]}, "properties": {"fillColor": "#FF0000", "fillOpacity": 0.7, "color": "#000000", "weight": 0.2, "stroke": false}}, {"type": "Feature", "geometry": {"type": "Polygon", "coordinates": [[[147.94720356634082, 11.720756658072194], [147.9781291849593, 11.718661853407653], [148.0090548035778, 11.718505460944117], [148.0399804221963, 11.718302246536243], [148.07090604081478, 11.72067153812744], [148.08072539377787, 11.724215774085625], [148.1018316594333, 11.735524705010228], [148.11332440226312, 11.752766464695608], [148.13162036501703, 11.781317155305594], [148.13275727805177, 11.784796865055531], [148.1440353104472, 11.809867845915576], [148.1512260580393, 11.838418536525559], [148.16077599684584, 11.866969227135543], [148.15649847786295, 11.895519917745528], [148.13275727805177, 11.916457081812254], [148.12388040852187, 11.92407060835551], [148.1018316594333, 11.936117065034907], [148.0709060408148, 11.950121488923], [148.06379854365244, 11.952621298965495], [148.0399804221963, 11.961486465205335], [148.0090548035778, 11.971903216715361], [147.9781291849593, 11.981087524606338], [147.9775442206428, 11.98117198957548], [147.94720356634082, 11.984684551182749], [147.91627794772234, 11.985602277648008], [147.90280634500235, 11.98117198957548], [147.88535232910385, 11.954933779985458], [147.8847282758771, 11.952621298965495], [147.88355484491848, 11.92407060835551], [147.87918091358043, 11.895519917745528], [147.8558123344182, 11.866969227135543], [147.85442671048537, 11.866253579285702], [147.82397287229753, 11.838418536525559], [147.82350109186686, 11.837487619360216], [147.81190978419488, 11.809867845915576], [147.81394504660392, 11.781317155305592], [147.82350109186686, 11.763183204439162], [147.83273901546238, 11.752766464695608], [147.85442671048537, 11.738882810345148], [147.88535232910385, 11.730347686584345], [147.91627794772234, 11.72510790808349], [147.92398293724202, 11.724215774085625], [147.94720356634082, 11.720756658072194]]]}, "properties": {"fillColor": "#FF0000", "fillOpacity": 0.7, "color": "#000000", "weight": 0.2, "stroke": false}}, {"type": "Feature", "geometry": {"type": "Polygon", "coordinates": [[[141.20541870750975, 11.80730843808351], [141.23634432612823, 11.80151227041269], [141.26726994474674, 11.802480244165675], [141.29613175214814, 11.809867845915576], [141.29819556336523, 11.810239308903114], [141.3291211819837, 11.819790010114936], [141.36004680060222, 11.833306443634411], [141.36902961244678, 11.83841853652556], [141.3909724192207, 11.853649979565724], [141.40770915402658, 11.866969227135543], [141.4115626875967, 11.895519917745528], [141.39239413681943, 11.92407060835551], [141.3909724192207, 11.925074484501451], [141.36004680060222, 11.939558926850935], [141.3291211819837, 11.944009089162064], [141.29819556336523, 11.942442055149183], [141.26726994474674, 11.9338972081961], [141.2461856584527, 11.92407060835551], [141.23634432612823, 11.918037763981705], [141.20541870750975, 11.898868521080294], [141.19915399320058, 11.895519917745528], [141.17449308889127, 11.87381336322133], [141.16693031297282, 11.866969227135543], [141.1635656837278, 11.838418536525559], [141.17449308889127, 11.82793010556108], [141.19868751582428, 11.809867845915576], [141.20541870750975, 11.80730843808351]]]}, "properties": {"fillColor": "#FF0000", "fillOpacity": 0.7, "color": "#000000", "weight": 0.2, "stroke": false}}, {"type": "Feature", "geometry": {"type": "Polygon", "coordinates": [[[138.97877416697838, 12.201988018128564], [139.0096997855969, 12.189945046457533], [139.04062540421538, 12.185435596230032], [139.07155102283386, 12.18217834982106], [139.10247664145237, 12.182028664503978], [139.13340226007085, 12.192460219434915], [139.15126940201162, 12.209577514455347], [139.16432787868933, 12.234066332762167], [139.16579581412412, 12.238128205065331], [139.16910172315116, 12.266678895675314], [139.16735156429922, 12.295229586285298], [139.16432787868933, 12.310270294167676], [139.1620831482007, 12.323780276895281], [139.14693171594928, 12.352330967505267], [139.13340226007085, 12.364237463801924], [139.10247664145237, 12.368133046197089], [139.07155102283386, 12.357117274515964], [139.06207957489275, 12.352330967505265], [139.04062540421538, 12.341016558199142], [139.01035096733247, 12.323780276895281], [139.0096997855969, 12.323308738619055], [138.97877416697838, 12.299664362318989], [138.9742820922956, 12.295229586285298], [138.96010845934282, 12.266678895675314], [138.95744440912773, 12.238128205065333], [138.97044462252325, 12.209577514455347], [138.97877416697838, 12.201988018128564]]]}, "properties": {"fillColor": "#FF0000", "fillOpacity": 0.7, "color": "#000000", "weight": 0.2, "stroke": false}}, {"type": "Feature", "geometry": {"type": "Polygon", "coordinates": [[[120.82543603792408, 12.647500520123145], [120.85636165654257, 12.644146672714896], [120.88728727516107, 12.649920213462693], [120.91821289377955, 12.662219596354447], [120.93204817083308, 12.666388564215087], [120.94913851239805, 12.668841950709663], [120.98006413101653, 12.673058450149403], [121.01098974963503, 12.678708309715418], [121.0390996774247, 12.69493925482507], [121.04191536825351, 12.69892163776469], [121.05895489691392, 12.723489945435054], [121.05226452644753, 12.752040636045038], [121.04191536825351, 12.7619983797364], [121.01098974963503, 12.777898994442925], [120.98006413101653, 12.780364159688592], [120.94913851239806, 12.775312566336783], [120.91821289377955, 12.760866038336118], [120.90621211386173, 12.752040636045038], [120.88728727516107, 12.737934370669912], [120.8678141181278, 12.723489945435055], [120.85636165654256, 12.719436121727217], [120.82543603792408, 12.704721716532369], [120.81150474141329, 12.69493925482507], [120.80261735510149, 12.666388564215087], [120.82543603792408, 12.647500520123145]]]}, "properties": {"fillColor": "#FF0000", "fillOpacity": 0.7, "color": "#000000", "weight": 0.2, "stroke": false}}, {"type": "Feature", "geometry": {"type": "Polygon", "coordinates": [[[143.8340962900815, 13.235421327196878], [143.84287944764037, 13.23740237641476], [143.8358605774753, 13.265953067024743], [143.8340962900815, 13.26627981064441], [143.8336709447389, 13.265953067024743], [143.8316315716711, 13.237402376414758], [143.8340962900815, 13.235421327196878]]]}, "properties": {"fillColor": "#FF0000", "fillOpacity": 0.7, "color": "#000000", "weight": 0.2, "stroke": false}}, {"type": "Feature", "geometry": {"type": "Polygon", "coordinates": [[[145.87518711890192, 15.090988659043077], [145.9061127375204, 15.07511030933642], [145.93703835613888, 15.07594725607486], [145.9679639747574, 15.080055872382145], [145.99888959337588, 15.088147755979357], [146.0298152119944, 15.091910706204175], [146.0501354174234, 15.093197266063697], [146.06074083061287, 15.093768947545204], [146.09166644923135, 15.097803989121788], [146.12259206784984, 15.105034875012311], [146.15351768646835, 15.117284775762247], [146.16128357694203, 15.12174795667368], [146.18444330508683, 15.13509181579279], [146.20673139308778, 15.150298647283662], [146.2153689237053, 15.155881823825073], [146.24629454232382, 15.171963447954944], [146.2690215604228, 15.178849337893647], [146.2772201609423, 15.180601918556075], [146.3081457795608, 15.186363656051377], [146.3390713981793, 15.206472731427443], [146.33980730784265, 15.20740002850363], [146.3456823616771, 15.235950719113614], [146.33907139817927, 15.253208624422204], [146.3353469029786, 15.264501409723598], [146.31505000454464, 15.293052100333583], [146.3081457795608, 15.29988074710425], [146.28144537394758, 15.321602790943565], [146.2772201609423, 15.324469794341798], [146.24629454232382, 15.336160046709384], [146.2153689237053, 15.338818247196807], [146.18444330508683, 15.339138089307555], [146.15351768646835, 15.341281876991182], [146.12259206784984, 15.345425611326815], [146.09582740960468, 15.35015348155355], [146.09166644923135, 15.351069948979063], [146.06074083061287, 15.355516142068753], [146.0298152119944, 15.351362615758735], [146.02797534018208, 15.350153481553551], [146.01595120090988, 15.321602790943563], [145.99888959337588, 15.308436582477315], [145.9679639747574, 15.300328657817861], [145.9503599086686, 15.293052100333583], [145.93703835613888, 15.289489162777615], [145.9061127375204, 15.267715429399932], [145.9028649599593, 15.264501409723598], [145.88319260320364, 15.235950719113614], [145.87518711890192, 15.21173617016405], [145.87355095163696, 15.20740002850363], [145.86883128375754, 15.178849337893647], [145.86705587692103, 15.150298647283662], [145.86736543235003, 15.121747956673682], [145.8738597976546, 15.093197266063699], [145.87518711890192, 15.090988659043077]]]}, "properties": {"fillColor": "#FF0000", "fillOpacity": 0.7, "color": "#000000", "weight": 0.2, "stroke": false}}, {"type": "Feature", "geometry": {"type": "Polygon", "coordinates": [[[130.28867533518238, 25.855246075513673], [130.31960095380086, 25.83938509345245], [130.35052657241934, 25.856530918318015], [130.35082313419537, 25.856807626027532], [130.38145219103785, 25.884719302801106], [130.3820227442882, 25.885358316637518], [130.40751197891342, 25.913909007247504], [130.41237780965633, 25.919187096755945], [130.4301359636739, 25.942459697857483], [130.44330342827482, 25.962477250492647], [130.44917669894008, 25.97101038846747], [130.466974530315, 25.999561079077452], [130.47422904689333, 26.009202978733477], [130.4913396287218, 26.028111769687435], [130.5051546655118, 26.04291419767023], [130.5188700683845, 26.056662460297424], [130.52894304484443, 26.085213150907403], [130.53134984153826, 26.113763841517386], [130.53000464883252, 26.142314532127372], [130.52394667785197, 26.170865222737355], [130.5051546655118, 26.195106030447512], [130.47422904689333, 26.190323910343785], [130.44330342827482, 26.175988314233315], [130.42162653230838, 26.170865222737355], [130.41237780965633, 26.168500614226186], [130.40907130669987, 26.170865222737355], [130.3921817514297, 26.199415913347337], [130.38182226906827, 26.22796660395732], [130.38145219103785, 26.228768430633842], [130.37351628585228, 26.256517294567306], [130.36413385477948, 26.28506798517729], [130.35052657241937, 26.311307725740885], [130.34942798581915, 26.31361867578727], [130.33757673949307, 26.342169366397258], [130.32613699525996, 26.37072005700724], [130.35052657241937, 26.38319912651987], [130.373596995658, 26.399270747617223], [130.3786618595146, 26.427821438227205], [130.38145219103785, 26.434223722817148], [130.41237780965633, 26.43156736772964], [130.41769217240684, 26.427821438227205], [130.44330342827482, 26.40944788633368], [130.4553170109394, 26.399270747617223], [130.47422904689333, 26.383046720805158], [130.48542537804735, 26.37072005700724], [130.5051546655118, 26.346502416464247], [130.5078658499279, 26.342169366397258], [130.52186231985712, 26.31361867578727], [130.53303955731943, 26.28506798517729], [130.53608028413032, 26.27526316576253], [130.54066927113047, 26.256517294567306], [130.54634904161475, 26.22796660395732], [130.55611251367074, 26.199415913347337], [130.5670059027488, 26.18663137237528], [130.57215998666288, 26.170865222737355], [130.57906906121832, 26.142314532127372], [130.58396089396317, 26.113763841517386], [130.58908917989368, 26.0852131509074], [130.59323446439979, 26.05666246029742], [130.5916299271658, 26.02811176968744], [130.58510179178205, 25.999561079077452], [130.57291810177242, 25.97101038846747], [130.5670059027488, 25.96267041194924], [130.56270671032888, 25.942459697857483], [130.56226762504835, 25.9139090072475], [130.5670059027488, 25.906237545026173], [130.57610947488334, 25.9139090072475], [130.5979315213673, 25.93069668420623], [130.6015179110434, 25.94245969785748], [130.60285068234094, 25.97101038846747], [130.60211844990815, 25.999561079077452], [130.60117391175794, 26.028111769687435], [130.60407756904794, 26.05666246029742], [130.62885713998577, 26.069549024885795], [130.64316054198446, 26.085213150907403], [130.65978275860428, 26.0940482597789], [130.6895464712267, 26.113763841517386], [130.69070837722276, 26.114363733320694], [130.72163399584124, 26.139266164492696], [130.72465622693863, 26.142314532127372], [130.74868859471457, 26.170865222737355], [130.75255961445976, 26.177822028292834], [130.7662591733286, 26.199415913347337], [130.77700402493278, 26.22796660395732], [130.78348523307824, 26.256489874043048], [130.78349399458176, 26.256517294567306], [130.7848842192622, 26.285067985177292], [130.78348523307824, 26.30587500650855], [130.78224853781123, 26.31361867578727], [130.7778825788948, 26.342169366397258], [130.77882731842595, 26.37072005700724], [130.78298546674793, 26.399270747617223], [130.7808127076055, 26.427821438227205], [130.77138985473744, 26.45637212883719], [130.75721645005538, 26.484922819447174], [130.75255961445976, 26.491963379370375], [130.73079745621436, 26.513473510057157], [130.72163399584124, 26.520915563538153], [130.69070837722276, 26.53810956693782], [130.68496067402162, 26.542024200667143], [130.65978275860428, 26.555054087991305], [130.63596349996737, 26.570574891277126], [130.62885713998577, 26.57458979261343], [130.5979315213673, 26.596112612166767], [130.59397943417017, 26.599125581887108], [130.5670059027488, 26.618071105412838], [130.5522470043032, 26.627676272497094], [130.53608028413032, 26.638155517245064], [130.5051546655118, 26.655524499702647], [130.50393493691294, 26.656226963107077], [130.47422904689333, 26.673657647888938], [130.45229382912592, 26.68477765371706], [130.44330342827482, 26.689582317922344], [130.41237780965633, 26.705008324810592], [130.3941460687874, 26.713328344327046], [130.38145219103785, 26.71928727061016], [130.35052657241937, 26.732427998158343], [130.32761332967823, 26.74187903493703], [130.31960095380086, 26.745147017485568], [130.28867533518238, 26.756185439747256], [130.2577497165639, 26.764799680811183], [130.23538777039465, 26.77042972554701], [130.22682409794538, 26.77262176267494], [130.1958984793269, 26.778737405473198], [130.16497286070842, 26.782516547756778], [130.13404724208993, 26.7840311906792], [130.10312162347142, 26.783241788435554], [130.07219600485294, 26.780365434067477], [130.04127038623446, 26.775440709065062], [130.02055232476982, 26.77042972554701], [130.01034476761595, 26.76635678706011], [129.97941914899747, 26.752675213813855], [129.95792034058826, 26.74187903493703], [129.94849353037898, 26.730466859343466], [129.9175679117605, 26.713643167256716], [129.91701579323075, 26.71332834432704], [129.91756791176047, 26.71187309846748], [129.94849353037898, 26.698707793250037], [129.97941914899747, 26.697369049111323], [130.01034476761595, 26.697015991832192], [130.04127038623446, 26.69618376700344], [130.07219600485294, 26.69439582335352], [130.10312162347142, 26.691545054419457], [130.13404724208993, 26.687476990234053], [130.14920743793922, 26.68477765371706], [130.16497286070842, 26.677935802616062], [130.1958984793269, 26.660598079694097], [130.20369783598562, 26.656226963107077], [130.1958984793269, 26.650175559536372], [130.16497286070842, 26.629981719038113], [130.16126653535397, 26.627676272497098], [130.13404724208993, 26.622688520200832], [130.10312162347142, 26.61766537531755], [130.07219600485294, 26.612587318032283], [130.04127038623446, 26.606350843462973], [130.01630379666307, 26.599125581887108], [130.01034476761595, 26.59803787790234], [129.97941914899747, 26.59022739651299], [129.94849353037898, 26.57891211232907], [129.93189744415463, 26.570574891277126], [129.91756791176047, 26.564532960305534], [129.886642293142, 26.547407539881164], [129.87945167183193, 26.542024200667143], [129.8557166745235, 26.52589953537216], [129.84163105993952, 26.513473510057157], [129.824791055905, 26.498850186095133], [129.81133685006205, 26.484922819447174], [129.7938654372865, 26.466533056416594], [129.78531663380036, 26.45637212883719], [129.76436108020556, 26.427821438227205], [129.76293981866803, 26.425510150981584], [129.7468555807289, 26.399270747617223], [129.73369426859088, 26.37072005700724], [129.73201420004955, 26.36538870236755], [129.7232558250264, 26.34216936639726], [129.71835273429656, 26.313618675787275], [129.71713821763177, 26.28506798517729], [129.72026346475246, 26.256517294567303], [129.7272715939529, 26.22796660395732], [129.73201420004955, 26.21403383080356], [129.7367581762735, 26.199415913347337], [129.75175387407612, 26.170865222737355], [129.76293981866803, 26.155286018809015], [129.7727473445956, 26.142314532127372], [129.7938654372865, 26.120260044244542], [129.80386211337657, 26.113763841517386], [129.824791055905, 26.099211420954408], [129.8557166745235, 26.09194767516111], [129.8803923714296, 26.113763841517386], [129.886642293142, 26.124110649021652], [129.89163650954853, 26.142314532127372], [129.89536736780727, 26.170865222737355], [129.89761520591736, 26.199415913347337], [129.90101905882347, 26.22796660395732], [129.90656009457854, 26.256517294567303], [129.91502053412634, 26.28506798517729], [129.91756791176047, 26.29059790114284], [129.93246240079642, 26.31361867578727], [129.94849353037898, 26.333796507492217], [129.95748377178774, 26.342169366397258], [129.97941914899747, 26.358800515798826], [129.99995303488282, 26.37072005700724], [130.01034476761595, 26.375690596737947], [130.04127038623443, 26.385061381558288], [130.07219600485294, 26.389745142475356], [130.10312162347142, 26.390286130379646], [130.13404724208993, 26.38784920232186], [130.16497286070842, 26.382582084226343], [130.1958984793269, 26.374082074463796], [130.2050805670957, 26.37072005700724], [130.22682409794538, 26.359486340729642], [130.24475984316527, 26.342169366397258], [130.2577497165639, 26.329550610246223], [130.27174951064762, 26.31361867578727], [130.286394580356, 26.285067985177285], [130.28867533518238, 26.280325629724352], [130.30106178528175, 26.256517294567306], [130.31256433626726, 26.22796660395732], [130.31960095380086, 26.204832959694087], [130.32232705155278, 26.199415913347337], [130.33182323514563, 26.170865222737355], [130.33819961314327, 26.142314532127372], [130.34256312854538, 26.113763841517386], [130.3420420587732, 26.085213150907403], [130.3340163424349, 26.05666246029742], [130.32037285973746, 26.028111769687435], [130.31960095380086, 26.0266125428601], [130.309048376021, 25.99956107907745], [130.2959541200279, 25.97101038846747], [130.28867533518238, 25.95254186942364], [130.28520824707851, 25.942459697857483], [130.27891847860346, 25.913909007247497], [130.2819721401416, 25.885358316637518], [130.28817332994993, 25.85680762602754], [130.28867533518238, 25.855246075513673]]]}, "properties": {"fillColor": "#FF0000", "fillOpacity": 0.7, "color": "#000000", "weight": 0.2, "stroke": false}}]}